Time,marker
13.363506200024858,1.0
19.096223999978974,0.0
30.069134999997914,1.0
35.804967499978375,0.0
52.49930059997132,1.0
58.23219120001886,0.0
