Time, Ch01, Ch02, Ch03, Ch04, Ch05, Ch06, Ch07, Ch08
0,-200000,-0.0025619759690016508,6.5637204897939228e-06,1.3127439046911604e-07,-0.3608245849609375,1889.740234375,2.6507449150085449,0
0.004,-200000,-0.0378279909491539,0.0014309569960460067,2.8750413548550569e-05,-0.36079511046409607,770672.8125,18.610076904296875,0
0.008,-200000,-0.27583113312721252,0.076082810759544373,0.0015504067996516824,-0.35922637581825256,1955697,62.594837188720703,0
0.012,-200000,-1.3333801031112671,1.777902364730835,0.037108451128005981,-0.32256859540939331,27445206,137.72895812988281,0
0.016,-200000,-4.8395719528198242,23.421457290649414,0.50553768873214722,0.16034810245037079,27445206,227.42301940917969,0
0.02,-200000,-14.154647827148438,200.35404968261719,4.5126180648803711,4.2913589477539062,27445206,303.18695068359375,0
0.024,-200000,-34.9345703125,1220.4241943359375,28.921102523803711,29.454742431640625,27445206,340.21054077148438,0
0.028,-200000,-75.162353515625,5649.37890625,141.90866088867188,145.93673706054688,27445206,332.17691040039062,0
0.032,-200000,-144.4140625,20855.421875,559.01708984375,575.94549560546875,27445206,293.8701171875,0
0.036,-200000,-252.42636108398438,63719.0625,1833.398193359375,1889.740234375,27445206,247.59017944335938,0
0.04,-200000,-407.30410766601562,165896.625,5151.3310546875,5310.2890625,27445206,207.98442077636719,0
0.044,-200000,-613.79718017578125,376746.9375,12686.2705078125,13078.2685546875,27445206,179.46781921386719,0
0.048,-200000,-871.9764404296875,760342.875,27893.125,28755.43359375,27445206,161.648193359375,0
0.052,-200000,-1176.4674072265625,1384075.625,55574.64453125,57293.0859375,27445206,151.65287780761719,0
0.056,-200000,-1516.2535400390625,2299024.75,101555.125,104695.6484375,27445206,143.78837585449219,0
0.06,-200000,-1874.9827880859375,3515560.75,171866.34375,177181.421875,27445206,132.54792785644531,0
0.064,-200000,-2231.658203125,4980298.5,271472.34375,279868,27445206,116.85451507568359,0
0.068,-200000,-2561.606689453125,6561829.5,402708.90625,415163.4375,27445206,99.457382202148438,0
0.072,-200000,-2837.65576171875,8052290.5,563754.8125,581190.1875,27445206,82.803001403808594,0
0.076,-200000,-3031.487060546875,9189915,747553,770672.8125,27445206,67.376502990722656,0
0.08,-200000,-3115.116455078125,9703950,941632,970754.1875,27445206,53.244495391845703,0
0.084,-200000,-3062.459716796875,9378661,1129205.375,1164128.75,27445206,40.855060577392578,0
0.088,-200000,-2850.89794921875,8127619,1291757.625,1331708.625,27445206,30.053304672241211,0
0.092,-200000,-2462.76953125,6065234.5,1413062.375,1456764.75,27445206,19.774623870849609,0
0.096,-200000,-1886.7113037109375,3559679.5,1484255.75,1530160,27445206,9.1662044525146484,0
0.1,-200000,-1118.767333984375,1251640.375,1509288.75,1555967.375,27445206,-1.6723743677139282,0
0.104,-200000,-163.21003723144531,26637.515625,1509821.625,1556516.625,27445206,-12.157257080078125,0
0.108,-200000,966.98370361328125,935057.5,1528522.625,1575796,27445206,-21.896068572998047,0
0.112,-200000,2250.010986328125,5062549.5,1629773.625,1680178.625,27445206,-30.864437103271484,0
0.116,-200000,3655.495361328125,13362646,1897026.625,1955697,27445206,-39.250659942626953,0
0.12,-200000,5145.10791015625,26472138,2426469.25,2501514,27445206,-47.1748046875,0
0.124,-200000,6673.5419921875,44536160,3317192.75,3419786,27445206,-54.559154510498047,0
0.128,-200000,8189.81494140625,67073068,4658654.5,4802736,27445206,-61.416553497314453,0
0.132,-200000,9638.84375,92907312,6516800,6718349.5,27445206,-68.074867248535156,0
0.136,-200000,10963.2607421875,120193088,8920662,9196558,27445206,-74.726036071777344,0
0.14,-200000,12105.3720703125,146540032,11851462,12218000,27445206,-80.979660034179688,0
0.144,-200000,13009.2470703125,169240528,15236272,15707496,27445206,-86.410568237304688,0
0.148,-200000,13622.7998046875,185580672,18947884,19533900,27445206,-91.288986206054688,0
0.152,-200000,13899.828125,193205216,22811990,23517514,27445206,-96.0999755859375,0
0.156,-200000,13801.9248046875,190493136,26621852,27445206,27445206,-100.64949798583984,0
0.16,-200000,13300.177734375,176894720,30159750,31092524,27445206,-104.46366119384766,0
0.164,-200000,12376.630859375,153181008,33223370,34250900,27445206,-107.78574371337891,0
0.168,-200000,11025.40625,121559592,35654560,36757272,41937440,-111.24871826171875,0
0.172,-200000,9253.4580078125,85626480,37367092,38522772,41937440,-114.73801422119141,0
0.176,-200000,7080.95556640625,50139928,38369888,39556588,41937440,-117.55816650390625,0
0.18,-200000,4541.22509765625,20622726,38782348,39981804,41937440,-119.67283630371094,0
0.184,-200000,1680.2855224609375,2823359.5,38838808,40040012,41937440,-121.75772857666016,0
0.188,-200000,-1444.0426025390625,2085259,38880512,40083000,41937440,-123.96517181396484,0
0.192,-200000,-4763.4169921875,22690140,39334316,40550840,41937440,-125.69512939453125,0
0.196,-200000,-8200.6142578125,67250072,40679320,41937440,163952768,-126.780517578125,0
0.2,-200000,-11671.4765625,136223360,43403788,44746168,163952768,-127.84452819824219,0
0.204,-200000,-15087.1357421875,227621680,47956216,49439392,163952768,-129.14474487304688,0
0.208,-200000,-18356.412109375,336957856,54695380,56386988,163952768,-130.05720520019531,0
0.212,-200000,-21388.333984375,457460832,63844596,65819168,163952768,-130.165771484375,0
0.216,-200000,-24094.73046875,580556096,75455720,77789400,163952768,-129.97541809082031,0
0.22,-200000,-26392.76171875,696577856,89387264,92151808,163952768,-130.00712585449219,0
0.224,-200000,-28207.375,795656000,105300352,108557056,163952768,-129.96444702148438,0
0.228,-200000,-29473.54296875,868689728,122674048,126468080,163952768,-129.4046630859375,0
0.232,-200000,-30138.30859375,908317568,140839984,145195856,163952768,-128.58207702636719,0
0.236,-200000,-30162.458984375,909774016,159034192,163952768,163952768,-127.968994140625,0
0.24,-200000,-29521.90625,871542976,176461744,181919312,242253136,-127.43980407714844,0
0.244,-200000,-28208.62109375,795726336,192368720,198318256,242253136,-126.57884216308594,0
0.248,-200000,-26231.15234375,688073408,206114992,212489680,242253136,-125.4105224609375,0
0.252,-200000,-23614.69921875,557654016,217240400,223959168,242253136,-124.19087982177734,0
0.256,-200000,-20400.740234375,416190208,225518208,232493008,242253136,-122.79183197021484,0
0.26,-200000,-16646.212890625,277096384,230989824,238133840,242253136,-120.92026519775391,0
0.264,-200000,-12422.271484375,154312832,233976448,241212800,242253136,-118.73490142822266,0
0.268,-200000,-7812.66796875,61037780,235065984,242336048,242253136,-116.69171142578125,0
0.272,-200000,-2911.778564453125,8478454,235074512,242344832,242253136,-114.88621520996094,0
0.276,-200000,2177.645751953125,4742141.5,234985552,242253136,242253136,-112.99658203125,0
0.28,-200000,7346.96337890625,53977876,235871056,243166032,242253136,-110.82780456542969,0
0.284,-200000,12484.2861328125,155857408,238800608,246186192,242253136,-108.51702880859375,0
0.288,-200000,17477.208984375,305452800,244747104,252316592,242253136,-106.19417572021484,0
0.292,-200000,22215.556640625,493530976,254496432,262367440,242253136,-103.79549407958984,0
0.296,-200000,26594.072265625,707244736,268570112,276876384,242253136,-101.26035308837891,0
0.3,-200000,30514.978515625,931163968,287168416,296049856,242253136,-98.630294799804688,0
0.304,-200000,33890.34375,1148555264,310138976,319730880,242253136,-95.921409606933594,0
0.308,-200000,36644.19921875,1342797440,336976224,347398144,242253136,-93.098365783691406,0
0.312,-200000,38714.3125,1498797824,366850912,378196832,410999488,-90.186866760253906,0
0.316,-200000,40053.67578125,1604297088,398669568,410999488,410999488,-87.289207458496094,0
0.32,-200000,40631.53125,1650921216,431158528,444493312,410999488,-84.489845275878906,0
0.324,-200000,40434.05078125,1634912640,462966112,477284608,410999488,-81.784568786621094,0
0.328,-200000,39464.5546875,1557451136,492773632,508014016,410999488,-79.05419921875,0
0.332,-200000,37743.30078125,1424556800,519406688,535470784,410999488,-76.12872314453125,0
0.336,-200000,35306.90625,1246577664,541934400,558695232,410999488,-72.9547119140625,0
0.34,-200000,32207.328125,1037312000,559749824,577061696,410999488,-69.663795471191406,0
0.344,-200000,28510.52734375,812850176,572622016,590331904,410999488,-66.422889709472656,0
0.348,-200000,24294.76171875,590235456,580715008,598675264,603160960,-63.263805389404297,0
0.352,-200000,19648.66796875,386070176,584572288,602651840,603160960,-60.143787384033203,0
0.356,-200000,14669.068359375,215181568,585066176,603160960,603160960,-57.109172821044922,0
0.36,-200000,9458.6591796875,89466224,583317504,601358208,603160960,-54.207836151123047,0
0.364,-200000,4123.57275390625,17003852,580594048,598550528,603160960,-51.306846618652344,0
0.368,-200000,-1229.0748291015625,1510624.75,578193088,596075328,603160960,-48.254966735839844,0
0.372,-200000,-6493.62353515625,42167148,577323840,595179200,603160960,-45.143882751464844,0
0.376,-200000,-11568.21875,133823680,578997568,596904768,603160960,-42.144309997558594,0
0.38,-200000,-16357.0205078125,267552096,583936192,601996096,603160960,-39.166217803955078,0
0.384,-200000,-20772.208984375,431484672,592509312,610834304,603160960,-35.96282958984375,0
0.388,-200000,-24735.755859375,611857600,604704768,623406912,603160960,-32.56243896484375,0
0.392,-200000,-28180.927734375,794164608,620134272,639313728,657809920,-29.29486083984375,0
0.396,-200000,-31053.478515625,964318528,638075712,657809920,657809920,-26.311685562133789,0
0.4,-200000,-33312.48828125,1109721856,657545600,677882048,657809920,-23.413051605224609,0
0.404,-200000,-34930.90625,1220168320,677396480,698346816,657809920,-20.477422714233398,0
0.408,-200000,-35895.7421875,1288504320,696427392,717966336,657809920,-17.679718017578125,0
0.412,-200000,-36207.89453125,1311011584,713498496,735565504,657809920,-15.10285758972168,0
0.416,-200000,-35881.63671875,1287491968,727637312,750141440,657809920,-12.503781318664551,0
0.42,-200000,-34943.9375,1221078784,738127232,760955776,657809920,-9.6786785125732422,0
0.424,-200000,-33433.33203125,1117787776,744569856,767597760,657809920,-6.7613325119018555,0
0.428,-200000,-31398.662109375,985875968,746913600,770014016,657809920,-3.9378013610839844,0
0.432,-200000,-28897.634765625,835073344,745448768,768503808,657809920,-1.1380017995834351,0
0.436,-200000,-25995.15234375,675748032,740768128,763678528,763678528,1.71701979637146,0
0.44,-200000,-22761.62109375,518091424,733699072,756390784,763678528,4.4437637329101562,0
0.444,-200000,-19271.134765625,371376640,725212160,747641344,763678528,6.890162467956543,0
0.448,-200000,-15599.6845703125,243350144,716317696,738471808,763678528,9.240015983581543,0
0.452,-200000,-11823.3955078125,139792688,707960512,729856192,763678528,11.728300094604492,0
0.456,-200000,-8016.83837890625,64269696,700922048,722599936,763678528,14.258723258972168,0
0.46,-200000,-4251.4453125,18074790,695741632,717259456,763678528,16.580739974975586,0
0.464,-200000,-594.09552001953125,352949.5,692662464,714085056,763678528,18.720617294311523,0
0.468,-200000,2894.142578125,8376061.5,691609280,712999232,763678528,20.949569702148438,0
0.472,-200000,6159.0498046875,37933900,692198272,713606464,763678528,23.367355346679688,0
0.476,-200000,9154.0888671875,83797352,693779328,715236352,715236352,25.805364608764648,0
0.48,-200000,11841,140209280,695504064,717014400,715236352,28.139598846435547,0
0.484,-200000,14190.1689453125,201360896,696414080,717952704,715236352,30.411312103271484,0
0.488,-200000,16180.763671875,261817136,695541440,717052928,715236352,32.602184295654297,0
0.492,-200000,17800.65234375,316863232,692008128,713410432,715236352,34.5477294921875,0
0.496,-200000,19046.103515625,362754048,685118272,706307456,715236352,36.179595947265625,0
0.5,-200000,19921.302734375,396858304,674432192,695290880,715236352,37.677604675292969,0
0.504,-200000,20437.724609375,417700544,659815104,680221696,715236352,39.249195098876953,0
0.508,-200000,20613.306640625,424908448,641457152,661296000,715236352,40.902606964111328,0
0.512,-200000,20471.587890625,419085920,619862912,639033856,715236352,42.565788269042969,0
0.516,-200000,20040.703125,401629792,595809664,614236672,614236672,44.258392333984375,0
0.52,-200000,19352.365234375,374514080,570281472,587919040,614236672,45.98065185546875,0
0.524,-200000,18440.791015625,340062816,544384512,561221120,614236672,47.581268310546875,0
0.528,-200000,17341.69921875,300734560,519250176,535309472,614236672,48.920330047607422,0
0.532,-200000,16091.2783203125,258929232,495937632,511275872,614236672,50.073871612548828,0
0.536,-200000,14725.25,216832992,475342752,490044064,614236672,51.2398681640625,0
0.54,-200000,13278.03125,176306128,458122656,472291328,614236672,52.494403839111328,0
0.544,-200000,11781.9658203125,138814720,444641952,458393760,614236672,53.745697021484375,0
0.548,-200000,10266.7001953125,105405144,434945280,448397216,614236672,54.896026611328125,0
0.552,-200000,8758.6796875,76714472,428758208,442018752,438674944,55.924205780029297,0
0.556,-200000,7280.78369140625,53009812,425514752,438674944,438674944,56.829093933105469,0
0.56,-200000,5852.08056640625,34246848,424410368,437536448,438674944,57.625560760498047,0
0.564,-200000,4487.74072265625,20139818,424473088,437601120,438674944,58.386444091796875,0
0.568,-200000,3199.061767578125,10233997,424647584,437780992,438674944,59.193504333496094,0
0.572,-200000,1993.61328125,3974494,423883712,436993472,438674944,60.046684265136719,0
0.576,-200000,875.4949951171875,766491.5,421222560,434250080,438674944,60.871978759765625,0
0.58,-200000,-154.32356262207031,23815.76171875,415872000,428733952,438674944,61.598644256591797,0
0.584,-200000,-1097.5843505859375,1204691.375,407266400,419862208,438674944,62.184925079345703,0
0.588,-200000,-1958.2691650390625,3834818,395105952,407325696,438674944,62.6253662109375,0
0.592,-200000,-2742.091064453125,7519063,379372992,391106144,438674944,62.98046875,0
0.596,-200000,-3455.969970703125,11943728,360325536,371469568,371469568,63.341754913330078,0
0.6,-200000,-4107.5078125,16871622,338468544,348936608,371469568,63.750865936279297,0
0.604,-200000,-4704.48974609375,22132224,314507776,324234848,371469568,64.191490173339844,0
0.608,-200000,-5254.40869140625,27608810,289289888,298237024,371469568,64.62493896484375,0
0.612,-200000,-5764.0537109375,33224316,263734144,271890848,371469568,64.974754333496094,0
0.616,-200000,-6239.15234375,38927020,238762848,246147248,371469568,65.1356201171875,0
0.62,-200000,-6684.08447265625,44676984,215234816,221891552,371469568,65.08795166015625,0
0.624,-200000,-7101.671875,50433748,193887744,199884256,371469568,64.953224182128906,0
0.628,-200000,-7493.0625,56145984,175293136,180714576,371469568,64.8568115234375,0
0.632,-200000,-7857.6748046875,61743052,159826528,164769616,152220752,64.799179077148438,0
0.636,-200000,-8193.240234375,67129192,147654144,152220752,152220752,64.729843139648438,0
0.64,-200000,-8495.919921875,72180656,138735952,143026768,152220752,64.664955139160156,0
0.644,-200000,-8760.4814453125,76746032,132843328,136951888,152220752,64.634323120117188,0
0.648,-200000,-8980.537109375,80650048,129589336,133597248,152220752,64.576210021972656,0
0.652,-200000,-9148.8564453125,83701568,128467504,132440728,152220752,64.406288146972656,0
0.656,-200000,-9257.669921875,85704448,128896192,132882664,152220752,64.1475830078125,0
0.66,-200000,-9299.052734375,86472384,130264152,134292944,152220752,63.875701904296875,0
0.664,-200000,-9265.271484375,85845248,131974000,136055648,152220752,63.577892303466797,0
0.668,-200000,-9149.1669921875,83707248,133480624,137608880,152220752,63.169273376464844,0
0.672,-200000,-8944.498046875,80004056,134322016,138476288,152220752,62.630329132080078,0
0.676,-200000,-8646.2861328125,74758256,134141248,138289920,138289920,62.025390625,0
0.68,-200000,-8251.083984375,68080384,132698664,136802736,138289920,61.368743896484375,0
0.684,-200000,-7757.24609375,60174868,129874944,133891688,138289920,60.60870361328125,0
0.688,-200000,-7165.09912109375,51338644,125665384,129551936,138289920,59.79034423828125,0
0.692,-200000,-6477.08740234375,41952660,120167168,123883672,138289920,59.073322296142578,0
0.696,-200000,-5697.83203125,32465290,113561392,117073584,138289920,58.53094482421875,0
0.7,-200000,-4834.13916015625,23368902,106091608,109372784,138289920,58.061328887939453,0
0.704,-200000,-3894.92578125,15170446,98041000,101073192,138289920,57.515220642089844,0
0.708,-200000,-2891.09912109375,8358454.5,89710000,92484528,138289920,56.809806823730469,0
0.712,-200000,-1835.362060546875,3368554,81395648,83913024,75643368,55.924674987792969,0
0.716,-200000,-741.9736328125,550524.875,73374064,75643368,75643368,54.882892608642578,0
0.72,-200000,373.54315185546875,139534.46875,65886580,67924312,75643368,53.777118682861328,0
0.724,-200000,1494.7281494140625,2234212,59130004,60958764,75643368,52.7613525390625,0
0.728,-200000,2604.541015625,6783634.5,53250988,54897920,75643368,51.927013397216797,0
0.732,-200000,3685.739013671875,13584672,48344096,49839276,75643368,51.182567596435547,0
0.736,-200000,4721.2578125,22290278,44453240,45828084,75643368,50.34063720703125,0
0.74,-200000,5694.59619140625,32428426,41575680,42861524,75643368,49.325035095214844,0
0.744,-200000,6590.1796875,43430464,39668000,40894840,75643368,48.20257568359375,0
0.748,-200000,7393.71337890625,54666996,38653236,39848696,75643368,47.045452117919922,0
0.752,-200000,8092.49072265625,65488408,38428716,39617236,75643368,45.892314910888672,0
0.756,-200000,8675.6689453125,75267240,38873868,40076152,40076152,44.818939208984375,0
0.76,-200000,9134.5029296875,83439144,39857716,41090424,40076152,43.896781921386719,0
0.764,-200000,9462.515625,89539200,41245696,42521332,40076152,43.068717956542969,0
0.768,-200000,9655.625,93231088,42905644,44232620,40076152,42.182628631591797,0
0.772,-200000,9712.2060546875,94326952,44712692,46095552,40076152,41.146129608154297,0
0.776,-200000,9633.099609375,92796608,46553292,47993080,40076152,39.972526550292969,0
0.78,-200000,9421.560546875,88765800,48328128,49822808,40076152,38.737140655517578,0
0.784,-200000,9083.1591796875,82503784,49954112,51499084,40076152,37.545280456542969,0
0.788,-200000,8625.6123046875,74401192,51365440,52954060,40076152,36.464012145996094,0
0.792,-200000,8058.59619140625,64940972,52513880,54138016,40076152,35.457237243652344,0
0.796,-200000,7393.50537109375,54663924,53368280,55018840,55018840,34.428447723388672,0
0.8,-200000,6643.16943359375,44131700,53913484,55580908,55018840,33.320953369140625,0
0.804,-200000,5821.56884765625,33890668,54148652,55823348,55018840,32.165943145751953,0
0.808,-200000,4943.51025390625,24438294,54085240,55757976,55018840,31.037851333618164,0
0.812,-200000,4024.313232421875,16195096,53744660,55406868,55018840,29.95904541015625,0
0.816,-200000,3079.481201171875,9483205,53155788,54799776,55018840,28.8712158203125,0
0.82,-200000,2124.389404296875,4513030.5,52352504,53971648,55018840,27.717386245727539,0
0.824,-200000,1173.9847412109375,1378240,51371392,52960192,49202616,26.51800537109375,0
0.828,-200000,242.50607299804688,58809.19921875,50249652,51803764,49202616,25.346157073974609,0
0.832,-200000,-656.76446533203125,431339.59375,49023416,50539604,49202616,24.245407104492188,0
0.836,-200000,-1511.7213134765625,2285301.25,47726540,49202616,49202616,23.193435668945312,0
0.84,-200000,-2311.615966796875,5343568,46389792,47824524,49202616,22.137048721313477,0
0.844,-200000,-3047.199951171875,9285429,45040588,46433592,49202616,21.028478622436523,0
0.848,-200000,-3710.82568359375,13770227,43702988,45054624,49202616,19.843582153320312,0
0.852,-200000,-4296.50634765625,18459964,42398156,43709432,49202616,18.607717514038086,0
0.856,-200000,-4799.93505859375,23039376,41144852,42417368,49202616,17.398645401000977,0
0.86,-200000,-5218.46484375,27232378,39960052,41195928,49202616,16.291622161865234,0
0.864,-200000,-5551.0537109375,30814198,38859436,40061272,37323732,15.284319877624512,0
0.868,-200000,-5798.171875,33618796,37857664,39028512,37323732,14.286890983581543,0
0.872,-200000,-5961.6865234375,35541708,36968416,38111768,37323732,13.196882247924805,0
0.876,-200000,-6044.71630859375,36538592,36204024,37323732,37323732,11.977328300476074,0
0.88,-200000,-6051.4716796875,36620308,35574816,36675064,37323732,10.679865837097168,0
0.884,-200000,-5987.08056640625,35845132,35088224,36173428,37323732,9.4196290969848633,0
0.888,-200000,-5857.4013671875,34309152,34747636,35822304,37323732,8.305333137512207,0
0.892,-200000,-5668.84228515625,32135772,34551296,35619892,36568468,7.3713064193725586,0
0.896,-200000,-5428.1708984375,29465040,34491296,35558036,36568468,6.5715384483337402,0
0.9,-200000,-5142.34375,26443702,34552792,35621432,36568468,5.800105094909668,0
0.904,-200000,-4818.33837890625,23216384,34713708,35787320,36568468,4.9218587875366211,0
0.908,-200000,-4463.00146484375,19918380,34944908,36025676,36568468,3.8454265594482422,0
0.912,-200000,-4082.91943359375,16670230,35210936,36299928,36568468,2.590430736541748,0
0.916,-200000,-3684.309814453125,13574139,35471412,36568468,36568468,1.2817691564559937,0
0.92,-200000,-3272.924560546875,10712035,35682868,36786456,36568468,0.082704469561576843,0
0.924,-200000,-2853.991455078125,8145267,35801080,36908332,36568468,-0.89075124263763428,0
0.928,-200000,-2432.166748046875,5915435,35783724,36890432,30740698,-1.6410280466079712,0
0.932,-200000,-2011.515625,4046195.25,35592952,36693760,30740698,-2.2765724658966064,0
0.936,-200000,-1595.5140380859375,2545665.25,35198060,36286656,30740698,-2.9120426177978516,0
0.94,-200000,-1187.0660400390625,1409125.75,34577676,35647092,30740698,-3.614285945892334,0
0.944,-200000,-788.54266357421875,621799.5,33721496,34764428,30740698,-4.4134321212768555,0
0.948,-200000,-401.83148193359375,161468.546875,32631388,33640600,30740698,-5.2902069091796875,0
0.952,-200000,-28.400136947631836,806.5677490234375,31321638,32290346,30740698,-6.1901869773864746,0
0.956,-200000,330.634765625,109319.3515625,29818476,30740698,30740698,-7.0893735885620117,0
0.96,-200000,674.43243408203125,454859.09375,28158794,29029680,30740698,-7.9879913330078125,0
0.964,-200000,1002.3515625,1004708.6875,26388106,27204234,30740698,-8.8574247360229492,0
0.968,-200000,1313.8765869140625,1726271.625,24558006,25317530,14754280,-9.6771984100341797,0
0.972,-200000,1608.546875,2587423.25,22723216,23425994,14754280,-10.481307983398438,0
0.976,-200000,1885.8961181640625,3556604,20938416,21585994,14754280,-11.2982177734375,0
0.98,-200000,2145.396484375,4602726.5,19255152,19850672,14754280,-12.087059020996094,0
0.984,-200000,2386.419921875,5695000,17718982,18266988,14754280,-12.778656005859375,0
0.988,-200000,2608.205810546875,6802737.5,16367011,16873206,14754280,-13.368502616882324,0
0.992,-200000,2809.84521484375,7895230.5,15226094,15697003,14754280,-13.932510375976562,0
0.996,-200000,2990.28076171875,8941779,14311653,14754280,14754280,-14.535092353820801,0
1,-200000,3148.313720703125,9911878,13627256,14048717,14754280,-15.15522289276123,0
1.004,-200000,3282.62841796875,10775648,13164955,13572118,14754280,-15.727958679199219,0
1.008,-200000,3391.82763671875,11504494,12906278,13305440,14754280,-16.232147216796875,0
1.012,-200000,3474.475341796875,12071979,12823816,13220429,14352392,-16.698080062866211,0
1.016,-200000,3529.149169921875,12454894,12883251,13281701,14352392,-17.157709121704102,0
1.02,-200000,3554.5,12634470,13045680,13449155,14352392,-17.636989593505859,0
1.024,-200000,3549.314453125,12597632,13270069,13680483,14352392,-18.158758163452148,0
1.028,-200000,3512.574951171875,12338182,13515654,13933662,14352392,-18.715673446655273,0
1.032,-200000,3443.52490234375,11857864,13744184,14169261,14352392,-19.255813598632812,0
1.036,-200000,3341.727783203125,11167144,13921822,14352392,14352392,-19.716564178466797,0
1.04,-200000,3207.117919921875,10285605,14020662,14454291,14352392,-20.099117279052734,0
1.044,-200000,3040.046875,9241885,14019792,14453392,14352392,-20.476922988891602,0
1.048,-200000,2841.321044921875,8073105.5,13905851,14335928,14352392,-20.892694473266602,0
1.052,-200000,2612.224609375,6823717.5,13673125,14096005,14352392,-21.304611206054688,0
1.056,-200000,2354.53466796875,5543833.5,13323214,13735270,14352392,-21.661371231079102,0
1.06,-200000,2070.51953125,4287051,12864307,13262171,14352392,-21.979726791381836,0
1.064,-200000,1762.9290771484375,3107919.25,12310182,12690909,14352392,-22.324413299560547,0
1.068,-200000,1434.965576171875,2059126.375,11678989,12040195,14352392,-22.718658447265625,0
1.072,-200000,1090.249755859375,1188644.625,10991926,11331883,14352392,-23.094696044921875,0
1.076,-200000,732.76824951171875,536949.3125,10271894,10589581,10589581,-23.349990844726562,0
1.08,-200000,366.81362915039062,134552.21875,9542179,9837296,10589581,-23.429794311523438,0
1.084,-200000,-3.0836899280548096,9.5091447830200195,8825277,9098222,10589581,-23.370962142944336,0
1.088,-200000,-372.23330688476562,138557.625,8141865.5,8393675,10589581,-23.321126937866211,0
1.092,-200000,-735.86688232421875,541500,7509979,7742245.5,10589581,-23.461223602294922,0
1.096,-200000,-1089.2236328125,1186408,6944407,7159181.5,10589581,-23.835647583007812,0
1.1,-200000,-1427.6376953125,2038149.375,6456296,6655974.5,10589581,-24.302486419677734,0
1.104,-200000,-1746.6243896484375,3050696.75,6052982.5,6240187,10589581,-24.668014526367188,0
1.108,-200000,-2041.9622802734375,4169610,5738006.5,5915470.5,10589581,-24.8157958984375,0
1.112,-200000,-2309.77294921875,5335051,5511303,5681755,5535590.5,-24.723810195922852,0
1.116,-200000,-2546.593017578125,6485136,5369523,5535590.5,5535590.5,-24.444732666015625,0
1.12,-200000,-2749.432861328125,7559381.5,5306470.5,5470587,5535590.5,-24.097530364990234,0
1.124,-200000,-2915.83544921875,8502096,5313606.5,5477944,5535590.5,-23.823583602905273,0
1.128,-200000,-3043.914794921875,9265416,5380606.5,5547016,5535590.5,-23.719446182250977,0
1.132,-200000,-3132.385986328125,9811843,5495919,5665895,5535590.5,-23.823543548583984,0
1.136,-200000,-3180.582763671875,10116107,5647328,5821987,5535590.5,-24.117467880249023,0
1.14,-200000,-3188.46435546875,10166304,5822471,6002546.5,5535590.5,-24.487848281860352,0
1.144,-200000,-3156.606201171875,9964163,6009319,6195173.5,5535590.5,-24.763534545898438,0
1.148,-200000,-3086.17919921875,9524502,6196579,6388225.5,5535590.5,-24.855199813842773,0
1.152,-200000,-2978.91943359375,8873960,6374042.5,6571177.5,5535590.5,-24.805704116821289,0
1.156,-200000,-2837.087158203125,8049063,6532837.5,6734883,6734883,-24.694000244140625,0
1.16,-200000,-2663.412109375,7093764,6665615,6871767,6734883,-24.545803070068359,0
1.164,-200000,-2461.039794921875,6056717.5,6766655,6975932,6734883,-24.344680786132812,0
1.168,-200000,-2233.460205078125,4988344,6831897.5,7043192,6734883,-24.099258422851562,0
1.172,-200000,-1984.4407958984375,3938005.25,6858908,7071038.5,6734883,-23.855859756469727,0
1.176,-200000,-1717.9527587890625,2951361.5,6846804,7058560,6734883,-23.646444320678711,0
1.18,-200000,-1438.0953369140625,2068118.375,6796111,7006299,6734883,-23.474908828735352,0
1.184,-200000,-1149.022216796875,1320252,6708617.5,6916099,6734883,-23.342296600341797,0
1.188,-200000,-854.86834716796875,730799.875,6587178.5,6790905.5,6734883,-23.236608505249023,0
1.192,-200000,-559.68145751953125,313243.34375,6435538.5,6634575,6734883,-23.112091064453125,0
1.196,-200000,-267.35800170898438,71480.296875,6258132,6451681.5,6451681.5,-22.927139282226562,0
1.2,-200000,18.415578842163086,339.133544921875,6059901.5,6247320,6451681.5,-22.696435928344727,0
1.204,-200000,294.21377563476562,86561.734375,5846120,6026927,6451681.5,-22.470941543579102,0
1.208,-200000,556.9154052734375,310154.75,5622233.5,5796116,6451681.5,-22.278039932250977,0
1.212,-200000,803.73907470703125,645996.5,5393713.5,5560528,6451681.5,-22.103155136108398,0
1.216,-200000,1032.26953125,1065580.375,5165927,5325697.5,6451681.5,-21.909296035766602,0
1.22,-200000,1240.4755859375,1538779.625,4944013.5,5096920,6451681.5,-21.649881362915039,0
1.224,-200000,1426.7200927734375,2035530.375,4732771,4879144,6451681.5,-21.295358657836914,0
1.228,-200000,1589.759765625,2527336,4536554.5,4676859,6451681.5,-20.876277923583984,0
1.232,-200000,1728.740234375,2988542.75,4359168,4493987,6451681.5,-20.464609146118164,0
1.236,-200000,1843.1812744140625,3397317.25,4203771,4333784,4333784,-20.098052978515625,0
1.24,-200000,1932.95703125,3736323.25,4072785.5,4198747,4333784,-19.7525634765625,0
1.244,-200000,1998.2720947265625,3993091.25,3967809.5,4090524.75,4333784,-19.407913208007812,0
1.248,-200000,2039.630859375,4160094,3889549.5,4009844,4333784,-19.10931396484375,0
1.252,-200000,2057.805908203125,4234565.5,3837766.75,3956460,4333784,-18.900888442993164,0
1.256,-200000,2053.802001953125,4218102.5,3811252,3929125.25,4333784,-18.729873657226562,0
1.26,-200000,2028.821044921875,4116114.75,3807833.25,3925600.75,4333784,-18.499429702758789,0
1.264,-200000,1984.2255859375,3937151.25,3824417.5,3942698,4333784,-18.187875747680664,0
1.268,-200000,1921.5029296875,3692173.5,3857078.75,3976369.25,4333784,-17.861675262451172,0
1.272,-200000,1842.232177734375,3393819.5,3901182,4021836.75,4073770,-17.586437225341797,0
1.276,-200000,1748.050537109375,3055680.75,3951557.25,4073770,4073770,-17.350627899169922,0
1.28,-200000,1640.6263427734375,2691654.75,4002699.25,4126493.5,4073770,-17.094442367553711,0
1.284,-200000,1521.632568359375,2315365.5,4049006,4174232.75,4073770,-16.799953460693359,0
1.288,-200000,1392.7249755859375,1939682.75,4085028.75,4211369.5,4073770,-16.505502700805664,0
1.292,-200000,1255.523193359375,1576338.625,4105725.5,4232706.5,4073770,-16.233007431030273,0
1.296,-200000,1111.5972900390625,1235648.625,4106710,4233721.5,4073770,-15.938207626342773,0
1.3,-200000,962.45623779296875,926322,4084473.5,4210796,4073770,-15.550933837890625,0
1.304,-200000,809.541015625,655356.6875,4036566.75,4161408.75,4073770,-15.06336784362793,0
1.308,-200000,654.220703125,428004.6875,3961734.75,4084262,4073770,-14.556401252746582,0
1.312,-200000,497.79110717773438,247795.96875,3859989.5,3979370,4073770,-14.115911483764648,0
1.316,-200000,341.47607421875,116605.9140625,3732619.25,3848060.75,3848060.75,-13.73133659362793,0
1.32,-200000,186.43075561523438,34756.42578125,3582126.75,3692913.5,3848060.75,-13.31611156463623,0
1.324,-200000,33.745861053466797,1138.782958984375,3412107.5,3517636,3848060.75,-12.823530197143555,0
1.328,-200000,-115.54697418212891,13351.1044921875,3227066,3326871.5,3848060.75,-12.286694526672363,0
1.332,-200000,-260.46957397460938,67844.3984375,3032186,3125964.75,3848060.75,-11.757662773132324,0
1.336,-200000,-400.09194946289062,160073.578125,2833065.5,2920685.5,3848060.75,-11.27556324005127,0
1.34,-200000,-533.52752685546875,284651.65625,2635432.75,2716940.75,3848060.75,-10.881962776184082,0
1.344,-200000,-659.9295654296875,435507,2444859.25,2520473.25,3848060.75,-10.609210014343262,0
1.348,-200000,-778.48858642578125,606044.5,2266490,2336587.25,3848060.75,-10.453761100769043,0
1.352,-200000,-888.4320068359375,789311.375,2104797.25,2169893.5,3848060.75,-10.36541748046875,0
1.356,-200000,-989.0247802734375,978170,1963379.375,2024102,2024102,-10.242123603820801,0
1.36,-200000,-1079.5726318359375,1165477,1844813.625,1901869.375,2024102,-9.964508056640625,0
1.364,-200000,-1159.42578125,1344268,1750564.625,1804705.375,2024102,-9.4933986663818359,0
1.368,-200000,-1227.986328125,1507950.375,1680956.75,1732944.625,2024102,-8.9248733520507812,0
1.372,-200000,-1284.71484375,1650492.375,1635206.625,1685779.625,2024102,-8.4044923782348633,0
1.376,-200000,-1329.1402587890625,1766613.75,1611511.625,1661351.75,2024102,-7.9980154037475586,0
1.38,-200000,-1360.8685302734375,1851963,1607188.375,1656894.75,2024102,-7.6612868309020996,0
1.384,-200000,-1379.593505859375,1903278.375,1618848.75,1668915.75,2024102,-7.3014106750488281,0
1.388,-200000,-1385.1080322265625,1918524.375,1642603.375,1693405,2024102,-6.8636689186096191,0
1.392,-200000,-1377.3118896484375,1896988,1674278.375,1726059.75,1762510.625,-6.395625114440918,0
1.396,-200000,-1356.2239990234375,1839343.625,1709635.625,1762510.625,1762510.625,-6.001039981842041,0
1.4,-200000,-1321.9879150390625,1747652,1744581.75,1798537.375,1762510.625,-5.6973791122436523,0
1.404,-200000,-1274.880859375,1625321.375,1775357,1830264.625,1762510.625,-5.3819541931152344,0
1.408,-200000,-1215.31640625,1476994,1798693.75,1854323,1762510.625,-4.9719610214233398,0
1.412,-200000,-1143.8489990234375,1308390.625,1811941.625,1867980.625,1762510.625,-4.5037636756896973,0
1.416,-200000,-1061.1724853515625,1126087,1813151.75,1869228,1762510.625,-4.0647025108337402,0
1.42,-200000,-968.11865234375,937253.8125,1801121.375,1856825.625,1762510.625,-3.6954143047332764,0
1.424,-200000,-865.6522216796875,749353.8125,1775397.75,1830306.625,1762510.625,-3.3916563987731934,0
1.428,-200000,-754.8623046875,569817.1875,1736247.375,1789945.375,1762510.625,-3.1454002857208252,0
1.432,-200000,-636.95233154296875,405708.25,1684590.75,1736691,1672074,-2.9350769519805908,0
1.436,-200000,-513.2265625,263401.5,1621912.375,1672074,1672074,-2.7038822174072266,0
1.44,-200000,-385.0751953125,148282.921875,1550151.625,1598094,1672074,-2.3913753032684326,0
1.444,-200000,-253.95590209960938,64493.60546875,1471579.625,1517091.75,1672074,-1.9726324081420898,0
1.448,-200000,-121.37516021728516,14731.9296875,1388672.375,1431620.625,1672074,-1.455470085144043,0
1.452,-200000,11.13294792175293,123.94252777099609,1303983.625,1344312.625,1672074,-0.88055390119552612,0
1.456,-200000,142.02841186523438,20172.072265625,1220025,1257757.375,1672074,-0.33657354116439819,0
1.46,-200000,269.78768920898438,72785.3984375,1139158.375,1174389.625,1672074,0.08504939079284668,0
1.464,-200000,392.92617797851562,154390.96875,1063503,1096394.375,1672074,0.37396687269210815,0
1.468,-200000,510.02017211914062,260120.578125,994862,1025630.5,1672074,0.58760040998458862,0
1.472,-200000,619.7283935546875,384063.25,934666.875,963573.6875,1672074,0.7616114616394043,0
1.476,-200000,720.81182861328125,519569.6875,883944.8125,911282.875,911282.875,0.89062631130218506,0
1.48,-200000,812.15185546875,659590.6875,843303.375,869384.5,911282.875,0.9840158224105835,0
1.484,-200000,892.76690673828125,797032.8125,812936.8125,838078.8125,911282.875,1.0962890386581421,0
1.488,-200000,961.82586669921875,925109,792645.3125,817159.6875,911282.875,1.3017832040786743,0
1.492,-200000,1018.6599731445312,1037668.1875,781871.875,806053,911282.875,1.6369931697845459,0
1.496,-200000,1062.770263671875,1129480.625,779748.5,803864,911282.875,2.0480449199676514,0
1.5,-200000,1093.8345947265625,1196474,785151.6875,809434.3125,911282.875,2.4189720153808594,0
1.504,-200000,1111.707763671875,1235894,796762.375,821404,911282.875,2.6695518493652344,0
1.508,-200000,1116.4232177734375,1246400.75,813130.3125,838278.3125,911282.875,2.8031742572784424,0
1.512,-200000,1108.1881103515625,1228080.75,832735.875,858490.1875,880465.3125,2.8792202472686768,0
1.516,-200000,1087.3763427734375,1182387.375,854051.6875,880465.3125,880465.3125,2.9715092182159424,0
1.52,-200000,1054.5211181640625,1112014.75,875596.8125,902676.6875,880465.3125,3.1411318778991699,0
1.524,-200000,1010.30126953125,1020708.6875,895988.1875,923698.8125,880465.3125,3.4169018268585205,0
1.528,-200000,955.52960205078125,913036.8125,913981.875,942248.875,880465.3125,3.7690596580505371,0
1.532,-200000,891.13543701171875,794122.375,928507.375,957223.6875,880465.3125,4.1133971214294434,0
1.536,-200000,818.14910888671875,669367.875,938693.3125,967724.6875,880465.3125,4.3586492538452148,0
1.54,-200000,737.68280029296875,544175.875,943883.8125,973075.6875,880465.3125,4.4486870765686035,0
1.544,-200000,650.91229248046875,423686.84375,943647.375,972831.875,880465.3125,4.4065842628479004,0
1.548,-200000,559.05731201171875,312545.09375,937777.375,966780.375,880465.3125,4.3370590209960938,0
1.552,-200000,463.363037109375,214705.296875,926285.3125,954932.875,880465.3125,4.3370499610900879,0
1.556,-200000,365.08090209960938,133284.078125,909387.5,937512.375,937512.375,4.4489707946777344,0
1.56,-200000,265.45037841796875,70463.9140625,887487.3125,914934.875,937512.375,4.7001290321350098,0
1.564,-200000,165.6827392578125,27450.771484375,861150.875,887784,937512.375,5.0767822265625,0
1.568,-200000,66.944564819335938,4481.57421875,831081.5,856784.6875,937512.375,5.464747428894043,0
1.572,-200000,-29.656015396118164,879.47930908203125,798089.3125,822772,937512.375,5.7226142883300781,0
1.576,-200000,-123.0819091796875,15149.15625,763060,786659.375,937512.375,5.8120107650756836,0
1.58,-200000,-212.37776184082031,45104.3125,726922.875,749404.6875,937512.375,5.801912784576416,0
1.584,-200000,-296.6787109375,88018.25,690617.6875,711976.5,937512.375,5.7851195335388184,0
1.588,-200000,-375.21728515625,140788,655062.875,675322.1875,607824.875,5.8242340087890625,0
1.592,-200000,-447.328125,200102.453125,621125.3125,640334.875,607824.875,5.9291257858276367,0
1.596,-200000,-512.45135498046875,262606.40625,589590.5,607824.875,607824.875,6.0604681968688965,0
1.6,-200000,-570.13311767578125,325051.75,561138.5,578492.875,607824.875,6.1705961227416992,0
1.604,-200000,-620.0257568359375,384431.9375,536320.6875,552907.5,607824.875,6.2482824325561523,0
1.608,-200000,-661.88555908203125,438092.5,515542.65625,531486.875,607824.875,6.325899600982666,0
1.612,-200000,-695.5692138671875,483816.5,499051.1875,514485.34375,607824.875,6.4455809593200684,0
1.616,-200000,-721.0291748046875,519883.09375,486927.09375,501986.25,607824.875,6.6180434226989746,0
1.62,-200000,-738.30859375,545099.5,479084,493900.65625,607824.875,6.8015580177307129,0
1.624,-200000,-747.53436279296875,558807.6875,475273.09375,489971.84375,607824.875,6.9252920150756836,0
1.628,-200000,-748.9100341796875,560866.3125,475094.09375,489787.34375,607824.875,6.9537811279296875,0
1.632,-200000,-742.7093505859375,551617.1875,478012.25,492795.6875,607824.875,6.9144935607910156,0
1.636,-200000,-729.2679443359375,531831.8125,483380.84375,498330.40625,498330.40625,6.8522582054138184,0
1.64,-200000,-708.9755859375,502646.40625,490468.15625,505636.90625,498330.40625,6.7906265258789062,0
1.644,-200000,-682.26934814453125,465491.4375,498488.09375,513904.84375,498330.40625,6.7489714622497559,0
1.648,-200000,-649.6253662109375,422013.15625,506633.6875,522302.40625,498330.40625,6.7525205612182617,0
1.652,-200000,-611.55291748046875,373996.9375,514111.15625,530011.1875,498330.40625,6.8112592697143555,0
1.656,-200000,-568.5867919921875,323290.9375,520173.5,536260.875,498330.40625,6.9212555885314941,0
1.66,-200000,-521.28173828125,271734.65625,524152.5,540363,498330.40625,7.0619797706604004,0
1.664,-200000,-470.20697021484375,221094.59375,525486.6875,541738.375,498330.40625,7.1693525314331055,0
1.668,-200000,-415.94058227539062,173006.578125,523744.34375,539942.1875,498330.40625,7.1681203842163086,0
1.672,-200000,-359.065185546875,128927.796875,518641.65625,534681.6875,498330.40625,7.0384621620178223,0
1.676,-200000,-300.16397094726562,90098.4140625,510052.1875,525826.5,525826.5,6.8249983787536621,0
1.68,-200000,-239.81637573242188,57511.89453125,498010.65625,513412.65625,525826.5,6.6188230514526367,0
1.684,-200000,-178.59542846679688,31896.32421875,482707.90625,497636.65625,525826.5,6.5435318946838379,0
1.688,-200000,-117.06436920166016,13704.0673828125,464479.75,478844.6875,525826.5,6.6997475624084473,0
1.692,-200000,-55.77386474609375,3110.723876953125,443788.65625,457513.6875,525826.5,7.0664353370666504,0
1.696,-200000,4.7403388023376465,22.470809936523438,421199.4375,434225.84375,525826.5,7.4622397422790527,0
1.7,-200000,63.96002197265625,4090.88427734375,397351.84375,409640.6875,525826.5,7.6440606117248535,0
1.704,-200000,121.38676452636719,14734.7470703125,372928.65625,384462.15625,525826.5,7.4822416305541992,0
1.708,-200000,176.54428100585938,31167.884765625,348623.9375,359405.6875,525826.5,7.0712118148803711,0
1.712,-200000,228.98080444335938,52432.20703125,325111,335165.59375,312383.09375,6.6575803756713867,0
1.716,-200000,278.27142333984375,77434.984375,303011.9375,312383.09375,312383.09375,6.439908504486084,0
1.72,-200000,324.0205078125,104989.2890625,282871.4375,291619.65625,312383.09375,6.445096492767334,0
1.724,-200000,365.8642578125,133856.671875,265134.40625,273334.09375,312383.09375,6.561373233795166,0
1.728,-200000,403.47323608398438,162790.671875,250129.46875,257865.078125,312383.09375,6.6528534889221191,0
1.732,-200000,436.55477905273438,190580.078125,238058.625,245420.875,312383.09375,6.6721067428588867,0
1.736,-200000,464.85562133789062,216090.75,228993.09375,236074.96875,312383.09375,6.6688385009765625,0
1.74,-200000,488.16455078125,238304.625,222875.671875,229768.34375,312383.09375,6.6964492797851562,0
1.744,-200000,506.314453125,256354.328125,219529,226318.203125,312383.09375,6.7443885803222656,0
1.748,-200000,519.1845703125,269552.65625,218669.171875,225431.75,312383.09375,6.742091178894043,0
1.752,-200000,526.70245361328125,277415.4375,219923.34375,226724.71875,312383.09375,6.6108589172363281,0
1.756,-200000,528.8450927734375,279677.15625,222851.21875,229743.171875,229743.171875,6.3260030746459961,0
1.76,-200000,525.64093017578125,276298.40625,226967.921875,233987.171875,229743.171875,5.9472694396972656,0
1.764,-200000,517.16961669921875,267464.40625,231768.203125,238935.921875,229743.171875,5.6054449081420898,0
1.768,-200000,503.56289672851562,253575.59375,236750.078125,244071.875,229743.171875,5.4326238632202148,0
1.772,-200000,485.00360107421875,235228.5,241437.046875,248903.796875,229743.171875,5.4704384803771973,0
1.776,-200000,461.72503662109375,213190,245397.875,252987.125,229743.171875,5.634519100189209,0
1.78,-200000,434.009033203125,188363.84375,248263.078125,255940.953125,229743.171875,5.7724027633666992,0
1.784,-200000,402.18374633789062,161751.75,249737.71875,257461.203125,229743.171875,5.7867522239685059,0
1.788,-200000,366.62045288085938,134410.578125,249610.203125,257329.71875,229743.171875,5.7046341896057129,0
1.792,-200000,327.73007202148438,107407,247756.25,255418.453125,229743.171875,5.6071419715881348,0
1.796,-200000,285.958740234375,81772.3984375,244139.59375,251689.921875,251689.921875,5.5384116172790527,0
1.8,-200000,241.78300476074219,58459.01953125,238807.71875,246193.171875,251689.921875,5.5009055137634277,0
1.804,-200000,195.70426940917969,38300.15625,231885.09375,239056.421875,251689.921875,5.4580941200256348,0
1.808,-200000,148.24308776855469,21976.01171875,223562.75,230476.703125,251689.921875,5.3437719345092773,0
1.812,-200000,99.9329833984375,9986.6015625,214086.171875,220707,251689.921875,5.1312179565429688,0
1.816,-200000,51.3138427734375,2633.110595703125,203741.171875,210042.078125,251689.921875,4.8580307960510254,0
1.82,-200000,2.9253470897674561,8.5576553344726562,192839.34375,198803.078125,251689.921875,4.5754141807556152,0
1.824,-200000,-44.699748992919922,1998.0673828125,181703.171875,187322.46875,251689.921875,4.326016902923584,0
1.828,-200000,-91.042274475097656,8288.6953125,170651.59375,175929.09375,251689.921875,4.1442146301269531,0
1.832,-200000,-135.60311889648438,18388.203125,159987.046875,164934.71875,251689.921875,4.0427680015563965,0
1.836,-200000,-177.90951538085938,31651.79296875,149983.421875,154621.71875,154621.71875,4.0215635299682617,0
1.84,-200000,-217.520751953125,47315.2734375,140876.828125,145233.46875,154621.71875,4.065150260925293,0
1.844,-200000,-254.03373718261719,64533.14453125,132857.625,136966.25,154621.71875,4.1145849227905273,0
1.848,-200000,-287.08758544921875,82419.2890625,126065.7734375,129964.3515625,154621.71875,4.0961532592773438,0
1.852,-200000,-316.36810302734375,100088.7734375,120587.6015625,124316.75,154621.71875,3.9786872863769531,0
1.856,-200000,-341.61093139648438,116698.0390625,116455.734375,120057.1015625,154621.71875,3.7832400798797607,0
1.86,-200000,-362.60443115234375,131481.96875,113650.6875,117165.2890625,154621.71875,3.5633964538574219,0
1.864,-200000,-379.19158935546875,143786.25,112104.5234375,115571.296875,154621.71875,3.3693828582763672,0
1.868,-200000,-391.27114868164062,153093.09375,111706.25,115160.7265625,154621.71875,3.2123711109161377,0
1.872,-200000,-398.7978515625,159039.71875,112308.484375,115781.5859375,154621.71875,3.0713951587677002,0
1.876,-200000,-401.78207397460938,161428.828125,113735.1015625,117252.3125,117252.3125,2.9386463165283203,0
1.88,-200000,-400.28817749023438,160230.625,115789.4765625,119370.2265625,117252.3125,2.8333888053894043,0
1.884,-200000,-394.43280029296875,155577.21875,118263.1015625,121920.359375,117252.3125,2.7647552490234375,0
1.888,-200000,-384.38217163085938,147749.671875,120944,124684.171875,117252.3125,2.7248034477233887,0
1.892,-200000,-370.34829711914062,137157.84375,123624.9375,127448.0234375,117252.3125,2.7048678398132324,0
1.896,-200000,-352.58535766601562,124316.4375,126110.8359375,130010.796875,117252.3125,2.6854948997497559,0
1.9,-200000,-331.38534545898438,109816.25,128225.3359375,132190.703125,117252.3125,2.6459190845489502,0
1.904,-200000,-307.07315063476562,94293.921875,129816.5234375,133831.09375,117252.3125,2.5764472484588623,0
1.908,-200000,-280.00115966796875,78400.6484375,130761.171875,134804.96875,117252.3125,2.4639480113983154,0
1.912,-200000,-250.54464721679688,62772.6171875,130967.9765625,135018.171875,117252.3125,2.2967791557312012,0
1.916,-200000,-219.09550476074219,48002.8359375,130379.3359375,134411.328125,134411.328125,2.0755989551544189,0
1.92,-200000,-186.05732727050781,34617.33203125,128971.8984375,132960.34375,134411.328125,1.8219709396362305,0
1.924,-200000,-151.83981323242188,23055.328125,126755.859375,130675.7734375,134411.328125,1.603402853012085,0
1.928,-200000,-116.85349273681641,13654.7392578125,123773.1484375,127600.8125,134411.328125,1.5030937194824219,0
1.932,-200000,-81.504638671875,6643.00634765625,120094.4140625,123808.296875,134411.328125,1.5307439565658569,0
1.936,-200000,-46.190570831298828,2133.569091796875,115815.2734375,119396.8125,134411.328125,1.5964934825897217,0
1.94,-200000,-11.295097351074219,127.5792236328125,111051.7265625,114485.9609375,134411.328125,1.5771291255950928,0
1.944,-200000,22.815441131591797,520.5443115234375,105935.046875,109211.0234375,134411.328125,1.4144827127456665,0
1.948,-200000,55.795856475830078,3113.17724609375,100606.25,103717.421875,134411.328125,1.1725759506225586,0
1.952,-200000,87.32525634765625,7625.70068359375,95210.4765625,98154.7734375,134411.328125,0.9747198224067688,0
1.956,-200000,117.10980224609375,13714.7060546875,89891.2265625,92671,92671,0.8871191143989563,0
1.96,-200000,144.88484191894531,20991.619140625,84785.0859375,87406.9375,92671,0.90132409334182739,0
1.964,-200000,170.41667175292969,29041.83984375,80016.625,82491,92671,0.96950751543045044,0
1.968,-200000,193.50386047363281,37443.7421875,75693.984375,78034.671875,92671,1.0011403560638428,0
1.972,-200000,213.97799682617188,45786.58203125,71905.1640625,74128.671875,92671,0.91573923826217651,0
1.976,-200000,231.70402526855469,53686.75,68715.0859375,70839.921875,92671,0.73634451627731323,0
1.98,-200000,246.58027648925781,60801.83203125,66163.8515625,68209.796875,92671,0.56375914812088013,0
1.984,-200000,258.53799438476562,66841.8984375,64265.6484375,66252.875,92671,0.4683384895324707,0
1.988,-200000,267.54046630859375,71577.8984375,63009,64957.3671875,64178.48828125,0.43775525689125061,0
1.992,-200000,273.58236694335938,74847.3125,62357.8046875,64286.03125,64178.48828125,0.40045461058616638,0
1.996,-200000,276.68789672851562,76556.1875,62253.48046875,64178.48828125,64178.48828125,0.28744405508041382,0
2,-200000,276.90957641601562,76678.9140625,62617.875,64554.1484375,64178.48828125,0.091656364500522614,0
2.004,-200000,274.326416015625,75254.984375,63356.98046875,65316.11328125,64178.48828125,-0.12126781791448593,0
2.008,-200000,269.04214477539062,72383.671875,64365.125,66355.4375,64178.48828125,-0.26876282691955566,0
2.012,-200000,261.182861328125,68216.484375,65529.73046875,67556.0625,64178.48828125,-0.33066290616989136,0
2.016,-200000,250.89558410644531,62948.59375,66736.0390625,68799.671875,64178.48828125,-0.34166789054870605,0
2.02,-200000,238.34530639648438,56808.48828125,67872.0390625,69970.8125,64178.48828125,-0.31117075681686401,0
2.024,-200000,223.71357727050781,50047.76953125,68833.0390625,70961.5390625,64178.48828125,-0.24854779243469238,0
2.028,-200000,207.19575500488281,42930.08203125,69525.859375,71675.7890625,64178.48828125,-0.23375292122364044,0
2.032,-200000,188.99922180175781,35720.70703125,69872.5,72033.1484375,64178.48828125,-0.33822718262672424,0
2.036,-200000,169.34101867675781,28676.380859375,69813,71971.796875,71971.796875,-0.52955979108810425,0
2.04,-200000,148.44577026367188,22036.146484375,69307.4140625,71450.5859375,71971.796875,-0.73088186979293823,0
2.044,-200000,126.54368591308594,16013.3046875,68337.0234375,70450.171875,71971.796875,-0.90581309795379639,0
2.048,-200000,103.86839294433594,10788.6435546875,66904.4140625,68973.25,71971.796875,-1.0542730093002319,0
2.052,-200000,80.655052185058594,6505.2373046875,65032.73828125,67043.6875,71971.796875,-1.1870334148406982,0
2.056,-200000,57.138385772705078,3264.794921875,62764.07421875,64704.8671875,71971.796875,-1.3143062591552734,0
2.06,-200000,33.550804138183594,1125.6566162109375,60156.9375,62017.09375,71971.796875,-1.4305711984634399,0
2.064,-200000,10.120641708374023,102.42739105224609,57283.26953125,59054.5546875,71971.796875,-1.5250715017318726,0
2.068,-200000,-12.9296875,167.17683410644531,54224.75,55901.4375,71971.796875,-1.6077009439468384,0
2.072,-200000,-35.38531494140625,1252.1204833984375,51068.9921875,52648.08203125,71971.796875,-1.6948190927505493,0
2.076,-200000,-57.040580749511719,3253.628173828125,47905.4921875,49386.7421875,49386.7421875,-1.77170729637146,0
2.08,-200000,-77.700599670410156,6037.3828125,44821.625,46207.5,49386.7421875,-1.7989600896835327,0
2.084,-200000,-97.18267822265625,9444.4736328125,41898.96875,43194.45703125,49386.7421875,-1.7606742382049561,0
2.088,-200000,-115.31787109375,13298.2109375,39209.94921875,40422.26953125,49386.7421875,-1.6793209314346313,0
2.092,-200000,-131.95211791992188,17411.359375,36815.01953125,37953.26953125,49386.7421875,-1.5967309474945068,0
2.096,-200000,-146.94755554199219,21593.583984375,34760.5546875,35835.26171875,49386.7421875,-1.5595859289169312,0
2.1,-200000,-160.18363952636719,25658.796875,33077.40625,34100.0546875,49386.7421875,-1.5930522680282593,0
2.104,-200000,-171.55795288085938,29432.130859375,31780.171875,32762.69921875,49386.7421875,-1.6905609369277954,0
2.108,-200000,-180.98735046386719,32756.421875,30867.287109375,31821.583984375,49386.7421875,-1.8312864303588867,0
2.112,-200000,-188.40827941894531,35497.6796875,30321.791015625,31259.21484375,49386.7421875,-1.9747409820556641,0
2.116,-200000,-193.77754211425781,37549.73828125,30112.728515625,31043.6875,31043.6875,-2.0636208057403564,0
2.12,-200000,-197.07260131835938,38837.61328125,30197.134765625,31130.703125,31043.6875,-2.0772395133972168,0
2.124,-200000,-198.29170227050781,39319.59375,30522.41796875,31466.046875,31043.6875,-2.0544388294219971,0
2.128,-200000,-197.45382690429688,38988.01953125,31029.083984375,31988.384765625,31043.6875,-2.0344703197479248,0
2.132,-200000,-194.59846496582031,37868.5625,31653.59375,32632.208984375,31043.6875,-2.0103030204772949,0
2.136,-200000,-189.78520202636719,36018.42578125,32331.291015625,33330.8671875,31043.6875,-1.9477939605712891,0
2.14,-200000,-183.093017578125,33523.0546875,32999.19921875,34019.4296875,31043.6875,-1.8226099014282227,0
2.144,-200000,-174.619384765625,30491.931640625,33598.625,34637.39453125,31043.6875,-1.6660388708114624,0
2.148,-200000,-164.47929382324219,27053.4375,34077.4296875,35131.01171875,35575.05078125,-1.592673659324646,0
2.152,-200000,-152.80380249023438,23349,34391.8984375,35455.20703125,35575.05078125,-1.7175655364990234,0
2.156,-200000,-139.73884582519531,19526.947265625,34508.14453125,35575.05078125,35575.05078125,-2.0179226398468018,0
2.16,-200000,-125.44316101074219,15735.9873046875,34403.03125,35466.6796875,35575.05078125,-2.3374240398406982,0
2.164,-200000,-110.08699798583984,12119.146484375,34064.58203125,35117.76953125,35575.05078125,-2.5251095294952393,0
2.168,-200000,-93.849754333496094,8807.7763671875,33491.86328125,34527.33203125,35575.05078125,-2.5141615867614746,0
2.172,-200000,-76.918174743652344,5916.4052734375,32694.453125,33705.26171875,35575.05078125,-2.3201808929443359,0
2.176,-200000,-59.484088897705078,3538.35693359375,31691.490234375,32671.275390625,35575.05078125,-2.039076566696167,0
2.18,-200000,-41.742267608642578,1742.416748046875,30510.296875,31453.552734375,35575.05078125,-1.7966617345809937,0
2.184,-200000,-23.888164520263672,570.6444091796875,29184.875,30087.13671875,35575.05078125,-1.6573162078857422,0
2.188,-200000,-6.1156859397888184,37.401611328125,27754.0625,28612.072265625,35575.05078125,-1.6144880056381226,0
2.192,-200000,11.38502311706543,129.61874389648438,26259.712890625,27071.505859375,25509.6875,-1.6398112773895264,0
2.196,-200000,28.429723739624023,808.24920654296875,24744.75,25509.6875,25509.6875,-1.697005033493042,0
2.2,-200000,44.842144012451172,2010.8179931640625,23251.390625,23970.140625,25509.6875,-1.749747633934021,0
2.204,-200000,60.455924987792969,3654.919189453125,21819.38671875,22493.849609375,25509.6875,-1.7820470333099365,0
2.208,-200000,75.116439819335938,5642.4794921875,20484.5625,21117.744140625,25509.6875,-1.7989625930786133,0
2.212,-200000,88.682373046875,7864.56396484375,19277.525390625,19873.375,25509.6875,-1.8025417327880859,0
2.216,-200000,101.02728271484375,10206.5126953125,18222.68359375,18785.912109375,25509.6875,-1.7889658212661743,0
2.22,-200000,112.04069519042969,12553.1171875,17337.57421875,17873.427734375,25509.6875,-1.7917213439941406,0
2.224,-200000,121.62923431396484,14793.669921875,16632.494140625,17146.541015625,25509.6875,-1.8653619289398193,0
2.228,-200000,129.71737670898438,16826.599609375,16110.4267578125,16608.32421875,25509.6875,-2.0027847290039062,0
2.232,-200000,136.24801635742188,18563.521484375,15767.28125,16254.5673828125,25509.6875,-2.129880428314209,0
2.236,-200000,141.18270874023438,19932.556640625,15592.404296875,16074.28125,16074.28125,-2.1714911460876465,0
2.24,-200000,144.5018310546875,20880.77734375,15569.296875,16050.458984375,16074.28125,-2.0951385498046875,0
2.244,-200000,146.20429992675781,21375.697265625,15676.544921875,16161.0263671875,16074.28125,-1.9163450002670288,0
2.248,-200000,146.30722045898438,21405.802734375,15888.888671875,16379.935546875,16074.28125,-1.6922729015350342,0
2.252,-200000,144.8453369140625,20980.171875,16178.3876953125,16678.38671875,16074.28125,-1.5109869241714478,0
2.256,-200000,141.87004089355469,20127.109375,16515.634765625,17026.0625,16074.28125,-1.4436025619506836,0
2.26,-200000,137.44844055175781,18892.07421875,16870.962890625,17392.384765625,16074.28125,-1.4970115423202515,0
2.264,-200000,131.66218566894531,17334.931640625,17215.615234375,17747.697265625,16074.28125,-1.6308803558349609,0
2.268,-200000,124.60610198974609,15526.6796875,17522.802734375,18064.384765625,16074.28125,-1.7914997339248657,0
2.272,-200000,116.38675689697266,13545.8779296875,17768.677734375,18317.859375,16074.28125,-1.9279260635375977,0
2.276,-200000,107.120849609375,11474.875,17933.103515625,18487.37109375,18487.37109375,-2.0122013092041016,0
2.28,-200000,96.933692932128906,9396.140625,18000.27734375,18556.625,18487.37109375,-2.0466010570526123,0
2.284,-200000,85.957359313964844,7388.6669921875,17959.162109375,18514.240234375,18487.37109375,-2.0476112365722656,0
2.288,-200000,74.329078674316406,5524.8115234375,17803.693359375,18353.962890625,18487.37109375,-2.0266456604003906,0
2.292,-200000,62.189533233642578,3867.538330078125,17532.818359375,18074.708984375,18487.37109375,-1.977016806602478,0
2.296,-200000,49.681102752685547,2468.212158203125,17150.30859375,17680.369140625,18487.37109375,-1.8809858560562134,0
2.3,-200000,36.946250915527344,1365.025390625,16664.43359375,17179.46484375,18487.37109375,-1.7423537969589233,0
2.304,-200000,24.125926971435547,582.06036376953125,16087.4326171875,16584.619140625,18487.37109375,-1.6000856161117554,0
2.308,-200000,11.358022689819336,129.00468444824219,15434.8857421875,15911.8935546875,18487.37109375,-1.4998289346694946,0
2.312,-200000,-1.2240146398544312,1.4982118606567383,14724.9609375,15180.0107421875,14409.5439453125,-1.4619344472885132,0
2.316,-200000,-13.492507934570312,182.04777526855469,13977.607421875,14409.5439453125,14409.5439453125,-1.4684534072875977,0
2.32,-200000,-25.326751708984375,641.4443359375,13213.6845703125,13621.9951171875,14409.5439453125,-1.4750669002532959,0
2.324,-200000,-36.61407470703125,1340.5904541015625,12454.1044921875,12838.921875,14409.5439453125,-1.4547653198242188,0
2.328,-200000,-47.250785827636719,2232.63671875,11718.9970703125,12081.078125,14409.5439453125,-1.4345287084579468,0
2.332,-200000,-57.142967224121094,3265.318359375,11026.9296875,11367.607421875,14409.5439453125,-1.4673700332641602,0
2.336,-200000,-66.207138061523438,4383.38525390625,10394.2314453125,10715.341796875,14409.5439453125,-1.5638053417205811,0
2.34,-200000,-74.370773315429688,5531.01171875,9834.388671875,10138.1845703125,14409.5439453125,-1.6831576824188232,0
2.344,-200000,-81.572677612304688,6654.1015625,9357.6328125,9646.6845703125,14409.5439453125,-1.7857377529144287,0
2.348,-200000,-87.763290405273438,7702.39453125,8970.6123046875,9247.693359375,14409.5439453125,-1.8327726125717163,0
2.352,-200000,-92.904708862304688,8631.2861328125,8676.2578125,8944.234375,14409.5439453125,-1.7632917165756226,0
2.356,-200000,-96.970787048339844,9403.333984375,8473.7861328125,8735.5,8735.5,-1.562788724899292,0
2.36,-200000,-99.946937561035156,9989.390625,8358.8544921875,8617.013671875,8735.5,-1.3208955526351929,0
2.364,-200000,-101.82993316650391,10369.333984375,8323.857421875,8580.935546875,8735.5,-1.1470515727996826,0
2.368,-200000,-102.62760162353516,10532.4248046875,8358.349609375,8616.4951171875,8735.5,-1.0634874105453491,0
2.372,-200000,-102.35838317871094,10477.2392578125,8449.5673828125,8710.5341796875,8735.5,-1.0110629796981812,0
2.376,-200000,-101.05081939697266,10211.2685546875,8583.0263671875,8848.1201171875,8735.5,-0.9323384165763855,0
2.38,-200000,-98.742958068847656,9750.171875,8743.1796875,9013.2265625,8735.5,-0.83255946636199951,0
2.384,-200000,-95.48175048828125,9116.763671875,8914.1015625,9189.4345703125,8735.5,-0.76964539289474487,0
2.388,-200000,-91.322372436523438,8339.7763671875,9080.1513671875,9360.6201171875,9628.7705078125,-0.79643362760543823,0
2.392,-200000,-86.327369689941406,7452.4140625,9226.6064453125,9511.6044921875,9628.7705078125,-0.8897215723991394,0
2.396,-200000,-80.565963745117188,6490.8740234375,9340.2578125,9628.7705078125,9628.7705078125,-0.94466114044189453,0
2.4,-200000,-74.11322021484375,5492.76953125,9409.896484375,9700.5625,9628.7705078125,-0.89039313793182373,0
2.404,-200000,-67.049156188964844,4495.5888671875,9426.7109375,9717.896484375,9628.7705078125,-0.78742855787277222,0
2.408,-200000,-59.457908630371094,3535.242919921875,9384.5673828125,9674.451171875,9628.7705078125,-0.75141227245330811,0
2.412,-200000,-51.426860809326172,2644.721923828125,9280.1689453125,9566.8232421875,9628.7705078125,-0.80997496843338013,0
2.416,-200000,-43.045738220214844,1852.935546875,9113.0986328125,9394.5859375,9628.7705078125,-0.90030688047409058,0
2.42,-200000,-34.405754089355469,1183.755859375,8885.7109375,9160.1669921875,9628.7705078125,-0.9593999981880188,0
2.424,-200000,-25.598724365234375,655.29473876953125,8602.943359375,8868.6533203125,9628.7705078125,-0.9385150671005249,0
2.428,-200000,-16.716192245483398,279.43109130859375,8272,8527.474609375,9628.7705078125,-0.80180931091308594,0
2.432,-200000,-7.8486113548278809,61.600700378417969,7901.9609375,8145.99072265625,9628.7705078125,-0.59138423204421997,0
2.436,-200000,0.91548633575439453,0.83811521530151367,7503.32666015625,7735.0263671875,7735.0263671875,-0.42948469519615173,0
2.44,-200000,9.4902772903442383,90.065353393554688,7087.51318359375,7306.35400390625,7735.0263671875,-0.4026704728603363,0
2.444,-200000,17.79339599609375,316.60491943359375,6666.33056640625,6872.14453125,7735.0263671875,-0.48673740029335022,0
2.448,-200000,25.746669769287109,662.8909912109375,6251.47265625,6444.4560546875,7735.0263671875,-0.5949324369430542,0
2.452,-200000,33.276756286621094,1107.342529296875,5854.015625,6034.7060546875,7735.0263671875,-0.64234477281570435,0
2.456,-200000,40.3157958984375,1625.36328125,5483.98046875,5653.2265625,7735.0263671875,-0.57561767101287842,0
2.46,-200000,46.801971435546875,2190.424560546875,5149.9482421875,5308.86328125,7735.0263671875,-0.41786026954650879,0
2.464,-200000,52.67999267578125,2775.181640625,4858.7529296875,5008.66259765625,7735.0263671875,-0.27381196618080139,0
2.468,-200000,57.901573181152344,3352.592529296875,4615.27197265625,4757.6513671875,4412.52099609375,-0.23326118290424347,0
2.472,-200000,62.425773620605469,3896.977294921875,4422.29296875,4558.703125,4412.52099609375,-0.28812280297279358,0
2.476,-200000,66.219345092773438,4385.00146484375,4280.4951171875,4412.52099609375,4412.52099609375,-0.36852455139160156,0
2.48,-200000,69.256935119628906,4796.5224609375,4188.5029296875,4317.6826171875,4412.52099609375,-0.41936150193214417,0
2.484,-200000,71.521217346191406,5115.2841796875,4143.03515625,4270.80859375,4412.52099609375,-0.41653627157211304,0
2.488,-200000,73.003013610839844,5329.43994140625,4139.1279296875,4266.78125,4412.52099609375,-0.3525385856628418,0
2.492,-200000,73.7012939453125,5431.88134765625,4170.41552734375,4299.03662109375,4412.52099609375,-0.24564838409423828,0
2.496,-200000,73.623023986816406,5420.35009765625,4229.45849609375,4359.9052734375,4412.52099609375,-0.14222840964794159,0
2.5,-200000,72.78302001953125,5297.36865234375,4308.1044921875,4440.9833984375,4412.52099609375,-0.084960266947746277,0
2.504,-200000,71.203819274902344,5069.9833984375,4397.86328125,4533.5185546875,4412.52099609375,-0.08389504998922348,0
2.508,-200000,68.91510009765625,4749.29150390625,4490.2685546875,4628.78125,4412.52099609375,-0.11489735543727875,0
2.512,-200000,65.953598022460938,4349.87744140625,4577.23681640625,4718.43994140625,4412.52099609375,-0.12622758746147156,0
2.516,-200000,62.362358093261719,3889.063720703125,4651.37744140625,4794.87353515625,4794.87353515625,-0.054979175329208374,0
2.52,-200000,58.190380096435547,3386.120361328125,4706.27099609375,4851.46484375,4794.87353515625,0.11977676302194595,0
2.524,-200000,53.491954803466797,2861.389404296875,4736.6865234375,4882.8203125,4794.87353515625,0.32550925016403198,0
2.528,-200000,48.326011657714844,2335.403564453125,4738.7412109375,4884.93896484375,4794.87353515625,0.42690157890319824,0
2.532,-200000,42.755474090576172,1828.0306396484375,4709.99609375,4855.3046875,4794.87353515625,0.34505081176757812,0
2.536,-200000,36.846466064453125,1357.662109375,4649.48193359375,4792.91943359375,4794.87353515625,0.1467021256685257,0
2.54,-200000,30.667598724365234,940.50164794921875,4557.6708984375,4698.2685546875,4794.87353515625,-0.015403015539050102,0
2.544,-200000,24.289180755615234,589.9642333984375,4436.38916015625,4573.23583984375,4794.87353515625,-0.033348459750413895,0
2.548,-200000,17.782424926757812,316.214599609375,4288.66552734375,4420.94384765625,4794.87353515625,0.092929624021053314,0
2.552,-200000,11.218655586242676,125.85823822021484,4118.55712890625,4245.57421875,4052.139892578125,0.27051869034767151,0
2.556,-200000,4.6685242652893066,21.795116424560547,3930.92578125,4052.139892578125,4052.139892578125,0.38117045164108276,0
2.56,-200000,-1.798744797706604,3.2354826927185059,3731.20263671875,3846.239501953125,4052.139892578125,0.3504786491394043,0
2.564,-200000,-8.1161069869995117,65.871192932128906,3525.133544921875,3633.797607421875,4052.139892578125,0.16939353942871094,0
2.568,-200000,-14.219395637512207,202.19120788574219,3318.528564453125,3420.80224609375,4052.139892578125,-0.090446770191192627,0
2.572,-200000,-20.047979354858398,401.92147827148438,3117.022216796875,3213.06396484375,4052.139892578125,-0.2904144823551178,0
2.576,-200000,-25.545373916625977,652.56610107421875,2925.848388671875,3015.977783203125,4052.139892578125,-0.32990732789039612,0
2.58,-200000,-30.6597900390625,940.02276611328125,2749.645263671875,2834.324951171875,4052.139892578125,-0.22973820567131042,0
2.584,-200000,-35.344627380371094,1249.2427978515625,2592.294921875,2672.108154296875,4052.139892578125,-0.082124456763267517,0
2.588,-200000,-39.558887481689453,1564.9056396484375,2456.797607421875,2532.419921875,4052.139892578125,0.044337283819913864,0
2.592,-200000,-43.267498016357422,1872.0765380859375,2345.190673828125,2417.361328125,4052.139892578125,0.13085567951202393,0
2.596,-200000,-46.441619873046875,2156.82373046875,2258.509765625,2327.99951171875,2327.99951171875,0.17636808753013611,0
2.6,-200000,-49.058830261230469,2406.768798828125,2196.789794921875,2264.37060546875,2327.99951171875,0.17077891528606415,0
2.604,-200000,-51.103191375732422,2611.536376953125,2159.108642578125,2225.524169921875,2327.99951171875,0.10570232570171356,0
2.608,-200000,-52.565349578857422,2763.115966796875,2143.666015625,2209.604248046875,2327.99951171875,0.015572547912597656,0
2.612,-200000,-53.442436218261719,2856.09375,2147.893798828125,2213.96240234375,2327.99951171875,-0.010334263555705547,0
2.616,-200000,-53.738006591796875,2887.7734375,2168.590576171875,2235.299560546875,2327.99951171875,0.10997698456048965,0
2.62,-200000,-53.461811065673828,2858.165283203125,2202.078125,2269.822998046875,2327.99951171875,0.36834168434143066,0
2.624,-200000,-52.629528045654297,2769.8671875,2244.369873046875,2313.422607421875,2327.99951171875,0.65023452043533325,0
2.628,-200000,-51.262500762939453,2627.84375,2291.337890625,2361.843017578125,2327.99951171875,0.83023053407669067,0
2.632,-200000,-49.3873291015625,2439.108154296875,2338.88818359375,2410.864013671875,2327.99951171875,0.88095062971115112,0
2.636,-200000,-47.035442352294922,2212.332763671875,2383.118408203125,2456.462158203125,2456.462158203125,0.84588801860809326,0
2.64,-200000,-44.242633819580078,1957.4107666015625,2420.46484375,2494.963623046875,2456.462158203125,0.76088178157806396,0
2.644,-200000,-41.048583984375,1684.986083984375,2447.832763671875,2523.177734375,2456.462158203125,0.65836697816848755,0
2.648,-200000,-37.496288299560547,1405.9716796875,2462.694580078125,2538.49951171875,2456.462158203125,0.57064849138259888,0
2.652,-200000,-33.63153076171875,1131.079833984375,2463.169189453125,2538.989013671875,2456.462158203125,0.48653492331504822,0
2.656,-200000,-29.502285003662109,870.384765625,2448.069580078125,2523.421875,2456.462158203125,0.37694558501243591,0
2.66,-200000,-25.158178329467773,632.9339599609375,2416.91943359375,2491.30859375,2456.462158203125,0.27452340722084045,0
2.664,-200000,-20.649862289428711,426.41683959960938,2369.944580078125,2442.880859375,2456.462158203125,0.25373062491416931,0
2.668,-200000,-16.028482437133789,256.91226196289062,2308.03076171875,2379.05224609375,2456.462158203125,0.33710306882858276,0
2.672,-200000,-11.345097541809082,128.71125793457031,2232.66552734375,2301.356201171875,2456.462158203125,0.46978306770324707,0
2.676,-200000,-6.6501374244689941,44.224327087402344,2145.849609375,2211.85498046875,2211.85498046875,0.57306081056594849,0
2.68,-200000,-1.9928913116455078,3.9716160297393799,2049.999267578125,2113.040283203125,2211.85498046875,0.61021202802658081,0
2.684,-200000,2.5789833068847656,6.6511549949645996,1947.826171875,2007.7073974609375,2211.85498046875,0.6080285906791687,0
2.688,-200000,7.0199203491210938,49.279285430908203,1842.2230224609375,1898.837890625,2211.85498046875,0.6117624044418335,0
2.692,-200000,11.286862373352051,127.39327239990234,1736.1334228515625,1789.4674072265625,2211.85498046875,0.6315683126449585,0
2.696,-200000,15.339642524719238,235.30464172363281,1632.432373046875,1682.5592041015625,2211.85498046875,0.64236670732498169,0
2.7,-200000,19.141317367553711,366.39004516601562,1533.8128662109375,1580.889404296875,2211.85498046875,0.61385476589202881,0
2.704,-200000,22.658462524414062,513.40594482421875,1442.6812744140625,1486.939208984375,2211.85498046875,0.54020011425018311,0
2.708,-200000,25.861429214477539,668.8134765625,1361.0716552734375,1402.8056640625,2211.85498046875,0.45582097768783569,0
2.712,-200000,28.724527359008789,825.09844970703125,1290.576171875,1330.1298828125,2211.85498046875,0.40080466866493225,0
2.716,-200000,31.226186752319336,975.07470703125,1232.2965087890625,1270.0478515625,1270.0478515625,0.37204599380493164,0
2.72,-200000,33.349079132080078,1112.1611328125,1186.817138671875,1223.161865234375,1270.0478515625,0.33712968230247498,0
2.724,-200000,35.080150604248047,1230.616943359375,1154.2017822265625,1189.537841796875,1270.0478515625,0.2868037223815918,0
2.728,-200000,36.410675048828125,1325.7373046875,1134.0084228515625,1168.7200927734375,1270.0478515625,0.26379603147506714,0
2.732,-200000,37.336200714111328,1393.991943359375,1125.3277587890625,1159.7708740234375,1270.0478515625,0.33016872406005859,0
2.736,-200000,37.856487274169922,1433.1136474609375,1126.836669921875,1161.3265380859375,1270.0478515625,0.49001789093017578,0
2.74,-200000,37.975414276123047,1442.1322021484375,1136.869140625,1171.6693115234375,1270.0478515625,0.66279888153076172,0
2.744,-200000,37.700824737548828,1421.3521728515625,1153.496826171875,1188.8111572265625,1270.0478515625,0.74471443891525269,0
2.748,-200000,37.044364929199219,1372.284912109375,1174.6185302734375,1210.5859375,1270.0478515625,0.68763333559036255,0
2.752,-200000,36.021251678466797,1297.5306396484375,1198.0517578125,1234.743896484375,1270.0478515625,0.5157812237739563,0
2.756,-200000,34.650047302246094,1200.625732421875,1221.6285400390625,1259.0498046875,1259.0498046875,0.29612079262733459,0
2.76,-200000,32.952411651611328,1085.861328125,1243.281005859375,1281.3720703125,1259.0498046875,0.11758339405059814,0
2.764,-200000,30.952785491943359,958.07501220703125,1261.125,1299.7679443359375,1259.0498046875,0.055972535163164139,0
2.768,-200000,28.678115844726562,822.43438720703125,1273.5299072265625,1312.556396484375,1259.0498046875,0.12784428894519806,0
2.772,-200000,26.157526016235352,684.2161865234375,1279.17578125,1318.376953125,1259.0498046875,0.2861931324005127,0
2.776,-200000,23.421966552734375,548.58856201171875,1277.0963134765625,1316.233154296875,1259.0498046875,0.45231717824935913,0
2.78,-200000,20.503900527954102,420.409912109375,1266.703857421875,1305.519287109375,1259.0498046875,0.55520278215408325,0
2.784,-200000,17.436916351318359,304.04605102539062,1247.8001708984375,1286.031005859375,1259.0498046875,0.57024097442626953,0
2.788,-200000,14.255416870117188,203.21688842773438,1220.566162109375,1257.9547119140625,1259.0498046875,0.52280950546264648,0
2.792,-200000,10.994232177734375,120.87314605712891,1185.5423583984375,1221.84765625,1259.0498046875,0.44666475057601929,0
2.796,-200000,7.6882805824279785,59.109661102294922,1143.587890625,1178.595703125,1178.595703125,0.37224498391151428,0
2.8,-200000,4.372222900390625,19.1163330078125,1095.8349609375,1129.3658447265625,1178.595703125,0.35040345788002014,0
2.804,-200000,1.0801290273666382,1.166678786277771,1043.6275634765625,1075.543701171875,1178.595703125,0.42626971006393433,0
2.808,-200000,-2.1548550128936768,4.6434006690979004,988.4580078125,1018.66796875,1178.595703125,0.58661365509033203,0
2.812,-200000,-5.3008103370666504,28.098592758178711,931.89813232421875,960.3587646484375,1178.595703125,0.76002854108810425,0
2.816,-200000,-8.3273439407348633,69.344650268554688,875.52960205078125,902.2469482421875,1178.595703125,0.8663819432258606,0
2.82,-200000,-11.20586109161377,125.57132720947266,820.87774658203125,845.90478515625,1178.595703125,0.88114243745803833,0
2.824,-200000,-13.909820556640625,193.48310852050781,769.3499755859375,792.78350830078125,1178.595703125,0.84372490644454956,0
2.828,-200000,-16.414958953857422,269.45086669921875,722.18212890625,744.15673828125,1178.595703125,0.78309094905853271,0
2.832,-200000,-18.699502944946289,349.67138671875,680.3934326171875,701.0755615234375,1178.595703125,0.68325507640838623,0
2.836,-200000,-20.744333267211914,430.32733154296875,644.7532958984375,664.33331298828125,664.33331298828125,0.54380500316619873,0
2.84,-200000,-22.533138275146484,507.74234008789062,615.75994873046875,634.44317626953125,664.33331298828125,0.41627877950668335,0
2.844,-200000,-24.05255126953125,578.52520751953125,593.6307373046875,611.62957763671875,664.33331298828125,0.34509509801864624,0
2.848,-200000,-25.292196273803711,639.6951904296875,578.30517578125,595.8299560546875,664.33331298828125,0.31857910752296448,0
2.852,-200000,-26.244775772094727,688.78826904296875,569.4593505859375,586.71063232421875,664.33331298828125,0.31709226965904236,0
2.856,-200000,-26.906078338623047,723.93701171875,566.53045654296875,583.69122314453125,664.33331298828125,0.35398206114768982,0
2.86,-200000,-27.274984359741211,743.9246826171875,568.75030517578125,585.97967529296875,664.33331298828125,0.44359293580055237,0
2.864,-200000,-27.353408813476562,748.208984375,575.18603515625,592.61444091796875,664.33331298828125,0.5847015380859375,0
2.868,-200000,-27.146249771118164,736.9188232421875,584.7861328125,602.51141357421875,664.33331298828125,0.76728469133377075,0
2.872,-200000,-26.661260604858398,710.82275390625,596.42840576171875,614.51385498046875,664.33331298828125,0.95867633819580078,0
2.876,-200000,-25.908960342407227,671.27423095703125,608.96942138671875,627.44268798828125,627.44268798828125,1.103931188583374,0
2.88,-200000,-24.902435302734375,620.1312255859375,621.29266357421875,640.14697265625,627.44268798828125,1.1458145380020142,0
2.884,-200000,-23.657196044921875,559.66290283203125,632.35284423828125,651.5491943359375,627.44268798828125,1.0488364696502686,0
2.888,-200000,-22.190944671630859,492.43798828125,641.21600341796875,660.6865234375,627.44268798828125,0.83152806758880615,0
2.892,-200000,-20.523370742797852,421.208740234375,647.09228515625,666.7445068359375,627.44268798828125,0.57772111892700195,0
2.896,-200000,-18.675893783569336,348.78900146484375,649.36199951171875,669.08447265625,627.44268798828125,0.39861980080604553,0
2.9,-200000,-16.671422958374023,277.93637084960938,647.59295654296875,667.2607421875,627.44268798828125,0.34812808036804199,0
2.904,-200000,-14.534075736999512,211.23934936523438,641.54962158203125,661.03045654296875,627.44268798828125,0.3636627197265625,0
2.908,-200000,-12.288902282714844,151.01713562011719,631.1937255859375,650.35430908203125,627.44268798828125,0.31721371412277222,0
2.912,-200000,-9.9616060256958008,99.233604431152344,616.67645263671875,635.3880615234375,627.44268798828125,0.13637742400169373,0
2.916,-200000,-7.5782532691955566,57.429924011230469,598.32354736328125,616.46759033203125,616.46759033203125,-0.11311835050582886,0
2.92,-200000,-5.1649918556213379,26.677139282226562,576.61376953125,594.0863037109375,616.46759033203125,-0.27242150902748108,0
2.924,-200000,-2.7477679252624512,7.5502281188964844,552.15252685546875,568.8685302734375,616.46759033203125,-0.23444978892803192,0
2.928,-200000,-0.35205236077308655,0.12394086271524429,525.64013671875,541.5361328125,616.46759033203125,-0.035248368978500366,0
2.932,-200000,1.997423529624939,3.9897010326385498,497.84017944335938,512.8763427734375,616.46759033203125,0.18138997256755829,0
2.936,-200000,4.276918888092041,18.292034149169922,469.543701171875,483.70477294921875,616.46759033203125,0.28035536408424377,0
2.94,-200000,6.4639182090759277,41.782238006591797,441.53677368164062,454.83169555664062,616.46759033203125,0.23154148459434509,0
2.944,-200000,8.5373516082763672,72.886375427246094,414.56747436523438,427.02825927734375,616.46759033203125,0.10791090875864029,0
2.948,-200000,10.477788925170898,109.7840576171875,389.3173828125,400.99725341796875,616.46759033203125,0.026373976841568947,0
2.952,-200000,12.267621040344238,150.4945068359375,366.37664794921875,377.34701538085938,616.46759033203125,0.06745455414056778,0
2.956,-200000,13.891201972961426,192.96549987792969,346.22348022460938,356.570556640625,356.570556640625,0.20009231567382812,0
2.96,-200000,15.334986686706543,235.16181945800781,329.20947265625,339.03036499023438,356.570556640625,0.31022843718528748,0
2.964,-200000,16.587627410888672,275.14935302734375,315.55096435546875,324.94940185546875,356.570556640625,0.32072338461875916,0
2.968,-200000,17.640050888061523,311.17138671875,305.32568359375,314.40789794921875,356.570556640625,0.26159366965293884,0
2.972,-200000,18.485494613647461,341.71353149414062,298.47567749023438,307.34603881835938,356.570556640625,0.2309417724609375,0
2.976,-200000,19.119552612304688,365.55728149414062,294.81503295898438,303.57217407226562,356.570556640625,0.29737234115600586,0
2.98,-200000,19.540157318115234,381.81777954101562,294.043212890625,302.77651977539062,356.570556640625,0.42318329215049744,0
2.984,-200000,19.747533798217773,389.965087890625,295.76156616210938,304.54800415039062,356.570556640625,0.49046197533607483,0
2.988,-200000,19.744176864624023,389.83251953125,299.493896484375,308.395751953125,356.570556640625,0.42948094010353088,0
2.992,-200000,19.534744262695312,381.606201171875,304.70858764648438,313.77166748046875,356.570556640625,0.29016479849815369,0
2.996,-200000,19.125982284545898,365.80316162109375,310.84243774414062,320.09530639648438,320.09530639648438,0.17907790839672089,0
3,-200000,18.526575088500977,343.23397827148438,317.32479858398438,326.778076171875,320.09530639648438,0.18056735396385193,0
3.004,-200000,17.747035980224609,314.957275390625,323.6005859375,333.24798583984375,320.09530639648438,0.31141534447669983,0
3.008,-200000,16.799535751342773,282.224365234375,329.15225219726562,338.97137451171875,320.09530639648438,0.51157712936401367,0
3.012,-200000,15.697731018066406,246.41877746582031,333.51864624023438,343.47280883789062,320.09530639648438,0.69241750240325928,0
3.016,-200000,14.456599235534668,208.99325561523438,336.31161499023438,346.35214233398438,320.09530639648438,0.76801472902297974,0
3.02,-200000,13.092229843139648,171.40646362304688,337.228271484375,347.297119140625,320.09530639648438,0.66789120435714722,0
3.024,-200000,11.621640205383301,135.0625,336.05990600585938,346.09268188476562,320.09530639648438,0.39651608467102051,0
3.028,-200000,10.06256103515625,101.255126953125,332.69595336914062,342.62466430664062,320.09530639648438,0.060785423964262009,0
3.032,-200000,8.4332485198974609,71.119674682617188,327.12493896484375,336.88134765625,320.09530639648438,-0.20218074321746826,0
3.036,-200000,6.7522649765014648,45.59307861328125,319.43026733398438,328.94866943359375,328.94866943359375,-0.30730399489402771,0
3.04,-200000,5.0382804870605469,25.384271621704102,309.78311157226562,319.003173828125,328.94866943359375,-0.23585721850395203,0
3.044,-200000,3.30987548828125,10.95527458190918,298.431640625,307.30062866210938,328.94866943359375,-0.016657233238220215,0
3.048,-200000,1.5853506326675415,2.5133368968963623,285.68807983398438,294.16293334960938,328.94866943359375,0.28239813446998596,0
3.052,-200000,-0.11746088415384293,0.013797059655189514,271.91253662109375,279.96133422851562,328.94866943359375,0.55730563402175903,0
3.056,-200000,-1.7813651561737061,3.1732616424560547,257.49725341796875,265.10025024414062,328.94866943359375,0.6948474645614624,0
3.06,-200000,-3.3899719715118408,11.491909980773926,242.84860229492188,249.99853515625,328.94866943359375,0.63357686996459961,0
3.064,-200000,-4.9278435707092285,24.283641815185547,228.3701171875,235.072265625,328.94866943359375,0.40601697564125061,0
3.068,-200000,-6.3806304931640625,40.712444305419922,214.44599914550781,220.71749877929688,328.94866943359375,0.11364090442657471,0
3.072,-200000,-7.735198974609375,59.833301544189453,201.42622375488281,207.2950439453125,328.94866943359375,-0.13585540652275085,0
3.076,-200000,-8.9797267913818359,80.635482788085938,189.6134033203125,195.11689758300781,195.11689758300781,-0.28018197417259216,0
3.08,-200000,-10.103800773620605,102.0867919921875,179.25253295898438,184.43559265136719,195.11689758300781,-0.31335854530334473,0
3.084,-200000,-11.098483085632324,123.17633056640625,170.52279663085938,175.43586730957031,195.11689758300781,-0.25640669465065002,0
3.088,-200000,-11.956377983093262,142.9549560546875,163.53315734863281,168.23005676269531,195.11689758300781,-0.14322729408740997,0
3.092,-200000,-12.671659469604492,160.57096862792969,158.32038879394531,162.85604858398438,195.11689758300781,-0.029106399044394493,0
3.096,-200000,-13.240099906921387,175.30024719238281,154.85063171386719,159.27900695800781,195.11689758300781,0.017009207978844643,0
3.1,-200000,-13.659070014953613,186.5701904296875,153.02328491210938,157.39511108398438,195.11689758300781,-0.062093000859022141,0
3.104,-200000,-13.927536010742188,193.97627258300781,152.67802429199219,157.0391845703125,195.11689758300781,-0.27006945013999939,0
3.108,-200000,-14.046028137207031,197.2908935546875,153.60348510742188,157.99325561523438,195.11689758300781,-0.52977448701858521,0
3.112,-200000,-14.016598701477051,196.46504211425781,155.54814147949219,159.99809265136719,162.76493835449219,-0.72011774778366089,0
3.116,-200000,-13.842768669128418,191.62223815917969,158.23197937011719,162.76493835449219,162.76493835449219,-0.76774042844772339,0
3.12,-200000,-13.529457092285156,183.04621887207031,161.35934448242188,165.98898315429688,162.76493835449219,-0.6934240460395813,0
3.124,-200000,-13.082906723022461,171.16244506835938,164.631591796875,169.36247253417969,162.76493835449219,-0.54696005582809448,0
3.128,-200000,-12.510579109191895,156.51460266113281,167.7593994140625,172.58700561523438,162.76493835449219,-0.34718170762062073,0
3.132,-200000,-11.821060180664062,139.73747253417969,170.474365234375,175.38594055175781,162.76493835449219,-0.12161163985729218,0
3.136,-200000,-11.023954391479492,121.52757263183594,172.5390625,177.51448059082031,162.76493835449219,0.053189598023891449,0
3.14,-200000,-10.129755973815918,102.61196136474609,173.75569152832031,178.76875305175781,162.76493835449219,0.10267530381679535,0
3.144,-200000,-9.149724006652832,83.717453002929688,173.9722900390625,178.99203491210938,162.76493835449219,0.034227810800075531,0
3.148,-200000,-8.0957612991333008,65.541358947753906,173.08744812011719,178.079833984375,162.76493835449219,-0.070089660584926605,0
3.152,-200000,-6.9802727699279785,48.724205017089844,171.05204772949219,175.98149108886719,162.76493835449219,-0.14430141448974609,0
3.156,-200000,-5.8160362243652344,33.826282501220703,167.8692626953125,172.70027160644531,172.70027160644531,-0.18545889854431152,0
3.16,-200000,-4.616058349609375,21.307994842529297,163.5921630859375,168.29086303710938,172.70027160644531,-0.20778946578502655,0
3.164,-200000,-3.3934433460235596,11.515457153320312,158.31950378417969,162.85514831542969,172.70027160644531,-0.19221989810466766,0
3.168,-200000,-2.1612567901611328,4.6710309982299805,152.18949890136719,156.53556823730469,172.70027160644531,-0.10309078544378281,0
3.172,-200000,-0.93239432573318481,0.86935919523239136,145.37260437011719,149.5078125,172.70027160644531,0.052247904241085052,0
3.176,-200000,0.28054586052894592,0.078705988824367523,138.06303405761719,141.97221374511719,172.70027160644531,0.19847473502159119,0
3.18,-200000,1.4653851985931396,2.1473536491394043,130.46965026855469,134.14396667480469,172.70027160644531,0.23938140273094177,0
3.184,-200000,2.6104805469512939,6.8146085739135742,122.80662536621094,126.24393463134766,104.21169281005859,0.13409623503684998,0
3.188,-200000,3.7048308849334717,13.725771903991699,115.28448486328125,118.48915863037109,104.21169281005859,-0.068372711539268494,0
3.192,-200000,4.7381796836853027,22.450344085693359,108.10136413574219,111.08388519287109,104.21169281005859,-0.27590036392211914,0
3.196,-200000,5.7011022567749023,32.5025634765625,101.43534851074219,104.21169281005859,104.21169281005859,-0.43429726362228394,0
3.2,-200000,6.5850896835327148,43.3634033203125,95.437950134277344,98.02880859375,104.21169281005859,-0.54143029451370239,0
3.204,-200000,7.3826141357421875,54.50299072265625,90.228858947753906,92.658615112304688,104.21169281005859,-0.59495991468429565,0
3.208,-200000,8.0871915817260742,65.402671813964844,85.892433166503906,88.188072204589844,104.21169281005859,-0.5797545313835144,0
3.212,-200000,8.6934261322021484,75.575660705566406,82.475563049316406,84.66552734375,104.21169281005859,-0.5179370641708374,0
3.216,-200000,9.197047233581543,84.585678100585938,79.987411499023438,82.100425720214844,104.21169281005859,-0.47562280297279358,0
3.22,-200000,9.5949249267578125,92.062583923339844,78.400535583496094,80.464462280273438,104.21169281005859,-0.48405417799949646,0
3.224,-200000,9.885096549987793,97.715133666992188,77.653587341308594,79.694419860839844,104.21169281005859,-0.50666743516921997,0
3.228,-200000,10.066744804382324,101.33934020996094,77.6552734375,79.696151733398438,104.21169281005859,-0.50014162063598633,0
3.232,-200000,10.140202522277832,102.82370758056641,78.289352416992188,80.349838256835938,104.21169281005859,-0.43542543053627014,0
3.236,-200000,10.106915473937988,102.14974212646484,79.420494079589844,81.515968322753906,81.515968322753906,-0.27992209792137146,0
3.24,-200000,9.9694118499755859,99.389183044433594,80.90057373046875,83.041831970214844,81.515968322753906,-0.037769567221403122,0
3.244,-200000,9.7312545776367188,94.697311401367188,82.575424194335938,84.768470764160156,81.515968322753906,0.20301763713359833,0
3.248,-200000,9.3969831466674805,88.30328369140625,84.291221618652344,86.537338256835938,81.515968322753906,0.3067467212677002,0
3.252,-200000,8.9720458984375,80.497604370117188,85.900901794433594,88.196800231933594,81.515968322753906,0.18801005184650421,0
3.256,-200000,8.4627351760864258,71.617897033691406,87.269798278808594,89.6080322265625,81.515968322753906,-0.12497886270284653,0
3.26,-200000,7.8760900497436523,62.032794952392578,88.280616760253906,90.650123596191406,81.515968322753906,-0.49533715844154358,0
3.264,-200000,7.219820499420166,52.125812530517578,88.837448120117188,91.224166870117188,81.515968322753906,-0.73331785202026367,0
3.268,-200000,6.5022072792053223,42.278697967529297,88.8687744140625,91.256454467773438,81.515968322753906,-0.70535886287689209,0
3.272,-200000,5.7320060729980469,32.855888366699219,88.3292236328125,90.700233459472656,89.536415100097656,-0.43983453512191772,0
3.276,-200000,4.9183440208435059,24.190105438232422,87.2003173828125,89.536415100097656,89.536415100097656,-0.11181789636611938,0
3.28,-200000,4.0706191062927246,16.569940567016602,85.489990234375,87.773178100585938,89.536415100097656,0.11008628457784653,0
3.284,-200000,3.1983909606933594,10.229703903198242,83.231056213378906,85.444381713867188,89.536415100097656,0.18736442923545837,0
3.288,-200000,2.3112838268280029,5.3420324325561523,80.478797912597656,82.60699462890625,89.536415100097656,0.18357200920581818,0
3.292,-200000,1.418876051902771,2.0132095813751221,77.307640075683594,79.3377685546875,89.536415100097656,0.17535421252250671,0
3.296,-200000,0.53060406446456909,0.2815406322479248,73.807273864746094,75.729148864746094,89.536415100097656,0.19561731815338135,0
3.3,-200000,-0.34433525800704956,0.11856677383184433,70.078231811523438,71.884765625,89.536415100097656,0.20606398582458496,0
3.304,-200000,-1.1970775127410889,1.4329946041107178,66.227378845214844,67.914817810058594,89.536415100097656,0.11819486320018768,0
3.308,-200000,-2.0191771984100342,4.0770759582519531,62.363090515136719,63.931018829345703,89.536415100097656,-0.12319419533014297,0
3.312,-200000,-2.8026893138885498,7.855067253112793,58.590892791748047,60.042156219482422,89.536415100097656,-0.45586198568344116,0
3.316,-200000,-3.5402407646179199,12.533305168151855,55.009113311767578,56.349597930908203,56.349597930908203,-0.71958827972412109,0
3.32,-200000,-4.2251005172729492,17.851476669311523,51.705219268798828,52.943523406982422,56.349597930908203,-0.79175978899002075,0
3.324,-200000,-4.8512330055236816,23.534463882446289,48.752655029296875,49.899646759033203,56.349597930908203,-0.68411719799041748,0
3.328,-200000,-5.4133481979370117,29.304336547851562,46.208454132080078,47.276752471923828,56.349597930908203,-0.50765180587768555,0
3.332,-200000,-5.9069442749023438,34.891990661621094,44.111541748046875,45.114990234375,56.349597930908203,-0.37706446647644043,0
3.336,-200000,-6.3283371925354004,40.0478515625,42.481952667236328,43.43499755859375,56.349597930908203,-0.32443132996559143,0
3.34,-200000,-6.6746749877929688,44.551288604736328,41.320732116699219,42.237865447998047,56.349597930908203,-0.28985396027565002,0
3.344,-200000,-6.9439635276794434,48.2186279296875,40.610759735107422,41.505939483642578,56.349597930908203,-0.20786845684051514,0
3.348,-200000,-7.1350545883178711,50.909008026123047,40.318107604980469,41.204235076904297,56.349597930908203,-0.080974280834197998,0
3.352,-200000,-7.2476487159729004,52.528411865234375,40.394195556640625,41.282672882080078,56.349597930908203,0.032072395086288452,0
3.356,-200000,-7.2822751998901367,53.031536102294922,40.778301239013672,41.678661346435547,41.678661346435547,0.078902341425418854,0
3.36,-200000,-7.2402701377868652,52.4215087890625,41.40057373046875,42.320178985595703,41.678661346435547,0.067739225924015045,0
3.364,-200000,-7.1237401962280273,50.747673034667969,42.185211181640625,43.129081726074219,41.678661346435547,0.057053398340940475,0
3.368,-200000,-6.9355301856994629,48.101581573486328,43.053825378417969,44.024559020996094,41.678661346435547,0.086500510573387146,0
3.372,-200000,-6.679168701171875,44.611289978027344,43.928668975830078,44.926464080810547,41.678661346435547,0.13684292137622833,0
3.376,-200000,-6.3588204383850098,40.434593200683594,44.73577880859375,45.758533477783203,41.678661346435547,0.16069932281970978,0
3.38,-200000,-5.9792251586914062,35.751129150390625,45.407859802246094,46.451404571533203,41.678661346435547,0.12354627996683121,0
3.384,-200000,-5.5456390380859375,30.754114151000977,45.886650085449219,46.944995880126953,41.678661346435547,0.015533613972365856,0
3.388,-200000,-5.0637626647949219,25.641693115234375,46.124969482421875,47.190692901611328,41.678661346435547,-0.14077329635620117,0
3.392,-200000,-4.5396728515625,20.608627319335938,46.088134765625,47.1527099609375,41.678661346435547,-0.2887326180934906,0
3.396,-200000,-3.9797523021697998,15.83842945098877,45.754852294921875,46.809123992919922,46.809123992919922,-0.37000817060470581,0
3.4,-200000,-3.3906130790710449,11.496256828308105,45.117511749267578,46.152069091796875,46.809123992919922,-0.35164180397987366,0
3.404,-200000,-2.7790255546569824,7.7229828834533691,44.181907653808594,45.187530517578125,46.809123992919922,-0.21435002982616425,0
3.408,-200000,-2.151841402053833,4.6304221153259277,42.966461181640625,43.934497833251953,46.809123992919922,0.01858692429959774,0
3.412,-200000,-1.5159206390380859,2.2980151176452637,41.500907897949219,42.423614501953125,46.809123992919922,0.22728952765464783,0
3.416,-200000,-0.87806212902069092,0.77099311351776123,39.824615478515625,40.695476531982422,46.809123992919922,0.25475993752479553,0
3.42,-200000,-0.24493241310119629,0.059991888701915741,37.984569549560547,38.79852294921875,46.809123992919922,0.042948871850967407,0
3.424,-200000,0.3769996166229248,0.14212870597839355,36.033103942871094,36.786705017089844,46.809123992919922,-0.30605983734130859,0
3.428,-200000,0.98152530193328857,0.96339195966720581,34.025585174560547,34.717094421386719,46.809123992919922,-0.59734046459197998,0
3.432,-200000,1.5627543926239014,2.4422011375427246,32.017955780029297,32.647380828857422,46.809123992919922,-0.68902617692947388,0
3.436,-200000,2.1151695251464844,4.4739418029785156,30.064437866210938,30.633438110351562,30.633438110351562,-0.5874970555305481,0
3.44,-200000,2.6336727142333984,6.9362320899963379,28.215377807617188,28.727193832397461,30.633438110351562,-0.42250943183898926,0
3.444,-200000,3.113631010055542,9.6946992874145508,26.515329360961914,26.974563598632812,30.633438110351562,-0.34899315237998962,0
3.448,-200000,3.5509109497070312,12.608968734741211,25.001443862915039,25.413858413696289,30.633438110351562,-0.41940775513648987,0
3.452,-200000,3.9419128894805908,15.538678169250488,23.702264785766602,24.074499130249023,30.633438110351562,-0.53006821870803833,0
3.456,-200000,4.2835922241210938,18.349163055419922,22.636886596679688,22.976171493530273,30.633438110351562,-0.53520137071609497,0
3.46,-200000,4.5734825134277344,20.916742324829102,21.814569473266602,22.128423690795898,30.633438110351562,-0.39616784453392029,0
3.464,-200000,4.8097052574157715,23.133264541625977,21.234716415405273,21.530633926391602,30.633438110351562,-0.19808745384216309,0
3.468,-200000,4.9909734725952148,24.909816741943359,20.887338638305664,21.172512054443359,30.633438110351562,-0.06086425855755806,0
3.472,-200000,5.1166000366210938,26.179595947265625,20.753810882568359,21.034856796264648,30.633438110351562,-0.04183877632021904,0
3.476,-200000,5.1864814758300781,26.899591445922852,20.808004379272461,21.090724945068359,21.090724945068359,-0.088510848581790924,0
3.48,-200000,5.2010946273803711,27.051385879516602,21.017633438110352,21.306835174560547,21.090724945068359,-0.086373604834079742,0
3.484,-200000,5.1614723205566406,26.640798568725586,21.345851898193359,21.645208358764648,21.090724945068359,0.025715598836541176,0
3.488,-200000,5.069185733795166,25.696645736694336,21.752944946289062,22.064889907836914,21.090724945068359,0.19123682379722595,0
3.492,-200000,4.9263138771057129,24.268566131591797,22.198053359985352,22.523767471313477,21.090724945068359,0.29390829801559448,0
3.496,-200000,4.73541259765625,22.42413330078125,22.640905380249023,22.980312347412109,21.090724945068359,0.27081698179244995,0
3.5,-200000,4.499476432800293,20.245290756225586,23.043437957763672,23.395294189453125,21.090724945068359,0.15185372531414032,0
3.504,-200000,4.2219023704528809,17.824459075927734,23.371271133422852,23.733270645141602,21.090724945068359,0.010467557236552238,0
3.508,-200000,3.9064414501190186,15.260284423828125,23.594934463500977,23.963848114013672,21.090724945068359,-0.090793833136558533,0
3.512,-200000,3.5571563243865967,12.653361320495605,23.690898895263672,24.062780380249023,24.012649536132812,-0.1373668909072876,0
3.516,-200000,3.178372859954834,10.102053642272949,23.64227294921875,24.012649536132812,24.012649536132812,-0.16510903835296631,0
3.52,-200000,2.7746291160583496,7.6985664367675781,23.439214706420898,23.803310394287109,24.012649536132812,-0.19797293841838837,0
3.524,-200000,2.3506255149841309,5.5254402160644531,23.079034805297852,23.431991577148438,24.012649536132812,-0.19894905388355255,0
3.528,-200000,1.9111719131469727,3.6525778770446777,22.565999984741211,22.903091430664062,24.012649536132812,-0.10875580459833145,0
3.532,-200000,1.4611374139785767,2.1349227428436279,21.910858154296875,22.227687835693359,24.012649536132812,0.083930015563964844,0
3.536,-200000,1.0053983926773071,1.0108258724212646,21.130117416381836,21.422800064086914,24.012649536132812,0.31318631768226624,0
3.54,-200000,0.54878920316696167,0.30116957426071167,20.245113372802734,20.510427474975586,24.012649536132812,0.45851603150367737,0
3.544,-200000,0.096051990985870361,0.0092259850353002548,19.280925750732422,19.516414642333984,24.012649536132812,0.4123653769493103,0
3.548,-200000,-0.34820881485939026,0.12124937772750854,18.265172958374023,18.469249725341797,24.012649536132812,0.16105791926383972,0
3.552,-200000,-0.77957189083099365,0.60773229598999023,17.226757049560547,17.398717880249023,24.012649536132812,-0.19595833122730255,0
3.556,-200000,-1.1938406229019165,1.4252554178237915,16.194635391235352,16.334676742553711,16.334676742553711,-0.51064234972000122,0
3.56,-200000,-1.5870815515518188,2.5188281536102295,15.196578979492188,15.305750846862793,16.334676742553711,-0.65900421142578125,0
3.564,-200000,-1.9556598663330078,3.8246054649353027,14.25811767578125,14.338264465332031,16.334676742553711,-0.57989758253097534,0
3.568,-200000,-2.2962710857391357,5.2728605270385742,13.401542663574219,13.455198287963867,16.334676742553711,-0.30351847410202026,0
3.572,-200000,-2.6059672832489014,6.7910652160644531,12.645139694213867,12.675399780273438,16.334676742553711,0.047229092568159103,0
3.576,-200000,-2.8821823596954346,8.3069744110107422,12.002586364746094,12.012974739074707,16.334676742553711,0.31920632719993591,0
3.58,-200000,-3.1227493286132812,9.7515621185302734,11.482595443725586,11.476902961730957,16.334676742553711,0.42217755317687988,0
3.584,-200000,-3.3259162902832031,11.061718940734863,11.088747978210449,11.070874214172363,16.334676742553711,0.37352505326271057,0
3.588,-200000,-3.490354061126709,12.182571411132812,10.819564819335938,10.793365478515625,16.334676742553711,0.25583729147911072,0
3.592,-200000,-3.6151633262634277,13.069404602050781,10.668782234191895,10.637919425964355,10.593602180480957,0.13277065753936768,0
3.596,-200000,-3.6998744010925293,13.689069747924805,10.62579345703125,10.593602180480957,10.593602180480957,0.018105959519743919,0
3.6,-200000,-3.7444450855255127,14.020869255065918,10.676284790039062,10.645652770996094,10.593602180480957,-0.077423438429832458,0
3.604,-200000,-3.7492485046386719,14.056864738464355,10.802963256835938,10.776249885559082,10.593602180480957,-0.11806218326091766,0
3.608,-200000,-3.7150669097900391,13.801722526550293,10.98638916015625,10.965350151062012,10.593602180480957,-0.08389756828546524,0
3.612,-200000,-3.6430697441101074,13.271957397460938,11.205868721008301,11.191617012023926,10.593602180480957,0.008343799039721489,0
3.616,-200000,-3.534797191619873,12.494791984558105,11.440343856811523,11.433344841003418,10.593602180480957,0.13023073971271515,0
3.62,-200000,-3.3921337127685547,11.506571769714355,11.669276237487793,11.669355392456055,10.593602180480957,0.24985846877098083,0
3.624,-200000,-3.21728515625,10.350924491882324,11.873451232910156,11.879847526550293,10.593602180480957,0.34291714429855347,0
3.628,-200000,-3.0127456188201904,9.0766353607177734,12.035717964172363,12.047131538391113,10.593602180480957,0.39810842275619507,0
3.632,-200000,-2.781266450881958,7.735443115234375,12.141581535339355,12.156270027160645,10.593602180480957,0.38431653380393982,0
3.636,-200000,-2.5258247852325439,6.3797903060913086,12.179699897766113,12.19556713104248,12.19556713104248,0.264476478099823,0
3.64,-200000,-2.2495830059051514,5.0606231689453125,12.142186164855957,12.156893730163574,12.19556713104248,0.074225783348083496,0
3.644,-200000,-1.9558569192886353,3.825376033782959,12.024800300598145,12.035876274108887,12.19556713104248,-0.070604622364044189,0
3.648,-200000,-1.6480739116668701,2.7161476612091064,11.826942443847656,11.83189868927002,12.19556713104248,-0.083941400051116943,0
3.652,-200000,-1.3297374248504639,1.7682015895843506,11.551533699035645,11.547971725463867,12.19556713104248,0.020649027079343796,0
3.656,-200000,-1.0043866634368896,1.008792519569397,11.20472526550293,11.190437316894531,12.19556713104248,0.17648717761039734,0
3.66,-200000,-0.67555999755859375,0.45638132095336914,10.795519828796387,10.768575668334961,12.19556713104248,0.3087557852268219,0
3.664,-200000,-0.34675726294517517,0.12024060636758804,10.335258483886719,10.29408073425293,12.19556713104248,0.36768969893455505,0
3.668,-200000,-0.021404361352324486,0.00045814667828381062,9.837071418762207,9.7804851531982422,12.19556713104248,0.36973771452903748,0
3.672,-200000,0.29718154668807983,0.088316880166530609,9.31524658203125,9.2425212860107422,12.19556713104248,0.35372066497802734,0
3.676,-200000,0.60582435131072998,0.36702314019203186,8.7845945358276367,8.6954574584960938,8.6954574584960938,0.31957831978797913,0
3.68,-200000,0.90151959657669067,0.81273764371871948,8.259821891784668,8.1544551849365234,8.6954574584960938,0.25136250257492065,0
3.684,-200000,1.1814616918563843,1.395851731300354,7.7549233436584473,7.6339406967163086,8.6954574584960938,0.13775837421417236,0
3.688,-200000,1.4430698156356812,2.0824503898620605,7.2826385498046875,7.1470503807067871,8.6954574584960938,-0.018096501007676125,0
3.692,-200000,1.6840101480484009,2.835890531539917,6.8539848327636719,6.7051382064819336,8.6954574584960938,-0.16010861098766327,0
3.696,-200000,1.9022144079208374,3.6184196472167969,6.4778709411621094,6.3173928260803223,8.6954574584960938,-0.20850667357444763,0
3.7,-200000,2.0958964824676514,4.3927826881408691,6.1608214378356934,5.990537166595459,8.6954574584960938,-0.14518198370933533,0
3.704,-200000,2.2635650634765625,5.1237273216247559,5.9068059921264648,5.728665828704834,8.6954574584960938,-0.021697890013456345,0
3.708,-200000,2.4040317535400391,5.7793684005737305,5.7171883583068848,5.5331830978393555,8.6954574584960938,0.097067520022392273,0
3.712,-200000,2.5164191722869873,6.3323655128479004,5.5907683372497559,5.4028539657592773,8.6954574584960938,0.17248964309692383,0
3.716,-200000,2.6001605987548828,6.7608351707458496,5.5239439010620117,5.3339629173278809,5.3339629173278809,0.20739805698394775,0
3.72,-200000,2.6550021171569824,7.0490365028381348,5.510953426361084,5.3205704689025879,5.3339629173278809,0.23452182114124298,0
3.724,-200000,2.6809952259063721,7.1877355575561523,5.5441994667053223,5.3548445701599121,5.3339629173278809,0.28220763802528381,0
3.728,-200000,2.6784927845001221,7.1743230819702148,5.6146340370178223,5.4274582862854004,5.3339629173278809,0.35167393088340759,0
3.732,-200000,2.6481354236602783,7.0126214027404785,5.7121877670288086,5.5280289649963379,5.3339629173278809,0.4158484935760498,0
3.736,-200000,2.5908420085906982,6.7124624252319336,5.8262205123901367,5.6455879211425781,5.3339629173278809,0.42952004075050354,0
3.74,-200000,2.5077910423278809,6.2890157699584961,5.9459776878356934,5.7690491676330566,5.3339629173278809,0.35691937804222107,0
3.744,-200000,2.400404691696167,5.7619428634643555,6.0610313415527344,5.8876609802246094,5.3339629173278809,0.20955617725849152,0
3.748,-200000,2.2703254222869873,5.1543769836425781,6.1616950035095215,5.9914383888244629,5.3339629173278809,0.055403072386980057,0
3.752,-200000,2.1193993091583252,4.4918532371520996,6.239377498626709,6.0715231895446777,5.3339629173278809,-0.019451165571808815,0
3.756,-200000,1.9496457576751709,3.8011183738708496,6.2868943214416504,6.120509147644043,6.120509147644043,0.029597129672765732,0
3.76,-200000,1.7632389068603516,3.1090114116668701,6.2986974716186523,6.1326775550842285,6.120509147644043,0.17509400844573975,0
3.764,-200000,1.5624767541885376,2.4413332939147949,6.2710328102111816,6.1041579246520996,6.120509147644043,0.3377530574798584,0
3.768,-200000,1.3497568368911743,1.8218435049057007,6.2020125389099121,6.0330023765563965,6.120509147644043,0.43364709615707397,0
3.772,-200000,1.1275489330291748,1.2713667154312134,6.0916175842285156,5.9191932678222656,6.120509147644043,0.42534121870994568,0
3.776,-200000,0.89836710691452026,0.80706346035003662,5.941619873046875,5.7645559310913086,6.120509147644043,0.34623917937278748,0
3.78,-200000,0.66474294662475586,0.44188317656517029,5.7554268836975098,5.5726041793823242,6.120509147644043,0.27361974120140076,0
3.784,-200000,0.42919939756393433,0.18421213328838348,5.5378761291503906,5.3483262062072754,6.120509147644043,0.27447190880775452,0
3.788,-200000,0.19422368705272675,0.037722844630479813,5.2949790954589844,5.0979170799255371,6.120509147644043,0.36041721701622009,0
3.792,-200000,-0.037756670266389847,0.0014255661517381668,5.0336189270019531,4.8284735679626465,6.120509147644043,0.46338272094726562,0
3.796,-200000,-0.26439818739891052,0.06990639865398407,4.7612366676330566,4.5476670265197754,4.5476670265197754,0.44996985793113708,0
3.8,-200000,-0.48346370458602905,0.23373715579509735,4.4854941368103027,4.2633957862854004,4.5476670265197754,0.21843871474266052,0
3.804,-200000,-0.69284331798553467,0.48003187775611877,4.2139573097229004,3.9834606647491455,4.5476670265197754,-0.17402713000774384,0
3.808,-200000,-0.89057302474975586,0.79312026500701904,3.9537849426269531,3.7152416706085205,4.5476670265197754,-0.51986855268478394,0
3.812,-200000,-1.0748525857925415,1.1553081274032593,3.7114520072937012,3.4654140472412109,4.5476670265197754,-0.63048332929611206,0
3.816,-200000,-1.2440595626831055,1.5476843118667603,3.4925098419189453,3.2397003173828125,4.5476670265197754,-0.48802828788757324,0
3.82,-200000,-1.3967628479003906,1.9509464502334595,3.3013973236083984,3.042677640914917,4.5476670265197754,-0.23782789707183838,0
3.824,-200000,-1.5317332744598389,2.3462066650390625,3.1413033008575439,2.877631664276123,4.5476670265197754,-0.044023972004652023,0
3.828,-200000,-1.6479517221450806,2.715745210647583,3.014085054397583,2.7464790344238281,4.5476670265197754,0.0448024682700634,0
3.832,-200000,-1.7446143627166748,3.0436794757843018,2.9202499389648438,2.6497416496276855,4.5476670265197754,0.0930279940366745,0
3.836,-200000,-1.8211381435394287,3.3165442943572998,2.8589851856231689,2.5865821838378906,2.5865821838378906,0.16883309185504913,0
3.84,-200000,-1.8771600723266602,3.5237300395965576,2.8282470703125,2.5548934936523438,2.5865821838378906,0.24909265339374542,0
3.844,-200000,-1.9125372171401978,3.6577982902526855,2.8248953819274902,2.551438570022583,2.5865821838378906,0.24428971111774445,0
3.848,-200000,-1.9273430109024048,3.7146511077880859,2.8448653221130371,2.5720260143280029,2.5865821838378906,0.1193845123052597,0
3.852,-200000,-1.9218622446060181,3.6935546398162842,2.8833727836608887,2.6117243766784668,2.5865821838378906,-0.069588147103786469,0
3.856,-200000,-1.8965833187103271,3.5970282554626465,2.9351375102996826,2.6650900840759277,2.5865821838378906,-0.25740242004394531,0
3.86,-200000,-1.8521890640258789,3.4306042194366455,2.9946219921112061,2.7264144420623779,2.5865821838378906,-0.40958800911903381,0
3.864,-200000,-1.7895454168319702,3.2024726867675781,3.0562663078308105,2.7899646759033203,2.5865821838378906,-0.50361382961273193,0
3.868,-200000,-1.7096879482269287,2.9230327606201172,3.1147181987762451,2.8502247333526611,2.5865821838378906,-0.54467010498046875,0
3.872,-200000,-1.6138095855712891,2.6043810844421387,3.1650390625,2.9021015167236328,2.5865821838378906,-0.57709014415740967,0
3.876,-200000,-1.5032422542572021,2.2597370147705078,3.2028934955596924,2.9411270618438721,2.9411270618438721,-0.6261332631111145,0
3.88,-200000,-1.3794422149658203,1.9028609991073608,3.2246959209442139,2.9636034965515137,2.9411270618438721,-0.64018231630325317,0
3.884,-200000,-1.2439718246459961,1.5474659204483032,3.2277286052703857,2.9667301177978516,2.9411270618438721,-0.53558474779129028,0
3.888,-200000,-1.0984811782836914,1.2066608667373657,3.210212230682373,2.9486720561981201,2.9411270618438721,-0.3037513792514801,0
3.892,-200000,-0.94468897581100464,0.89243727922439575,3.1713435649871826,2.9086012840270996,2.9411270618438721,-0.029403757303953171,0
3.896,-200000,-0.78436356782913208,0.615226149559021,3.1112797260284424,2.8466796875,2.9411270618438721,0.19650761783123016,0
3.9,-200000,-0.61930406093597412,0.38353753089904785,3.0310947895050049,2.764014720916748,2.9411270618438721,0.33010190725326538,0
3.904,-200000,-0.4513205885887146,0.20369026064872742,2.9326941967010498,2.6625709533691406,2.9411270618438721,0.3683171272277832,0
3.908,-200000,-0.28221529722213745,0.07964547723531723,2.8186995983123779,2.5450508594512939,2.9411270618438721,0.34320822358131409,0
3.912,-200000,-0.11376433074474335,0.012942321598529816,2.6923110485076904,2.4147536754608154,2.9411270618438721,0.29088506102561951,0
3.916,-200000,0.05230022594332695,0.0027353137265890837,2.5571491718292236,2.2754111289978027,2.2754111289978027,0.21851623058319092,0
3.92,-200000,0.21430735290050507,0.045927636325359344,2.4170868396759033,2.1310172080993652,2.2754111289978027,0.13543400168418884,0
3.924,-200000,0.37066301703453064,0.13739106059074402,2.2760798931121826,1.9856491088867188,2.2754111289978027,0.076881110668182373,0
3.928,-200000,0.51986521482467651,0.2702597975730896,2.1379985809326172,1.8432973623275757,2.2754111289978027,0.055581748485565186,0
3.932,-200000,0.66051751375198364,0.43628334999084473,2.0064716339111328,1.70770263671875,2.2754111289978027,0.035080850124359131,0
3.936,-200000,0.79134118556976318,0.62622088193893433,1.8847471475601196,1.5822134017944336,2.2754111289978027,-0.010093818418681622,0
3.94,-200000,0.9111865758895874,0.83026105165481567,1.7755718231201172,1.4696614742279053,2.2754111289978027,-0.045327711850404739,0
3.944,-200000,1.0190416574478149,1.0384460687637329,1.6811021566390991,1.3722702264785767,2.2754111289978027,-0.0312652587890625,0
3.948,-200000,1.1140401363372803,1.241085410118103,1.6028362512588501,1.2915836572647095,2.2754111289978027,-0.0055813072249293327,0
3.952,-200000,1.1954669952392578,1.4291414022445679,1.5415818691253662,1.2284349203109741,2.2754111289978027,-0.043152116239070892,0
3.956,-200000,1.2627639770507812,1.5945727825164795,1.4974511861801147,1.1829392910003662,1.1829392910003662,-0.13590367138385773,0
3.96,-200000,1.3155301809310913,1.7306197881698608,1.4698833227157593,1.1545188426971436,1.1829392910003662,-0.19253098964691162,0
3.964,-200000,1.3535242080688477,1.832027792930603,1.4576972723007202,1.1419559717178345,1.1829392910003662,-0.15758618712425232,0
3.968,-200000,1.3766645193099976,1.8952051401138306,1.4591643810272217,1.1434684991836548,1.1829392910003662,-0.056759048253297806,0
3.972,-200000,1.3850237131118774,1.9182907342910767,1.4721028804779053,1.1568069458007812,1.1829392910003662,0.039608318358659744,0
3.976,-200000,1.378827691078186,1.9011657238006592,1.4939849376678467,1.179365873336792,1.1829392910003662,0.046101778745651245,0
3.98,-200000,1.3584489822387695,1.8453836441040039,1.5220550298690796,1.2083040475845337,1.1829392910003662,-0.069409213960170746,0
3.984,-200000,1.3243997097015381,1.7540346384048462,1.5534512996673584,1.2406715154647827,1.1829392910003662,-0.23003844916820526,0
3.988,-200000,1.2773233652114868,1.6315549612045288,1.5853278636932373,1.273533821105957,1.1829392910003662,-0.32673734426498413,0
3.992,-200000,1.2179849147796631,1.4834871292114258,1.6149692535400391,1.3040920495986938,1.1829392910003662,-0.32074227929115295,0
3.996,-200000,1.1472616195678711,1.3162091970443726,1.6398952007293701,1.3297888040542603,1.3297888040542603,-0.23244957625865936,0
4,-200000,1.0661306381225586,1.1366345882415771,1.6579532623291016,1.3484054803848267,1.3297888040542603,-0.096473373472690582,0
4.004,-200000,0.97565686702728271,0.95190638303756714,1.6673905849456787,1.3581346273422241,1.3297888040542603,0.033074516803026199,0
4.008,-200000,0.8769795298576355,0.76909303665161133,1.6669101715087891,1.3576393127441406,1.3297888040542603,0.090981028974056244,0
4.012,-200000,0.77129966020584106,0.59490317106246948,1.6557022333145142,1.3460845947265625,1.3297888040542603,0.05571393296122551,0
4.016,-200000,0.65986573696136475,0.43542280793190002,1.633456826210022,1.3231513500213623,1.3297888040542603,-0.02359580434858799,0
4.02,-200000,0.54395961761474609,0.29589208960533142,1.6003557443618774,1.2890266180038452,1.3297888040542603,-0.082505680620670319,0
4.024,-200000,0.42488297820091248,0.18052554130554199,1.557042121887207,1.2443733215332031,1.3297888040542603,-0.10913177579641342,0
4.028,-200000,0.30394220352172852,0.092380866408348083,1.5045747756958008,1.1902831792831421,1.3297888040542603,-0.12979626655578613,0
4.032,-200000,0.18243598937988281,0.033282894641160965,1.4443670511245728,1.1282135248184204,1.3297888040542603,-0.16235236823558807,0
4.036,-200000,0.061640940606594086,0.0037996056489646435,1.3781121969223022,1.059909462928772,1.059909462928772,-0.20231115818023682,0
4.04,-200000,-0.057200770825147629,0.0032719280570745468,1.3077027797698975,0.98732250928878784,1.059909462928772,-0.21549873054027557,0
4.044,-200000,-0.17289385199546814,0.029892286285758018,1.2351446151733398,0.91252022981643677,1.059909462928772,-0.15908047556877136,0
4.048,-200000,-0.2843012809753418,0.080827221274375916,1.1624683141708374,0.83759623765945435,1.059909462928772,-0.033776026219129562,0
4.052,-200000,-0.39035505056381226,0.15237708389759064,1.0916448831558228,0.76458233594894409,1.059909462928772,0.11429188400506973,0
4.056,-200000,-0.49006572365760803,0.24016439914703369,1.0245072841644287,0.69536828994750977,1.059909462928772,0.24248881638050079,0
4.06,-200000,-0.58253097534179688,0.33934229612350464,0.96268212795257568,0.63163107633590698,1.059909462928772,0.33304351568222046,0
4.064,-200000,-0.66694355010986328,0.44481366872787476,0.90752905607223511,0.5747721791267395,1.059909462928772,0.3743223249912262,0
4.068,-200000,-0.74259728193283081,0.55145072937011719,0.86009740829467773,0.52587354183197021,1.059909462928772,0.35469454526901245,0
4.072,-200000,-0.80889213085174561,0.65430641174316406,0.82109582424163818,0.48566573858261108,0.45451268553733826,0.27524814009666443,0
4.076,-200000,-0.86533880233764648,0.74881124496459961,0.79087734222412109,0.45451268553733826,0.45451268553733826,0.15829479694366455,0
4.08,-200000,-0.91156089305877686,0.83094328641891479,0.76943904161453247,0.43241134285926819,0.45451268553733826,0.052387189120054245,0
4.084,-200000,-0.94729650020599365,0.89737063646316528,0.75643712282180786,0.41900730133056641,0.45451268553733826,0.0139249162748456,0
4.088,-200000,-0.97239857912063599,0.94555902481079102,0.75121515989303589,0.41362380981445312,0.45451268553733826,0.060837637633085251,0
4.092,-200000,-0.98683393001556396,0.97384119033813477,0.75284320116043091,0.41530221700668335,0.45451268553733826,0.13884422183036804,0
4.096,-200000,-0.99068117141723633,0.98144912719726562,0.76016759872436523,0.42285314202308655,0.45451268553733826,0.16000242531299591,0
4.1,-200000,-0.98412740230560303,0.96850669384002686,0.77186697721481323,0.43491435050964355,0.45451268553733826,0.099949397146701813,0
4.104,-200000,-0.96746379137039185,0.9359862208366394,0.78651285171508789,0.45001316070556641,0.45451268553733826,0.021006712689995766,0
4.108,-200000,-0.94108027219772339,0.88563203811645508,0.80263262987136841,0.46663156151771545,0.45451268553733826,-0.011562265455722809,0
4.112,-200000,-0.90545976161956787,0.81985741853713989,0.8187708854675293,0.48326888680458069,0.45451268553733826,0.013680532574653625,0
4.116,-200000,-0.86117094755172729,0.74161547422409058,0.83354854583740234,0.49850359559059143,0.49850359559059143,0.086649715900421143,0
4.12,-200000,-0.80885964632034302,0.65425384044647217,0.84571504592895508,0.51104640960693359,0.49850359559059143,0.20412179827690125,0
4.124,-200000,-0.74924200773239136,0.5613635778427124,0.8541945219039917,0.51978814601898193,0.49850359559059143,0.33245205879211426,0
4.128,-200000,-0.68309390544891357,0.46661728620529175,0.85812169313430786,0.52383679151535034,0.49850359559059143,0.38491314649581909,0
4.132,-200000,-0.61124306917190552,0.37361806631088257,0.8568684458732605,0.5225447416305542,0.49850359559059143,0.27430129051208496,0
4.136,-200000,-0.5345579981803894,0.28575223684310913,0.850058913230896,0.51552468538284302,0.49850359559059143,-0.0080704446882009506,0
4.14,-200000,-0.45393887162208557,0.2060604989528656,0.83757495880126953,0.5026545524597168,0.49850359559059143,-0.34883683919906616,0
4.144,-200000,-0.37030744552612305,0.13712760806083679,0.81954860687255859,0.48407068848609924,0.49850359559059143,-0.55879992246627808,0
4.148,-200000,-0.28459683060646057,0.080995358526706696,0.79634684324264526,0.46015134453773499,0.49850359559059143,-0.5118107795715332,0
4.152,-200000,-0.19774150848388672,0.039101708680391312,0.76854598522186279,0.43149065971374512,0.49850359559059143,-0.24979269504547119,0
4.156,-200000,-0.11066778749227524,0.012247359380125999,0.73689955472946167,0.3988654613494873,0.3988654613494873,0.05964195728302002,0
4.16,-200000,-0.024284293875098228,0.00058972684200853109,0.70229893922805786,0.36319470405578613,0.3988654613494873,0.26006254553794861,0
4.164,-200000,0.060527056455612183,0.0036635245196521282,0.66573160886764526,0.32549643516540527,0.3988654613494873,0.30432677268981934,0
4.168,-200000,0.1429196298122406,0.02042602002620697,0.62823611497879028,0.28684130311012268,0.3988654613494873,0.23950061202049255,0
4.172,-200000,0.22209008038043976,0.049323998391628265,0.59085673093795776,0.24830588698387146,0.3988654613494873,0.14094913005828857,0
4.176,-200000,0.29728570580482483,0.088378787040710449,0.55460101366043091,0.21092884242534637,0.3988654613494873,0.082877121865749359,0
4.18,-200000,0.36781120300292969,0.13528509438037872,0.52039897441864014,0.17566904425621033,0.3988654613494873,0.099793054163455963,0
4.184,-200000,0.43303459882736206,0.18751895427703857,0.48906868696212769,0.14336976408958435,0.070352733135223389,0.13947014510631561,0
4.188,-200000,0.49239248037338257,0.24245035648345947,0.46128663420677185,0.11472848802804947,0.070352733135223389,0.1172700971364975,0
4.192,-200000,0.54539424180984497,0.29745492339134216,0.43756595253944397,0.090274155139923096,0.070352733135223389,0.015834778547286987,0
4.196,-200000,0.59162557125091553,0.35002082586288452,0.41824215650558472,0.070352733135223389,0.070352733135223389,-0.115639828145504,0
4.2,-200000,0.63075149059295654,0.39784741401672363,0.40346640348434448,0.055119991302490234,0.070352733135223389,-0.21856853365898132,0
4.204,-200000,0.66251754760742188,0.43892949819564819,0.39320692420005798,0.044543206691741943,0.070352733135223389,-0.23936796188354492,0
4.208,-200000,0.68675088882446289,0.47162675857543945,0.38725757598876953,0.03840985894203186,0.070352733135223389,-0.1449282169342041,0
4.212,-200000,0.70336085557937622,0.49471649527549744,0.38525384664535522,0.036344170570373535,0.070352733135223389,0.028858300298452377,0
4.216,-200000,0.71233701705932617,0.50742405652999878,0.38669386506080627,0.037828713655471802,0.070352733135223389,0.19540628790855408,0
4.22,-200000,0.71374911069869995,0.50943785905838013,0.39096474647521973,0.04223167896270752,0.070352733135223389,0.29758533835411072,0
4.224,-200000,0.70774304866790771,0.50090014934539795,0.39737224578857422,0.048837363719940186,0.070352733135223389,0.31543263792991638,0
4.228,-200000,0.69453889131546021,0.48238429427146912,0.40517234802246094,0.05687868595123291,0.070352733135223389,0.24279837310314178,0
4.232,-200000,0.6744263768196106,0.45485091209411621,0.41360369324684143,0.065570808947086334,0.070352733135223389,0.11693284660577774,0
4.236,-200000,0.64776074886322021,0.41959398984909058,0.42191958427429199,0.074143886566162109,0.074143886566162109,0.0098732709884643555,0
4.24,-200000,0.61495769023895264,0.37817296385765076,0.42941761016845703,0.081873811781406403,0.074143886566162109,-0.044181756675243378,0
4.244,-200000,0.57648754119873047,0.33233785629272461,0.43546652793884277,0.088109791278839111,0.074143886566162109,-0.064639188349246979,0
4.248,-200000,0.53286951780319214,0.28394994139671326,0.4395289421081543,0.092297852039337158,0.074143886566162109,-0.070482000708580017,0
4.252,-200000,0.48466500639915466,0.23490016162395477,0.44117942452430725,0.093999385833740234,0.074143886566162109,-0.070953652262687683,0
4.256,-200000,0.43247112631797791,0.18703126907348633,0.44011679291725159,0.092903889715671539,0.074143886566162109,-0.088031873106956482,0
4.26,-200000,0.37691372632980347,0.14206394553184509,0.43617120385169983,0.088836289942264557,0.074143886566162109,-0.13355009257793427,0
4.264,-200000,0.31864038109779358,0.10153168439865112,0.4293055534362793,0.081758297979831696,0.074143886566162109,-0.194562628865242,0
4.268,-200000,0.25831279158592224,0.066725492477416992,0.41961106657981873,0.071763969957828522,0.074143886566162109,-0.24583907425403595,0
4.272,-200000,0.19660027325153351,0.038651667535305023,0.40729799866676331,0.059070080518722534,0.074143886566162109,-0.24884495139122009,0
4.276,-200000,0.13417224586009979,0.018002191558480263,0.3926817774772644,0.04400181770324707,0.04400181770324707,-0.18269951641559601,0
4.28,-200000,0.071691371500492096,0.0051396526396274567,0.3761657178401947,0.026974946260452271,0.04400181770324707,-0.08939216285943985,0
4.284,-200000,0.0098068937659263611,9.6175164799205959e-05,0.35822024941444397,0.0084744691848754883,0.04400181770324707,-0.044327069073915482,0
4.288,-200000,-0.050851833075284958,0.0025859090965241194,0.3393608033657074,-0.010968267917633057,0.04400181770324707,-0.082226596772670746,0
4.292,-200000,-0.10968147218227386,0.012030025012791157,0.32012453675270081,-0.030799448490142822,0.04400181770324707,-0.15319974720478058,0
4.296,-200000,-0.16611044108867645,0.027592679485678673,0.30104741454124451,-0.050466597080230713,0.04400181770324707,-0.15576381981372833,0
4.3,-200000,-0.21960410475730896,0.048225961625576019,0.28264179825782776,-0.069441474974155426,0.04400181770324707,-0.042214304208755493,0
4.304,-200000,-0.26966953277587891,0.072721660137176514,0.2653765082359314,-0.087240733206272125,0.04400181770324707,0.12435196340084076,0
4.308,-200000,-0.31585997343063354,0.099767528474330902,0.2496592253446579,-0.10344409942626953,0.04400181770324707,0.22412987053394318,0
4.312,-200000,-0.3577781617641449,0.12800522148609161,0.2358221709728241,-0.11770910024642944,-0.1297818124294281,0.17031128704547882,0
4.316,-200000,-0.39507955312728882,0.15608784556388855,0.22411163151264191,-0.1297818124294281,-0.1297818124294281,-0.016927789896726608,0
4.32,-200000,-0.42747506499290466,0.18273493647575378,0.2146812379360199,-0.13950388133525848,-0.1297818124294281,-0.20417828857898712,0
4.324,-200000,-0.45473241806030273,0.20678158104419708,0.20758959650993347,-0.14681486785411835,-0.1297818124294281,-0.25324854254722595,0
4.328,-200000,-0.47667780518531799,0.22722172737121582,0.20280167460441589,-0.151750847697258,-0.1297818124294281,-0.13587017357349396,0
4.332,-200000,-0.49319609999656677,0.24324238300323486,0.20019419491291046,-0.15443897247314453,-0.1297818124294281,0.065333008766174316,0
4.336,-200000,-0.50423127412796021,0.25424918532371521,0.19956409931182861,-0.15508854389190674,-0.1297818124294281,0.23095369338989258,0
4.34,-200000,-0.50978505611419678,0.25988078117370605,0.20064052939414978,-0.15397882461547852,-0.1297818124294281,0.29083561897277832,0
4.344,-200000,-0.50991660356521606,0.26001495122909546,0.20309826731681824,-0.15144510567188263,-0.1297818124294281,0.27068820595741272,0
4.348,-200000,-0.50473976135253906,0.25476226210594177,0.20657360553741455,-0.1478622704744339,-0.1297818124294281,0.23898930847644806,0
4.352,-200000,-0.49442142248153687,0.24445255100727081,0.21068060398101807,-0.14362823963165283,-0.1297818124294281,0.22365677356719971,0
4.356,-200000,-0.47917833924293518,0.22961187362670898,0.21502789855003357,-0.13914652168750763,-0.13914652168750763,0.20889385044574738,0
4.36,-200000,-0.4592738151550293,0.21093244850635529,0.21923477947711945,-0.13480949401855469,-0.13914652168750763,0.16671983897686005,0
4.364,-200000,-0.43501409888267517,0.18923728168010712,0.22294624149799347,-0.13098327815532684,-0.13914652168750763,0.062641382217407227,0
4.368,-200000,-0.40674415230751038,0.16544079780578613,0.22584652900695801,-0.12799327075481415,-0.13914652168750763,-0.12582477927207947,0
4.372,-200000,-0.37484344840049744,0.14050762355327606,0.22767019271850586,-0.12611322104930878,-0.13914652168750763,-0.37381339073181152,0
4.376,-200000,-0.33972114324569702,0.1154104471206665,0.22821085155010223,-0.12555582821369171,-0.13914652168750763,-0.59949511289596558,0
4.38,-200000,-0.30181121826171875,0.091090008616447449,0.22732694447040558,-0.12646707892417908,-0.13914652168750763,-0.70973968505859375,0
4.384,-200000,-0.26156735420227051,0.068417474627494812,0.22494491934776306,-0.12892277538776398,-0.13914652168750763,-0.67413550615310669,0
4.388,-200000,-0.21945798397064209,0.048161804676055908,0.2210591584444046,-0.13292869925498962,-0.13914652168750763,-0.53817063570022583,0
4.392,-200000,-0.17596086859703064,0.030962225049734116,0.21572928130626678,-0.13842341303825378,-0.13914652168750763,-0.37146854400634766,0
4.396,-200000,-0.13155810534954071,0.01730753481388092,0.20907501876354218,-0.14528350532054901,-0.14528350532054901,-0.21360154449939728,0
4.4,-200000,-0.086730897426605225,0.0075222491286695004,0.2012685239315033,-0.1533314436674118,-0.14528350532054901,-0.058072715997695923,0
4.404,-200000,-0.041954696178436279,0.0017601965228095651,0.19252511858940125,-0.16234524548053741,-0.14528350532054901,0.098379708826541901,0
4.408,-200000,0.0023057833313941956,5.3166368161328137e-06,0.18309268355369568,-0.17206940054893494,-0.14528350532054901,0.20687150955200195,0
4.412,-200000,0.045601088553667068,0.0020794596057385206,0.17323994636535645,-0.18222686648368835,-0.14528350532054901,0.20432552695274353,0
4.416,-200000,0.087501391768455505,0.0076564936898648739,0.16324460506439209,-0.19253131747245789,-0.14528350532054901,0.092756174504756927,0
4.42,-200000,0.12760055065155029,0.016281899064779282,0.15338151156902313,-0.20269946753978729,-0.14528350532054901,-0.055871963500976562,0
4.424,-200000,0.16551987826824188,0.027396827936172485,0.14391143620014191,-0.21246242523193359,-0.14528350532054901,-0.17431077361106873,0
4.428,-200000,0.20091137290000916,0.040365379303693771,0.1350710391998291,-0.2215762585401535,-0.14528350532054901,-0.23243550956249237,0
4.432,-200000,0.23346085846424103,0.054503969848155975,0.12706410884857178,-0.22983081638813019,-0.14528350532054901,-0.21606716513633728,0
4.436,-200000,0.26289033889770508,0.069111332297325134,0.1200544610619545,-0.23705725371837616,-0.23705725371837616,-0.14501595497131348,0
4.44,-200000,0.28896036744117737,0.083498097956180573,0.11416095495223999,-0.24313303828239441,-0.23705725371837616,-0.087252892553806305,0
4.444,-200000,0.31147140264511108,0.097014427185058594,0.10945449024438858,-0.24798507988452911,-0.23705725371837616,-0.10170118510723114,0
4.448,-200000,0.33026528358459473,0.10907516628503799,0.10595699399709702,-0.25159072875976562,-0.23705725371837616,-0.16967256367206573,0
4.452,-200000,0.34522581100463867,0.11918085813522339,0.10364262014627457,-0.25397667288780212,-0.23705725371837616,-0.19635967910289764,0
4.456,-200000,0.35627922415733337,0.12693488597869873,0.10244069248437881,-0.25521579384803772,-0.23705725371837616,-0.096188567578792572,0
4.46,-200000,0.36339393258094788,0.1320551335811615,0.10224050283432007,-0.2554222047328949,-0.23705725371837616,0.13065943121910095,0
4.464,-200000,0.36657994985580444,0.13438086211681366,0.10289748758077621,-0.25474485754966736,-0.23705725371837616,0.4037436842918396,0
4.468,-200000,0.36588796973228455,0.13387401401996613,0.10424046218395233,-0.25336036086082458,-0.23705725371837616,0.6156962513923645,0
4.472,-200000,0.36140775680541992,0.13061556220054626,0.10607973486185074,-0.25146421790122986,-0.23705725371837616,0.69186067581176758,0
4.476,-200000,0.35326671600341797,0.12479738146066666,0.10821563005447388,-0.2492622584104538,-0.2492622584104538,0.61369359493255615,0
4.48,-200000,0.34162750840187073,0.11670935153961182,0.11044703423976898,-0.2469618022441864,-0.2492622584104538,0.41366305947303772,0
4.484,-200000,0.32668560743331909,0.10672348737716675,0.1125795841217041,-0.2447633296251297,-0.2492622584104538,0.17933230102062225,0
4.488,-200000,0.30866661667823792,0.095275081694126129,0.11443337053060532,-0.24285218119621277,-0.2492622584104538,0.026398738846182823,0
4.492,-200000,0.28782328963279724,0.082842253148555756,0.11584959924221039,-0.24139218032360077,-0.2492622584104538,0.028997059911489487,0
4.496,-200000,0.26443228125572205,0.069924436509609222,0.11669623851776123,-0.24051935970783234,-0.2492622584104538,0.16569662094116211,0
4.5,-200000,0.2387908399105072,0.057021070271730423,0.1168721541762352,-0.24033796787261963,-0.2492622584104538,0.32334575057029724,0
4.504,-200000,0.21121318638324738,0.04461100697517395,0.11630992591381073,-0.24091760814189911,-0.2492622584104538,0.37428203225135803,0
4.508,-200000,0.18202686309814453,0.033133774995803833,0.11497726291418076,-0.24229149520397186,-0.2492622584104538,0.27371257543563843,0
4.512,-200000,0.15156920254230499,0.02297322079539299,0.11287661641836166,-0.24445709586143494,-0.2492622584104538,0.068260215222835541,0
4.516,-200000,0.12018339335918427,0.014444048516452312,0.11004374176263809,-0.24737758934497833,-0.24737758934497833,-0.17364327609539032,0
4.52,-200000,0.08821503072977066,0.007781891617923975,0.10654467344284058,-0.25098484754562378,-0.24737758934497833,-0.39333289861679077,0
4.524,-200000,0.056008242070674896,0.0031369230709969997,0.10247179120779037,-0.25518369674682617,-0.24737758934497833,-0.5240330696105957,0
4.528,-200000,0.023902365937829018,0.00057132309302687645,0.097938776016235352,-0.2598569393157959,-0.24737758934497833,-0.49982985854148865,0
4.532,-200000,-0.007771624717861414,6.0398149798857048e-05,0.093075141310691833,-0.2648710310459137,-0.24737758934497833,-0.31153622269630432,0
4.536,-200000,-0.038694292306900024,0.001497248187661171,0.088020108640193939,-0.27008238434791565,-0.24737758934497833,-0.043360311537981033,0
4.54,-200000,-0.06856083869934082,0.0047005885280668736,0.082916498184204102,-0.27534380555152893,-0.24737758934497833,0.18141572177410126,0
4.544,-200000,-0.09708394855260849,0.0094252927228808403,0.077904701232910156,-0.28051060438156128,-0.24737758934497833,0.2933754026889801,0
4.548,-200000,-0.12399633973836899,0.015375092625617981,0.073116958141326904,-0.2854464054107666,-0.24737758934497833,0.29898858070373535,0
4.552,-200000,-0.1490531861782074,0.022216852754354477,0.068672239780426025,-0.29002866148948669,-0.2941526472568512,0.22896866500377655,0
4.556,-200000,-0.17203411459922791,0.029595738276839256,0.064671918749809265,-0.2941526472568512,-0.2941526472568512,0.094645403325557709,0
4.56,-200000,-0.19274505972862244,0.037150662392377853,0.061196289956569672,-0.2977357804775238,-0.2941526472568512,-0.086383067071437836,0
4.564,-200000,-0.21101951599121094,0.04452924057841301,0.058302126824855804,-0.30071943998336792,-0.2941526472568512,-0.24711151421070099,0
4.568,-200000,-0.226719930768013,0.051401931792497635,0.056021351367235184,-0.30307072401046753,-0.2941526472568512,-0.30501899123191833,0
4.572,-200000,-0.23973830044269562,0.057474453002214432,0.054360687732696533,-0.30478277802467346,-0.2941526472568512,-0.23625142872333527,0
4.576,-200000,-0.24999673664569855,0.062498372048139572,0.053302448242902756,-0.30587378144264221,-0.2941526472568512,-0.087418355047702789,0
4.58,-200000,-0.25744771957397461,0.066279329359531403,0.052806228399276733,-0.30638536810874939,-0.2941526472568512,0.062077544629573822,0
4.584,-200000,-0.26207375526428223,0.068682655692100525,0.052811533212661743,-0.30637988448143005,-0.2941526472568512,0.12671658396720886,0
4.588,-200000,-0.26388710737228394,0.069636404514312744,0.053241033107042313,-0.30593705177307129,-0.2941526472568512,0.064641594886779785,0
4.592,-200000,-0.26292890310287476,0.069131597876548767,0.054004419595003128,-0.30515012145042419,-0.2941526472568512,-0.063650809228420258,0
4.596,-200000,-0.25926819443702698,0.067219994962215424,0.055002659559249878,-0.30412095785140991,-0.30412095785140991,-0.13636605441570282,0
4.6,-200000,-0.25300043821334839,0.064009226858615875,0.056132405996322632,-0.30295628309249878,-0.30412095785140991,-0.084371529519557953,0
4.604,-200000,-0.24424636363983154,0.059656284749507904,0.057290326803922653,-0.30176252126693726,-0.30412095785140991,0.060429971665143967,0
4.608,-200000,-0.23314964771270752,0.054358761757612228,0.058377396315336227,-0.30064186453819275,-0.30412095785140991,0.20587834715843201,0
4.612,-200000,-0.21987542510032654,0.048345200717449188,0.059302709996700287,-0.2996879518032074,-0.30412095785140991,0.25539693236351013,0
4.616,-200000,-0.20460779964923859,0.041864354163408279,0.059986870735883713,-0.29898256063461304,-0.30412095785140991,0.16505122184753418,0
4.62,-200000,-0.18754763901233673,0.035174120217561722,0.060364712029695511,-0.29859304428100586,-0.30412095785140991,-0.011293178424239159,0
4.624,-200000,-0.16891022026538849,0.028530662879347801,0.060387391597032547,-0.29856967926025391,-0.30412095785140991,-0.16863402724266052,0
4.628,-200000,-0.14892251789569855,0.022177916020154953,0.060023635625839233,-0.29894471168518066,-0.30412095785140991,-0.24709233641624451,0
4.632,-200000,-0.12782077491283417,0.016338150948286057,0.059260327368974686,-0.29973164200782776,-0.30412095785140991,-0.24726109206676483,0
4.636,-200000,-0.10584770143032074,0.011203736066818237,0.058102171868085861,-0.30092558264732361,-0.30092558264732361,-0.18624842166900635,0
4.64,-200000,-0.083250008523464203,0.0069305635988712311,0.056570820510387421,-0.30250430107116699,-0.30092558264732361,-0.09031996876001358,0
4.644,-200000,-0.060275524854660034,0.00363313895650208,0.05470319464802742,-0.30442968010902405,-0.30092558264732361,-0.018142810091376305,0
4.648,-200000,-0.037170819938182831,0.0013816698919981718,0.052549324929714203,-0.30665016174316406,-0.30092558264732361,-0.035860709846019745,0
4.652,-200000,-0.014178549870848656,0.00020103128917980939,0.050169728696346283,-0.30910339951515198,-0.30092558264732361,-0.14284095168113708,0
4.656,-200000,0.0084649529308080673,7.1655420470051467e-05,0.047632467001676559,-0.31171908974647522,-0.30092558264732361,-0.24685294926166534,0
4.66,-200000,0.030531981959939003,0.00093220191774889827,0.045010000467300415,-0.31442269682884216,-0.30092558264732361,-0.24127562344074249,0
4.664,-200000,0.051805645227432251,0.0026838250923901796,0.042376063764095306,-0.31713810563087463,-0.30092558264732361,-0.1073809489607811,0
4.668,-200000,0.072081901133060455,0.0051958002150058746,0.03980250284075737,-0.31979122757911682,-0.30092558264732361,0.088495895266532898,0
4.672,-200000,0.091171383857727051,0.0083122225478291512,0.037356428802013397,-0.32231298089027405,-0.30092558264732361,0.27887082099914551,0
4.676,-200000,0.10890108346939087,0.01185944490134716,0.035097677260637283,-0.32464155554771423,-0.32464155554771423,0.42577251791954041,0
4.68,-200000,0.12511575222015381,0.015653949230909348,0.033076565712690353,-0.32672518491744995,-0.32464155554771423,0.50061100721359253,0
4.684,-200000,0.13967926800251007,0.019510295242071152,0.031332302838563919,-0.32852339744567871,-0.32464155554771423,0.47701939940452576,0
4.688,-200000,0.15247543156147003,0.023248756304383278,0.02989177405834198,-0.33000844717025757,-0.32464155554771423,0.34646311402320862,0
4.692,-200000,0.16340892016887665,0.026702474802732468,0.028768980875611305,-0.33116596937179565,-0.32464155554771423,0.14859938621520996,0
4.696,-200000,0.17240579426288605,0.0297237578779459,0.027964964509010315,-0.33199486136436462,-0.32464155554771423,-0.032992929220199585,0
4.7,-200000,0.17941379547119141,0.032189309597015381,0.027468333020806313,-0.33250683546066284,-0.32464155554771423,-0.13147374987602234,0
4.704,-200000,0.1844024658203125,0.034004271030426025,0.027256196364760399,-0.33272552490234375,-0.32464155554771423,-0.14696173369884491,0
4.708,-200000,0.18736298382282257,0.035104889422655106,0.027295619249343872,-0.33268493413925171,-0.32464155554771423,-0.13197319209575653,0
4.712,-200000,0.18830771744251251,0.035459797829389572,0.027545347809791565,-0.33242744207382202,-0.33200216293334961,-0.13338220119476318,0
4.716,-200000,0.18726977705955505,0.035069964826107025,0.027957867830991745,-0.33200216293334961,-0.33200216293334961,-0.14880427718162537,0
4.72,-200000,0.18430221080780029,0.033967304974794388,0.028481578454375267,-0.33146229386329651,-0.33200216293334961,-0.13671028614044189,0
4.724,-200000,0.17947694659233093,0.032211977988481522,0.02906307578086853,-0.33086276054382324,-0.33200216293334961,-0.083920717239379883,0
4.728,-200000,0.17288371920585632,0.029888778924942017,0.029649427160620689,-0.33025830984115601,-0.33200216293334961,-0.052535224705934525,0
4.732,-200000,0.16462871432304382,0.02710261382162571,0.030190270394086838,-0.32970070838928223,-0.33200216293334961,-0.099697969853878021,0
4.736,-200000,0.15483315289020538,0.023973306640982628,0.030639791861176491,-0.32923731207847595,-0.33200216293334961,-0.17835934460163116,0
4.74,-200000,0.14363165199756622,0.02063005231320858,0.030958380550146103,-0.32890886068344116,-0.33200216293334961,-0.19269530475139618,0
4.744,-200000,0.13117067515850067,0.017205744981765747,0.031113991513848305,-0.32874846458435059,-0.33200216293334961,-0.10331293195486069,0
4.748,-200000,0.117606520652771,0.01383129321038723,0.031083116307854652,-0.32878032326698303,-0.33200216293334961,0.064403891563415527,0
4.752,-200000,0.10310379415750504,0.010630391538143158,0.030851388350129128,-0.3290192186832428,-0.33200216293334961,0.25921216607093811,0
4.756,-200000,0.087833210825920105,0.0077146729454398155,0.030413761734962463,-0.32947033643722534,-0.32947033643722534,0.42313799262046814,0
4.76,-200000,0.071969948709011078,0.005179673433303833,0.029774343594908714,-0.33012953400611877,-0.32947033643722534,0.49933204054832458,0
4.764,-200000,0.05569152906537056,0.0031015463173389435,0.028945788741111755,-0.3309837281703949,-0.32947033643722534,0.45369681715965271,0
4.768,-200000,0.039176058024168015,0.001534763490781188,0.027948448434472084,-0.332011878490448,-0.32947033643722534,0.3133796751499176,0
4.772,-200000,0.022600293159484863,0.00051077333046123385,0.026809176430106163,-0.33318638801574707,-0.32947033643722534,0.17552575469017029,0
4.776,-200000,0.0061378688551485538,3.7673435144824907e-05,0.025559958070516586,-0.33447426557540894,-0.32947033643722534,0.14260375499725342,0
4.78,-200000,-0.010042481124401093,0.00010085143003379926,0.024236390367150307,-0.33583873510360718,-0.32947033643722534,0.24073708057403564,0
4.784,-200000,-0.025778541341423988,0.00066453311592340469,0.022876029834151268,-0.33724117279052734,-0.32947033643722534,0.38492769002914429,0
4.788,-200000,-0.040916167199611664,0.001674132770858705,0.02151678130030632,-0.33864250779151917,-0.32947033643722534,0.41723546385765076,0
4.792,-200000,-0.05531073734164238,0.0030592780094593763,0.020195335149765015,-0.34000483155250549,-0.3412930965423584,0.2408040314912796,0
4.796,-200000,-0.06882842630147934,0.0047373524866998196,0.018945684656500816,-0.3412930965423584,-0.3412930965423584,-0.07217242568731308,0
4.8,-200000,-0.081347383558750153,0.0066173961386084557,0.017797848209738731,-0.34247645735740662,-0.3412930965423584,-0.35018247365951538,0
4.804,-200000,-0.092758737504482269,0.0086041837930679321,0.016776805743575096,-0.34352907538414001,-0.3412930965423584,-0.4798797070980072,0
4.808,-200000,-0.10296746343374252,0.010602298192679882,0.015901675447821617,-0.34443125128746033,-0.3412930965423584,-0.45561933517456055,0
4.812,-200000,-0.11189303547143936,0.012520050629973412,0.01518517266958952,-0.34516993165016174,-0.3412930965423584,-0.31189575791358948,0
4.816,-200000,-0.11946998536586761,0.014273077249526978,0.014633347280323505,-0.34573879837989807,-0.3412930965423584,-0.081798039376735687,0
4.82,-200000,-0.12564830482006073,0.015787497162818909,0.014245614409446716,-0.34613856673240662,-0.3412930965423584,0.18295617401599884,0
4.824,-200000,-0.13039354979991913,0.017002478241920471,0.014015051536262035,-0.34637627005577087,-0.3412930965423584,0.40756773948669434,0
4.828,-200000,-0.1336868554353714,0.017872175201773643,0.013928934931755066,-0.34646502137184143,-0.3412930965423584,0.52966243028640747,0
4.832,-200000,-0.1355249434709549,0.018367012962698936,0.013969513587653637,-0.34642314910888672,-0.3412930965423584,0.53607165813446045,0
4.836,-200000,-0.13591961562633514,0.018474141135811806,0.014114920981228352,-0.346273273229599,-0.346273273229599,0.46061143279075623,0
4.84,-200000,-0.13489754498004913,0.018197348341345787,0.014340256340801716,-0.34604096412658691,-0.346273273229599,0.35098886489868164,0
4.844,-200000,-0.13249941170215607,0.017556095495820045,0.014618715271353722,-0.34575390815734863,-0.346273273229599,0.23786787688732147,0
4.848,-200000,-0.12877941131591797,0.016584137454628944,0.014922765083611012,-0.34544047713279724,-0.346273273229599,0.13161778450012207,0
4.852,-200000,-0.12380431592464447,0.015327508561313152,0.015225295908749104,-0.34512853622436523,-0.346273273229599,0.051579732447862625,0
4.856,-200000,-0.11765245348215103,0.013842098414897919,0.015500704757869244,-0.34484466910362244,-0.346273273229599,0.027107030153274536,0
4.86,-200000,-0.11041270196437836,0.012190965004265308,0.01572587713599205,-0.34461250901222229,-0.346273273229599,0.058203499764204025,0
4.864,-200000,-0.10218338668346405,0.01044144481420517,0.01588103175163269,-0.34445253014564514,-0.346273273229599,0.10682027041912079,0
4.868,-200000,-0.093070968985557556,0.0086622061207890511,0.015950361266732216,-0.34438103437423706,-0.346273273229599,0.12948748469352722,0
4.872,-200000,-0.083188831806182861,0.0069203814491629601,0.01592252217233181,-0.34440979361534119,-0.34454545378684998,0.12097243964672089,0
4.876,-200000,-0.072655901312828064,0.0052788802422583103,0.0157909095287323,-0.34454545378684998,-0.34454545378684998,0.11271169036626816,0
4.88,-200000,-0.061595339328050613,0.00379398581571877,0.015553710982203484,-0.34478998184204102,-0.34454545378684998,0.11793427169322968,0
4.884,-200000,-0.05013313889503479,0.0025133315939456224,0.015213772654533386,-0.34514039754867554,-0.34454545378684998,0.11856655776500702,0
4.888,-200000,-0.038396786898374557,0.0014743132051080465,0.014778283424675465,-0.34558939933776855,-0.34454545378684998,0.090754911303520203,0
4.892,-200000,-0.026513895019888878,0.00070298666832968593,0.014258293434977531,-0.34612545371055603,-0.34454545378684998,0.018482079729437828,0
4.896,-200000,-0.01461085956543684,0.00021347722213249654,0.013668088242411613,-0.34673395752906799,-0.34454545378684998,-0.094218015670776367,0
4.9,-200000,-0.0028115971945226192,7.9050787462620065e-06,0.013024461455643177,-0.34739747643470764,-0.34454545378684998,-0.23402969539165497,0
4.904,-200000,0.0087637007236480713,7.6802447438240051e-05,0.01234591007232666,-0.34809699654579163,-0.34454545378684998,-0.39776882529258728,0
4.908,-200000,0.019999733194708824,0.00039998930878937244,0.011651812121272087,-0.3488125205039978,-0.34454545378684998,-0.57844716310501099,0
4.912,-200000,0.030787175521254539,0.00094785017427057028,0.010961574502289295,-0.34952417016029358,-0.34454545378684998,-0.73098725080490112,0
4.916,-200000,0.041023693978786469,0.001682943431660533,0.010293833911418915,-0.35021251440048218,-0.35021251440048218,-0.77191591262817383,0
4.92,-200000,0.050614863634109497,0.0025618646759539843,0.0096657248213887215,-0.35086005926132202,-0.35021251440048218,-0.65922385454177856,0
4.924,-200000,0.05947495624423027,0.0035372704733163118,0.0090922312811017036,-0.35145130753517151,-0.35021251440048218,-0.45381331443786621,0
4.928,-200000,0.06752767413854599,0.0045599862933158875,0.0085856541991233826,-0.35197353363037109,-0.35021251440048218,-0.24985396862030029,0
4.932,-200000,0.074706710875034332,0.0055810920894145966,0.0081552239134907722,-0.35241732001304626,-0.35021251440048218,-0.092717155814170837,0
4.936,-200000,0.080956257879734039,0.0065539157949388027,0.0078068366274237633,-0.35277643799781799,-0.35021251440048218,0.0088519975543022156,0
4.94,-200000,0.086231313645839691,0.0074358396232128143,0.0075429519638419151,-0.35304850339889526,-0.35021251440048218,0.060025595128536224,0
4.944,-200000,0.090497970581054688,0.0081898840144276619,0.0073626353405416012,-0.35323438048362732,-0.35021251440048218,0.073636375367641449,0
4.948,-200000,0.093733534216880798,0.0087859751656651497,0.0072617293335497379,-0.35333842039108276,-0.35021251440048218,0.057754416018724442,0
4.952,-200000,0.095926441252231598,0.0092018824070692062,0.0072331591509282589,-0.35336789488792419,-0.35333266854286194,0.031456731259822845,0
4.956,-200000,0.097076214849948883,0.0094237904995679855,0.0072673410177230835,-0.35333266854286194,-0.35333266854286194,0.038197450339794159,0
4.96,-200000,0.097193218767642975,0.0094465222209692001,0.0073526776395738125,-0.35324469208717346,-0.35333266854286194,0.10701052844524384,0
4.964,-200000,0.096298322081565857,0.0092733679339289665,0.0074761137366294861,-0.35311740636825562,-0.35333266854286194,0.20014782249927521,0
4.968,-200000,0.094422459602355957,0.0089156012982130051,0.0076237311586737633,-0.35296520590782166,-0.35333266854286194,0.22886653244495392,0
4.972,-200000,0.091606058180332184,0.0083916690200567245,0.0077813481912016869,-0.35280269384384155,-0.35333266854286194,0.14513783156871796,0
4.976,-200000,0.087898455560207367,0.007726138923317194,0.0079351188614964485,-0.35264420509338379,-0.35333266854286194,-0.005831605289131403,0
4.98,-200000,0.08335721492767334,0.0069484254345297813,0.00807206891477108,-0.35250300168991089,-0.35333266854286194,-0.14107723534107208,0
4.984,-200000,0.078047297894954681,0.0060913809575140476,0.0081806061789393425,-0.35239115357398987,-0.35333266854286194,-0.21607749164104462,0
4.988,-200000,0.072040282189846039,0.0051898015663027763,0.0082509201020002365,-0.35231867432594299,-0.35333266854286194,-0.23293504118919373,0
4.992,-200000,0.065413437783718109,0.0042789182625710964,0.0082753123715519905,-0.35229349136352539,-0.35333266854286194,-0.21206049621105194,0
4.996,-200000,0.058248840272426605,0.003392927348613739,0.008248424157500267,-0.35232123732566833,-0.35232123732566833,-0.17679834365844727,0
5,-200000,0.05063241720199585,0.0025636416394263506,0.0081673488020896912,-0.35240477323532104,-0.35232123732566833,-0.14321467280387878,0
5.004,-200000,0.042652923613786697,0.0018192719435319304,0.0080316513776779175,-0.35254469513893127,-0.35232123732566833,-0.11957937479019165,0
5.008,-200000,0.034401021897792816,0.0011834303149953485,0.0078432736918330193,-0.35273885726928711,-0.35232123732566833,-0.12693051993846893,0
5.012,-200000,0.025968264788389206,0.0006743508274666965,0.0076063596643507481,-0.35298314690589905,-0.35232123732566833,-0.17981243133544922,0
5.016,-200000,0.017446136102080345,0.00030436762608587742,0.0073269852437078953,-0.35327115654945374,-0.35232123732566833,-0.22344942390918732,0
5.02,-200000,0.0089251007884740829,7.9657416790723801e-05,0.0070128282532095909,-0.35359501838684082,-0.35232123732566833,-0.17791123688220978,0
5.024,-200000,0.00049369718180969357,2.4373693463530799e-07,0.0066727837547659874,-0.35394558310508728,-0.35232123732566833,-0.057636946439743042,0
5.028,-200000,-0.007762362714856863,6.0254271375015378e-05,0.0063165454193949699,-0.35431283712387085,-0.35232123732566833,0.047437626868486404,0
5.032,-200000,-0.015761002898216248,0.00024840925470925868,0.0059541738592088223,-0.35468640923500061,-0.35505598783493042,0.082214638590812683,0
5.036,-200000,-0.023424571380019188,0.0005487104644998908,0.0055956644937396049,-0.35505598783493042,-0.35505598783493042,0.056837372481822968,0
5.04,-200000,-0.030680542811751366,0.00094129564240574837,0.0052505433559417725,-0.35541176795959473,-0.35505598783493042,0.0098706036806106567,0
5.044,-200000,-0.03746216744184494,0.0014034140622243285,0.0049274899065494537,-0.35574483871459961,-0.35505598783493042,-0.021621670573949814,0
5.048,-200000,-0.043709062039852142,0.0019104821840301156,0.0046340175904333591,-0.35604739189147949,-0.35505598783493042,-0.022531431168317795,0
5.052,-200000,-0.049367658793926239,0.0024371657054871321,0.0043762102723121643,-0.35631316900253296,-0.35505598783493042,-0.016657194122672081,0
5.056,-200000,-0.054391644895076752,0.0029584511648863554,0.0041585369035601616,-0.3565375804901123,-0.35505598783493042,-0.039874602109193802,0
5.06,-200000,-0.058742295950651169,0.0034506574738770723,0.0039837309159338474,-0.35671776533126831,-0.35505598783493042,-0.090667583048343658,0
5.064,-200000,-0.062388699501752853,0.0038923497777432203,0.0038527492433786392,-0.35685285925865173,-0.35505598783493042,-0.1479874849319458,0
5.068,-200000,-0.065307915210723877,0.0042651244439184666,0.0037648074794560671,-0.3569435179233551,-0.35505598783493042,-0.21607823669910431,0
5.072,-200000,-0.06748507171869278,0.0045542344450950623,0.0037174846511334181,-0.35699224472045898,-0.35505598783493042,-0.29242819547653198,0
5.076,-200000,-0.068913280963897705,0.0047490401193499565,0.0037068880628794432,-0.35700321197509766,-0.35700321197509766,-0.34482878446578979,0
5.08,-200000,-0.069593630731105804,0.0048432736657559872,0.0037278733216226101,-0.35698160529136658,-0.35700321197509766,-0.35718417167663574,0
5.084,-200000,-0.069534897804260254,0.0048351017758250237,0.0037743090651929379,-0.35693368315696716,-0.35700321197509766,-0.32470664381980896,0
5.088,-200000,-0.068753443658351898,0.0047270357608795166,0.0038393635768443346,-0.35686659812927246,-0.35700321197509766,-0.22676178812980652,0
5.092,-200000,-0.067272700369358063,0.0045256158336997032,0.0039158156141638756,-0.35678783059120178,-0.35700321197509766,-0.070222482085227966,0
5.096,-200000,-0.065122887492179871,0.0042409910820424557,0.0039963661693036556,-0.35670480132102966,-0.35700321197509766,0.068022012710571289,0
5.1,-200000,-0.062340609729290009,0.0038863513618707657,0.0040739350952208042,-0.3566247820854187,-0.35700321197509766,0.083082534372806549,0
5.104,-200000,-0.058968175202608109,0.003477245569229126,0.0041419439949095249,-0.35655468702316284,-0.35700321197509766,-0.048923064023256302,0
5.108,-200000,-0.055053163319826126,0.0030308507848531008,0.0041945613920688629,-0.35650047659873962,-0.35700321197509766,-0.22768101096153259,0
5.112,-200000,-0.050647776573896408,0.0025651971809566021,0.0042269080877304077,-0.35646709799766541,-0.35645857453346252,-0.32555556297302246,0
5.116,-200000,-0.045808207243680954,0.0020983919966965914,0.0042352178134024143,-0.35645857453346252,-0.35645857453346252,-0.29954066872596741,0
5.12,-200000,-0.040593944489955902,0.0016478681936860085,0.0042169378139078617,-0.35647740960121155,-0.35645857453346252,-0.20088891685009003,0
5.124,-200000,-0.035067141056060791,0.0012297043576836586,0.0041707856580615044,-0.35652494430541992,-0.35645857453346252,-0.10217075049877167,0
5.128,-200000,-0.029291838407516479,0.00085801183013245463,0.0040967464447021484,-0.35660132765769958,-0.35645857453346252,-0.037324421107769012,0
5.132,-200000,-0.023333320394158363,0.00054444390116259456,0.0039960136637091637,-0.35670512914657593,-0.35645857453346252,-0.011648848652839661,0
5.136,-200000,-0.017257362604141235,0.00029781655757687986,0.0038708914071321487,-0.35683411359786987,-0.35645857453346252,-0.012244674377143383,0
5.14,-200000,-0.011129590682685375,0.00012386780872475356,0.0037246521096676588,-0.35698485374450684,-0.35645857453346252,0.0075974492356181145,0
5.144,-200000,-0.0050147436559200287,2.514765401429031e-05,0.0035613570362329483,-0.3571532666683197,-0.35771411657333374,0.089842259883880615,0
5.148,-200000,0.0010239360854029655,1.0484451422598795e-06,0.0033856588415801525,-0.35733437538146973,-0.35771411657333374,0.21117536723613739,0
5.152,-200000,0.0069253505207598209,4.7960482334019616e-05,0.00320258061401546,-0.357523113489151,-0.35771411657333374,0.30060139298439026,0
5.156,-200000,0.012631125748157501,0.00015954533591866493,0.0030172951519489288,-0.35771411657333374,-0.35771411657333374,0.31336349248886108,0
5.16,-200000,0.01808617077767849,0.00032710953382775187,0.0028349075000733137,-0.35790213942527771,-0.35771411657333374,0.27480760216712952,0
5.164,-200000,0.023239165544509888,0.0005400588852353394,0.0026602409780025482,-0.35808220505714417,-0.35771411657333374,0.24457237124443054,0
5.168,-200000,0.028043022379279137,0.0007864111103117466,0.0024976574350148439,-0.35824984312057495,-0.35771411657333374,0.23807947337627411,0
5.172,-200000,0.032455287873744965,0.0010533457389101386,0.0023508905433118343,-0.35840114951133728,-0.35771411657333374,0.21816980838775635,0
5.176,-200000,0.036438483744859695,0.0013277630787342787,0.0022229230962693691,-0.35853305459022522,-0.35771411657333374,0.1628224104642868,0
5.18,-200000,0.039960373193025589,0.0015968314837664366,0.0021158915478736162,-0.35864344239234924,-0.35771411657333374,0.094817660748958588,0
5.184,-200000,0.042994219809770584,0.0018485027831047773,0.0020310338586568832,-0.35873088240623474,-0.35771411657333374,0.046852469444274902,0
5.188,-200000,0.045518897473812103,0.0020719703752547503,0.0019686773885041475,-0.358795166015625,-0.35885733366012573,0.02148553729057312,0
5.192,-200000,0.047519050538539886,0.0022580600343644619,0.0019282602006569505,-0.358836829662323,-0.35885733366012573,-0.0076934285461902618,0
5.196,-200000,0.048985082656145096,0.0023995384108275175,0.0019083922961726785,-0.35885733366012573,-0.35885733366012573,-0.056277185678482056,0
5.2,-200000,0.049913138151168823,0.0024913214147090912,0.0019069459522143006,-0.35885882377624512,-0.35885733366012573,-0.10617499053478241,0
5.204,-200000,0.050305049866437912,0.0025305983144789934,0.0019211722537875175,-0.35884413123130798,-0.35885733366012573,-0.11592954397201538,0
5.208,-200000,0.050168175250291824,0.002516845939680934,0.0019478406757116318,-0.35881662368774414,-0.35885733366012573,-0.041807442903518677,0
5.212,-200000,0.049515198916196823,0.0024517546407878399,0.0019833887927234173,-0.35877999663352966,-0.35885733366012573,0.12573215365409851,0
5.216,-200000,0.048363886773586273,0.0023390657734125853,0.0020240824669599533,-0.35873809456825256,-0.35885733366012573,0.33548665046691895,0
5.22,-200000,0.046736828982830048,0.0021843309514224529,0.0020661759190261364,-0.3586946427822113,-0.35885733366012573,0.4853813648223877,0
5.224,-200000,0.044661037623882294,0.0019946079701185226,0.0021060637664049864,-0.35865354537963867,-0.35885733366012573,0.46577209234237671,0
5.228,-200000,0.042167644947767258,0.0017781102797016501,0.0021404207218438387,-0.3586181104183197,-0.35885733366012573,0.24164125323295593,0
5.232,-200000,0.039291411638259888,0.0015438150148838758,0.0021663284860551357,-0.35859140753746033,-0.35885733366012573,-0.098708808422088623,0
5.236,-200000,0.036070376634597778,0.0013010721886530519,0.0021813760977238417,-0.35857591032981873,-0.35857591032981873,-0.40494179725646973,0
5.24,-200000,0.032545309513807297,0.0010591972386464477,0.0021837342064827681,-0.35857343673706055,-0.35857591032981873,-0.56079691648483276,0
5.244,-200000,0.028759291395545006,0.00082709686830639839,0.0021722074598073959,-0.35858535766601562,-0.35857591032981873,-0.52079856395721436,0
5.248,-200000,0.024757176637649536,0.00061291782185435295,0.0021462563890963793,-0.358612060546875,-0.35857591032981873,-0.30596351623535156,0
5.252,-200000,0.020585115998983383,0.00042374702752567828,0.0021059880964457989,-0.35865363478660583,-0.35857591032981873,-0.012070086784660816,0
5.256,-200000,0.016290035098791122,0.0002653652336448431,0.0020521259866654873,-0.35870909690856934,-0.35857591032981873,0.20037302374839783,0
5.26,-200000,0.011919143609702587,0.00014206599735189229,0.0019859541207551956,-0.35877737402915955,-0.35857591032981873,0.20453581213951111,0
5.264,-200000,0.0075194151140749454,5.6541604863014072e-05,0.0019092382863163948,-0.3588564395904541,-0.35857591032981873,0.011888593435287476,0
5.268,-200000,0.0031371328514069319,9.8416030596126802e-06,0.0018241327488794923,-0.35894417762756348,-0.35857591032981873,-0.25753182172775269,0
5.272,-200000,-0.001182593172416091,1.3985267059979378e-06,0.0017330758273601532,-0.35903805494308472,-0.35913538932800293,-0.47940659523010254,0
5.276,-200000,-0.0053962641395628452,2.9119668397470377e-05,0.0016386775532737374,-0.35913538932800293,-0.35913538932800293,-0.57912987470626831,0
5.28,-200000,-0.0094624115154147148,8.9537221356295049e-05,0.0015436026733368635,-0.35923337936401367,-0.35913538932800293,-0.54344034194946289,0
5.284,-200000,-0.013341980986297131,0.00017800845671445131,0.0014504609862342477,-0.35932940244674683,-0.35913538932800293,-0.40895333886146545,0
5.288,-200000,-0.016998687759041786,0.0002889553434215486,0.0013616994256153703,-0.35942092537879944,-0.35913538932800293,-0.22657141089439392,0
5.292,-200000,-0.020399341359734535,0.0004161330871284008,0.0012795096263289452,-0.35950565338134766,-0.35913538932800293,-0.050849039107561111,0
5.296,-200000,-0.023514112457633018,0.00055291346507146955,0.0012057479470968246,-0.35958170890808105,-0.35913538932800293,0.059546671807765961,0
5.3,-200000,-0.026316771283745766,0.00069257244467735291,0.0011418726062402129,-0.35964751243591309,-0.35913538932800293,0.08645021915435791,0
5.304,-200000,-0.028784897178411484,0.00082857022061944008,0.0010888989781960845,-0.35970219969749451,-0.35913538932800293,0.068628370761871338,0
5.308,-200000,-0.0309000164270401,0.00095481099560856819,0.0010473781730979681,-0.35974496603012085,-0.35913538932800293,0.032009057700634003,0
5.312,-200000,-0.032647717744112015,0.0010658733081072569,0.0010173916816711426,-0.35977587103843689,-0.35913538932800293,-0.041974138468503952,0
5.316,-200000,-0.034017700701951981,0.0011572040384635329,0.00099856813903898001,-0.35979527235031128,-0.35979527235031128,-0.14871391654014587,0
5.32,-200000,-0.035003822296857834,0.0012252675369381905,0.0009901158045977354,-0.35980400443077087,-0.35979527235031128,-0.22256259620189667,0
5.324,-200000,-0.035604048520326614,0.0012676483020186424,0.00099087483249604702,-0.35980319976806641,-0.35979527235031128,-0.1947551965713501,0
5.328,-200000,-0.035820387303829193,0.0012831002241000533,0.0009993767598643899,-0.35979446768760681,-0.35979527235031128,-0.06314617395401001,0
5.332,-200000,-0.035658817738294601,0.0012715512420982122,0.0010139187797904015,-0.35977944731712341,-0.35979527235031128,0.10675905644893646,0
5.336,-200000,-0.035129070281982422,0.00123405153863132,0.0010326436022296548,-0.35976019501686096,-0.35979527235031128,0.23788189888000488,0
5.34,-200000,-0.034244537353515625,0.0011726884404197335,0.001053619896993041,-0.35973852872848511,-0.35979527235031128,0.29023021459579468,0
5.344,-200000,-0.033021979033946991,0.001090451143682003,0.0010749257635325193,-0.35971656441688538,-0.35979527235031128,0.27591562271118164,0
5.348,-200000,-0.031481325626373291,0.00099107401911169291,0.0010947264963760972,-0.3596961498260498,-0.35979527235031128,0.24440813064575195,0
5.352,-200000,-0.029645388945937157,0.00087884906679391861,0.001111344201490283,-0.35967898368835449,-0.35966667532920837,0.25311645865440369,0
5.356,-200000,-0.027539541944861412,0.00075842643855139613,0.0011233218247070909,-0.35966667532920837,-0.35966667532920837,0.3371945321559906,0
5.36,-200000,-0.025191435590386391,0.00063460849924013019,0.0011294716969132423,-0.35966032743453979,-0.35966667532920837,0.46501988172531128,0
5.364,-200000,-0.022630643099546432,0.00051214592531323433,0.001128913601860404,-0.35966086387634277,-0.35966667532920837,0.54143363237380981,0
5.368,-200000,-0.019888322800397873,0.00039554541581310332,0.0011210960801690817,-0.35966897010803223,-0.35966667532920837,0.51111620664596558,0
5.372,-200000,-0.016996851190924644,0.00028889294480904937,0.0011058071395382285,-0.35968470573425293,-0.35966667532920837,0.4156915545463562,0
5.376,-200000,-0.013989460654556751,0.00019570502627175301,0.0010831659892573953,-0.35970807075500488,-0.35966667532920837,0.32053041458129883,0
5.38,-200000,-0.010899889282882214,0.00011880758393090218,0.0010536055779084563,-0.35973852872848511,-0.35966667532920837,0.26480984687805176,0
5.384,-200000,-0.0077620027586817741,6.0248683439567685e-05,0.0010178403463214636,-0.35977545380592346,-0.35966667532920837,0.27480921149253845,0
5.388,-200000,-0.0046094534918665886,2.1247062250040472e-05,0.00097682583145797253,-0.35981768369674683,-0.35966667532920837,0.3402249813079834,0
5.392,-200000,-0.0014753279974684119,2.1765929432149278e-06,0.00093170831678435206,-0.35986417531967163,-0.35966667532920837,0.39831060171127319,0
5.396,-200000,0.0016081833746284246,2.5862536858767271e-06,0.00088376924395561218,-0.35991358757019043,-0.35991358757019043,0.37953656911849976,0
5.4,-200000,0.004610100295394659,2.1253024897305295e-05,0.000834367994684726,-0.35996454954147339,-0.35991358757019043,0.25833192467689514,0
5.404,-200000,0.0075009488500654697,5.6264234444824979e-05,0.00078488123835995793,-0.36001557111740112,-0.35991358757019043,0.06979004293680191,0
5.408,-200000,0.01025303453207016,0.0001051247090799734,0.00073664681985974312,-0.36006531119346619,-0.35991358757019043,-0.1163318008184433,0
5.412,-200000,0.012840698473155499,0.00016488353139720857,0.00069090939359739423,-0.36011242866516113,-0.35991358757019043,-0.24423182010650635,0
5.416,-200000,0.01524052768945694,0.00023227368365041912,0.00064877356635406613,-0.36015591025352478,-0.35991358757019043,-0.2951774001121521,0
5.42,-200000,0.017431566491723061,0.0003038595023099333,0.00061116414144635201,-0.3601946234703064,-0.35991358757019043,-0.27479547262191772,0
5.424,-200000,0.01939547061920166,0.00037618423812091351,0.00057879573432728648,-0.36022800207138062,-0.35991358757019043,-0.19718965888023376,0
5.428,-200000,0.021116644144058228,0.00044591267942450941,0.000552151701413095,-0.36025547981262207,-0.35991358757019043,-0.091483473777770996,0
5.432,-200000,0.022582348436117172,0.00050996243953704834,0.00053147459402680397,-0.36027684807777405,-0.35991358757019043,-0.016540339216589928,0
5.436,-200000,0.023782765492796898,0.00056561996461823583,0.00051676557632163167,-0.36029195785522461,-0.36029195785522461,-0.034173667430877686,0
5.44,-200000,0.024711042642593384,0.00061063561588525772,0.00050779432058334351,-0.36030119657516479,-0.36029195785522461,-0.14545862376689911,0
5.444,-200000,0.025363307446241379,0.00064329738961532712,0.00050411839038133621,-0.36030501127243042,-0.36029195785522461,-0.28143900632858276,0
5.448,-200000,0.025738626718521118,0.00066247693030163646,0.00050510960863903165,-0.36030402779579163,-0.36029195785522461,-0.36454048752784729,0
5.452,-200000,0.025838976725935936,0.00066765275551006198,0.0005099877598695457,-0.36029896140098572,-0.36029195785522461,-0.35514706373214722,0
5.456,-200000,0.025669127702713013,0.00065890408586710691,0.00051785848336294293,-0.36029085516929626,-0.36029195785522461,-0.24850794672966003,0
5.46,-200000,0.025236582383513451,0.00063688511727377772,0.00052775477524846792,-0.36028066277503967,-0.36029195785522461,-0.055130094289779663,0
5.464,-200000,0.0245513916015625,0.00060277088778093457,0.00053867948008701205,-0.36026939749717712,-0.36029195785522461,0.18883165717124939,0
5.468,-200000,0.023626029491424561,0.0005581892910413444,0.00054964638547971845,-0.36025810241699219,-0.36029195785522461,0.39900502562522888,0
5.472,-200000,0.022475194185972214,0.00050513434689491987,0.0005597210256382823,-0.36024770140647888,-0.36029195785522461,0.47677126526832581,0
5.476,-200000,0.021115612238645554,0.00044586905278265476,0.00056805601343512535,-0.36023911833763123,-0.36023911833763123,0.38481846451759338,0
5.48,-200000,0.019565830007195473,0.00038282171590253711,0.0005739217740483582,-0.36023306846618652,-0.36023911833763123,0.19122771918773651,0
5.484,-200000,0.017845964059233665,0.00031847847276367247,0.00057673116680234671,-0.36023014783859253,-0.36023911833763123,0.024213099852204323,0
5.488,-200000,0.01597747765481472,0.0002552797959651798,0.00057605764595791698,-0.36023086309432983,-0.36023911833763123,-0.039601743221282959,0
5.492,-200000,0.013982919976115227,0.00019552205048967153,0.00057164550526067615,-0.36023539304733276,-0.36023911833763123,-0.018288534134626389,0
5.496,-200000,0.011885670013725758,0.00014126914902590215,0.00056341261370107532,-0.36024388670921326,-0.36023911833763123,0.038971513509750366,0
5.5,-200000,0.0097096739336848259,9.4277769676409662e-05,0.00055144663201645017,-0.36025619506835938,-0.36023911833763123,0.097600840032100677,0
5.504,-200000,0.0074791871011257172,5.5938242439879104e-05,0.00053599401144310832,-0.36027216911315918,-0.36023911833763123,0.12602993845939636,0
5.508,-200000,0.0052185156382620335,2.7232905267737806e-05,0.0005174425314180553,-0.36029133200645447,-0.36023911833763123,0.1053645983338356,0
5.512,-200000,0.0029517593793570995,8.7128837549244054e-06,0.00049629929708316922,-0.36031308770179749,-0.36023911833763123,0.058969359844923019,0
5.516,-200000,0.00070256943581625819,4.9360386356056551e-07,0.00047316504060290754,-0.36033692955970764,-0.36033692955970764,0.027001326903700829,0
5.52,-200000,-0.001506089000031352,2.2683041152049555e-06,0.00044870507554151118,-0.36036214232444763,-0.36033692955970764,0.0062353601679205894,0
5.524,-200000,-0.0036521616857498884,1.3338283679331653e-05,0.00042361882515251637,-0.36038798093795776,-0.36033692955970764,-0.045549921691417694,0
5.528,-200000,-0.0057147121988236904,3.265793202444911e-05,0.00039861002005636692,-0.36041378974914551,-0.36033692955970764,-0.14342817664146423,0
5.532,-200000,-0.0076741203665733337,5.889212479814887e-05,0.00037435683771036565,-0.3604387640953064,-0.36033692955970764,-0.2348896712064743,0
5.536,-200000,-0.0095122512429952621,9.0482921223156154e-05,0.00035148547613061965,-0.36046236753463745,-0.36033692955970764,-0.23815295100212097,0
5.54,-200000,-0.011212622746825218,0.00012572291598189622,0.00033054611412808299,-0.36048397421836853,-0.36033692955970764,-0.13453324139118195,0
5.544,-200000,-0.012760525569319725,0.00016283101285807788,0.00031199370278045535,-0.36050310730934143,-0.36033692955970764,-0.00021536341228056699,0
5.548,-200000,-0.01414315402507782,0.0002000288077397272,0.00029617283144034445,-0.3605194091796875,-0.36033692955970764,0.066208764910697937,0
5.552,-200000,-0.015349688939750195,0.00023561294074170291,0.00028330809436738491,-0.36053267121315002,-0.36033692955970764,0.029687564820051193,0
5.556,-200000,-0.016371369361877441,0.00026802174397744238,0.00027350001619197428,-0.36054277420043945,-0.36054277420043945,-0.053448468446731567,0
5.56,-200000,-0.017201542854309082,0.00029589305631816387,0.00026672575040720403,-0.36054977774620056,-0.36054277420043945,-0.079916097223758698,0
5.564,-200000,-0.017835687845945358,0.00031811176449991763,0.0002628450165502727,-0.36055374145507812,-0.36054277420043945,0.003302957396954298,0
5.568,-200000,-0.018271412700414658,0.00033384453854523599,0.00026161101413890719,-0.3605550229549408,-0.36054277420043945,0.13021416962146759,0
5.572,-200000,-0.018508439883589745,0.00034256232902407646,0.00026268436340615153,-0.36055392026901245,-0.36054277420043945,0.17591257393360138,0
5.576,-200000,-0.018548557534813881,0.00034404895268380642,0.00026565129519440234,-0.36055088043212891,-0.36054277420043945,0.090712547302246094,0
5.58,-200000,-0.018395554274320602,0.00033839643583633006,0.000270043034106493,-0.36054635047912598,-0.36054277420043945,-0.079866766929626465,0
5.584,-200000,-0.018055165186524391,0.00032598897814750671,0.00027535785920917988,-0.36054086685180664,-0.36054277420043945,-0.27446803450584412,0
5.588,-200000,-0.017534920945763588,0.00030747344135306776,0.0002810823789332062,-0.36053499579429626,-0.36054277420043945,-0.4262966513633728,0
5.592,-200000,-0.016844075173139572,0.00028372291126288474,0.00028671332984231412,-0.36052912473678589,-0.36054277420043945,-0.45997858047485352,0
5.596,-200000,-0.015993455424904823,0.00025579062639735639,0.00029177739634178579,-0.36052393913269043,-0.36052393913269043,-0.35481327772140503,0
5.6,-200000,-0.014995312318205833,0.00022485941008199006,0.0002958495169878006,-0.36051973700523376,-0.36052393913269043,-0.15334579348564148,0
5.604,-200000,-0.013863168656826019,0.00019218745001126081,0.00029856798937544227,-0.36051693558692932,-0.36052393913269043,0.093545913696289062,0
5.608,-200000,-0.012611649930477142,0.00015905371401458979,0.00029964660643599927,-0.36051583290100098,-0.36052393913269043,0.34089717268943787,0
5.612,-200000,-0.011256310157477856,0.00012670452997554094,0.0002988829801324755,-0.36051663756370544,-0.36052393913269043,0.54078119993209839,0
5.616,-200000,-0.009813445620238781,9.6303723694290966e-05,0.00029616360552608967,-0.3605194091796875,-0.36052393913269043,0.65789288282394409,0
5.62,-200000,-0.0082999169826507568,6.8888628447894007e-05,0.00029146415181457996,-0.36052426695823669,-0.36052393913269043,0.68676823377609253,0
5.624,-200000,-0.0067329593002796173,4.5332737499848008e-05,0.00028484710492193699,-0.36053109169006348,-0.36052393913269043,0.6355966329574585,0
5.628,-200000,-0.0051299929618835449,2.6316827643313445e-05,0.00027645519003272057,-0.3605397641658783,-0.36052393913269043,0.50082635879516602,0
5.632,-200000,-0.003508441150188446,1.2309159501455724e-05,0.00026650214567780495,-0.36055001616477966,-0.36052393913269043,0.29464125633239746,0
5.636,-200000,-0.0018855473026633263,3.5552886856748955e-06,0.00025526084937155247,-0.3605615496635437,-0.3605615496635437,0.08344733715057373,0
5.64,-200000,-0.00027820182731375098,7.7396258291173581e-08,0.00024304969701915979,-0.3605741560459137,-0.3605615496635437,-0.063576698303222656,0
5.644,-200000,0.00129722710698843,1.6827980289235711e-06,0.00023021742526907474,-0.36058735847473145,-0.3605615496635437,-0.14330458641052246,0
5.648,-200000,0.0028250522445887327,7.9809205999481492e-06,0.00021712749730795622,-0.36060088872909546,-0.3605615496635437,-0.19660086929798126,0
5.652,-200000,0.0042904154397547245,1.8407663446851075e-05,0.00020414260507095605,-0.36061424016952515,-0.3605615496635437,-0.25771379470825195,0
5.656,-200000,0.0056794234551489353,3.2255851692752913e-05,0.00019160960800945759,-0.36062717437744141,-0.3605615496635437,-0.33405837416648865,0
5.66,-200000,0.0069792731665074825,4.871025521424599e-05,0.00017984614532906562,-0.36063933372497559,-0.3605615496635437,-0.40437984466552734,0
5.664,-200000,0.0081783588975667953,6.6885550040751696e-05,0.00016912841238081455,-0.36065039038658142,-0.3605615496635437,-0.43749561905860901,0
5.668,-200000,0.0092663737013936043,8.5865671280771494e-05,0.00015968196385074407,-0.36066007614135742,-0.3605615496635437,-0.41484847664833069,0
5.672,-200000,0.010234378278255463,0.00010474249575054273,0.00015167411766014993,-0.3606683611869812,-0.36067503690719604,-0.32003331184387207,0
5.676,-200000,0.011074873618781567,0.00012265282566659153,0.00014520979311782867,-0.36067503690719604,-0.36067503690719604,-0.13000357151031494,0
5.68,-200000,0.011781846173107624,0.00013881188351660967,0.00014032959006726742,-0.36068004369735718,-0.36067503690719604,0.12817808985710144,0
5.684,-200000,0.012350790202617645,0.00015254202298820019,0.00013701086572837085,-0.36068344116210938,-0.36067503690719604,0.336934894323349,0
5.688,-200000,0.012778741307556629,0.00016329620848409832,0.00013517119805328548,-0.36068534851074219,-0.36067503690719604,0.37152642011642456,0
5.692,-200000,0.013064250349998474,0.0001706746406853199,0.00013467425014823675,-0.36068591475486755,-0.36067503690719604,0.21425935626029968,0
5.696,-200000,0.013207390904426575,0.00017443517572246492,0.00013533755554817617,-0.36068519949913025,-0.36067503690719604,-0.023750370368361473,0
5.7,-200000,0.013209705241024494,0.00017449629376642406,0.0001369419478578493,-0.36068359017372131,-0.36067503690719604,-0.1826828271150589,0
5.704,-200000,0.01307416707277298,0.0001709338539512828,0.00013924184895586222,-0.3606812059879303,-0.36067503690719604,-0.18785746395587921,0
5.708,-200000,0.012805119156837463,0.00016397106810472906,0.00014197660493664443,-0.36067837476730347,-0.36067503690719604,-0.096032418310642242,0
5.712,-200000,0.012408202514052391,0.00015396349772345275,0.00014488161832559854,-0.36067533493041992,-0.36067503690719604,0.000266930932411924,0
5.716,-200000,0.011890259571373463,0.00014137825928628445,0.00014769933477509767,-0.3606724739074707,-0.3606724739074707,0.051509696990251541,0
5.72,-200000,0.011259248480200768,0.00012677066843025386,0.00015018935664556921,-0.36066994071006775,-0.3606724739074707,0.043816041201353073,0
5.724,-200000,0.010524136014282703,0.0001107574425986968,0.00015213775623124093,-0.360667884349823,-0.3606724739074707,-0.0097190244123339653,0
5.728,-200000,0.0096947681158781052,9.3988528533373028e-05,0.0001533643517177552,-0.3606666624546051,-0.3606724739074707,-0.067496836185455322,0
5.732,-200000,0.0087817730382084846,7.7119540947023779e-05,0.00015372892084997147,-0.36066621541976929,-0.3606724739074707,-0.085165821015834808,0
5.736,-200000,0.0077964127995073795,6.0784048400819302e-05,0.00015313492622226477,-0.3606669008731842,-0.3606724739074707,-0.045109648257493973,0
5.74,-200000,0.0067504667676985264,4.5568798668682575e-05,0.00015153184358496219,-0.36066851019859314,-0.3606724739074707,0.029922088608145714,0
5.744,-200000,0.0056560896337032318,3.1991348805604503e-05,0.00014891505998093635,-0.36067122220993042,-0.3606724739074707,0.091135606169700623,0
5.748,-200000,0.0045256838202476501,2.0481815226958133e-05,0.00014532411296386272,-0.36067494750022888,-0.3606724739074707,0.11438658088445663,0
5.752,-200000,0.0033717590849846601,1.136875926022185e-05,0.00014083922724239528,-0.36067953705787659,-0.3606724739074707,0.11605267226696014,0
5.756,-200000,0.00220680539496243,4.8699898798076902e-06,0.00013557619240600616,-0.36068496108055115,-0.36068496108055115,0.12211225926876068,0
5.76,-200000,0.0010431604459881783,1.0881836942644441e-06,0.00012968010560143739,-0.36069101095199585,-0.36068496108055115,0.15211077034473419,0
5.764,-200000,-0.00010711265349527821,1.1473119343463622e-08,0.00012331809557508677,-0.36069759726524353,-0.36068496108055115,0.20359361171722412,0
5.768,-200000,-0.0012323472183197737,1.5186797099886462e-06,0.00011667157377814874,-0.36070442199707031,-0.36068496108055115,0.25241979956626892,0
5.772,-200000,-0.0023213843815028667,5.3888252296019346e-06,0.00010992811439791694,-0.36071142554283142,-0.36068496108055115,0.29084056615829468,0
5.776,-200000,-0.0033636789303272963,1.1314336916257162e-05,0.00010327341442462057,-0.3607182502746582,-0.36068496108055115,0.32896852493286133,0
5.78,-200000,-0.0043493947014212608,1.8917236957349814e-05,9.688383579486981e-05,-0.36072486639022827,-0.36068496108055115,0.3540041446685791,0
5.784,-200000,-0.0052694929763674736,2.7767553547164425e-05,9.0919398644473404e-05,-0.36073103547096252,-0.36068496108055115,0.33215999603271484,0
5.788,-200000,-0.0061158081516623497,3.7403107853606343e-05,8.5517996922135353e-05,-0.36073654890060425,-0.36068496108055115,0.25034317374229431,0
5.792,-200000,-0.0068811154924333096,4.7349749365821481e-05,8.0790530773811042e-05,-0.36074146628379822,-0.36068496108055115,0.12677013874053955,0
5.796,-200000,-0.0075591839849948883,5.7141260185744613e-05,7.6817545050289482e-05,-0.36074557900428772,-0.36074557900428772,-0.0055135749280452728,0
5.8,-200000,-0.0081448229029774666,6.6338143369648606e-05,7.3647112003527582e-05,-0.3607487678527832,-0.36074557900428772,-0.10714942216873169,0
5.804,-200000,-0.008633909747004509,7.454439764842391e-05,7.1294256485998631e-05,-0.36075124144554138,-0.36074557900428772,-0.15269429981708527,0
5.808,-200000,-0.0090234158560633659,8.142202568706125e-05,6.9741625338792801e-05,-0.36075282096862793,-0.36074557900428772,-0.15648703277111053,0
5.812,-200000,-0.0093114059418439865,8.6702275439165533e-05,6.8941582867410034e-05,-0.36075368523597717,-0.36074557900428772,-0.1620083749294281,0
5.816,-200000,-0.0094970446079969406,9.0193854703102261e-05,6.8819383159279823e-05,-0.36075377464294434,-0.36074557900428772,-0.19220085442066193,0
5.82,-200000,-0.0095805777236819267,9.1787471319548786e-05,6.9277346483431756e-05,-0.36075329780578613,-0.36074557900428772,-0.21374325454235077,0
5.824,-200000,-0.0095633026212453842,9.1456749942153692e-05,7.0199836045503616e-05,-0.36075234413146973,-0.36074557900428772,-0.18465089797973633,0
5.828,-200000,-0.009447537362575531,8.9255961938761175e-05,7.1458620368503034e-05,-0.36075106263160706,-0.36074557900428772,-0.11956558376550674,0
5.832,-200000,-0.0092365769669413567,8.5314364696387202e-05,7.2918715886771679e-05,-0.36074957251548767,-0.36074557900428772,-0.06005372479557991,0
5.836,-200000,-0.0089346272870898247,7.9827557783573866e-05,7.4444164056330919e-05,-0.36074799299240112,-0.36074799299240112,-0.025193657726049423,0
5.84,-200000,-0.0085467575117945671,7.3047063779085875e-05,7.5903568358626217e-05,-0.36074647307395935,-0.36074799299240112,-0.017745431512594223,0
5.844,-200000,-0.0080788163468241692,6.5267282479908317e-05,7.7175252954475582e-05,-0.3607451319694519,-0.36074799299240112,-0.03230053186416626,0
5.848,-200000,-0.0075373612344264984,5.6811812100932002e-05,7.8151861089281738e-05,-0.3607441782951355,-0.36074799299240112,-0.061589747667312622,0
5.852,-200000,-0.0069295740686357021,4.8018991947174072e-05,7.8744102211203426e-05,-0.36074352264404297,-0.36074799299240112,-0.11520031839609146,0
5.856,-200000,-0.0062631717883050442,3.9227325032697991e-05,7.8883524111006409e-05,-0.36074343323707581,-0.36074799299240112,-0.19171258807182312,0
5.86,-200000,-0.0055463141761720181,3.0761602829443291e-05,7.8524557466153055e-05,-0.36074376106262207,-0.36074799299240112,-0.23012745380401611,0
5.864,-200000,-0.0047875144518911839,2.2920294213690795e-05,7.7645257988478988e-05,-0.3607446551322937,-0.36074799299240112,-0.16187688708305359,0
5.868,-200000,-0.0039955363608896732,1.596430956851691e-05,7.6247226388659328e-05,-0.36074608564376831,-0.36074799299240112,0.0020553166978061199,0
5.872,-200000,-0.00317930500023067,1.0107981324836146e-05,7.4354524258524179e-05,-0.3607480525970459,-0.36074799299240112,0.19211654365062714,0
5.876,-200000,-0.002347803907468915,5.512183179234853e-06,7.2011709562502801e-05,-0.36075052618980408,-0.36075052618980408,0.33369827270507812,0
5.88,-200000,-0.001509986468590796,2.2800591068516951e-06,6.9281071773730218e-05,-0.36075329780578613,-0.36075052618980408,0.35685238242149353,0
5.884,-200000,-0.00067467911867424846,4.5519195168708393e-07,6.6239350417163223e-05,-0.36075648665428162,-0.36075052618980408,0.23644649982452393,0
5.888,-200000,0.00014950544573366642,2.2351878570248118e-08,6.2973864260129631e-05,-0.36075982451438904,-0.36075052618980408,0.03653828427195549,0
5.892,-200000,0.000954253482632339,9.1059962414874462e-07,5.9578585933195427e-05,-0.3607633113861084,-0.36075052618980408,-0.14537183940410614,0
5.896,-200000,0.00173163041472435,2.9985440050950274e-06,5.6149856391130015e-05,-0.36076682806015015,-0.36075052618980408,-0.2642570436000824,0
5.9,-200000,0.0024741548113524914,6.1214414017740637e-06,5.2782357670366764e-05,-0.36077031493186951,-0.36075052618980408,-0.32773002982139587,0
5.904,-200000,0.0031748681794852018,1.0079788808070589e-05,4.956527118338272e-05,-0.36077365279197693,-0.36075052618980408,-0.34625974297523499,0
5.908,-200000,0.0038273918908089399,1.4648928299720865e-05,4.6578836190747097e-05,-0.36077675223350525,-0.36075052618980408,-0.3140224814414978,0
5.912,-200000,0.0044259862042963505,1.9589351722970605e-05,4.3891352106584236e-05,-0.36077946424484253,-0.36078184843063354,-0.22619073092937469,0
5.916,-200000,0.0049655935727059841,2.4657119865878485e-05,4.1556922951713204e-05,-0.36078184843063354,-0.36078184843063354,-0.081753894686698914,0
5.92,-200000,0.0054418742656707764,2.9613996957777999e-05,3.9613794797332957e-05,-0.3607839047908783,-0.36078184843063354,0.11419341713190079,0
5.924,-200000,0.0058512426912784576,3.4237040381412953e-05,3.8083380786702037e-05,-0.36078548431396484,-0.36078184843063354,0.30986905097961426,0
5.928,-200000,0.0061908825300633907,3.832702714134939e-05,3.6970151995774359e-05,-0.36078661680221558,-0.36078184843063354,0.4112238883972168,0
5.932,-200000,0.00645876070484519,4.1715589759405702e-05,3.6262081266613677e-05,-0.36078733205795288,-0.36078184843063354,0.360881507396698,0
5.936,-200000,0.0066536343656480312,4.4270847865846008e-05,3.593181463656947e-05,-0.36078771948814392,-0.36078184843063354,0.17833742499351501,0
5.94,-200000,0.0067750453017652035,4.5901240810053423e-05,3.593845758587122e-05,-0.36078771948814392,-0.36078184843063354,-0.051628898829221725,0
5.944,-200000,0.0068233073689043522,4.6557524910895154e-05,3.6229786928743124e-05,-0.36078739166259766,-0.36078184843063354,-0.19737307727336884,0
5.948,-200000,0.0067994869314134121,4.6233024477260187e-05,3.6744808312505484e-05,-0.36078685522079468,-0.36078184843063354,-0.1471884697675705,0
5.952,-200000,0.0067053786478936672,4.4962100218981504e-05,3.7416681152535602e-05,-0.36078613996505737,-0.36078184843063354,0.093705475330352783,0
5.956,-200000,0.0065434640273451805,4.2816925997612998e-05,3.8175610825419426e-05,-0.36078539490699768,-0.36078539490699768,0.38272017240524292,0
5.96,-200000,0.0063168830238282681,3.9903010474517941e-05,3.8951915485085919e-05,-0.3607846200466156,-0.36078539490699768,0.54187124967575073,0
5.964,-200000,0.0060293725691735744,3.6353332689031959e-05,3.9678747270954773e-05,-0.36078381538391113,-0.36078539490699768,0.49339094758033752,0
5.968,-200000,0.005685227457433939,3.2321811886504292e-05,4.0294806240126491e-05,-0.36078318953514099,-0.36078539490699768,0.28412327170372009,0
5.972,-200000,0.0052892370149493217,2.7976027922704816e-05,4.0746555896475911e-05,-0.36078271269798279,-0.36078539490699768,0.0049579208716750145,0
5.976,-200000,0.0048466287553310394,2.3489812519983388e-05,4.0990060369949788e-05,-0.36078247427940369,-0.36078539490699768,-0.25771132111549377,0
5.98,-200000,0.0043630003929138184,1.9035773220821284e-05,4.0992435970110819e-05,-0.36078247427940369,-0.36078539490699768,-0.42228665947914124,0
5.984,-200000,0.0038442593067884445,1.4778328477405012e-05,4.0732655179454014e-05,-0.36078277230262756,-0.36078539490699768,-0.43647375702857971,0
5.988,-200000,0.0032965485006570816,1.0867232049349695e-05,4.0201928641181439e-05,-0.36078327894210815,-0.36078539490699768,-0.31022810935974121,0
5.992,-200000,0.0027261823415756226,7.4320696512586437e-06,3.9403581467922777e-05,-0.3607841432094574,-0.36078518629074097,-0.10962061583995819,0
5.996,-200000,0.0021395753137767315,4.5777828745485749e-06,3.8352311094058678e-05,-0.36078518629074097,-0.36078518629074097,0.083841085433959961,0
6,-200000,0.0015431748470291495,2.3813888674339978e-06,3.7073175917612389e-05,-0.36078652739524841,-0.36078518629074097,0.21334657073020935,0
6.004,-200000,0.00094339111819863319,8.8998677938434412e-07,3.5600085539044812e-05,-0.36078804731369019,-0.36078518629074097,0.25615319609642029,0
6.008,-200000,0.00034653372131288052,1.2008563032850361e-07,3.3974047255469486e-05,-0.3607897162437439,-0.36078518629074097,0.21106001734733582,0
6.012,-200000,-0.00024125298659782857,5.8202999753120821e-08,3.2241165172308683e-05,-0.36079153418540955,-0.36078518629074097,0.097444035112857819,0
6.016,-200000,-0.00081404985394328833,6.6267722331758705e-07,3.0450542908511125e-05,-0.3607933521270752,-0.36078518629074097,-0.04170597717165947,0
6.02,-200000,-0.0013662194833159447,1.8665556353880675e-06,2.8652124456129968e-05,-0.36079519987106323,-0.36078518629074097,-0.16597013175487518,0
6.024,-200000,-0.0018924593459814787,3.5814023249258753e-06,2.6894616894423962e-05,-0.36079701781272888,-0.36078518629074097,-0.26522177457809448,0
6.028,-200000,-0.0023878489155322313,5.7018223742488772e-06,2.5223533157259226e-05,-0.36079874634742737,-0.36078518629074097,-0.3425045907497406,0
6.032,-200000,-0.0028478926979005337,8.1104926721309312e-06,2.3679458536207676e-05,-0.3608003556728363,-0.36078518629074097,-0.3937041163444519,0
6.036,-200000,-0.003268559230491519,1.0683480468287598e-05,2.2296575480140746e-05,-0.36080178618431091,-0.36080178618431091,-0.41611212491989136,0
6.04,-200000,-0.003646310418844223,1.3295580174599309e-05,2.1101548554725014e-05,-0.36080297827720642,-0.36080178618431091,-0.40375560522079468,0
6.044,-200000,-0.0039781308732926846,1.5825524315005168e-05,2.0112711354158819e-05,-0.3608039915561676,-0.36080178618431091,-0.34701722860336304,0
6.048,-200000,-0.0042615458369255066,1.8160772015107796e-05,1.9339689970365725e-05,-0.36080479621887207,-0.36080178618431091,-0.2602812647819519,0
6.052,-200000,-0.0044946363195776939,2.0201754523441195e-05,1.8783346604323015e-05,-0.36080536246299744,-0.36080178618431091,-0.18323655426502228,0
6.056,-200000,-0.0046760463155806065,2.1865411326871254e-05,1.8436106984154321e-05,-0.3608056902885437,-0.36080178618431091,-0.14755237102508545,0
6.06,-200000,-0.0048049865290522575,2.3087894078344107e-05,1.8282633391208947e-05,-0.36080589890480042,-0.36080178618431091,-0.15975849330425262,0
6.064,-200000,-0.0048812283203005791,2.3826389224268496e-05,1.8300755982636474e-05,-0.36080589890480042,-0.36080178618431091,-0.20645511150360107,0
6.068,-200000,-0.0049050985835492611,2.4059991119429469e-05,1.8462669686414301e-05,-0.3608056902885437,-0.36080178618431091,-0.25700283050537109,0
6.072,-200000,-0.0048774546012282372,2.378956378379371e-05,1.8736300262389705e-05,-0.36080542206764221,-0.36080503463745117,-0.26443091034889221,0
6.076,-200000,-0.0047996789216995239,2.3036915081320331e-05,1.9086795873590745e-05,-0.36080503463745117,-0.36080503463745117,-0.1927870512008667,0
6.08,-200000,-0.0046736388467252254,2.184289951401297e-05,1.9478053218335845e-05,-0.36080464720726013,-0.36080503463745117,-0.059594232589006424,0
6.084,-200000,-0.0045016659423708916,2.0264997147023678e-05,1.9874249119311571e-05,-0.36080425977706909,-0.36080503463745117,0.088400229811668396,0
6.088,-200000,-0.0042865201830863953,1.8374257706454955e-05,2.0241286620148458e-05,-0.36080384254455566,-0.36080503463745117,0.23892697691917419,0
6.092,-200000,-0.0040313489735126495,1.6251777196885087e-05,2.0548110114759766e-05,-0.36080354452133179,-0.36080503463745117,0.37759438157081604,0
6.096,-200000,-0.0037396505940705538,1.3984985343995504e-05,2.0767838577739894e-05,-0.36080330610275269,-0.36080503463745117,0.41204705834388733,0
6.1,-200000,-0.003415226936340332,1.166377478512004e-05,2.0878685973002575e-05,-0.36080321669578552,-0.36080503463745117,0.2419435977935791,0
6.104,-200000,-0.003062139730900526,9.3766993813915178e-06,2.0864623365923762e-05,-0.36080321669578552,-0.36080503463745117,-0.10299848020076752,0
6.108,-200000,-0.0026846621185541153,7.2074108175002038e-06,2.0715795471915044e-05,-0.36080336570739746,-0.36080503463745117,-0.4574892520904541,0
6.112,-200000,-0.0022872290574014187,5.2314162530819885e-06,2.0428633433766663e-05,-0.36080369353294373,-0.36080408096313477,-0.63804644346237183,0
6.116,-200000,-0.0018743888940662146,3.5133336950821104e-06,2.0005760234198533e-05,-0.36080408096313477,-0.36080408096313477,-0.56890887022018433,0
6.12,-200000,-0.0014507534215226769,2.1046853362349793e-06,1.9455572328297421e-05,-0.36080470681190491,-0.36080408096313477,-0.32681632041931152,0
6.124,-200000,-0.0010209480533376336,1.0423349294796935e-06,1.8791679394780658e-05,-0.36080536246299744,-0.36080408096313477,-0.065358735620975494,0
6.128,-200000,-0.00058956415159627795,3.4758585343297455e-07,1.8032089428743348e-05,-0.36080613732337952,-0.36080408096313477,0.09887627512216568,0
6.132,-200000,-0.00016111205331981182,2.5957092475437094e-08,1.7198297427967191e-05,-0.36080703139305115,-0.36080408096313477,0.13865832984447479,0
6.136,-200000,0.00026002447702921927,6.7612731413646543e-08,1.6314234017045237e-05,-0.36080789566040039,-0.36080408096313477,0.10274752229452133,0
6.14,-200000,0.00066963088465854526,4.4840552959612978e-07,1.540517587272916e-05,-0.3608088493347168,-0.36080408096313477,0.063183166086673737,0
6.144,-200000,0.0010637016966938972,1.1314612038404448e-06,1.4496654330287129e-05,-0.3608098030090332,-0.36080408096313477,0.06042364239692688,0
6.148,-200000,0.0014384783571586013,2.0692200450866949e-06,1.3613379451271612e-05,-0.36081069707870483,-0.36080408096313477,0.093441829085350037,0
6.152,-200000,0.0017904822016134858,3.2058264878287446e-06,1.2778253221767955e-05,-0.36081156134605408,-0.36080408096313477,0.13681845366954803,0
6.156,-200000,0.0021165453363209963,4.4797648115491029e-06,1.20115100799012e-05,-0.36081233620643616,-0.36081233620643616,0.15476664900779724,0
6.16,-200000,0.0024138365406543016,5.8266073210688774e-06,1.1329981134622358e-05,-0.36081305146217346,-0.36081233620643616,0.13384453952312469,0
6.164,-200000,0.0026798837352544069,7.1817767093307339e-06,1.0746550287876744e-05,-0.36081361770629883,-0.36081233620643616,0.1063607931137085,0
6.168,-200000,0.00291259097866714,8.4831872300128452e-06,1.0269778613292146e-05,-0.36081418395042419,-0.36081233620643616,0.11925152689218521,0
6.172,-200000,0.0031102541834115982,9.6736812338349409e-06,9.903730642690789e-06,-0.36081451177597046,-0.36081233620643616,0.19336168467998505,0
6.176,-200000,0.0032715692650526762,1.070316466211807e-05,9.6479980129515752e-06,-0.36081475019454956,-0.36081233620643616,0.30851602554321289,0
6.18,-200000,0.0033956367988139391,1.1530348274391145e-05,9.4978895504027605e-06,-0.36081495881080627,-0.36081233620643616,0.39315447211265564,0
6.184,-200000,0.003481962950900197,1.2124066415708512e-05,9.4448041636496782e-06,-0.36081498861312866,-0.36081233620643616,0.35456553101539612,0
6.188,-200000,0.003530457615852356,1.2464130122680217e-05,9.4767428890918382e-06,-0.36081495881080627,-0.36081233620643616,0.16560952365398407,0
6.192,-200000,0.0035414241719990969,1.2541684554889798e-05,9.5789346232777461e-06,-0.3608148992061615,-0.36081233620643616,-0.1019037738442421,0
6.196,-200000,0.0035155497025698423,1.2359089851088356e-05,9.7345600806875154e-06,-0.36081472039222717,-0.36081472039222717,-0.33339470624923706,0
6.2,-200000,0.003453889163210988,1.1929349966521841e-05,9.925519407261163e-06,-0.36081451177597046,-0.36081472039222717,-0.44345530867576599,0
6.204,-200000,0.0033578462898731232,1.1275132237642538e-05,1.0133223440789152e-05,-0.36081427335739136,-0.36081472039222717,-0.43071860074996948,0
6.208,-200000,0.0032291519455611706,1.042742223944515e-05,1.0339368600398302e-05,-0.36081403493881226,-0.36081472039222717,-0.35477703809738159,0
6.212,-200000,0.0030698396731168032,9.4239148893393576e-06,1.0526683581701946e-05,-0.36081385612487793,-0.36081472039222717,-0.232455775141716,0
6.216,-200000,0.0028822168242186308,8.307174539368134e-06,1.0679573279048782e-05,-0.36081376671791077,-0.36081472039222717,-0.031989861279726028,0
6.22,-200000,0.0026688363868743181,7.1226882027985994e-06,1.0784696314658504e-05,-0.36081361770629883,-0.36081472039222717,0.20848007500171661,0
6.224,-200000,0.0024324629921466112,5.916876489209244e-06,1.0831405234057456e-05,-0.36081355810165405,-0.36081472039222717,0.35957518219947815,0
6.228,-200000,0.0021760421805083752,4.735159564006608e-06,1.0812073014676571e-05,-0.36081355810165405,-0.36081472039222717,0.3302815854549408,0
6.232,-200000,0.0019026655936613679,3.6201363400323316e-06,1.0722265869844705e-05,-0.36081370711326599,-0.36081472039222717,0.17273363471031189,0
6.236,-200000,0.0016155324410647154,2.6099453407368856e-06,1.0560795089986641e-05,-0.36081385612487793,-0.36081385612487793,0.030894294381141663,0
6.24,-200000,0.0013179192319512367,1.7369111446896568e-06,1.0329621545679402e-05,-0.36081409454345703,-0.36081385612487793,-0.00016005714132916182,0
6.244,-200000,0.0010131396120414138,1.0264518550684443e-06,1.0033640137407929e-05,-0.3608144223690033,-0.36081385612487793,0.07074129581451416,0
6.248,-200000,0.00070451170904561877,4.9633672460913658e-07,9.6803514679777436e-06,-0.36081475019454956,-0.36081385612487793,0.16566547751426697,0
6.252,-200000,0.00039532262599095702,1.5627999516709679e-07,9.279441655962728e-06,-0.36081519722938538,-0.36081385612487793,0.18600828945636749,0
6.256,-200000,8.8795321062207222e-05,7.8846085216355277e-09,8.8422921180608682e-06,-0.3608156144618988,-0.36081385612487793,0.092237994074821472,0
6.26,-200000,-0.00021194395958445966,4.4920245301227624e-08,8.38143296277849e-06,-0.36081609129905701,-0.36081385612487793,-0.058837085962295532,0
6.264,-200000,-0.00050389562966302037,2.5391082658643427e-07,7.9099818321992643e-06,-0.36081656813621521,-0.36081385612487793,-0.18714646995067596,0
6.268,-200000,-0.00078421534271910787,6.1499378034568508e-07,7.4410818342585117e-06,-0.36081710457801819,-0.36081385612487793,-0.25579690933227539,0
6.272,-200000,-0.0010502403602004051,1.1030048199245357e-06,6.9873508437012788e-06,-0.36081752181053162,-0.36081385612487793,-0.25797867774963379,0
6.276,-200000,-0.001299513503909111,1.6887352103367448e-06,6.5603876464592759e-06,-0.36081799864768982,-0.36081799864768982,-0.18921911716461182,0
6.28,-200000,-0.001529803266748786,2.3402983515552478e-06,6.1703349274466746e-06,-0.36081838607788086,-0.36081799864768982,-0.056288778781890869,0
6.284,-200000,-0.0017391238361597061,3.0245514608395752e-06,5.8255268413631711e-06,-0.36081871390342712,-0.36081799864768982,0.093439504504203796,0
6.288,-200000,-0.0019257493549957871,3.7085108033352299e-06,5.5322116168099456e-06,-0.36081904172897339,-0.36081799864768982,0.17864148318767548,0
6.292,-200000,-0.0020882259123027325,4.3606873987300787e-06,5.2943896662327461e-06,-0.36081928014755249,-0.36081799864768982,0.13329513370990753,0
6.296,-200000,-0.0022253822535276413,4.9523259804118425e-06,5.1137371883669402e-06,-0.3608194887638092,-0.36081799864768982,-0.042642492800951004,0
6.3,-200000,-0.0023363344371318817,5.4584584177064244e-06,4.9896298150997609e-06,-0.36081957817077637,-0.36081799864768982,-0.2610897421836853,0
6.304,-200000,-0.0024204906076192856,5.8587747844285332e-06,4.9192713049706072e-06,-0.36081966757774353,-0.36081799864768982,-0.38538947701454163,0
6.308,-200000,-0.0024775490164756775,6.1382488638628274e-06,4.8978886297845747e-06,-0.36081972718238831,-0.36081799864768982,-0.31247878074645996,0
6.312,-200000,-0.0025074961595237255,6.287536962190643e-06,4.9190107347385492e-06,-0.36081966757774353,-0.36081957817077637,-0.045503515750169754,0
6.316,-200000,-0.0025106004904955626,6.3031147874426097e-06,4.9748064157029148e-06,-0.36081957817077637,-0.36081957817077637,0.28390717506408691,0
6.32,-200000,-0.0024874031078070402,6.1871746765973512e-06,5.0564558478072286e-06,-0.36081951856613159,-0.36081957817077637,0.49238142371177673,0
6.324,-200000,-0.0024387079756706953,5.9472972679941449e-06,5.154556220077211e-06,-0.36081942915916443,-0.36081957817077637,0.47832569479942322,0
6.328,-200000,-0.0023655649274587631,5.5958976190595422e-06,5.2595219131035265e-06,-0.36081928014755249,-0.36081957817077637,0.27779239416122437,0
6.332,-200000,-0.0022692580241709948,5.1495321713446174e-06,5.3619937716575805e-06,-0.3608192503452301,-0.36081957817077637,0.015643293038010597,0
6.336,-200000,-0.0021512818057090044,4.628013357432792e-06,5.4532015383301768e-06,-0.36081910133361816,-0.36081957817077637,-0.17889818549156189,0
6.34,-200000,-0.0020133256912231445,4.0534810068493243e-06,5.5253026403079275e-06,-0.36081904172897339,-0.36081957817077637,-0.26156896352767944,0
6.344,-200000,-0.0018572509288787842,3.4493812108848942e-06,5.5716614042466972e-06,-0.360819011926651,-0.36081957817077637,-0.28730258345603943,0
6.348,-200000,-0.0016850664978846908,2.8394490527716698e-06,5.5870659707579762e-06,-0.360819011926651,-0.36081957817077637,-0.31023684144020081,0
6.352,-200000,-0.0014989057090133429,2.2467186227004277e-06,5.5678842727502342e-06,-0.360819011926651,-0.36081957817077637,-0.30842059850692749,0
6.356,-200000,-0.0013010026887059212,1.6926078387768939e-06,5.5121404329838697e-06,-0.36081904172897339,-0.36081904172897339,-0.22153644263744354,0
6.36,-200000,-0.001093665137887001,1.1961034260821179e-06,5.4195297707337886e-06,-0.36081919074058533,-0.36081904172897339,-0.042749356478452682,0
6.364,-200000,-0.00087924988474696875,7.7308038726187078e-07,5.2913565014023334e-06,-0.36081928014755249,-0.36081904172897339,0.1401517391204834,0
6.368,-200000,-0.00066013709874823689,4.3578097574936692e-07,5.1304077715030871e-06,-0.3608194887638092,-0.36081904172897339,0.21729989349842072,0
6.372,-200000,-0.00043870494118891656,1.9246201077294245e-07,4.9407840378989931e-06,-0.36081966757774353,-0.36081904172897339,0.15267355740070343,0
6.376,-200000,-0.00021730514708906412,4.7221526244811685e-08,4.7276653276639991e-06,-0.36081981658935547,-0.36081904172897339,-0.012665562331676483,0
6.38,-200000,1.7609270344109973e-06,3.1008639666402216e-12,4.4970583985559642e-06,-0.36082005500793457,-0.36081904172897339,-0.20615741610527039,0
6.384,-200000,0.0002162652526749298,4.6770662009976149e-08,4.2555125219223555e-06,-0.36082038283348083,-0.36081904172897339,-0.3499915599822998,0
6.388,-200000,0.00042407456203363836,1.7983923328301898e-07,4.0098266254062764e-06,-0.36082062125205994,-0.36081904172897339,-0.39905303716659546,0
6.392,-200000,0.00062317046103999019,3.8834141946608725e-07,3.7667596188839525e-06,-0.36082085967063904,-0.36082109808921814,-0.37657397985458374,0
6.396,-200000,0.00081166811287403107,6.5880510646820767e-07,3.5327539080753922e-06,-0.36082109808921814,-0.36082109808921814,-0.32988905906677246,0
6.4,-200000,0.00098783301655203104,9.7581391855783295e-07,3.3136832371383207e-06,-0.36082133650779724,-0.36082109808921814,-0.25624203681945801,0
6.404,-200000,0.0011500954860821366,1.3227196404841379e-06,3.1146348646871047e-06,-0.36082148551940918,-0.36082109808921814,-0.12463615089654922,0
6.408,-200000,0.0012970631942152977,1.68237295383733e-06,2.9397338039416354e-06,-0.36082166433334351,-0.36082109808921814,0.0435764379799366,0
6.412,-200000,0.0014275336870923638,2.0378527096909238e-06,2.7920129923586501e-06,-0.36082187294960022,-0.36082109808921814,0.17317573726177216,0
6.416,-200000,0.0015404995065182447,2.3731386136205401e-06,2.6733318918559235e-06,-0.36082196235656738,-0.36082109808921814,0.2069515734910965,0
6.42,-200000,0.0016351582016795874,2.6737423013400985e-06,2.5843528419500217e-06,-0.36082211136817932,-0.36082109808921814,0.1615646630525589,0
6.424,-200000,0.0017109137261286378,2.9272257506818278e-06,2.5245601591450395e-06,-0.36082214117050171,-0.36082109808921814,0.11588911712169647,0
6.428,-200000,0.0017673788825049996,3.1236281756719109e-06,2.4923294859036105e-06,-0.36082214117050171,-0.36082109808921814,0.12133940309286118,0
6.432,-200000,0.0018043750897049904,3.2557697977608768e-06,2.4850421596056549e-06,-0.36082214117050171,-0.36082109808921814,0.14967226982116699,0
6.436,-200000,0.0018219302874058485,3.3194296520377975e-06,2.4992320959427161e-06,-0.36082214117050171,-0.36082214117050171,0.15372319519519806,0
6.44,-200000,0.0018202733481302857,3.3133953820652096e-06,2.5307613213954028e-06,-0.36082211136817932,-0.36082214117050171,0.13237480819225311,0
6.444,-200000,0.0017998277908191085,3.2393800211139023e-06,2.5750202894414542e-06,-0.36082211136817932,-0.36082214117050171,0.12125167995691299,0
6.448,-200000,0.0017612032825127244,3.1018366826174315e-06,2.6271300157532096e-06,-0.36082205176353455,-0.36082214117050171,0.13270370662212372,0
6.452,-200000,0.0017051852773874998,2.9076570626784815e-06,2.682157628441928e-06,-0.36082196235656738,-0.36082214117050171,0.1327618807554245,0
6.456,-200000,0.001632723375223577,2.6657853595679626e-06,2.7353155473974766e-06,-0.36082190275192261,-0.36082214117050171,0.10106561332941055,0
6.46,-200000,0.0015449173515662551,2.3867698928370373e-06,2.7821527055493789e-06,-0.36082187294960022,-0.36082214117050171,0.062411505728960037,0
6.464,-200000,0.0014430029550567269,2.0822571968892589e-06,2.8187198495288612e-06,-0.36082181334495544,-0.36082214117050171,0.036717593669891357,0
6.468,-200000,0.0013283367734402418,1.7644786112214206e-06,2.8417089197319001e-06,-0.36082181334495544,-0.36082214117050171,0.01180497370660305,0
6.472,-200000,0.0012023781891912222,1.4457133374889963e-06,2.8485635539254872e-06,-0.36082181334495544,-0.36082214117050171,-0.021089658141136169,0
6.476,-200000,0.0010666731977835298,1.137791855398973e-06,2.8375445708661573e-06,-0.36082181334495544,-0.36082181334495544,-0.036423336714506149,0
6.48,-200000,0.00092283607227727771,8.5162645291347872e-07,2.8077713523089187e-06,-0.36082187294960022,-0.36082181334495544,0.0023735135328024626,0
6.484,-200000,0.00077253096969798207,5.968040568404831e-07,2.759215931291692e-06,-0.36082190275192261,-0.36082181334495544,0.085338100790977478,0
6.488,-200000,0.00061745400307700038,3.8124943557704682e-07,2.6926711598207476e-06,-0.36082196235656738,-0.36082181334495544,0.14148974418640137,0
6.492,-200000,0.00045931470231153071,2.109700005803461e-07,2.6096763576788362e-06,-0.36082205176353455,-0.36082181334495544,0.10912855714559555,0
6.496,-200000,0.00029981796978972852,8.9890818344429135e-08,2.5124277271970641e-06,-0.36082214117050171,-0.36082181334495544,0.015932481735944748,0
6.5,-200000,0.00014064651622902602,1.9781444038358131e-08,2.4036544346017763e-06,-0.36082229018211365,-0.36082181334495544,-0.042045854032039642,0
6.504,-200000,-1.6556146874791011e-05,2.74105987907447e-10,2.28648423217237e-06,-0.36082237958908081,-0.36082181334495544,-0.003999671433120966,0
6.508,-200000,-0.00017020187806338072,2.8968679899321614e-08,2.1642986212100368e-06,-0.36082252860069275,-0.36082181334495544,0.10559644550085068,0
6.512,-200000,-0.00031877341098152101,1.0161647878703661e-07,2.0405800569278654e-06,-0.36082261800765991,-0.36082181334495544,0.21927940845489502,0
6.516,-200000,-0.00046083828783594072,2.1237194403056492e-07,1.918765747177531e-06,-0.36082276701927185,-0.36082276701927185,0.28025436401367188,0
6.52,-200000,-0.00059506233083084226,3.5409917131801194e-07,1.8021040659732535e-06,-0.36082285642623901,-0.36082276701927185,0.26900070905685425,0
6.524,-200000,-0.00072022090898826718,5.1871819550797227e-07,1.6935324538280838e-06,-0.36082300543785095,-0.36082276701927185,0.20410545170307159,0
6.528,-200000,-0.00083520979387685657,6.9757544451931608e-07,1.5955660046529374e-06,-0.36082309484481812,-0.36082276701927185,0.11981987953186035,0
6.532,-200000,-0.00093905394896864891,8.818223022899474e-07,1.5102117458809516e-06,-0.36082315444946289,-0.36082276701927185,0.045682985335588455,0
6.536,-200000,-0.0010309148347005248,1.062785258909571e-06,1.4389070202014409e-06,-0.36082324385643005,-0.36082276701927185,-0.011952455155551434,0
6.54,-200000,-0.0011100955307483673,1.2323122291491018e-06,1.382483787892852e-06,-0.36082330346107483,-0.36082276701927185,-0.081683024764060974,0
6.544,-200000,-0.0011760469060391188,1.3830864418196143e-06,1.3411579402600182e-06,-0.36082333326339722,-0.36082276701927185,-0.19150039553642273,0
6.548,-200000,-0.0012283676769584417,1.5088871805346571e-06,1.3145466937203309e-06,-0.36082339286804199,-0.36082276701927185,-0.32898730039596558,0
6.552,-200000,-0.0012668073177337646,1.6048006727942266e-06,1.3017082665101043e-06,-0.36082339286804199,-0.36082339286804199,-0.44895491003990173,0
6.556,-200000,-0.0012912645470350981,1.6673642448949977e-06,1.3012034969506203e-06,-0.36082339286804199,-0.36082339286804199,-0.49817818403244019,0
6.56,-200000,-0.0013017855817452073,1.6946456753430539e-06,1.3111742873661569e-06,-0.36082339286804199,-0.36082339286804199,-0.45014446973800659,0
6.564,-200000,-0.0012985598295927048,1.6862575193954399e-06,1.3294378504724591e-06,-0.36082333326339722,-0.36082339286804199,-0.32154178619384766,0
6.568,-200000,-0.001281916513107717,1.6433099290225073e-06,1.3535882317228243e-06,-0.36082333326339722,-0.36082339286804199,-0.14233434200286865,0
6.572,-200000,-0.0012523157056421041,1.568294464959763e-06,1.3811049939249642e-06,-0.36082330346107483,-0.36082339286804199,0.062621772289276123,0
6.576,-200000,-0.0012103437911719084,1.4649319837189978e-06,1.4094591733737616e-06,-0.36082330346107483,-0.36082339286804199,0.25800743699073792,0
6.58,-200000,-0.001156701473519206,1.3379583378991811e-06,1.4362183264893247e-06,-0.36082324385643005,-0.36082339286804199,0.39236640930175781,0
6.584,-200000,-0.0010921971406787634,1.1928947287742631e-06,1.4591408898922964e-06,-0.36082324385643005,-0.36082339286804199,0.42470502853393555,0
6.588,-200000,-0.0010177340591326356,1.0357825885876082e-06,1.4762597402295796e-06,-0.36082324385643005,-0.36082339286804199,0.37341389060020447,0
6.592,-200000,-0.00093429937260225415,8.7291527961497195e-07,1.4859512020848342e-06,-0.36082324385643005,-0.36082339286804199,0.31862726807594299,0
6.596,-200000,-0.00084295292617753148,7.1056956585380249e-07,1.4869863207422895e-06,-0.36082324385643005,-0.36082324385643005,0.3023216724395752,0
6.6,-200000,-0.00074481358751654625,5.5474720284109935e-07,1.4785651956117363e-06,-0.36082324385643005,-0.36082324385643005,0.26450920104980469,0
6.604,-200000,-0.00064104748889803886,4.1094190805779363e-07,1.4603295994675136e-06,-0.36082324385643005,-0.36082324385643005,0.14013616740703583,0
6.608,-200000,-0.00053285376634448767,2.8393310458341148e-07,1.4323608183985925e-06,-0.36082324385643005,-0.36082324385643005,-0.039988130331039429,0
6.612,-200000,-0.00042145224870182574,1.7762199888693431e-07,1.3951561186331674e-06,-0.36082330346107483,-0.36082324385643005,-0.16996006667613983,0
6.616,-200000,-0.0003080698661506176,9.4907044001502072e-08,1.3495915709427209e-06,-0.36082333326339722,-0.36082324385643005,-0.14658617973327637,0
6.62,-200000,-0.00019392817921470851,3.7608138825362403e-08,1.2968688452019705e-06,-0.36082339286804199,-0.36082324385643005,0.031319610774517059,0
6.624,-200000,-8.0230282037518919e-05,6.4368981256279767e-09,1.2384531373754726e-06,-0.36082348227500916,-0.36082324385643005,0.23016130924224854,0
6.628,-200000,3.18507882184349e-05,1.0144727280447796e-09,1.1760008646888309e-06,-0.36082354187965393,-0.36082324385643005,0.31370934844017029,0
6.632,-200000,0.00014118396211415529,1.9932908656983273e-08,1.1112840638816124e-06,-0.36082357168197632,-0.36082324385643005,0.27966117858886719,0
6.636,-200000,0.00024669081903994083,6.085635817498769e-08,1.0461126294103451e-06,-0.36082363128662109,-0.36082363128662109,0.21342118084430695,0
6.64,-200000,0.00034735570079647005,1.2065599719335296e-07,9.8225768851989415e-07,-0.36082372069358826,-0.36082363128662109,0.17015261948108673,0
6.644,-200000,0.00044223479926586151,1.9557160158001352e-07,9.2138162699484383e-07,-0.36082378029823303,-0.36082363128662109,0.1489538848400116,0
6.648,-200000,0.00053046486573293805,2.8139297114648798e-07,8.6497283291464555e-07,-0.36082381010055542,-0.36082363128662109,0.11934205144643784,0
6.652,-200000,0.00061126973014324903,3.7365066418715287e-07,8.1429271858723951e-07,-0.3608238697052002,-0.36082363128662109,0.047566145658493042,0
6.656,-200000,0.00068396731512621045,4.678112759393116e-07,7.7033320167174679e-07,-0.36082395911216736,-0.36082363128662109,-0.068001747131347656,0
6.66,-200000,0.00074797403067350388,5.594650929197087e-07,7.3378703291382408e-07,-0.36082401871681213,-0.36082363128662109,-0.2010825127363205,0
6.664,-200000,0.00080280925612896681,6.445026770052209e-07,7.0503199367522029e-07,-0.36082401871681213,-0.36082363128662109,-0.32339683175086975,0
6.668,-200000,0.00084809772670269012,7.192696784841246e-07,6.8412771270232042e-07,-0.36082401871681213,-0.36082363128662109,-0.39020785689353943,0
6.672,-200000,0.00088357151253148913,7.8069859910101513e-07,6.7082754640068742e-07,-0.36082404851913452,-0.36082363128662109,-0.35943970084190369,0
6.676,-200000,0.00090907019330188632,8.2640860910032643e-07,6.6459989511713502e-07,-0.36082404851913452,-0.36082404851913452,-0.25052499771118164,0
6.68,-200000,0.00092454056721180677,8.5477523725785431e-07,6.6466282078181393e-07,-0.36082404851913452,-0.36082404851913452,-0.12735089659690857,0
6.684,-200000,0.00093003484653308988,8.6496481799258618e-07,6.7002599735133117e-07,-0.36082404851913452,-0.36082404851913452,-0.030400987714529037,0
6.688,-200000,0.00092570745619013906,8.5693437767986325e-07,6.7953970983580803e-07,-0.36082401871681213,-0.36082404851913452,0.046378444880247116,0
6.692,-200000,0.00091181171592324972,8.3140065498810145e-07,6.9194840079944697e-07,-0.36082401871681213,-0.36082404851913452,0.12367162853479385,0
6.696,-200000,0.00088869535829871893,7.8977944895086694e-07,7.0594603585050208e-07,-0.36082401871681213,-0.36082404851913452,0.19539849460124969,0
6.7,-200000,0.00085679395124316216,7.3409580636507599e-07,7.2023237862595124e-07,-0.36082401871681213,-0.36082404851913452,0.22276146709918976,0
6.704,-200000,0.00081662536831572652,6.6687698563328013e-07,7.3356449092898401e-07,-0.36082401871681213,-0.36082404851913452,0.17151324450969696,0
6.708,-200000,0.00076878227991983294,5.9102620753037627e-07,7.448055612258031e-07,-0.36082395911216736,-0.36082404851913452,0.070579156279563904,0
6.712,-200000,0.00071392441168427467,5.0968799314432545e-07,7.529670256190002e-07,-0.36082395911216736,-0.36082404851913452,0.012568039819598198,0
6.716,-200000,0.00065277039539068937,4.2610918171703815e-07,7.5724182124758954e-07,-0.36082395911216736,-0.36082395911216736,0.059182625263929367,0
6.72,-200000,0.00058608921244740486,3.4350060218457656e-07,7.5702973845181987e-07,-0.36082395911216736,-0.36082395911216736,0.17297586798667908,0
6.724,-200000,0.00051469047321006656,2.6490624804864638e-07,7.5195356430413085e-07,-0.36082395911216736,-0.36082395911216736,0.26225900650024414,0
6.728,-200000,0.0004394158604554832,1.9308629362058127e-07,7.4186380061291857e-07,-0.36082395911216736,-0.36082395911216736,0.25851646065711975,0
6.732,-200000,0.00036112932139076293,1.3041437796346145e-07,7.2683570806475473e-07,-0.36082401871681213,-0.36082395911216736,0.14115509390830994,0
6.736,-200000,0.00028070775442756712,7.8796844604767102e-08,7.071557774906978e-07,-0.36082401871681213,-0.36082395911216736,-0.067562364041805267,0
6.74,-200000,0.00019903155043721199,3.9613553326489637e-08,6.833018915131106e-07,-0.36082401871681213,-0.36082395911216736,-0.29886120557785034,0
6.744,-200000,0.00011697549052769318,1.3683265187580673e-08,6.5591382281127153e-07,-0.36082404851913452,-0.36082395911216736,-0.45678028464317322,0
6.748,-200000,3.5399618354858831e-05,1.2531330417786535e-09,6.2576117443313706e-07,-0.36082404851913452,-0.36082395911216736,-0.48216119408607483,0
6.752,-200000,-4.4859240006189793e-05,2.0123511745850919e-09,5.9370529470470501e-07,-0.3608241081237793,-0.36082395911216736,-0.40484851598739624,0
6.756,-200000,-0.00012299577065277845,1.5127961106031762e-08,5.6066062370518921e-07,-0.36082419753074646,-0.36082419753074646,-0.31171911954879761,0
6.76,-200000,-0.00019824372429866344,3.9300573462242028e-08,5.2755376600543968e-07,-0.36082419753074646,-0.36082419753074646,-0.25079885125160217,0
6.764,-200000,-0.00026988325407728553,7.2836975562040607e-08,4.9528534873388708e-07,-0.36082425713539124,-0.36082419753074646,-0.19380290806293488,0
6.768,-200000,-0.00033724727109074593,1.1373572306183632e-07,4.646938975838566e-07,-0.36082425713539124,-0.36082419753074646,-0.1001056432723999,0
6.772,-200000,-0.00039972722879610956,1.5978184819687158e-07,4.3652357817336451e-07,-0.36082428693771362,-0.36082419753074646,0.0071441023610532284,0
6.776,-200000,-0.00045677818707190454,2.0864631267158984e-07,4.113978775421856e-07,-0.36082428693771362,-0.36082419753074646,0.054379034787416458,0
6.78,-200000,-0.00050792319234460592,2.5798598812798446e-07,3.8979842997832748e-07,-0.3608243465423584,-0.36082419753074646,0.023875659331679344,0
6.784,-200000,-0.00055275700287893414,3.0554033969565353e-07,3.7205131775408518e-07,-0.3608243465423584,-0.36082419753074646,0.0027137759607285261,0
6.788,-200000,-0.00059094792231917381,3.4921944802590588e-07,3.5832007938552124e-07,-0.3608243465423584,-0.36082419753074646,0.085252746939659119,0
6.792,-200000,-0.00062224100111052394,3.8718386008440575e-07,3.4860545383708086e-07,-0.3608243465423584,-0.3608243465423584,0.25585451722145081,0
6.796,-200000,-0.00064645789097994566,4.1790781324380077e-07,3.4275225857527403e-07,-0.3608243465423584,-0.3608243465423584,0.39351192116737366,0
6.8,-200000,-0.00066349748522043228,4.4022894485351571e-07,3.4046183827740606e-07,-0.3608243465423584,-0.3608243465423584,0.39532628655433655,0
6.804,-200000,-0.00067333568586036563,4.5338097720559745e-07,3.4131062420783564e-07,-0.3608243465423584,-0.3608243465423584,0.28372663259506226,0
6.808,-200000,-0.00067602313356474042,4.5700730311182269e-07,3.4477210419936455e-07,-0.3608243465423584,-0.3608243465423584,0.16683003306388855,0
6.812,-200000,-0.00067168415989726782,4.5115962166164536e-07,3.5024291378249472e-07,-0.3608243465423584,-0.3608243465423584,0.1203816756606102,0
6.816,-200000,-0.00066051306203007698,4.3627750301311607e-07,3.5707029155673808e-07,-0.3608243465423584,-0.3608243465423584,0.14372809231281281,0
6.82,-200000,-0.00064277125056833029,4.1315487919746374e-07,3.6458118302107323e-07,-0.3608243465423584,-0.3608243465423584,0.18250496685504913,0
6.824,-200000,-0.00061878224369138479,3.8289149983938842e-07,3.7211034964457212e-07,-0.3608243465423584,-0.3608243465423584,0.16082616150379181,0
6.828,-200000,-0.00058892817469313741,3.4683640137700422e-07,3.7902677263446094e-07,-0.3608243465423584,-0.3608243465423584,0.044120769947767258,0
6.832,-200000,-0.00055364350555464625,3.0652117288809677e-07,3.8475849351016222e-07,-0.3608243465423584,-0.3608243465423584,-0.10242334753274918,0
6.836,-200000,-0.00051340961363166571,2.6358944182902633e-07,3.8881321984263195e-07,-0.3608243465423584,-0.3608243465423584,-0.15583188831806183,0
6.84,-200000,-0.00046874978579580784,2.1972637398448569e-07,3.9079458247215371e-07,-0.36082428693771362,-0.3608243465423584,-0.058769028633832932,0
6.844,-200000,-0.0004202213604003191,1.7658598494563194e-07,3.9041486843416351e-07,-0.36082428693771362,-0.3608243465423584,0.12149833142757416,0
6.848,-200000,-0.00036841034307144582,1.3572616808232851e-07,3.8750152953070938e-07,-0.3608243465423584,-0.3608243465423584,0.27325654029846191,0
6.852,-200000,-0.00031392410164698958,9.8548341043169785e-08,3.8199951291062462e-07,-0.3608243465423584,-0.3608243465423584,0.33886879682540894,0
6.856,-200000,-0.00025738505064509809,6.6247061170088273e-08,3.7396821994661877e-07,-0.3608243465423584,-0.3608243465423584,0.32293429970741272,0
6.86,-200000,-0.00019942344806622714,3.9769712856241313e-08,3.6357431554279174e-07,-0.3608243465423584,-0.3608243465423584,0.25637444853782654,0
6.864,-200000,-0.00014067103620618582,1.9788339855608683e-08,3.5108004681205784e-07,-0.3608243465423584,-0.3608243465423584,0.16119833290576935,0
6.868,-200000,-8.1754267739597708e-05,6.6837606560454788e-09,3.3682832167869492e-07,-0.3608243465423584,-0.3608243465423584,0.04667166993021965,0
6.872,-200000,-2.3287846488528885e-05,5.4232379698149202e-10,3.2122520110533515e-07,-0.36082443594932556,-0.36082443594932556,-0.042811892926692963,0
6.876,-200000,3.4131218853872269e-05,1.1649401443492025e-09,3.0472028811345808e-07,-0.36082443594932556,-0.36082443594932556,-0.022577002644538879,0
6.88,-200000,8.992957737063989e-05,8.0873290286831434e-09,2.8778654836969508e-07,-0.36082443594932556,-0.36082443594932556,0.1280713826417923,0
6.884,-200000,0.00014356288011185825,2.0610301021406485e-08,2.7089944865110738e-07,-0.36082449555397034,-0.36082443594932556,0.30364298820495605,0
6.888,-200000,0.00019452099513728172,3.7838418620594894e-08,2.545175448176451e-07,-0.36082449555397034,-0.36082443594932556,0.38828215003013611,0
6.892,-200000,0.00024233230215031654,5.8724946683241797e-08,2.3906400770101754e-07,-0.36082449555397034,-0.36082443594932556,0.37856030464172363,0
6.896,-200000,0.00028656804352067411,8.2121253797140525e-08,2.2491084905595926e-07,-0.36082449555397034,-0.36082443594932556,0.34293311834335327,0
6.9,-200000,0.00032684564939700067,1.0682807527473415e-07,2.1236549230252422e-07,-0.36082452535629272,-0.36082443594932556,0.32303857803344727,0
6.904,-200000,0.00036283195368014276,1.3164704171231278e-07,2.0166089598205872e-07,-0.36082452535629272,-0.36082443594932556,0.29962968826293945,0
6.908,-200000,0.00039424528949894011,1.5542934761469951e-07,1.9294895992061356e-07,-0.36082452535629272,-0.36082443594932556,0.23383399844169617,0
6.912,-200000,0.00042085762834176421,1.7712113731249701e-07,1.8629764042543684e-07,-0.36082452535629272,-0.36082443594932556,0.12685234844684601,0
6.916,-200000,0.00044249565689824522,1.958023858605884e-07,1.8169150450830784e-07,-0.36082452535629272,-0.36082452535629272,0.016450032591819763,0
6.92,-200000,0.00045904135913588107,2.1071896583180205e-07,1.7903585103340447e-07,-0.36082452535629272,-0.36082452535629272,-0.069354034960269928,0
6.924,-200000,0.0004704322200268507,2.21306478920269e-07,1.7816384456637024e-07,-0.36082452535629272,-0.36082452535629272,-0.12071786820888519,0
6.928,-200000,0.00047666052705608308,2.272052626040022e-07,1.7884622138808481e-07,-0.36082452535629272,-0.36082452535629272,-0.12640185654163361,0
6.932,-200000,0.00047777238069102168,2.2826642975815048e-07,1.8080329766689829e-07,-0.36082452535629272,-0.36082452535629272,-0.078180894255638123,0
6.936,-200000,0.00047386615187861025,2.2454912596003851e-07,1.8371834187291824e-07,-0.36082452535629272,-0.36082452535629272,0.006089960690587759,0
6.94,-200000,0.00046509000821970403,2.1630872026889847e-07,1.872522261692211e-07,-0.36082452535629272,-0.36082452535629272,0.069504141807556152,0
6.944,-200000,0.00045163970207795501,2.0397840216901386e-07,1.9105812043562764e-07,-0.36082452535629272,-0.36082452535629272,0.051485531032085419,0
6.948,-200000,0.0004337554273661226,1.8814375835063402e-07,1.9479595891880308e-07,-0.36082452535629272,-0.36082452535629272,-0.034566868096590042,0
6.952,-200000,0.00041171809425577521,1.6951180725754966e-07,1.9814592633338179e-07,-0.36082452535629272,-0.36082452535629272,-0.095938801765441895,0
6.956,-200000,0.00038584601134061813,1.4887716304201604e-07,2.0082093499240727e-07,-0.36082452535629272,-0.36082452535629272,-0.060406137257814407,0
6.96,-200000,0.00035649043275043368,1.2708544261386123e-07,2.0257661503819691e-07,-0.36082452535629272,-0.36082452535629272,0.047757558524608612,0
6.964,-200000,0.00032403125078417361,1.0499625346938046e-07,2.0321981253346166e-07,-0.36082452535629272,-0.36082452535629272,0.12543351948261261,0
6.968,-200000,0.00028887251392006874,8.3447332599462243e-08,2.0261401800780732e-07,-0.36082452535629272,-0.36082452535629272,0.090982198715209961,0
6.972,-200000,0.00025143791572190821,6.3221023083315231e-08,2.0068281969543023e-07,-0.36082452535629272,-0.36082452535629272,-0.0053446278907358646,0
6.976,-200000,0.00021216538152657449,4.5014150629185679e-08,1.9741018775221164e-07,-0.36082452535629272,-0.36082452535629272,-0.036796312779188156,0
6.98,-200000,0.00017150290659628808,2.9413248725518315e-08,1.9283872632058774e-07,-0.36082452535629272,-0.36082452535629272,0.019455861300230026,0
6.984,-200000,0.00012990328832529485,1.6874864172677917e-08,1.8706541027313506e-07,-0.36082452535629272,-0.36082452535629272,0.063986822962760925,0
6.988,-200000,8.7819338659755886e-05,7.7122361830106456e-09,1.8023524717136752e-07,-0.36082452535629272,-0.36082452535629272,0.029107894748449326,0
6.992,-200000,4.5699329348281026e-05,2.088428541213716e-09,1.7253337603051477e-07,-0.36082452535629272,-0.36082452535629272,-0.05070137232542038,0
6.996,-200000,3.9823280530981719e-06,1.5858935692447673e-11,1.6417550341429887e-07,-0.36082452535629272,-0.36082452535629272,-0.1003832072019577,0
7,-200000,-3.690614175866358e-05,1.3620633509958679e-09,1.5539816899945436e-07,-0.3608245849609375,-0.36082452535629272,-0.068014182150363922,0
7.004,-200000,-7.6558208093047142e-05,5.8611591136070729e-09,1.4644778900674282e-07,-0.3608245849609375,-0.36082452535629272,0.034895341843366623,0
7.008,-200000,-0.00011458758672233671,1.3130315501541645e-08,1.375702396444467e-07,-0.3608245849609375,-0.36082452535629272,0.13134174048900604,0
7.012,-200000,-0.00015063301543705165,2.2690306522576975e-08,1.2900086687750445e-07,-0.3608245849609375,-0.36082452535629272,0.15258118510246277,0
7.016,-200000,-0.00018436159007251263,3.3989199010875382e-08,1.2095510726339853e-07,-0.3608245849609375,-0.36082452535629272,0.078505560755729675,0
7.02,-200000,-0.00021547156211454421,4.6427992117514805e-08,1.1362055829522433e-07,-0.3608245849609375,-0.36082452535629272,-0.090022720396518707,0
7.024,-200000,-0.00024369472521357238,5.9387122774978707e-08,1.0715046983023058e-07,-0.3608245849609375,-0.36082452535629272,-0.30877861380577087,0
7.028,-200000,-0.0002687987289391458,7.2252760219271295e-08,1.0165879160695113e-07,-0.3608245849609375,-0.36082452535629272,-0.46890783309936523,0
7.032,-200000,-0.00029058847576379776,8.4441658998457569e-08,9.7217196071142098e-08,-0.36082467436790466,-0.36082452535629272,-0.47195315361022949,0
7.036,-200000,-0.00030890744528733194,9.5423807522365678e-08,9.3853884663985809e-08,-0.36082467436790466,-0.36082467436790466,-0.31554841995239258,0
7.04,-200000,-0.00032363849459215999,1.0474187916997835e-07,9.1554205994270887e-08,-0.36082467436790466,-0.36082467436790466,-0.098312996327877045,0
7.044,-200000,-0.00033470444031991065,1.1202705252344458e-07,9.0263014840274991e-08,-0.36082467436790466,-0.36082467436790466,0.048474721610546112,0
7.048,-200000,-0.00034206747659482062,1.170101668890311e-07,8.988870092707657e-08,-0.36082467436790466,-0.36082467436790466,0.040256939828395844,0
7.052,-200000,-0.00034572937875054777,1.1952882061905257e-07,9.0308311939679697e-08,-0.36082467436790466,-0.36082467436790466,-0.11767885833978653,0
7.056,-200000,-0.00034573013545013964,1.195293179989676e-07,9.1373955513063265e-08,-0.36082467436790466,-0.36082467436790466,-0.33759555220603943,0
7.06,-200000,-0.00034214695915579796,1.1706455183002618e-07,9.2919854921547085e-08,-0.36082467436790466,-0.36082467436790466,-0.51708066463470459,0
7.064,-200000,-0.0003350928018335253,1.1228718221900635e-07,9.4769838199226797e-08,-0.36082467436790466,-0.36082467436790466,-0.59521722793579102,0
7.068,-200000,-0.00032471408485434949,1.0543923423256274e-07,9.6744940947246505e-08,-0.36082467436790466,-0.36082467436790466,-0.54754811525344849,0
7.072,-200000,-0.00031118863262236118,9.6838370211571601e-08,9.8670852821669541e-08,-0.36082467436790466,-0.36082467436790466,-0.39700159430503845,0
7.076,-200000,-0.00029472331516444683,8.6861838610730047e-08,1.0038479558716062e-07,-0.36082467436790466,-0.36082467436790466,-0.22652348875999451,0
7.08,-200000,-0.00027555105043575168,7.5928390685930935e-08,1.0174162667908604e-07,-0.3608245849609375,-0.36082467436790466,-0.1261516809463501,0
7.084,-200000,-0.00025392803945578635,6.4479458217192587e-08,1.0261900484920261e-07,-0.3608245849609375,-0.36082467436790466,-0.13391284644603729,0
7.088,-200000,-0.00023013023019302636,5.2959922669515436e-08,1.0292143315382418e-07,-0.3608245849609375,-0.36082467436790466,-0.21709413826465607,0
7.092,-200000,-0.00020445052359718829,4.1800017669402223e-08,1.0258293059450807e-07,-0.3608245849609375,-0.36082467436790466,-0.29276189208030701,0
7.096,-200000,-0.00017719503375701606,3.1398080579947418e-08,1.0156848162523602e-07,-0.3608245849609375,-0.36082467436790466,-0.29548019170761108,0
7.1,-200000,-0.00014867979916743934,2.2105680841377762e-08,9.9874021941559477e-08,-0.36082467436790466,-0.36082467436790466,-0.2215123176574707,0
7.104,-200000,-0.00011922714475076646,1.4215110866189207e-08,9.7525386877350684e-08,-0.36082467436790466,-0.36082467436790466,-0.11210986226797104,0
7.108,-200000,-8.9162342192139477e-05,7.9499242744418552e-09,9.4575796083518071e-08,-0.36082467436790466,-0.36082467436790466,-0.027020245790481567,0
7.112,-200000,-5.8810033806366846e-05,3.4586200570174697e-09,9.110254950428498e-08,-0.36082467436790466,-0.36082467436790466,0.0041383826173841953,0
7.116,-200000,-2.8491002012742683e-05,8.1173717747518026e-10,8.720273569906567e-08,-0.36082467436790466,-0.36082467436790466,0.014832648448646069,0
7.12,-200000,1.4811546407145215e-06,2.1938191280962416e-12,8.2988400151862152e-08,-0.36082467436790466,-0.36082467436790466,0.047465920448303223,0
7.124,-200000,3.0803115805611014e-05,9.4883190193684186e-10,7.8581237517028057e-08,-0.36082467436790466,-0.36082467436790466,0.095410250127315521,0
7.128,-200000,5.9184752899454907e-05,3.5028349110177714e-09,7.4107198599904223e-08,-0.36082467436790466,-0.36082467436790466,0.11687479913234711,0
7.132,-200000,8.6351879872381687e-05,7.45664685553038e-09,6.969099786147126e-08,-0.36082467436790466,-0.36082467436790466,0.076666392385959625,0
7.136,-200000,0.000112048743176274,1.2554920658658375e-08,6.5451125408344524e-08,-0.36082467436790466,-0.36082467436790466,-0.024333342909812927,0
7.14,-200000,0.00013604031119029969,1.8506966625864152e-08,6.1495072145589802e-08,-0.36082467436790466,-0.36082467436790466,-0.14057798683643341,0
7.144,-200000,0.00015811421326361597,2.500010509720596e-08,5.7915514162232284e-08,-0.36082467436790466,-0.36082467436790466,-0.21703679859638214,0
7.148,-200000,0.00017808258417062461,3.1713408787936714e-08,5.4786909231552272e-08,-0.36082467436790466,-0.36082467436790466,-0.23118805885314941,0
7.152,-200000,0.00019578333012759686,3.8331108953570947e-08,5.2163294128604321e-08,-0.36082467436790466,-0.36082467436790466,-0.17739470303058624,0
7.156,-200000,0.00021108142391312867,4.4555367395560097e-08,5.0076856439318362e-08,-0.36082467436790466,-0.36082467436790466,-0.060800455510616302,0
7.16,-200000,0.00022386954515241086,5.0117574090791095e-08,4.8537504682144572e-08,-0.36082467436790466,-0.36082467436790466,0.074614666402339935,0
7.164,-200000,0.00023406888067256659,5.4788237946468143e-08,4.7533340818972647e-08,-0.36082467436790466,-0.36082467436790466,0.17169375717639923,0
7.168,-200000,0.00024162900808732957,5.8384578949244315e-08,4.7032084893317005e-08,-0.36082467436790466,-0.36082467436790466,0.19894084334373474,0
7.172,-200000,0.00024652807042002678,6.0776095267556229e-08,4.6983188894955674e-08,-0.36082467436790466,-0.36082467436790466,0.13636977970600128,0
7.176,-200000,0.00024877226678654552,6.1887632796242542e-08,4.7320657614591255e-08,-0.36082467436790466,-0.36082467436790466,-0.02130562998354435,0
7.18,-200000,0.00024839522666297853,6.1700198727976385e-08,4.7966398852850034e-08,-0.36082467436790466,-0.36082467436790466,-0.220746710896492,0
7.184,-200000,0.00024545704945921898,6.0249170985571254e-08,4.8833886268084825e-08,-0.36082467436790466,-0.36082467436790466,-0.35839962959289551,0
7.188,-200000,0.00024004324222914875,5.7620763271870601e-08,4.9832056703280614e-08,-0.36082467436790466,-0.36082467436790466,-0.36104726791381836,0
7.192,-200000,0.00023226304620038718,5.3946127565041024e-08,5.0869203960246523e-08,-0.36082467436790466,-0.36082467436790466,-0.22966265678405762,0
7.196,-200000,0.00022224802523851395,4.9394184742368452e-08,5.1856773097824771e-08,-0.36082467436790466,-0.36082467436790466,-0.0038089021109044552,0
7.2,-200000,0.00021015011589042842,4.4163066093005909e-08,5.2712795906018073e-08,-0.36082467436790466,-0.36082467436790466,0.2552390992641449,0
7.204,-200000,0.00019613964832387865,3.8470762575570916e-08,5.3364988872317554e-08,-0.36082467436790466,-0.36082467436790466,0.44739484786987305,0
7.208,-200000,0.0001804031926440075,3.254531222296464e-08,5.3753286266555733e-08,-0.36082467436790466,-0.36082467436790466,0.48571944236755371,0
7.212,-200000,0.00016314117237925529,2.6615040837896231e-08,5.3831779922575151e-08,-0.36082467436790466,-0.36082467436790466,0.37956276535987854,0
7.216,-200000,0.00014456566714216024,2.0899232566762294e-08,5.3569976898870664e-08,-0.36082467436790466,-0.36082467436790466,0.21520917117595673,0
7.22,-200000,0.00012489780783653259,1.5599463054627449e-08,5.2953414098055873e-08,-0.36082467436790466,-0.36082467436790466,0.069041714072227478,0
7.224,-200000,0.00010436540469527245,1.0892136970142019e-08,5.1983516158315979e-08,-0.36082467436790466,-0.36082467436790466,-0.027883181348443031,0
7.228,-200000,8.3200327935628593e-05,6.9222947374214527e-09,5.0676902674240409e-08,-0.36082467436790466,-0.36082467436790466,-0.082571707665920258,0
7.232,-200000,6.1636077589355409e-05,3.7990055545833457e-09,4.9064048823765916e-08,-0.36082467436790466,-0.36082467436790466,-0.13509444892406464,0
7.236,-200000,3.9905349694890901e-05,1.5924369600739396e-09,4.71874201934952e-08,-0.36082467436790466,-0.36082467436790466,-0.2287045419216156,0
7.24,-200000,1.8237533367937431e-05,3.3260763587783515e-10,4.5099238121792951e-08,-0.36082467436790466,-0.36082467436790466,-0.36154454946517944,0
7.244,-200000,-3.1434767606697278e-06,9.881447222970241e-12,4.2858896875941355e-08,-0.36082473397254944,-0.36082467436790466,-0.4710325300693512,0
7.248,-200000,-2.4021570425247774e-05,5.7703591904711971e-10,4.0530228062607421e-08,-0.36082473397254944,-0.36082467436790466,-0.4637397825717926,0
7.252,-200000,-4.4190481276018545e-05,1.9527983674549887e-09,3.8178704642177763e-08,-0.36082473397254944,-0.36082467436790466,-0.29422587156295776,0
7.256,-200000,-6.34557000012137e-05,4.0266256995380445e-09,3.5868652048520744e-08,-0.36082473397254944,-0.36082467436790466,-0.036663960665464401,0
7.26,-200000,-8.1636266259010881e-05,6.6644800789106284e-09,3.3660654708000948e-08,-0.36082473397254944,-0.36082467436790466,0.16162972152233124,0
7.264,-200000,-9.8566350061446428e-05,9.7153263212135244e-09,3.1609221906592211e-08,-0.36082473397254944,-0.36082467436790466,0.19677801430225372,0
7.268,-200000,-0.00011409666331019253,1.3018049749291549e-08,2.9760792941146974e-08,-0.36082473397254944,-0.36082473397254944,0.05757594108581543,0
7.272,-200000,-0.00012809562031179667,1.6408488789920739e-08,2.8152195241659683e-08,-0.36082473397254944,-0.36082473397254944,-0.18329927325248718,0
7.276,-200000,-0.00014045040006749332,1.9726314803847345e-08,2.6809484410250661e-08,-0.36082473397254944,-0.36082473397254944,-0.38982701301574707,0
7.28,-200000,-0.00015106766659300774,2.2821438960818341e-08,2.574734558891123e-08,-0.36082473397254944,-0.36082473397254944,-0.43223676085472107,0
7.284,-200000,-0.00015987404913175851,2.5559710792322221e-08,2.4968951350956559e-08,-0.36082473397254944,-0.36082473397254944,-0.28623270988464355,0
7.288,-200000,-0.00016681660781614482,2.7827780968436855e-08,2.4466308090609346e-08,-0.36082473397254944,-0.36082473397254944,-0.054305564612150192,0
7.292,-200000,-0.00017186297918669879,2.9536883161540572e-08,2.4221046501793353e-08,-0.36082473397254944,-0.36082473397254944,0.12515076994895935,0
7.296,-200000,-0.00017500109970569611,3.0625386671090382e-08,2.4205590420933731e-08,-0.36082473397254944,-0.36082473397254944,0.18605442345142365,0
7.3,-200000,-0.00017623901658225805,3.1060192640097739e-08,2.4384684493838904e-08,-0.36082473397254944,-0.36082473397254944,0.16498298943042755,0
7.304,-200000,-0.00017560433479957283,3.0836883269103055e-08,2.4717119018191624e-08,-0.36082473397254944,-0.36082473397254944,0.15061374008655548,0
7.308,-200000,-0.00017314354772679508,2.9978689752852006e-08,2.5157694594213353e-08,-0.36082473397254944,-0.36082473397254944,0.19133138656616211,0
7.312,-200000,-0.00016892116400413215,2.8534358875731414e-08,2.5659209867967547e-08,-0.36082473397254944,-0.36082473397254944,0.23542055487632751,0
7.316,-200000,-0.00016301854338962585,2.6575046163657134e-08,2.617447236730186e-08,-0.36082473397254944,-0.36082473397254944,0.19547359645366669,0
7.32,-200000,-0.00015553284902125597,2.4190466518803078e-08,2.6658238283516766e-08,-0.36082473397254944,-0.36082473397254944,0.070600196719169617,0
7.324,-200000,-0.00014657562132924795,2.148441069493856e-08,2.7068949748354498e-08,-0.36082473397254944,-0.36082473397254944,-0.045025426894426346,0
7.328,-200000,-0.00013627127918880433,1.8569860316119957e-08,2.7370290922590357e-08,-0.36082473397254944,-0.36082473397254944,-0.064047440886497498,0
7.332,-200000,-0.00012475559196900576,1.5563955457764678e-08,2.7532436774890812e-08,-0.36082473397254944,-0.36082473397254944,0.023589473217725754,0
7.336,-200000,-0.00011217402061447501,1.2583011077538231e-08,2.7532999880008902e-08,-0.36082473397254944,-0.36082473397254944,0.16961884498596191,0
7.34,-200000,-9.8680073278956115e-05,9.7377581553814707e-09,2.7357614840184397e-08,-0.36082473397254944,-0.36082473397254944,0.30905327200889587,0
7.344,-200000,-8.4433391748461872e-05,7.1289982805922136e-09,2.7000192304171833e-08,-0.36082473397254944,-0.36082473397254944,0.37218230962753296,0
7.348,-200000,-6.959808524698019e-05,4.8438932864769413e-09,2.6462799951332272e-08,-0.36082473397254944,-0.36082473397254944,0.31042814254760742,0
7.352,-200000,-5.4340885981218889e-05,2.9529316769583147e-09,2.5755237942348685e-08,-0.36082473397254944,-0.36082473397254944,0.15063557028770447,0
7.356,-200000,-3.8829341065138578e-05,1.5077178394662383e-09,2.4894285743926048e-08,-0.36082473397254944,-0.36082473397254944,0.00099093001335859299,0
7.36,-200000,-2.3230104488902725e-05,5.3963783441801638e-10,2.3902725132529667e-08,-0.36082473397254944,-0.36082473397254944,-0.035666953772306442,0
7.364,-200000,-7.7071772466297261e-06,5.940058167563933e-11,2.2808148258945948e-08,-0.36082473397254944,-0.36082473397254944,0.047261428087949753,0
7.368,-200000,7.5797097451868467e-06,5.7452004958991054e-11,2.1641607617084446e-08,-0.36082473397254944,-0.36082473397254944,0.1643800288438797,0
7.372,-200000,2.2476675439975224e-05,5.0520093664019328e-10,2.043618962943583e-08,-0.36082473397254944,-0.36082473397254944,0.21065068244934082,0
7.376,-200000,3.68371547665447e-05,1.3569758650078256e-09,1.9225577574388808e-08,-0.36082473397254944,-0.36082473397254944,0.13765573501586914,0
7.38,-200000,5.0523278332548216e-05,2.5526016855792477e-09,1.8042623395331248e-08,-0.36082473397254944,-0.36082473397254944,-0.027369687333703041,0
7.384,-200000,6.3407103880308568e-05,4.0204604090376961e-09,1.6918050960157416e-08,-0.36082473397254944,-0.36082473397254944,-0.22845038771629333,0
7.388,-200000,7.5371746788732708e-05,5.6809006387936734e-09,1.5879251691330865e-08,-0.36082473397254944,-0.36082473397254944,-0.40622520446777344,0
7.392,-200000,8.6312356870621443e-05,7.4498229807318239e-09,1.4949327109547994e-08,-0.36082473397254944,-0.36082473397254944,-0.5047265887260437,0
7.396,-200000,9.6136936917901039e-05,9.2423109165906681e-09,1.4146290361338743e-08,-0.36082473397254944,-0.36082473397254944,-0.51324969530105591,0
7.4,-200000,0.00010476705938344821,1.0976135556006739e-08,1.348255107558316e-08,-0.36082473397254944,-0.36082473397254944,-0.48743906617164612,0
7.404,-200000,0.00011213832476641983,1.2575005037263054e-08,1.2964636475487623e-08,-0.36082473397254944,-0.36082473397254944,-0.49657025933265686,0
7.408,-200000,0.00011820080544566736,1.397143023496028e-08,1.2593159404161725e-08,-0.36082473397254944,-0.36082473397254944,-0.55409497022628784,0
7.412,-200000,0.00012291921302676201,1.5109133499890959e-08,1.2363041257401619e-08,-0.36082473397254944,-0.36082473397254944,-0.61769407987594604,0
7.416,-200000,0.00012627299292944372,1.594486853662147e-08,1.2263953408364614e-08,-0.36082473397254944,-0.36082473397254944,-0.6341327428817749,0
7.42,-200000,0.00012825620069634169,1.6449652306960161e-08,1.2280956696031353e-08,-0.36082473397254944,-0.36082473397254944,-0.56474113464355469,0
7.424,-200000,0.00012887716002296656,1.6609320141469652e-08,1.2395301673961967e-08,-0.36082473397254944,-0.36082473397254944,-0.39560931921005249,0
7.428,-200000,0.0001281582226511091,1.6424531068537362e-08,1.2585344322246783e-08,-0.36082473397254944,-0.36082473397254944,-0.14471383392810822,0
7.432,-200000,0.00012613527360372245,1.5910108785988086e-08,1.2827567452688982e-08,-0.36082473397254944,-0.36082473397254944,0.13734762370586395,0
7.436,-200000,0.00012285678531043231,1.5093789329512219e-08,1.3097595008559892e-08,-0.36082473397254944,-0.36082473397254944,0.3736843466758728,0
7.44,-200000,0.00011838338105008006,1.4014624127867137e-08,1.3371234786063724e-08,-0.36082473397254944,-0.36082473397254944,0.47430524230003357,0
7.444,-200000,0.00011278673628112301,1.2720846598313074e-08,1.3625452766063972e-08,-0.36082473397254944,-0.36082473397254944,0.38085046410560608,0
7.448,-200000,0.00010614865459501743,1.1267536237369313e-08,1.3839264845216803e-08,-0.36082473397254944,-0.36082473397254944,0.13959960639476776,0
7.452,-200000,9.8560063634067774e-05,9.7140855359612033e-09,1.3994490011270955e-08,-0.36082473397254944,-0.36082473397254944,-0.10020385682582855,0
7.456,-200000,9.0119756350759417e-05,8.1215700831194226e-09,1.4076388943351503e-08,-0.36082473397254944,-0.36082473397254944,-0.20017297565937042,0
7.46,-200000,8.0933314166031778e-05,6.5502012702722823e-09,1.4074101883920775e-08,-0.36082473397254944,-0.36082473397254944,-0.12668044865131378,0
7.464,-200000,7.1111811848822981e-05,5.0568891296620677e-09,1.3980934632229491e-08,-0.36082473397254944,-0.36082473397254944,0.053113691508769989,0
7.468,-200000,6.0770504205720499e-05,3.6930540847635029e-09,1.3794434039482439e-08,-0.36082473397254944,-0.36082473397254944,0.22895717620849609,0
7.472,-200000,5.0027651013806462e-05,2.5027655503606638e-09,1.3516318730921739e-08,-0.36082473397254944,-0.36082473397254944,0.32211321592330933,0
7.476,-200000,3.9003130950732157e-05,1.5212442416867589e-09,1.315221975772829e-08,-0.36082473397254944,-0.36082473397254944,0.32955583930015564,0
7.48,-200000,2.7817193767987192e-05,7.737963048093377e-10,1.2711265817699768e-08,-0.36082473397254944,-0.36082473397254944,0.30073300004005432,0
7.484,-200000,1.6589207007200457e-05,2.7520177803275203e-10,1.2205575217194564e-08,-0.36082473397254944,-0.36082473397254944,0.27633571624755859,0
7.488,-200000,5.4364222705771681e-06,2.9554685088140076e-11,1.1649611053599074e-08,-0.36082473397254944,-0.36082473397254944,0.26738151907920837,0
7.492,-200000,-5.527175289898878e-06,3.0549666962809141e-11,1.1059483995268238e-08,-0.36082473397254944,-0.36082473397254944,0.28824505209922791,0
7.496,-200000,-1.6191999748116359e-05,2.6218086035534327e-10,1.0452221310686127e-08,-0.36082473397254944,-0.36082473397254944,0.3405422568321228,0
7.5,-200000,-2.6453908503754064e-05,6.9980926609147787e-10,9.8450128049876184e-09,-0.36082473397254944,-0.36082473397254944,0.37381681799888611,0
7.504,-200000,-3.6215147702023387e-05,1.3115369901228746e-09,9.2545047181147311e-09,-0.36082473397254944,-0.36082473397254944,0.33909082412719727,0
7.508,-200000,-4.5385269913822412e-05,2.0598225347612242e-09,8.6961291501097548e-09,-0.36082473397254944,-0.36082473397254944,0.25164422392845154,0
7.512,-200000,-5.3881871281191707e-05,2.9032558579444867e-09,8.1835054288603715e-09,-0.36082473397254944,-0.36082473397254944,0.17313210666179657,0
7.516,-200000,-6.1631304561160505e-05,3.798418024558714e-09,7.7279738164293121e-09,-0.36082473397254944,-0.36082473397254944,0.17347657680511475,0
7.52,-200000,-6.8569250288419425e-05,4.7017421067607756e-09,7.3381998255683811e-09,-0.36082473397254944,-0.36082473397254944,0.2870643138885498,0
7.524,-200000,-7.4641196988523006e-05,5.571307859497665e-09,7.0199370760803959e-09,-0.36082473397254944,-0.36082473397254944,0.47258013486862183,0
7.528,-200000,-7.9802783147897571e-05,6.3684844064937352e-09,6.7759096111785766e-09,-0.36082473397254944,-0.36082473397254944,0.65013962984085083,0
7.532,-200000,-8.4020044596400112e-05,7.0593677570229829e-09,6.6058176706462746e-09,-0.36082473397254944,-0.36082473397254944,0.7748292088508606,0
7.536,-200000,-8.7269509094767272e-05,7.615966524099349e-09,6.5064775789380747e-09,-0.36082473397254944,-0.36082473397254944,0.83661317825317383,0
7.54,-200000,-8.9538341853767633e-05,8.0171149718921697e-09,6.4720637737991638e-09,-0.36082473397254944,-0.36082473397254944,0.82991427183151245,0
7.544,-200000,-9.0824076323769987e-05,8.2490130282053542e-09,6.4944649658116305e-09,-0.36082473397254944,-0.36082473397254944,0.76239031553268433,0
7.548,-200000,-9.1134592366870493e-05,8.3055127220177383e-09,6.5636966972704158e-09,-0.36082473397254944,-0.36082473397254944,0.64870297908782959,0
7.552,-200000,-9.0487628767732531e-05,8.1880102698050905e-09,6.6683987220983454e-09,-0.36082473397254944,-0.36082473397254944,0.49962911009788513,0
7.556,-200000,-8.8910557678900659e-05,7.9050863632801338e-09,6.7963461525266666e-09,-0.36082473397254944,-0.36082473397254944,0.34737452864646912,0
7.56,-200000,-8.6439831648021936e-05,7.4718444764698688e-09,6.9349894715742266e-09,-0.36082473397254944,-0.36082473397254944,0.22664006054401398,0
7.564,-200000,-8.3120365161448717e-05,6.9089955978540729e-09,7.0719812228503542e-09,-0.36082473397254944,-0.36082473397254944,0.12163356691598892,0
7.568,-200000,-7.9004967119544744e-05,6.2417853108343024e-09,7.1956685054885838e-09,-0.36082473397254944,-0.36082473397254944,-0.006639926228672266,0
7.572,-200000,-7.4153569585178047e-05,5.4987516762139421e-09,7.2955392838025546e-09,-0.36082473397254944,-0.36082473397254944,-0.16226565837860107,0
7.576,-200000,-6.8632441980298609e-05,4.7104116163154686e-09,7.3626083008093701e-09,-0.36082473397254944,-0.36082473397254944,-0.32424163818359375,0
7.58,-200000,-6.2513434386346489e-05,3.9079295355293198e-09,7.3897146180001982e-09,-0.36082473397254944,-0.36082473397254944,-0.46822571754455566,0
7.584,-200000,-5.5873060773592442e-05,3.1217990414944552e-09,7.3717414394991465e-09,-0.36082473397254944,-0.36082473397254944,-0.55408352613449097,0
7.588,-200000,-4.8791629524203017e-05,2.3806230320388977e-09,7.305735572060712e-09,-0.36082473397254944,-0.36082473397254944,-0.53765469789505005,0
7.592,-200000,-4.1352286643814296e-05,1.7100114657608856e-09,7.1909398435821004e-09,-0.36082473397254944,-0.36082473397254944,-0.41789883375167847,0
7.596,-200000,-3.3640149922575802e-05,1.1316597658961314e-09,7.0287264897217483e-09,-0.36082473397254944,-0.36082473397254944,-0.25188741087913513,0
7.6,-200000,-2.5741343051777221e-05,6.6261679476653512e-10,6.8224563776198011e-09,-0.36082473397254944,-0.36082473397254944,-0.10596219450235367,0
7.604,-200000,-1.7742087948136032e-05,3.1478167294984871e-10,6.5772516322226693e-09,-0.36082473397254944,-0.36082473397254944,-0.002404291182756424,0
7.608,-200000,-9.7278143584844656e-06,9.4630379920968011e-11,6.2997158600808234e-09,-0.36082473397254944,-0.36082473397254944,0.073048815131187439,0
7.612,-200000,-1.7822819700086256e-06,3.1765291352153779e-12,5.9975966415493076e-09,-0.36082473397254944,-0.36082473397254944,0.13680589199066162,0
7.616,-200000,6.0132456383144017e-06,3.6159124305878976e-11,5.6794227099032923e-09,-0.36082473397254944,-0.36082473397254944,0.19547109305858612,0
7.62,-200000,1.3580800441559404e-05,1.8443813143420584e-10,5.3541184819039245e-09,-0.36082473397254944,-0.36082473397254944,0.22712349891662598,0
7.624,-200000,2.0846448023803532e-05,4.345743764844201e-10,5.0306234733454858e-09,-0.36082473397254944,-0.36082473397254944,0.17391130328178406,0
7.628,-200000,2.7740967198042199e-05,7.6956119254845134e-10,4.7175241491004272e-09,-0.36082473397254944,-0.36082473397254944,0.013366888277232647,0
7.632,-200000,3.4200464142486453e-05,1.1696718038578524e-09,4.4227150830522532e-09,-0.36082473397254944,-0.36082473397254944,-0.17657645046710968,0
7.636,-200000,4.0166934923036024e-05,1.6133826497011228e-09,4.1531071914846507e-09,-0.36082473397254944,-0.36082473397254944,-0.28261226415634155,0
7.64,-200000,4.5588734792545438e-05,2.0783328391615896e-09,3.9143812635700215e-09,-0.36082473397254944,-0.36082473397254944,-0.27093452215194702,0
7.644,-200000,5.0420971092535183e-05,2.5422746130487894e-09,3.710810103640938e-09,-0.36082473397254944,-0.36082473397254944,-0.20145030319690704,0
7.648,-200000,5.4625841585220769e-05,2.9839823945110311e-09,3.5451386271034835e-09,-0.36082473397254944,-0.36082473397254944,-0.14044661819934845,0
7.652,-200000,5.8172874560113996e-05,3.3840834579024204e-09,3.4185390074270572e-09,-0.36082473397254944,-0.36082473397254944,-0.097987629473209381,0
7.656,-200000,6.1039077991154045e-05,3.7257690266301324e-09,3.3306224445084354e-09,-0.36082473397254944,-0.36082473397254944,-0.048616748303174973,0
7.66,-200000,6.3209001382347196e-05,3.9953773622869448e-09,3.279525984112297e-09,-0.36082473397254944,-0.36082473397254944,0.03049774095416069,0
7.664,-200000,6.4674801251385361e-05,4.1828300822999154e-09,3.2620448564557591e-09,-0.36082473397254944,-0.36082473397254944,0.13569378852844238,0
7.668,-200000,6.5436099248472601e-05,4.2818832923785521e-09,3.273821658211773e-09,-0.36082473397254944,-0.36082473397254944,0.2229895293712616,0
7.672,-200000,6.5499836637172848e-05,4.2902286168100545e-09,3.309570839604703e-09,-0.36082473397254944,-0.36082473397254944,0.24417929351329803,0
7.676,-200000,6.4880048739723861e-05,4.2094208119181076e-09,3.363334055705991e-09,-0.36082473397254944,-0.36082473397254944,0.21050421893596649,0
7.68,-200000,6.3597610278520733e-05,4.0446566096363767e-09,3.4287517269859791e-09,-0.36082473397254944,-0.36082473397254944,0.1785232275724411,0
7.684,-200000,6.1679806094616652e-05,3.8043985739477648e-09,3.499335488044153e-09,-0.36082473397254944,-0.36082473397254944,0.16684818267822266,0
7.688,-200000,5.9159967349842191e-05,3.4999019238313167e-09,3.5687424126962242e-09,-0.36082473397254944,-0.36082473397254944,0.13589739799499512,0
7.692,-200000,5.6076933105941862e-05,3.1446223403008844e-09,3.6310239259762511e-09,-0.36082473397254944,-0.36082473397254944,0.052883129566907883,0
7.696,-200000,5.2474606491159648e-05,2.7535840274595103e-09,3.6808522896336626e-09,-0.36082473397254944,-0.36082473397254944,-0.070751428604125977,0
7.7,-200000,4.8401339881820604e-05,2.3426895978673201e-09,3.7137095620920491e-09,-0.36082473397254944,-0.36082473397254944,-0.20643818378448486,0
7.704,-200000,4.3909338273806497e-05,1.9280299579094162e-09,3.7260390328697213e-09,-0.36082473397254944,-0.36082473397254944,-0.32296070456504822,0
7.708,-200000,3.9054069929989055e-05,1.5252205054494539e-09,3.7153473630979761e-09,-0.36082473397254944,-0.36082473397254944,-0.38417157530784607,0
7.712,-200000,3.3893575164256617e-05,1.1487744089322405e-09,3.6802578762262783e-09,-0.36082473397254944,-0.36082473397254944,-0.38197651505470276,0
7.716,-200000,2.8487847885116935e-05,8.1155748787864468e-10,3.6205203279848774e-09,-0.36082473397254944,-0.36082473397254944,-0.3461664617061615,0
7.72,-200000,2.2898157112649642e-05,5.2432563846238622e-10,3.5369722706235507e-09,-0.36082473397254944,-0.36082473397254944,-0.29716333746910095,0
7.724,-200000,1.718636485747993e-05,2.9537114420996602e-10,3.4314535657387069e-09,-0.36082473397254944,-0.36082473397254944,-0.23386272788047791,0
7.728,-200000,1.1414304026402533e-05,1.3028633727429906e-10,3.3066895888111958e-09,-0.36082473397254944,-0.36082473397254944,-0.17625419795513153,0
7.732,-200000,5.6431081247865222e-06,3.1844665793201443e-11,3.1661389066073298e-09,-0.36082473397254944,-0.36082473397254944,-0.17061543464660645,0
7.736,-200000,-6.7389066771283979e-08,4.5412858315409949e-15,3.0138198603424371e-09,-0.36082473397254944,-0.36082473397254944,-0.2397109717130661,0
7.74,-200000,-5.6592593864479568e-06,3.2027214214025435e-11,2.8541180530083921e-09,-0.36082473397254944,-0.36082473397254944,-0.3564608097076416,0
7.744,-200000,-1.1077032468165271e-05,1.2270066906960864e-10,2.6915920603443055e-09,-0.36082473397254944,-0.36082473397254944,-0.46428436040878296,0
7.748,-200000,-1.6268231775029562e-05,2.6465535318820343e-10,2.5307749229597221e-09,-0.36082473397254944,-0.36082473397254944,-0.52095490694046021,0
7.752,-200000,-2.1183834178373218e-05,4.4875481108874737e-10,2.375989849312532e-09,-0.36082473397254944,-0.36082473397254944,-0.53322345018386841,0
7.756,-200000,-2.5778737835935317e-05,6.6454336478116716e-10,2.2311787972739694e-09,-0.36082473397254944,-0.36082473397254944,-0.53210991621017456,0
7.76,-200000,-3.0012111892574467e-05,9.0072688196940476e-10,2.0997563687785714e-09,-0.36082473397254944,-0.36082473397254944,-0.52331334352493286,0
7.764,-200000,-3.3847754821181297e-05,1.1456705584222959e-09,1.9844901277821236e-09,-0.36082473397254944,-0.36082473397254944,-0.47412824630737305,0
7.768,-200000,-3.7254369090078399e-05,1.3878880267270688e-09,1.8874122265088999e-09,-0.36082473397254944,-0.36082473397254944,-0.32999324798583984,0
7.772,-200000,-4.0205748518928885e-05,1.616502265378017e-09,1.8097668919025978e-09,-0.36082473397254944,-0.36082473397254944,-0.066038750112056732,0
7.776,-200000,-4.2681011109380051e-05,1.8216687047711844e-09,1.7519921069464317e-09,-0.36082473397254944,-0.36082473397254944,0.25420603156089783,0
7.78,-200000,-4.4664629967883229e-05,1.9949293328380691e-09,1.7137320451610094e-09,-0.36082473397254944,-0.36082473397254944,0.50959622859954834,0
7.784,-200000,-4.6146520617185161e-05,2.1295014640543286e-09,1.6938862534843224e-09,-0.36082473397254944,-0.36082473397254944,0.61045253276824951,0
7.788,-200000,-4.7122022806433961e-05,2.2204851291007799e-09,1.6906834821028838e-09,-0.36082473397254944,-0.36082473397254944,0.52878791093826294,0
7.792,-200000,-4.7591827751602978e-05,2.2649822017939414e-09,1.7017827147469688e-09,-0.36082473397254944,-0.36082473397254944,0.30209535360336304,0
7.796,-200000,-4.7561858082190156e-05,2.2621300388436794e-09,1.7243921845988552e-09,-0.36082473397254944,-0.36082473397254944,0.045554112643003464,0
7.8,-200000,-4.7043111408129334e-05,2.2130541843523588e-09,1.7554009357212408e-09,-0.36082473397254944,-0.36082473397254944,-0.12636177241802216,0
7.804,-200000,-4.6051416575210169e-05,2.120733144650444e-09,1.791519821381371e-09,-0.36082473397254944,-0.36082473397254944,-0.21385113894939423,0
7.808,-200000,-4.460714990273118e-05,1.9897978820182516e-09,1.8294233905535862e-09,-0.36082473397254944,-0.36082473397254944,-0.28201016783714294,0
7.812,-200000,-4.2734998714877293e-05,1.8262801271262674e-09,1.8658852241060231e-09,-0.36082473397254944,-0.36082473397254944,-0.3327847421169281,0
7.816,-200000,-4.0463513869326562e-05,1.6372959654731289e-09,1.8979082749837062e-09,-0.36082473397254944,-0.36082473397254944,-0.31397143006324768,0
7.82,-200000,-3.7824822356924415e-05,1.4307172113703359e-09,1.9228334480203557e-09,-0.36082473397254944,-0.36082473397254944,-0.20001094043254852,0
7.824,-200000,-3.4854158002417535e-05,1.2148122507937842e-09,1.9384382987652771e-09,-0.36082473397254944,-0.36082473397254944,-0.022249853238463402,0
7.828,-200000,-3.1589461286785081e-05,9.9789398966265708e-10,1.9430050901547702e-09,-0.36082473397254944,-0.36082473397254944,0.1424405574798584,0
7.832,-200000,-2.8070886401110329e-05,7.8797474101222065e-10,1.9353709745928427e-09,-0.36082473397254944,-0.36082473397254944,0.21799011528491974,0
7.836,-200000,-2.4340401068911888e-05,5.9245514050232373e-10,1.9149528629469614e-09,-0.36082473397254944,-0.36082473397254944,0.1849341094493866,0
7.84,-200000,-2.0441255401237868e-05,4.1784495308228031e-10,1.8817427616113491e-09,-0.36082473397254944,-0.36082473397254944,0.088796459138393402,0
7.844,-200000,-1.6417528968304396e-05,2.6953522747064085e-10,1.8362881215594484e-09,-0.36082473397254944,-0.36082473397254944,-0.0043134004808962345,0
7.848,-200000,-1.2313670595176518e-05,1.516264891421315e-10,1.7796409901293941e-09,-0.36082473397254944,-0.36082473397254944,-0.055296767503023148,0
7.852,-200000,-8.1739881352405064e-06,6.6814088983679909e-11,1.7132956164900293e-09,-0.36082473397254944,-0.36082473397254944,-0.057745475322008133,0
7.856,-200000,-4.0422287383989897e-06,1.6339615424576515e-11,1.6391069612708975e-09,-0.36082473397254944,-0.36082473397254944,-0.014742150902748108,0
7.86,-200000,3.8882763675474052e-08,1.5118694251915559e-15,1.5591995472519216e-09,-0.36082473397254944,-0.36082473397254944,0.067621037364006042,0
7.864,-200000,4.028056537208613e-06,1.6225239901634936e-11,1.4758672062242795e-09,-0.36082473397254944,-0.36082473397254944,0.17053075134754181,0
7.868,-200000,7.885842933319509e-06,6.2186519822482467e-11,1.3914733809627933e-09,-0.36082473397254944,-0.36082473397254944,0.25863447785377502,0
7.872,-200000,1.1574999007279985e-05,1.3398060438873927e-10,1.3083484295961512e-09,-0.36082473397254944,-0.36082473397254944,0.27571758627891541,0
7.876,-200000,1.5060829355206806e-05,2.2682859757150453e-10,1.2286965889174439e-09,-0.36082473397254944,-0.36082473397254944,0.16451656818389893,0
7.88,-200000,1.8311486201127991e-05,3.3531052934243633e-10,1.1545097100551516e-09,-0.36082473397254944,-0.36082473397254944,-0.054464422166347504,0
7.884,-200000,2.1298255887813866e-05,4.5361572831303931e-10,1.0874942057981229e-09,-0.36082473397254944,-0.36082473397254944,-0.2268945723772049,0
7.888,-200000,2.3995769879547879e-05,5.7579702117394049e-10,1.0290120977529682e-09,-0.36082473397254944,-0.36082473397254944,-0.15734267234802246,0
7.892,-200000,2.6382211217423901e-05,6.9602101859800314e-10,9.8003982706984516e-10,-0.36082473397254944,-0.36082473397254944,0.20107312500476837,0
7.896,-200000,2.8439459129003808e-05,8.0880280250994474e-10,9.4114438464742989e-10,-0.36082473397254944,-0.36082473397254944,0.67567473649978638,0
7.9,-200000,3.0153203624649905e-05,9.0921570272683994e-10,9.1247481792677831e-10,-0.36082473397254944,-0.36082473397254944,1.0089588165283203,0
7.904,-200000,3.1513005524175242e-05,9.93069404486846e-10,8.9377560907877296e-10,-0.36082473397254944,-0.36082473397254944,1.0383754968643188,0
7.908,-200000,3.251231464673765e-05,1.0570504471729691e-09,8.8441226564484055e-10,-0.36082473397254944,-0.36082473397254944,0.77075338363647461,0
7.912,-200000,3.3148488000733778e-05,1.0988221443852808e-09,8.8341317594498037e-10,-0.36082473397254944,-0.36082473397254944,0.35288596153259277,0
7.916,-200000,3.3422704291297123e-05,1.1170770974899824e-09,8.8952356591676107e-10,-0.36082473397254944,-0.36082473397254944,-0.033133178949356079,0
7.92,-200000,3.3339863875880837e-05,1.1115464104705097e-09,9.0126794916045583e-10,-0.36082473397254944,-0.36082473397254944,-0.28596258163452148,0
7.924,-200000,3.2908505090745166e-05,1.0829698249281705e-09,9.1701995996729124e-10,-0.36082473397254944,-0.36082473397254944,-0.40400815010070801,0
7.928,-200000,3.214057142031379e-05,1.0330163391358838e-09,9.3507457332719923e-10,-0.36082473397254944,-0.36082473397254944,-0.43113723397254944,0
7.932,-200000,3.1051255064085126e-05,9.6418040218537726e-10,9.5372121311498859e-10,-0.36082473397254944,-0.36082473397254944,-0.41862949728965759,0
7.936,-200000,2.965879139082972e-05,8.7964391326522673e-10,9.7131402920780374e-10,-0.36082473397254944,-0.36082473397254944,-0.38597536087036133,0
7.94,-200000,2.7984147891402245e-05,7.8311251927587477e-10,9.8633579082019196e-10,-0.36082473397254944,-0.36082473397254944,-0.30738162994384766,0
7.944,-200000,2.6050789529108442e-05,6.7864364128311649e-10,9.9745456338951044e-10,-0.36082473397254944,-0.36082473397254944,-0.17460080981254578,0
7.948,-200000,2.3884360416559502e-05,5.7046267709637277e-10,1.0035708930544729e-09,-0.36082473397254944,-0.36082473397254944,-0.037864021956920624,0
7.952,-200000,2.1512398234335706e-05,4.6278328391657908e-10,1.0038512243681907e-09,-0.36082473397254944,-0.36082473397254944,0.045608930289745331,0
7.956,-200000,1.8963977709063329e-05,3.5963246269865579e-10,9.9775299133852968e-10,-0.36082473397254944,-0.36082473397254944,0.079442501068115234,0
7.96,-200000,1.6269381376332603e-05,2.6469279545970892e-10,9.8503227796697956e-10,-0.36082473397254944,-0.36082473397254944,0.12359247356653214,0
7.964,-200000,1.3459777619573288e-05,1.8116561029124512e-10,9.6574248598102486e-10,-0.36082473397254944,-0.36082473397254944,0.22862622141838074,0
7.968,-200000,1.0566865967120975e-05,1.1165866148354908e-10,9.4021768148877527e-10,-0.36082473397254944,-0.36082473397254944,0.39188385009765625,0
7.972,-200000,7.6225319389777724e-06,5.8102994637820871e-11,9.0904972438465848e-10,-0.36082473397254944,-0.36082473397254944,0.55312412977218628,0
7.976,-200000,4.6585155359935015e-06,2.1701765384740668e-11,8.7305040974428039e-10,-0.36082473397254944,-0.36082473397254944,0.61763256788253784,0
7.98,-200000,1.7060908703570021e-06,2.9107458630883709e-12,8.3321011201675788e-10,-0.36082473397254944,-0.36082473397254944,0.51733189821243286,0
7.984,-200000,-1.2042564776493236e-06,1.4502337048263869e-12,7.9064904623393772e-10,-0.36082473397254944,-0.36082473397254944,0.25808176398277283,0
7.988,-200000,-4.0431273191643413e-06,1.634687871177043e-11,7.465662532624151e-10,-0.36082473397254944,-0.36082473397254944,-0.084273733198642731,0
7.992,-200000,-6.7824876168742776e-06,4.6002139597600689e-11,7.0218664216525895e-10,-0.36082473397254944,-0.36082473397254944,-0.40147575736045837,0
7.996,-200000,-9.3959370133234188e-06,8.8283637345032417e-11,6.5870980892057673e-10,-0.36082473397254944,-0.36082473397254944,-0.60514038801193237,0
8,-200000,-1.1858942343678791e-05,1.4063450404222522e-10,6.1726135314188468e-10,-0.36082473397254944,-0.36082473397254944,-0.64996796846389771,0
8.004,-200000,-1.4149057278700639e-05,2.0019581825625465e-10,5.7885057858086952e-10,-0.36082473397254944,-0.36082473397254944,-0.52810555696487427,0
8.008,-200000,-1.6246103768935427e-05,2.6393590091267072e-10,5.4433335616721479e-10,-0.36082473397254944,-0.36082473397254944,-0.28988155722618103,0
8.012,-200000,-1.8132346667698584e-05,3.2878202937958179e-10,5.1438336923226302e-10,-0.36082473397254944,-0.36082473397254944,-0.056653182953596115,0
8.016,-200000,-1.9792609236901626e-05,3.9174738453162661e-10,4.8947235153917745e-10,-0.36082473397254944,-0.36082473397254944,0.04968644306063652,0
8.02,-200000,-2.1214389562373981e-05,4.5005035809175808e-10,4.6985909607499821e-10,-0.36082473397254944,-0.36082473397254944,0.005157803650945425,0
8.024,-200000,-2.2387928765965626e-05,5.0121934380698008e-10,4.5558720684901743e-10,-0.36082473397254944,-0.36082473397254944,-0.095292471349239349,0
8.028,-200000,-2.3306254661292769e-05,5.4318149977916619e-10,4.4649298147625416e-10,-0.36082473397254944,-0.36082473397254944,-0.11544154584407806,0
8.032,-200000,-2.396519084868487e-05,5.7433036104725943e-10,4.4222012163253055e-10,-0.36082473397254944,-0.36082473397254944,0.0009501543827354908,0
8.036,-200000,-2.4363340344280005e-05,5.9357230242085279e-10,4.422424093597499e-10,-0.36082473397254944,-0.36082473397254944,0.18236668407917023,0
8.04,-200000,-2.4502058295183815e-05,6.0035088012000415e-10,4.4589257286453687e-10,-0.36082473397254944,-0.36082473397254944,0.30705666542053223,0
8.044,-200000,-2.4385351935052313e-05,5.9464538848530424e-10,4.5239473278613218e-10,-0.36082473397254944,-0.36082473397254944,0.31087842583656311,0
8.048,-200000,-2.401979872956872e-05,5.7695076494113096e-10,4.6090123384523451e-10,-0.36082473397254944,-0.36082473397254944,0.21735315024852753,0
8.052,-200000,-2.341442450415343e-05,5.482352349872599e-10,4.705296707818718e-10,-0.36082473397254944,-0.36082473397254944,0.067424438893795013,0
8.056,-200000,-2.2580552467843518e-05,5.0988135935625678e-10,4.8040049716036037e-10,-0.36082473397254944,-0.36082473397254944,-0.13028094172477722,0
8.06,-200000,-2.1531639504246414e-05,4.6361151029294945e-10,4.8967263577281983e-10,-0.36082473397254944,-0.36082473397254944,-0.33361214399337769,0
8.064,-200000,-2.0283081539673731e-05,4.1140335582667831e-10,4.9757620246282386e-10,-0.36082473397254944,-0.36082473397254944,-0.4474274218082428,0
8.068,-200000,-1.8852029825211503e-05,3.5539898801673075e-10,5.0344056701234763e-10,-0.36082473397254944,-0.36082473397254944,-0.42416492104530334,0
8.072,-200000,-1.7257159925065935e-05,2.9780955479452587e-10,5.0671705720262139e-10,-0.36082473397254944,-0.36082473397254944,-0.30150026082992554,0
8.076,-200000,-1.5518453437834978e-05,2.4082238980760451e-10,5.0699694442712939e-10,-0.36082473397254944,-0.36082473397254944,-0.13991153240203857,0
8.08,-200000,-1.3656965165864676e-05,1.8651269417802041e-10,5.0402099160962166e-10,-0.36082473397254944,-0.36082473397254944,0.025735031813383102,0
8.084,-200000,-1.1694564818753861e-05,1.3676286492181333e-10,4.9768394960736373e-10,-0.36082473397254944,-0.36082473397254944,0.184046670794487,0
8.088,-200000,-9.6537187346257269e-06,9.3194285621933659e-11,4.8803183716472631e-10,-0.36082473397254944,-0.36082473397254944,0.32926258444786072,0
8.092,-200000,-7.5572197602014057e-06,5.7111565476830606e-11,4.7525361424050061e-10,-0.36082473397254944,-0.36082473397254944,0.45503711700439453,0
8.096,-200000,-5.4279589676298201e-06,2.9462737805019401e-11,4.5966688788645627e-10,-0.36082473397254944,-0.36082473397254944,0.52972632646560669,0
8.1,-200000,-3.2886794087971793e-06,1.081541106673356e-11,4.4169889967804465e-10,-0.36082473397254944,-0.36082473397254944,0.4816892147064209,0
8.104,-200000,-1.1617428299359744e-06,1.3496464145931752e-12,4.2186448778736008e-10,-0.36082473397254944,-0.36082473397254944,0.27123993635177612,0
8.108,-200000,9.3109093768362072e-07,8.6693038815408019e-13,4.0074085716490515e-10,-0.36082473397254944,-0.36082473397254944,-0.025851082056760788,0
8.112,-200000,2.9688799259020016e-06,8.8142479426345233e-12,3.7894065663124366e-10,-0.36082473397254944,-0.36082473397254944,-0.24629092216491699,0
8.116,-200000,4.9317000048176851e-06,2.4321664474080684e-11,3.5708555556901445e-10,-0.36082473397254944,-0.36082473397254944,-0.25579580664634705,0
8.12,-200000,6.8008266680408269e-06,4.6251242419304006e-11,3.3577962632591607e-10,-0.36082473397254944,-0.36082473397254944,-0.060061555355787277,0
8.124,-200000,8.5589108493877575e-06,7.3254957655422004e-11,3.1558533564179925e-10,-0.36082473397254944,-0.36082473397254944,0.19145293533802032,0
8.128,-200000,1.0190121429332066e-05,1.0383858356499687e-10,2.9700183978853545e-10,-0.36082473397254944,-0.36082473397254944,0.34161457419395447,0
8.132,-200000,1.1680283932946622e-05,1.3642904861388416e-10,2.8044677691241304e-10,-0.36082473397254944,-0.36082473397254944,0.3568992018699646,0
8.136,-200000,1.3016989214520436e-05,1.6944198821811085e-10,2.6624275006881248e-10,-0.36082473397254944,-0.36082473397254944,0.31430831551551819,0
8.14,-200000,1.4189686226018239e-05,2.0134720279951779e-10,2.5460739072613592e-10,-0.36082473397254944,-0.36082473397254944,0.28809013962745667,0
8.144,-200000,1.5189747500699013e-05,2.3072840860116628e-10,2.4564913991831361e-10,-0.36082473397254944,-0.36082473397254944,0.27098798751831055,0
8.148,-200000,1.6010526451282203e-05,2.5633695166504822e-10,2.3936660986656477e-10,-0.36082473397254944,-0.36082473397254944,0.20604018867015839,0
8.152,-200000,1.664737646933645e-05,2.7713514816340989e-10,2.3565363549415963e-10,-0.36082473397254944,-0.36082473397254944,0.076061807572841644,0
8.156,-200000,1.7097656382247806e-05,2.923298547674591e-10,2.3430760109910409e-10,-0.36082473397254944,-0.36082473397254944,-0.066269956529140472,0
8.16,-200000,1.7360731362714432e-05,3.0139499229697719e-10,2.3504168056298624e-10,-0.36082473397254944,-0.36082473397254944,-0.15922689437866211,0
8.164,-200000,1.7437900169170462e-05,3.0408039974894052e-10,2.3749993638411127e-10,-0.36082473397254944,-0.36082473397254944,-0.17611761391162872,0
8.168,-200000,1.7332384231849574e-05,3.0041155674176423e-10,2.4127499997916857e-10,-0.36082473397254944,-0.36082473397254944,-0.10821857303380966,0
8.172,-200000,1.704922215139959e-05,2.9067601103882623e-10,2.4592647362986497e-10,-0.36082473397254944,-0.36082473397254944,0.029837006703019142,0
8.176,-200000,1.6595193301327527e-05,2.754004524430087e-10,2.5100041489700686e-10,-0.36082473397254944,-0.36082473397254944,0.18617439270019531,0
8.18,-200000,1.5978706869645976e-05,2.5531904368492064e-10,2.5604859898997745e-10,-0.36082473397254944,-0.36082473397254944,0.29904016852378845,0
8.184,-200000,1.5209674529614858e-05,2.313342156723408e-10,2.6064631009070638e-10,-0.36082473397254944,-0.36082473397254944,0.31920400261878967,0
8.188,-200000,1.4299384019977879e-05,2.0447239734711076e-10,2.644088004100098e-10,-0.36082473397254944,-0.36082473397254944,0.21346385776996613,0
8.192,-200000,1.3260345440357924e-05,1.7583676181764929e-10,2.6700547328672997e-10,-0.36082473397254944,-0.36082473397254944,-0.025780260562896729,0
8.196,-200000,1.2106143913115375e-05,1.4655872349056409e-10,2.6817098541798146e-10,-0.36082473397254944,-0.36082473397254944,-0.36514800786972046,0
8.2,-200000,1.0851264050870668e-05,1.1774992092483672e-10,2.6771332373165535e-10,-0.36082473397254944,-0.36082473397254944,-0.71006089448928833,0
8.204,-200000,9.5109280664473772e-06,9.0457752399686342e-11,2.6551849607869826e-10,-0.36082473397254944,-0.36082473397254944,-0.91734743118286133,0
8.208,-200000,8.1009229688788764e-06,6.5624949918685616e-11,2.6155227983437612e-10,-0.36082473397254944,-0.36082473397254944,-0.88352888822555542,0
8.212,-200000,6.6374182097206358e-06,4.4055325360004005e-11,2.5585777940762e-10,-0.36082473397254944,-0.36082473397254944,-0.62057590484619141,0
8.216,-200000,5.1367956075409893e-06,2.6386667156819144e-11,2.4855059677086899e-10,-0.36082473397254944,-0.36082473397254944,-0.22871673107147217,0
8.22,-200000,3.6154717690806137e-06,1.3071636655037633e-11,2.3981097663217099e-10,-0.36082473397254944,-0.36082473397254944,0.16237175464630127,0
8.224,-200000,2.0897277863696218e-06,4.3669616534014466e-12,2.2987393932805134e-10,-0.36082473397254944,-0.36082473397254944,0.42825517058372498,0
8.228,-200000,5.7554160548534128e-07,3.3124813113814822e-13,2.1901691571457604e-10,-0.36082473397254944,-0.36082473397254944,0.49592208862304688,0
8.232,-200000,-9.1156960024818545e-07,8.3095916215622512e-13,2.075469379692052e-10,-0.36082473397254944,-0.36082473397254944,0.39105463027954102,0
8.236,-200000,-2.3567019979964243e-06,5.5540446373958385e-12,1.9578658139174365e-10,-0.36082473397254944,-0.36082473397254944,0.22420156002044678,0
8.24,-200000,-3.7457059534062864e-06,1.4030314236801456e-11,1.8406016988326002e-10,-0.36082473397254944,-0.36082473397254944,0.11794768273830414,0
8.244,-200000,-5.065317964181304e-06,2.5657444918669725e-11,1.7268039775863997e-10,-0.36082473397254944,-0.36082473397254944,0.1329309493303299,0
8.248,-200000,-6.3032784964889288e-06,3.9731318929314696e-11,1.6193602014880071e-10,-0.36082473397254944,-0.36082473397254944,0.22956244647502899,0
8.252,-200000,-7.4484391916485038e-06,5.5479249666534614e-11,1.5208090342611058e-10,-0.36082473397254944,-0.36082473397254944,0.30602949857711792,0
8.256,-200000,-8.4908533608540893e-06,7.2094594183447214e-11,1.4332517117576771e-10,-0.36082473397254944,-0.36082473397254944,0.28563728928565979,0
8.26,-200000,-9.4218539743451402e-06,8.8771323625280729e-11,1.3582834856862291e-10,-0.36082473397254944,-0.36082473397254944,0.15447278320789337,0
8.264,-200000,-1.0234119145025034e-05,1.0473719808112847e-10,1.296950324913837e-10,-0.36082473397254944,-0.36082473397254944,-0.065552793443202972,0
8.268,-200000,-1.0921712600975297e-05,1.1928380505565883e-10,1.2497274048950402e-10,-0.36082473397254944,-0.36082473397254944,-0.33038473129272461,0
8.272,-200000,-1.1480127795948647e-05,1.3179332625234963e-10,1.2165242424533318e-10,-0.36082473397254944,-0.36082473397254944,-0.55378025770187378,0
8.276,-200000,-1.1906289728358388e-05,1.4175971507768281e-10,1.1967113411337493e-10,-0.36082473397254944,-0.36082473397254944,-0.64111059904098511,0
8.28,-200000,-1.2198570402688347e-05,1.4880512100301502e-10,1.1891698736832268e-10,-0.36082473397254944,-0.36082473397254944,-0.56058740615844727,0
8.284,-200000,-1.2356761544651818e-05,1.5268956932157352e-10,1.1923555198745106e-10,-0.36082473397254944,-0.36082473397254944,-0.35370126366615295,0
8.288,-200000,-1.2382055501802824e-05,1.5331531877382787e-10,1.2043795127869572e-10,-0.36082473397254944,-0.36082473397254944,-0.11005715280771255,0
8.292,-200000,-1.2277004316274542e-05,1.5072483539046999e-10,1.2231023138742358e-10,-0.36082473397254944,-0.36082473397254944,0.074142441153526306,0
8.296,-200000,-1.2045455150655471e-05,1.4509300705345396e-10,1.2462282594771779e-10,-0.36082473397254944,-0.36082473397254944,0.15065045654773712,0
8.3,-200000,-1.1692491170833819e-05,1.3671434817563721e-10,1.2714081176756764e-10,-0.36082473397254944,-0.36082473397254944,0.11077604442834854,0
8.304,-200000,-1.1224347872484941e-05,1.2598597165514036e-10,1.2963352613581947e-10,-0.36082473397254944,-0.36082473397254944,-0.047541659325361252,0
8.308,-200000,-1.0648325769579969e-05,1.133868415825745e-10,1.3188392045115904e-10,-0.36082473397254944,-0.36082473397254944,-0.27495813369750977,0
8.312,-200000,-9.972693987947423e-06,9.9454632029871703e-11,1.3369672036134261e-10,-0.36082473397254944,-0.36082473397254944,-0.43557652831077576,0
8.316,-200000,-9.2065747594460845e-06,8.4761017649093162e-11,1.3490553119055448e-10,-0.36082473397254944,-0.36082473397254944,-0.38904231786727905,0
8.32,-200000,-8.3598424680531025e-06,6.9886964271237417e-11,1.3537823639886426e-10,-0.36082473397254944,-0.36082473397254944,-0.10872358083724976,0
8.324,-200000,-7.442999049089849e-06,5.5398234610759545e-11,1.3502110540741796e-10,-0.36082473397254944,-0.36082473397254944,0.27697119116783142,0
8.328,-200000,-6.4670493884477764e-06,4.182272930752795e-11,1.3378080587767016e-10,-0.36082473397254944,-0.36082473397254944,0.55918043851852417,0
8.332,-200000,-5.4433794502983801e-06,2.96303814817378e-11,1.316448061672304e-10,-0.36082473397254944,-0.36082473397254944,0.58744555711746216,0
8.336,-200000,-4.3836312215717044e-06,1.9216222363338531e-11,1.2864029286241419e-10,-0.36082473397254944,-0.36082473397254944,0.35753464698791504,0
8.34,-200000,-3.2995710625982611e-06,1.0887168770679079e-11,1.2483110378713747e-10,-0.36082473397254944,-0.36082473397254944,7.9712983279023319e-05,0
8.344,-200000,-2.2029707906767726e-06,4.8530797436274753e-12,1.203136062999377e-10,-0.36082473397254944,-0.36082473397254944,-0.30585303902626038,0
8.348,-200000,-1.1054831929868669e-06,1.2220930647663386e-12,1.1521130577341054e-10,-0.36082473397254944,-0.36082473397254944,-0.44114628434181213,0
8.352,-200000,-1.8520319500225924e-08,3.4300225975170508e-16,1.0966859365080239e-10,-0.36082473397254944,-0.36082473397254944,-0.40768632292747498,0
8.356,-200000,1.0468553455211804e-06,1.0959061349374855e-12,1.0384391957440897e-10,-0.36082473397254944,-0.36082473397254944,-0.29805397987365723,0
8.36,-200000,2.0800405309273629e-06,4.3265690509441956e-12,9.7902554119233542e-11,-0.36082473397254944,-0.36082473397254944,-0.20835833251476288,0
8.364,-200000,3.070991851927829e-06,9.4309907106016055e-12,9.2009566632356155e-11,-0.36082473397254944,-0.36082473397254944,-0.18514935672283173,0
8.368,-200000,4.0103163883031812e-06,1.6082635223568786e-11,8.6322983483544391e-11,-0.36082473397254944,-0.36082473397254944,-0.22616393864154816,0
8.372,-200000,4.8893584789766464e-06,2.390582697076038e-11,8.0987584694103276e-11,-0.36082473397254944,-0.36082473397254944,-0.30366262793540955,0
8.376,-200000,5.7002712310350034e-06,3.2493091550733766e-11,7.6129436088478997e-11,-0.36082473397254944,-0.36082473397254944,-0.3878435492515564,0
8.38,-200000,6.4360792748630047e-06,4.1423114938154981e-11,7.1851510852205536e-11,-0.36082473397254944,-0.36082473397254944,-0.44110599160194397,0
8.384,-200000,7.0907399276620708e-06,5.0278597257813473e-11,6.8230407435088125e-11,-0.36082473397254944,-0.36082473397254944,-0.40645083785057068,0
8.388,-200000,7.6591777542489581e-06,5.8663005009229607e-11,6.5314219310774746e-11,-0.36082473397254944,-0.36082473397254944,-0.23751366138458252,0
8.392,-200000,8.1373191278544255e-06,6.621596326805701e-11,6.3121806392896218e-11,-0.36082473397254944,-0.36082473397254944,0.050074726343154907,0
8.396,-200000,8.5221163317328319e-06,7.2626460401181703e-11,6.1643155857549203e-11,-0.36082473397254944,-0.36082473397254944,0.36954179406166077,0
8.4,-200000,8.8115584730985574e-06,7.7643558249462785e-11,6.0841033600045336e-11,-0.36082473397254944,-0.36082473397254944,0.61166572570800781,0
8.404,-200000,9.0046578407054767e-06,8.1083861847019989e-11,6.065355856454957e-11,-0.36082473397254944,-0.36082473397254944,0.70169532299041748,0
8.408,-200000,9.1014589997939765e-06,8.2836557058207916e-11,6.09977832133346e-11,-0.36082473397254944,-0.36082473397254944,0.62412768602371216,0
8.412,-200000,9.1029969553346746e-06,8.2864548556216278e-11,6.1773960946531759e-11,-0.36082473397254944,-0.36082473397254944,0.40928095579147339,0
8.416,-200000,9.011273505166173e-06,8.12030442887135e-11,6.2870299244455197e-11,-0.36082473397254944,-0.36082473397254944,0.11252240836620331,0
8.42,-200000,8.8292217697016895e-06,7.7955163158005547e-11,6.4167969549000503e-11,-0.36082473397254944,-0.36082473397254944,-0.18560731410980225,0
8.424,-200000,8.5606443462893367e-06,7.3284635304649015e-11,6.5546325311860443e-11,-0.36082473397254944,-0.36082473397254944,-0.40586408972740173,0
8.428,-200000,8.2101641964982264e-06,6.7406788484269953e-11,6.6887828609196731e-11,-0.36082473397254944,-0.36082473397254944,-0.52392464876174927,0
8.432,-200000,7.7831500675529242e-06,6.0577418081741996e-11,6.8082761650600787e-11,-0.36082473397254944,-0.36082473397254944,-0.56822109222412109,0
8.436,-200000,7.2856591941672377e-06,5.3080834866436888e-11,6.9033299909815327e-11,-0.36082473397254944,-0.36082473397254944,-0.57021397352218628,0
8.44,-200000,6.7243454395793378e-06,4.5216819871685132e-11,6.965702320504974e-11,-0.36082473397254944,-0.36082473397254944,-0.53570127487182617,0
8.444,-200000,6.1063838074915111e-06,3.7287922749484892e-11,6.9889635745390422e-11,-0.36082473397254944,-0.36082473397254944,-0.46080335974693298,0
8.448,-200000,5.4393858590628952e-06,2.9586916250323725e-11,6.9686742487640174e-11,-0.36082473397254944,-0.36082473397254944,-0.35234394669532776,0
8.452,-200000,4.7313092181866523e-06,2.2385284598192001e-11,6.9024876092615983e-11,-0.36082473397254944,-0.36082473397254944,-0.21129247546195984,0
8.456,-200000,3.990366622019792e-06,1.592302331654416e-11,6.7901441413997787e-11,-0.36082473397254944,-0.36082473397254944,-0.030682932585477829,0
8.46,-200000,3.2249386094918009e-06,1.0400229288887175e-11,6.6334014670044184e-11,-0.36082473397254944,-0.36082473397254944,0.1691003292798996,0
8.464,-200000,2.4434807528450619e-06,5.9705981478308523e-12,6.4358685047949393e-11,-0.36082473397254944,-0.36082473397254944,0.33390799164772034,0
8.468,-200000,1.654433958719892e-06,2.7371518680069373e-12,6.2027750991067165e-11,-0.36082473397254944,-0.36082473397254944,0.42145484685897827,0
8.472,-200000,8.6613755456710351e-07,7.5019434024256593e-13,5.9406889130197982e-11,-0.36082473397254944,-0.36082473397254944,0.43111968040466309,0
8.476,-200000,8.6745657768005913e-08,7.5248086163796565e-15,5.6571840961749942e-11,-0.36082473397254944,-0.36082473397254944,0.37057748436927795,0
8.48,-200000,-6.7585443730422412e-07,4.5677914575770195e-13,5.3604870542400818e-11,-0.36082473397254944,-0.36082473397254944,0.23102736473083496,0
8.484,-200000,-1.4141184010441066e-06,1.9997308930291835e-12,5.0591079936435079e-11,-0.36082473397254944,-0.36082473397254944,0.019518652930855751,0
8.488,-200000,-2.1209154965617927e-06,4.4982823889372359e-12,4.7614738540868728e-11,-0.36082473397254944,-0.36082473397254944,-0.2121049165725708,0
8.492,-200000,-2.789594191199285e-06,7.7818359395243064e-12,4.4755883027436383e-11,-0.36082473397254944,-0.36082473397254944,-0.38568529486656189,0
8.496,-200000,-3.4140405205107527e-06,1.1655673821941992e-11,4.2087132390289383e-11,-0.36082473397254944,-0.36082473397254944,-0.44429674744606018,0
8.5,-200000,-3.9887308957986534e-06,1.5909976461281339e-11,3.9671044227418406e-11,-0.36082473397254944,-0.36082473397254944,-0.39541333913803101,0
8.504,-200000,-4.5087763282936066e-06,2.0329066555135888e-11,3.7557901233498114e-11,-0.36082473397254944,-0.36082473397254944,-0.30876559019088745,0
8.508,-200000,-4.9699606279318687e-06,2.4700510733999259e-11,3.5784174234887445e-11,-0.36082473397254944,-0.36082473397254944,-0.24043866991996765,0
8.512,-200000,-5.3687667787016835e-06,2.8823657002852165e-11,3.4371561152823915e-11,-0.36082473397254944,-0.36082473397254944,-0.16576667129993439,0
8.516,-200000,-5.7024030866159592e-06,3.2517398496079153e-11,3.3326692100432709e-11,-0.36082473397254944,-0.36082473397254944,-0.032954089343547821,0
8.52,-200000,-5.9688122746592853e-06,3.5626716854419982e-11,3.2641483266315774e-11,-0.36082473397254944,-0.36082473397254944,0.13252639770507812,0
8.524,-200000,-6.1666810324823018e-06,3.802795925378355e-11,3.2294077134675803e-11,-0.36082473397254944,-0.36082473397254944,0.2325320690870285,0
8.528,-200000,-6.2954363784228917e-06,3.9632519488463913e-11,3.2250275366907388e-11,-0.36082473397254944,-0.36082473397254944,0.19767041504383087,0
8.532,-200000,-6.3552324718330055e-06,4.0388980354633119e-11,3.2465440058526696e-11,-0.36082473397254944,-0.36082473397254944,0.037272483110427856,0
8.536,-200000,-6.3469415181316435e-06,4.0283665292406567e-11,3.2886793982500606e-11,-0.36082473397254944,-0.36082473397254944,-0.17752286791801453,0
8.54,-200000,-6.2721192080061883e-06,3.9339476121114103e-11,3.345583879377223e-11,-0.36082473397254944,-0.36082473397254944,-0.33814111351966858,0
8.544,-200000,-6.1329833442869131e-06,3.7613485243115363e-11,3.4111047320095622e-11,-0.36082473397254944,-0.36082473397254944,-0.35796356201171875,0
8.548,-200000,-5.9323683672118932e-06,3.5192997821509309e-11,3.4790465647249746e-11,-0.36082473397254944,-0.36082473397254944,-0.229596808552742,0
8.552,-200000,-5.6736921578703914e-06,3.2190777821128336e-11,3.5434277040335971e-11,-0.36082473397254944,-0.36082473397254944,-0.023188954219222069,0
8.556,-200000,-5.3608987400366459e-06,2.8739233215446802e-11,3.5987140351023683e-11,-0.36082473397254944,-0.36082473397254944,0.15534405410289764,0
8.56,-200000,-4.9984109864453785e-06,2.4984112001469327e-11,3.6400292502403175e-11,-0.36082473397254944,-0.36082473397254944,0.23689214885234833,0
8.564,-200000,-4.5910746848676354e-06,2.1077967496396788e-11,3.6633234640204293e-11,-0.36082473397254944,-0.36082473397254944,0.22476784884929657,0
8.568,-200000,-4.1440980567131191e-06,1.7173549041182845e-11,3.6655050522638177e-11,-0.36082473397254944,-0.36082473397254944,0.15178525447845459,0
8.572,-200000,-3.6629892292694421e-06,1.3417489341804867e-11,3.644528429047611e-11,-0.36082473397254944,-0.36082473397254944,0.043538868427276611,0
8.576,-200000,-3.1534941626887303e-06,9.9445243706419717e-12,3.5994311697873371e-11,-0.36082473397254944,-0.36082473397254944,-0.074952103197574615,0
8.58,-200000,-2.6215318484901218e-06,6.872428841286915e-12,3.5303298479005818e-11,-0.36082473397254944,-0.36082473397254944,-0.17173774540424347,0
8.584,-200000,-2.0731270069518359e-06,4.2978559079698275e-12,3.4383683400474041e-11,-0.36082473397254944,-0.36082473397254944,-0.21389953792095184,0
8.588,-200000,-1.5143468772294e-06,2.2932465388453283e-12,3.3256286613436714e-11,-0.36082473397254944,-0.36082473397254944,-0.18912336230278015,0
8.592,-200000,-9.512386895949021e-07,9.0485502120610239e-13,3.1950064122154842e-11,-0.36082473397254944,-0.36082473397254944,-0.13515321910381317,0
8.596,-200000,-3.8976426708359213e-07,1.5191619934674244e-13,3.0500574288438997e-11,-0.36082473397254944,-0.36082473397254944,-0.11145297437906265,0
8.6,-200000,1.6425815374532249e-07,2.6980742062732675e-14,2.8948243108173344e-11,-0.36082473397254944,-0.36082473397254944,-0.12771661579608917,0
8.604,-200000,7.0521190309591475e-07,4.9732380756964401e-13,2.7336513261366768e-11,-0.36082473397254944,-0.36082473397254944,-0.14046768844127655,0
8.608,-200000,1.2277354244361049e-06,1.5073341880222912e-12,2.5709928977435403e-11,-0.36082473397254944,-0.36082473397254944,-0.11029515415430069,0
8.612,-200000,1.7267735756831826e-06,2.9817467939174946e-12,2.4112272942189428e-11,-0.36082473397254944,-0.36082473397254944,-0.042462151497602463,0
8.616,-200000,2.1976222797093214e-06,4.829544316548029e-12,2.2584803818781474e-11,-0.36082473397254944,-0.36082473397254944,0.014153803698718548,0
8.62,-200000,2.6359714411228197e-06,6.948345978446957e-12,2.1164663771555681e-11,-0.36082473397254944,-0.36082473397254944,0.0054128007031977177,0
8.624,-200000,3.0379392228496727e-06,9.2290741021683331e-12,1.9883553137312049e-11,-0.36082473397254944,-0.36082473397254944,-0.076047956943511963,0
8.628,-200000,3.4001054700638633e-06,1.156071592622876e-11,1.8766632345346146e-11,-0.36082473397254944,-0.36082473397254944,-0.16951517760753632,0
8.632,-200000,3.7195363802311476e-06,1.3834951413660423e-11,1.7831782925248341e-11,-0.36082473397254944,-0.36082473397254944,-0.19979126751422882,0
8.636,-200000,3.9938049667398445e-06,1.5950477050274969e-11,1.7089177295481761e-11,-0.36082473397254944,-0.36082473397254944,-0.14502470195293427,0
8.64,-200000,4.2210035644529853e-06,1.7816869507525368e-11,1.6541179884144164e-11,-0.36082473397254944,-0.36082473397254944,-0.026417458429932594,0
8.644,-200000,4.3997561078867875e-06,1.9357853861534657e-11,1.6182577847190238e-11,-0.36082473397254944,-0.36082473397254944,0.12492924928665161,0
8.648,-200000,4.529218131210655e-06,2.051381807477437e-11,1.6001113628538732e-11,-0.36082473397254944,-0.36082473397254944,0.27629774808883667,0
8.652,-200000,4.6090767682471778e-06,2.1243586750818721e-11,1.597827946342445e-11,-0.36082473397254944,-0.36082473397254944,0.4012911319732666,0
8.656,-200000,4.6395389290410094e-06,2.1525319721105163e-11,1.6090328722184744e-11,-0.36082473397254944,-0.36082473397254944,0.46744537353515625,0
8.66,-200000,4.6213222049118485e-06,2.1356619597789894e-11,1.6309453787499706e-11,-0.36082473397254944,-0.36082473397254944,0.43533530831336975,0
8.664,-200000,4.5556325858342461e-06,2.075378757737667e-11,1.6605116587298241e-11,-0.36082473397254944,-0.36082473397254944,0.28940749168395996,0
8.668,-200000,4.4441467252909206e-06,1.9750442600829921e-11,1.6945384331834568e-11,-0.36082473397254944,-0.36082473397254944,0.054354418069124222,0
8.672,-200000,4.2889796532108448e-06,1.8395346010335878e-11,1.7298284332722957e-11,-0.36082473397254944,-0.36082473397254944,-0.1831539124250412,0
8.676,-200000,4.0926556721387897e-06,1.6749832423834654e-11,1.7633131066396857e-11,-0.36082473397254944,-0.36082473397254944,-0.27458581328392029,0
8.68,-200000,3.8580719774472527e-06,1.488471845778605e-11,1.7921691908284743e-11,-0.36082473397254944,-0.36082473397254944,-0.10935842990875244,0
8.684,-200000,3.5884636417904403e-06,1.287707180469555e-11,1.813923664051309e-11,-0.36082473397254944,-0.36082473397254944,0.25569057464599609,0
8.688,-200000,3.2873590498638805e-06,1.0806728775736296e-11,1.8265408283091311e-11,-0.36082473397254944,-0.36082473397254944,0.60562533140182495,0
8.692,-200000,2.9585396532638697e-06,8.7529566927813107e-12,1.8284828512404872e-11,-0.36082473397254944,-0.36082473397254944,0.73413741588592529,0
8.696,-200000,2.605994495752384e-06,6.7912077870990739e-12,1.8187540015701664e-11,-0.36082473397254944,-0.36082473397254944,0.58669537305831909,0
8.7,-200000,2.2338742837746395e-06,4.9901944555730271e-12,1.7969145268970088e-11,-0.36082473397254944,-0.36082473397254944,0.27046641707420349,0
8.704,-200000,1.8464448885424645e-06,3.4093589496714261e-12,1.7630752760511292e-11,-0.36082473397254944,-0.36082473397254944,-0.031659591943025589,0
8.708,-200000,1.4480407344308333e-06,2.0968220649369984e-12,1.7178675149054357e-11,-0.36082473397254944,-0.36082473397254944,-0.18323580920696259,0
8.712,-200000,1.043017960000725e-06,1.0878865083080447e-12,1.6623960888417777e-11,-0.36082473397254944,-0.36082473397254944,-0.16507682204246521,0
8.716,-200000,6.3570894326403504e-07,4.0412587013795298e-13,1.5981696868672124e-11,-0.36082473397254944,-0.36082473397254944,-0.037694565951824188,0
8.72,-200000,2.303782622448125e-07,5.3074145962448901e-14,1.52702243211289e-11,-0.36082473397254944,-0.36082473397254944,0.14217579364776611,0
8.724,-200000,-1.688209323447154e-07,2.8500503823289391e-14,1.4510233292686081e-11,-0.36082473397254944,-0.36082473397254944,0.32776269316673279,0
8.728,-200000,-5.5788711961213266e-07,3.1123801452759281e-13,1.3723809415278065e-11,-0.36082473397254944,-0.36082473397254944,0.43638291954994202,0
8.732,-200000,-9.3300923253991641e-07,8.7050624954926326e-13,1.2933439041962203e-11,-0.36082473397254944,-0.36082473397254944,0.40477848052978516,0
8.736,-200000,-1.2906015172120533e-06,1.6656523165944903e-12,1.2161077700412193e-11,-0.36082473397254944,-0.36082473397254944,0.27959531545639038,0
8.74,-200000,-1.6273364735752693e-06,2.6482243047770693e-12,1.1427253240881008e-11,-0.36082473397254944,-0.36082473397254944,0.16390156745910645,0
8.744,-200000,-1.9401736608415376e-06,3.7642736150367284e-12,1.0750268730763679e-11,-0.36082473397254944,-0.36082473397254944,0.11068377643823624,0
8.748,-200000,-2.2263859591475921e-06,4.9567945234474386e-12,1.0145544127038164e-11,-0.36082473397254944,-0.36082473397254944,0.11664316803216934,0
8.752,-200000,-2.4835790100041777e-06,6.1681645034672439e-12,9.6250923897756024e-12,-0.36082473397254944,-0.36082473397254944,0.1517595499753952,0
8.756,-200000,-2.7097128167952178e-06,7.3425432400853197e-12,9.1971595270190498e-12,-0.36082473397254944,-0.36082473397254944,0.17444154620170593,0
8.76,-200000,-2.9031100439169677e-06,8.4280481899012827e-12,8.8660381120098108e-12,-0.36082473397254944,-0.36082473397254944,0.17289669811725616,0
8.764,-200000,-3.0624712508142693e-06,9.3787312985260662e-12,8.6320534053996312e-12,-0.36082473397254944,-0.36082473397254944,0.17646846175193787,0
8.768,-200000,-3.1868773930909811e-06,1.0156186655563282e-11,8.4917056025757276e-12,-0.36082473397254944,-0.36082473397254944,0.20780596137046814,0
8.772,-200000,-3.2757900498836534e-06,1.0730800796554529e-11,8.437972542907346e-12,-0.36082473397254944,-0.36082473397254944,0.26243314146995544,0
8.776,-200000,-3.329052560729906e-06,1.1082590574418294e-11,8.4607347169973757e-12,-0.36082473397254944,-0.36082473397254944,0.33238428831100464,0
8.78,-200000,-3.3468811579950852e-06,1.1201613421552015e-11,8.5473182351303301e-12,-0.36082473397254944,-0.36082473397254944,0.41436854004859924,0
8.784,-200000,-3.3298535981884925e-06,1.1087924849106923e-11,8.6831193277236984e-12,-0.36082473397254944,-0.36082473397254944,0.49102425575256348,0
8.788,-200000,-3.2788989301479887e-06,1.0751177725865091e-11,8.8522774180366248e-12,-0.36082473397254944,-0.36082473397254944,0.52888906002044678,0
8.792,-200000,-3.1952774861565558e-06,1.0209798284588345e-11,9.0383768178159407e-12,-0.36082473397254944,-0.36082473397254944,0.50588643550872803,0
8.796,-200000,-3.0805611004325328e-06,9.4898576843971405e-12,9.2251345451543898e-12,-0.36082473397254944,-0.36082473397254944,0.42668160796165466,0
8.8,-200000,-2.9366121907514753e-06,8.623690303521947e-12,9.3970690603906171e-12,-0.36082473397254944,-0.36082473397254944,0.31459712982177734,0
8.804,-200000,-2.7655557914840756e-06,7.6482986610670878e-12,9.5400883373675249e-12,-0.36082473397254944,-0.36082473397254944,0.19159409403800964,0
8.808,-200000,-2.5697529508761363e-06,6.6036299692373568e-12,9.6420146172837562e-12,-0.36082473397254944,-0.36082473397254944,0.072428010404109955,0
8.812,-200000,-2.351770945097087e-06,5.5308270983933649e-12,9.6929964055192386e-12,-0.36082473397254944,-0.36082473397254944,-0.0076030329801142216,0
8.816,-200000,-2.1143528101674747e-06,4.4704877820433975e-12,9.6858146503286946e-12,-0.36082473397254944,-0.36082473397254944,-0.00074424798367545009,0
8.82,-200000,-1.8603850548970513e-06,3.4610324588929542e-12,9.6160692256153091e-12,-0.36082473397254944,-0.36082473397254944,0.089781962335109711,0
8.824,-200000,-1.5928629863992683e-06,2.5372124106554095e-12,9.4822318399967465e-12,-0.36082473397254944,-0.36082473397254944,0.18421241641044617,0
8.828,-200000,-1.3148595598977408e-06,1.728855556978881e-12,9.2855931277391335e-12,-0.36082473397254944,-0.36082473397254944,0.18394474685192108,0
8.832,-200000,-1.0294901358065545e-06,1.0598499074893075e-12,9.0300917784946755e-12,-0.36082473397254944,-0.36082473397254944,0.062406241893768311,0
8.836,-200000,-7.3988030635518953e-07,5.4742294681650594e-13,8.7220300426515962e-12,-0.36082473397254944,-0.36082473397254944,-0.11165543645620346,0
8.84,-200000,-4.4913295482729154e-07,2.0172040849763401e-13,8.3697285213624184e-12,-0.36082473397254944,-0.36082473397254944,-0.24644529819488525,0
8.844,-200000,-1.6029598270961287e-07,2.5694802053199614e-14,7.9830846794193278e-12,-0.36082473397254944,-0.36082473397254944,-0.29890641570091248,0
8.848,-200000,1.2366770363314572e-07,1.5293701634971901e-14,7.573114010894777e-12,-0.36082473397254944,-0.36082473397254944,-0.2817140519618988,0
8.852,-200000,3.9990914046938997e-07,1.5992730143660205e-13,7.1514413314821557e-12,-0.36082473397254944,-0.36082473397254944,-0.22689557075500488,0
8.856,-200000,6.6572084733707015e-07,4.4318425340174328e-13,6.7297985760494949e-12,-0.36082473397254944,-0.36082473397254944,-0.14230997860431671,0
8.86,-200000,9.1856117023780826e-07,8.4375464514535592e-13,6.319541244470539e-12,-0.36082473397254944,-0.36082473397254944,-0.014933180995285511,0
8.864,-200000,1.1560778148123063e-06,1.336515967342855e-12,5.9311956387975151e-12,-0.36082473397254944,-0.36082473397254944,0.12753979861736298,0
8.868,-200000,1.3761288073510514e-06,1.8937306150296207e-12,5.5740611779042659e-12,-0.36082473397254944,-0.36082473397254944,0.20703673362731934,0
8.872,-200000,1.5767980130476644e-06,2.4862919882628898e-12,5.2558803663449449e-12,-0.36082473397254944,-0.36082473397254944,0.18359732627868652,0
8.876,-200000,1.7564128711455851e-06,3.0849864763454748e-12,4.9825837900030479e-12,-0.36082473397254944,-0.36082473397254944,0.096257127821445465,0
8.88,-200000,1.9135550246573985e-06,3.6616924770083159e-12,4.7581231489568498e-12,-0.36082473397254944,-0.36082473397254944,-0.0018235318129882216,0
8.884,-200000,2.047070211119717e-06,4.1904964741268369e-12,4.5843910265186416e-12,-0.36082473397254944,-0.36082473397254944,-0.085486173629760742,0
8.888,-200000,2.1560742879955797e-06,4.6486564597714164e-12,4.4612299965329782e-12,-0.36082473397254944,-0.36082473397254944,-0.14409694075584412,0
8.892,-200000,2.2399563022190705e-06,5.0174044606554613e-12,4.3865189258696091e-12,-0.36082473397254944,-0.36082473397254944,-0.18869419395923615,0
8.896,-200000,2.298379968124209e-06,5.2825508724263504e-12,4.3563464467710755e-12,-0.36082473397254944,-0.36082473397254944,-0.25548544526100159,0
8.9,-200000,2.331281621081871e-06,5.4348739050857908e-12,4.3652395066706706e-12,-0.36082473397254944,-0.36082473397254944,-0.35072556138038635,0
8.904,-200000,2.3388631689158501e-06,5.4702804785922154e-12,4.4064578375024865e-12,-0.36082473397254944,-0.36082473397254944,-0.41680830717086792,0
8.908,-200000,2.3215848159452435e-06,5.389755915879979e-12,4.472317047948815e-12,-0.36082473397254944,-0.36082473397254944,-0.38860195875167847,0
8.912,-200000,2.2801573322794866e-06,5.1991176121257698e-12,4.5545407723057707e-12,-0.36082473397254944,-0.36082473397254944,-0.25930619239807129,0
8.916,-200000,2.2155265924084233e-06,4.9085583687935586e-12,4.6446297329028052e-12,-0.36082473397254944,-0.36082473397254944,-0.089516982436180115,0
8.92,-200000,2.1288590232870774e-06,4.5320405414606135e-12,4.7342086847979026e-12,-0.36082473397254944,-0.36082473397254944,0.025082120671868324,0
8.924,-200000,2.0215254608046962e-06,4.0865657212341144e-12,4.8153703247066915e-12,-0.36082473397254944,-0.36082473397254944,0.011223172768950462,0
8.928,-200000,1.8950822777696885e-06,3.5913368633122555e-12,4.8809727960785754e-12,-0.36082473397254944,-0.36082473397254944,-0.12379318475723267,0
8.932,-200000,1.7512527392682387e-06,3.0668863715971328e-12,4.9248998976181291e-12,-0.36082473397254944,-0.36082473397254944,-0.28734827041625977,0
8.936,-200000,1.5919025599941961e-06,2.5341534426459589e-12,4.9422701174639538e-12,-0.36082473397254944,-0.36082473397254944,-0.36779159307479858,0
8.94,-200000,1.4190196679919609e-06,2.0136167039330743e-12,4.9295775794711005e-12,-0.36082473397254944,-0.36082473397254944,-0.31212258338928223,0
8.944,-200000,1.234690557794238e-06,1.5244607876399585e-12,4.8847822488318204e-12,-0.36082473397254944,-0.36082473397254944,-0.15602906048297882,0
8.948,-200000,1.0410764161861152e-06,1.0838401573801115e-12,4.8073225088207661e-12,-0.36082473397254944,-0.36082473397254944,0.0091004697605967522,0
8.952,-200000,8.4038856584811583e-07,7.0625292723433541e-13,4.6980843694532926e-12,-0.36082473397254944,-0.36082473397254944,0.10506818443536758,0
8.956,-200000,6.3486533008472179e-07,4.0305402787023381e-13,4.5592952156725541e-12,-0.36082473397254944,-0.36082473397254944,0.11461685597896576,0
8.96,-200000,4.267475048891356e-07,1.8211343891239018e-13,4.3943759221731771e-12,-0.36082473397254944,-0.36082473397254944,0.075800105929374695,0
8.964,-200000,2.1825539420206042e-07,4.7635418558896608e-14,4.2077543706275922e-12,-0.36082473397254944,-0.36082473397254944,0.041066817939281464,0
8.968,-200000,1.1566089419545733e-08,1.3377442798893381e-16,4.0046325630593849e-12,-0.36082473397254944,-0.36082473397254944,0.041255146265029907,0
8.972,-200000,-1.9120837180253147e-07,3.6560642344531449e-14,3.7907480973653485e-12,-0.36082473397254944,-0.36082473397254944,0.059759043157100677,0
8.976,-200000,-3.8804137147963047e-07,1.5057612546155036e-13,3.5721078872619216e-12,-0.36082473397254944,-0.36082473397254944,0.036318719387054443,0
8.98,-200000,-5.7701100786289317e-07,3.329417091416792e-13,3.3547344589768269e-12,-0.36082473397254944,-0.36082473397254944,-0.064218685030937195,0
8.984,-200000,-7.5631788831742597e-07,5.72016717846624e-13,3.1444163679089643e-12,-0.36082473397254944,-0.36082473397254944,-0.20466697216033936,0
8.988,-200000,-9.2430099130069721e-07,8.5433239259066762e-13,2.9464794319700172e-12,-0.36082473397254944,-0.36082473397254944,-0.32619088888168335,0
8.992,-200000,-1.0794525451274239e-06,1.1652177703616595e-12,2.7655876720655836e-12,-0.36082473397254944,-0.36082473397254944,-0.40292930603027344,0
8.996,-200000,-1.220429453496763e-06,1.4894481047827979e-12,2.6055795975671314e-12,-0.36082473397254944,-0.36082473397254944,-0.42388662695884705,0
9,-200000,-1.3460645504892454e-06,1.8118897224597696e-12,2.4693435230621619e-12,-0.36082473397254944,-0.36082473397254944,-0.36757549643516541,0
9.004,-200000,-1.4553752407664433e-06,2.1181170966472207e-12,2.3587399394786601e-12,-0.36082473397254944,-0.36082473397254944,-0.2332988977432251,0
9.008,-200000,-1.5475685586352483e-06,2.3949685550722632e-12,2.274566602775141e-12,-0.36082473397254944,-0.36082473397254944,-0.070537254214286804,0
9.012,-200000,-1.6220465113292448e-06,2.6310349298536151e-12,2.2165706770049809e-12,-0.36082473397254944,-0.36082473397254944,0.051222197711467743,0
9.016,-200000,-1.6784075569376e-06,2.8170517134273876e-12,2.1835022939037385e-12,-0.36082473397254944,-0.36082473397254944,0.091798305511474609,0
9.02,-200000,-1.7164469454655773e-06,2.946190166830398e-12,2.1732054090312092e-12,-0.36082473397254944,-0.36082473397254944,0.068274475634098053,0
9.024,-200000,-1.7361541040372686e-06,3.0142307920477673e-12,2.1827459544682126e-12,-0.36082473397254944,-0.36082473397254944,0.038789708167314529,0
9.028,-200000,-1.737709453664138e-06,3.0196342388350006e-12,2.208561025035527e-12,-0.36082473397254944,-0.36082473397254944,0.04754992201924324,0
9.032,-200000,-1.7214775880347588e-06,2.9634849262050178e-12,2.2466340853649625e-12,-0.36082473397254944,-0.36082473397254944,0.088203929364681244,0
9.036,-200000,-1.6880003386177123e-06,2.8493451088157373e-12,2.2926723453747799e-12,-0.36082473397254944,-0.36082473397254944,0.12030565738677979,0
9.04,-200000,-1.6379868839067058e-06,2.6830009568212798e-12,2.3422977966924829e-12,-0.36082473397254944,-0.36082473397254944,0.11394021660089493,0
9.044,-200000,-1.5723029491709895e-06,2.472136644698919e-12,2.3912267565345813e-12,-0.36082473397254944,-0.36082473397254944,0.063529409468173981,0
9.048,-200000,-1.4919584145900444e-06,2.2259399184987316e-12,2.4354396537668022e-12,-0.36082473397254944,-0.36082473397254944,-0.028735961765050888,0
9.052,-200000,-1.3980940138935694e-06,1.9546668970915615e-12,2.4713345519317143e-12,-0.36082473397254944,-0.36082473397254944,-0.15012343227863312,0
9.056,-200000,-1.2919663276989013e-06,1.6691769494370234e-12,2.4958542177433429e-12,-0.36082473397254944,-0.36082473397254944,-0.26603826880455017,0
9.06,-200000,-1.1749328905352741e-06,1.3804672465908552e-12,2.5065886866126874e-12,-0.36082473397254944,-0.36082473397254944,-0.32978048920631409,0
9.064,-200000,-1.0484349104444846e-06,1.099215878909432e-12,2.5018424831824149e-12,-0.36082473397254944,-0.36082473397254944,-0.31464686989784241,0
9.068,-200000,-9.1398186441438156e-07,8.3536286612020949e-13,2.4806749536476769e-12,-0.36082473397254944,-0.36082473397254944,-0.2358502596616745,0
9.072,-200000,-7.7313296742431703e-07,5.9773453547906641e-13,2.4429041688839304e-12,-0.36082473397254944,-0.36082473397254944,-0.11304986476898193,0
9.076,-200000,-6.2748119944444625e-07,3.9373265390239831e-13,2.389079168871322e-12,-0.36082473397254944,-0.36082473397254944,0.06503450870513916,0
9.08,-200000,-4.786350586982735e-07,2.2909148536531809e-13,2.3204268367882364e-12,-0.36082473397254944,-0.36082473397254944,0.28909102082252502,0
9.084,-200000,-3.2820216233631072e-07,1.0771665813003387e-13,2.2387712343696631e-12,-0.36082473397254944,-0.36082473397254944,0.48697805404663086,0
9.088,-200000,-1.7777215077785513e-07,3.1602938175461295e-14,2.1464301690199417e-12,-0.36082473397254944,-0.36082473397254944,0.57358217239379883,0
9.092,-200000,-2.8900922544039531e-08,8.3526331857308343e-16,2.0460989673398711e-12,-0.36082473397254944,-0.36082473397254944,0.50939369201660156,0
9.096,-200000,1.1690506340755746e-07,1.3666793594719305e-14,1.9407212382277494e-12,-0.36082473397254944,-0.36082473397254944,0.32050237059593201,0
9.1,-200000,2.5820321525316103e-07,6.666889262874065e-14,1.8333574675760689e-12,-0.36082473397254944,-0.36082473397254944,0.084784530103206635,0
9.104,-200000,3.9362856796287815e-07,1.5494344089012069e-13,1.7270504687819099e-12,-0.36082473397254944,-0.36082473397254944,-0.11868295818567276,0
9.108,-200000,5.2190614496794296e-07,2.7238600914733513e-13,1.624702976321668e-12,-0.36082473397254944,-0.36082473397254944,-0.2443697452545166,0
9.112,-200000,6.4186252757281181e-07,4.1198750140580831e-13,1.5289604434962079e-12,-0.36082473397254944,-0.36082473397254944,-0.27538943290710449,0
9.116,-200000,7.5243542596581392e-07,5.6615899034911932e-13,1.4421125968736015e-12,-0.36082473397254944,-0.36082473397254944,-0.22379215061664581,0
9.12,-200000,8.5268283100958797e-07,7.27068036852907e-13,1.3660129884879302e-12,-0.36082473397254944,-0.36082473397254944,-0.13777036964893341,0
9.124,-200000,9.4178994913818315e-07,8.8696828744530554e-13,1.3020209910230562e-12,-0.36082473397254944,-0.36082473397254944,-0.057811010628938675,0
9.128,-200000,1.0190751709160395e-06,1.038514218197617e-12,1.2509646096781069e-12,-0.36082473397254944,-0.36082473397254944,0.040653079748153687,0
9.132,-200000,1.0839937658602139e-06,1.1750424851880714e-12,1.2131276885818387e-12,-0.36082473397254944,-0.36082473397254944,0.1936914473772049,0
9.136,-200000,1.1361416909494437e-06,1.2908179299747635e-12,1.1882610780750147e-12,-0.36082473397254944,-0.36082473397254944,0.35414981842041016,0
9.14,-200000,1.1752551927202148e-06,1.3812247786487708e-12,1.1756132092116678e-12,-0.36082473397254944,-0.36082473397254944,0.42000541090965271,0
9.144,-200000,1.2012123988824897e-06,1.4429112201938543e-12,1.1739822438835978e-12,-0.36082473397254944,-0.36082473397254944,0.33676004409790039,0
9.148,-200000,1.2140304761487641e-06,1.4738699627078744e-12,1.1817827532539793e-12,-0.36082473397254944,-0.36082473397254944,0.15021300315856934,0
9.152,-200000,1.2138614238210721e-06,1.4734597006058059e-12,1.1971269245000804e-12,-0.36082473397254944,-0.36082473397254944,-0.018768306821584702,0
9.156,-200000,1.2009908232357702e-06,1.4423789853473812e-12,1.217913465391407e-12,-0.36082473397254944,-0.36082473397254944,-0.059300325810909271,0
9.16,-200000,1.1758284017560072e-06,1.3825725503693875e-12,1.2419226888202295e-12,-0.36082473397254944,-0.36082473397254944,0.043481159955263138,0
9.164,-200000,1.1389038263587281e-06,1.2971019657664895e-12,1.2669119225927616e-12,-0.36082473397254944,-0.36082473397254944,0.19817145168781281,0
9.168,-200000,1.0908568128797924e-06,1.1899685880764621e-12,1.290708642395777e-12,-0.36082473397254944,-0.36082473397254944,0.27604445815086365,0
9.172,-200000,1.0324296226826846e-06,1.0659109228941532e-12,1.3112956900873662e-12,-0.36082473397254944,-0.36082473397254944,0.19377359747886658,0
9.176,-200000,9.6445546660106629e-07,9.3017434033004776e-13,1.3268877099500975e-12,-0.36082473397254944,-0.36082473397254944,-0.026028823107481003,0
9.18,-200000,8.8785009211278521e-07,7.8827775470274863e-13,1.3359943576776723e-12,-0.36082473397254944,-0.36082473397254944,-0.25146427750587463,0
9.184,-200000,8.0359848197986139e-07,6.457706006220143e-13,1.3374695231535561e-12,-0.36082473397254944,-0.36082473397254944,-0.34211435914039612,0
9.188,-200000,7.1274445190283586e-07,5.0800466264155908e-13,1.3305429891544152e-12,-0.36082473397254944,-0.36082473397254944,-0.27015027403831482,0
9.192,-200000,6.1637757653443259e-07,3.799213005827029e-13,1.3148369112231384e-12,-0.36082473397254944,-0.36082473397254944,-0.12767143547534943,0
9.196,-200000,5.1562182079578633e-07,2.658658341224418e-13,1.2903651671475336e-12,-0.36082473397254944,-0.36082473397254944,-0.036937355995178223,0
9.2,-200000,4.1162252273352351e-07,1.6943311174650449e-13,1.257516118145785e-12,-0.36082473397254944,-0.36082473397254944,-0.069212183356285095,0
9.204,-200000,3.05534427980092e-07,9.3351291052725521e-14,1.2170209501630169e-12,-0.36082473397254944,-0.36082473397254944,-0.22465626895427704,0
9.208,-200000,1.9850904209306464e-07,3.9405836178754011e-14,1.169909438422656e-12,-0.36082473397254944,-0.36082473397254944,-0.43388786911964417,0
9.212,-200000,9.1683148184529273e-08,8.4057991144893818e-15,1.1174571467806316e-12,-0.36082473397254944,-0.36082473397254944,-0.57469862699508667,0
9.216,-200000,-1.3832874401487061e-08,1.9134840884922128e-16,1.0611197250737225e-12,-0.36082473397254944,-0.36082473397254944,-0.55305451154708862,0
9.22,-200000,-1.1696600665800361e-07,1.3681045771089806e-14,1.0024695917126847e-12,-0.36082473397254944,-0.36082473397254944,-0.36455506086349487,0
9.224,-200000,-2.1669093541731854e-07,4.6954963111049339e-14,9.4312405107821462e-13,-0.36082473397254944,-0.36082473397254944,-0.081992492079734802,0
9.228,-200000,-3.1203958883452287e-07,9.7368707335180466e-14,8.846787777176679e-13,-0.36082473397254944,-0.36082473397254944,0.15370678901672363,0
9.232,-200000,-4.0211020291280875e-07,1.6169259941384295e-13,8.2864298105514433e-13,-0.36082473397254944,-0.36082473397254944,0.19798855483531952,0
9.236,-200000,-4.8607506641928921e-07,2.3626898506233507e-13,7.7638140057526006e-13,-0.36082473397254944,-0.36082473397254944,0.037389814853668213,0
9.24,-200000,-5.6318748420380871e-07,3.171801742692798e-13,7.2906497462429942e-13,-0.36082473397254944,-0.36082473397254944,-0.19234380125999451,0
9.244,-200000,-6.3278810102929128e-07,4.0042074473875533e-13,6.8763067071972439e-13,-0.36082473397254944,-0.36082473397254944,-0.33097833395004272,0
9.248,-200000,-6.9430979010576266e-07,4.8206610144679862e-13,6.527531878734727e-13,-0.36082473397254944,-0.36082473397254944,-0.29006585478782654,0
9.252,-200000,-7.4728114896061015e-07,5.5842906254016667e-13,6.2482847671893604e-13,-0.36082473397254944,-0.36082473397254944,-0.064971886575222015,0
9.256,-200000,-7.9133013741738978e-07,6.2620340770397354e-13,6.0396896902140118e-13,-0.36082473397254944,-0.36082473397254944,0.26895999908447266,0
9.26,-200000,-8.2618515762078459e-07,6.8258192067321977e-13,5.9001127551347454e-13,-0.36082473397254944,-0.36082473397254944,0.57870644330978394,0
9.264,-200000,-8.5167602037472534e-07,7.2535207007451419e-13,5.8253391260060239e-13,-0.36082473397254944,-0.36082473397254944,0.74547022581100464,0
9.268,-200000,-8.6773360408187727e-07,7.5296165786761793e-13,5.8088592529842442e-13,-0.36082473397254944,-0.36082473397254944,0.72995030879974365,0
9.272,-200000,-8.7438809259765549e-07,7.6455454380702781e-13,5.8422234064381406e-13,-0.36082473397254944,-0.36082473397254944,0.57495003938674927,0
9.276,-200000,-8.7176732677107793e-07,7.5997828906729237e-13,5.9154721052112613e-13,-0.36082473397254944,-0.36082473397254944,0.35520920157432556,0
9.28,-200000,-8.6009214328441885e-07,7.3975851486163258e-13,6.0176066603648271e-13,-0.36082473397254944,-0.36082473397254944,0.1220683827996254,0
9.284,-200000,-8.396731345783337e-07,7.0505092649580936e-13,6.1370732714477461e-13,-0.36082473397254944,-0.36082473397254944,-0.096831738948822021,0
9.288,-200000,-8.109056466309994e-07,6.5756802130126357e-13,6.2622666384057335e-13,-0.36082473397254944,-0.36082473397254944,-0.26057234406471252,0
9.292,-200000,-7.7426238931366242e-07,5.9948226938111304e-13,6.381995626414394e-13,-0.36082473397254944,-0.36082473397254944,-0.32889938354492188,0
9.296,-200000,-7.3028905944738653e-07,5.3332208441170259e-13,6.485926162466682e-13,-0.36082473397254944,-0.36082473397254944,-0.31920504570007324,0
9.3,-200000,-6.7959507532577845e-07,4.6184947142743904e-13,6.5649628745376165e-13,-0.36082473397254944,-0.36082473397254944,-0.30785927176475525,0
9.304,-200000,-6.228471534086566e-07,3.8793854196736421e-13,6.6115618839110435e-13,-0.36082473397254944,-0.36082473397254944,-0.35417428612709045,0
9.308,-200000,-5.6076061127896537e-07,3.1445245712857783e-13,6.619975292769531e-13,-0.36082473397254944,-0.36082473397254944,-0.43146324157714844,0
9.312,-200000,-4.9409146640755353e-07,2.4412641504677202e-13,6.5864024303974311e-13,-0.36082473397254944,-0.36082473397254944,-0.43860143423080444,0
9.316,-200000,-4.2362680119367724e-07,1.7945967791237888e-13,6.5090630368275226e-13,-0.36082473397254944,-0.36082473397254944,-0.29121845960617065,0
9.32,-200000,-3.5017683330806904e-07,1.2262380780919679e-13,6.3881739524943026e-13,-0.36082473397254944,-0.36082473397254944,-0.011087129823863506,0
9.324,-200000,-2.745654796854069e-07,7.5386203356175852e-14,6.2258575031504115e-13,-0.36082473397254944,-0.36082473397254944,0.27413773536682129,0
9.328,-200000,-1.9762167369208328e-07,3.9054327670038844e-14,6.0259653170136041e-13,-0.36082473397254944,-0.36082473397254944,0.41266369819641113,0
9.332,-200000,-1.2017058281799109e-07,1.4440968155982579e-14,5.7938452212996649e-13,-0.36082473397254944,-0.36082473397254944,0.33816918730735779,0
9.336,-200000,-4.3025266904805903e-08,1.8511735655653283e-15,5.5360517602423553e-13,-0.36082473397254944,-0.36082473397254944,0.13305708765983582,0
9.34,-200000,3.3021677836586605e-08,1.0904312527796126e-15,5.2600258133514433e-13,-0.36082473397254944,-0.36082473397254944,-0.025990098714828491,0
9.344,-200000,1.07205835320201e-07,1.1493090211630273e-14,4.9737416876055596e-13,-0.36082473397254944,-0.36082473397254944,-0.014891557395458221,0
9.348,-200000,1.7879831659683987e-07,3.1968839468016208e-14,4.6853612569591752e-13,-0.36082473397254944,-0.36082473397254944,0.14174003899097443,0
9.352,-200000,2.4711258106435707e-07,6.1064631270372344e-14,4.4028821387376293e-13,-0.36082473397254944,-0.36082473397254944,0.3309427797794342,0
9.356,-200000,3.1151066082202306e-07,9.7038893034310375e-14,4.1338143303391861e-13,-0.36082473397254944,-0.36082473397254944,0.45516318082809448,0
9.36,-200000,3.7140867448215431e-07,1.3794441121057349e-13,3.8848885588506354e-13,-0.36082473397254944,-0.36082473397254944,0.4645484983921051,0
9.364,-200000,4.2628198571037501e-07,1.8171633631419021e-13,3.6618117934573979e-13,-0.36082473397254944,-0.36082473397254944,0.36089229583740234,0
9.368,-200000,4.7566913963237312e-07,2.2626113493646322e-13,3.4690696495975892e-13,-0.36082473397254944,-0.36082473397254944,0.18339765071868896,0
9.372,-200000,5.1917533028245089e-07,2.6954301421064364e-13,3.3097960136507787e-13,-0.36082473397254944,-0.36082473397254944,-0.012084896676242352,0
9.376,-200000,5.5647524277446792e-07,3.0966470165004478e-13,3.1856947093310273e-13,-0.36082473397254944,-0.36082473397254944,-0.14143607020378113,0
9.38,-200000,5.8731473018269753e-07,3.449386230206658e-13,3.0970264872608178e-13,-0.36082473397254944,-0.36082473397254944,-0.11668066680431366,0
9.384,-200000,6.1151223462729831e-07,3.739471839819819e-13,3.0426616087764202e-13,-0.36082473397254944,-0.36082473397254944,0.068490847945213318,0
9.388,-200000,6.2895895780457067e-07,3.9558937722783405e-13,3.0201787793761314e-13,-0.36082473397254944,-0.36082473397254944,0.30295991897583008,0
9.392,-200000,6.3961806517909281e-07,4.0911127567253014e-13,3.0260169370244228e-13,-0.36082473397254944,-0.36082473397254944,0.42295622825622559,0
9.396,-200000,6.4352451545346412e-07,4.1412381336647375e-13,3.0556685111891857e-13,-0.36082473397254944,-0.36082473397254944,0.3143734335899353,0
9.4,-200000,6.4078204786710558e-07,4.1060161997882871e-13,3.1039024974387208e-13,-0.36082473397254944,-0.36082473397254944,-0.0090347928926348686,0
9.404,-200000,6.3156130636343732e-07,3.9886968511079757e-13,3.1650059634756589e-13,-0.36082473397254944,-0.36082473397254944,-0.39246812462806702,0
9.408,-200000,6.1609688373209792e-07,3.7957535877451709e-13,3.2330396497991243e-13,-0.36082473397254944,-0.36082473397254944,-0.63025456666946411,0
9.412,-200000,5.9468248991834116e-07,3.5364723302566681e-13,3.3020881493560361e-13,-0.36082473397254944,-0.36082473397254944,-0.60010212659835815,0
9.416,-200000,5.6766776879157987e-07,3.2224670523141319e-13,3.3664989741201412e-13,-0.36082473397254944,-0.36082473397254944,-0.33609050512313843,0
9.42,-200000,5.3545261380349984e-07,2.8670953957331269e-13,3.4211045454868305e-13,-0.36082473397254944,-0.36082473397254944,-0.018606862053275108,0
9.424,-200000,4.9848296157506411e-07,2.484852601458698e-13,3.4614108454511516e-13,-0.36082473397254944,-0.36082473397254944,0.13503448665142059,0
9.428,-200000,4.5724368646915536e-07,2.0907177356553619e-13,3.4837513733163017e-13,-0.36082473397254944,-0.36082473397254944,0.043421674519777298,0
9.432,-200000,4.1225439417758025e-07,1.6995367786709625e-13,3.4854036974271696e-13,-0.36082473397254944,-0.36082473397254944,-0.17749710381031036,0
9.436,-200000,3.6406200365490804e-07,1.3254115415872042e-13,3.4646583020082888e-13,-0.36082473397254944,-0.36082473397254944,-0.35024937987327576,0
9.44,-200000,3.1323511962000339e-07,9.8116230851791331e-14,3.4208456922181496e-13,-0.36082473397254944,-0.36082473397254944,-0.39946094155311584,0
9.444,-200000,2.6035758082798566e-07,6.7786074876060448e-14,3.3543185048133528e-13,-0.36082473397254944,-0.36082473397254944,-0.36378875374794006,0
9.448,-200000,2.0602189465535048e-07,4.2445017498556753e-14,3.2663940454334683e-13,-0.36082473397254944,-0.36082473397254944,-0.30639475584030151,0
9.452,-200000,1.5082316906500637e-07,2.2747628840259423e-14,3.159258065658227e-13,-0.36082473397254944,-0.36082473397254944,-0.24776670336723328,0
9.456,-200000,9.5352596929387801e-08,9.0921177243975457e-15,3.0358354718984515e-13,-0.36082473397254944,-0.36082473397254944,-0.1665099561214447,0
9.46,-200000,4.0191565631175763e-08,1.615361922390336e-15,2.8996423317995124e-13,-0.36082473397254944,-0.36082473397254944,-0.054727572947740555,0
9.464,-200000,-1.4094146294496568e-08,1.9864496241510664e-16,2.7546115887421008e-13,-0.36082473397254944,-0.36082473397254944,0.05734894797205925,0
9.468,-200000,-6.6960033962004673e-08,4.483646086513287e-15,2.6049163368881134e-13,-0.36082473397254944,-0.36082473397254944,0.14425329864025116,0
9.472,-200000,-1.1788795006850705e-07,1.3897567721198739e-14,2.4547846936597006e-13,-0.36082473397254944,-0.36082473397254944,0.20545661449432373,0
9.476,-200000,-1.6639103250781773e-07,2.7685974918353028e-14,2.3083263273916688e-13,-0.36082473397254944,-0.36082473397254944,0.23246344923973083,0
9.48,-200000,-2.1201799427217338e-07,4.4951628546839248e-14,2.1693646770452879e-13,-0.36082473397254944,-0.36082473397254944,0.20872120559215546,0
9.484,-200000,-2.5435710426791047e-07,6.4697528476091726e-14,2.0412942440973386e-13,-0.36082473397254944,-0.36082473397254944,0.15537102520465851,0
9.488,-200000,-2.9303956239346007e-07,8.587219341637739e-14,1.9269550961386467e-13,-0.36082473397254944,-0.36082473397254944,0.12614329159259796,0
9.492,-200000,-3.277424980296928e-07,1.0741514828212922e-13,1.8285413873157796e-13,-0.36082473397254944,-0.36082473397254944,0.13341565430164337,0
9.496,-200000,-3.5819138588522037e-07,1.2830108340761842e-13,1.7475373904028701e-13,-0.36082473397254944,-0.36082473397254944,0.11904214322566986,0
9.5,-200000,-3.8416160919041431e-07,1.4758014959832116e-13,1.6846836154837258e-13,-0.36082473397254944,-0.36082473397254944,0.022895466536283493,0
9.504,-200000,-4.054800228914246e-07,1.6441405528699882e-13,1.639978707305631e-13,-0.36082473397254944,-0.36082473397254944,-0.14797298610210419,0
9.508,-200000,-4.2202549366265885e-07,1.781055365039988e-13,1.6127091253138187e-13,-0.36082473397254944,-0.36082473397254944,-0.32007899880409241,0
9.512,-200000,-4.3372915570216719e-07,1.8812097604507805e-13,1.601508232669871e-13,-0.36082473397254944,-0.36082473397254944,-0.39794009923934937,0
9.516,-200000,-4.4057378545403481e-07,1.941052570411661e-13,1.604437069313569e-13,-0.36082473397254944,-0.36082473397254944,-0.33458399772644043,0
9.52,-200000,-4.425932331741933e-07,1.9588876961490476e-13,1.6190900616747106e-13,-0.36082473397254944,-0.36082473397254944,-0.18977448344230652,0
9.524,-200000,-4.3987060394101718e-07,1.9348615049562257e-13,1.6427102191539367e-13,-0.36082473397254944,-0.36082473397254944,-0.094389759004116058,0
9.528,-200000,-4.3253666603959573e-07,1.8708794821513386e-13,1.6723167989285415e-13,-0.36082473397254944,-0.36082473397254944,-0.13026237487792969,0
9.532,-200000,-4.2076717932104657e-07,1.7704501059645494e-13,1.7048378496680588e-13,-0.36082473397254944,-0.36082473397254944,-0.26288500428199768,0
9.536,-200000,-4.0478039409208577e-07,1.6384716662858761e-13,1.7372370631884432e-13,-0.36082473397254944,-0.36082473397254944,-0.39582547545433044,0
9.54,-200000,-3.848338110401528e-07,1.4809707008910794e-13,1.7666380511260904e-13,-0.36082473397254944,-0.36082473397254944,-0.45461267232894897,0
9.544,-200000,-3.6122037272434682e-07,1.3048015359146126e-13,1.7904356111857894e-13,-0.36082473397254944,-0.36082473397254944,-0.42398446798324585,0
9.548,-200000,-3.342650813920045e-07,1.1173314606437862e-13,1.8063885619517411e-13,-0.36082473397254944,-0.36082473397254944,-0.34293526411056519,0
9.552,-200000,-3.0432070730057603e-07,9.2611085900778933e-14,1.8126978054439774e-13,-0.36082473397254944,-0.36082473397254944,-0.26831641793251038,0
9.556,-200000,-2.7176355388291995e-07,7.3855438637634302e-14,1.8080610793280716e-13,-0.36082473397254944,-0.36082473397254944,-0.22719196975231171,0
9.56,-200000,-2.369890808040509e-07,5.6163823998435156e-14,1.7917052119297699e-13,-0.36082473397254944,-0.36082473397254944,-0.18762299418449402,0
9.564,-200000,-2.0040742754190433e-07,4.0163141231839769e-14,1.7633945248018285e-13,-0.36082473397254944,-0.36082473397254944,-0.082458280026912689,0
9.568,-200000,-1.6243868117271631e-07,2.6386323139469814e-14,1.7234193130759301e-13,-0.36082473397254944,-0.36082473397254944,0.10469033569097519,0
9.572,-200000,-1.2350855627119017e-07,1.5254363730835517e-14,1.6725615575689801e-13,-0.36082473397254944,-0.36082473397254944,0.30617985129356384,0
9.576,-200000,-8.4043598747030046e-08,7.0633264319906741e-15,1.6120413923008392e-13,-0.36082473397254944,-0.36082473397254944,0.46607127785682678,0
9.58,-200000,-4.4466844428825425e-08,1.9773001595432826e-15,1.5434492063332722e-13,-0.36082473397254944,-0.36082473397254944,0.59395533800125122,0
9.584,-200000,-5.1935309386408335e-09,2.6972763316772005e-17,1.4686652772839121e-13,-0.36082473397254944,-0.36082473397254944,0.68484324216842651,0
9.588,-200000,3.3373094510125156e-08,1.1137634105864427e-15,1.3897700535964869e-13,-0.36082473397254944,-0.36082473397254944,0.67295092344284058,0
9.592,-200000,7.0845700861354999e-08,5.0191132107131435e-15,1.308951590780344e-13,-0.36082473397254944,-0.36082473397254944,0.50684767961502075,0
9.596,-200000,1.0685656803843813e-07,1.1418326848540872e-14,1.2284104126698142e-13,-0.36082473397254944,-0.36082473397254944,0.23486800491809845,0
9.6,-200000,1.4106096557497949e-07,1.9898196453168801e-14,1.1502697936944389e-13,-0.36082473397254944,-0.36082473397254944,-0.014823163859546185,0
9.604,-200000,1.7314023637027276e-07,2.9977539547920706e-14,1.0764913266347875e-13,-0.36082473397254944,-0.36082473397254944,-0.11593135446310043,0
9.608,-200000,2.0280462820210232e-07,4.1129717633005963e-14,1.0088022133142652e-13,-0.36082473397254944,-0.36082473397254944,-0.012486067600548267,0
9.612,-200000,2.2979558877977979e-07,5.2806012600797869e-14,9.4863393941373164e-14,-0.36082473397254944,-0.36082473397254944,0.22275030612945557,0
9.616,-200000,2.5388789026692393e-07,6.4459058208253539e-14,8.9707633140444221e-14,-0.36082473397254944,-0.36082473397254944,0.42059293389320374,0
9.62,-200000,2.7489107878864161e-07,7.556509671463596e-14,8.5484753770039695e-14,-0.36082473397254944,-0.36082473397254944,0.45618090033531189,0
9.624,-200000,2.9265100920383702e-07,8.5644619380372683e-14,8.2227939192901223e-14,-0.36082473397254944,-0.36082473397254944,0.33470487594604492,0
9.628,-200000,3.0705035669598146e-07,9.4279923765986512e-14,7.9932100435081699e-14,-0.36082473397254944,-0.36082473397254944,0.15715022385120392,0
9.632,-200000,3.1800931310499436e-07,1.0112991986801351e-13,7.8555631238211993e-14,-0.36082473397254944,-0.36082473397254944,0.042230896651744843,0
9.636,-200000,3.2548535955356783e-07,1.0594072141897545e-13,7.8023620008436934e-14,-0.36082473397254944,-0.36082473397254944,0.04972391203045845,0
9.64,-200000,3.2947323802545725e-07,1.0855261866260166e-13,7.8232342479167549e-14,-0.36082473397254944,-0.36082473397254944,0.13343818485736847,0
9.644,-200000,3.3000387134052289e-07,1.0890255846629851e-13,7.9054675945679914e-14,-0.36082473397254944,-0.36082473397254944,0.18181844055652618,0
9.648,-200000,3.2714342523831874e-07,1.0702282294975177e-13,8.0346231783653271e-14,-0.36082473397254944,-0.36082473397254944,0.12163110822439194,0
9.652,-200000,3.2099205782287754e-07,1.030358930771344e-13,8.1952002963740084e-14,-0.36082473397254944,-0.36082473397254944,-0.020885627716779709,0
9.656,-200000,3.1168187319963181e-07,9.7145585304346527e-14,8.3713072552508289e-14,-0.36082473397254944,-0.36082473397254944,-0.13731403648853302,0
9.66,-200000,2.9937487511233485e-07,8.9625321866761837e-14,8.5473274779538505e-14,-0.36082473397254944,-0.36082473397254944,-0.11407595872879028,0
9.664,-200000,2.8426089215827233e-07,8.0804252991419773e-14,8.708538176607078e-14,-0.36082473397254944,-0.36082473397254944,0.06618276983499527,0
9.668,-200000,2.6655484930415696e-07,7.1051488531679446e-14,8.8416727823774355e-14,-0.36082473397254944,-0.36082473397254944,0.29396319389343262,0
9.672,-200000,2.4649392571518547e-07,6.0759252175964645e-14,8.9353966391779449e-14,-0.36082473397254944,-0.36082473397254944,0.40923184156417847,0
9.676,-200000,2.2433491153606155e-07,5.0326154241121454e-14,8.9806776652854442e-14,-0.36082473397254944,-0.36082473397254944,0.30567097663879395,0
9.68,-200000,2.0035069780988124e-07,4.0140406867535464e-14,8.9710553710046353e-14,-0.36082473397254944,-0.36082473397254944,0.0058975359424948692,0
9.684,-200000,1.7482743430718983e-07,3.0564628248058029e-14,8.9027892588404434e-14,-0.36082473397254944,-0.36082473397254944,-0.33596476912498474,0
9.688,-200000,1.4806118997512385e-07,2.1922115612063066e-14,8.7748893166841174e-14,-0.36082473397254944,-0.36082473397254944,-0.54383963346481323,0
9.692,-200000,1.203546560191171e-07,1.4485244262201456e-14,8.5890299592657898e-14,-0.36082473397254944,-0.36082473397254944,-0.55313366651535034,0
9.696,-200000,9.2013806352042593e-08,8.4665398471369877e-15,8.3493596151479332e-14,-0.36082473397254944,-0.36082473397254944,-0.41895842552185059,0
9.7,-200000,6.3344756995320495e-08,4.0125577014694935e-15,8.0622249327977347e-14,-0.36082473397254944,-0.36082473397254944,-0.22332294285297394,0
9.704,-200000,3.4650479818765234e-08,1.2006556502058147e-15,7.7357974084639458e-14,-0.36082473397254944,-0.36082473397254944,-0.022247150540351868,0
9.708,-200000,6.2277849544045694e-09,3.8785304473806941e-17,7.3796640998567697e-14,-0.36082473397254944,-0.36082473397254944,0.14216919243335724,0
9.712,-200000,-2.1635623070892507e-08,4.6810021162455788e-16,7.0043580310819031e-14,-0.36082473397254944,-0.36082473397254944,0.20955844223499298,0
9.716,-200000,-4.8663974183682512e-08,2.3681821477786191e-15,6.6208845318164317e-14,-0.36082473397254944,-0.36082473397254944,0.11631617695093155,0
9.72,-200000,-7.4596002264115668e-08,5.5645638887458129e-15,6.2402360568366427e-14,-0.36082473397254944,-0.36082473397254944,-0.10344362258911133,0
9.724,-200000,-9.9187431601421849e-08,9.8381453808235597e-15,5.8729408868637284e-14,-0.36082473397254944,-0.36082473397254944,-0.28375095129013062,0
9.728,-200000,-1.2221300949022407e-07,1.4936019950137144e-14,5.5286362239583692e-14,-0.36082473397254944,-0.36082473397254944,-0.27265208959579468,0
9.732,-200000,-1.4346862542424788e-07,2.0583247901787873e-14,5.2157127764960662e-14,-0.36082473397254944,-0.36082473397254944,-0.077864624559879303,0
9.736,-200000,-1.6277272152365185e-07,2.6494956809021072e-14,4.9410084720534139e-14,-0.36082473397254944,-0.36082473397254944,0.16421742737293243,0
9.74,-200000,-1.7996804047015758e-07,3.2388496859535668e-14,4.7095916169736032e-14,-0.36082473397254944,-0.36082473397254944,0.32240939140319824,0
9.744,-200000,-1.9492240710405895e-07,3.7994743663132338e-14,4.5246206277103559e-14,-0.36082473397254944,-0.36082473397254944,0.36073079705238342,0
9.748,-200000,-2.075297516057617e-07,4.3068596378061791e-14,4.3872911759720162e-14,-0.36082473397254944,-0.36082473397254944,0.31673750281333923,0
9.752,-200000,-2.1771067792997201e-07,4.7397941013672604e-14,4.2968649878417572e-14,-0.36082473397254944,-0.36082473397254944,0.22216172516345978,0
9.756,-200000,-2.2541253485997004e-07,5.081080955288142e-14,4.2507762311157563e-14,-0.36082473397254944,-0.36082473397254944,0.091351628303527832,0
9.76,-200000,-2.3060962917043071e-07,5.3180804351167163e-14,4.244809731035297e-14,-0.36082473397254944,-0.36082473397254944,-0.045387417078018188,0
9.764,-200000,-2.333027850909275e-07,5.4430191500894412e-14,4.273343899336042e-14,-0.36082473397254944,-0.36082473397254944,-0.16269989311695099,0
9.768,-200000,-2.3351867639576085e-07,5.4530971480958729e-14,4.3296333044392371e-14,-0.36082473397254944,-0.36082473397254944,-0.25790661573410034,0
9.772,-200000,-2.3130925796976953e-07,5.3503967749335413e-14,4.4061325768507409e-14,-0.36082473397254944,-0.36082473397254944,-0.31791657209396362,0
9.776,-200000,-2.2675048683140631e-07,5.1415784200732964e-14,4.4948375940321791e-14,-0.36082473397254944,-0.36082473397254944,-0.30548518896102905,0
9.78,-200000,-2.1994098631239467e-07,4.8374038065165936e-14,4.5876307310302455e-14,-0.36082473397254944,-0.36082473397254944,-0.18234114348888397,0
9.784,-200000,-2.1100072444824036e-07,4.4521308704579751e-14,4.6766193348424245e-14,-0.36082473397254944,-0.36082473397254944,0.051012594252824783,0
9.788,-200000,-2.0006923762139195e-07,4.0027704051705595e-14,4.7544477713547598e-14,-0.36082473397254944,-0.36082473397254944,0.31635037064552307,0
9.792,-200000,-1.8730365525243542e-07,3.508265794299921e-14,4.8145749133353746e-14,-0.36082473397254944,-0.36082473397254944,0.48182296752929688,0
9.796,-200000,-1.7287683817812649e-07,2.9886402190927933e-14,4.8515109708465246e-14,-0.36082473397254944,-0.36082473397254944,0.4569459855556488,0
9.8,-200000,-1.5697514754720032e-07,2.4641196404834829e-14,4.8609970622294149e-14,-0.36082473397254944,-0.36082473397254944,0.26303690671920776,0
9.804,-200000,-1.3979631319216423e-07,1.9543010127396655e-14,4.8401271868486057e-14,-0.36082473397254944,-0.36082473397254944,0.0020916375797241926,0
9.808,-200000,-1.2154700357314141e-07,1.4773674227334596e-14,4.7874156489146127e-14,-0.36082473397254944,-0.36082473397254944,-0.22526367008686066,0
9.812,-200000,-1.0244069414966361e-07,1.049409701253971e-14,4.7027912976598668e-14,-0.36082473397254944,-0.36082473397254944,-0.35626029968261719,0
9.816,-200000,-8.2695102321395098e-08,6.8384798420761256e-15,4.5875504323068458e-14,-0.36082473397254944,-0.36082473397254944,-0.36354026198387146,0
9.82,-200000,-6.2529906585950812e-08,3.9099887878205758e-15,4.4442405891477119e-14,-0.36082473397254944,-0.36082473397254944,-0.25526556372642517,0
9.824,-200000,-4.2164487012996688e-08,1.7778438057391554e-15,4.2765070591742685e-14,-0.36082473397254944,-0.36082473397254944,-0.08301369845867157,0
9.828,-200000,-2.1815560913296395e-08,4.759187492441887e-16,4.0888987481264502e-14,-0.36082473397254944,-0.36082473397254944,0.064738951623439789,0
9.832,-200000,-1.6950346681809947e-09,2.8731423745314872e-18,3.8866445597942473e-14,-0.36082473397254944,-0.36082473397254944,0.12670800089836121,0
9.836,-200000,1.7992093148677668e-08,3.2371539895206347e-16,3.6754101281552543e-14,-0.36082473397254944,-0.36082473397254944,0.13163241744041443,0
9.84,-200000,3.7049726842042219e-08,1.3726821125625323e-15,3.4610508225672507e-14,-0.36082473397254944,-0.36082473397254944,0.14945363998413086,0
9.844,-200000,5.5292520784178123e-08,3.0572631438860161e-15,3.2493603483894559e-14,-0.36082473397254944,-0.36082473397254944,0.1863807886838913,0
9.848,-200000,7.2547550189483445e-08,5.2631467909488965e-15,3.0458403540208762e-14,-0.36082473397254944,-0.36082473397254944,0.17598621547222137,0
9.852,-200000,8.8655916385960154e-08,7.8598719804238819e-15,2.8554886726634907e-14,-0.36082473397254944,-0.36082473397254944,0.065965153276920319,0
9.856,-200000,1.0347395118515124e-07,1.0706859830428728e-14,2.6826112810079614e-14,-0.36082473397254944,-0.36082473397254944,-0.1228630542755127,0
9.86,-200000,1.1687459533504807e-07,1.3659670894665844e-14,2.5306801671050837e-14,-0.36082473397254944,-0.36082473397254944,-0.30395841598510742,0
9.864,-200000,1.287481410372493e-07,1.65760824120606e-14,2.4022238937090011e-14,-0.36082473397254944,-0.36082473397254944,-0.3831326961517334,0
9.868,-200000,1.390031911796541e-07,1.9321887094318237e-14,2.2987644096193402e-14,-0.36082473397254944,-0.36082473397254944,-0.33683457970619202,0
9.872,-200000,1.4756706434582156e-07,2.1776038004045484e-14,2.220798076143192e-14,-0.36082473397254944,-0.36082473397254944,-0.22136576473712921,0
9.876,-200000,1.5438627087860368e-07,2.3835122582777958e-14,2.1678158264792566e-14,-0.36082473397254944,-0.36082473397254944,-0.10782375186681747,0
9.88,-200000,1.5942661946155567e-07,2.5416848191558115e-14,2.1383688954745503e-14,-0.36082473397254944,-0.36082473397254944,-0.040161043405532837,0
9.884,-200000,1.6267308922124357e-07,2.6462534081866072e-14,2.1301645343474451e-14,-0.36082473397254944,-0.36082473397254944,-0.03294212743639946,0
9.888,-200000,1.6412968761869706e-07,2.6938556433827622e-14,2.1401974702010829e-14,-0.36082473397254944,-0.36082473397254944,-0.053565025329589844,0
9.892,-200000,1.6381895306949446e-07,2.6836651594009352e-14,2.1649005084813967e-14,-0.36082473397254944,-0.36082473397254944,-0.016435783356428146,0
9.896,-200000,1.6178132966615522e-07,2.6173196097413476e-14,2.200313431346794e-14,-0.36082473397254944,-0.36082473397254944,0.14587998390197754,0
9.9,-200000,1.5807431452685705e-07,2.49874905787267e-14,2.2422637544990999e-14,-0.36082473397254944,-0.36082473397254944,0.40292468667030334,0
9.904,-200000,1.5277164777671715e-07,2.3339178015896987e-14,2.286540368937745e-14,-0.36082473397254944,-0.36082473397254944,0.63616406917572021,0
9.908,-200000,1.4596200514915836e-07,2.130490642032138e-14,2.3290727731314041e-14,-0.36082473397254944,-0.36082473397254944,0.70800638198852539,0
9.912,-200000,1.3774786111753201e-07,1.8974473142870096e-14,2.3660855718275753e-14,-0.36082473397254944,-0.36082473397254944,0.5390583872795105,0
9.916,-200000,1.2824418149648409e-07,1.6446569380359523e-14,2.3942423022470238e-14,-0.36082473397254944,-0.36082473397254944,0.17119045555591583,0
9.92,-200000,1.1757686024793657e-07,1.3824318853019029e-14,2.4107619858173245e-14,-0.36082473397254944,-0.36082473397254944,-0.23311178386211395,0
9.924,-200000,1.0588123444676967e-07,1.1210835963715565e-14,2.4135072195993756e-14,-0.36082473397254944,-0.36082473397254944,-0.48547309637069702,0
9.928,-200000,9.3300442927102267e-08,8.7049736925584424e-15,2.401045162659602e-14,-0.36082473397254944,-0.36082473397254944,-0.49562492966651917,0
9.932,-200000,7.9983841771991138e-08,6.3974149633642344e-15,2.3726734552781403e-14,-0.36082473397254944,-0.36082473397254944,-0.30377587676048279,0
9.936,-200000,6.6085192429454764e-08,4.3672531716487054e-15,2.328418186069766e-14,-0.36082473397254944,-0.36082473397254944,-0.017311032861471176,0
9.94,-200000,5.1761151809159855e-08,2.6792170929333713e-15,2.2689993330396452e-14,-0.36082473397254944,-0.36082473397254944,0.23820981383323669,0
9.944,-200000,3.7169392896885256e-08,1.3815637824100857e-15,2.1957731653429215e-14,-0.36082473397254944,-0.36082473397254944,0.34398731589317322,0
9.948,-200000,2.2467101956635815e-08,5.0477065019136069e-16,2.1106456765175065e-14,-0.36082473397254944,-0.36082473397254944,0.25056323409080505,0
9.952,-200000,7.809243918188713e-09,6.0984287707165991e-17,2.0159717875633566e-14,-0.36082473397254944,-0.36082473397254944,0.021306451410055161,0
9.956,-200000,-6.6529373121682056e-09,4.4261574309875456e-17,1.9144386258023414e-14,-0.36082473397254944,-0.36082473397254944,-0.21578855812549591,0
9.96,-200000,-2.0773427422682289e-08,4.3153528159924743e-16,1.8089398251888711e-14,-0.36082473397254944,-0.36082473397254944,-0.35062623023986816,0
9.964,-200000,-3.4412853011644984e-08,1.1842443868527626e-15,1.7024481325546292e-14,-0.36082473397254944,-0.36082473397254944,-0.34572982788085938,0
9.968,-200000,-4.7439783656955115e-08,2.2505332948114963e-15,1.5978871668203588e-14,-0.36082473397254944,-0.36082473397254944,-0.24750880897045135,0
9.972,-200000,-5.9731938506502047e-08,3.5679047911930332e-15,1.4980150366689093e-14,-0.36082473397254944,-0.36082473397254944,-0.13589008152484894,0
9.976,-200000,-7.1177211680151231e-08,5.0661955370862738e-15,1.4053160050312829e-14,-0.36082473397254944,-0.36082473397254944,-0.049908686429262161,0
9.98,-200000,-8.1674706109424733e-08,6.6707571541244071e-15,1.321909263638215e-14,-0.36082473397254944,-0.36082473397254944,0.033147178590297699,0
9.984,-200000,-9.113548316008746e-08,8.3056772790250817e-15,1.2494779516591947e-14,-0.36082473397254944,-0.36082473397254944,0.13246810436248779,0
9.988,-200000,-9.9483237647746137e-08,9.8969142207699576e-15,1.1892164702531453e-14,-0.36082473397254944,-0.36082473397254944,0.18985375761985779,0
9.992,-200000,-1.0665483074490112e-07,1.137525268207415e-14,1.141801598744923e-14,-0.36082473397254944,-0.36082473397254944,0.12722158432006836,0
9.996,-200000,-1.1260065946316899e-07,1.2678908385699034e-14,1.1073867348012755e-14,-0.36082473397254944,-0.36082473397254944,-0.024971451610326767,0
10,-200000,-1.1728493376494953e-07,1.3755756618136477e-14,1.0856157010678824e-14,-0.36082473397254944,-0.36082473397254944,-0.14718043804168701,0
10.004,-200000,-1.2068562682543416e-07,1.4565019519239761e-14,1.0756598452124448e-14,-0.36082473397254944,-0.36082473397254944,-0.17058892548084259,0
10.008,-200000,-1.2279458871944371e-07,1.5078511220656052e-14,1.0762696242311732e-14,-0.36082473397254944,-0.36082473397254944,-0.12163583934307098,0
10.012,-200000,-1.2361712720121432e-07,1.528119265240685e-14,1.085843807040578e-14,-0.36082473397254944,-0.36082473397254944,-0.039235614240169525,0
10.016,-200000,-1.2317191533384175e-07,1.5171318926620811e-14,1.1025093496843958e-14,-0.36082473397254944,-0.36082473397254944,0.087709031999111176,0
10.02,-200000,-1.2149025963026361e-07,1.4759881142821507e-14,1.1242090632436301e-14,-0.36082473397254944,-0.36082473397254944,0.27295130491256714,0
10.024,-200000,-1.1861570925475462e-07,1.4069687357179655e-14,1.1487928392849706e-14,-0.36082473397254944,-0.36082473397254944,0.45582884550094604,0
10.028,-200000,-1.146031962662164e-07,1.3133893827382576e-14,1.1741087906059176e-14,-0.36082473397254944,-0.36082473397254944,0.52459573745727539,0
10.032,-200000,-1.0951832507544168e-07,1.1994262665861698e-14,1.1980915120678864e-14,-0.36082473397254944,-0.36082473397254944,0.41677737236022949,0
10.036,-200000,-1.034364345287031e-07,1.0699095079401248e-14,1.2188422946163117e-14,-0.36082473397254944,-0.36082473397254944,0.16918835043907166,0
10.04,-200000,-9.6441553409931657e-08,9.3009731793008803e-15,1.2346989207955017e-14,-0.36082473397254944,-0.36082473397254944,-0.10427175462245941,0
10.044,-200000,-8.8625412786313973e-08,7.8544645220886104e-15,1.2442932629890512e-14,-0.36082473397254944,-0.36082473397254944,-0.27579569816589355,0
10.048,-200000,-8.0086330456197174e-08,6.4138202974866557e-15,1.2465946515067411e-14,-0.36082473397254944,-0.36082473397254944,-0.30456924438476562,0
10.052,-200000,-7.0927967499301303e-08,5.030776007363888e-15,1.2409364714190824e-14,-0.36082473397254944,-0.36082473397254944,-0.28107395768165588,0
10.056,-200000,-6.1258262462615676e-08,3.7525749143534157e-15,1.2270279363152826e-14,-0.36082473397254944,-0.36082473397254944,-0.32209056615829468,0
10.06,-200000,-5.118811330362405e-08,2.6202229422230038e-15,1.2049489214022678e-14,-0.36082473397254944,-0.36082473397254944,-0.43064388632774353,0
10.064,-200000,-4.0830194336649583e-08,1.6671046240392595e-15,1.1751310746699588e-14,-0.36082473397254944,-0.36082473397254944,-0.4948020875453949,0
10.068,-200000,-3.0297787390054509e-08,9.1795586296085016e-16,1.1383232579470232e-14,-0.36082473397254944,-0.36082473397254944,-0.40107059478759766,0
10.072,-200000,-1.9703545461879912e-08,3.8822971631924646e-16,1.095547501187618e-14,-0.36082473397254944,-0.36082473397254944,-0.12991821765899658,0
10.076,-200000,-9.1583629568958713e-09,8.3875617804509474e-17,1.0480451311759443e-14,-0.36082473397254944,-0.36082473397254944,0.21221637725830078,0
10.08,-200000,1.2297581841735905e-09,1.512305155814108e-18,9.9721442990132955e-15,-0.36082473397254944,-0.36082473397254944,0.43995347619056702,0
10.084,-200000,1.1356749318736092e-08,1.2897576134961159e-16,9.4454727649377276e-15,-0.36082473397254944,-0.36082473397254944,0.42122268676757812,0
10.088,-200000,2.1123479854168181e-08,4.4620144532271882e-16,8.9156248573099561e-15,-0.36082473397254944,-0.36082473397254944,0.18238946795463562,0
10.092,-200000,3.0436687836754572e-08,9.2639199347814777e-16,8.3974211116080895e-15,-0.36082473397254944,-0.36082473397254944,-0.12286993116140366,0
10.096,-200000,3.9209805180462354e-08,1.5374088449798123e-15,7.904705434322052e-15,-0.36082473397254944,-0.36082473397254944,-0.34885716438293457,0
10.1,-200000,4.7363720057091996e-08,2.2433220798150468e-15,7.4498216365921806e-15,-0.36082473397254944,-0.36082473397254944,-0.46035385131835938,0
10.104,-200000,5.4827477669050495e-08,3.0060521671697316e-15,7.0431590010330229e-15,-0.36082473397254944,-0.36082473397254944,-0.48325261473655701,0
10.108,-200000,6.1538763418411691e-08,3.7870190856370382e-15,6.6928016100931739e-15,-0.36082473397254944,-0.36082473397254944,-0.41813835501670837,0
10.112,-200000,6.7444432261254406e-08,4.5487520034545679e-15,6.404286518148835e-15,-0.36082473397254944,-0.36082473397254944,-0.26944375038146973,0
10.116,-200000,7.2500860426316649e-08,5.2563747625355983e-15,6.1804830493088301e-15,-0.36082473397254944,-0.36082473397254944,-0.079038262367248535,0
10.12,-200000,7.6674133708820591e-08,5.8789228029438277e-15,6.0215754332391871e-15,-0.36082473397254944,-0.36082473397254944,0.11878907680511475,0
10.124,-200000,7.9940285502289044e-08,6.3904493879224887e-15,5.9251674137321235e-15,-0.36082473397254944,-0.36082473397254944,0.3147369921207428,0
10.128,-200000,8.2285261271408672e-08,6.7708641665121302e-15,5.8864851130969141e-15,-0.36082473397254944,-0.36082473397254944,0.48874440789222717,0
10.132,-200000,8.3704875919465849e-08,7.0065061913394348e-15,5.8986662939113782e-15,-0.36082473397254944,-0.36082473397254944,0.60210353136062622,0
10.136,-200000,8.4204657468944788e-08,7.0904238630062864e-15,5.9531296653868825e-15,-0.36082473397254944,-0.36082473397254944,0.61724776029586792,0
10.14,-200000,8.3799569949860597e-08,7.0223673067932452e-15,6.0399933176442846e-15,-0.36082473397254944,-0.36082473397254944,0.50193297863006592,0
10.144,-200000,8.2513643917536683e-08,6.8085008049739541e-15,6.1485321195054506e-15,-0.36082473397254944,-0.36082473397254944,0.25636142492294312,0
10.148,-200000,8.0379571443245368e-08,6.4608750952890003e-15,6.2676541745260855e-15,-0.36082473397254944,-0.36082473397254944,-0.035157244652509689,0
10.152,-200000,7.7438116363737208e-08,5.9966625001945436e-15,6.3863675361496702e-15,-0.36082473397254944,-0.36082473397254944,-0.23752999305725098,0
10.156,-200000,7.3737645323035395e-08,5.4372400136969146e-15,6.494227441103612e-15,-0.36082473397254944,-0.36082473397254944,-0.27934375405311584,0
10.16,-200000,6.933326801572548e-08,4.8071017110483394e-15,6.58173865004919e-15,-0.36082473397254944,-0.36082473397254944,-0.19283182919025421,0
10.164,-200000,6.4286311385330919e-08,4.1327300773447238e-15,6.6407078132876135e-15,-0.36082473397254944,-0.36082473397254944,-0.054422371089458466,0
10.168,-200000,5.8663470525743833e-08,3.4414027498612084e-15,6.6645255327314572e-15,-0.36082473397254944,-0.36082473397254944,0.065046727657318115,0
10.172,-200000,5.2535938266373705e-08,2.760024671376142e-15,6.6483675322296341e-15,-0.36082473397254944,-0.36082473397254944,0.11855453252792358,0
10.176,-200000,4.5978691076697942e-08,2.1140400763503334e-15,6.5893255241577468e-15,-0.36082473397254944,-0.36082473397254944,0.09666983038187027,0
10.18,-200000,3.906954404442331e-08,1.5264292862801469e-15,6.486438549637135e-15,-0.36082473397254944,-0.36082473397254944,0.0412769615650177,0
10.184,-200000,3.1888305329630384e-08,1.0168639002117348e-15,6.3406616383158282e-15,-0.36082473397254944,-0.36082473397254944,0.041572738438844681,0
10.188,-200000,2.4515927066204313e-08,6.0103070363045079e-16,6.15474383562414e-15,-0.36082473397254944,-0.36082473397254944,0.16153256595134735,0
10.192,-200000,1.7033599419846723e-08,2.9014351278543529e-16,5.9330422790427467e-15,-0.36082473397254944,-0.36082473397254944,0.34645384550094604,0
10.196,-200000,9.5219379048216979e-09,9.0667293411716965e-17,5.6812769820644565e-15,-0.36082473397254944,-0.36082473397254944,0.44940885901451111,0
10.2,-200000,2.0601309547174651e-09,4.2441400595080083e-18,5.4062475016733533e-15,-0.36082473397254944,-0.36082473397254944,0.36770144104957581,0
10.204,-200000,-5.2748339030017632e-09,2.7823877573168642e-17,5.1155030190118411e-15,-0.36082473397254944,-0.36082473397254944,0.12836813926696777,0
10.208,-200000,-1.2408932548169105e-08,1.5398159008576722e-16,4.8170132670806356e-15,-0.36082473397254944,-0.36082473397254944,-0.14611002802848816,0
10.212,-200000,-1.927180548477736e-08,3.7140248037975372e-16,4.5188170120656537e-15,-0.36082473397254944,-0.36082473397254944,-0.33496809005737305,0
10.216,-200000,-2.5797413982786566e-08,6.6550658687765211e-16,4.2287001808180569e-15,-0.36082473397254944,-0.36082473397254944,-0.39433783292770386,0
10.22,-200000,-3.1924628274282441e-08,1.0191819117510146e-15,3.9538866938285035e-15,-0.36082473397254944,-0.36082473397254944,-0.34755316376686096,0
10.224,-200000,-3.7597772006847663e-08,1.4135924274863757e-15,3.7007648735851856e-15,-0.36082473397254944,-0.36082473397254944,-0.22654637694358826,0
10.228,-200000,-4.2767076990912756e-08,1.8290230187199179e-15,3.4746674277657793e-15,-0.36082473397254944,-0.36082473397254944,-0.052677057683467865,0
10.232,-200000,-4.7389050905621843e-08,2.2457221476710918e-15,3.2796963251756003e-15,-0.36082473397254944,-0.36082473397254944,0.13325762748718262,0
10.236,-200000,-5.1426848557412086e-08,2.6447208291234927e-15,3.1186088698161984e-15,-0.36082473397254944,-0.36082473397254944,0.2727665901184082,0
10.24,-200000,-5.4850453068411298e-08,3.0085723019460499e-15,2.9927611614361275e-15,-0.36082473397254944,-0.36082473397254944,0.34216469526290894,0
10.244,-200000,-5.7636896144686034e-08,3.3220117618798202e-15,2.9021121189374459e-15,-0.36082473397254944,-0.36082473397254944,0.36097779870033264,0
10.248,-200000,-5.9770322025087808e-08,3.5724914746024152e-15,2.8452853137808654e-15,-0.36082473397254944,-0.36082473397254944,0.34585380554199219,0
10.252,-200000,-6.1241948401402624e-08,3.7505763401143692e-15,2.8196812018512624e-15,-0.36082473397254944,-0.36082473397254944,0.28175997734069824,0
10.256,-200000,-6.2050141025338235e-08,3.8502200254799442e-15,2.8216340363111572e-15,-0.36082473397254944,-0.36082473397254944,0.13528168201446533,0
10.26,-200000,-6.2200136596857192e-08,3.868856867901907e-15,2.8466073204532925e-15,-0.36082473397254944,-0.36082473397254944,-0.09804217517375946,0
10.264,-200000,-6.1703929077339126e-08,3.8073749814254536e-15,2.8894123422010254e-15,-0.36082473397254944,-0.36082473397254944,-0.35984936356544495,0
10.268,-200000,-6.0579985472486442e-08,3.6699349918874972e-15,2.9444519078388994e-15,-0.36082473397254944,-0.36082473397254944,-0.55155259370803833,0
10.272,-200000,-5.8852872797388045e-08,3.4636606581326832e-15,3.0059606876114281e-15,-0.36082473397254944,-0.36082473397254944,-0.59871453046798706,0
10.276,-200000,-5.6552913463292498e-08,3.1982320844404707e-15,3.0682476789042467e-15,-0.36082473397254944,-0.36082473397254944,-0.50123149156570435,0
10.28,-200000,-5.3715773162821279e-08,2.8853844887785944e-15,3.1259253286563442e-15,-0.36082473397254944,-0.36082473397254944,-0.32325482368469238,0
10.284,-200000,-5.0381906646634889e-08,2.5383364555636679e-15,3.1741126095091677e-15,-0.36082473397254944,-0.36082473397254944,-0.1505461186170578,0
10.288,-200000,-4.6596095870654608e-08,2.171196165565159e-15,3.2086122614508354e-15,-0.36082473397254944,-0.36082473397254944,-0.054635923355817795,0
10.292,-200000,-4.2406860245591815e-08,1.7983417913044726e-15,3.2260513992853805e-15,-0.36082473397254944,-0.36082473397254944,-0.056616030633449554,0
10.296,-200000,-3.78658846500457e-08,1.433825185860084e-15,3.2239795566963965e-15,-0.36082473397254944,-0.36082473397254944,-0.1099499836564064,0
10.3,-200000,-3.3027411916464189e-08,1.0908098765070352e-15,3.2009296726192389e-15,-0.36082473397254944,-0.36082473397254944,-0.14682218432426453,0
10.304,-200000,-2.7947644198889066e-08,7.8107083882202294e-16,3.156429949702287e-15,-0.36082473397254944,-0.36082473397254944,-0.13737785816192627,0
10.308,-200000,-2.268407151007068e-08,5.1456716856150791e-16,3.0909807726591312e-15,-0.36082473397254944,-0.36082473397254944,-0.081920363008975983,0
10.312,-200000,-1.7294894405495143e-08,2.9911337993862152e-16,3.0059877926657402e-15,-0.36082473397254944,-0.36082473397254944,0.0043477341532707214,0
10.316,-200000,-1.1838390712171076e-08,1.4014749064918537e-16,2.9036634597803422e-15,-0.36082473397254944,-0.36082473397254944,0.076711691915988922,0
10.32,-200000,-6.37229069511136e-09,4.0606087820713765e-17,2.7868970033860215e-15,-0.36082473397254944,-0.36082473397254944,0.091534912586212158,0
10.324,-200000,-9.532126199474078e-10,9.086143725097653e-19,2.6591064131831861e-15,-0.36082473397254944,-0.36082473397254944,0.060723602771759033,0
10.328,-200000,4.363914563043636e-09,1.9043749108889829e-17,2.5240696678748269e-15,-0.36082473397254944,-0.36082473397254944,0.038248568773269653,0
10.332,-200000,9.5263814614554576e-09,9.0751943766883192e-17,2.3857546933023568e-15,-0.36082473397254944,-0.36082473397254944,0.043168079107999802,0
10.336,-200000,1.4484203170184173e-08,2.0979214099409985e-16,2.2481419090431606e-15,-0.36082473397254944,-0.36082473397254944,0.022973066195845604,0
10.34,-200000,1.9190565581084229e-08,3.6827780230711221e-16,2.115060539293538e-15,-0.36082473397254944,-0.36082473397254944,-0.08553633838891983,0
10.344,-200000,2.360226858399983e-08,5.5706715256911084e-16,1.9900317000152252e-15,-0.36082473397254944,-0.36082473397254944,-0.28006640076637268,0
10.348,-200000,2.7680069791813366e-08,7.6618619353771913e-16,1.8761379558615175e-15,-0.36082473397254944,-0.36082473397254944,-0.48141622543334961,0
10.352,-200000,3.1389038923634871e-08,9.8527179474063595e-16,1.7759101353996922e-15,-0.36082473397254944,-0.36082473397254944,-0.58265286684036255,0
10.356,-200000,3.4698786066655884e-08,1.2040056655122054e-15,1.6912452747942439e-15,-0.36082473397254944,-0.36082473397254944,-0.53463268280029297,0
10.36,-200000,3.758374234053008e-08,1.4125375538296889e-15,1.6233542076432724e-15,-0.36082473397254944,-0.36082473397254944,-0.39354094862937927,0
10.364,-200000,4.0023245162501553e-08,1.6018601113319841e-15,1.5727366833856579e-15,-0.36082473397254944,-0.36082473397254944,-0.26561817526817322,0
10.368,-200000,4.2001715883088764e-08,1.7641441066085011e-15,1.5391915316964274e-15,-0.36082473397254944,-0.36082473397254944,-0.21228592097759247,0
10.372,-200000,4.3508691760507645e-08,1.8930061934896132e-15,1.5218511790793558e-15,-0.36082473397254944,-0.36082473397254944,-0.20689758658409119,0
10.376,-200000,4.4538797538962172e-08,1.9837047874157092e-15,1.5192445410632991e-15,-0.36082473397254944,-0.36082473397254944,-0.16805712878704071,0
10.38,-200000,4.5091734790503324e-08,2.0332646851595583e-15,1.5293811961013281e-15,-0.36082473397254944,-0.36082473397254944,-0.033398829400539398,0
10.384,-200000,4.5172146911909294e-08,2.0405226987263436e-15,1.5498543000738198e-15,-0.36082473397254944,-0.36082473397254944,0.18355445563793182,0
10.388,-200000,4.4789487674279371e-08,2.0060982209587448e-15,1.5779557827692837e-15,-0.36082473397254944,-0.36082473397254944,0.39238253235816956,0
10.392,-200000,4.3957804507499532e-08,1.9322884052097155e-15,1.6107986382661219e-15,-0.36082473397254944,-0.36082473397254944,0.4968360960483551,0
10.396,-200000,4.2695500468425962e-08,1.8229057467748474e-15,1.6454433446000069e-15,-0.36082473397254944,-0.36082473397254944,0.47016438841819763,0
10.4,-200000,4.1025050023790754e-08,1.68305478383165e-15,1.6790195188709305e-15,-0.36082473397254944,-0.36082473397254944,0.35630673170089722,0
10.404,-200000,3.8972672200543457e-08,1.5188693054676654e-15,1.7088404784493206e-15,-0.36082473397254944,-0.36082473397254944,0.22392189502716064,0
10.408,-200000,3.6567996630765265e-08,1.3372183253686524e-15,1.7325050966879481e-15,-0.36082473397254944,-0.36082473397254944,0.11586378514766693,0
10.412,-200000,3.3843679858591713e-08,1.1453946913313521e-15,1.7479851531946125e-15,-0.36082473397254944,-0.36082473397254944,0.01817595586180687,0
10.416,-200000,3.0834961251002824e-08,9.5079480093030735e-16,1.7536907671273174e-15,-0.36082473397254944,-0.36082473397254944,-0.097327515482902527,0
10.42,-200000,2.7579309502812066e-08,7.606183812776206e-16,1.7485196309843299e-15,-0.36082473397254944,-0.36082473397254944,-0.20141589641571045,0
10.424,-200000,2.4115928809465004e-08,5.8157806260116375e-16,1.7318791393399272e-15,-0.36082473397254944,-0.36082473397254944,-0.24603986740112305,0
10.428,-200000,2.0485350304966232e-08,4.1964955646469747e-16,1.7036918945585538e-15,-0.36082473397254944,-0.36082473397254944,-0.24724456667900085,0
10.432,-200000,1.6728957774603259e-08,2.7985799170692632e-16,1.6643745309711405e-15,-0.36082473397254944,-0.36082473397254944,-0.24586288630962372,0
10.436,-200000,1.2888565770197147e-08,1.6611512529694826e-16,1.6148022453704378e-15,-0.36082473397254944,-0.36082473397254944,-0.23286819458007812,0
10.44,-200000,9.0059497637184904e-09,8.1107130321078196e-17,1.556253104594734e-15,-0.36082473397254944,-0.36082473397254944,-0.18611609935760498,0
10.444,-200000,5.1224353647683074e-09,2.6239343626651863e-17,1.4903375300349964e-15,-0.36082473397254944,-0.36082473397254944,-0.11640124022960663,0
10.448,-200000,1.2784594494164025e-09,1.634458432387417e-18,1.4189204764828421e-15,-0.36082473397254944,-0.36082473397254944,-0.033422760665416718,0
10.452,-200000,-2.4868138659428496e-09,6.1842429690046878e-18,1.3440325995501949e-15,-0.36082473397254944,-0.36082473397254944,0.057139575481414795,0
10.456,-200000,-6.135883356961358e-09,3.7649069332069401e-17,1.2677811054515866e-15,-0.36082473397254944,-0.36082473397254944,0.14232902228832245,0
10.46,-200000,-9.6332586352332328e-09,9.2799679004094965e-17,1.1922601772699853e-15,-0.36082473397254944,-0.36082473397254944,0.23317272961139679,0
10.464,-200000,-1.2945792882135265e-08,1.6759355513193164e-16,1.1194644717170562e-15,-0.36082473397254944,-0.36082473397254944,0.33442705869674683,0
10.468,-200000,-1.6042969619434189e-08,2.5737683731429073e-16,1.0512133096843832e-15,-0.36082473397254944,-0.36082473397254944,0.40336284041404724,0
10.472,-200000,-1.889716472192049e-08,3.5710287016420662e-16,9.8908206657474101e-16,-0.36082473397254944,-0.36082473397254944,0.39330649375915527,0
10.476,-200000,-2.148387956424358e-08,4.6155704092569602e-16,9.3434849158906264e-16,-0.36082473397254944,-0.36082473397254944,0.28794613480567932,0
10.48,-200000,-2.3781916880238896e-08,5.6557956899122054e-16,8.8795252660100435e-16,-0.36082473397254944,-0.36082473397254944,0.1019936203956604,0
10.484,-200000,-2.5773536194151347e-08,6.6427515979102197e-16,8.5047131868500156e-16,-0.36082473397254944,-0.36082473397254944,-0.11544780433177948,0
10.488,-200000,-2.7444571060186718e-08,7.5320446070898132e-16,8.2211143800106591e-16,-0.36082473397254944,-0.36082473397254944,-0.30690041184425354,0
10.492,-200000,-2.8784489458644202e-08,8.2854677081783045e-16,8.0271560111880411e-16,-0.36082473397254944,-0.36082473397254944,-0.42781344056129456,0
10.496,-200000,-2.978642577033952e-08,8.8723117216729891e-16,7.917836880224217e-16,-0.36082473397254944,-0.36082473397254944,-0.44336643815040588,0
10.5,-200000,-3.0447175447534391e-08,9.270304445621407e-16,7.8850805279671171e-16,-0.36082473397254944,-0.36082473397254944,-0.35189908742904663,0
10.504,-200000,-3.0767171921297631e-08,9.4661892850034365e-16,7.9181899870841036e-16,-0.36082473397254944,-0.36082473397254944,-0.20586967468261719,0
10.508,-200000,-3.0750356927455869e-08,9.4558438363439093e-16,8.0043935889173579e-16,-0.36082473397254944,-0.36082473397254944,-0.088707968592643738,0
10.512,-200000,-3.0404113005033651e-08,9.2441004226069112e-16,8.129452709623535e-16,-0.36082473397254944,-0.36082473397254944,-0.056575685739517212,0
10.516,-200000,-2.9739084084212664e-08,8.8441319943090226e-16,8.2783060446092694e-16,-0.36082473397254944,-0.36082473397254944,-0.089374899864196777,0
10.52,-200000,-2.8769008508788829e-08,8.2765579803643734e-16,8.4357170593402325e-16,-0.36082473397254944,-0.36082473397254944,-0.11399316787719727,0
10.524,-200000,-2.7510500544281058e-08,7.5682764414086159e-16,8.5869007937221004e-16,-0.36082473397254944,-0.36082473397254944,-0.057648122310638428,0
10.528,-200000,-2.5982823004255806e-08,6.7510712299962837e-16,8.71811360879008e-16,-0.36082473397254944,-0.36082473397254944,0.11377070844173431,0
10.532,-200000,-2.4207633231299042e-08,5.8600947428340223e-16,8.8171640534552218e-16,-0.36082473397254944,-0.36082473397254944,0.35118040442466736,0
10.536,-200000,-2.2208705985349297e-08,4.9322659697190944e-16,8.8738506746590317e-16,-0.36082473397254944,-0.36082473397254944,0.53310203552246094,0
10.54,-200000,-2.0011631463034973e-08,4.0046539840991045e-16,8.8802891838493485e-16,-0.36082473397254944,-0.36082473397254944,0.55712497234344482,0
10.544,-200000,-1.7643520422438996e-08,3.1129384606903637e-16,8.8311342737334053e-16,-0.36082473397254944,-0.36082473397254944,0.40610170364379883,0
10.548,-200000,-1.5132684438867727e-08,2.2899811014727867e-16,8.7236966147036699e-16,-0.36082473397254944,-0.36082473397254944,0.1345926970243454,0
10.552,-200000,-1.2508333036009844e-08,1.564583938328776e-16,8.5579338551127794e-16,-0.36082473397254944,-0.36082473397254944,-0.16111584007740021,0
10.556,-200000,-9.8002157500332032e-09,9.6044218856217861e-17,8.3363415657815819e-16,-0.36082473397254944,-0.36082473397254944,-0.36238002777099609,0
10.56,-200000,-7.0383401329365824e-09,4.9538235537967574e-17,8.0637425405535065e-16,-0.36082473397254944,-0.36082473397254944,-0.38772368431091309,0
10.564,-200000,-4.2526293597688891e-09,1.8084854873038757e-17,7.7469871583894724e-16,-0.36082473397254944,-0.36082473397254944,-0.25145316123962402,0
10.568,-200000,-1.472625354992374e-09,2.1686254089897137e-18,7.3945918061785296e-16,-0.36082473397254944,-0.36082473397254944,-0.040168516337871552,0
10.572,-200000,1.2728182952059797e-09,1.6200663169096068e-18,7.0163143034730475e-16,-0.36082473397254944,-0.36082473397254944,0.15410017967224121,0
10.576,-200000,3.9558143427598225e-09,1.5648467170657719e-17,6.6227033868398945e-16,-0.36082473397254944,-0.36082473397254944,0.27471432089805603,0
10.58,-200000,6.5497176571227556e-09,4.2898797559416793e-17,6.2246307241570794e-16,-0.36082473397254944,-0.36082473397254944,0.29772019386291504,0
10.584,-200000,9.0293683641107236e-09,8.1529495359292673e-17,5.8328313992398666e-16,-0.36082473397254944,-0.36082473397254944,0.21746751666069031,0
10.588,-200000,1.1371325214781791e-08,1.2930703064132682e-16,5.4574729838288596e-16,-0.36082473397254944,-0.36082473397254944,0.05984216183423996,0
10.592,-200000,1.355407874825687e-08,1.8371305533932401e-16,5.1077584908959766e-16,-0.36082473397254944,-0.36082473397254944,-0.10448452085256577,0
10.596,-200000,1.5558223154243933e-08,2.4205829940275592e-16,4.7915880908611401e-16,-0.36082473397254944,-0.36082473397254944,-0.18389129638671875,0
10.6,-200000,1.7366616589242767e-08,3.0159936869925369e-16,4.5152981195654041e-16,-0.36082473397254944,-0.36082473397254944,-0.11147777736186981,0
10.604,-200000,1.8964513515129511e-08,3.5965280991235649e-16,4.2834540845944694e-16,-0.36082473397254944,-0.36082473397254944,0.097888275980949402,0
10.608,-200000,2.0339674833280696e-08,4.1370240579312702e-16,4.0987514036051767e-16,-0.36082473397254944,-0.36082473397254944,0.31634959578514099,0
10.612,-200000,2.1482415846207914e-08,4.6149420166892159e-16,3.9619706703979802e-16,-0.36082473397254944,-0.36082473397254944,0.38964176177978516,0
10.616,-200000,2.2385682640901905e-08,5.0111882645795139e-16,3.8720353590364787e-16,-0.36082473397254944,-0.36082473397254944,0.28477907180786133,0
10.62,-200000,2.3045046759762045e-08,5.3107425251671813e-16,3.8261269673886837e-16,-0.36082473397254944,-0.36082473397254944,0.097278498113155365,0
10.624,-200000,2.3458715858737378e-08,5.5031127072136974e-16,3.8198737466555788e-16,-0.36082473397254944,-0.36082473397254944,-0.067437507212162018,0
10.628,-200000,2.3627478640264599e-08,5.5825771031603596e-16,3.847595546832436e-16,-0.36082473397254944,-0.36082473397254944,-0.14513345062732697,0
10.632,-200000,2.3554648009849188e-08,5.5482140352814367e-16,3.9025878374439413e-16,-0.36082473397254944,-0.36082473397254944,-0.10117778927087784,0
10.636,-200000,2.3245974034580286e-08,5.4037525661272158e-16,3.9774396095972118e-16,-0.36082473397254944,-0.36082473397254944,0.042644433677196503,0
10.64,-200000,2.2709537361720322e-08,5.1572310383671402e-16,4.0643634541334282e-16,-0.36082473397254944,-0.36082473397254944,0.20814304053783417,0
10.644,-200000,2.1955605333801032e-08,4.8204856786479046e-16,4.1555245809882842e-16,-0.36082473397254944,-0.36082473397254944,0.3222101628780365,0
10.648,-200000,2.0996475669221581e-08,4.4085198227455469e-16,4.2433682503656596e-16,-0.36082473397254944,-0.36082473397254944,0.34500288963317871,0
10.652,-200000,1.9846334353701423e-08,3.9387701732748889e-16,4.3209069698462983e-16,-0.36082473397254944,-0.36082473397254944,0.26379099488258362,0
10.656,-200000,1.8521030042961684e-08,3.4302857071262917e-16,4.3819825452058657e-16,-0.36082473397254944,-0.36082473397254944,0.10273536294698715,0
10.66,-200000,1.7037899979754911e-08,2.9028999654575108e-16,4.4214810150253138e-16,-0.36082473397254944,-0.36082473397254944,-0.079067684710025787,0
10.664,-200000,1.5415547949260144e-08,2.3763911675869342e-16,4.4354901458795119e-16,-0.36082473397254944,-0.36082473397254944,-0.22106015682220459,0
10.668,-200000,1.3673625787191668e-08,1.8696805737183447e-16,4.4214082231314091e-16,-0.36082473397254944,-0.36082473397254944,-0.2948850691318512,0
10.672,-200000,1.1832609558837248e-08,1.400106683584242e-16,4.3779901083485417e-16,-0.36082473397254944,-0.36082473397254944,-0.29929757118225098,0
10.676,-200000,9.913568632669012e-09,9.8278837354862515e-17,4.305334269111028e-16,-0.36082473397254944,-0.36082473397254944,-0.22716636955738068,0
10.68,-200000,7.9379303130622247e-09,6.3010728006688199e-17,4.2048205750295044e-16,-0.36082473397254944,-0.36082473397254944,-0.068357981741428375,0
10.684,-200000,5.9272502461737986e-09,3.5132296217760459e-17,4.078992242528102e-16,-0.36082473397254944,-0.36082473397254944,0.14011558890342712,0
10.688,-200000,3.9029957044078856e-09,1.5233376358750034e-17,3.9313975455624282e-16,-0.36082473397254944,-0.36082473397254944,0.29891699552536011,0
10.692,-200000,1.8863108852684718e-09,3.5581691036851331e-18,3.7663997626020268e-16,-0.36082473397254944,-0.36082473397254944,0.3105010986328125,0
10.696,-200000,-1.0218531576455803e-10,1.0441839337761419e-20,3.5889561539707035e-16,-0.36082473397254944,-0.36082473397254944,0.16131365299224854,0
10.7,-200000,-2.0426085267644112e-09,4.1722493788807184e-18,3.4043842336926432e-16,-0.36082473397254944,-0.36082473397254944,-0.051324896514415741,0
10.704,-200000,-3.9159964160262462e-09,1.5335028584226675e-17,3.218127247245139e-16,-0.36082473397254944,-0.36082473397254944,-0.18933065235614777,0
10.708,-200000,-5.7044879930856496e-09,3.2541179418717702e-17,3.0355191199157286e-16,-0.36082473397254944,-0.36082473397254944,-0.18595592677593231,0
10.712,-200000,-7.3914812048769818e-09,5.4633995674816796e-17,2.8615631694447249e-16,-0.36082473397254944,-0.36082473397254944,-0.069542393088340759,0
10.716,-200000,-8.961784203620482e-09,8.0313579563509125e-17,2.7007433764966553e-16,-0.36082473397254944,-0.36082473397254944,0.094969533383846283,0
10.72,-200000,-1.0401741690202471e-08,1.0819622997356088e-16,2.5568515369994629e-16,-0.36082473397254944,-0.36082473397254944,0.2493865042924881,0
10.724,-200000,-1.1699339275139664e-08,1.3687455534099475e-16,2.4328607365980102e-16,-0.36082473397254944,-0.36082473397254944,0.35553282499313354,0
10.728,-200000,-1.2844294516867194e-08,1.6497590568756063e-16,2.3308348240078417e-16,-0.36082473397254944,-0.36082473397254944,0.39246702194213867,0
10.732,-200000,-1.38281377459748e-08,1.9121740990997248e-16,2.251876530247164e-16,-0.36082473397254944,-0.36082473397254944,0.34560680389404297,0
10.736,-200000,-1.464424048691626e-08,2.1445377358442409e-16,2.1961220423320278e-16,-0.36082473397254944,-0.36082473397254944,0.23050355911254883,0
10.74,-200000,-1.5287863419644054e-08,2.337187571112249e-16,2.1627723699651558e-16,-0.36082473397254944,-0.36082473397254944,0.12398611009120941,0
10.744,-200000,-1.5756162596858303e-08,2.4825662181296687e-16,2.1501652109875616e-16,-0.36082473397254944,-0.36082473397254944,0.089786514639854431,0
10.748,-200000,-1.6048158357762077e-08,2.5754341163732421e-16,2.1558742130520556e-16,-0.36082473397254944,-0.36082473397254944,0.082255780696868896,0
10.752,-200000,-1.6164744209845594e-08,2.6129894396721297e-16,2.1768422489635398e-16,-0.36082473397254944,-0.36082473397254944,0.020998427644371986,0
10.756,-200000,-1.6108597122865831e-08,2.5948692873479921e-16,2.2095307062359613e-16,-0.36082473397254944,-0.36082473397254944,-0.072643861174583435,0
10.76,-200000,-1.5884136672639215e-08,2.5230583634753645e-16,2.2500845261681291e-16,-0.36082473397254944,-0.36082473397254944,-0.095815181732177734,0
10.764,-200000,-1.5497434446842817e-08,2.4017047472156289e-16,2.2945013457353685e-16,-0.36082473397254944,-0.36082473397254944,-0.0044153816998004913,0
10.768,-200000,-1.4956114569031342e-08,2.2368538715320169e-16,2.3388048746459127e-16,-0.36082473397254944,-0.36082473397254944,0.11444977670907974,0
10.772,-200000,-1.4269249781762028e-08,2.0361147392688322e-16,2.3792027875762264e-16,-0.36082473397254944,-0.36082473397254944,0.12831993401050568,0
10.776,-200000,-1.344721756169065e-08,1.8082766407428183e-16,2.4122389254037163e-16,-0.36082473397254944,-0.36082473397254944,-0.0068984418176114559,0
10.78,-200000,-1.2501585544555383e-08,1.5628962251813718e-16,2.4349169090774701e-16,-0.36082473397254944,-0.36082473397254944,-0.21376681327819824,0
10.784,-200000,-1.1444957870310191e-08,1.3098705431775672e-16,2.4448089304124202e-16,-0.36082473397254944,-0.36082473397254944,-0.37258037924766541,0
10.788,-200000,-1.0290809981938764e-08,1.0590077068650173e-16,2.4401274851920641e-16,-0.36082473397254944,-0.36082473397254944,-0.40863242745399475,0
10.792,-200000,-9.0533562868699846e-09,8.196326887251548e-17,2.4197775186342795e-16,-0.36082473397254944,-0.36082473397254944,-0.30547690391540527,0
10.796,-200000,-7.7473574222608477e-09,6.0021548735827773e-17,2.3833699249789216e-16,-0.36082473397254944,-0.36082473397254944,-0.086040101945400238,0
10.8,-200000,-6.3879781464493135e-09,4.0806262220229148e-17,2.3312117536693699e-16,-0.36082473397254944,-0.36082473397254944,0.18725626170635223,0
10.804,-200000,-4.9906119237164148e-09,2.49062064119022e-17,2.26426226951839e-16,-0.36082473397254944,-0.36082473397254944,0.41209015250205994,0
10.808,-200000,-3.5707112822080944e-09,1.2749979154976994e-17,2.1840716751683552e-16,-0.36082473397254944,-0.36082473397254944,0.482839435338974,0
10.812,-200000,-2.1436374897376709e-09,4.5951822765857124e-18,2.0926919079339892e-16,-0.36082473397254944,-0.36082473397254944,0.35814151167869568,0
10.816,-200000,-7.2449279908681774e-10,5.248898358397848e-19,1.9925730106152249e-16,-0.36082473397254944,-0.36082473397254944,0.098886825144290924,0
10.82,-200000,6.720248246772087e-10,4.5161734999922506e-19,1.8864486497004277e-16,-0.36082473397254944,-0.36082473397254944,-0.16695503890514374,0
10.824,-200000,2.0317685311965761e-09,4.1280833108443683e-18,1.7772117074022669e-16,-0.36082473397254944,-0.36082473397254944,-0.33923420310020447,0
10.828,-200000,3.3412770328311581e-09,1.1164132472828094e-17,1.6677930500671404e-16,-0.36082473397254944,-0.36082473397254944,-0.39975747466087341,0
10.832,-200000,4.5878998378157121e-09,2.1048826641912242e-17,1.5610387083978228e-16,-0.36082473397254944,-0.36082473397254944,-0.36640113592147827,0
10.836,-200000,5.7599129910101965e-09,3.3176596404223786e-17,1.4595987043791378e-16,-0.36082473397254944,-0.36082473397254944,-0.25201123952865601,0
10.84,-200000,6.8466157188140642e-09,4.6876146642367767e-17,1.3658296424890246e-16,-0.36082473397254944,-0.36082473397254944,-0.091870211064815521,0
10.844,-200000,7.8384276847032197e-09,6.1440950962299366e-17,1.2817080211703418e-16,-0.36082473397254944,-0.36082473397254944,0.029492989182472229,0
10.848,-200000,8.7269569348791265e-09,7.6159782929733239e-17,1.20876961703558e-16,-0.36082473397254944,-0.36082473397254944,0.029456457123160362,0
10.852,-200000,9.5050705084531728e-09,9.0346367186381092e-17,1.1480635597992524e-16,-0.36082473397254944,-0.36082473397254944,-0.069352112710475922,0
10.856,-200000,1.0166933073207929e-08,1.0336653413510057e-16,1.1001309579308666e-16,-0.36082473397254944,-0.36082473397254944,-0.14135682582855225,0
10.86,-200000,1.0708039788198676e-08,1.1466210891598579e-16,1.0650054280505168e-16,-0.36082473397254944,-0.36082473397254944,-0.097689151763916016,0
10.864,-200000,1.1125247389998094e-08,1.2377114093542794e-16,1.0422318884724009e-16,-0.36082473397254944,-0.36082473397254944,0.03070184588432312,0
10.868,-200000,1.141676175819839e-08,1.303424490100064e-16,1.0309066609209168e-16,-0.36082473397254944,-0.36082473397254944,0.15108799934387207,0
10.872,-200000,1.1582137915411295e-08,1.3414591811075383e-16,1.0297337188123167e-16,-0.36082473397254944,-0.36082473397254944,0.20666082203388214,0
10.876,-200000,1.1622250717380211e-08,1.350767279104475e-16,1.0370932439838744e-16,-0.36082473397254944,-0.36082473397254944,0.215365931391716,0
10.88,-200000,1.1539261990378691e-08,1.3315457192511108e-16,1.0511221609983248e-16,-0.36082473397254944,-0.36082473397254944,0.21732978522777557,0
10.884,-200000,1.1336569905040506e-08,1.2851783416250223e-16,1.0697992374852821e-16,-0.36082473397254944,-0.36082473397254944,0.22198411822319031,0
10.888,-200000,1.1018739698442914e-08,1.2141261739846774e-16,1.0910349490429885e-16,-0.36082473397254944,-0.36082473397254944,0.22486007213592529,0
10.892,-200000,1.0591446830687801e-08,1.1217875389842399e-16,1.1127592265576931e-16,-0.36082473397254944,-0.36082473397254944,0.22509784996509552,0
10.896,-200000,1.0061375732561828e-08,1.0123127657163579e-16,1.1330033139970709e-16,-0.36082473397254944,-0.36082473397254944,0.22315697371959686,0
10.9,-200000,9.4361469749060234e-09,8.9040877656425401e-17,1.149977060166659e-16,-0.36082473397254944,-0.36082473397254944,0.20935527980327606,0
10.904,-200000,8.7242053581348955e-09,7.6111766749535761e-17,1.1621323800064523e-16,-0.36082473397254944,-0.36082473397254944,0.1394851952791214,0
10.908,-200000,7.9347186598965891e-09,6.2959767063510032e-17,1.1682159294523103e-16,-0.36082473397254944,-0.36082473397254944,-0.039460640400648117,0
10.912,-200000,7.0774697213948912e-09,5.0090580428916183e-17,1.16730748661638e-16,-0.36082473397254944,-0.36082473397254944,-0.31241497397422791,0
10.916,-200000,6.1627374314809913e-09,3.7979332772159773e-17,1.1588405982151852e-16,-0.36082473397254944,-0.36082473397254944,-0.57759904861450195,0
10.92,-200000,5.2011821516373402e-09,2.7052295078307754e-17,1.1426118439924869e-16,-0.36082473397254944,-0.36082473397254944,-0.71900928020477295,0
10.924,-200000,4.2037258118909904e-09,1.7671312543237771e-17,1.1187713075986265e-16,-0.36082473397254944,-0.36082473397254944,-0.68432825803756714,0
10.928,-200000,3.1814337830837758e-09,1.0121520941541756e-17,1.0878002758012121e-16,-0.36082473397254944,-0.36082473397254944,-0.49604550004005432,0
10.932,-200000,2.145396305053282e-09,4.6027253365915835e-18,1.0504773571672275e-16,-0.36082473397254944,-0.36082473397254944,-0.22317881882190704,0
10.936,-200000,1.1066120242375632e-09,1.224590128674662e-18,1.0078314320297906e-16,-0.36082473397254944,-0.36082473397254944,0.026116719469428062,0
10.94,-200000,7.5876749328074311e-11,5.7572816726359922e-21,9.6108891145229707e-17,-0.36082473397254944,-0.36082473397254944,0.15061561763286591,0
10.944,-200000,-9.3632424036371731e-10,8.7670308864596489e-19,9.1161285673533633e-17,-0.36082473397254944,-0.36082473397254944,0.16273269057273865,0
10.948,-200000,-1.9199195566699245e-09,3.6860909310552337e-18,8.6084150335356656e-17,-0.36082473397254944,-0.36082473397254944,0.18798057734966278,0
10.952,-200000,-2.8653459605010312e-09,8.2102084668552904e-18,8.1022374086793563e-17,-0.36082473397254944,-0.36082473397254944,0.31263893842697144,0
10.956,-200000,-3.7636396221785162e-09,1.4164981607770418e-17,7.6115935739823028e-17,-0.36082473397254944,-0.36082473397254944,0.48518151044845581,0
10.96,-200000,-4.6065116166005282e-09,2.1219948803953537e-17,7.1494219577138146e-17,-0.36082473397254944,-0.36082473397254944,0.58843535184860229,0
10.964,-200000,-5.3864268600989362e-09,2.9013594904591411e-17,6.7271078738250715e-17,-0.36082473397254944,-0.36082473397254944,0.55214327573776245,0
10.968,-200000,-6.0966578452337217e-09,3.7169235093617191e-17,6.3540745638542776e-17,-0.36082473397254944,-0.36082473397254944,0.3892616331577301,0
10.972,-200000,-6.7313443707917031e-09,4.531099519196433e-17,6.0374741622498115e-17,-0.36082473397254944,-0.36082473397254944,0.17299804091453552,0
10.976,-200000,-7.2855335098154228e-09,5.307899538489061e-17,5.7819772616223925e-17,-0.36082473397254944,-0.36082473397254944,-0.016597863286733627,0
10.98,-200000,-7.7552089194909968e-09,6.0143256782436375e-17,5.5896849007279053e-17,-0.36082473397254944,-0.36082473397254944,-0.1305207759141922,0
10.984,-200000,-8.1373174865007059e-09,6.6215933766322973e-17,5.4601421302294457e-17,-0.36082473397254944,-0.36082473397254944,-0.1429746150970459,0
10.988,-200000,-8.4297768765395631e-09,7.1061140895629883e-17,5.3904630824059389e-17,-0.36082473397254944,-0.36082473397254944,-0.052459478378295898,0
10.992,-200000,-8.6314786429397827e-09,7.4502424002087292e-17,5.3755410750277273e-17,-0.36082473397254944,-0.36082473397254944,0.092141628265380859,0
10.996,-200000,-8.7422762362621143e-09,7.6427392401506395e-17,5.4083523520775007e-17,-0.36082473397254944,-0.36082473397254944,0.21233360469341278,0
11,-200000,-8.7629725697979666e-09,7.6789697509804621e-17,5.4803200432198193e-17,-0.36082473397254944,-0.36082473397254944,0.25679463148117065,0
11.004,-200000,-8.6952853806110397e-09,7.5607993904156266e-17,5.5817234527682049e-17,-0.36082473397254944,-0.36082473397254944,0.21649524569511414,0
11.008,-200000,-8.5418063733300187e-09,7.2962451929529969e-17,5.7021483768106149e-17,-0.36082473397254944,-0.36082473397254944,0.11227854341268539,0
11.012,-200000,-8.3059656930117853e-09,6.8989066696074349e-17,5.830935765973691e-17,-0.36082473397254944,-0.36082473397254944,-0.023776406422257423,0
11.016,-200000,-7.9919759699009774e-09,6.3871670823123191e-17,5.9576293955702729e-17,-0.36082473397254944,-0.36082473397254944,-0.17541313171386719,0
11.02,-200000,-7.6047639296916714e-09,5.7832431788318436e-17,6.0723917720113899e-17,-0.36082473397254944,-0.36082473397254944,-0.32717490196228027,0
11.024,-200000,-7.1499131060193122e-09,5.1121260707047056e-17,6.166377356698645e-17,-0.36082473397254944,-0.36082473397254944,-0.43710318207740784,0
11.028,-200000,-6.6335879012058285e-09,4.4004489884216425e-17,6.2320588060578056e-17,-0.36082473397254944,-0.36082473397254944,-0.47163262963294983,0
11.032,-200000,-6.0624572029155388e-09,3.6753388238629632e-17,6.2634678465331792e-17,-0.36082473397254944,-0.36082473397254944,-0.42789283394813538,0
11.036,-200000,-5.4436184449002667e-09,2.9632981129826217e-17,6.2563799013003348e-17,-0.36082473397254944,-0.36082473397254944,-0.30519813299179077,0
11.04,-200000,-4.7845056805329023e-09,2.2891493879104769e-17,6.2084107049616496e-17,-0.36082473397254944,-0.36082473397254944,-0.12349377572536469,0
11.044,-200000,-4.0928163080877766e-09,1.6751145249305208e-17,6.1190315236695798e-17,-0.36082473397254944,-0.36082473397254944,0.046475302428007126,0
11.048,-200000,-3.3764173679173837e-09,1.1400194103219089e-17,5.9895115833560268e-17,-0.36082473397254944,-0.36082473397254944,0.13403706252574921,0
11.052,-200000,-2.6432651623053971e-09,6.9868505271006027e-18,5.8227936617682091e-17,-0.36082473397254944,-0.36082473397254944,0.12176333367824554,0
11.056,-200000,-1.90131776989233e-09,3.615009646657327e-18,5.6232896094212396e-17,-0.36082473397254944,-0.36082473397254944,0.025560235604643822,0
11.06,-200000,-1.1584534442832251e-09,1.3420143102884287e-18,5.3966497316433455e-17,-0.36082473397254944,-0.36082473397254944,-0.12769408524036407,0
11.064,-200000,-4.2239051145642748e-10,1.7841373329155584e-19,5.1494643418108593e-17,-0.36082473397254944,-0.36082473397254944,-0.28242248296737671,0
11.068,-200000,2.9938868051360146e-10,8.963358198193018e-20,4.8889586971383092e-17,-0.36082473397254944,-0.36082473397254944,-0.36483615636825562,0
11.072,-200000,9.9971175782087585e-10,9.9942360432433207e-19,4.622665766028093e-17,-0.36082473397254944,-0.36082473397254944,-0.33076232671737671,0
11.076,-200000,1.6717830453316651e-09,2.794858621744928e-18,4.3581019732703578e-17,-0.36082473397254944,-0.36082473397254944,-0.19213680922985077,0
11.08,-200000,2.3092467937857464e-09,5.3326208237119433e-18,4.1024578344939043e-17,-0.36082473397254944,-0.36082473397254944,-0.015115472488105297,0
11.084,-200000,2.9062430240145432e-09,8.4462485905503596e-18,3.8623150603966946e-17,-0.36082473397254944,-0.36082473397254944,0.12212779372930527,0
11.088,-200000,3.4574589857783167e-09,1.1954022129006006e-17,3.6433977408175956e-17,-0.36082473397254944,-0.36082473397254944,0.19421827793121338,0
11.092,-200000,3.9581706801072869e-09,1.5667115130387114e-17,3.4503744831338565e-17,-0.36082473397254944,-0.36082473397254944,0.22868506610393524,0
11.096,-200000,4.4042827163082165e-09,1.9397707964807395e-17,3.2867068727728894e-17,-0.36082473397254944,-0.36082473397254944,0.23874692618846893,0
11.1,-200000,4.7923536250493726e-09,2.2966654818283787e-17,3.1545588142171328e-17,-0.36082473397254944,-0.36082473397254944,0.18893711268901825,0
11.104,-200000,5.1196189509994383e-09,2.6210499838692139e-17,3.0547564954624048e-17,-0.36082473397254944,-0.36082473397254944,0.049448002129793167,0
11.108,-200000,5.3840061298160435e-09,2.8987522171683739e-17,2.9868118799472991e-17,-0.36082473397254944,-0.36082473397254944,-0.13506738841533661,0
11.112,-200000,5.5841433699299614e-09,3.1182660994052462e-17,2.9489954984470899e-17,-0.36082473397254944,-0.36082473397254944,-0.27810788154602051,0
11.116,-200000,5.7193525471177509e-09,3.2710992981029938e-17,2.9384595335488794e-17,-0.36082473397254944,-0.36082473397254944,-0.34341415762901306,0
11.12,-200000,5.7896478722341271e-09,3.3520021942221102e-17,2.9513946530957387e-17,-0.36082473397254944,-0.36082473397254944,-0.35435938835144043,0
11.124,-200000,5.7957194599111972e-09,3.3590362072790161e-17,2.9832331657451497e-17,-0.36082473397254944,-0.36082473397254944,-0.33990964293479919,0
11.128,-200000,5.7389080154734984e-09,3.2935066282803203e-17,3.0288594557168397e-17,-0.36082473397254944,-0.36082473397254944,-0.31751275062561035,0
11.132,-200000,5.6211808541206665e-09,3.1597674050982567e-17,3.0828498651704208e-17,-0.36082473397254944,-0.36082473397254944,-0.29199829697608948,0
11.136,-200000,5.4450977060582773e-09,2.96490846819914e-17,3.1396986799487402e-17,-0.36082473397254944,-0.36082473397254944,-0.24543511867523193,0
11.14,-200000,5.2137707484689599e-09,2.7183404859758634e-17,3.1940543723608247e-17,-0.36082473397254944,-0.36082473397254944,-0.15968045592308044,0
11.144,-200000,4.9308197525022024e-09,2.4312982255081221e-17,3.2409270580795096e-17,-0.36082473397254944,-0.36082473397254944,-0.054377268999814987,0
11.148,-200000,4.600325009818107e-09,2.1162990801334361e-17,3.2758804020435503e-17,-0.36082473397254944,-0.36082473397254944,0.026982765644788742,0
11.152,-200000,4.2267735977929988e-09,1.7865615614765253e-17,3.2951910988797233e-17,-0.36082473397254944,-0.36082473397254944,0.06520235538482666,0
11.156,-200000,3.8150069769926631e-09,1.4554275965095024e-17,3.2959703030167482e-17,-0.36082473397254944,-0.36082473397254944,0.065820634365081787,0
11.16,-200000,3.3701592627721766e-09,1.1357973150393158e-17,3.2762460158742987e-17,-0.36082473397254944,-0.36082473397254944,0.027742594480514526,0
11.164,-200000,2.8975999377678363e-09,8.3960858766633064e-18,3.2350110623385303e-17,-0.36082473397254944,-0.36082473397254944,-0.040253520011901855,0
11.168,-200000,2.4028725675862006e-09,5.773796776236488e-18,3.17221978203963e-17,-0.36082473397254944,-0.36082473397254944,-0.094815529882907867,0
11.172,-200000,1.8916346267161543e-09,3.57828200027936e-18,3.0887549421273143e-17,-0.36082473397254944,-0.36082473397254944,-0.095228038728237152,0
11.176,-200000,1.369592217415061e-09,1.8757825858354749e-18,2.9863479970597794e-17,-0.36082473397254944,-0.36082473397254944,-0.041435115039348602,0
11.18,-200000,8.4244611286976578e-10,7.097154338001513e-19,2.8674811504191743e-17,-0.36082473397254944,-0.36082473397254944,0.038937240839004517,0
11.184,-200000,3.1582655934947468e-10,9.9746420732365002e-20,2.7352488848770598e-17,-0.36082473397254944,-0.36082473397254944,0.10940714925527573,0
11.188,-200000,-2.047601671550936e-10,4.192672532828138e-20,2.5932103931731292e-17,-0.36082473397254944,-0.36082473397254944,0.13964350521564484,0
11.192,-200000,-7.1398770229436082e-10,5.0977843512057153e-19,2.4452249691733099e-17,-0.36082473397254944,-0.36082473397254944,0.14127616584300995,0
11.196,-200000,-1.2067605803522952e-09,1.4562711139391534e-18,2.2952827667164351e-17,-0.36082473397254944,-0.36082473397254944,0.15551316738128662,0
11.2,-200000,-1.6782626399702849e-09,2.8165654953795446e-18,2.1473365510776508e-17,-0.36082473397254944,-0.36082473397254944,0.16710913181304932,0
11.204,-200000,-2.1240016412349405e-09,4.5113826766794966e-18,2.0051432111630503e-17,-0.36082473397254944,-0.36082473397254944,0.11188209056854248,0
11.208,-200000,-2.5398467773385391e-09,6.4508221873249085e-18,1.8721198300830901e-17,-0.36082473397254944,-0.36082473397254944,0.00083104410441592336,0
11.212,-200000,-2.9220674768737354e-09,8.5384784016694097e-18,1.7512189463162171e-17,-0.36082473397254944,-0.36082473397254944,-0.065630540251731873,0
11.216,-200000,-3.2673614924760841e-09,1.0675650888252254e-17,1.6448268104935241e-17,-0.36082473397254944,-0.36082473397254944,-0.022910306230187416,0
11.22,-200000,-3.5728795477751873e-09,1.276546811194705e-17,1.5546927441744384e-17,-0.36082473397254944,-0.36082473397254944,0.094573915004730225,0
11.224,-200000,-3.8362464316321621e-09,1.4716787176959642e-17,1.4818838103491534e-17,-0.36082473397254944,-0.36082473397254944,0.20862109959125519,0
11.228,-200000,-4.0555754310389602e-09,1.644769404159013e-17,1.4267700896237253e-17,-0.36082473397254944,-0.36082473397254944,0.26130858063697815,0
11.232,-200000,-4.2294785451701955e-09,1.7888488813063569e-17,1.3890405620878341e-17,-0.36082473397254944,-0.36082473397254944,0.22727112472057343,0
11.236,-200000,-4.3570680396953776e-09,1.8984041557914526e-17,1.3677424811119412e-17,-0.36082473397254944,-0.36082473397254944,0.10672060400247574,0
11.24,-200000,-4.4379553365558877e-09,1.9695448317573407e-17,1.361350525646499e-17,-0.36082473397254944,-0.36082473397254944,-0.061361562460660934,0
11.244,-200000,-4.4722474612512997e-09,2.0000997255321919e-17,1.3678501800276956e-17,-0.36082473397254944,-0.36082473397254944,-0.19496245682239532,0
11.248,-200000,-4.4605328319846649e-09,1.9896353944750286e-17,1.3848424550430049e-17,-0.36082473397254944,-0.36082473397254944,-0.20843116939067841,0
11.252,-200000,-4.4038643842725378e-09,1.9394020393636633e-17,1.4096568808028607e-17,-0.36082473397254944,-0.36082473397254944,-0.082992255687713623,0
11.256,-200000,-4.3037395869305328e-09,1.8522172028005742e-17,1.439471117057232e-17,-0.36082473397254944,-0.36082473397254944,0.084409952163696289,0
11.26,-200000,-4.1620773494344121e-09,1.7322887525618185e-17,1.471433045054036e-17,-0.36082473397254944,-0.36082473397254944,0.15633320808410645,0
11.264,-200000,-3.9811851593185565e-09,1.5849836018977628e-17,1.5027759110804052e-17,-0.36082473397254944,-0.36082473397254944,0.09395311027765274,0
11.268,-200000,-3.7637306604665355e-09,1.4165668167678837e-17,1.53092784517579e-17,-0.36082473397254944,-0.36082473397254944,-0.039126824587583542,0
11.272,-200000,-3.5127047937066891e-09,1.2339095383664754e-17,1.5536071523385239e-17,-0.36082473397254944,-0.36082473397254944,-0.17245657742023468,0
11.276,-200000,-3.2313820508278468e-09,1.0441830090140664e-17,1.5689008946840168e-17,-0.36082473397254944,-0.36082473397254944,-0.27145114541053772,0
11.28,-200000,-2.923282949041095e-09,8.5455830559506276e-18,1.5753272608629413e-17,-0.36082473397254944,-0.36082473397254944,-0.33510255813598633,0
11.284,-200000,-2.592132286594051e-09,6.7191496518697601e-18,1.5718729546249198e-17,-0.36082473397254944,-0.36082473397254944,-0.36984294652938843,0
11.288,-200000,-2.2418145118052735e-09,5.025732266961401e-18,1.558016190439554e-17,-0.36082473397254944,-0.36082473397254944,-0.35146626830101013,0
11.292,-200000,-1.8763302023216966e-09,3.5206151038752257e-18,1.5337233847739742e-17,-0.36082473397254944,-0.36082473397254944,-0.26275983452796936,0
11.296,-200000,-1.4997537656213922e-09,2.2492612498480673e-18,1.4994264913440555e-17,-0.36082473397254944,-0.36082473397254944,-0.15420615673065186,0
11.3,-200000,-1.116186920668838e-09,1.2458732790404983e-18,1.4559847853701181e-17,-0.36082473397254944,-0.36082473397254944,-0.095063246786594391,0
11.304,-200000,-7.2971806375221604e-10,5.3248842034427348e-19,1.4046289461675184e-17,-0.36082473397254944,-0.36082473397254944,-0.1014702171087265,0
11.308,-200000,-3.4437888651872584e-10,1.185968135296372e-19,1.3468909122307045e-17,-0.36082473397254944,-0.36082473397254944,-0.14757835865020752,0
11.312,-200000,3.5896442068805712e-11,1.2885546346177046e-21,1.2845281114891066e-17,-0.36082473397254944,-0.36082473397254944,-0.19447930157184601,0
11.316,-200000,4.0730951944567551e-10,1.6590106263834569e-19,1.2194380135498602e-17,-0.36082473397254944,-0.36082473397254944,-0.20471164584159851,0
11.32,-200000,7.6623452027746453e-10,5.8711532459969886e-19,1.1535721856321615e-17,-0.36082473397254944,-0.36082473397254944,-0.16721257567405701,0
11.324,-200000,1.1092520235678194e-09,1.2304400533642136e-18,1.0888522510170325e-17,-0.36082473397254944,-0.36082473397254944,-0.094893120229244232,0
11.328,-200000,1.4331803521727693e-09,2.0540058866403846e-18,1.0270901488362707e-17,-0.36082473397254944,-0.36082473397254944,0.0077042309567332268,0
11.332,-200000,1.7351032832735314e-09,3.010583396390848e-18,9.6991608664109545e-18,-0.36082473397254944,-0.36082473397254944,0.14002020657062531,0
11.336,-200000,2.0123944732830523e-09,4.049731936042733e-18,9.1871732903681953e-18,-0.36082473397254944,-0.36082473397254944,0.27687415480613708,0
11.34,-200000,2.2627388851503838e-09,5.1199878434005934e-18,8.7459046936150446e-18,-0.36082473397254944,-0.36082473397254944,0.36597847938537598,0
11.344,-200000,2.4841508849959837e-09,6.1710055976620017e-18,8.3830652266411092e-18,-0.36082473397254944,-0.36082473397254944,0.36179313063621521,0
11.348,-200000,2.6749851222973575e-09,7.1555465684052797e-18,8.1029156967816498e-18,-0.36082473397254944,-0.36082473397254944,0.27284502983093262,0
11.352,-200000,2.8339499635876564e-09,8.0312727567478195e-18,7.906230345090016e-18,-0.36082473397254944,-0.36082473397254944,0.15398824214935303,0
11.356,-200000,2.9601110451693557e-09,8.7622563999639928e-18,7.7903894905662523e-18,-0.36082473397254944,-0.36082473397254944,0.049301028251647949,0
11.36,-200000,3.0528937156049096e-09,9.3201599446289581e-18,7.7496343017857646e-18,-0.36082473397254944,-0.36082473397254944,-0.036512535065412521,0
11.364,-200000,3.1120808152707014e-09,9.6850458564383496e-18,7.7754117312147546e-18,-0.36082473397254944,-0.36082473397254944,-0.11111936718225479,0
11.368,-200000,3.1378100118217844e-09,9.8458514218798833e-18,7.8568526256042755e-18,-0.36082473397254944,-0.36082473397254944,-0.15082857012748718,0
11.372,-200000,3.130560699560192e-09,9.8004094277486702e-18,7.9812961584985907e-18,-0.36082473397254944,-0.36082473397254944,-0.11935168504714966,0
11.376,-200000,3.09114467356153e-09,9.5551760187256866e-18,8.1348829187343741e-18,-0.36082473397254944,-0.36082473397254944,-0.029752802103757858,0
11.38,-200000,3.0206894763296077e-09,9.1245656441652817e-18,8.3031819133450256e-18,-0.36082473397254944,-0.36082473397254944,0.053768735378980637,0
11.384,-200000,2.9206197460496242e-09,8.5300188255448299e-18,8.4717853104210967e-18,-0.36082473397254944,-0.36082473397254944,0.074407458305358887,0
11.388,-200000,2.7926378987075395e-09,7.7988267328142932e-18,8.6269246886666422e-18,-0.36082473397254944,-0.36082473397254944,0.033058922737836838,0
11.392,-200000,2.6386974827374843e-09,6.962723322993656e-18,8.7559830621983906e-18,-0.36082473397254944,-0.36082473397254944,-0.01325593888759613,0
11.396,-200000,2.460979642293637e-09,6.0564204033080936e-18,8.8479853986489886e-18,-0.36082473397254944,-0.36082473397254944,-0.011440230533480644,0
11.4,-200000,2.2618653616746087e-09,5.1160347472532025e-18,8.8939758135263244e-18,-0.36082473397254944,-0.36082473397254944,0.017459983006119728,0
11.404,-200000,2.0439070436140128e-09,4.1775557425102461e-18,8.8872996388024089e-18,-0.36082473397254944,-0.36082473397254944,-0.016824221238493919,0
11.408,-200000,1.8097953136120282e-09,3.2753589473853969e-18,8.8237911929124251e-18,-0.36082473397254944,-0.36082473397254944,-0.16374535858631134,0
11.412,-200000,1.5623322635605064e-09,2.4408821882393452e-18,8.7018383008425071e-18,-0.36082473397254944,-0.36082473397254944,-0.33429598808288574,0
11.416,-200000,1.3043983670968373e-09,1.7014550989205369e-18,8.5223541699889135e-18,-0.36082473397254944,-0.36082473397254944,-0.3601192831993103,0
11.42,-200000,1.0389195059801182e-09,1.0793537567226014e-18,8.2886318063702179e-18,-0.36082473397254944,-0.36082473397254944,-0.16312539577484131,0
11.424,-200000,7.6883727162524451e-10,5.9111071035590655e-19,8.0061181943200819e-18,-0.36082473397254944,-0.36082473397254944,0.15840506553649902,0
11.428,-200000,4.9707782334706963e-10,2.4708637114328477e-19,7.6821057581187731e-18,-0.36082473397254944,-0.36082473397254944,0.42350530624389648,0
11.432,-200000,2.2652146824952979e-10,5.1311971488270585e-20,7.3253634394399661e-18,-0.36082473397254944,-0.36082473397254944,0.52575749158859253,0
11.436,-200000,-4.0025975589497165e-11,1.6020787049951765e-21,6.9457140080577281e-18,-0.36082473397254944,-0.36082473397254944,0.48672717809677124,0
11.44,-200000,-2.9986088612155015e-10,8.9916548837257206e-20,6.5536031007473787e-18,-0.36082473397254944,-0.36082473397254944,0.38997548818588257,0
11.444,-200000,-5.5040760837954394e-10,3.0294856624598153e-19,6.1596422039970545e-18,-0.36082473397254944,-0.36082473397254944,0.28724378347396851,0
11.448,-200000,-7.8924244917288888e-10,6.229036556933236e-19,5.7741731434151997e-18,-0.36082473397254944,-0.36082473397254944,0.16651026904582977,0
11.452,-200000,-1.0141156803200602e-09,1.0284306570574588e-18,5.4068615244594964e-18,-0.36082473397254944,-0.36082473397254944,0.021820435300469398,0
11.456,-200000,-1.2229710577571495e-09,1.4956581459864783e-18,5.0663311186061161e-18,-0.36082473397254944,-0.36082473397254944,-0.084406480193138123,0
11.46,-200000,-1.4139635018395325e-09,1.9992928522036771e-18,4.7598598744746068e-18,-0.36082473397254944,-0.36082473397254944,-0.091515764594078064,0
11.464,-200000,-1.585472531040466e-09,2.5137230925953054e-18,4.4931371403181082e-18,-0.36082473397254944,-0.36082473397254944,-0.017625302076339722,0
11.468,-200000,-1.7361164728058043e-09,3.0141001547651172e-18,4.2701060861166604e-18,-0.36082473397254944,-0.36082473397254944,0.097214385867118835,0
11.472,-200000,-1.8647590138698433e-09,3.4773262608784881e-18,4.0928698185776797e-18,-0.36082473397254944,-0.36082473397254944,0.24334633350372314,0
11.476,-200000,-1.9705190812402407e-09,3.8829458547724409e-18,3.9616922083165703e-18,-0.36082473397254944,-0.36082473397254944,0.40060925483703613,0
11.48,-200000,-2.05277106424262e-09,4.213868971401324e-18,3.8750586876317478e-18,-0.36082473397254944,-0.36082473397254944,0.52624404430389404,0
11.484,-200000,-2.1111474790558304e-09,4.4569438526158504e-18,3.8298143896669348e-18,-0.36082473397254944,-0.36082473397254944,0.59088116884231567,0
11.488,-200000,-2.1455388576896439e-09,4.6033374502448727e-18,3.8213659804806245e-18,-0.36082473397254944,-0.36082473397254944,0.59137487411499023,0
11.492,-200000,-2.1560868646020026e-09,4.6487107883852439e-18,3.8439281588686209e-18,-0.36082473397254944,-0.36082473397254944,0.54981535673141479,0
11.496,-200000,-2.1431787455838958e-09,4.593214827498755e-18,3.8908073793141449e-18,-0.36082473397254944,-0.36082473397254944,0.50072211027145386,0
11.5,-200000,-2.1074373357521381e-09,4.4412915274748158e-18,3.9547161806206044e-18,-0.36082473397254944,-0.36082473397254944,0.45290818810462952,0
11.504,-200000,-2.049711511631358e-09,4.2013177463767506e-18,4.028091650447427e-18,-0.36082473397254944,-0.36082473397254944,0.38262724876403809,0
11.508,-200000,-1.9710597598532331e-09,3.8850766720303775e-18,4.1034213344714061e-18,-0.36082473397254944,-0.36082473397254944,0.27176874876022339,0
11.512,-200000,-1.8727366324355899e-09,3.5071423996482682e-18,4.1735389534556886e-18,-0.36082473397254944,-0.36082473397254944,0.13610498607158661,0
11.516,-200000,-1.7561750942363119e-09,3.0841507721197829e-18,4.2319044038871239e-18,-0.36082473397254944,-0.36082473397254944,0.030288806185126305,0
11.52,-200000,-1.6229678712065265e-09,2.6340249321625676e-18,4.2728423995829858e-18,-0.36082473397254944,-0.36082473397254944,0.0038441363722085953,0
11.524,-200000,-1.474846689220044e-09,2.1751729571283772e-18,4.2917364455446158e-18,-0.36082473397254944,-0.36082473397254944,0.036910872906446457,0
11.528,-200000,-1.3136629561927293e-09,1.7257103092272762e-18,4.2851706994324762e-18,-0.36082473397254944,-0.36082473397254944,0.062304843217134476,0
11.532,-200000,-1.1413648914881946e-09,1.3027138220126921e-18,4.2510135168080177e-18,-0.36082473397254944,-0.36082473397254944,0.041802991181612015,0
11.536,-200000,-9.5997432225658486e-10,9.215506501094821e-19,4.1884501247678757e-18,-0.36082473397254944,-0.36082473397254944,0.001977104227989912,0
11.54,-200000,-7.7156681044243669e-10,5.9531526940951359e-19,4.0979565657545745e-18,-0.36082473397254944,-0.36082473397254944,0.0060041681863367558,0
11.544,-200000,-5.7824617316626359e-10,3.3436865992229029e-19,3.9812235969401724e-18,-0.36082473397254944,-0.36082473397254944,0.066286168992519379,0
11.548,-200000,-3.8212336073151221e-10,1.4601826442607635e-19,3.8410330267246853e-18,-0.36082473397254944,-0.36082473397254944,0.10124003887176514,0
11.552,-200000,-1.8529433543079676e-10,3.4333986018043122e-20,3.6810947601554134e-18,-0.36082473397254944,-0.36082473397254944,0.035770993679761887,0
11.556,-200000,1.0181781633089582e-11,1.0366867966326033e-22,3.5058515843023792e-18,-0.36082473397254944,-0.36082473397254944,-0.084252059459686279,0
11.56,-200000,2.0230317421265909e-10,4.0926570263651004e-20,3.3202665828409008e-18,-0.36082473397254944,-0.36082473397254944,-0.14222030341625214,0
11.564,-200000,3.8914493849517839e-10,1.5143377712236981e-19,3.1295944206122212e-18,-0.36082473397254944,-0.36082473397254944,-0.079476878046989441,0
11.568,-200000,5.6887738963951051e-10,3.2362151581369508e-19,2.9391497330519937e-18,-0.36082473397254944,-0.36082473397254944,0.077348627150058746,0
11.572,-200000,7.3978317916001401e-10,5.472791334797576e-19,2.7540873029424956e-18,-0.36082473397254944,-0.36082473397254944,0.2721920907497406,0
11.576,-200000,9.0027263421887938e-10,8.1049084782748666e-19,2.5791934041031119e-18,-0.36082473397254944,-0.36082473397254944,0.45768380165100098,0
11.58,-200000,1.0488976354139368e-09,1.1001863004497494e-18,2.4187058896071048e-18,-0.36082473397254944,-0.36082473397254944,0.58275115489959717,0
11.584,-200000,1.1843634961650196e-09,1.4027168561430561e-18,2.2761595090070667e-18,-0.36082473397254944,-0.36082473397254944,0.57877099514007568,0
11.588,-200000,1.3055400094330594e-09,1.7044346034869529e-18,2.1542721710006935e-18,-0.36082473397254944,-0.36082473397254944,0.42419379949569702,0
11.592,-200000,1.4114677204801751e-09,1.9922409306865094e-18,2.0548622253695301e-18,-0.36082473397254944,-0.36082473397254944,0.22230295836925507,0
11.596,-200000,1.5013668086538701e-09,2.2541025311781871e-18,1.9788157893447738e-18,-0.36082473397254944,-0.36082473397254944,0.13564059138298035,0
11.6,-200000,1.5746396408999885e-09,2.4794900161496452e-18,1.9260850932460496e-18,-0.36082473397254944,-0.36082473397254944,0.21264620125293732,0
11.604,-200000,1.6308735473202773e-09,2.6597485948517416e-18,1.8957288055362723e-18,-0.36082473397254944,-0.36082473397254944,0.31519812345504761,0
11.608,-200000,1.6698411542392932e-09,2.7883691830442964e-18,1.8859893742089199e-18,-0.36082473397254944,-0.36082473397254944,0.24686801433563232,0
11.612,-200000,1.6914991629590759e-09,2.8611693487550884e-18,1.8943947700033774e-18,-0.36082473397254944,-0.36082473397254944,-0.049089740961790085,0
11.616,-200000,1.695984352956259e-09,2.8763630022464624e-18,1.9178933168447839e-18,-0.36082473397254944,-0.36082473397254944,-0.42641171813011169,0
11.62,-200000,1.68360858587846e-09,2.8345378553436374e-18,1.9529965872948498e-18,-0.36082473397254944,-0.36082473397254944,-0.6561044454574585,0
11.624,-200000,1.654852033183829e-09,2.738535273450733e-18,1.9959450454695219e-18,-0.36082473397254944,-0.36082473397254944,-0.60236072540283203,0
11.628,-200000,1.6103541833345503e-09,2.5932405852654874e-18,2.0428681064875112e-18,-0.36082473397254944,-0.36082473397254944,-0.31105035543441772,0
11.632,-200000,1.5509034057004101e-09,2.4053016345758362e-18,2.0899479182315793e-18,-0.36082473397254944,-0.36082473397254944,0.033813644200563431,0
11.636,-200000,1.4774276246853901e-09,2.1827923245457562e-18,2.1335717693764009e-18,-0.36082473397254944,-0.36082473397254944,0.23094591498374939,0
11.64,-200000,1.3909785545607178e-09,1.9348213612855284e-18,2.1704700217557069e-18,-0.36082473397254944,-0.36082473397254944,0.16582688689231873,0
11.644,-200000,1.2927214854130398e-09,1.6711287965079646e-18,2.1978333632141142e-18,-0.36082473397254944,-0.36082473397254944,-0.14464350044727325,0
11.648,-200000,1.1839181857098424e-09,1.4016623042596276e-18,2.2134089673533346e-18,-0.36082473397254944,-0.36082473397254944,-0.55819064378738403,0
11.652,-200000,1.0659130245116444e-09,1.136170621649761e-18,2.2155635660538821e-18,-0.36082473397254944,-0.36082473397254944,-0.87998658418655396,0
11.656,-200000,9.4011698426044177e-10,8.83819943841218e-19,2.203326876457232e-18,-0.36082473397254944,-0.36082473397254944,-0.98168373107910156,0
11.66,-200000,8.0799145152354868e-10,6.5285012710836914e-19,2.1763978048204151e-18,-0.36082473397254944,-0.36082473397254944,-0.86985331773757935,0
11.664,-200000,6.7103256284894996e-10,4.5028471033361384e-19,2.1351291436746851e-18,-0.36082473397254944,-0.36082473397254944,-0.65508937835693359,0
11.668,-200000,5.3075399630841957e-10,2.816997955743545e-19,2.0804812497112162e-18,-0.36082473397254944,-0.36082473397254944,-0.46308660507202148,0
11.672,-200000,3.8867162266420507e-10,1.5106561712629835e-19,2.0139558693320983e-18,-0.36082473397254944,-0.36082473397254944,-0.34548068046569824,0
11.676,-200000,2.4628743489074623e-10,6.065750328533444e-20,1.937510111866632e-18,-0.36082473397254944,-0.36082473397254944,-0.24436275660991669,0
11.68,-200000,1.0507435893591932e-10,1.1040621166021777e-20,1.8534536723802185e-18,-0.36082473397254944,-0.36082473397254944,-0.055650949478149414,0
11.684,-200000,-3.3538404692334822e-11,1.1248245721204896e-21,1.7643371622916649e-18,-0.36082473397254944,-0.36082473397254944,0.25003427267074585,0
11.688,-200000,-1.6817933157220466e-10,2.8284287517037182e-20,1.6728360972922741e-18,-0.36082473397254944,-0.36082473397254944,0.57064646482467651,0
11.692,-200000,-2.9754762542744118e-10,8.853458852762252e-20,1.5816327139158258e-18,-0.36082473397254944,-0.36082473397254944,0.74478083848953247,0
11.696,-200000,-4.2042511139150918e-10,1.7675729119022133e-19,1.493303369577693e-18,-0.36082473397254944,-0.36082473397254944,0.67801493406295776,0
11.7,-200000,-5.3568705027373653e-10,2.8696061257140347e-19,1.4102169027570744e-18,-0.36082473397254944,-0.36082473397254944,0.39350190758705139,0
11.704,-200000,-6.4231214791377056e-10,4.1256488666028365e-19,1.3344416785756589e-18,-0.36082473397254944,-0.36082473397254944,-0.00035474527976475656,0
11.708,-200000,-7.393904932762041e-10,5.4669829759338052e-19,1.2676741410722162e-18,-0.36082473397254944,-0.36082473397254944,-0.35547560453414917,0
11.712,-200000,-8.2613099694484049e-10,6.8249240285314831e-19,1.2111813241500243e-18,-0.36082473397254944,-0.36082473397254944,-0.54407119750976562,0
11.716,-200000,-9.0186658141533371e-10,8.1336328420336533e-19,1.1657654896056832e-18,-0.36082473397254944,-0.36082473397254944,-0.52308398485183716,0
11.72,-200000,-9.6605923260995041e-10,9.332704552208631e-19,1.1317504786490073e-18,-0.36082473397254944,-0.36082473397254944,-0.34958523511886597,0
11.724,-200000,-1.0183024423682241e-09,1.0369398640187918e-18,1.1089858478060885e-18,-0.36082473397254944,-0.36082473397254944,-0.1323503702878952,0
11.728,-200000,-1.0583217635584674e-09,1.1200450458007694e-18,1.0968724081207089e-18,-0.36082473397254944,-0.36082473397254944,0.038529686629772186,0
11.732,-200000,-1.0859764199011579e-09,1.1793447967340834e-18,1.0944051351486163e-18,-0.36082473397254944,-0.36082473397254944,0.12534794211387634,0
11.736,-200000,-1.1012568634782838e-09,1.2127667191915588e-18,1.1002294172391788e-18,-0.36082473397254944,-0.36082473397254944,0.14111804962158203,0
11.74,-200000,-1.1042825542872947e-09,1.2194401021809069e-18,1.1127117794777571e-18,-0.36082473397254944,-0.36082473397254944,0.13139398396015167,0
11.744,-200000,-1.0952971862820959e-09,1.1996760690100243e-18,1.1300180522535915e-18,-0.36082473397254944,-0.36082473397254944,0.12669973075389862,0
11.748,-200000,-1.074664801592462e-09,1.1549044013677088e-18,1.1501957791283272e-18,-0.36082473397254944,-0.36082473397254944,0.10737673938274384,0
11.752,-200000,-1.042862352029772e-09,1.0875618699409651e-18,1.1712602436197198e-18,-0.36082473397254944,-0.36082473397254944,0.039658058434724808,0
11.756,-200000,-1.0004722605927441e-09,1.0009447894708171e-18,1.1912771872628905e-18,-0.36082473397254944,-0.36082473397254944,-0.071862459182739258,0
11.76,-200000,-9.48175427062381e-10,8.9903665499216693e-19,1.2084394272145642e-18,-0.36082473397254944,-0.36082473397254944,-0.18701286613941193,0
11.764,-200000,-8.8674034781632827e-10,7.8630837771586375e-19,1.2211367530148297e-18,-0.36082473397254944,-0.36082473397254944,-0.24997298419475555,0
11.768,-200000,-8.1701462262273594e-10,6.6751283404406068e-19,1.2280146564106316e-18,-0.36082473397254944,-0.36082473397254944,-0.22202742099761963,0
11.772,-200000,-7.3991363036540747e-10,5.4747222845400045e-19,1.2280185855185412e-18,-0.36082473397254944,-0.36082473397254944,-0.13475629687309265,0
11.776,-200000,-6.5640948232470464e-10,4.308734179951968e-19,1.2204262048686467e-18,-0.36082473397254944,-0.36082473397254944,-0.063278235495090485,0
11.78,-200000,-5.6752069710341857e-10,3.2207972870007866e-19,1.2048641458119568e-18,-0.36082473397254944,-0.36082473397254944,-0.031084364280104637,0
11.784,-200000,-4.7429954408428898e-10,2.2496003938992141e-19,1.181308833701014e-18,-0.36082473397254944,-0.36082473397254944,-0.00015912868548184633,0
11.788,-200000,-3.7782080242187988e-10,1.4274856163632201e-19,1.1500752175540476e-18,-0.36082473397254944,-0.36082473397254944,0.041027478873729706,0
11.792,-200000,-2.7917018696754781e-10,7.7935994424814468e-20,1.1117891629020308e-18,-0.36082473397254944,-0.36082473397254944,0.047089934349060059,0
11.796,-200000,-1.7943298236122729e-10,3.2196195886036642e-20,1.0673508490465742e-18,-0.36082473397254944,-0.36082473397254944,-0.015526984818279743,0
11.8,-200000,-7.9682239972900248e-11,6.3492594556819618e-21,1.0178882401504705e-18,-0.36082473397254944,-0.36082473397254944,-0.12522265315055847,0
11.804,-200000,1.9031564518767752e-11,3.6220044854420864e-22,9.6470052676331079e-19,-0.36082473397254944,-0.36082473397254944,-0.23029589653015137,0
11.808,-200000,1.1569131069810723e-10,1.3384478629162696e-20,9.0920084356406539e-19,-0.36082473397254944,-0.36082473397254944,-0.29391622543334961,0
11.812,-200000,2.0932293398612245e-10,4.381608662670919e-20,8.5285366212847114e-19,-0.36082473397254944,-0.36082473397254944,-0.31728601455688477,0
11.816,-200000,2.9900473763611046e-10,8.9403832566793576e-20,7.9711451014189165e-19,-0.36082473397254944,-0.36082473397254944,-0.30929914116859436,0
11.82,-200000,3.8387573675358055e-10,1.4736057176509677e-19,7.4337093138309633e-19,-0.36082473397254944,-0.36082473397254944,-0.25031551718711853,0
11.824,-200000,4.6314338475461625e-10,2.1450178811026034e-19,6.9289021824930472e-19,-0.36082473397254944,-0.36082473397254944,-0.12345170974731445,0
11.828,-200000,5.3609044980973408e-10,2.8739294368843314e-19,6.4677324473824832e-19,-0.36082473397254944,-0.36082473397254944,0.02643251046538353,0
11.832,-200000,6.0208044105891645e-10,3.6250086576006562e-19,6.0591724332060575e-19,-0.36082473397254944,-0.36082473397254944,0.10258545726537704,0
11.836,-200000,6.6056304870443228e-10,4.3634356338600997e-19,5.7098830118463533e-19,-0.36082473397254944,-0.36082473397254944,0.050363223999738693,0
11.84,-200000,7.1107769672451582e-10,5.0563141681832521e-19,5.4240450643119432e-19,-0.36082473397254944,-0.36082473397254944,-0.073311969637870789,0
11.844,-200000,7.5325656823110876e-10,5.6739544219401125e-19,5.2032984761672138e-19,-0.36082473397254944,-0.36082473397254944,-0.15178963541984558,0
11.848,-200000,7.8682632631554839e-10,6.1909572974343573e-19,5.0467850475266412e-19,-0.36082473397254944,-0.36082473397254944,-0.11929849535226822,0
11.852,-200000,8.1160889120468482e-10,6.5870899568829395e-19,4.9512922156862226e-19,-0.36082473397254944,-0.36082473397254944,-0.012727883644402027,0
11.856,-200000,8.2752188435009089e-10,6.8479248194392857e-19,4.9114872506344053e-19,-0.36082473397254944,-0.36082473397254944,0.083464346826076508,0
11.86,-200000,8.3457640798201282e-10,6.9651776712686774e-19,4.9202207269393167e-19,-0.36082473397254944,-0.36082473397254944,0.13235139846801758,0
11.864,-200000,8.3287615693095063e-10,6.9368265727613052e-19,4.9689003059880624e-19,-0.36082473397254944,-0.36082473397254944,0.16288706660270691,0
11.868,-200000,8.2261297773555953e-10,6.7669205730156163e-19,5.0478986394262907e-19,-0.36082473397254944,-0.36082473397254944,0.22226397693157196,0
11.872,-200000,8.0406453717429827e-10,6.4651971388050082e-19,5.146989706931315e-19,-0.36082473397254944,-0.36082473397254944,0.32071051001548767,0
11.876,-200000,7.7758838257224738e-10,6.0464369537000379e-19,5.2557872219367662e-19,-0.36082473397254944,-0.36082473397254944,0.39136362075805664,0
11.88,-200000,7.4361705681980084e-10,5.5296636208257766e-19,5.3641726975995894e-19,-0.36082473397254944,-0.36082473397254944,0.33253353834152222,0
11.884,-200000,7.0265215867948427e-10,4.9372001599756161e-19,5.4626909425304207e-19,-0.36082473397254944,-0.36082473397254944,0.11951001733541489,0
11.888,-200000,6.5525734838089988e-10,4.2936215901606242e-19,5.5429067824327506e-19,-0.36082473397254944,-0.36082473397254944,-0.15227977931499481,0
11.892,-200000,6.0205085361531019e-10,3.6246524529493756e-19,5.5976925053657861e-19,-0.36082473397254944,-0.36082473397254944,-0.34346199035644531,0
11.896,-200000,5.4369914126439767e-10,2.9560878587564537e-19,5.6214630912311459e-19,-0.36082473397254944,-0.36082473397254944,-0.37532013654708862,0
11.9,-200000,4.8090731397110176e-10,2.3127184105400728e-19,5.6103261382588851e-19,-0.36082473397254944,-0.36082473397254944,-0.26896199584007263,0
11.904,-200000,4.1441242104589548e-10,1.7173764904051986e-19,5.5621599281778051e-19,-0.36082473397254944,-0.36082473397254944,-0.1146993488073349,0
11.908,-200000,3.4497413259337861e-10,1.1900715973694886e-19,5.4766211810336965e-19,-0.36082473397254944,-0.36082473397254944,-0.013262097723782063,0
11.912,-200000,2.7336680141765157e-10,7.4729409393207049e-20,5.3550695749584433e-19,-0.36082473397254944,-0.36082473397254944,-0.0052296994253993034,0
11.916,-200000,2.0037113634963077e-10,4.0148590741673543e-20,5.2004255745022406e-19,-0.36082473397254944,-0.36082473397254944,-0.050915896892547607,0
11.92,-200000,1.2676582006321269e-10,1.6069573136582313e-20,5.0169858659594184e-19,-0.36082473397254944,-0.36082473397254944,-0.10170280933380127,0
11.924,-200000,5.331943220276969e-11,2.842961604207936e-21,4.8101658974027849e-19,-0.36082473397254944,-0.36082473397254944,-0.14303751289844513,0
11.928,-200000,-1.921717993069727e-11,3.6929999474280601e-22,4.5862315619724292e-19,-0.36082473397254944,-0.36082473397254944,-0.16441647708415985,0
11.932,-200000,-9.0118433548891375e-11,8.1213327632602178e-21,4.3519864202066001e-19,-0.36082473397254944,-0.36082473397254944,-0.1663435697555542,0
11.936,-200000,-1.5869094927012384e-10,2.5182815815535086e-20,4.1144700376120652e-19,-0.36082473397254944,-0.36082473397254944,-0.1712043285369873,0
11.94,-200000,-2.2428015000741652e-10,5.03015865259084e-20,3.8806426220555753e-19,-0.36082473397254944,-0.36082473397254944,-0.16959890723228455,0
11.944,-200000,-2.8627611392550989e-10,8.1954004863245193e-20,3.6570978369949438e-19,-0.36082473397254944,-0.36082473397254944,-0.12606441974639893,0
11.948,-200000,-3.4411926086441724e-10,1.1841807789384039e-19,3.4498009471163852e-19,-0.36082473397254944,-0.36082473397254944,-0.054592054337263107,0
11.952,-200000,-3.9730457812581221e-10,1.5785094091697963e-19,3.2638582417387659e-19,-0.36082473397254944,-0.36082473397254944,-0.0082289604470133781,0
11.956,-200000,-4.4538633892088342e-10,1.9836897443090893e-19,3.103343326884968e-19,-0.36082473397254944,-0.36082473397254944,-0.018706372007727623,0
11.96,-200000,-4.8798076690559355e-10,2.3812523922416226e-19,2.9711611574687013e-19,-0.36082473397254944,-0.36082473397254944,-0.087762057781219482,0
11.964,-200000,-5.2476945011648013e-10,2.7538297912780502e-19,2.8689759174848459e-19,-0.36082473397254944,-0.36082473397254944,-0.19311444461345673,0
11.968,-200000,-5.5550042343810446e-10,3.0858070978988438e-19,2.7971893065183728e-19,-0.36082473397254944,-0.36082473397254944,-0.29214566946029663,0
11.972,-200000,-5.7999044456025217e-10,3.3638891932148035e-19,2.7549725929930805e-19,-0.36082473397254944,-0.36082473397254944,-0.34812250733375549,0
11.976,-200000,-5.9812405028836224e-10,3.5775238375491668e-19,2.7403488152449672e-19,-0.36082473397254944,-0.36082473397254944,-0.35670441389083862,0
11.98,-200000,-6.0985466676655165e-10,3.7192268558159189e-19,2.7503171171080555e-19,-0.36082473397254944,-0.36082473397254944,-0.33989280462265015,0
11.984,-200000,-6.1520283312077595e-10,3.7847455056907714e-19,2.7810199934944925e-19,-0.36082473397254944,-0.36082473397254944,-0.31684932112693787,0
11.988,-200000,-6.1425442510198991e-10,3.7730851024871294e-19,2.8279319909717889e-19,-0.36082473397254944,-0.36082473397254944,-0.28942212462425232,0
11.992,-200000,-6.0715921179621546e-10,3.6864229406735972e-19,2.8860737407463169e-19,-0.36082473397254944,-0.36082473397254944,-0.25131982564926147,0
11.996,-200000,-5.9412696984395552e-10,3.5298686699902798e-19,2.9502314200195783e-19,-0.36082473397254944,-0.36082473397254944,-0.20050184428691864,0
12,-200000,-5.7542448583802752e-10,3.3111331647098199e-19,3.0151842266566563e-19,-0.36082473397254944,-0.36082473397254944,-0.14659902453422546,0
12.004,-200000,-5.513716705429772e-10,3.040107178512879e-19,3.0759140177727096e-19,-0.36082473397254944,-0.36082473397254944,-0.11065016686916351,0
12.008,-200000,-5.223363963580141e-10,2.7283531453992998e-19,3.1278043500678681e-19,-0.36082473397254944,-0.36082473397254944,-0.12141907215118408,0
12.012,-200000,-4.8873083358103031e-10,2.3885783690354867e-19,3.1668126367922204e-19,-0.36082473397254944,-0.36082473397254944,-0.19055049121379852,0
12.016,-200000,-4.5100523315966257e-10,2.0340571595483553e-19,3.1896125779075375e-19,-0.36082473397254944,-0.36082473397254944,-0.26797479391098022,0
12.02,-200000,-4.0964284742095458e-10,1.6780727451058e-19,3.1937022105547879e-19,-0.36082473397254944,-0.36082473397254944,-0.27122363448143005,0
12.024,-200000,-3.6515385160029723e-10,1.3333734006639408e-19,3.1774690495273762e-19,-0.36082473397254944,-0.36082473397254944,-0.1845535933971405,0
12.028,-200000,-3.1807015354878843e-10,1.0116862208633069e-19,3.1402244669653518e-19,-0.36082473397254944,-0.36082473397254944,-0.077657267451286316,0
12.032,-200000,-2.6893856586163167e-10,7.2327948978600756e-20,3.0821899921765143e-19,-0.36082473397254944,-0.36082473397254944,-0.021207526326179504,0
12.036,-200000,-2.1831551844098129e-10,4.7661665450339555e-20,3.0044536261603121e-19,-0.36082473397254944,-0.36082473397254944,-0.032582957297563553,0
12.04,-200000,-1.6676068859133863e-10,2.7809130416262288e-20,2.9088894499920608e-19,-0.36082473397254944,-0.36082473397254944,-0.088568210601806641,0
12.044,-200000,-1.1483125561539964e-10,1.3186217815059226e-20,2.7980472479099551e-19,-0.36082473397254944,-0.36082473397254944,-0.14348788559436798,0
12.048,-200000,-6.3076197043265836e-11,3.9786062682350839e-21,2.675023518838299e-19,-0.36082473397254944,-0.36082473397254944,-0.16714572906494141,0
12.052,-200000,-1.2030748793023793e-11,1.4473891146895393e-22,2.5433110329135975e-19,-0.36082473397254944,-0.36082473397254944,-0.17816027998924255,0
12.056,-200000,3.7788827622620147e-11,1.4279954552729983e-21,2.4066380482529921e-19,-0.36082473397254944,-0.36082473397254944,-0.20066456496715546,0
12.06,-200000,8.5890218548545505e-11,7.3771303214910496e-21,2.2688095956742267e-19,-0.36082473397254944,-0.36082473397254944,-0.22374467551708221,0
12.064,-200000,1.3180956326408477e-10,1.7373760697178542e-20,2.13354798793379e-19,-0.36082473397254944,-0.36082473397254944,-0.23408453166484833,0
12.068,-200000,1.7511578298545771e-10,3.0665540167772746e-20,2.0043430224878606e-19,-0.36082473397254944,-0.36082473397254944,-0.23551139235496521,0
12.072,-200000,2.1541420036630399e-10,4.640327493822778e-20,1.8843195033473284e-19,-0.36082473397254944,-0.36082473397254944,-0.21754951775074005,0
12.076,-200000,2.5234983547228751e-10,6.368043483390948e-20,1.7761269934117773e-19,-0.36082473397254944,-0.36082473397254944,-0.14784014225006104,0
12.08,-200000,2.8561042419994465e-10,8.1573314373363268e-20,1.681848178367251e-19,-0.36082473397254944,-0.36082473397254944,-0.012228243052959442,0
12.084,-200000,3.1492866647830908e-10,9.9180073431404672e-20,1.6029403178085207e-19,-0.36082473397254944,-0.36082473397254944,0.15395557880401611,0
12.088,-200000,3.4008382221450972e-10,1.156569877832296e-19,1.5401993145812271e-19,-0.36082473397254944,-0.36082473397254944,0.27487277984619141,0
12.092,-200000,3.6090347377282228e-10,1.3025133599611187e-19,1.4937564836076131e-19,-0.36082473397254944,-0.36082473397254944,0.28630036115646362,0
12.096,-200000,3.7726385904157667e-10,1.4232800491832415e-19,1.4631002653776029e-19,-0.36082473397254944,-0.36082473397254944,0.2053067684173584,0
12.1,-200000,3.8909039878909368e-10,1.5139131949249111e-19,1.4471241765749361e-19,-0.36082473397254944,-0.36082473397254944,0.12746699154376984,0
12.104,-200000,3.963571137965971e-10,1.5709894326728943e-19,1.4441963449474105e-19,-0.36082473397254944,-0.36082473397254944,0.14074309170246124,0
12.108,-200000,3.9908626403573066e-10,1.5926984001084363e-19,1.4522489482106143e-19,-0.36082473397254944,-0.36082473397254944,0.2651522159576416,0
12.112,-200000,3.9734673884517235e-10,1.5788444173178802e-19,1.4688800606608464e-19,-0.36082473397254944,-0.36082473397254944,0.45616802573204041,0
12.116,-200000,3.9125253037397556e-10,1.53078535297552e-19,1.4914659687926654e-19,-0.36082473397254944,-0.36082473397254944,0.64136773347854614,0
12.12,-200000,3.8096051313551982e-10,1.4513090642396009e-19,1.5172783983013241e-19,-0.36082473397254944,-0.36082473397254944,0.76306027173995972,0
12.124,-200000,3.666679460057054e-10,1.3444538727100008e-19,1.5435986391579079e-19,-0.36082473397254944,-0.36082473397254944,0.78655368089675903,0
12.128,-200000,3.486095856430893e-10,1.215286259638607e-19,1.5678306367087074e-19,-0.36082473397254944,-0.36082473397254944,0.69329577684402466,0
12.132,-200000,3.2705455010884066e-10,1.0696467663848975e-19,1.5875992193729591e-19,-0.36082473397254944,-0.36082473397254944,0.50510042905807495,0
12.136,-200000,3.0230257186403264e-10,9.1386842989024606e-20,1.6008401837814309e-19,-0.36082473397254944,-0.36082473397254944,0.29903405904769897,0
12.14,-200000,2.7468036178923683e-10,7.5449302095372535e-20,1.6058695711527241e-19,-0.36082473397254944,-0.36082473397254944,0.16137222945690155,0
12.144,-200000,2.4453766789278575e-10,5.9798676552002724e-20,1.6014385972558248e-19,-0.36082473397254944,-0.36082473397254944,0.12754218280315399,0
12.148,-200000,2.1224304258549154e-10,4.5047109092772823e-20,1.5867644131891341e-19,-0.36082473397254944,-0.36082473397254944,0.18719851970672607,0
12.152,-200000,1.781797348554548e-10,3.1748019090397755e-20,1.5615439348063337e-19,-0.36082473397254944,-0.36082473397254944,0.32105192542076111,0
12.156,-200000,1.4274130488711734e-10,2.0375082152250634e-20,1.5259451831693484e-19,-0.36082473397254944,-0.36082473397254944,0.49341487884521484,0
12.16,-200000,1.0632733582482956e-10,1.1305502331178443e-20,1.4805809181663211e-19,-0.36082473397254944,-0.36082473397254944,0.6403544545173645,0
12.164,-200000,6.93392426809325e-11,4.8079311688115706e-21,1.4264661162582485e-19,-0.36082473397254944,-0.36082473397254944,0.69856148958206177,0
12.168,-200000,3.2175994507666061e-11,1.0352945896635203e-21,1.3649569659088054e-19,-0.36082473397254944,-0.36082473397254944,0.64062058925628662,0
12.172,-200000,-4.7700433013220245e-12,2.275331545995957e-23,1.2976837884065455e-19,-0.36082473397254944,-0.36082473397254944,0.48351424932479858,0
12.176,-200000,-4.1116932775198123e-11,1.6906020756935349e-21,1.2264714217309432e-19,-0.36082473397254944,-0.36082473397254944,0.27956780791282654,0
12.18,-200000,-7.6496975420781155e-11,5.8517870576201756e-21,1.1532572779729626e-19,-0.36082473397254944,-0.36082473397254944,0.10326323658227921,0
12.184,-200000,-1.1056022763966666e-10,1.2223562951187199e-20,1.0800070096866681e-19,-0.36082473397254944,-0.36082473397254944,0.00057069509057328105,0
12.188,-200000,-1.4297771300242346e-10,2.0442626619144417e-20,1.0086338597795008e-19,-0.36082473397254944,-0.36082473397254944,-0.047034144401550293,0
12.192,-200000,-1.7344448099976262e-10,3.0082991759033741e-20,9.4092195343516103e-20,-0.36082473397254944,-0.36082473397254944,-0.061132580041885376,0
12.196,-200000,-2.0168218484162281e-10,4.0675701893500156e-20,8.7845980054717731e-20,-0.36082473397254944,-0.36082473397254944,-0.021323299035429955,0
12.2,-200000,-2.2744139904773419e-10,5.1729591068859027e-20,8.2258303931088138e-20,-0.36082473397254944,-0.36082473397254944,0.073425017297267914,0
12.204,-200000,-2.5050378438251641e-10,6.2752144316168916e-20,7.7433133235867582e-20,-0.36082473397254944,-0.36082473397254944,0.16608290374279022,0
12.208,-200000,-2.7068342012270818e-10,7.3269519622581918e-20,7.3441818759237299e-20,-0.36082473397254944,-0.36082473397254944,0.20900318026542664,0
12.212,-200000,-2.8782820571393586e-10,8.2845072253420871e-20,7.0321557779368032e-20,-0.36082473397254944,-0.36082473397254944,0.22090622782707214,0
12.216,-200000,-3.0182079058249656e-10,9.1095785273331045e-20,6.8075361750677356e-20,-0.36082473397254944,-0.36082473397254944,0.2465139627456665,0
12.22,-200000,-3.1257893495784117e-10,9.7705591677786222e-20,6.6673322924142652e-20,-0.36082473397254944,-0.36082473397254944,0.29953733086585999,0
12.224,-200000,-3.2005553762814998e-10,1.0243554612968368e-19,6.6055283297246293e-20,-0.36082473397254944,-0.36082473397254944,0.35910171270370483,0
12.228,-200000,-3.2423877471821072e-10,1.0513077844636848e-19,6.6134524614989459e-20,-0.36082473397254944,-0.36082473397254944,0.39131250977516174,0
12.232,-200000,-3.2515096171081836e-10,1.0572314316253301e-19,6.6802434185534816e-20,-0.36082473397254944,-0.36082473397254944,0.37087473273277283,0
12.236,-200000,-3.2284810935756525e-10,1.0423089641279028e-19,6.7933829855399826e-20,-0.36082473397254944,-0.36082473397254944,0.30500435829162598,0
12.24,-200000,-3.174181750775773e-10,1.0075430153466965e-19,6.9392730886699015e-20,-0.36082473397254944,-0.36082473397254944,0.22417561709880829,0
12.244,-200000,-3.0897973068988449e-10,9.5468468786439488e-20,7.1038361478933515e-20,-0.36082473397254944,-0.36082473397254944,0.13103120028972626,0
12.248,-200000,-2.9768010278985457e-10,8.8613448566802087e-20,7.273106381790111e-20,-0.36082473397254944,-0.36082473397254944,-0.00093027018010616302,0
12.252,-200000,-2.8369323556987069e-10,8.0481849555099548e-20,7.4337810458997082e-20,-0.36082473397254944,-0.36082473397254944,-0.1652507483959198,0
12.256,-200000,-2.672172205731016e-10,7.1405041597190322e-20,7.573734835664852e-20,-0.36082473397254944,-0.36082473397254944,-0.29305547475814819,0
12.26,-200000,-2.4847190971399868e-10,6.1738298766165933e-20,7.6824573874272906e-20,-0.36082473397254944,-0.36082473397254944,-0.28810080885887146,0
12.264,-200000,-2.2769612584294663e-10,5.1845525601587162e-20,7.7514009527790248e-20,-0.36082473397254944,-0.36082473397254944,-0.11005008220672607,0
12.268,-200000,-2.0514456799958225e-10,4.2084296772624196e-20,7.7742382462688774e-20,-0.36082473397254944,-0.36082473397254944,0.16271567344665527,0
12.272,-200000,-1.8108514687753541e-10,3.2791833781734446e-20,7.7470156030627866e-20,-0.36082473397254944,-0.36082473397254944,0.37877559661865234,0
12.276,-200000,-1.5579570966650635e-10,2.427230483420301e-20,7.6682001540881149e-20,-0.36082473397254944,-0.36082473397254944,0.42944064736366272,0
12.28,-200000,-1.295609591833724e-10,1.6786040794023946e-20,7.5386242498362438e-20,-0.36082473397254944,-0.36082473397254944,0.32081517577171326,0
12.284,-200000,-1.0266941463665802e-10,1.0541008115007583e-20,7.3613471661039123e-20,-0.36082473397254944,-0.36082473397254944,0.14974884688854218,0
12.288,-200000,-7.5410289124278052e-11,5.6867116149372116e-21,7.1414056573397443e-20,-0.36082473397254944,-0.36082473397254944,0.028786173090338707,0
12.292,-200000,-4.8070481623030403e-11,2.310771046432364e-21,6.8855257358995614e-20,-0.36082473397254944,-0.36082473397254944,0.020422106608748436,0
12.296,-200000,-2.0931641836474668e-11,4.3813364968233756e-22,6.6017459171267599e-20,-0.36082473397254944,-0.36082473397254944,0.1032707467675209,0
12.3,-200000,5.7326283477154849e-12,3.2863027077413675e-23,6.2990288322053225e-20,-0.36082473397254944,-0.36082473397254944,0.18128339946269989,0
12.304,-200000,3.1659470184353111e-11,1.0023220718479056e-21,5.9868353593913245e-20,-0.36082473397254944,-0.36082473397254944,0.14108438789844513,0
12.308,-200000,5.6599246123223423e-11,3.2034746224778917e-21,5.6747019864187073e-20,-0.36082473397254944,-0.36082473397254944,-0.066134728491306305,0
12.312,-200000,8.0317884287861574e-11,6.4509630891412039e-21,5.3718349750112447e-20,-0.36082473397254944,-0.36082473397254944,-0.39160546660423279,0
12.316,-200000,1.0259891547459432e-10,1.0526537301049307e-20,5.0867310210235048e-20,-0.36082473397254944,-0.36082473397254944,-0.72526723146438599,0
12.32,-200000,1.232454555077922e-10,1.518944004012882e-20,4.8268486440178163e-20,-0.36082473397254944,-0.36082473397254944,-0.94298219680786133,0
12.324,-200000,1.4208167975482411e-10,2.018720552445026e-20,4.5983322449817997e-20,-0.36082473397254944,-0.36082473397254944,-0.95623970031738281,0
12.328,-200000,1.5895437743829177e-10,2.5266495151135055e-20,4.4058078961146432e-20,-0.36082473397254944,-0.36082473397254944,-0.77324771881103516,0
12.332,-200000,1.7373395777564582e-10,3.018348450993613e-20,4.2522453696858682e-20,-0.36082473397254944,-0.36082473397254944,-0.50559604167938232,0
12.336,-200000,1.863153659131811e-10,3.4713419581134878e-20,4.1388983613113753e-20,-0.36082473397254944,-0.36082473397254944,-0.27270740270614624,0
12.34,-200000,1.9661865191533678e-10,3.865889661960236e-20,4.0653177377679425e-20,-0.36082473397254944,-0.36082473397254944,-0.11150368303060532,0
12.344,-200000,2.0458923444266475e-10,4.185675424951249e-20,4.0294339319370532e-20,-0.36082473397254944,-0.36082473397254944,-0.0093038128688931465,0
12.348,-200000,2.1019803952970761e-10,4.418321587818922e-20,4.0277062230560685e-20,-0.36082473397254944,-0.36082473397254944,0.024853523820638657,0
12.352,-200000,2.1344108425136454e-10,4.5557095020980175e-20,4.0553243619925362e-20,-0.36082473397254944,-0.36082473397254944,-0.026204979047179222,0
12.356,-200000,2.1433914365598383e-10,4.5941268716722772e-20,4.1064570485453845e-20,-0.36082473397254944,-0.36082473397254944,-0.1406966894865036,0
12.36,-200000,2.1293686258694322e-10,4.5342105609898815e-20,4.1745298124319505e-20,-0.36082473397254944,-0.36082473397254944,-0.26788893342018127,0
12.364,-200000,2.09301881382018e-10,4.3807278445655207e-20,4.2525287436691529e-20,-0.36082473397254944,-0.36082473397254944,-0.35057917237281799,0
12.368,-200000,2.0352357299469048e-10,4.1421844655417129e-20,4.3333013148978222e-20,-0.36082473397254944,-0.36082473397254944,-0.32913455367088318,0
12.372,-200000,1.9571162745979365e-10,3.8303037703968365e-20,4.4098620504684334e-20,-0.36082473397254944,-0.36082473397254944,-0.19104094803333282,0
12.376,-200000,1.8599455309242785e-10,3.4593975993151928e-20,4.4756691149584284e-20,-0.36082473397254944,-0.36082473397254944,-0.015264635905623436,0
12.38,-200000,1.745178168643946e-10,3.0456470267949968e-20,4.5248786065870908e-20,-0.36082473397254944,-0.36082473397254944,0.08757474273443222,0
12.384,-200000,1.6144215131408401e-10,2.6063566066273726e-20,4.5525581378346465e-20,-0.36082473397254944,-0.36082473397254944,0.083760857582092285,0
12.388,-200000,1.4694132022263773e-10,2.1591750126629631e-20,4.5548564720913222e-20,-0.36082473397254944,-0.36082473397254944,0.044357467442750931,0
12.392,-200000,1.3120027286817049e-10,1.7213512224954866e-20,4.5291179072264251e-20,-0.36082473397254944,-0.36082473397254944,0.045986920595169067,0
12.396,-200000,1.1441288888525136e-10,1.3090310100442824e-20,4.4739468990736988e-20,-0.36082473397254944,-0.36082473397254944,0.087590456008911133,0
12.4,-200000,9.6779660674339851e-11,9.3663017852571793e-21,4.3892203398935408e-20,-0.36082473397254944,-0.36082473397254944,0.14801947772502899,0
12.404,-200000,7.8505632550296411e-11,6.1631345282315107e-21,4.2760423219332531e-20,-0.36082473397254944,-0.36082473397254944,0.22959332168102264,0
12.408,-200000,5.9798055396242944e-11,3.5758072762194059e-21,4.1366546338998252e-20,-0.36082473397254944,-0.36082473397254944,0.30762949585914612,0
12.412,-200000,4.0864218259217822e-11,1.6698842911594751e-21,3.9743046059323814e-20,-0.36082473397254944,-0.36082473397254944,0.34598168730735779,0
12.416,-200000,2.1909219230509258e-11,4.8001385862196312e-22,3.7930728880137076e-20,-0.36082473397254944,-0.36082473397254944,0.34662431478500366,0
12.42,-200000,3.1338983057932479e-12,9.821318270001597e-24,3.5976815182187452e-20,-0.36082473397254944,-0.36082473397254944,0.31082519888877869,0
12.424,-200000,-1.5267153860576421e-11,2.3308595597777726e-22,3.3932767878037958e-20,-0.36082473397254944,-0.36082473397254944,0.2186162918806076,0
12.428,-200000,-3.3107509789243039e-11,1.0961072078929605e-21,3.1852072595343244e-20,-0.36082473397254944,-0.36082473397254944,0.082154057919979095,0
12.432,-200000,-5.0210668955941173e-11,2.5211114035875566e-21,2.9788030784824695e-20,-0.36082473397254944,-0.36082473397254944,-0.047292493283748627,0
12.436,-200000,-6.6411709465086233e-11,4.4105153131260228e-21,2.7791623914079427e-20,-0.36082473397254944,-0.36082473397254944,-0.13900384306907654,0
12.44,-200000,-8.1558690356864361e-11,6.6518201517688384e-21,2.5909571531845348e-20,-0.36082473397254944,-0.36082473397254944,-0.1960710734128952,0
12.444,-200000,-9.5514027242948885e-11,9.1229297394075932e-21,2.418266075090471e-20,-0.36082473397254944,-0.36082473397254944,-0.21324317157268524,0
12.448,-200000,-1.08155526201692e-10,1.1697617445477689e-20,2.2644345534039028e-20,-0.36082473397254944,-0.36082473397254944,-0.18458752334117889,0
12.452,-200000,-1.1937735522327131e-10,1.4250951936399126e-20,2.1319727258547593e-20,-0.36082473397254944,-0.36082473397254944,-0.13481020927429199,0
12.456,-200000,-1.2909077973244365e-10,1.6664429088107312e-20,2.0224914943742447e-20,-0.36082473397254944,-0.36082473397254944,-0.096849322319030762,0
12.46,-200000,-1.3722474545563301e-10,1.8830632551037562e-20,1.9366761910245564e-20,-0.36082473397254944,-0.36082473397254944,-0.090482912957668304,0
12.464,-200000,-1.4372618373226231e-10,2.0657215364616572e-20,1.8742995026959556e-20,-0.36082473397254944,-0.36082473397254944,-0.13240845501422882,0
12.468,-200000,-1.4856023355935832e-10,2.2070143248433712e-20,1.8342712311904916e-20,-0.36082473397254944,-0.36082473397254944,-0.23329424858093262,0
12.472,-200000,-1.5171017220261263e-10,2.3015974195686949e-20,1.8147197188135497e-20,-0.36082473397254944,-0.36082473397254944,-0.37983036041259766,0
12.476,-200000,-1.531772070295645e-10,2.3463257571640793e-20,1.8131015467402429e-20,-0.36082473397254944,-0.36082473397254944,-0.52581501007080078,0
12.48,-200000,-1.5297996203145203e-10,2.3402870155750155e-20,1.8263351440713842e-20,-0.36082473397254944,-0.36082473397254944,-0.60528641939163208,0
12.484,-200000,-1.5115413087851692e-10,2.284757347078565e-20,1.8509481293800983e-20,-0.36082473397254944,-0.36082473397254944,-0.58087605237960815,0
12.488,-200000,-1.4775151935264574e-10,2.1830511286799088e-20,1.8832356382509425e-20,-0.36082473397254944,-0.36082473397254944,-0.48521161079406738,0
12.492,-200000,-1.4283925431346489e-10,2.0403052812299717e-20,1.919420427964876e-20,-0.36082473397254944,-0.36082473397254944,-0.37794360518455505,0
12.496,-200000,-1.3649874286425501e-10,1.8631907255633099e-20,1.9558078123053996e-20,-0.36082473397254944,-0.36082473397254944,-0.28162798285484314,0
12.5,-200000,-1.2882454825113854e-10,1.6595763403742608e-20,1.9889334877813073e-20,-0.36082473397254944,-0.36082473397254944,-0.20177397131919861,0
12.504,-200000,-1.1992311310660142e-10,1.4381552769128738e-20,2.0156922959212576e-20,-0.36082473397254944,-0.36082473397254944,-0.1553627997636795,0
12.508,-200000,-1.099113786096062e-10,1.2080511596210243e-20,2.0334461444943171e-20,-0.36082473397254944,-0.36082473397254944,-0.14293062686920166,0
12.512,-200000,-9.8915396706811265e-11,9.7842566001759041e-21,2.0401127032436117e-20,-0.36082473397254944,-0.36082473397254944,-0.13456901907920837,0
12.516,-200000,-8.706877580033634e-11,7.5809721813485508e-21,2.0342216263185856e-20,-0.36082473397254944,-0.36082473397254944,-0.088715240359306335,0
12.52,-200000,-7.4511154191103657e-11,5.5519122751433955e-21,2.0149468640176795e-20,-0.36082473397254944,-0.36082473397254944,0.026720369234681129,0
12.524,-200000,-6.1386597194346137e-11,3.7683141767455164e-21,1.9821090861690315e-20,-0.36082473397254944,-0.36082473397254944,0.20363497734069824,0
12.528,-200000,-4.7842028949585114e-11,2.2888598478773369e-21,1.9361537101454555e-20,-0.36082473397254944,-0.36082473397254944,0.36894145607948303,0
12.532,-200000,-3.4025626066691572e-11,1.1577432706897066e-21,1.8781019485742853e-20,-0.36082473397254944,-0.36082473397254944,0.4228115975856781,0
12.536,-200000,-2.0085221680288257e-11,4.0341609581372705e-22,1.8094821468841832e-20,-0.36082473397254944,-0.36082473397254944,0.32195964455604553,0
12.54,-200000,-6.1668474146681085e-12,3.8030006053182505e-23,1.7322402797779229e-20,-0.36082473397254944,-0.36082473397254944,0.11088745296001434,0
12.544,-200000,7.5867766929915703e-12,5.755917915146595e-23,1.6486420466520754e-20,-0.36082473397254944,-0.36082473397254944,-0.1102597713470459,0
12.548,-200000,2.1037638645027279e-11,4.4258226982970679e-22,1.561160749849917e-20,-0.36082473397254944,-0.36082473397254944,-0.24326114356517792,0
12.552,-200000,3.405375287313106e-11,1.1596579433917611e-21,1.4723656575904771e-20,-0.36082473397254944,-0.36082473397254944,-0.27050989866256714,0
12.556,-200000,4.6510451739978365e-11,2.1632220988230425e-21,1.3848097206627329e-20,-0.36082473397254944,-0.36082473397254944,-0.27918949723243713,0
12.56,-200000,5.8291448057357087e-11,3.3978923586866137e-21,1.300921408866995e-20,-0.36082473397254944,-0.36082473397254944,-0.36981463432312012,0
12.564,-200000,6.9289927961957432e-11,4.801094004060937e-21,1.2229089874772246e-20,-0.36082473397254944,-0.36082473397254944,-0.54797762632369995,0
12.568,-200000,7.9409402664598616e-11,6.305853072258885e-21,1.1526770721655677e-20,-0.36082473397254944,-0.36082473397254944,-0.71931779384613037,0
12.572,-200000,8.8564530709156486e-11,7.8436755350487292e-21,1.0917582088872349e-20,-0.36082473397254944,-0.36082473397254944,-0.78112679719924927,0
12.576,-200000,9.6681773698037432e-11,9.3473654884608238e-21,1.0412650525013381e-20,-0.36082473397254944,-0.36082473397254944,-0.70854455232620239,0
12.58,-200000,1.0369984732028215e-10,1.0753658155919067e-20,1.0018594282772763e-20,-0.36082473397254944,-0.36082473397254944,-0.54971140623092651,0
12.584,-200000,1.0957016544077547e-10,1.2005620246825083e-20,9.7374344616549948e-21,-0.36082473397254944,-0.36082473397254944,-0.35838103294372559,0
12.588,-200000,1.1425695806144276e-10,1.305465247681068e-20,9.5666927509966859e-21,-0.36082473397254944,-0.36082473397254944,-0.16308829188346863,0
12.592,-200000,1.177374586713853e-10,1.3862109193839579e-20,9.4996652719857483e-21,-0.36082473397254944,-0.36082473397254944,0.016486207023262978,0
12.596,-200000,1.2000182791904734e-10,1.4400438982723943e-20,9.525867671916786e-21,-0.36082473397254944,-0.36082473397254944,0.17064018547534943,0
12.6,-200000,1.2105280666752094e-10,1.4653784047951049e-20,9.6316175433528621e-21,-0.36082473397254944,-0.36082473397254944,0.30879178643226624,0
12.604,-200000,1.209056882389703e-10,1.4618186201042858e-20,9.8007186252767031e-21,-0.36082473397254944,-0.36082473397254944,0.44346064329147339,0
12.608,-200000,1.1958764534192312e-10,1.4301203158611722e-20,1.001522739918573e-20,-0.36082473397254944,-0.36082473397254944,0.57346886396408081,0
12.612,-200000,1.1713736924878759e-10,1.3721163756691652e-20,1.0256251189136204e-20,-0.36082473397254944,-0.36082473397254944,0.67467373609542847,0
12.616,-200000,1.1360425794526563e-10,1.290592798761306e-20,1.0504771303387939e-20,-0.36082473397254944,-0.36082473397254944,0.69711959362030029,0
12.62,-200000,1.0904784714105276e-10,1.1891432163788686e-20,1.0742403168150804e-20,-0.36082473397254944,-0.36082473397254944,0.59240472316741943,0
12.624,-200000,1.0353688739694888e-10,1.0719885922472176e-20,1.0952138689872746e-20,-0.36082473397254944,-0.36082473397254944,0.35144820809364319,0
12.628,-200000,9.7148553090953271e-11,9.4378424069266459e-21,1.1118973103047735e-20,-0.36082473397254944,-0.36082473397254944,0.016565615311264992,0
12.632,-200000,8.9967332195239891e-11,8.0941214291640642e-21,1.1230433267208555e-20,-0.36082473397254944,-0.36082473397254944,-0.30865687131881714,0
12.636,-200000,8.2084158914419447e-11,6.7378085652799233e-21,1.1276979140329569e-20,-0.36082473397254944,-0.36082473397254944,-0.46543660759925842,0
12.64,-200000,7.3595275706939134e-11,5.4162647521042858e-21,1.1252267119529547e-20,-0.36082473397254944,-0.36082473397254944,-0.33608388900756836,0
12.644,-200000,6.460114387873972e-11,4.173308347779371e-21,1.1153275249074544e-20,-0.36082473397254944,-0.36082473397254944,0.031141683459281921,0
12.648,-200000,5.5205357646359587e-11,3.0476316544199489e-21,1.098027575539662e-20,-0.36082473397254944,-0.36082473397254944,0.4333597719669342,0
12.652,-200000,4.5513436769395454e-11,2.0714729054892799e-21,1.0736686413077525e-20,-0.36082473397254944,-0.36082473397254944,0.66930520534515381,0
12.656,-200000,3.5631747552500315e-11,1.2696215689956168e-21,1.0428789432687401e-20,-0.36082473397254944,-0.36082473397254944,0.6859700083732605,0
12.66,-200000,2.5666349254271914e-11,6.587614598609832e-22,1.0065351797808316e-20,-0.36082473397254944,-0.36082473397254944,0.56988507509231567,0
12.664,-200000,1.5721928967038501e-11,2.4717905071285926e-22,9.6571510902104682e-21,-0.36082473397254944,-0.36082473397254944,0.41528052091598511,0
12.668,-200000,5.9007547112410741e-12,3.4818906717713305e-23,9.2164447694787005e-21,-0.36082473397254944,-0.36082473397254944,0.25530856847763062,0
12.672,-200000,-3.6983289694592081e-12,1.3677636406181925e-23,8.7564006785478048e-21,-0.36082473397254944,-0.36082473397254944,0.10408069938421249,0
12.676,-200000,-1.2980864647071932e-11,1.6850284767864481e-22,8.2905041232243831e-21,-0.36082473397254944,-0.36082473397254944,-0.00070846889866515994,0
12.68,-200000,-2.1857687534931891e-11,4.7775849898304901e-22,7.832002110212788e-21,-0.36082473397254944,-0.36082473397254944,-0.015867054462432861,0
12.684,-200000,-3.0245739940371053e-11,9.1480490901137476e-22,7.3933467773474969e-21,-0.36082473397254944,-0.36082473397254944,0.051090322434902191,0
12.688,-200000,-3.8068815461089756e-11,1.4492346705545219e-21,6.9857212187693147e-21,-0.36082473397254944,-0.36082473397254944,0.12684337794780731,0
12.692,-200000,-4.5258203434928035e-11,2.0483049820924761e-21,6.6186262985158804e-21,-0.36082473397254944,-0.36082473397254944,0.12556803226470947,0
12.696,-200000,-5.1753257929165741e-11,2.6783995143367664e-21,6.2995567253013219e-21,-0.36082473397254944,-0.36082473397254944,0.01828424260020256,0
12.7,-200000,-5.7501853972796724e-11,3.3064632535537536e-21,6.0337700235561095e-21,-0.36082473397254944,-0.36082473397254944,-0.1109931692481041,0
12.704,-200000,-6.24607796040344e-11,3.9013488914923382e-21,5.8241657682887967e-21,-0.36082473397254944,-0.36082473397254944,-0.072656594216823578,0
12.708,-200000,-6.6595950976022777e-11,4.4350205387729063e-21,5.6712561006208277e-21,-0.36082473397254944,-0.36082473397254944,0.3098142147064209,0
12.712,-200000,-6.9882620523653571e-11,4.8835806324593096e-21,5.5732424681753964e-21,-0.36082473397254944,-0.36082473397254944,1.0514965057373047,0
12.716,-200000,-7.2305404719141819e-11,5.2280714692256686e-21,5.5261848578297223e-21,-0.36082473397254944,-0.36082473397254944,1.9711147546768188,0
12.72,-200000,-7.3858252847003314e-11,5.4550416705951933e-21,5.5242473649594015e-21,-0.36082473397254944,-0.36082473397254944,2.8045971393585205,0
12.724,-200000,-7.4544315165070429e-11,5.55685516397954e-21,5.5600184835877018e-21,-0.36082473397254944,-0.36082473397254944,3.3510334491729736,0
12.728,-200000,-7.4375748615462811e-11,5.5317521710931163e-21,5.624875825181038e-21,-0.36082473397254944,-0.36082473397254944,3.5379288196563721,0
12.732,-200000,-7.3373362940998277e-11,5.3836500868388283e-21,5.7093936505034972e-21,-0.36082473397254944,-0.36082473397254944,3.3858962059020996,0
12.736,-200000,-7.1566287618285429e-11,5.1217335240728556e-21,5.8037600949941658e-21,-0.36082473397254944,-0.36082473397254944,2.9223697185516357,0
12.74,-200000,-6.8991423685105246e-11,4.7598161566867637e-21,5.8981964136283753e-21,-0.36082473397254944,-0.36082473397254944,2.1772704124450684,0
12.744,-200000,-6.5692951078943906e-11,4.3155640260928851e-21,5.9833560309397733e-21,-0.36082473397254944,-0.36082473397254944,1.2747007608413696,0
12.748,-200000,-6.1721648625390202e-11,3.8095621357577127e-21,6.0506961260611191e-21,-0.36082473397254944,-0.36082473397254944,0.43171873688697815,0
12.752,-200000,-5.7134231373767719e-11,3.2643206631661643e-21,6.0927886332475577e-21,-0.36082473397254944,-0.36082473397254944,-0.17377209663391113,0
12.756,-200000,-5.1992677524426156e-11,2.7032385606751904e-21,6.1035900449279804e-21,-0.36082473397254944,-0.36082473397254944,-0.49030241370201111,0
12.76,-200000,-4.6363423517048474e-11,2.149567156367382e-21,6.0786231652575871e-21,-0.36082473397254944,-0.36082473397254944,-0.58403921127319336,0
12.764,-200000,-4.0316583405086703e-11,1.6254268673316053e-21,6.0151099921596495e-21,-0.36082473397254944,-0.36082473397254944,-0.6119958758354187,0
12.768,-200000,-3.3925185577432515e-11,1.1509182228425771e-21,5.9120108953135078e-21,-0.36082473397254944,-0.36082473397254944,-0.75084447860717773,0
12.772,-200000,-2.7264270702209714e-11,7.4334042505904061e-22,5.7700040174186132e-21,-0.36082473397254944,-0.36082473397254944,-1.0743509531021118,0
12.776,-200000,-2.0410140591509141e-11,4.1657384132893212e-22,5.5913879350697115e-21,-0.36082473397254944,-0.36082473397254944,-1.518807053565979,0
12.78,-200000,-1.3439496911182847e-11,1.8062007934897612e-22,5.3799277740823396e-21,-0.36082473397254944,-0.36082473397254944,-1.9702231884002686,0
12.784,-200000,-6.4286514479816592e-12,4.1327561388420307e-23,5.1406419519911515e-21,-0.36082473397254944,-0.36082473397254944,-2.3504810333251953,0
12.788,-200000,5.4727549532104791e-13,2.9951049301885149e-25,4.8795545893216492e-21,-0.36082473397254944,-0.36082473397254944,-2.6568331718444824,0
12.792,-200000,7.4150824369567658e-12,5.4983447321723479e-23,4.6034119740481849e-21,-0.36082473397254944,-0.36082473397254944,-2.9506239891052246,0
12.796,-200000,1.4104216058963281e-11,1.9892892249220611e-22,4.3193820623870568e-21,-0.36082473397254944,-0.36082473397254944,-3.2801849842071533,0
12.8,-200000,2.0547466506037892e-11,4.2219835647428552e-22,4.0347503445185537e-21,-0.36082473397254944,-0.36082473397254944,-3.6461379528045654,0
12.804,-200000,2.6681620454716004e-11,7.1190887444657184e-22,3.7566245960382363e-21,-0.36082473397254944,-0.36082473397254944,-4.0494856834411621,0
12.808,-200000,3.24480442515096e-11,1.0528755098287358e-21,3.4916578047634743e-21,-0.36082473397254944,-0.36082473397254944,-4.4890508651733398,0
12.812,-200000,3.7793251167483888e-11,1.4283298818097141e-21,3.2458013897987448e-21,-0.36082473397254944,-0.36082473397254944,-4.9066071510314941,0
12.816,-200000,4.2669295180486344e-11,1.8206687549270042e-21,3.0240963868985762e-21,-0.36082473397254944,-0.36082473397254944,-5.185333251953125,0
12.82,-200000,4.7034175165716618e-11,2.2122133650195944e-21,2.8305118897541594e-21,-0.36082473397254944,-0.36082473397254944,-5.2097501754760742,0
12.824,-200000,5.0852166227910445e-11,2.5859426938383588e-21,2.6678331705843251e-21,-0.36082473397254944,-0.36082473397254944,-4.9167609214782715,0
12.828,-200000,5.4094017459815902e-11,2.9261627260162726e-21,2.5375994800308896e-21,-0.36082473397254944,-0.36082473397254944,-4.2825002670288086,0
12.832,-200000,5.6737191334033099e-11,3.2191086591725707e-21,2.4400994023456444e-21,-0.36082473397254944,-0.36082473397254944,-3.3083012104034424,0
12.836,-200000,5.8765957378081879e-11,3.4534382638337598e-21,2.3744118509138791e-21,-0.36082473397254944,-0.36082473397254944,-2.0511405467987061,0
12.84,-200000,6.0171312377121922e-11,3.6205869087062915e-21,2.3384983586694046e-21,-0.36082473397254944,-0.36082473397254944,-0.63800209760665894,0
12.844,-200000,6.09510775184674e-11,3.7150341325536548e-21,2.3293331328588317e-21,-0.36082473397254944,-0.36082473397254944,0.73753851652145386,0
12.848,-200000,6.1109638183065584e-11,3.7343876547273381e-21,2.3430678449292282e-21,-0.36082473397254944,-0.36082473397254944,1.8513991832733154,0
12.852,-200000,6.0657721900891914e-11,3.6793595452566046e-21,2.3752259048809693e-21,-0.36082473397254944,-0.36082473397254944,2.5521309375762939,0
12.856,-200000,5.9612224878602404e-11,3.5536175908321741e-21,2.4209056213498248e-21,-0.36082473397254944,-0.36082473397254944,2.8186657428741455,0
12.86,-200000,5.7995819952028071e-11,3.3635150878580793e-21,2.475000931199127e-21,-0.36082473397254944,-0.36082473397254944,2.7134509086608887,0
12.864,-200000,5.5836606172032788e-11,3.117726729501365e-21,2.5324114258471769e-21,-0.36082473397254944,-0.36082473397254944,2.3416526317596436,0
12.868,-200000,5.3167675123644287e-11,2.8268018958495667e-21,2.5882513678526914e-21,-0.36082473397254944,-0.36082473397254944,1.8539746999740601,0
12.872,-200000,5.0026621734033938e-11,2.5026630141056366e-21,2.6380308386221912e-21,-0.36082473397254944,-0.36082473397254944,1.4193242788314819,0
12.876,-200000,4.6455117530541656e-11,2.1580780693887284e-21,2.6778223458331832e-21,-0.36082473397254944,-0.36082473397254944,1.1544879674911499,0
12.88,-200000,4.2498355529163589e-11,1.8061100934183225e-21,2.7043894645596971e-21,-0.36082473397254944,-0.36082473397254944,1.0833975076675415,0
12.884,-200000,3.8204488184145902e-11,1.4595828090696918e-21,2.715284984190669e-21,-0.36082473397254944,-0.36082473397254944,1.1448342800140381,0
12.888,-200000,3.362412431817674e-11,1.130581716872116e-21,2.7089120987926378e-21,-0.36082473397254944,-0.36082473397254944,1.2164437770843506,0
12.892,-200000,2.8809657784401033e-11,8.2999642946610873e-22,2.6845458136392691e-21,-0.36082473397254944,-0.36082473397254944,1.1854104995727539,0
12.896,-200000,2.3814747049377694e-11,5.6714216983020517e-22,2.6423208283078513e-21,-0.36082473397254944,-0.36082473397254944,1.0337169170379639,0
12.9,-200000,1.8693694162075225e-11,3.4945419812071582e-22,2.5831806456845776e-21,-0.36082473397254944,-0.36082473397254944,0.82456094026565552,0
12.904,-200000,1.3500899183338522e-11,1.8227427649101389e-22,2.5087990140401608e-21,-0.36082473397254944,-0.36082473397254944,0.63340646028518677,0
12.908,-200000,8.2902964007591784e-12,6.8729014118175796e-23,2.4214732982789963e-21,-0.36082473397254944,-0.36082473397254944,0.52583140134811401,0
12.912,-200000,3.1148330442709593e-12,9.702185284956025e-24,2.3239956368652339e-21,-0.36082473397254944,-0.36082473397254944,0.54715651273727417,0
12.916,-200000,-1.9740326994560631e-12,3.8968048444189862e-24,2.2195123857421296e-21,-0.36082473397254944,-0.36082473397254944,0.6885722279548645,0
12.92,-200000,-6.9268223969187748e-12,4.7980867905595876e-23,2.1113710414511089e-21,-0.36082473397254944,-0.36082473397254944,0.87382203340530396,0
12.924,-200000,-1.1696489263246512e-11,1.3680785538915568e-22,2.0029699915283149e-21,-0.36082473397254944,-0.36082473397254944,1.0008608102798462,0
12.928,-200000,-1.6238843603133546e-11,2.6370004474404532e-22,1.8976088707463317e-21,-0.36082473397254944,-0.36082473397254944,1.0020831823348999,0
12.932,-200000,-2.0512924692184242e-11,4.2078007291911952e-22,1.7983516401045866e-21,-0.36082473397254944,-0.36082473397254944,0.87488925457000732,0
12.936,-200000,-2.4481361382555633e-11,5.9933703487634027e-22,1.7079033983103911e-21,-0.36082473397254944,-0.36082473397254944,0.68171405792236328,0
12.94,-200000,-2.811067177643789e-11,7.9020981950361628e-22,1.6285115280411856e-21,-0.36082473397254944,-0.36082473397254944,0.50323230028152466,0
12.944,-200000,-3.1371509556787913e-11,9.8417175819218882e-22,1.5618837048974948e-21,-0.36082473397254944,-0.36082473397254944,0.3744865357875824,0
12.948,-200000,-3.4238906848615969e-11,1.1723028409661511e-21,1.5091383190727557e-21,-0.36082473397254944,-0.36082473397254944,0.28973731398582458,0
12.952,-200000,-3.6692392180182054e-11,1.3463315646225605e-21,1.470778625959176e-21,-0.36082473397254944,-0.36082473397254944,0.24586567282676697,0
12.956,-200000,-3.8716124056703549e-11,1.4989383097029246e-21,1.4466926451735377e-21,-0.36082473397254944,-0.36082473397254944,0.24832446873188019,0
12.96,-200000,-4.0298951675676875e-11,1.6240056555247591e-21,1.4361815343062364e-21,-0.36082473397254944,-0.36082473397254944,0.29086971282958984,0
12.964,-200000,-4.1434456560240918e-11,1.7168143710957676e-21,1.4380090662772566e-21,-0.36082473397254944,-0.36082473397254944,0.3466607928276062,0
12.968,-200000,-4.2120890109131892e-11,1.77416932993609e-21,1.4504741288088052e-21,-0.36082473397254944,-0.36082473397254944,0.38839355111122131,0
12.972,-200000,-4.2361142371660776e-11,1.7944661530475748e-21,1.4714967544401913e-21,-0.36082473397254944,-0.36082473397254944,0.39539146423339844,0
12.976,-200000,-4.2162606739282182e-11,1.7776854533846155e-21,1.4987190947236946e-21,-0.36082473397254944,-0.36082473397254944,0.31173458695411682,0
12.98,-200000,-4.1537034228822378e-11,1.725325284117114e-21,1.5296131596915564e-21,-0.36082473397254944,-0.36082473397254944,0.064857028424739838,0
12.984,-200000,-4.0500342662896927e-11,1.6402778491373257e-21,1.5615920914198272e-21,-0.36082473397254944,-0.36082473397254944,-0.32799991965293884,0
12.988,-200000,-3.9072401564199666e-11,1.5266525962686982e-21,1.5921191151857078e-21,-0.36082473397254944,-0.36082473397254944,-0.75130254030227661,0
12.992,-200000,-3.7276765008087409e-11,1.3895573052092289e-21,1.6188107350957273e-21,-0.36082473397254944,-0.36082473397254944,-1.0864963531494141,0
12.996,-200000,-3.514036284180122e-11,1.2348452481450109e-21,1.6395290245007664e-21,-0.36082473397254944,-0.36082473397254944,-1.2499004602432251,0
13,-200000,-3.2693143331430363e-11,1.0688415496794298e-21,1.652461799507577e-21,-0.36082473397254944,-0.36082473397254944,-1.1928583383560181,0
13.004,-200000,-2.9967677644959778e-11,8.9806177174927847e-22,1.6561849200576325e-21,-0.36082473397254944,-0.36082473397254944,-0.93112534284591675,0
13.008,-200000,-2.6998792090893176e-11,7.2893473945709935e-22,1.6497059107797437e-21,-0.36082473397254944,-0.36082473397254944,-0.55801570415496826,0
13.012,-200000,-2.3823120559596234e-11,5.6754106839098285e-22,1.6324902142809838e-21,-0.36082473397254944,-0.36082473397254944,-0.18574807047843933,0
13.016,-200000,-2.0478693393832792e-11,4.1937688500623584e-22,1.6044644223209566e-21,-0.36082473397254944,-0.36082473397254944,0.13549220561981201,0
13.02,-200000,-1.7004495034278477e-11,2.8915286273205473e-22,1.5660031491663334e-21,-0.36082473397254944,-0.36082473397254944,0.40245643258094788,0
13.024,-200000,-1.3440072839376871e-11,1.8063554102271845e-22,1.5178971237449588e-21,-0.36082473397254944,-0.36082473397254944,0.60194665193557739,0
13.028,-200000,-9.8251103433644182e-12,9.6532795375924863e-23,1.461304520083442e-21,-0.36082473397254944,-0.36082473397254944,0.74310195446014404,0
13.032,-200000,-6.1990057184657665e-12,3.8427667680060796e-23,1.3976909786348114e-21,-0.36082473397254944,-0.36082473397254944,0.88032245635986328,0
13.036,-200000,-2.6004684516856003e-12,6.7624359570820329e-24,1.3287572077800764e-21,-0.36082473397254944,-0.36082473397254944,1.0473054647445679,0
13.04,-200000,9.3287682266518512e-13,8.7025922190340245e-25,1.2563629502587393e-21,-0.36082473397254944,-0.36082473397254944,1.217228889465332,0
13.044,-200000,4.3648604695911697e-12,1.905200849165517e-23,1.1824433765346158e-21,-0.36082473397254944,-0.36082473397254944,1.3245666027069092,0
13.048,-200000,7.6611130633841285e-12,5.8692652365410951e-23,1.1089293151810994e-21,-0.36082473397254944,-0.36082473397254944,1.2998874187469482,0
13.052,-200000,1.078940669446693e-11,1.164112950157019e-22,1.0376704115181053e-21,-0.36082473397254944,-0.36082473397254944,1.1228882074356079,0
13.056,-200000,1.3719958329161397e-11,1.8823726976269228e-22,9.7036283008782915e-22,-0.36082473397254944,-0.36082473397254944,0.88186806440353394,0
13.06,-200000,1.6425721893753575e-11,2.6980433878106689e-22,9.0848877111142152e-22,-0.36082473397254944,-0.36082473397254944,0.73474264144897461,0
13.064,-200000,1.8882617691673431e-11,3.5655321420478488e-22,8.5326507462329117e-22,-0.36082473397254944,-0.36082473397254944,0.76367044448852539,0
13.068,-200000,2.1069751846014562e-11,4.4393451626077493e-22,8.0560792998964903e-22,-0.36082473397254944,-0.36082473397254944,0.90681874752044678,0
13.072,-200000,2.296954813851837e-11,5.2760011937010572e-22,7.661065721304845e-22,-0.36082473397254944,-0.36082473397254944,1.038011908531189,0
13.076,-200000,2.4567880715919976e-11,6.0358077838029274e-22,7.3501661722263816e-22,-0.36082473397254944,-0.36082473397254944,1.0889285802841187,0
13.08,-200000,2.5854133070546403e-11,6.6843615097680955e-22,7.122632433869716e-22,-0.36082473397254944,-0.36082473397254944,1.1015186309814453,0
13.084,-200000,2.682122579589219e-11,7.1937813766334095e-22,6.9745906312103614e-22,-0.36082473397254944,-0.36082473397254944,1.1640431880950928,0
13.088,-200000,2.7465613117172438e-11,7.5435989051544084e-22,6.8993471848042088e-22,-0.36082473397254944,-0.36082473397254944,1.3137887716293335,0
13.092,-200000,2.7787253401023726e-11,7.7213139947535773e-22,6.8877730176028061e-22,-0.36082473397254944,-0.36082473397254944,1.5137592554092407,0
13.096,-200000,2.778950680681902e-11,7.7225670845243028e-22,6.9287958041582161e-22,-0.36082473397254944,-0.36082473397254944,1.7037906646728516,0
13.1,-200000,2.7479084979686874e-11,7.5510013234535127e-22,7.00992604618349e-22,-0.36082473397254944,-0.36082473397254944,1.8519914150238037,0
13.104,-200000,2.6865867169822977e-11,7.2177476020227481e-22,7.1178260621463855e-22,-0.36082473397254944,-0.36082473397254944,1.9534221887588501,0
13.108,-200000,2.5962778801846831e-11,6.740659167803481e-22,7.2388926083795266e-22,-0.36082473397254944,-0.36082473397254944,1.9964244365692139,0
13.112,-200000,2.4785545144068166e-11,6.1432327161742626e-22,7.3598177907384521e-22,-0.36082473397254944,-0.36082473397254944,1.937342643737793,0
13.116,-200000,2.3352481406946346e-11,5.4533845830667988e-22,7.4681055476134818e-22,-0.36082473397254944,-0.36082473397254944,1.7072111368179321,0
13.12,-200000,2.1684201309546403e-11,4.702045184159464e-22,7.552549762747153e-22,-0.36082473397254944,-0.36082473397254944,1.2564541101455688,0
13.124,-200000,1.9803367279358497e-11,3.9217335116671306e-22,7.6036235207592925e-22,-0.36082473397254944,-0.36082473397254944,0.60135763883590698,0
13.128,-200000,1.7734393814583527e-11,3.1450872024848161e-22,7.6137845540895184e-22,-0.36082473397254944,-0.36082473397254944,-0.17132039368152618,0
13.132,-200000,1.550312656029007e-11,2.4034693467201906e-22,7.5776989008410885e-22,-0.36082473397254944,-0.36082473397254944,-0.93104457855224609,0
13.136,-200000,1.3136508374145262e-11,1.7256786685591041e-22,7.492344908202644e-22,-0.36082473397254944,-0.36082473397254944,-1.5162267684936523,0
13.14,-200000,1.066225580048652e-11,1.1368369168448628e-22,7.3570394857391361e-22,-0.36082473397254944,-0.36082473397254944,-1.7576373815536499,0
13.144,-200000,8.1085606978836822e-12,6.5748760727123231e-23,7.1733548016802339e-22,-0.36082473397254944,-0.36082473397254944,-1.586705207824707,0
13.148,-200000,5.5037628100829128e-12,3.0291400479821973e-23,6.9449526852391011e-22,-0.36082473397254944,-0.36082473397254944,-1.1280276775360107,0
13.152,-200000,2.8760646208353391e-12,8.2717477498232904e-24,6.6773412788003527e-22,-0.36082473397254944,-0.36082473397254944,-0.6077997088432312,0
13.156,-200000,2.5323840247004625e-13,6.4129689243916044e-26,6.3775655520097194e-22,-0.36082473397254944,-0.36082473397254944,-0.18437664210796356,0
13.16,-200000,-2.3376504725003411e-12,5.4646098844214765e-24,6.0538579310563428e-22,-0.36082473397254944,-0.36082473397254944,0.099399909377098083,0
13.164,-200000,-4.8705020051775794e-12,2.3721788949246733e-23,5.7152389457281166e-22,-0.36082473397254944,-0.36082473397254944,0.26263603568077087,0
13.168,-200000,-7.3204194442344495e-12,5.3588539292900993e-23,5.3711229251768207e-22,-0.36082473397254944,-0.36082473397254944,0.3375975489616394,0
13.172,-200000,-9.6639181032531773e-12,9.3391317748506848e-23,5.0309085475538755e-22,-0.36082473397254944,-0.36082473397254944,0.35757246613502502,0
13.176,-200000,-1.1879136563308634e-11,1.4111389997195888e-22,4.7035936234531042e-22,-0.36082473397254944,-0.36082473397254944,0.36034220457077026,0
13.18,-200000,-1.3946016216848101e-11,1.9449138426283342e-22,4.3974262300640082e-22,-0.36082473397254944,-0.36082473397254944,0.37356042861938477,0
13.184,-200000,-1.584647170427278e-11,2.5111065773383389e-22,4.1195932057775129e-22,-0.36082473397254944,-0.36082473397254944,0.41659942269325256,0
13.188,-200000,-1.7564527957092402e-11,3.0851264530588188e-22,3.8759651903414007e-22,-0.36082473397254944,-0.36082473397254944,0.53501111268997192,0
13.192,-200000,-1.9086435557036374e-11,3.6429202803742439e-22,3.6709123469528511e-22,-0.36082473397254944,-0.36082473397254944,0.77080392837524414,0
13.196,-200000,-2.0400759206951058e-11,4.1619094717819957e-22,3.5071811737394816e-22,-0.36082473397254944,-0.36082473397254944,1.0870816707611084,0
13.2,-200000,-2.1498438446121426e-11,4.6218287586067981e-22,3.3858498226776759e-22,-0.36082473397254944,-0.36082473397254944,1.3723748922348022,0
13.204,-200000,-2.2372862243380531e-11,5.0054499235496036e-22,3.3063467798188195e-22,-0.36082473397254944,-0.36082473397254944,1.5126361846923828,0
13.208,-200000,-2.3019822159575654e-11,5.2991217601999988e-22,3.2665422469365605e-22,-0.36082473397254944,-0.36082473397254944,1.454838752746582,0
13.212,-200000,-2.3437557450378677e-11,5.4931916403039545e-22,3.2628975833366945e-22,-0.36082473397254944,-0.36082473397254944,1.2332484722137451,0
13.216,-200000,-2.3626642309260149e-11,5.5821822186065955e-22,3.2906657396359638e-22,-0.36082473397254944,-0.36082473397254944,0.94621580839157104,0
13.22,-200000,-2.3589945968849335e-11,5.5648560563375557e-22,3.3441320812192025e-22,-0.36082473397254944,-0.36082473397254944,0.68960094451904297,0
13.224,-200000,-2.3332525148078709e-11,5.4440671891430524e-22,3.4168867661326914e-22,-0.36082473397254944,-0.36082473397254944,0.50097930431365967,0
13.228,-200000,-2.286153731601015e-11,5.226499603918587e-22,3.5021097447519968e-22,-0.36082473397254944,-0.36082473397254944,0.37410974502563477,0
13.232,-200000,-2.2186133138979436e-11,4.9222446617992364e-22,3.5928693909662501e-22,-0.36082473397254944,-0.36082473397254944,0.30934923887252808,0
13.236,-200000,-2.1317303824930356e-11,4.5442740128572203e-22,3.6824024531361934e-22,-0.36082473397254944,-0.36082473397254944,0.31610265374183655,0
13.24,-200000,-2.0267751019154012e-11,4.1078173426198633e-22,3.764384664939106e-22,-0.36082473397254944,-0.36082473397254944,0.36732929944992065,0
13.244,-200000,-1.9051741087516838e-11,3.6296883693121736e-22,3.8331677822936055e-22,-0.36082473397254944,-0.36082473397254944,0.3941497802734375,0
13.248,-200000,-1.768491429687824e-11,3.1275618686144261e-22,3.8839805220094255e-22,-0.36082473397254944,-0.36082473397254944,0.35772600769996643,0
13.252,-200000,-1.6184118281636906e-11,2.6192565044360084e-22,3.9130833047425839e-22,-0.36082473397254944,-0.36082473397254944,0.29163044691085815,0
13.256,-200000,-1.4567205081084111e-11,2.1220345728670734e-22,3.9178768022559413e-22,-0.36082473397254944,-0.36082473397254944,0.25304976105690002,0
13.26,-200000,-1.2852875881652626e-11,1.6519640976961422e-22,3.8969552013075214e-22,-0.36082473397254944,-0.36082473397254944,0.31822746992111206,0
13.264,-200000,-1.1060432951459642e-11,1.2233316654611292e-22,3.8501112523603045e-22,-0.36082473397254944,-0.36082473397254944,0.64955979585647583,0
13.268,-200000,-9.2096009637887555e-12,8.4816746807552747e-23,3.7782880544037005e-22,-0.36082473397254944,-0.36082473397254944,1.4340436458587646,0
13.272,-200000,-7.3202832684415853e-12,5.3586538741645353e-23,3.6834848965159015e-22,-0.36082473397254944,-0.36082473397254944,2.6813044548034668,0
13.276,-200000,-5.4123606638145638e-12,2.9293649206898437e-23,3.5686275060221912e-22,-0.36082473397254944,-0.36082473397254944,4.1016836166381836,0
13.28,-200000,-3.5054864826883358e-12,1.2288435786008714e-23,3.4373979069749068e-22,-0.36082473397254944,-0.36082473397254944,5.1677145957946777,0
13.284,-200000,-1.6188982663103979e-12,2.620831599339636e-24,3.2940463557136342e-22,-0.36082473397254944,-0.36082473397254944,5.348419189453125,0
13.288,-200000,2.287672547056363e-13,5.2334449936800992e-26,3.1431848486346575e-22,-0.36082473397254944,-0.36082473397254944,4.4336600303649902,0
13.292,-200000,2.0196528911081701e-12,4.0789977925061155e-24,2.9895745715086564e-22,-0.36082473397254944,-0.36082473397254944,2.7020175457000732,0
13.296,-200000,3.7368419990302382e-12,1.3963986603889911e-23,2.8379161255887893e-22,-0.36082473397254944,-0.36082473397254944,0.73969602584838867,0
13.3,-200000,5.3645061483253986e-12,2.8777923501501148e-23,2.6926518706222816e-22,-0.36082473397254944,-0.36082473397254944,-0.94915801286697388,0
13.304,-200000,6.8880435209750512e-12,4.7445142998529424e-23,2.5577854334753111e-22,-0.36082473397254944,-0.36082473397254944,-2.1695175170898438,0
13.308,-200000,8.2942108042827201e-12,6.8793940526119106e-23,2.4367310041456742e-22,-0.36082473397254944,-0.36082473397254944,-2.9301395416259766,0
13.312,-200000,9.5712231543143567e-12,9.1608315397864592e-23,2.3321881277599096e-22,-0.36082473397254944,-0.36082473397254944,-3.2640242576599121,0
13.316,-200000,1.0708836595263449e-11,1.1467918365977726e-22,2.2460566338132793e-22,-0.36082473397254944,-0.36082473397254944,-3.2139201164245605,0
13.32,-200000,1.1698438225071772e-11,1.3685345786036469e-22,2.1793861490718342e-22,-0.36082473397254944,-0.36082473397254944,-2.8873248100280762,0
13.324,-200000,1.2533088282473681e-11,1.5707828637019548e-22,2.1323670098947858e-22,-0.36082473397254944,-0.36082473397254944,-2.4620482921600342,0
13.328,-200000,1.3207583464402983e-11,1.7444025661344506e-22,2.1043534862995566e-22,-0.36082473397254944,-0.36082473397254944,-2.1206085681915283,0
13.332,-200000,1.3718470803780747e-11,1.8819645094401252e-22,2.0939234829550864e-22,-0.36082473397254944,-0.36082473397254944,-1.9511874914169312,0
13.336,-200000,1.4064055475770942e-11,1.9779764546702125e-22,2.0989694159581145e-22,-0.36082473397254944,-0.36082473397254944,-1.9410492181777954,0
13.34,-200000,1.4244379113736994e-11,2.029023328302702e-22,2.1168129447632345e-22,-0.36082473397254944,-0.36082473397254944,-2.0480856895446777,0
13.344,-200000,1.4261173839069663e-11,2.0338107673643073e-22,2.1443397727343786e-22,-0.36082473397254944,-0.36082473397254944,-2.2073760032653809,0
13.348,-200000,1.4117831903526223e-11,1.993131671728084e-22,2.1781439140271645e-22,-0.36082473397254944,-0.36082473397254944,-2.3194210529327393,0
13.352,-200000,1.3819323289865348e-11,1.909736830924974e-22,2.2146844560279811e-22,-0.36082473397254944,-0.36082473397254944,-2.3074944019317627,0
13.356,-200000,1.3372125455546335e-11,1.7881375195908829e-22,2.2504341176396594e-22,-0.36082473397254944,-0.36082473397254944,-2.1564056873321533,0
13.36,-200000,1.2784118381958809e-11,1.6343367798879252e-22,2.2820281862203781e-22,-0.36082473397254944,-0.36082473397254944,-1.9144226312637329,0
13.364,-200000,1.2064493501440232e-11,1.4555201880295781e-22,2.3063940169898654e-22,-0.36082473397254944,-0.36082473397254944,-1.7104635238647461,0
13.368,-200000,1.122364007288823e-11,1.2597009299822043e-22,2.3208704350160124e-22,-0.36082473397254944,-0.36082473397254944,-1.6892760992050171,0
13.372,-200000,1.0273023751117272e-11,1.0553501727993014e-22,2.3232991168621344e-22,-0.36082473397254944,-0.36082473397254944,-1.8654382228851318,0
13.376,-200000,9.2250512784275429e-12,8.5101576081435467e-23,2.3120965347015271e-22,-0.36082473397254944,-0.36082473397254944,-2.1139545440673828,0
13.38,-200000,8.0929247678329652e-12,6.5495429091464176e-23,2.2862973752216894e-22,-0.36082473397254944,-0.36082473397254944,-2.308013916015625,0
13.384,-200000,6.8904790727353227e-12,4.7478697985993905e-23,2.2455706954956632e-22,-0.36082473397254944,-0.36082473397254944,-2.3958461284637451,0
13.388,-200000,5.6320516826635636e-12,3.1720002335628258e-23,2.1902126023528322e-22,-0.36082473397254944,-0.36082473397254944,-2.3762710094451904,0
13.392,-200000,4.3323183582244518e-12,1.8768982553801786e-23,2.1211078821844922e-22,-0.36082473397254944,-0.36082473397254944,-2.2741966247558594,0
13.396,-200000,3.006139824915377e-12,9.0368773524325385e-24,2.0396771157087653e-22,-0.36082473397254944,-0.36082473397254944,-2.1560928821563721,0
13.4,-200000,1.6683907944417542e-12,2.7835278501542279e-24,1.9477972870090981e-22,-0.36082473397254944,-0.36082473397254944,-2.1095530986785889,0
13.404,-200000,3.33802592771687e-13,1.1142417464999403e-25,1.8477104018870012e-22,-0.36082473397254944,-0.36082473397254944,-2.1586360931396484,0
13.408,-200000,-9.8319410338915114e-13,9.6667064629589363e-25,1.7419213777064771e-22,-0.36082473397254944,-0.36082473397254944,-2.2402355670928955,0
13.412,-200000,-2.2686123812842851e-12,5.1466023041565192e-24,1.6330869717785654e-22,-0.36082473397254944,-0.36082473397254944,-2.2681758403778076,0
13.416,-200000,-3.5090517731123372e-12,1.2313443465565125e-23,1.5239059719233359e-22,-0.36082473397254944,-0.36082473397254944,-2.1918671131134033,0
13.42,-200000,-4.6918371965354311e-12,2.2013333954147862e-23,1.4170116589512885e-22,-0.36082473397254944,-0.36082473397254944,-2.0254333019256592,0
13.424,-200000,-5.8051541004799923e-12,3.3699809704905052e-23,1.3148702013787616e-22,-0.36082473397254944,-0.36082473397254944,-1.8406652212142944,0
13.428,-200000,-6.8381632821468141e-12,4.6760477997113624e-23,1.2196921767888016e-22,-0.36082473397254944,-0.36082473397254944,-1.7077175378799438,0
13.432,-200000,-7.7810978146852783e-12,6.0545478372496129e-23,1.1333563363132828e-22,-0.36082473397254944,-0.36082473397254944,-1.6291357278823853,0
13.436,-200000,-8.6253547706971467e-12,7.439674621936082e-23,1.0573502822928349e-22,-0.36082473397254944,-0.36082473397254944,-1.545201301574707,0
13.44,-200000,-9.3635585396434351e-12,8.7676228749459596e-23,9.9272919507428152e-23,-0.36082473397254944,-0.36082473397254944,-1.4029852151870728,0
13.444,-200000,-9.9896315178260586e-12,9.9792734667758106e-23,9.4009399734078374e-23,-0.36082473397254944,-0.36082473397254944,-1.2003238201141357,0
13.448,-200000,-1.0498829236538221e-11,1.1022541382841875e-22,8.9958788312385731e-23,-0.36082473397254944,-0.36082473397254944,-0.97141218185424805,0
13.452,-200000,-1.088779327113043e-11,1.1854404673728294e-22,8.7091152704162518e-23,-0.36082473397254944,-0.36082473397254944,-0.76562213897705078,0
13.456,-200000,-1.1154574659777428e-11,1.2442451884738797e-22,8.5335564847698502e-23,-0.36082473397254944,-0.36082473397254944,-0.63624268770217896,0
13.46,-200000,-1.1298640842372087e-11,1.2765929032090104e-22,8.458482170141777e-23,-0.36082473397254944,-0.36082473397254944,-0.59987258911132812,0
13.464,-200000,-1.1320838363970687e-11,1.2816137188808163e-22,8.4701383788773227e-23,-0.36082473397254944,-0.36082473397254944,-0.61409980058670044,0
13.468,-200000,-1.122335991504686e-11,1.2596379473275314e-22,8.552433610687427e-23,-0.36082473397254944,-0.36082473397254944,-0.631877601146698,0
13.472,-200000,-1.1009691422425583e-11,1.2121329960506117e-22,8.6876866527868282e-23,-0.36082473397254944,-0.36082473397254944,-0.65096491575241089,0
13.476,-200000,-1.0684560007578892e-11,1.1415981026155423e-22,8.8574192273316295e-23,-0.36082473397254944,-0.36082473397254944,-0.69020539522171021,0
13.48,-200000,-1.0253830770579064e-11,1.0514104752208828e-22,9.0431246574853458e-23,-0.36082473397254944,-0.36082473397254944,-0.73975735902786255,0
13.484,-200000,-9.7243975025196328e-12,9.4563899530689086e-23,9.2270106588472603e-23,-0.36082473397254944,-0.36082473397254944,-0.74548846483230591,0
13.488,-200000,-9.1040508465312087e-12,8.2883740978060905e-23,9.3926733422098454e-23,-0.36082473397254944,-0.36082473397254944,-0.64834338426589966,0
13.492,-200000,-8.4013655407555454e-12,7.0582950841415525e-23,9.5256816017173497e-23,-0.36082473397254944,-0.36082473397254944,-0.44865918159484863,0
13.496,-200000,-7.6255763856170056e-12,5.8149411191639553e-23,9.6140529557638283e-23,-0.36082473397254944,-0.36082473397254944,-0.21588869392871857,0
13.5,-200000,-6.7864568131792424e-12,4.6055996809758673e-23,9.6486082188561295e-23,-0.36082473397254944,-0.36082473397254944,-0.030895465984940529,0
13.504,-200000,-5.8942156710983795e-12,3.4741778209288036e-23,9.6232024800869437e-23,-0.36082473397254944,-0.36082473397254944,0.0461127869784832,0
13.508,-200000,-4.9593593121066704e-12,2.4595244142500025e-23,9.5348046203140497e-23,-0.36082473397254944,-0.36082473397254944,-0.034531097859144211,0
13.512,-200000,-3.992578403305691e-12,1.5940682705756513e-23,9.3834695442564508e-23,-0.36082473397254944,-0.36082473397254944,-0.27914127707481384,0
13.516,-200000,-3.0046150029799934e-12,9.0277115775747756e-24,9.1721658932726747e-23,-0.36082473397254944,-0.36082473397254944,-0.58869218826293945,0
13.52,-200000,-2.0061452499220422e-12,4.0246188492960628e-24,8.9065084637417226e-23,-0.36082473397254944,-0.36082473397254944,-0.78520947694778442,0
13.524,-200000,-1.0076627032784558e-12,1.0153841876998752e-24,8.5943820781834595e-23,-0.36082473397254944,-0.36082473397254944,-0.74268418550491333,0
13.528,-200000,-1.938084228151303e-14,3.756170781711321e-28,8.2455023475065873e-23,-0.36082473397254944,-0.36082473397254944,-0.48025664687156677,0
13.532,-200000,9.4885362587893152e-13,9.0032330264705413e-25,7.8709101689405794e-23,-0.36082473397254944,-0.36082473397254944,-0.12576481699943542,0
13.536,-200000,1.88764693979937e-12,3.5632109503886722e-24,7.482442242596096e-23,-0.36082473397254944,-0.36082473397254944,0.17201586067676544,0
13.54,-200000,2.788148184551531e-12,7.773769837071664e-24,7.092183917541123e-23,-0.36082473397254944,-0.36082473397254944,0.31426405906677246,0
13.544,-200000,3.6421295666888565e-12,1.3265106328962028e-23,6.711951699047147e-23,-0.36082473397254944,-0.36082473397254944,0.30653223395347595,0
13.548,-200000,4.4420534958677926e-12,1.9731839353443776e-23,6.3527896397872621e-23,-0.36082473397254944,-0.36082473397254944,0.24583940207958221,0
13.552,-200000,5.181154116851161e-12,2.684435915848841e-23,6.0245313642615913e-23,-0.36082473397254944,-0.36082473397254944,0.222225621342659,0
13.556,-200000,5.853493904861562e-12,3.4263390868256669e-23,5.7354302508049191e-23,-0.36082473397254944,-0.36082473397254944,0.24095337092876434,0
13.56,-200000,6.4539970590082874e-12,4.1654077227978526e-23,5.491870392951018e-23,-0.36082473397254944,-0.36082473397254944,0.24966363608837128,0
13.564,-200000,6.9784677168838183e-12,4.8699012163829255e-23,5.2981652821296364e-23,-0.36082473397254944,-0.36082473397254944,0.22276851534843445,0
13.568,-200000,7.423599061862074e-12,5.5109829149627126e-23,5.1564451583292333e-23,-0.36082473397254944,-0.36082473397254944,0.20217947661876678,0
13.572,-200000,7.7869819967157916e-12,6.0637093522584877e-23,5.0666488059435635e-23,-0.36082473397254944,-0.36082473397254944,0.25095710158348083,0
13.576,-200000,8.0670999394460985e-12,6.5078102739940535e-23,5.0266014932291136e-23,-0.36082473397254944,-0.36082473397254944,0.36677393317222595,0
13.58,-200000,8.2633136444520972e-12,6.8282354762752417e-23,5.0321762154741294e-23,-0.36082473397254944,-0.36082473397254944,0.45168203115463257,0
13.584,-200000,8.3758399521682847e-12,7.0154687722301901e-23,5.0775278289152854e-23,-0.36082473397254944,-0.36082473397254944,0.39990440011024475,0
13.588,-200000,8.405732707106317e-12,7.0656340149150046e-23,5.1554007064907207e-23,-0.36082473397254944,-0.36082473397254944,0.21700386703014374,0
13.592,-200000,8.3548497981089653e-12,6.9803512090846473e-23,5.257469841295457e-23,-0.36082473397254944,-0.36082473397254944,0.012069019488990307,0
13.596,-200000,8.2258071881780026e-12,6.7663906745720869e-23,5.3747232863482494e-23,-0.36082473397254944,-0.36082473397254944,-0.11780679225921631,0
13.6,-200000,8.0219277401316624e-12,6.4351328343404038e-23,5.4978600560321801e-23,-0.36082473397254944,-0.36082473397254944,-0.15674075484275818,0
13.604,-200000,7.7471778991977658e-12,6.0018759101523681e-23,5.6176741435833199e-23,-0.36082473397254944,-0.36082473397254944,-0.13209161162376404,0
13.608,-200000,7.4061104471390138e-12,5.4850476927539425e-23,5.7254420095673727e-23,-0.36082473397254944,-0.36082473397254944,-0.043067764490842819,0
13.612,-200000,7.003771694547023e-12,4.90528194352645e-23,5.8132542190042307e-23,-0.36082473397254944,-0.36082473397254944,0.13612863421440125,0
13.616,-200000,6.545650740180653e-12,4.2845541184788133e-23,5.8743183639555788e-23,-0.36082473397254944,-0.36082473397254944,0.38723316788673401,0
13.62,-200000,6.0376079136226224e-12,3.6452710227629301e-23,5.9031969839739096e-23,-0.36082473397254944,-0.36082473397254944,0.63124418258666992,0
13.624,-200000,5.4858227335752296e-12,3.0094248362389138e-23,5.8959861642114654e-23,-0.36082473397254944,-0.36082473397254944,0.77733695507049561,0
13.628,-200000,4.8967310241343487e-12,2.3977973105939067e-23,5.8504215583258997e-23,-0.36082473397254944,-0.36082473397254944,0.76309823989868164,0
13.632,-200000,4.2769772098938397e-12,1.8292532655153641e-23,5.7659143605375557e-23,-0.36082473397254944,-0.36082473397254944,0.59413880109786987,0
13.636,-200000,3.6333672615712631e-12,1.3201357690350213e-23,5.643523537725602e-23,-0.36082473397254944,-0.36082473397254944,0.36236247420310974,0
13.64,-200000,2.972817738505773e-12,8.8376450087926354e-24,5.4858460199900262e-23,-0.36082473397254944,-0.36082473397254944,0.17654752731323242,0
13.644,-200000,2.302278159782567e-12,5.3004846120770767e-24,5.2968620839142113e-23,-0.36082473397254944,-0.36082473397254944,0.079258404672145844,0
13.648,-200000,1.628653266937119e-12,2.6525112672171803e-24,5.081716680322009e-23,-0.36082473397254944,-0.36082473397254944,0.064118370413780212,0
13.652,-200000,9.5874404335699603e-13,9.191899958791593e-25,4.8464669987880681e-23,-0.36082473397254944,-0.36082473397254944,0.13618786633014679,0
13.656,-200000,2.9919716335556623e-13,8.9518937122397249e-26,4.5977968999901452e-23,-0.36082473397254944,-0.36082473397254944,0.30473843216896057,0
13.66,-200000,-3.4355282290884914e-13,1.1802854280040763e-25,4.3427143086658618e-23,-0.36082473397254944,-0.36082473397254944,0.54322272539138794,0
13.664,-200000,-9.6334453001528653e-13,9.2803283080384739e-25,4.088247659936375e-23,-0.36082473397254944,-0.36082473397254944,0.78499698638916016,0
13.668,-200000,-1.5543570120249428e-12,2.4160259534043465e-24,3.8411518119609112e-23,-0.36082473397254944,-0.36082473397254944,0.93541640043258667,0
13.672,-200000,-2.111174082775058e-12,4.4570558314592119e-24,3.6076398332289911e-23,-0.36082473397254944,-0.36082473397254944,0.90920001268386841,0
13.676,-200000,-2.6288272773900001e-12,6.9107331297936257e-24,3.39314129557907e-23,-0.36082473397254944,-0.36082473397254944,0.72664147615432739,0
13.68,-200000,-3.1028142295080885e-12,9.6274564914044385e-24,3.2021138942143706e-23,-0.36082473397254944,-0.36082473397254944,0.54976224899291992,0
13.684,-200000,-3.5291272942189478e-12,1.2454740286603787e-23,3.0378960884857884e-23,-0.36082473397254944,-0.36082473397254944,0.53757238388061523,0
13.688,-200000,-3.9042892183149824e-12,1.524347639366951e-23,2.9026152784825234e-23,-0.36082473397254944,-0.36082473397254944,0.69811183214187622,0
13.692,-200000,-4.2253900031652414e-12,1.7853921258685327e-23,2.7971578283176818e-23,-0.36082473397254944,-0.36082473397254944,0.91613548994064331,0
13.696,-200000,-4.4901018667053982e-12,2.0161012818042025e-23,2.7211804257253115e-23,-0.36082473397254944,-0.36082473397254944,1.0446256399154663,0
13.7,-200000,-4.6966991927577251e-12,2.2058983757011192e-23,2.6731867593403894e-23,-0.36082473397254944,-0.36082473397254944,0.99475604295730591,0
13.704,-200000,-4.8440721919784657e-12,2.3465035234980829e-23,2.6506325949713965e-23,-0.36082473397254944,-0.36082473397254944,0.82890307903289795,0
13.708,-200000,-4.9317472848586785e-12,2.4322131030781648e-23,2.6500870187693456e-23,-0.36082473397254944,-0.36082473397254944,0.72221308946609497,0
13.712,-200000,-4.9598797291494634e-12,2.4600406448263791e-23,2.667406617715654e-23,-0.36082473397254944,-0.36082473397254944,0.79114425182342529,0
13.716,-200000,-4.9292536198619619e-12,2.4297542236365909e-23,2.6979462632560181e-23,-0.36082473397254944,-0.36082473397254944,0.98267781734466553,0
13.72,-200000,-4.8412628073091213e-12,2.3437824266916136e-23,2.736772734833548e-23,-0.36082473397254944,-0.36082473397254944,1.1276702880859375,0
13.724,-200000,-4.6978939835518041e-12,2.2070207669970676e-23,2.7788821299542456e-23,-0.36082473397254944,-0.36082473397254944,1.1070766448974609,0
13.728,-200000,-4.5016850490353644e-12,2.0265167701080166e-23,2.8194115944539666e-23,-0.36082473397254944,-0.36082473397254944,0.96106940507888794,0
13.732,-200000,-4.2556826118644864e-12,1.8110832745132275e-23,2.8538327511923802e-23,-0.36082473397254944,-0.36082473397254944,0.81827199459075928,0
13.736,-200000,-3.963410762780617e-12,1.5708626648711269e-23,2.8781230406415835e-23,-0.36082473397254944,-0.36082473397254944,0.7543908953666687,0
13.74,-200000,-3.6288235871068109e-12,1.3168360427545724e-23,2.8889130801031965e-23,-0.36082473397254944,-0.36082473397254944,0.74467802047729492,0
13.744,-200000,-3.2562691692356038e-12,1.0603290052937314e-23,2.8835892156260409e-23,-0.36082473397254944,-0.36082473397254944,0.72222983837127686,0
13.748,-200000,-2.8504369004034302e-12,8.1249896447377838e-24,2.8603752479959212e-23,-0.36082473397254944,-0.36082473397254944,0.65071141719818115,0
13.752,-200000,-2.4163032685819985e-12,5.8385216704567313e-24,2.8183633560831089e-23,-0.36082473397254944,-0.36082473397254944,0.5494658350944519,0
13.756,-200000,-1.9590665895075077e-12,3.8379420158236574e-24,2.7575128346648946e-23,-0.36082473397254944,-0.36082473397254944,0.4753628671169281,0
13.76,-200000,-1.4840770756405219e-12,2.2024848562350921e-24,2.6786097047472407e-23,-0.36082473397254944,-0.36082473397254944,0.4708457887172699,0
13.764,-200000,-9.9677785556778753e-13,9.9356606999849881e-25,2.5831985559825698e-23,-0.36082473397254944,-0.36082473397254944,0.52059680223464966,0
13.768,-200000,-5.0264669813546159e-13,2.5265373297053383e-25,2.4734840968287935e-23,-0.36082473397254944,-0.36082473397254944,0.58210122585296631,0
13.772,-200000,-7.140311562500723e-15,5.0984054063638501e-29,2.3522099855142707e-23,-0.36082473397254944,-0.36082473397254944,0.63843220472335815,0
13.776,-200000,4.8435588222497938e-13,2.3460065115455097e-25,2.2225233037342899e-23,-0.36082473397254944,-0.36082473397254944,0.68802344799041748,0
13.78,-200000,9.6658152402145925e-13,9.3427982031229258e-25,2.0878270396617936e-23,-0.36082473397254944,-0.36082473397254944,0.72808778285980225,0
13.784,-200000,1.4344627916051955e-12,2.0576833234097599e-24,1.9516330442746447e-23,-0.36082473397254944,-0.36082473397254944,0.76686257123947144,0
13.788,-200000,1.8831772079230813e-12,3.5463569371486252e-24,1.8174130944167209e-23,-0.36082473397254944,-0.36082473397254944,0.80100852251052856,0
13.792,-200000,2.3082137329960561e-12,5.3278509857400989e-24,1.6884619465447682e-23,-0.36082473397254944,-0.36082473397254944,0.79873418807983398,0
13.796,-200000,2.705427895599577e-12,7.3193402017318584e-24,1.5677728544775573e-23,-0.36082473397254944,-0.36082473397254944,0.74335050582885742,0
13.8,-200000,3.0710898234198591e-12,9.4315933726907344e-24,1.4579331242120319e-23,-0.36082473397254944,-0.36082473397254944,0.66118556261062622,0
13.804,-200000,3.4019106975868851e-12,1.1572997320680242e-23,1.3610417568448043e-23,-0.36082473397254944,-0.36082473397254944,0.59428393840789795,0
13.808,-200000,3.6950746282182756e-12,1.3653576148572684e-23,1.2786478385354568e-23,-0.36082473397254944,-0.36082473397254944,0.57521456480026245,0
13.812,-200000,3.9482536164092696e-12,1.5588707169343192e-23,1.2117196171590578e-23,-0.36082473397254944,-0.36082473397254944,0.62603777647018433,0
13.816,-200000,4.1596053858283799e-12,1.7302316581596776e-23,1.1606331427091262e-23,-0.36082473397254944,-0.36082473397254944,0.74305897951126099,0
13.82,-200000,4.3277660101426196e-12,1.8729560018924271e-23,1.1251868612243778e-23,-0.36082473397254944,-0.36082473397254944,0.87342536449432373,0
13.824,-200000,4.4518473109322887e-12,1.981894537459828e-23,1.1046362457824652e-23,-0.36082473397254944,-0.36082473397254944,0.94003856182098389,0
13.828,-200000,4.5314446639466155e-12,2.0533990987195951e-23,1.097748306788528e-23,-0.36082473397254944,-0.36082473397254944,0.89288634061813354,0
13.832,-200000,4.566633095975936e-12,2.0854137563805415e-23,1.1028714850513953e-23,-0.36082473397254944,-0.36082473397254944,0.73690909147262573,0
13.836,-200000,4.5579512386595411e-12,2.0774920151703121e-23,1.1180187188369061e-23,-0.36082473397254944,-0.36082473397254944,0.53745555877685547,0
13.84,-200000,4.5063974253578554e-12,2.0307619461833729e-23,1.1409585573024615e-23,-0.36082473397254944,-0.36082473397254944,0.37631672620773315,0
13.844,-200000,4.4134097418324636e-12,1.947818428481358e-23,1.1693138469962687e-23,-0.36082473397254944,-0.36082473397254944,0.28855594992637634,0
13.848,-200000,4.2808556179052548e-12,1.8325726344323531e-23,1.2006604183565834e-23,-0.36082473397254944,-0.36082473397254944,0.25641649961471558,0
13.852,-200000,4.1109880256906539e-12,1.6900223134152954e-23,1.2326225378812421e-23,-0.36082473397254944,-0.36082473397254944,0.24240982532501221,0
13.856,-200000,3.9063960399765563e-12,1.525993203215242e-23,1.2629633904734906e-23,-0.36082473397254944,-0.36082473397254944,0.22611507773399353,0
13.86,-200000,3.6699671079887253e-12,1.3468657686058017e-23,1.2896645177351398e-23,-0.36082473397254944,-0.36082473397254944,0.21797017753124237,0
13.864,-200000,3.4048458497082379e-12,1.159297601196587e-23,1.3109944488653202e-23,-0.36082473397254944,-0.36082473397254944,0.22262482345104218,0
13.868,-200000,3.1143850519332883e-12,9.6993942950733531e-24,1.3255611599106788e-23,-0.36082473397254944,-0.36082473397254944,0.20704266428947449,0
13.872,-200000,2.8020970960218605e-12,7.8517471598309506e-24,1.3323504124053729e-23,-0.36082473397254944,-0.36082473397254944,0.15215881168842316,0
13.876,-200000,2.4716097224430911e-12,6.1088548363451094e-24,1.3307469737294207e-23,-0.36082473397254944,-0.36082473397254944,0.11009975522756577,0
13.88,-200000,2.1266332878716598e-12,4.5225691519160065e-24,1.3205369836914167e-23,-0.36082473397254944,-0.36082473397254944,0.14754354953765869,0
13.884,-200000,1.770914469755025e-12,3.1361380251657997e-24,1.3018998292612082e-23,-0.36082473397254944,-0.36082473397254944,0.2630365788936615,0
13.888,-200000,1.4081933319073925e-12,1.9830081723997285e-24,1.275378956716402e-23,-0.36082473397254944,-0.36082473397254944,0.38493600487709045,0
13.892,-200000,1.0421724247478004e-12,1.0861232186156933e-24,1.2418433752301895e-23,-0.36082473397254944,-0.36082473397254944,0.41712832450866699,0
13.896,-200000,6.7647786244212638e-13,4.5762230333465478e-25,1.2024365386846885e-23,-0.36082473397254944,-0.36082473397254944,0.31239771842956543,0
13.9,-200000,3.1461422009271267e-13,9.8982106378452685e-26,1.1585164711282371e-23,-0.36082473397254944,-0.36082473397254944,0.12264440208673477,0
13.904,-200000,-4.0065888296967819e-14,1.6052754160808913e-27,1.1115895813454453e-23,-0.36082473397254944,-0.36082473397254944,-0.055616579949855804,0
13.908,-200000,-3.8437533863254492e-13,1.477444154101141e-25,1.0632408486670832e-23,-0.36082473397254944,-0.36082473397254944,-0.17145642638206482,0
13.912,-200000,-7.1529604071460251e-13,5.1164837920104073e-25,1.015063298805154e-23,-0.36082473397254944,-0.36082473397254944,-0.22574314475059509,0
13.916,-200000,-1.0299865344301495e-12,1.0608722740776344e-24,9.6858992515677372e-24,-0.36082473397254944,-0.36082473397254944,-0.22216598689556122,0
13.92,-200000,-1.3257991709689221e-12,1.7577436161027583e-24,9.2522994884302924e-24,-0.36082473397254944,-0.36082473397254944,-0.15584743022918701,0
13.924,-200000,-1.6003040906320543e-12,2.5609732282819182e-24,8.8621138963507808e-24,-0.36082473397254944,-0.36082473397254944,-0.035681407898664474,0
13.928,-200000,-1.8513194449676362e-12,3.4273840908668131e-24,8.525357064520983e-24,-0.36082473397254944,-0.36082473397254944,0.1097731813788414,0
13.932,-200000,-2.0769284729549309e-12,4.3136322414200745e-24,8.2494135198746731e-24,-0.36082473397254944,-0.36082473397254944,0.24141629040241241,0
13.936,-200000,-2.2754801515256773e-12,5.1778104304279676e-24,8.0387979133724308e-24,-0.36082473397254944,-0.36082473397254944,0.320932537317276,0
13.94,-200000,-2.445583232452142e-12,5.980877537260652e-24,7.8950485237794372e-24,-0.36082473397254944,-0.36082473397254944,0.31408706307411194,0
13.944,-200000,-2.5861164338475406e-12,6.687998253204473e-24,7.8167430348835787e-24,-0.36082473397254944,-0.36082473397254944,0.18898877501487732,0
13.948,-200000,-2.6962421011134108e-12,7.269721639654362e-24,7.799636586153861e-24,-0.36082473397254944,-0.36082473397254944,-0.042821042239665985,0
13.952,-200000,-2.7754263731000206e-12,7.7029916589334244e-24,7.8369268300045635e-24,-0.36082473397254944,-0.36082473397254944,-0.27996435761451721,0
13.956,-200000,-2.8234456873194036e-12,7.9718457106245131e-24,7.9196041860371568e-24,-0.36082473397254944,-0.36082473397254944,-0.38907760381698608,0
13.96,-200000,-2.840392200956221e-12,8.0678279946845641e-24,8.0369109580871422e-24,-0.36082473397254944,-0.36082473397254944,-0.31741800904273987,0
13.964,-200000,-2.8266514563030087e-12,7.989959534730198e-24,8.17683831659434e-24,-0.36082473397254944,-0.36082473397254944,-0.12646520137786865,0
13.968,-200000,-2.7828850335254174e-12,7.7444494549464095e-24,8.3266753457929242e-24,-0.36082473397254944,-0.36082473397254944,0.067042097449302673,0
13.972,-200000,-2.7100266475343915e-12,7.3442445405096858e-24,8.473558879762361e-24,-0.36082473397254944,-0.36082473397254944,0.17243945598602295,0
13.976,-200000,-2.6092854005926869e-12,6.8083705387321472e-24,8.6050335936701157e-24,-0.36082473397254944,-0.36082473397254944,0.17334720492362976,0
13.98,-200000,-2.4821499022831262e-12,6.1610679619398777e-24,8.7095710742472885e-24,-0.36082473397254944,-0.36082473397254944,0.12614366412162781,0
13.984,-200000,-2.3303858842638192e-12,5.4306983318278357e-24,8.7770305145572633e-24,-0.36082473397254944,-0.36082473397254944,0.10595881938934326,0
13.988,-200000,-2.156019503554707e-12,4.648419681999988e-24,8.7990720771100436e-24,-0.36082473397254944,-0.36082473397254944,0.14180204272270203,0
13.992,-200000,-1.9613130564088976e-12,3.8467488589695448e-24,8.7694495612580894e-24,-0.36082473397254944,-0.36082473397254944,0.19534394145011902,0
13.996,-200000,-1.7487328859283613e-12,3.0580666307435655e-24,8.6842249733625374e-24,-0.36082473397254944,-0.36082473397254944,0.18725864589214325,0
14,-200000,-1.520908073961158e-12,2.3131616468071474e-24,8.5418553014927753e-24,-0.36082473397254944,-0.36082473397254944,0.069712616503238678,0
14.004,-200000,-1.2805936866477907e-12,1.6399201401598532e-24,8.343193304287347e-24,-0.36082473397254944,-0.36082473397254944,-0.1169171929359436,0
14.008,-200000,-1.0306379230953788e-12,1.0622144223002548e-24,8.0913676040963591e-24,-0.36082473397254944,-0.36082473397254944,-0.27363690733909607,0
14.012,-200000,-7.739533840200874e-13,5.9900377900920784e-25,7.7915728499806918e-24,-0.36082473397254944,-0.36082473397254944,-0.30636423826217651,0
14.016,-200000,-5.1349706821704477e-13,2.636792474123553e-25,7.4507999272824139e-24,-0.36082473397254944,-0.36082473397254944,-0.19363412261009216,0
14.02,-200000,-2.5224939324830498e-13,6.362975480820805e-26,7.0774809702174327e-24,-0.36082473397254944,-0.36082473397254944,-0.041000537574291229,0
14.024,-200000,6.8102071528461979e-15,4.6378920843896648e-29,6.6811028200319362e-24,-0.36082473397254944,-0.36082473397254944,0.0011475324863567948,0
14.028,-200000,2.6074151518451494e-13,6.7986140549677935e-26,6.2717830122658363e-24,-0.36082473397254944,-0.36082473397254944,-0.094945833086967468,0
14.032,-200000,5.066940790554586e-13,2.5673887382012413e-25,5.85983471996354e-24,-0.36082473397254944,-0.36082473397254944,-0.22031252086162567,0
14.036,-200000,7.4195884896058328e-13,5.5050293422679644e-25,5.4553466852419188e-24,-0.36082473397254944,-0.36082473397254944,-0.25822544097900391,0
14.04,-200000,9.6400383335637496e-13,9.2930338989931898e-25,5.0677805057981935e-24,-0.36082473397254944,-0.36082473397254944,-0.16909046471118927,0
14.044,-200000,1.1705008707077469e-12,1.3700723209434123e-24,4.7056184085157531e-24,-0.36082473397254944,-0.36082473397254944,-0.0027215469162911177,0
14.048,-200000,1.3593490482549653e-12,1.8478299537571874e-24,4.3760599324460971e-24,-0.36082473397254944,-0.36082473397254944,0.12793679535388947,0
14.052,-200000,1.5287004518152458e-12,2.3369252927160252e-24,4.0847943424376795e-24,-0.36082473397254944,-0.36082473397254944,0.13105647265911102,0
14.056,-200000,1.6769786514297946e-12,2.8122571782462456e-24,3.8358412792330538e-24,-0.36082473397254944,-0.36082473397254944,0.24068538844585419,0
14.06,-200000,1.80289084442814e-12,3.2504155713397364e-24,3.6314762121133302e-24,-0.36082473397254944,-0.36082473397254944,1.76658034324646,0
14.064,-200000,1.9054215670555319e-12,3.6306313420838385e-24,3.4722292556068172e-24,-0.36082473397254944,-0.36082473397254944,7.0499320030212402,0
14.068,-200000,1.9838325860527251e-12,3.935591557406893e-24,3.3569526170964181e-24,-0.36082473397254944,-0.36082473397254944,16.956140518188477,0
14.072,-200000,2.0376703796509688e-12,4.152101138162494e-24,3.2829604224150818e-24,-0.36082473397254944,-0.36082473397254944,28.457744598388672,0
14.076,-200000,2.0667773048543836e-12,4.2715682058014271e-24,3.2462142953737556e-24,-0.36082473397254944,-0.36082473397254944,36.008556365966797,0
14.08,-200000,2.0712858511684473e-12,4.2902251606403566e-24,3.2415677074267775e-24,-0.36082473397254944,-0.36082473397254944,35.278278350830078,0
14.084,-200000,2.0516188574404293e-12,4.2091401203449519e-24,3.2630278794924099e-24,-0.36082473397254944,-0.36082473397254944,26.052450180053711,0
14.088,-200000,2.0084825729654865e-12,4.0340023497636668e-24,3.3040472660573184e-24,-0.36082473397254944,-0.36082473397254944,12.582837104797363,0
14.092,-200000,1.9428549481032009e-12,3.7746856264167001e-24,3.3578191808008034e-24,-0.36082473397254944,-0.36082473397254944,0.61464691162109375,0
14.096,-200000,1.8559587460637017e-12,3.444582441891989e-24,3.4175580394313802e-24,-0.36082473397254944,-0.36082473397254944,-6.5877838134765625,0
14.1,-200000,1.7492347631140048e-12,3.0598222406881349e-24,3.4767742777122481e-24,-0.36082473397254944,-0.36082473397254944,-9.2583799362182617,0
14.104,-200000,1.6243244813432534e-12,2.6384301000589852e-24,3.5295112069480831e-24,-0.36082473397254944,-0.36082473397254944,-9.095179557800293,0
14.108,-200000,1.4830572750770821e-12,2.1994587858026643e-24,3.5705453846549645e-24,-0.36082473397254944,-0.36082473397254944,-7.5791730880737305,0
14.112,-200000,1.3274306783980783e-12,1.7620722931049323e-24,3.5955542475027336e-24,-0.36082473397254944,-0.36082473397254944,-6.0011358261108398,0
14.116,-200000,1.159572980170831e-12,1.3446094686446885e-24,3.601228918424441e-24,-0.36082473397254944,-0.36082473397254944,-5.4853734970092773,0
14.12,-200000,9.8170571064676304e-13,9.6374614170501303e-25,3.5853487539718894e-24,-0.36082473397254944,-0.36082473397254944,-6.2660470008850098,0
14.124,-200000,7.9610309230288001e-13,6.3378016967400381e-25,3.5468050101427908e-24,-0.36082473397254944,-0.36082473397254944,-7.531064510345459,0
14.128,-200000,6.0505306277366944e-13,3.6608919478005034e-25,3.4855787542754198e-24,-0.36082473397254944,-0.36082473397254944,-8.395421028137207,0
14.132,-200000,4.1081981566604142e-13,1.6877292032321924e-25,3.402682094911175e-24,-0.36082473397254944,-0.36082473397254944,-8.724818229675293,0
14.136,-200000,2.1561752220917302e-13,4.6490916559057682e-26,3.3000554326616737e-24,-0.36082473397254944,-0.36082473397254944,-8.820704460144043,0
14.14,-200000,2.1594024176207691e-14,4.6630182479266267e-28,3.1804473561359324e-24,-0.36082473397254944,-0.36082473397254944,-8.7683534622192383,0
14.144,-200000,-1.6918053329789684e-13,2.8622052253371399e-26,3.0472598279877166e-24,-0.36082473397254944,-0.36082473397254944,-8.4951553344726562,0
14.148,-200000,-3.5473157072342387e-13,1.2583449402089256e-25,2.9043819324797658e-24,-0.36082473397254944,-0.36082473397254944,-8.1429214477539062,0
14.152,-200000,-5.3319891904490824e-13,2.8430108220286736e-25,2.7560082402603666e-24,-0.36082473397254944,-0.36082473397254944,-7.9601225852966309,0
14.156,-200000,-7.0285590498750383e-13,4.9400639252429117e-25,2.6064512566831359e-24,-0.36082473397254944,-0.36082473397254944,-7.9785528182983398,0
14.16,-200000,-8.621278062108384e-13,7.4326435046878471e-25,2.4599601810140466e-24,-0.36082473397254944,-0.36082473397254944,-8.0416288375854492,0
14.164,-200000,-1.0096053767311153e-12,1.0193029528541738e-24,2.3205469626018265e-24,-0.36082473397254944,-0.36082473397254944,-8.0209684371948242,0
14.168,-200000,-1.1440584807634324e-12,1.3088698295108111e-24,2.1918354312298347e-24,-0.36082473397254944,-0.36082473397254944,-7.8943548202514648,0
14.172,-200000,-1.2644555541507785e-12,1.5988478013066818e-24,2.0769277824078528e-24,-0.36082473397254944,-0.36082473397254944,-7.71685791015625,0
14.176,-200000,-1.3699862641894378e-12,1.87686220443681e-24,1.9782970950737486e-24,-0.36082473397254944,-0.36082473397254944,-7.5371079444885254,0
14.18,-200000,-1.460059829115623e-12,2.1317747173499278e-24,1.897711600946575e-24,-0.36082473397254944,-0.36082473397254944,-7.3149008750915527,0
14.184,-200000,-1.5342933087220123e-12,2.3540561961338047e-24,1.8361788726175257e-24,-0.36082473397254944,-0.36082473397254944,-6.9996604919433594,0
14.188,-200000,-1.5925028223201521e-12,2.5360653396300174e-24,1.793931821268867e-24,-0.36082473397254944,-0.36082473397254944,-6.6724157333374023,0
14.192,-200000,-1.6346982361498119e-12,2.6722385090892685e-24,1.7704415156636483e-24,-0.36082473397254944,-0.36082473397254944,-6.4666762351989746,0
14.196,-200000,-1.6610671171868319e-12,2.7591441595738464e-24,1.7644631332934309e-24,-0.36082473397254944,-0.36082473397254944,-6.3589363098144531,0
14.2,-200000,-1.6719476280888101e-12,2.7954086870325353e-24,1.774107746720663e-24,-0.36082473397254944,-0.36082473397254944,-6.1920204162597656,0
14.204,-200000,-1.66781052943904e-12,2.7815919854928155e-24,1.7969411284070589e-24,-0.36082473397254944,-0.36082473397254944,-5.921846866607666,0
14.208,-200000,-1.6492551681984713e-12,2.7200424938695302e-24,1.8300979383296295e-24,-0.36082473397254944,-0.36082473397254944,-5.6700835227966309,0
14.212,-200000,-1.6169967925402928e-12,2.6146788787093647e-24,1.8704112943843652e-24,-0.36082473397254944,-0.36082473397254944,-5.4877676963806152,0
14.216,-200000,-1.571842157301051e-12,2.4706877032489208e-24,1.9145512174751017e-24,-0.36082473397254944,-0.36082473397254944,-5.2694425582885742,0
14.22,-200000,-1.5146700083415454e-12,2.2942252379925433e-24,1.9591634710328392e-24,-0.36082473397254944,-0.36082473397254944,-4.9777021408081055,0
14.224,-200000,-1.4464237099720556e-12,2.0921417538259452e-24,2.0010052450914406e-24,-0.36082473397254944,-0.36082473397254944,-4.7440428733825684,0
14.228,-200000,-1.3681082091862584e-12,1.8717202118413531e-24,2.0370798542871975e-24,-0.36082473397254944,-0.36082473397254944,-4.6294341087341309,0
14.232,-200000,-1.2807737726286406e-12,1.6403815251817943e-24,2.0647528976271243e-24,-0.36082473397254944,-0.36082473397254944,-4.4828782081604004,0
14.236,-200000,-1.1854933267690937e-12,1.4053943568355884e-24,2.0818506688868845e-24,-0.36082473397254944,-0.36082473397254944,-4.1810522079467773,0
14.24,-200000,-1.0833455443490236e-12,1.1736375738962624e-24,2.0867370705490498e-24,-0.36082473397254944,-0.36082473397254944,-3.8103916645050049,0
14.244,-200000,-9.7539923187006661e-13,9.5140362398192508e-25,2.0783639036858076e-24,-0.36082473397254944,-0.36082473397254944,-3.4694919586181641,0
14.248,-200000,-8.6270991435724587e-13,7.4426842248971133e-25,2.0562927588490815e-24,-0.36082473397254944,-0.36082473397254944,-3.0884921550750732,0
14.252,-200000,-7.4632444321820479e-13,5.5700023916122958e-25,2.0206940299943993e-24,-0.36082473397254944,-0.36082473397254944,-2.6132824420928955,0
14.256,-200000,-6.2729351877829909e-13,3.9349715620391958e-25,1.9723191071339838e-24,-0.36082473397254944,-0.36082473397254944,-2.2019164562225342,0
14.26,-200000,-5.0667570182863497e-13,2.5672026163314157e-25,1.9124449588581616e-24,-0.36082473397254944,-0.36082473397254944,-2.0272419452667236,0
14.264,-200000,-3.855309626231429e-13,1.4863411492573531e-25,1.8428053042213822e-24,-0.36082473397254944,-0.36082473397254944,-2.0106182098388672,0
14.268,-200000,-2.6490346916908936e-13,7.0173849055082106e-26,1.765496935509723e-24,-0.36082473397254944,-0.36082473397254944,-1.9671386480331421,0
14.272,-200000,-1.4580933574252775e-13,2.1260363767250029e-26,1.6828797301211528e-24,-0.36082473397254944,-0.36082473397254944,-1.8985618352890015,0
14.276,-200000,-2.923732761971054e-14,8.5482140581084971e-28,1.5974657170007346e-24,-0.36082473397254944,-0.36082473397254944,-1.9084104299545288,0
14.28,-200000,8.3848909532193566e-14,7.0306403879806479e-27,1.5118019307962007e-24,-0.36082473397254944,-0.36082473397254944,-1.9208863973617554,0
14.284,-200000,1.9251900150018403e-13,3.7063563436992027e-26,1.4283602671540614e-24,-0.36082473397254944,-0.36082473397254944,-1.7369182109832764,0
14.288,-200000,2.9589265065910197e-13,8.7552454797100996e-26,1.3494314795354651e-24,-0.36082473397254944,-0.36082473397254944,-1.3374147415161133,0
14.292,-200000,3.9315585834663602e-13,1.5457153815863948e-25,1.2770290367933754e-24,-0.36082473397254944,-0.36082473397254944,-0.92498970031738281,0
14.296,-200000,4.8356674567373581e-13,2.3383678727926415e-25,1.2128141813865746e-24,-0.36082473397254944,-0.36082473397254944,-0.65943032503128052,0
14.3,-200000,5.6644863495949882e-13,3.2086404560276262e-25,1.1580349898747355e-24,-0.36082473397254944,-0.36082473397254944,-0.51039475202560425,0
14.304,-200000,6.4117970915295031e-13,4.1111143414137325e-25,1.113488704810197e-24,-0.36082473397254944,-0.36082473397254944,-0.39513340592384338,0
14.308,-200000,7.0719574944352881e-13,5.0012583308512344e-25,1.0795020132153339e-24,-0.36082473397254944,-0.36082473397254944,-0.31334409117698669,0
14.312,-200000,7.639962338983064e-13,5.8369026320563783e-25,1.0559343006337904e-24,-0.36082473397254944,-0.36082473397254944,-0.2727297842502594,0
14.316,-200000,8.1114742743818025e-13,6.5796008762180538e-25,1.0422012183500241e-24,-0.36082473397254944,-0.36082473397254944,-0.20070965588092804,0
14.32,-200000,8.4828167710646052e-13,7.1958180932172499e-25,1.0373179721314797e-24,-0.36082473397254944,-0.36082473397254944,-0.034443330019712448,0
14.324,-200000,8.7510164045734307e-13,7.6580289539185424e-25,1.0399584867964807e-24,-0.36082473397254944,-0.36082473397254944,0.19571129977703094,0
14.328,-200000,8.9138966390470142e-13,7.9457556152985254e-25,1.0485281786327361e-24,-0.36082473397254944,-0.36082473397254944,0.45905694365501404,0
14.332,-200000,8.9701873316402891e-13,8.0464260997183049e-25,1.0612456025010303e-24,-0.36082473397254944,-0.36082473397254944,0.78448140621185303,0
14.336,-200000,8.9196824839404831e-13,7.9560739159388163e-25,1.0762279446358272e-24,-0.36082473397254944,-0.36082473397254944,1.1434993743896484,0
14.34,-200000,8.7633660094191268e-13,7.679658533863571e-25,1.0915778959524571e-24,-0.36082473397254944,-0.36082473397254944,1.397963285446167,0
14.344,-200000,8.5034003493092425e-13,7.2307818876508424e-25,1.105467074087844e-24,-0.36082473397254944,-0.36082473397254944,1.4533548355102539,0
14.348,-200000,8.1430348575217693e-13,6.6309019799987735e-25,1.1162121484778594e-24,-0.36082473397254944,-0.36082473397254944,1.3726428747177124,0
14.352,-200000,7.6865136434609016e-13,5.9082486914387639e-25,1.1223426823951714e-24,-0.36082473397254944,-0.36082473397254944,1.2818406820297241,0
14.356,-200000,7.1390305776339313e-13,5.0965763940290893e-25,1.1226555643517046e-24,-0.36082473397254944,-0.36082473397254944,1.2414926290512085,0
14.36,-200000,6.5067379652686275e-13,4.2337637232481337e-25,1.1162579024103622e-24,-0.36082473397254944,-0.36082473397254944,1.2498735189437866,0
14.364,-200000,5.7967329937860801e-13,3.3602114507996927e-25,1.1025922677339923e-24,-0.36082473397254944,-0.36082473397254944,1.2958984375,0
14.368,-200000,5.0169921385692651e-13,2.5170212019980441e-25,1.0814489219294193e-24,-0.36082473397254944,-0.36082473397254944,1.3604152202606201,0
14.372,-200000,4.176322102814739e-13,1.7441665310629995e-25,1.0529602950211072e-24,-0.36082473397254944,-0.36082473397254944,1.412345290184021,0
14.376,-200000,3.2843627990886137e-13,1.0787039324982831e-25,1.0175805736752368e-24,-0.36082473397254944,-0.36082473397254944,1.4309768676757812,0
14.38,-200000,2.35161635173467e-13,5.5300992185763717e-26,9.7605099131987668e-25,-0.36082473397254944,-0.36082473397254944,1.4291112422943115,0
14.384,-200000,1.3892879902055455e-13,1.9301212301694091e-26,9.2935594775712933e-25,-0.36082473397254944,-0.36082473397254944,1.4720056056976318,0
14.388,-200000,4.0901113604937395e-14,1.6729008831076519e-27,8.7866798611499267e-25,-0.36082473397254944,-0.36082473397254944,1.6433324813842773,0
14.392,-200000,-5.773077057635162e-14,3.3328417984335333e-27,8.2528995948224579e-25,-0.36082473397254944,-0.36082473397254944,1.9515857696533203,0
14.396,-200000,-1.557534212281303e-13,2.4259129135298286e-26,7.7059221785887073e-25,-0.36082473397254944,-0.36082473397254944,2.3049132823944092,0
14.4,-200000,-2.5194898793136355e-13,6.3478293514405615e-26,7.1595359149958067e-25,-0.36082473397254944,-0.36082473397254944,2.5963370800018311,0
14.404,-200000,-3.4512600026112561e-13,1.1911195697206718e-25,6.6270405058677166e-25,-0.36082473397254944,-0.36082473397254944,2.7703983783721924,0
14.408,-200000,-4.3414244096408316e-13,1.8847965181177164e-25,6.1207273901839119e-25,-0.36082473397254944,-0.36082473397254944,2.8164260387420654,0
14.412,-200000,-5.1791600522155257e-13,2.6823696524797956e-25,5.6514389680485896e-25,-0.36082473397254944,-0.36082473397254944,2.7509739398956299,0
14.416,-200000,-5.9543575582285402e-13,3.5454374704597836e-25,5.2282101620168592e-25,-0.36082473397254944,-0.36082473397254944,2.6138718128204346,0
14.42,-200000,-6.6578280432175174e-13,4.4326676049286254e-25,4.8580184467954004e-25,-0.36082473397254944,-0.36082473397254944,2.4818599224090576,0
14.424,-200000,-7.2814876957844055e-13,5.3020066205860875e-25,4.545631007442077e-25,-0.36082473397254944,-0.36082473397254944,2.4616215229034424,0
14.428,-200000,-7.8184534584371801e-13,6.1128215247994001e-25,4.2935426165696505e-25,-0.36082473397254944,-0.36082473397254944,2.5936343669891357,0
14.432,-200000,-8.263137353178851e-13,6.8279436569048778e-25,4.102025431190422e-25,-0.36082473397254944,-0.36082473397254944,2.7832934856414795,0
14.436,-200000,-8.611383090981195e-13,7.4155912901453634e-25,3.9692581686894627e-25,-0.36082473397254944,-0.36082473397254944,2.9187881946563721,0
14.44,-200000,-8.860470408593446e-13,7.8507935256041516e-25,3.8915467413590422e-25,-0.36082473397254944,-0.36082473397254944,3.0038306713104248,0
14.444,-200000,-9.0090635689391019e-13,8.1163231202254126e-25,3.8635922225873712e-25,-0.36082473397254944,-0.36082473397254944,3.0710551738739014,0
14.448,-200000,-9.0571896770724747e-13,8.203268410970478e-25,3.878804172549394e-25,-0.36082473397254944,-0.36082473397254944,3.0599205493927002,0
14.452,-200000,-9.0061454387918571e-13,8.1110653622921146e-25,3.9296253037730933e-25,-0.36082473397254944,-0.36082473397254944,2.9106693267822266,0
14.456,-200000,-8.8583263987973559e-13,7.8469951603455124e-25,4.0078657609480776e-25,-0.36082473397254944,-0.36082473397254944,2.7014670372009277,0
14.46,-200000,-8.617146709730128e-13,7.4255215698278987e-25,4.1050322238344785e-25,-0.36082473397254944,-0.36082473397254944,2.5791389942169189,0
14.464,-200000,-8.2871020158983844e-13,6.867606104105193e-25,4.2126577497289455e-25,-0.36082473397254944,-0.36082473397254944,2.5881493091583252,0
14.468,-200000,-7.8737710795806493e-13,6.1996277788099202e-25,4.3226146061173736e-25,-0.36082473397254944,-0.36082473397254944,2.6597626209259033,0
14.472,-200000,-7.3837680761301705e-13,5.4520030982951395e-25,4.4274029444624067e-25,-0.36082473397254944,-0.36082473397254944,2.7548713684082031,0
14.476,-200000,-6.8246959732815027e-13,4.6576467907931318e-25,4.5203849932846758e-25,-0.36082473397254944,-0.36082473397254944,2.8887062072753906,0
14.48,-200000,-6.2050148005865502e-13,3.8502205372058093e-25,4.5959839990223342e-25,-0.36082473397254944,-0.36082473397254944,3.0101692676544189,0
14.484,-200000,-5.5337836092975157e-13,3.062276436268084e-25,4.6498168532707475e-25,-0.36082473397254944,-0.36082473397254944,3.018186092376709,0
14.488,-200000,-4.8204479687410928e-13,2.3236718871664398e-25,4.678779881405937e-25,-0.36082473397254944,-0.36082473397254944,2.92730712890625,0
14.492,-200000,-4.0747822325527816e-13,1.6603851888454526e-25,4.6810720153736698e-25,-0.36082473397254944,-0.36082473397254944,2.8680598735809326,0
14.496,-200000,-3.3068759861497321e-13,1.0935430224230725e-25,4.6561755652048947e-25,-0.36082473397254944,-0.36082473397254944,2.8974869251251221,0
14.5,-200000,-2.5269283193685155e-13,6.3853674208750198e-26,4.6047733886206935e-25,-0.36082473397254944,-0.36082473397254944,2.9462490081787109,0
14.504,-200000,-1.7449351696636334e-13,3.0447984833558139e-26,4.5286414087339452e-25,-0.36082473397254944,-0.36082473397254944,2.9481818675994873,0
14.508,-200000,-9.7049416571647062e-14,9.4185901408186931e-27,4.4305007026295964e-25,-0.36082473397254944,-0.36082473397254944,2.8880054950714111,0
14.512,-200000,-2.1279749541787928e-14,4.5282773001223791e-28,4.3138528266506969e-25,-0.36082473397254944,-0.36082473397254944,2.7480659484863281,0
14.516,-200000,5.1929916259057379e-14,2.6967159970801734e-27,4.182799857504396e-25,-0.36082473397254944,-0.36082473397254944,2.5324358940124512,0
14.52,-200000,1.2173417926909097e-13,1.4819208164787538e-26,4.0418471770356371e-25,-0.36082473397254944,-0.36082473397254944,2.3280444145202637,0
14.524,-200000,1.8735779258333835e-13,3.5102945183190444e-26,3.8957074895960172e-25,-0.36082473397254944,-0.36082473397254944,2.255096435546875,0
14.528,-200000,2.4813172892247659e-13,6.156934873138392e-26,3.7491060720078102e-25,-0.36082473397254944,-0.36082473397254944,2.3473224639892578,0
14.532,-200000,3.0351345351939396e-13,9.2120415498541485e-26,3.6066018007460947e-25,-0.36082473397254944,-0.36082473397254944,2.5087344646453857,0
14.536,-200000,3.5308656497722024e-13,1.2467013532478635e-25,3.4724138490586389e-25,-0.36082473397254944,-0.36082473397254944,2.5984001159667969,0
14.54,-200000,3.9654602301472663e-13,1.5724874718168493e-25,3.3502705707987436e-25,-0.36082473397254944,-0.36082473397254944,2.5474319458007812,0
14.544,-200000,4.3368550395848915e-13,1.8808311362142999e-25,3.2432714497668286e-25,-0.36082473397254944,-0.36082473397254944,2.3920109272003174,0
14.548,-200000,4.6439647917104199e-13,2.1566406977662387e-25,3.1537865199450173e-25,-0.36082473397254944,-0.36082473397254944,2.2186591625213623,0
14.552,-200000,4.8867230791407867e-13,2.388006205696575e-25,3.0833819167492064e-25,-0.36082473397254944,-0.36082473397254944,2.0915122032165527,0
14.556,-200000,5.0660793919285463e-13,2.5665163073438734e-25,3.0327804339838046e-25,-0.36082473397254944,-0.36082473397254944,2.0220108032226562,0
14.56,-200000,5.1839321680777206e-13,2.6873153173174656e-25,3.0018516630804176e-25,-0.36082473397254944,-0.36082473397254944,1.9731235504150391,0
14.564,-200000,5.2429832394021436e-13,2.7488876366031957e-25,2.9896250586065905e-25,-0.36082473397254944,-0.36082473397254944,1.875732421875,0
14.568,-200000,5.2465470119431035e-13,2.7526256046987789e-25,2.9943372699201217e-25,-0.36082473397254944,-0.36082473397254944,1.6887763738632202,0
14.572,-200000,5.1984545140770777e-13,2.7023929144065679e-25,3.0135014130173018e-25,-0.36082473397254944,-0.36082473397254944,1.4599968194961548,0
14.576,-200000,5.1030143652375237e-13,2.6040752076366102e-25,3.0440091294125271e-25,-0.36082473397254944,-0.36082473397254944,1.2850205898284912,0
14.58,-200000,4.9648642402172483e-13,2.4649879366896661e-25,3.0822486687550499e-25,-0.36082473397254944,-0.36082473397254944,1.2115978002548218,0
14.584,-200000,4.7887057817372347e-13,2.2931705802660694e-25,3.1242515676535427e-25,-0.36082473397254944,-0.36082473397254944,1.2244354486465454,0
14.588,-200000,4.5791181176729756e-13,2.0968324686798091e-25,3.1658538731236029e-25,-0.36082473397254944,-0.36082473397254944,1.303383469581604,0
14.592,-200000,4.3404640775665526e-13,1.8839629140080273e-25,3.202866733758507e-25,-0.36082473397254944,-0.36082473397254944,1.4386047124862671,0
14.596,-200000,4.0768560402582033e-13,1.662075446594405e-25,3.2312563586232139e-25,-0.36082473397254944,-0.36082473397254944,1.6007335186004639,0
14.6,-200000,3.7922068913884277e-13,1.4380833229375564e-25,3.2473222505151385e-25,-0.36082473397254944,-0.36082473397254944,1.7420269250869751,0
14.604,-200000,3.4903173016728739e-13,1.2182316096974701e-25,3.2478645923874779e-25,-0.36082473397254944,-0.36082473397254944,1.8151731491088867,0
14.608,-200000,3.1748483507974823e-13,1.007966220459291e-25,3.2303277214263491e-25,-0.36082473397254944,-0.36082473397254944,1.7773796319961548,0
14.612,-200000,2.8492239492229621e-13,8.1180769798848485e-26,3.1929164860343083e-25,-0.36082473397254944,-0.36082473397254944,1.6009883880615234,0
14.616,-200000,2.5166183698598077e-13,6.3333679286741467e-26,3.1346743923637753e-25,-0.36082473397254944,-0.36082473397254944,1.2980111837387085,0
14.62,-200000,2.1799985319530257e-13,4.7523932995932508e-26,3.0555260055906881e-25,-0.36082473397254944,-0.36082473397254944,0.93757838010787964,0
14.624,-200000,1.8421448719739553e-13,3.3934981146228337e-26,2.9562732521290106e-25,-0.36082473397254944,-0.36082473397254944,0.63139820098876953,0
14.628,-200000,1.5056369779414824e-13,2.2669426499858218e-26,2.8385503066477146e-25,-0.36082473397254944,-0.36082473397254944,0.48076334595680237,0
14.632,-200000,1.1728003279903171e-13,1.3754608017568717e-26,2.7047424873089621e-25,-0.36082473397254944,-0.36082473397254944,0.52054566144943237,0
14.636,-200000,8.4567498403326224e-14,7.1516627441980308e-27,2.5578610240994016e-25,-0.36082473397254944,-0.36082473397254944,0.69680547714233398,0
14.64,-200000,5.2602870383123765e-14,2.7670617438568839e-27,2.4013983521578661e-25,-0.36082473397254944,-0.36082473397254944,0.88786077499389648,0
14.644,-200000,2.1537179795117455e-14,4.6385011597345772e-28,2.2391646696565732e-25,-0.36082473397254944,-0.36082473397254944,0.96713435649871826,0
14.648,-200000,-8.5018916142235931e-15,7.2282161002232416e-29,2.0751138953639102e-25,-0.36082473397254944,-0.36082473397254944,0.88327109813690186,0
14.652,-200000,-3.7406946843451111e-14,1.3992795862696852e-27,1.9131724611760984e-25,-0.36082473397254944,-0.36082473397254944,0.69982612133026123,0
14.656,-200000,-6.5083538330814455e-14,4.235866823339965e-27,1.7570798143029181e-25,-0.36082473397254944,-0.36082473397254944,0.55339163541793823,0
14.66,-200000,-9.1439571572090456e-14,8.3611960530797913e-27,1.6102413686645954e-25,-0.36082473397254944,-0.36082473397254944,0.55172586441040039,0
14.664,-200000,-1.1637587594981458e-13,1.3543344287877125e-26,1.4755978498043745e-25,-0.36082473397254944,-0.36082473397254944,0.68380230665206909,0
14.668,-200000,-1.3977837984291419e-13,1.9537996914264747e-26,1.3555131287285566e-25,-0.36082473397254944,-0.36082473397254944,0.82115685939788818,0
14.672,-200000,-1.6151843588736031e-13,2.6088206373898221e-26,1.2516905286948371e-25,-0.36082473397254944,-0.36082473397254944,0.81024950742721558,0
14.676,-200000,-1.8146382562821833e-13,3.2929118780825416e-26,1.1651235214057285e-25,-0.36082473397254944,-0.36082473397254944,0.59340667724609375,0
14.68,-200000,-1.9948514953620211e-13,3.9794325638443089e-26,1.0960778543786772e-25,-0.36082473397254944,-0.36082473397254944,0.26633056998252869,0
14.684,-200000,-2.1545523069647909e-13,4.6420957539013804e-26,1.0441165726279007e-25,-0.36082473397254944,-0.36082473397254944,-0.020816203206777573,0
14.688,-200000,-2.2925398016591936e-13,5.2557395587163259e-26,1.0081546842599289e-25,-0.36082473397254944,-0.36082473397254944,-0.20614619553089142,0
14.692,-200000,-2.4077579665292281e-13,5.7972981168287903e-26,9.8654155946034515e-26,-0.36082473397254944,-0.36082473397254944,-0.30506652593612671,0
14.696,-200000,-2.4992499931576762e-13,6.2462499513465478e-26,9.7716329752218995e-26,-0.36082473397254944,-0.36082473397254944,-0.31072753667831421,0
14.7,-200000,-2.5660696440985009e-13,6.5847138042195339e-26,9.7756185716860122e-26,-0.36082473397254944,-0.36082473397254944,-0.18570828437805176,0
14.704,-200000,-2.6072929080502016e-13,6.7979761869702124e-26,9.8506823846032847e-26,-0.36082473397254944,-0.36082473397254944,0.064047262072563171,0
14.708,-200000,-2.6220966045133187e-13,6.8753899425684285e-26,9.9693529492469775e-26,-0.36082473397254944,-0.36082473397254944,0.35540866851806641,0
14.712,-200000,-2.6098285858811021e-13,6.8112056308698017e-26,1.0104672176776327e-25,-0.36082473397254944,-0.36082473397254944,0.57623225450515747,0
14.716,-200000,-2.5700318609378492e-13,6.605063334086325e-26,1.0231379878189541e-25,-0.36082473397254944,-0.36082473397254944,0.66655761003494263,0
14.72,-200000,-2.5024622131442076e-13,6.2623168293146039e-26,1.0326986738414416e-25,-0.36082473397254944,-0.36082473397254944,0.63118857145309448,0
14.724,-200000,-2.4071551501213262e-13,5.7943953552166099e-26,1.0372669180397699e-25,-0.36082473397254944,-0.36082473397254944,0.47543329000473022,0
14.728,-200000,-2.2845478763952598e-13,5.2191598320221947e-26,1.035391401237607e-25,-0.36082473397254944,-0.36082473397254944,0.20548932254314423,0
14.732,-200000,-2.135538246890098e-13,4.5605232222184524e-26,1.0260884508639971e-25,-0.36082473397254944,-0.36082473397254944,-0.12180040031671524,0
14.736,-200000,-1.9614550868934932e-13,3.847306065939567e-26,1.0088489434862816e-25,-0.36082473397254944,-0.36082473397254944,-0.43054309487342834,0
14.74,-200000,-1.7640240396882279e-13,3.1117810942264375e-26,9.8362277411102741e-26,-0.36082473397254944,-0.36082473397254944,-0.68169230222702026,0
14.744,-200000,-1.5452912658243251e-13,2.387925100934757e-26,9.5078200158861093e-26,-0.36082473397254944,-0.36082473397254944,-0.85896062850952148,0
14.748,-200000,-1.3075471423911605e-13,1.7096794428092417e-26,9.1106858657824748e-26,-0.36082473397254944,-0.36082473397254944,-0.92802369594573975,0
14.752,-200000,-1.0532608720739342e-13,1.1093584509775894e-26,8.655271534817727e-26,-0.36082473397254944,-0.36082473397254944,-0.85527980327606201,0
14.756,-200000,-7.8504402685562052e-14,6.1629411553001558e-27,8.1542943236006438e-26,-0.36082473397254944,-0.36082473397254944,-0.66948699951171875,0
14.76,-200000,-5.0570702817389138e-14,2.5573957656471563e-27,7.6219463328542169e-26,-0.36082473397254944,-0.36082473397254944,-0.45459756255149841,0
14.764,-200000,-2.1833090755240744e-14,4.7668383904737373e-28,7.0731222425451505e-26,-0.36082473397254944,-0.36082473397254944,-0.28551387786865234,0
14.768,-200000,7.3807655815013792e-15,5.4475698848970721e-29,6.522705022986087e-26,-0.36082473397254944,-0.36082473397254944,-0.2143600732088089,0
14.772,-200000,3.674311357016076e-14,1.3500563798615446e-27,5.9849268342428613e-26,-0.36082473397254944,-0.36082473397254944,-0.28511279821395874,0
14.776,-200000,6.5937584710872021e-14,4.3477648938528189e-27,5.4728081953346957e-26,-0.36082473397254944,-0.36082473397254944,-0.50094830989837646,0
14.78,-200000,9.4655261005573837e-14,8.9596194646558377e-27,4.9977290411169855e-26,-0.36082473397254944,-0.36082473397254944,-0.77667224407196045,0
14.784,-200000,1.2258832729310221e-13,1.5027895770585516e-26,4.569150772071725e-26,-0.36082473397254944,-0.36082473397254944,-0.96454524993896484,0
14.788,-200000,1.4943490780731927e-13,2.2330791008108588e-26,4.1944458480260287e-26,-0.36082473397254944,-0.36082473397254944,-0.96774768829345703,0
14.792,-200000,1.7491563752969341e-13,3.059547717093118e-26,3.8788438621136879e-26,-0.36082473397254944,-0.36082473397254944,-0.82177942991256714,0
14.796,-200000,1.987927373712714e-13,3.9518547877846392e-26,3.6254660534397744e-26,-0.36082473397254944,-0.36082473397254944,-0.63485240936279297,0
14.8,-200000,2.2087601116594496e-13,4.8786209051899279e-26,3.4354220658010462e-26,-0.36082473397254944,-0.36082473397254944,-0.49216938018798828,0
14.804,-200000,2.4101597453918266e-13,5.808869720232251e-26,3.3079535450226015e-26,-0.36082473397254944,-0.36082473397254944,-0.44763493537902832,0
14.808,-200000,2.5909699732928893e-13,6.7131255684475418e-26,3.2406224178692415e-26,-0.36082473397254944,-0.36082473397254944,-0.52818506956100464,0
14.812,-200000,2.7503514873558621e-13,7.5644334424829475e-26,3.2295490910609926e-26,-0.36082473397254944,-0.36082473397254944,-0.71300536394119263,0
14.816,-200000,2.8878128729460661e-13,8.3394627810665568e-26,3.269671604406423e-26,-0.36082473397254944,-0.36082473397254944,-0.95776784420013428,0
14.82,-200000,3.003212641679992e-13,9.0192864691513053e-26,3.3550090980190348e-26,-0.36082473397254944,-0.36082473397254944,-1.2314174175262451,0
14.824,-200000,3.0966527085618534e-13,9.5892581946961168e-26,3.4789243550872829e-26,-0.36082473397254944,-0.36082473397254944,-1.4945999383926392,0
14.828,-200000,3.1682902829066606e-13,1.0038062734091728e-25,3.6343472097481239e-26,-0.36082473397254944,-0.36082473397254944,-1.6797233819961548,0
14.832,-200000,3.2182237560615667e-13,1.0356964685407979e-25,3.8139766926939792e-26,-0.36082473397254944,-0.36082473397254944,-1.7392168045043945,0
14.836,-200000,3.2464929724564107e-13,1.0539717872649235e-25,4.0104677693401426e-26,-0.36082473397254944,-0.36082473397254944,-1.6935058832168579,0
14.84,-200000,3.2531933418823711e-13,1.0583266692402928e-25,4.2165989727671396e-26,-0.36082473397254944,-0.36082473397254944,-1.6052532196044922,0
14.844,-200000,3.2386081121570098e-13,1.0488582429658612e-25,4.4254431181509982e-26,-0.36082473397254944,-0.36082473397254944,-1.5216796398162842,0
14.848,-200000,3.2031769272612698e-13,1.0260342166767632e-25,4.6305050452728714e-26,-0.36082473397254944,-0.36082473397254944,-1.4595893621444702,0
14.852,-200000,3.147315307677756e-13,9.9055932665824892e-26,4.8258186853882342e-26,-0.36082473397254944,-0.36082473397254944,-1.4196752309799194,0
14.856,-200000,3.0712772277653733e-13,9.4327438770171927e-26,5.0060019117116997e-26,-0.36082473397254944,-0.36082473397254944,-1.3858073949813843,0
14.86,-200000,2.9751244870479532e-13,8.8513663321185333e-26,5.1663067676699691e-26,-0.36082473397254944,-0.36082473397254944,-1.3426498174667358,0
14.864,-200000,2.8587757703625594e-13,8.1725989780896823e-26,5.3026718521963184e-26,-0.36082473397254944,-0.36082473397254944,-1.312208890914917,0
14.868,-200000,2.7220760367985264e-13,7.409698375923846e-26,5.4117898043158505e-26,-0.36082473397254944,-0.36082473397254944,-1.3290907144546509,0
14.872,-200000,2.5648935557918973e-13,6.5786790182945932e-26,5.4911868055335987e-26,-0.36082473397254944,-0.36082473397254944,-1.3731775283813477,0
14.876,-200000,2.387226158938327e-13,5.698848275857208e-26,5.539306088156916e-26,-0.36082473397254944,-0.36082473397254944,-1.3832000494003296,0
14.88,-200000,2.1893453033567517e-13,4.7932331833243666e-26,5.555581274707757e-26,-0.36082473397254944,-0.36082473397254944,-1.3448337316513062,0
14.884,-200000,1.9718805039335707e-13,3.8883126581666689e-26,5.5405054032518848e-26,-0.36082473397254944,-0.36082473397254944,-1.305172324180603,0
14.888,-200000,1.7358427791946268e-13,3.0131497536168962e-26,5.4956537304094127e-26,-0.36082473397254944,-0.36082473397254944,-1.308841347694397,0
14.892,-200000,1.4826165197889124e-13,2.1981518220090119e-26,5.423672021700742e-26,-0.36082473397254944,-0.36082473397254944,-1.3736053705215454,0
14.896,-200000,1.2139037876019582e-13,1.4735622805201132e-26,5.3282180032762529e-26,-0.36082473397254944,-0.36082473397254944,-1.5017783641815186,0
14.9,-200000,9.3163866378420668e-14,8.679506050568336e-27,5.2138824758257825e-26,-0.36082473397254944,-0.36082473397254944,-1.6745201349258423,0
14.904,-200000,6.3795682332754705e-14,4.0698894103606953e-27,5.0860623572766905e-26,-0.36082473397254944,-0.36082473397254944,-1.8370453119277954,0
14.908,-200000,3.3518886044569055e-14,1.1235156923685878e-27,4.9508016780176505e-26,-0.36082473397254944,-0.36082473397254944,-1.9086717367172241,0
14.912,-200000,2.5878749657255989e-15,6.6970963809284973e-30,4.8145915923332255e-26,-0.36082473397254944,-0.36082473397254944,-1.8380696773529053,0
14.916,-200000,-2.8715328319372027e-14,8.2456995750588442e-28,4.6841392668105405e-26,-0.36082473397254944,-0.36082473397254944,-1.6539065837860107,0
14.92,-200000,-6.0074795344474546e-14,3.6089812486737863e-27,4.5661108842475042e-26,-0.36082473397254944,-0.36082473397254944,-1.4462862014770508,0
14.924,-200000,-9.1137221467502139e-14,8.3059942786417865e-27,4.4668352045157687e-26,-0.36082473397254944,-0.36082473397254944,-1.2991962432861328,0
14.928,-200000,-1.2151160611560685e-13,1.4765069503678835e-26,4.3919821653716099e-26,-0.36082473397254944,-0.36082473397254944,-1.228554368019104,0
14.932,-200000,-1.5077717720191064e-13,2.2733758722976574e-26,4.3462390180764798e-26,-0.36082473397254944,-0.36082473397254944,-1.173029899597168,0
14.936,-200000,-1.7849975241391453e-13,3.1862159754610709e-26,4.3330172778966681e-26,-0.36082473397254944,-0.36082473397254944,-1.0664955377578735,0
14.94,-200000,-2.0424978440340691e-13,4.1717972200288259e-26,4.3542172984269006e-26,-0.36082473397254944,-0.36082473397254944,-0.9099801778793335,0
14.944,-200000,-2.2761415148508934e-13,5.1808193431357069e-26,4.4100751216411614e-26,-0.36082473397254944,-0.36082473397254944,-0.75393140316009521,0
14.948,-200000,-2.4820054865537511e-13,6.1603510106365483e-26,4.4990891384804106e-26,-0.36082473397254944,-0.36082473397254944,-0.64902400970458984,0
14.952,-200000,-2.6564159400811749e-13,7.056546302774194e-26,4.6180327229530197e-26,-0.36082473397254944,-0.36082473397254944,-0.62376916408538818,0
14.956,-200000,-2.7960142881533478e-13,7.8176953872114067e-26,4.7620608516164925e-26,-0.36082473397254944,-0.36082473397254944,-0.67403000593185425,0
14.96,-200000,-2.8978563797708856e-13,8.3975710149022352e-26,4.9248971498936644e-26,-0.36082473397254944,-0.36082473397254944,-0.76453560590744019,0
14.964,-200000,-2.9595176678255675e-13,8.7587454336794356e-26,5.0991189297044715e-26,-0.36082473397254944,-0.36082473397254944,-0.84773749113082886,0
14.968,-200000,-2.9792184344512584e-13,8.8757433666850269e-26,5.2765248109737351e-26,-0.36082473397254944,-0.36082473397254944,-0.88575905561447144,0
14.972,-200000,-2.9559270612808386e-13,8.7375053538063599e-26,5.4485753744024378e-26,-0.36082473397254944,-0.36082473397254944,-0.8724859356880188,0
14.976,-200000,-2.8894096316955942e-13,8.348687523276985e-26,5.6068523031664652e-26,-0.36082473397254944,-0.36082473397254944,-0.84689950942993164,0
14.98,-200000,-2.7802144809442597e-13,7.729592566347446e-26,5.7435255364839165e-26,-0.36082473397254944,-0.36082473397254944,-0.85469037294387817,0
14.984,-200000,-2.6296182570849369e-13,6.9148921523973706e-26,5.851768346036719e-26,-0.36082473397254944,-0.36082473397254944,-0.89533060789108276,0
14.988,-200000,-2.4395763187357034e-13,5.9515333660487244e-26,5.9261369752812654e-26,-0.36082473397254944,-0.36082473397254944,-0.93369847536087036,0
14.992,-200000,-2.2126658144605571e-13,4.8958895634432817e-26,5.9628633807999612e-26,-0.36082473397254944,-0.36082473397254944,-0.94028693437576294,0
14.996,-200000,-1.9519776691279828e-13,3.8102169692937442e-26,5.9600302608145698e-26,-0.36082473397254944,-0.36082473397254944,-0.91493797302246094,0
15,-200000,-1.66104177396105e-13,2.759059813086746e-26,5.9176388479202557e-26,-0.36082473397254944,-0.36082473397254944,-0.88444393873214722,0
15.004,-200000,-1.3438147892629732e-13,1.8058381975189809e-26,5.837578710504056e-26,-0.36082473397254944,-0.36082473397254944,-0.85426729917526245,0
15.008,-200000,-1.0047457386485464e-13,1.0095139285774797e-26,5.7235063421211867e-26,-0.36082473397254944,-0.36082473397254944,-0.78603506088256836,0
15.012,-200000,-6.4887257080013111e-14,4.2103559552966117e-27,5.5806387018050038e-26,-0.36082473397254944,-0.36082473397254944,-0.6697993278503418,0
15.016,-200000,-2.8178184069936607e-14,7.9401007152032552e-28,5.4154382860024977e-26,-0.36082473397254944,-0.36082473397254944,-0.57022368907928467,0
15.02,-200000,9.0631102340858749e-15,8.2139967218736644e-29,5.2352150003361889e-26,-0.36082473397254944,-0.36082473397254944,-0.55199021100997925,0
15.024,-200000,4.6238955996339912e-14,2.1380410832543574e-27,5.0477064609506476e-26,-0.36082473397254944,-0.36082473397254944,-0.60808676481246948,0
15.028,-200000,8.2748986428207022e-14,6.8473950871200022e-27,4.8606404232291287e-26,-0.36082473397254944,-0.36082473397254944,-0.6827055811882019,0
15.032,-200000,1.1798992772399375e-13,1.3921624662345978e-26,4.6813440491264546e-26,-0.36082473397254944,-0.36082473397254944,-0.73162496089935303,0
15.036,-200000,1.5136817580613249e-13,2.2912324784444336e-26,4.516375053066066e-26,-0.36082473397254944,-0.36082473397254944,-0.73579567670822144,0
15.04,-200000,1.8232247309124539e-13,3.3241483047389648e-26,4.3711925990311252e-26,-0.36082473397254944,-0.36082473397254944,-0.66810065507888794,0
15.044,-200000,2.1034035786998001e-13,4.4243066654094142e-26,4.2499067755973502e-26,-0.36082473397254944,-0.36082473397254944,-0.52477866411209106,0
15.048,-200000,2.3496851166149302e-13,5.5210193062977614e-26,4.155120207454388e-26,-0.36082473397254944,-0.36082473397254944,-0.38971090316772461,0
15.052,-200000,2.5582625753049759e-13,6.544707462968349e-26,4.0879027872049446e-26,-0.36082473397254944,-0.36082473397254944,-0.36707034707069397,0
15.056,-200000,2.7261144188404918e-13,7.4316995833109436e-26,4.0478813466629957e-26,-0.36082473397254944,-0.36082473397254944,-0.46231475472450256,0
15.06,-200000,2.850976833085328e-13,8.1280696288827028e-26,4.0334156098135054e-26,-0.36082473397254944,-0.36082473397254944,-0.59625548124313354,0
15.064,-200000,2.931381266196853e-13,8.5929958967311858e-26,4.0418240658763045e-26,-0.36082473397254944,-0.36082473397254944,-0.69239985942840576,0
15.068,-200000,2.9667197518068456e-13,8.8014265064373856e-26,4.0696585298789621e-26,-0.36082473397254944,-0.36082473397254944,-0.71690082550048828,0
15.072,-200000,2.9572337959492268e-13,8.7452318765944504e-26,4.112989180288555e-26,-0.36082473397254944,-0.36082473397254944,-0.6820521354675293,0
15.076,-200000,2.9040580161975027e-13,8.4335529329416286e-26,4.1676837418164059e-26,-0.36082473397254944,-0.36082473397254944,-0.62537509202957153,0
15.08,-200000,2.8092645939538363e-13,7.891966641437965e-26,4.2296577022364583e-26,-0.36082473397254944,-0.36082473397254944,-0.56603133678436279,0
15.084,-200000,2.6757827724377403e-13,7.1598137419458643e-26,4.2950881676463014e-26,-0.36082473397254944,-0.36082473397254944,-0.49078011512756348,0
15.088,-200000,2.5072573683025678e-13,6.2863388764737481e-26,4.3605519131255835e-26,-0.36082473397254944,-0.36082473397254944,-0.39319008588790894,0
15.092,-200000,2.307884786056924e-13,5.3263327489722912e-26,4.423115362183014e-26,-0.36082473397254944,-0.36082473397254944,-0.30284056067466736,0
15.096,-200000,2.0822488969608061e-13,4.3357604184350577e-26,4.4803595468084425e-26,-0.36082473397254944,-0.36082473397254944,-0.24623195827007294,0
15.1,-200000,1.8351871400573011e-13,3.367911904200056e-26,4.5303585370574818e-26,-0.36082473397254944,-0.36082473397254944,-0.20429699122905731,0
15.104,-200000,1.5716652968216643e-13,2.4701318028297729e-26,4.5716215090787805e-26,-0.36082473397254944,-0.36082473397254944,-0.14676456153392792,0
15.108,-200000,1.2966837076733989e-13,1.6813887645213576e-26,4.6030024575182306e-26,-0.36082473397254944,-0.36082473397254944,-0.079095758497714996,0
15.112,-200000,1.0151981252176645e-13,1.0306272822602147e-26,4.6236015879058142e-26,-0.36082473397254944,-0.36082473397254944,-0.022491058334708214,0
15.116,-200000,7.3195450893924485e-14,5.3575734897117898e-27,4.6326670171912427e-26,-0.36082473397254944,-0.36082473397254944,0.027559354901313782,0
15.12,-200000,4.5130555786617246e-14,2.0367670200937268e-27,4.6295229750756295e-26,-0.36082473397254944,-0.36082473397254944,0.086279094219207764,0
15.124,-200000,1.7716288708952664e-14,3.1386687710684344e-28,4.6135386809835887e-26,-0.36082473397254944,-0.36082473397254944,0.13187940418720245,0
15.128,-200000,-8.6958460655188301e-15,7.5617739258227432e-29,4.584159467091137e-26,-0.36082473397254944,-0.36082473397254944,0.13129131495952606,0
15.132,-200000,-3.3795686247336393e-14,1.1421483905050537e-27,4.540976728101273e-26,-0.36082473397254944,-0.36082473397254944,0.11581969261169434,0
15.136,-200000,-5.7324567456166348e-14,3.286106026845066e-27,4.483824679964384e-26,-0.36082473397254944,-0.36082473397254944,0.15074320137500763,0
15.14,-200000,-7.9079958185089561e-14,6.2536393593571727e-27,4.4128962238236998e-26,-0.36082473397254944,-0.36082473397254944,0.22852548956871033,0
15.144,-200000,-9.8905150562600408e-14,9.7822288254783359e-27,4.3288440188187743e-26,-0.36082473397254944,-0.36082473397254944,0.26834416389465332,0
15.148,-200000,-1.1667565785050682e-13,1.3613209322539717e-26,4.232863374110292e-26,-0.36082473397254944,-0.36082473397254944,0.20422980189323425,0
15.152,-200000,-1.3229746616792715e-13,1.7502621763741828e-26,4.12673754675236e-26,-0.36082473397254944,-0.36082473397254944,0.024790804833173752,0
15.156,-200000,-1.4571338385026278e-13,2.1232388479249838e-26,4.0128485269001963e-26,-0.36082473397254944,-0.36082473397254944,-0.22943830490112305,0
15.16,-200000,-1.5690874706313085e-13,2.4620356555667556e-26,3.8941379029136603e-26,-0.36082473397254944,-0.36082473397254944,-0.46379771828651428,0
15.164,-200000,-1.6591463175130022e-13,2.7527664903260707e-26,3.7740181145054151e-26,-0.36082473397254944,-0.36082473397254944,-0.55842256546020508,0
15.168,-200000,-1.7280790784880012e-13,2.9862569923198461e-26,3.6562288554042739e-26,-0.36082473397254944,-0.36082473397254944,-0.44895896315574646,0
15.172,-200000,-1.777091521897381e-13,3.158054257442263e-26,3.5446395499801042e-26,-0.36082473397254944,-0.36082473397254944,-0.1774667501449585,0
15.176,-200000,-1.8077759341567079e-13,3.2680535151043467e-26,3.4430268698166514e-26,-0.36082473397254944,-0.36082473397254944,0.14532487094402313,0
15.18,-200000,-1.8220115086814426e-13,3.3197257532890695e-26,3.3548297554226135e-26,-0.36082473397254944,-0.36082473397254944,0.39232462644577026,0
15.184,-200000,-1.821753468564391e-13,3.3187855913274175e-26,3.2829072112818343e-26,-0.36082473397254944,-0.36082473397254944,0.46872463822364807,0
15.188,-200000,-1.8087820737727744e-13,3.2716921360296786e-26,3.2293105838966797e-26,-0.36082473397254944,-0.36082473397254944,0.38748836517333984,0
15.192,-200000,-1.7845683156041126e-13,3.1846841678205031e-26,3.1950863465617319e-26,-0.36082473397254944,-0.36082473397254944,0.25964754819869995,0
15.196,-200000,-1.7502821837277888e-13,3.0634880156849387e-26,3.1801516072521844e-26,-0.36082473397254944,-0.36082473397254944,0.1809827983379364,0
15.2,-200000,-1.7068494512738341e-13,2.9133348135007323e-26,3.1832377173950705e-26,-0.36082473397254944,-0.36082473397254944,0.17072518169879913,0
15.204,-200000,-1.6550165914380049e-13,2.7390797536204862e-26,3.201901981523325e-26,-0.36082473397254944,-0.36082473397254944,0.19499056041240692,0
15.208,-200000,-1.5954118993792565e-13,2.5453390590093033e-26,3.2326182530203681e-26,-0.36082473397254944,-0.36082473397254944,0.21000552177429199,0
15.212,-200000,-1.5286097311984631e-13,2.3366476013514357e-26,3.2709313166644478e-26,-0.36082473397254944,-0.36082473397254944,0.19424578547477722,0
15.216,-200000,-1.4551326723427627e-13,2.1174111379876636e-26,3.3116913898586682e-26,-0.36082473397254944,-0.36082473397254944,0.14787177741527557,0
15.22,-200000,-1.3753459634190113e-13,1.8915767467832118e-26,3.349357957339016e-26,-0.36082473397254944,-0.36082473397254944,0.074234724044799805,0
15.224,-200000,-1.2893490799765345e-13,1.6624208197594721e-26,3.3783307229760043e-26,-0.36082473397254944,-0.36082473397254944,-0.027105709537863731,0
15.228,-200000,-1.1970166611391386e-13,1.4328487377933492e-26,3.3932925793791687e-26,-0.36082473397254944,-0.36082473397254944,-0.13941963016986847,0
15.232,-200000,-1.0981432505951377e-13,1.2059185694877389e-26,3.3895676767923283e-26,-0.36082473397254944,-0.36082473397254944,-0.19260938465595245,0
15.236,-200000,-9.925650660538507e-14,9.8518542744558455e-27,3.3634474445145708e-26,-0.36082473397254944,-0.36082473397254944,-0.095021985471248627,0
15.24,-200000,-8.8017233204531337e-14,7.7470331716262346e-27,3.3124580640509299e-26,-0.36082473397254944,-0.36082473397254944,0.16060657799243927,0
15.244,-200000,-7.608679447124525e-14,5.7891998125242353e-27,3.2355499806189122e-26,-0.36082473397254944,-0.36082473397254944,0.45306620001792908,0
15.248,-200000,-6.3461910693955043e-14,4.0274141809952014e-27,3.1331848011075884e-26,-0.36082473397254944,-0.36082473397254944,0.61347693204879761,0
15.252,-200000,-5.0156791697383851e-14,2.5157036193970503e-27,3.007322043679576e-26,-0.36082473397254944,-0.36082473397254944,0.55169838666915894,0
15.256,-200000,-3.6205000315033681e-14,1.310802075735044e-27,2.8613094368014065e-26,-0.36082473397254944,-0.36082473397254944,0.31740182638168335,0
15.26,-200000,-2.1658542675800051e-14,4.6909244913383117e-28,2.6996866284635941e-26,-0.36082473397254944,-0.36082473397254944,0.053378123790025711,0
15.264,-200000,-6.5950086917173495e-15,4.3494136584040845e-29,2.5279133989468832e-26,-0.36082473397254944,-0.36082473397254944,-0.094579204916954041,0
15.268,-200000,8.8776955689648558e-15,7.8813470926135629e-29,2.3520427149548895e-26,-0.36082473397254944,-0.36082473397254944,-0.053756397217512131,0
15.272,-200000,2.462245834197567e-14,6.0626541312360236e-28,2.1783506429159867e-26,-0.36082473397254944,-0.36082473397254944,0.1348496675491333,0
15.276,-200000,4.0468920125798571e-14,1.637733402323141e-27,2.0129548607799219e-26,-0.36082473397254944,-0.36082473397254944,0.35757327079772949,0
15.28,-200000,5.6209133484849683e-14,3.1594665033518833e-27,1.8614344024095961e-26,-0.36082473397254944,-0.36082473397254944,0.51416349411010742,0
15.284,-200000,7.1605461631710915e-14,5.1273420463699065e-27,1.7284928509523895e-26,-0.36082473397254944,-0.36082473397254944,0.55644893646240234,0
15.288,-200000,8.6404983916463923e-14,7.4658212070984545e-27,1.617697799037285e-26,-0.36082473397254944,-0.36082473397254944,0.50050050020217896,0
15.292,-200000,1.0035184217892928e-13,1.0070492004718507e-26,1.53131213731174e-26,-0.36082473397254944,-0.36082473397254944,0.42944565415382385,0
15.296,-200000,1.1319742886095607e-13,1.2813657195011422e-26,1.4702242587405012e-26,-0.36082473397254944,-0.36082473397254944,0.43203082680702209,0
15.3,-200000,1.2470471703884822e-13,1.555126646260077e-26,1.4339687045746093e-26,-0.36082473397254944,-0.36082473397254944,0.52741831541061401,0
15.304,-200000,1.3464789450513132e-13,1.8130054302512213e-26,1.4208260045597152e-26,-0.36082473397254944,-0.36082473397254944,0.66962546110153198,0
15.308,-200000,1.4281169291845836e-13,2.0395180569448885e-26,1.4279886150600891e-26,-0.36082473397254944,-0.36082473397254944,0.80860698223114014,0
15.312,-200000,1.4899435580705694e-13,2.2199317785640983e-26,1.4517747743196448e-26,-0.36082473397254944,-0.36082473397254944,0.92829781770706177,0
15.316,-200000,1.5301989005327837e-13,2.3415088026054647e-26,1.4878898126367942e-26,-0.36082473397254944,-0.36082473397254944,1.0175348520278931,0
15.32,-200000,1.5474958554168028e-13,2.3947433551610745e-26,1.5317110359218214e-26,-0.36082473397254944,-0.36082473397254944,1.0296409130096436,0
15.324,-200000,1.5408319422888922e-13,2.3741628677753525e-26,1.5785666003528296e-26,-0.36082473397254944,-0.36082473397254944,0.92117899656295776,0
15.328,-200000,1.5096853888535433e-13,2.2791498102709303e-26,1.6239983632945512e-26,-0.36082473397254944,-0.36082473397254944,0.70843935012817383,0
15.332,-200000,1.4541913138065021e-13,2.1146723115323494e-26,1.6640076319592517e-26,-0.36082473397254944,-0.36082473397254944,0.44622597098350525,0
15.336,-200000,1.3751287164086995e-13,1.8909789381284741e-26,1.6952546897489679e-26,-0.36082473397254944,-0.36082473397254944,0.20585925877094269,0
15.34,-200000,1.2737713986875343e-13,1.6224933645988093e-26,1.7151976172859e-26,-0.36082473397254944,-0.36082473397254944,0.084183119237422943,0
15.344,-200000,1.1518321290249905e-13,1.3267170556083862e-26,1.7221671725686485e-26,-0.36082473397254944,-0.36082473397254944,0.13440287113189697,0
15.348,-200000,1.0114502415952895e-13,1.023031568633947e-26,1.7154014577112139e-26,-0.36082473397254944,-0.36082473397254944,0.28717392683029175,0
15.352,-200000,8.5513356378602579e-14,7.3125349020807189e-27,1.6950214211141037e-26,-0.36082473397254944,-0.36082473397254944,0.41451215744018555,0
15.356,-200000,6.857387650337915e-14,4.7023763596771298e-27,1.6619615239863347e-26,-0.36082473397254944,-0.36082473397254944,0.44900006055831909,0
15.36,-200000,5.0648541757110019e-14,2.5652749376426389e-27,1.6178511030608583e-26,-0.36082473397254944,-0.36082473397254944,0.41698956489562988,0
15.364,-200000,3.2085547055620695e-14,1.0294824517233726e-27,1.5648547495207703e-26,-0.36082473397254944,-0.36082473397254944,0.3834221363067627,0
15.368,-200000,1.3240042302266591e-14,1.7529872131710952e-28,1.5054803323024539e-26,-0.36082473397254944,-0.36082473397254944,0.38761824369430542,0
15.372,-200000,-5.5384468983666474e-15,3.0674397567080415e-29,1.442380396199715e-26,-0.36082473397254944,-0.36082473397254944,0.43207120895385742,0
15.376,-200000,-2.3912358435040394e-14,5.7180089676879278e-28,1.3781631125804403e-26,-0.36082473397254944,-0.36082473397254944,0.49107542634010315,0
15.38,-200000,-4.1570686373478341e-14,1.7281221094380949e-27,1.3152246464442387e-26,-0.36082473397254944,-0.36082473397254944,0.52494192123413086,0
15.384,-200000,-5.8249378356769327e-14,3.392990516526691e-27,1.255635218406931e-26,-0.36082473397254944,-0.36082473397254944,0.50719594955444336,0
15.388,-200000,-7.3738256711579353e-14,5.4373304857547429e-27,1.2010758571611761e-26,-0.36082473397254944,-0.36082473397254944,0.42887243628501892,0
15.392,-200000,-8.7867918236589349e-14,7.7207711909045702e-27,1.1528238394460916e-26,-0.36082473397254944,-0.36082473397254944,0.30688223242759705,0
15.396,-200000,-1.0049605462039701e-13,1.0099457220710113e-26,1.1117529981960449e-26,-0.36082473397254944,-0.36082473397254944,0.21293540298938751,0
15.4,-200000,-1.1151447603871545e-13,1.2435478509643634e-26,1.0783572188859747e-26,-0.36082473397254944,-0.36082473397254944,0.2347930371761322,0
15.404,-200000,-1.2086746805240606e-13,1.4608944377923072e-26,1.0527934262877496e-26,-0.36082473397254944,-0.36082473397254944,0.35783529281616211,0
15.408,-200000,-1.2855432593005672e-13,1.6526213800536388e-26,1.0349391312569066e-26,-0.36082473397254944,-0.36082473397254944,0.43799251317977905,0
15.412,-200000,-1.3461006940183873e-13,1.8119871525710249e-26,1.024445971585105e-26,-0.36082473397254944,-0.36082473397254944,0.35541191697120667,0
15.416,-200000,-1.3908098034799005e-13,1.9343519589968435e-26,1.0207847787608249e-26,-0.36082473397254944,-0.36082473397254944,0.15249904990196228,0
15.42,-200000,-1.4201437064081252e-13,2.0168079532638608e-26,1.0232894121349016e-26,-0.36082473397254944,-0.36082473397254944,-0.017894646152853966,0
15.424,-200000,-1.4346904469563632e-13,2.0583365495430895e-26,1.0312076034710575e-26,-0.36082473397254944,-0.36082473397254944,-0.042667865753173828,0
15.428,-200000,-1.4353015304058303e-13,2.0600905324620418e-26,1.0437525718684115e-26,-0.36082473397254944,-0.36082473397254944,0.064514122903347015,0
15.432,-200000,-1.4231150979870932e-13,2.0252566227438987e-26,1.0601393082816314e-26,-0.36082473397254944,-0.36082473397254944,0.19961762428283691,0
15.436,-200000,-1.3994469645617347e-13,1.9584516596513454e-26,1.0796046051923554e-26,-0.36082473397254944,-0.36082473397254944,0.26360908150672913,0
15.44,-200000,-1.365603187171785e-13,1.8648721103231295e-26,1.1014079810555656e-26,-0.36082473397254944,-0.36082473397254944,0.22729671001434326,0
15.444,-200000,-1.3226850441739463e-13,1.7494958103307123e-26,1.124819508422339e-26,-0.36082473397254944,-0.36082473397254944,0.14190869033336639,0
15.448,-200000,-1.2714891531144523e-13,1.6166846058121418e-26,1.1490983975988667e-26,-0.36082473397254944,-0.36082473397254944,0.076792322099208832,0
15.452,-200000,-1.2125276639945309e-13,1.4702231802197323e-26,1.1734715032682738e-26,-0.36082473397254944,-0.36082473397254944,0.045579779893159866,0
15.456,-200000,-1.1460956153303697e-13,1.3135352206970222e-26,1.1971204592785914e-26,-0.36082473397254944,-0.36082473397254944,0.020086178556084633,0
15.46,-200000,-1.0722799465836749e-13,1.1497842597706619e-26,1.2191781349316584e-26,-0.36082473397254944,-0.36082473397254944,-0.017992060631513596,0
15.464,-200000,-9.9094865613994637e-14,9.8197921631136645e-27,1.2387306379502643e-26,-0.36082473397254944,-0.36082473397254944,-0.060844868421554565,0
15.468,-200000,-9.0189974358192287e-14,8.1342321424815553e-27,1.2548414271210524e-26,-0.36082473397254944,-0.36082473397254944,-0.082241594791412354,0
15.472,-200000,-8.0511423537158594e-14,6.4820885471285201e-27,1.2665930664557144e-26,-0.36082473397254944,-0.36082473397254944,-0.043304137885570526,0
15.476,-200000,-7.008740240737818e-14,4.9122441753450292e-27,1.2731422297502021e-26,-0.36082473397254944,-0.36082473397254944,0.084066711366176605,0
15.48,-200000,-5.8971165624310817e-14,3.4775989300995556e-27,1.2737784029294321e-26,-0.36082473397254944,-0.36082473397254944,0.26134580373764038,0
15.484,-200000,-4.7232139396445258e-14,2.2308749510267054e-27,1.2679854367683086e-26,-0.36082473397254944,-0.36082473397254944,0.39330148696899414,0
15.488,-200000,-3.495296364624742e-14,1.2217096157691599e-27,1.2554972447857151e-26,-0.36082473397254944,-0.36082473397254944,0.42548123002052307,0
15.492,-200000,-2.2238336728195619e-14,4.9454361334890849e-28,1.2363453351955418e-26,-0.36082473397254944,-0.36082473397254944,0.3766724169254303,0
15.496,-200000,-9.2290787168038298e-15,8.5175888830978235e-29,1.2108883931906313e-26,-0.36082473397254944,-0.36082473397254944,0.28804931044578552,0
15.5,-200000,3.8940488983026707e-15,1.5163616824138463e-29,1.1798160557654698e-26,-0.36082473397254944,-0.36082473397254944,0.19346022605895996,0
15.504,-200000,1.6919229011520473e-14,2.8626033246862945e-28,1.1441285738959743e-26,-0.36082473397254944,-0.36082473397254944,0.10678350925445557,0
15.508,-200000,2.9616032662296149e-14,8.7710932638876822e-28,1.1050924391135739e-26,-0.36082473397254944,-0.36082473397254944,0.025107165798544884,0
15.512,-200000,4.1746943765406594e-14,1.7428073252640476e-27,1.0641793700445714e-26,-0.36082473397254944,-0.36082473397254944,-0.04265168309211731,0
15.516,-200000,5.3077750934672416e-14,2.8172478189407209e-27,1.0229837285341284e-26,-0.36082473397254944,-0.36082473397254944,-0.069633364677429199,0
15.52,-200000,6.3389885788384115e-14,4.0182775693390284e-27,9.8312552981426574e-27,-0.36082473397254944,-0.36082473397254944,-0.020970502868294716,0
15.524,-200000,7.2500382433671184e-14,5.2563053969339868e-27,9.4615468526702838e-27,-0.36082473397254944,-0.36082473397254944,0.12334370613098145,0
15.528,-200000,8.0283314176331222e-14,6.4454107520816207e-27,9.1346256372143948e-27,-0.36082473397254944,-0.36082473397254944,0.33311933279037476,0
15.532,-200000,8.6677301620874392e-14,7.5129548758134322e-27,8.8619509349440944e-27,-0.36082473397254944,-0.36082473397254944,0.53321874141693115,0
15.536,-200000,9.1677337108516527e-14,8.4047336254026091e-27,8.6518489261949576e-27,-0.36082473397254944,-0.36082473397254944,0.63255882263183594,0
15.54,-200000,9.5320601997510301e-14,9.0860174765339942e-27,8.5090712653257765e-27,-0.36082473397254944,-0.36082473397254944,0.56528615951538086,0
15.544,-200000,9.7676607199639193e-14,9.5407202919400875e-27,8.434542398709857e-27,-0.36082473397254944,-0.36082473397254944,0.36029618978500366,0
15.548,-200000,9.8851069202984115e-14,9.7715337513111647e-27,8.4253657277108407e-27,-0.36082473397254944,-0.36082473397254944,0.14456121623516083,0
15.552,-200000,9.8995661115212213e-14,9.8001407443331149e-27,8.475118661150185e-27,-0.36082473397254944,-0.36082473397254944,0.041905958205461502,0
15.556,-200000,9.8301012783300751e-14,9.6630884880026082e-27,8.5743325570493046e-27,-0.36082473397254944,-0.36082473397254944,0.071610629558563232,0
15.56,-200000,9.6974328794938863e-14,9.4040208659753925e-27,8.7111074794678196e-27,-0.36082473397254944,-0.36082473397254944,0.13584840297698975,0
15.564,-200000,9.5222169992775774e-14,9.0672620003635735e-27,8.8718625408098889e-27,-0.36082473397254944,-0.36082473397254944,0.11312840133905411,0
15.568,-200000,9.3240234868945115e-14,8.6937425247172465e-27,9.0422318444343393e-27,-0.36082473397254944,-0.36082473397254944,-0.036323618143796921,0
15.572,-200000,9.1197428569392974e-14,8.316971308952816e-27,9.2079581161488609e-27,-0.36082473397254944,-0.36082473397254944,-0.25543683767318726,0
15.576,-200000,8.9216597976525536e-14,7.9596003707041871e-27,9.3557139207382941e-27,-0.36082473397254944,-0.36082473397254944,-0.43547099828720093,0
15.58,-200000,8.7358959855506763e-14,7.6315867677838416e-27,9.4737842115369203e-27,-0.36082473397254944,-0.36082473397254944,-0.47740325331687927,0
15.584,-200000,8.5613035215835465e-14,7.3295924784121677e-27,9.5525162276634705e-27,-0.36082473397254944,-0.36082473397254944,-0.35659638047218323,0
15.588,-200000,8.3893883593560981e-14,7.0381838703868239e-27,9.5845328870589639e-27,-0.36082473397254944,-0.36082473397254944,-0.14694571495056152,0
15.592,-200000,8.2051261672631132e-14,6.732408595348329e-27,9.5647643717377955e-27,-0.36082473397254944,-0.36082473397254944,0.028961563482880592,0
15.596,-200000,7.9879008409947799e-14,6.3806563651194553e-27,9.490389579517427e-27,-0.36082473397254944,-0.36082473397254944,0.091137133538722992,0
15.6,-200000,7.7131965365521277e-14,5.9493405022140451e-27,9.3606666421832804e-27,-0.36082473397254944,-0.36082473397254944,0.052101153880357742,0
15.604,-200000,7.3553901684675349e-14,5.4101764142828384e-27,9.1766917990597008e-27,-0.36082473397254944,-0.36082473397254944,-0.0065467185340821743,0
15.608,-200000,6.8902823442511252e-14,4.7475991207012865e-27,8.9411197519820316e-27,-0.36082473397254944,-0.36082473397254944,-0.0091645028442144394,0
15.612,-200000,6.2966166026849624e-14,3.9647378724430298e-27,8.658017294620841e-27,-0.36082473397254944,-0.36082473397254944,0.037666607648134232,0
15.616,-200000,5.5567035076985877e-14,3.0876951832303374e-27,8.332900290336854e-27,-0.36082473397254944,-0.36082473397254944,0.06141962856054306,0
15.62,-200000,4.6562681824385138e-14,2.1680834718638595e-27,7.9729000725281476e-27,-0.36082473397254944,-0.36082473397254944,0.022338544949889183,0
15.624,-200000,3.5840633846179193e-14,1.2845510728140626e-27,7.5869236820015239e-27,-0.36082473397254944,-0.36082473397254944,-0.045110367238521576,0
15.628,-200000,2.3321763018501439e-14,5.4390457189632142e-28,7.1857832894647728e-27,-0.36082473397254944,-0.36082473397254944,-0.085768386721611023,0
15.632,-200000,8.9741946445137492e-15,8.0536167113141402e-29,6.7823425662024457e-27,-0.36082473397254944,-0.36082473397254944,-0.066841043531894684,0
15.636,-200000,-7.1664450700223599e-15,5.1357937251154825e-29,6.391680002935139e-27,-0.36082473397254944,-0.36082473397254944,0.015706434845924377,0
15.64,-200000,-2.4978242673008577e-14,6.2391261290752538e-28,6.0311836655727584e-27,-0.36082473397254944,-0.36082473397254944,0.12082658708095551,0
15.644,-200000,-4.4243895249958601e-14,1.9575223214159808e-27,5.7204352542318668e-27,-0.36082473397254944,-0.36082473397254944,0.18504269421100616,0
15.648,-200000,-6.4654228151828086e-14,4.1801696997202639e-27,5.4807016577303657e-27,-0.36082473397254944,-0.36082473397254944,0.1886279284954071,0
15.652,-200000,-8.5819284350360098e-14,7.3649494707032064e-27,5.3339558108037692e-27,-0.36082473397254944,-0.36082473397254944,0.16274914145469666,0
15.656,-200000,-1.0727896571300147e-13,1.1508776487186894e-26,5.3014245429271355e-27,-0.36082473397254944,-0.36082473397254944,0.14020475745201111,0
15.66,-200000,-1.285118523099496e-13,1.6515296088867645e-26,5.401773196749488e-27,-0.36082473397254944,-0.36082473397254944,0.13081209361553192,0
15.664,-200000,-1.4894461803239417e-13,2.2184498910276889e-26,5.6490679942126534e-27,-0.36082473397254944,-0.36082473397254944,0.12376847118139267,0
15.668,-200000,-1.6796392293509654e-13,2.8211878479023494e-26,6.0506205357575033e-27,-0.36082473397254944,-0.36082473397254944,0.1044648140668869,0
15.672,-200000,-1.8493598308560316e-13,3.4201320309353581e-26,6.6050052480392023e-27,-0.36082473397254944,-0.36082473397254944,0.093931160867214203,0
15.676,-200000,-1.9923509185764549e-13,3.9694617934106229e-26,7.3006526846958274e-27,-0.36082473397254944,-0.36082473397254944,0.14233322441577911,0
15.68,-200000,-2.1027899202701733e-13,4.421724994837562e-26,8.1154458514320244e-27,-0.36082473397254944,-0.36082473397254944,0.25496140122413635,0
15.684,-200000,-2.1756403102701771e-13,4.7334110259125791e-26,9.017509837296207e-27,-0.36082473397254944,-0.36082473397254944,0.38465636968612671,0
15.688,-200000,-2.2069213047749142e-13,4.8705011845443914e-26,9.9671758780378421e-27,-0.36082473397254944,-0.36082473397254944,0.50242120027542114,0
15.692,-200000,-2.1938473173527262e-13,4.8129661074601626e-26,1.0919878725115787e-26,-0.36082473397254944,-0.36082473397254944,0.59833544492721558,0
15.696,-200000,-2.1348305339220081e-13,4.5575018233216977e-26,1.1829675704892673e-26,-0.36082473397254944,-0.36082473397254944,0.6382441520690918,0
15.7,-200000,-2.0293539255717558e-13,4.1182773216926557e-26,1.2653026933929749e-26,-0.36082473397254944,-0.36082473397254944,0.58397847414016724,0
15.704,-200000,-1.8779105332399071e-13,3.5265478263057171e-26,1.3352612512136658e-26,-0.36082473397254944,-0.36082473397254944,0.41820773482322693,0
15.708,-200000,-1.6821047050911975e-13,2.8294758177878277e-26,1.3900966367390502e-26,-0.36082473397254944,-0.36082473397254944,0.14380297064781189,0
15.712,-200000,-1.4447969730324584e-13,2.0874381213747583e-26,1.4283596262045759e-26,-0.36082473397254944,-0.36082473397254944,-0.18585503101348877,0
15.716,-200000,-1.1701466076478872e-13,1.3692431295244119e-26,1.4501100004757165e-26,-0.36082473397254944,-0.36082473397254944,-0.46355333924293518,0
15.72,-200000,-8.6352298467144706e-14,7.4567184918093027e-27,1.4569871111211344e-26,-0.36082473397254944,-0.36082473397254944,-0.59637147188186646,0
15.724,-200000,-5.3127224435055645e-14,2.8225021410149982e-27,1.4521191305937012e-26,-0.36082473397254944,-0.36082473397254944,-0.56953078508377075,0
15.728,-200000,-1.8036651816197291e-14,3.2532083989447612e-28,1.4398791524623404e-26,-0.36082473397254944,-0.36082473397254944,-0.45085564255714417,0
15.732,-200000,1.8187244109823739e-14,3.3077584386895853e-28,1.4255147965651226e-26,-0.36082473397254944,-0.36082473397254944,-0.33518552780151367,0
15.736,-200000,5.4786534873672507e-14,3.0015643220364348e-27,1.4147083266099681e-26,-0.36082473397254944,-0.36082473397254944,-0.27557477355003357,0
15.74,-200000,9.0979957942383116e-14,8.2773533892528151e-27,1.4130910076798694e-26,-0.36082473397254944,-0.36082473397254944,-0.25831612944602966,0
15.744,-200000,1.2597265082198855e-13,1.586910807392684e-26,1.4257477570511957e-26,-0.36082473397254944,-0.36082473397254944,-0.22920577228069305,0
15.748,-200000,1.589755210069585e-13,2.5273214451191763e-26,1.4567512232215459e-26,-0.36082473397254944,-0.36082473397254944,-0.15543965995311737,0
15.752,-200000,1.8923228327187569e-13,3.5808855515334719e-26,1.5087687421266985e-26,-0.36082473397254944,-0.36082473397254944,-0.064667508006095886,0
15.756,-200000,2.1604849257273601e-13,4.6676949065733845e-26,1.5827964047338907e-26,-0.36082473397254944,-0.36082473397254944,0.0052241263911128044,0
15.76,-200000,2.3881368887632148e-13,5.7031981041924033e-26,1.6780522834857011e-26,-0.36082473397254944,-0.36082473397254944,0.053517401218414307,0
15.764,-200000,2.5701394680034684e-13,6.6056173856127263e-26,1.7920302042640977e-26,-0.36082473397254944,-0.36082473397254944,0.068788290023803711,0
15.768,-200000,2.7023882805989052e-13,7.3029026330940583e-26,1.9207008134766312e-26,-0.36082473397254944,-0.36082473397254944,0.0093403207138180733,0
15.772,-200000,2.7819044810806215e-13,7.7389917207736379e-26,2.0588465357923632e-26,-0.36082473397254944,-0.36082473397254944,-0.14375488460063934,0
15.776,-200000,2.806950364416666e-13,7.8789701580244488e-26,2.2005070032194042e-26,-0.36082473397254944,-0.36082473397254944,-0.34589666128158569,0
15.78,-200000,2.7771399546336339e-13,7.7125057158808424e-26,2.3394936635860534e-26,-0.36082473397254944,-0.36082473397254944,-0.47844895720481873,0
15.784,-200000,2.6935167963225426e-13,7.2550335672891158e-26,2.4699353579754454e-26,-0.36082473397254944,-0.36082473397254944,-0.42874360084533691,0
15.788,-200000,2.5585379626567872e-13,6.5461157029436849e-26,2.5867809114038368e-26,-0.36082473397254944,-0.36082473397254944,-0.20937201380729675,0
15.792,-200000,2.3759453063841585e-13,5.6451163711527597e-26,2.6862186773996919e-26,-0.36082473397254944,-0.36082473397254944,0.053403973579406738,0
15.796,-200000,2.1505399457749652e-13,4.6248221652673691e-26,2.7659534096924879e-26,-0.36082473397254944,-0.36082473397254944,0.21938800811767578,0
15.8,-200000,1.8879169061403189e-13,3.5642304175232022e-26,2.8253398447136572e-26,-0.36082473397254944,-0.36082473397254944,0.22220306098461151,0
15.804,-200000,1.5942488214987227e-13,2.5416292557132269e-26,2.865351732643082e-26,-0.36082473397254944,-0.36082473397254944,0.12802803516387939,0
15.808,-200000,1.2760955215695285e-13,1.6284196821492821e-26,2.8884256059720055e-26,-0.36082473397254944,-0.36082473397254944,0.081034421920776367,0
15.812,-200000,9.4019410312728979e-14,8.8396486661880902e-27,2.8981748174248892e-26,-0.36082473397254944,-0.36082473397254944,0.14852125942707062,0
15.816,-200000,5.9332530208400236e-14,3.5203491822611079e-27,2.8990407155278857e-26,-0.36082473397254944,-0.36082473397254944,0.26017040014266968,0
15.82,-200000,2.4229248707201279e-14,5.8705647674777573e-28,2.8958781844848063e-26,-0.36082473397254944,-0.36082473397254944,0.29841002821922302,0
15.824,-200000,-1.0611030757941113e-14,1.1259396918707178e-28,2.8935344047796849e-26,-0.36082473397254944,-0.36082473397254944,0.19708657264709473,0
15.828,-200000,-4.4521108804804199e-14,1.9821291579434387e-27,2.8964106655958305e-26,-0.36082473397254944,-0.36082473397254944,-0.026852216571569443,0
15.832,-200000,-7.6864004798591484e-14,5.9080751420396153e-27,2.9080657773216799e-26,-0.36082473397254944,-0.36082473397254944,-0.28168010711669922,0
15.836,-200000,-1.0705225903873475e-13,1.146018681543396e-26,2.9308835790051976e-26,-0.36082473397254944,-0.36082473397254944,-0.45007839798927307,0
15.84,-200000,-1.3456072465046348e-13,1.8106588772069799e-26,2.9658492223315368e-26,-0.36082473397254944,-0.36082473397254944,-0.46240463852882385,0
15.844,-200000,-1.5893490408307176e-13,2.5260304557588547e-26,3.0124542617953791e-26,-0.36082473397254944,-0.36082473397254944,-0.33257183432579041,0
15.848,-200000,-1.7980051041782685e-13,3.2328225556688687e-26,3.0687502725905868e-26,-0.36082473397254944,-0.36082473397254944,-0.14880213141441345,0
15.852,-200000,-1.9686461933277749e-13,3.8755676241666919e-26,3.1315321991409086e-26,-0.36082473397254944,-0.36082473397254944,-0.02512790821492672,0
15.856,-200000,-2.0990865566995059e-13,4.4061644053332864e-26,3.1966378757249302e-26,-0.36082473397254944,-0.36082473397254944,-0.013234905898571014,0
15.86,-200000,-2.187879868595366e-13,4.7868187580887882e-26,3.2593433813750587e-26,-0.36082473397254944,-0.36082473397254944,-0.052825760096311569,0
15.864,-200000,-2.2343602933561774e-13,4.9923663277054381e-26,3.3148221815762641e-26,-0.36082473397254944,-0.36082473397254944,-0.038741569966077805,0
15.868,-200000,-2.2386220210456748e-13,5.0114281037742141e-26,3.3586264566777807e-26,-0.36082473397254944,-0.36082473397254944,0.048965573310852051,0
15.872,-200000,-2.2015080188529657e-13,4.8466375258638735e-26,3.3871567206507465e-26,-0.36082473397254944,-0.36082473397254944,0.09501107782125473,0
15.876,-200000,-2.1246467584411233e-13,4.514123409849484e-26,3.3980497804162008e-26,-0.36082473397254944,-0.36082473397254944,-0.036114204674959183,0
15.88,-200000,-2.0104898919726805e-13,4.0420699686116039e-26,3.3904569942034485e-26,-0.36082473397254944,-0.36082473397254944,-0.3181573748588562,0
15.884,-200000,-1.862260345930622e-13,3.4680140389895269e-26,3.3651490421390358e-26,-0.36082473397254944,-0.36082473397254944,-0.55260658264160156,0
15.888,-200000,-1.683819777402798e-13,2.8352489853891229e-26,3.3244438194296316e-26,-0.36082473397254944,-0.36082473397254944,-0.56678617000579834,0
15.892,-200000,-1.4795929509803935e-13,2.1891954773956335e-26,3.2719682373465059e-26,-0.36082473397254944,-0.36082473397254944,-0.35757669806480408,0
15.896,-200000,-1.2545184075590798e-13,1.5738164867379929e-26,3.2122949158008207e-26,-0.36082473397254944,-0.36082473397254944,-0.04494016245007515,0
15.9,-200000,-1.0138514105941659e-13,1.0278947728551181e-26,3.1504870475791722e-26,-0.36082473397254944,-0.36082473397254944,0.22792112827301025,0
15.904,-200000,-7.6286490958889924e-14,5.8196291204595647e-27,3.0915951913677216e-26,-0.36082473397254944,-0.36082473397254944,0.34439548850059509,0
15.908,-200000,-5.0665699256489602e-14,2.5670130894174484e-27,3.0401401980807256e-26,-0.36082473397254944,-0.36082473397254944,0.24981637299060822,0
15.912,-200000,-2.5003460537914232e-14,6.2517303775962961e-28,2.9996411269125686e-26,-0.36082473397254944,-0.36082473397254944,-0.014187480323016644,0
15.916,-200000,2.5983490045744311e-16,6.7514177146116345e-32,2.9722568682937109e-26,-0.36082473397254944,-0.36082473397254944,-0.32535639405250549,0
15.92,-200000,2.4726070800215605e-14,6.1137861268120464e-28,2.958566125653842e-26,-0.36082473397254944,-0.36082473397254944,-0.54064053297042847,0
15.924,-200000,4.8030345976488031e-14,2.306913939312019e-27,2.9575350597988149e-26,-0.36082473397254944,-0.36082473397254944,-0.54909819364547729,0
15.928,-200000,6.9832147334657202e-14,4.8765285748983456e-27,2.9666371587903845e-26,-0.36082473397254944,-0.36082473397254944,-0.32101011276245117,0
15.932,-200000,8.981433218674395e-14,8.066614282878075e-27,2.9821086932940316e-26,-0.36082473397254944,-0.36082473397254944,0.046391177922487259,0
15.936,-200000,1.0768722881731446e-13,1.1596538803636687e-26,2.9992993899032365e-26,-0.36082473397254944,-0.36082473397254944,0.36495527625083923,0
15.94,-200000,1.2319016791904891e-13,1.5175817975522145e-26,3.0130955194296623e-26,-0.36082473397254944,-0.36082473397254944,0.48669567704200745,0
15.944,-200000,1.3608953102883098e-13,1.8520358642809864e-26,3.0183981438269447e-26,-0.36082473397254944,-0.36082473397254944,0.39814227819442749,0
15.948,-200000,1.4618095958967431e-13,2.1368870660316806e-26,3.0105899616092122e-26,-0.36082473397254944,-0.36082473397254944,0.20521478354930878,0
15.952,-200000,1.533033276062204e-13,2.3501912029435534e-26,2.9859759606223612e-26,-0.36082473397254944,-0.36082473397254944,0.04940304160118103,0
15.956,-200000,1.5735850122933215e-13,2.4761698243170202e-26,2.9421448765760187e-26,-0.36082473397254944,-0.36082473397254944,0.0079576596617698669,0
15.96,-200000,1.5832055447456e-13,2.5065397365728647e-26,2.8782123224397222e-26,-0.36082473397254944,-0.36082473397254944,0.047407131642103195,0
15.964,-200000,1.5623201517211971e-13,2.4408441091282784e-26,2.7949163145681609e-26,-0.36082473397254944,-0.36082473397254944,0.069970354437828064,0
15.968,-200000,1.5119669568002675e-13,2.28604417724865e-26,2.6945796785486614e-26,-0.36082473397254944,-0.36082473397254944,0.015339752659201622,0
15.972,-200000,1.4337251004470364e-13,2.0555676785806428e-26,2.5809109850821356e-26,-0.36082473397254944,-0.36082473397254944,-0.083749830722808838,0
15.976,-200000,1.3297013230079147e-13,1.7681055321229417e-26,2.4586937819272549e-26,-0.36082473397254944,-0.36082473397254944,-0.14774215221405029,0
15.98,-200000,1.2026581716183954e-13,1.4463867927072271e-26,2.3333713634044397e-26,-0.36082473397254944,-0.36082473397254944,-0.12207072973251343,0
15.984,-200000,1.0561914705461625e-13,1.1155403779502813e-26,2.210581465721296e-26,-0.36082473397254944,-0.36082473397254944,-0.00035453680902719498,0
15.988,-200000,8.9473025342845514e-14,8.0054220959410482e-27,2.0956701622546516e-26,-0.36082473397254944,-0.36082473397254944,0.19060187041759491,0
15.992,-200000,7.2332222676718683e-14,5.2319504720432547e-27,1.9932316433310456e-26,-0.36082473397254944,-0.36082473397254944,0.391580730676651,0
15.996,-200000,5.4735316485417934e-14,2.9959546658874181e-27,1.9067270361721352e-26,-0.36082473397254944,-0.36082473397254944,0.50340890884399414,0
16,-200000,3.7227104808090078e-14,1.3858572990047645e-27,1.8382143124792947e-26,-0.36082473397254944,-0.36082473397254944,0.4464566707611084,0
16.004,-200000,2.0332726049176152e-14,4.1341973667617517e-28,1.7882083888824557e-26,-0.36082473397254944,-0.36082473397254944,0.24396796524524689,0
16.008,-200000,4.5343321145605107e-15,2.0560165815543179e-29,1.7556811269401063e-26,-0.36082473397254944,-0.36082473397254944,0.011430814862251282,0
16.012,-200000,-9.7487647701633914e-15,9.5038413575846212e-29,1.7381918341523236e-26,-0.36082473397254944,-0.36082473397254944,-0.14467401802539825,0
16.016,-200000,-2.2175945975366762e-14,4.9177258534492414e-28,1.7321348615144235e-26,-0.36082473397254944,-0.36082473397254944,-0.20895087718963623,0
16.02,-200000,-3.2496693460086143e-14,1.0560349589771478e-27,1.7330727123601423e-26,-0.36082473397254944,-0.36082473397254944,-0.24255399405956268,0
16.024,-200000,-4.0557330036701186e-14,1.6448972839372782e-27,1.7361374061620469e-26,-0.36082473397254944,-0.36082473397254944,-0.31915110349655151,0
16.028,-200000,-4.6303157705609999e-14,2.1439821919468032e-27,1.7364611164670995e-26,-0.36082473397254944,-0.36082473397254944,-0.45064759254455566,0
16.032,-200000,-4.9776084268910933e-14,2.4776586066826304e-27,1.7296001836332144e-26,-0.36082473397254944,-0.36082473397254944,-0.54273539781570435,0
16.036,-200000,-5.1108124893631257e-14,2.6120401759592554e-27,1.7119041230066023e-26,-0.36082473397254944,-0.36082473397254944,-0.49198436737060547,0
16.04,-200000,-5.0511308867127666e-14,2.5513924494175069e-27,1.6807935751313441e-26,-0.36082473397254944,-0.36082473397254944,-0.32561889290809631,0
16.044,-200000,-4.8264479435636276e-14,2.3294600307989826e-27,1.6349319446260353e-26,-0.36082473397254944,-0.36082473397254944,-0.17097361385822296,0
16.048,-200000,-4.4697887969027961e-14,1.9979011760370091e-27,1.5742713143536594e-26,-0.36082473397254944,-0.36082473397254944,-0.11862742900848389,0
16.052,-200000,-4.0176070342746659e-14,1.6141164937870981e-27,1.4999878882498527e-26,-0.36082473397254944,-0.36082473397254944,-0.15067784488201141,0
16.056,-200000,-3.5080055857785244e-14,1.2306103973036427e-27,1.4143260680346061e-26,-0.36082473397254944,-0.36082473397254944,-0.17071835696697235,0
16.06,-200000,-2.9789477904839518e-14,8.8741285899824549e-28,1.3203642601310283e-26,-0.36082473397254944,-0.36082473397254944,-0.10575376451015472,0
16.064,-200000,-2.4665468980971349e-14,6.0838538050988661e-28,1.221733921005058e-26,-0.36082473397254944,-0.36082473397254944,0.01904919371008873,0
16.068,-200000,-2.0034912653053329e-14,4.0139769677732117e-28,1.1223080957748581e-26,-0.36082473397254944,-0.36082473397254944,0.13144099712371826,0
16.072,-200000,-1.6176752117209349e-14,2.616873441599441e-28,1.0258986620235574e-26,-0.36082473397254944,-0.36082473397254944,0.21246373653411865,0
16.076,-200000,-1.3310768706329378e-14,1.7717656319819784e-28,9.3597075290709755e-27,-0.36082473397254944,-0.36082473397254944,0.3050486147403717,0
16.08,-200000,-1.1589279273120472e-14,1.3431140524133849e-28,8.5539785590250425e-27,-0.36082473397254944,-0.36082473397254944,0.44237989187240601,0
16.084,-200000,-1.1091942184074215e-14,1.2303117337175168e-28,7.8628354873223503e-27,-0.36082473397254944,-0.36082473397254944,0.60780191421508789,0
16.088,-200000,-1.1823853189401289e-14,1.3980350744137465e-28,7.2985826951916e-27,-0.36082473397254944,-0.36082473397254944,0.75320470333099365,0
16.092,-200000,-1.3716878652890452e-14,1.8815276295193881e-28,6.8645058191179162e-27,-0.36082473397254944,-0.36082473397254944,0.82658463716506958,0
16.096,-200000,-1.6634132968067726e-14,2.7669438287960388e-28,6.5552777368751239e-27,-0.36082473397254944,-0.36082473397254944,0.80024021863937378,0
16.1,-200000,-2.038230458164484e-14,4.1543835199913604e-28,6.3580074289734614e-27,-0.36082473397254944,-0.36082473397254944,0.69180524349212646,0
16.104,-200000,-2.4740211168237068e-14,6.1207811043700609e-28,6.2538562190689107e-27,-0.36082473397254944,-0.36082473397254944,0.54803895950317383,0
16.108,-200000,-2.9493941333278914e-14,8.6989248170116037e-28,6.2199136297290301e-27,-0.36082473397254944,-0.36082473397254944,0.41562432050704956,0
16.112,-200000,-3.4454969259634094e-14,1.1871450473537393e-27,6.2311529716984851e-27,-0.36082473397254944,-0.36082473397254944,0.32747316360473633,0
16.116,-200000,-3.9457874494901526e-14,1.5569238855655803e-27,6.2622902514813713e-27,-0.36082473397254944,-0.36082473397254944,0.28062209486961365,0
16.12,-200000,-4.4351505703709576e-14,1.9670560598266864e-27,6.2894042636104326e-27,-0.36082473397254944,-0.36082473397254944,0.22421202063560486,0
16.124,-200000,-4.8990606899999498e-14,2.4000796448137849e-27,6.291266637866655e-27,-0.36082473397254944,-0.36082473397254944,0.11667682975530624,0
16.128,-200000,-5.322839066214391e-14,2.8332613486493175e-27,6.2504018711206578e-27,-0.36082473397254944,-0.36082473397254944,-0.014737030491232872,0
16.132,-200000,-5.691100531373533e-14,3.2388625801232582e-27,6.1538472992887481e-27,-0.36082473397254944,-0.36082473397254944,-0.11113254725933075,0
16.136,-200000,-5.9877287589965578e-14,3.5852896140559011e-27,5.9936222538673742e-27,-0.36082473397254944,-0.36082473397254944,-0.14006440341472626,0
16.14,-200000,-6.1970156924832237e-14,3.8403004572482595e-27,5.7669114104638307e-27,-0.36082473397254944,-0.36082473397254944,-0.10608845949172974,0
16.144,-200000,-6.3053586603269846e-14,3.9757553472828915e-27,5.4760189516635826e-27,-0.36082473397254944,-0.36082473397254944,-0.056520503014326096,0
16.148,-200000,-6.3019562983844535e-14,3.9714647605527856e-27,5.1280715886328404e-27,-0.36082473397254944,-0.36082473397254944,-0.062587283551692963,0
16.152,-200000,-6.178326079908647e-14,3.8171708089881466e-27,4.7343764560751015e-27,-0.36082473397254944,-0.36082473397254944,-0.15739178657531738,0
16.156,-200000,-5.927532499127447e-14,3.5135641310670317e-27,4.3094138508702359e-27,-0.36082473397254944,-0.36082473397254944,-0.29777640104293823,0
16.16,-200000,-5.5436232861139079e-14,3.0731761751585854e-27,3.8695691997991012e-27,-0.36082473397254944,-0.36082473397254944,-0.38831895589828491,0
16.164,-200000,-5.0214433983510401e-14,2.5214891129499896e-27,3.4318303605291595e-27,-0.36082473397254944,-0.36082473397254944,-0.36037811636924744,0
16.168,-200000,-4.3571391747420155e-14,1.8984661833802739e-27,3.0125910413400295e-27,-0.36082473397254944,-0.36082473397254944,-0.23993153870105743,0
16.172,-200000,-3.5490565293474358e-14,1.2595802355271155e-27,2.6266689620378375e-27,-0.36082473397254944,-0.36082473397254944,-0.11200062185525894,0
16.176,-200000,-2.5982295199893091e-14,6.7507966040853605e-28,2.2865493486730628e-27,-0.36082473397254944,-0.36082473397254944,-0.038913410156965256,0
16.18,-200000,-1.5083390130432237e-14,2.2750868395713019e-28,2.0018219842177926e-27,-0.36082473397254944,-0.36082473397254944,-0.034715492278337479,0
16.184,-200000,-2.8558772490280436e-15,8.1560349574176691e-30,1.7788772968204984e-27,-0.36082473397254944,-0.36082473397254944,-0.082402266561985016,0
16.188,-200000,1.0613177986462403e-14,1.1263952946731869e-28,1.6210213378237152e-27,-0.36082473397254944,-0.36082473397254944,-0.16379754245281219,0
16.192,-200000,2.5207583619741257e-14,6.3542230729292377e-28,1.5290910200847765e-27,-0.36082473397254944,-0.36082473397254944,-0.27144432067871094,0
16.196,-200000,4.0768081998373423e-14,1.6620365196983691e-27,1.5024125570126384e-27,-0.36082473397254944,-0.36082473397254944,-0.39171871542930603,0
16.2,-200000,5.7074970563533028e-14,3.2575518043035919e-27,1.5398464721557042e-27,-0.36082473397254944,-0.36082473397254944,-0.50220239162445068,0
16.204,-200000,7.3843024522759343e-14,5.4527926217202614e-27,1.6406340454123826e-27,-0.36082473397254944,-0.36082473397254944,-0.58483153581619263,0
16.208,-200000,9.0731025123580444e-14,8.2321186874630032e-27,1.8048654103040709e-27,-0.36082473397254944,-0.36082473397254944,-0.630237877368927,0
16.212,-200000,1.0735648616833418e-13,1.1525415751534422e-26,2.0334729095168469e-27,-0.36082473397254944,-0.36082473397254944,-0.63570469617843628,0
16.216,-200000,1.2330598781612467e-13,1.5204366420273786e-26,2.3277245753260952e-27,-0.36082473397254944,-0.36082473397254944,-0.60242098569869995,0
16.22,-200000,1.3813195108135917e-13,1.9080434478077227e-26,2.6882126311897149e-27,-0.36082473397254944,-0.36082473397254944,-0.52899169921875,0
16.224,-200000,1.5134432335833781e-13,2.2905103317524862e-26,3.1134167480096067e-27,-0.36082473397254944,-0.36082473397254944,-0.39933204650878906,0
16.228,-200000,1.6242007196652641e-13,2.6380282124056301e-26,3.5981425001327638e-27,-0.36082473397254944,-0.36082473397254944,-0.19746050238609314,0
16.232,-200000,1.7083257280569447e-13,2.9183770521695336e-26,4.1322648886555536e-27,-0.36082473397254944,-0.36082473397254944,0.050160247832536697,0
16.236,-200000,1.7608665719114069e-13,3.100651376189417e-26,4.7001546068932847e-27,-0.36082473397254944,-0.36082473397254944,0.27695131301879883,0
16.24,-200000,1.7774779044466005e-13,3.1594273684554133e-26,5.281011996632564e-27,-0.36082473397254944,-0.36082473397254944,0.42838063836097717,0
16.244,-200000,1.7545832137460388e-13,3.0785626545456465e-26,5.8501358507786586e-27,-0.36082473397254944,-0.36082473397254944,0.50070750713348389,0
16.248,-200000,1.6894569510733648e-13,2.8542648472880247e-26,6.3810303807146553e-27,-0.36082473397254944,-0.36082473397254944,0.53710258007049561,0
16.252,-200000,1.5803749639237835e-13,2.4975850867778374e-26,6.8482656074548653e-27,-0.36082473397254944,-0.36082473397254944,0.57226467132568359,0
16.256,-200000,1.4268367574694213e-13,2.0358631041336281e-26,7.2308261686321238e-27,-0.36082473397254944,-0.36082473397254944,0.577686607837677,0
16.26,-200000,1.2297693245677532e-13,1.5123326369701882e-26,7.5155433256586886e-27,-0.36082473397254944,-0.36082473397254944,0.48373427987098694,0
16.264,-200000,9.9164166461607195e-14,9.8335317473369231e-27,7.7000466439590081e-27,-0.36082473397254944,-0.36082473397254944,0.24666377902030945,0
16.268,-200000,7.1645251851441133e-14,5.133042028633315e-27,7.7946791377064193e-27,-0.36082473397254944,-0.36082473397254944,-0.096747733652591705,0
16.272,-200000,4.0962432014055028e-14,1.6779206269147028e-27,7.8230041745845113e-27,-0.36082473397254944,-0.36082473397254944,-0.4153037965297699,0
16.276,-200000,7.7879715886962006e-15,6.0652493218360854e-29,7.8206730289798249e-27,-0.36082473397254944,-0.36082473397254944,-0.56426322460174561,0
16.28,-200000,-2.7088706576255603e-14,7.3379803848024603e-28,7.8326638688135799e-27,-0.36082473397254944,-0.36082473397254944,-0.51160448789596558,0
16.284,-200000,-6.2778050173659811e-14,3.9410836008660658e-27,7.9090246799926005e-27,-0.36082473397254944,-0.36082473397254944,-0.3468775749206543,0
16.288,-200000,-9.8316577860739496e-14,9.6661491758702284e-27,8.0995515367869855e-27,-0.36082473397254944,-0.36082473397254944,-0.17367804050445557,0
16.292,-200000,-1.3270718616890942e-13,1.7611196449542648e-26,8.4480123527409013e-27,-0.36082473397254944,-0.36082473397254944,-0.049560379236936569,0
16.296,-200000,-1.6496610392817412e-13,2.7213818441011274e-26,8.9867550472002761e-27,-0.36082473397254944,-0.36082473397254944,0.0079291220754384995,0
16.3,-200000,-1.9416037516910983e-13,3.7698251339048907e-26,9.7324111807928601e-27,-0.36082473397254944,-0.36082473397254944,0.020702913403511047,0
16.304,-200000,-2.1943182676713996e-13,4.8150328614020835e-26,1.0683175771974774e-26,-0.36082473397254944,-0.36082473397254944,0.021493431180715561,0
16.308,-200000,-2.4001669250185709e-13,5.7608015903082566e-26,1.1817937547067622e-26,-0.36082473397254944,-0.36082473397254944,0.011202086694538593,0
16.312,-200000,-2.5526859814307967e-13,6.5162061649817467e-26,1.3097437579713037e-26,-0.36082473397254944,-0.36082473397254944,-0.015509864315390587,0
16.316,-200000,-2.646936489436591e-13,7.006273060101074e-26,1.446755338661385e-26,-0.36082473397254944,-0.36082473397254944,-0.035368792712688446,0
16.32,-200000,-2.6798775329926749e-13,7.1817434588134262e-26,1.5864559797770175e-26,-0.36082473397254944,-0.36082473397254944,-0.043256063014268875,0
16.324,-200000,-2.6505246565264318e-13,7.0252815264289893e-26,1.7221614718160131e-26,-0.36082473397254944,-0.36082473397254944,-0.080267950892448425,0
16.328,-200000,-2.5598658392675389e-13,6.5529128489778119e-26,1.8475533778912218e-26,-0.36082473397254944,-0.36082473397254944,-0.17228849232196808,0
16.332,-200000,-2.4106649836042049e-13,5.8113053282771209e-26,1.9573016483629529e-26,-0.36082473397254944,-0.36082473397254944,-0.29110470414161682,0
16.336,-200000,-2.2072408733652543e-13,4.8719121978588472e-26,2.0475693685588004e-26,-0.36082473397254944,-0.36082473397254944,-0.37871456146240234,0
16.34,-200000,-1.9552495202340009e-13,3.8230008300414001e-26,2.116348640955944e-26,-0.36082473397254944,-0.36082473397254944,-0.37862935662269592,0
16.344,-200000,-1.6615495871535879e-13,2.7607469277180292e-26,2.1636121943863712e-26,-0.36082473397254944,-0.36082473397254944,-0.25309619307518005,0
16.348,-200000,-1.3340949167866406e-13,1.7798091772833896e-26,2.1912654668998609e-26,-0.36082473397254944,-0.36082473397254944,-0.0075430846773087978,0
16.352,-200000,-9.8170657800850103e-14,9.6374790123461023e-27,2.2029059415581329e-26,-0.36082473397254944,-0.36082473397254944,0.27940934896469116,0
16.356,-200000,-6.1371785745837487e-14,3.7664957402914296e-27,2.2034117677987268e-26,-0.36082473397254944,-0.36082473397254944,0.48011034727096558,0
16.36,-200000,-2.395903503263179e-14,5.7403536069027085e-28,2.198413594407053e-26,-0.36082473397254944,-0.36082473397254944,0.48808249831199646,0
16.364,-200000,1.3144242028899182e-14,1.7277109474690926e-28,2.1937161742354948e-26,-0.36082473397254944,-0.36082473397254944,0.27706712484359741,0
16.368,-200000,4.9069326753985523e-14,2.4077987720308889e-27,2.1947347600644823e-26,-0.36082473397254944,-0.36082473397254944,-0.072267033159732819,0
16.372,-200000,8.3027463756209924e-14,6.8935596278869643e-27,2.206002682834312e-26,-0.36082473397254944,-0.36082473397254944,-0.41165447235107422,0
16.376,-200000,1.1432517530319403e-13,1.3070246530386201e-26,2.230793099004069e-26,-0.36082473397254944,-0.36082473397254944,-0.61731612682342529,0
16.38,-200000,1.4237222512036851e-13,2.0269850293131896e-26,2.2708778641225894e-26,-0.36082473397254944,-0.36082473397254944,-0.64159953594207764,0
16.384,-200000,1.6668986340968167e-13,2.7785514567191092e-26,2.3264326230008014e-26,-0.36082473397254944,-0.36082473397254944,-0.49796795845031738,0
16.388,-200000,1.8692014082388742e-13,3.4939136367328554e-26,2.3960856512951146e-26,-0.36082473397254944,-0.36082473397254944,-0.25538891553878784,0
16.392,-200000,2.0283217651035496e-13,4.1140889633239979e-26,2.4770964277318638e-26,-0.36082473397254944,-0.36082473397254944,-0.033173412084579468,0
16.396,-200000,2.1432306613038826e-13,4.5934375190424258e-26,2.5656411339622647e-26,-0.36082473397254944,-0.36082473397254944,0.074835620820522308,0
16.4,-200000,2.2141392452129649e-13,4.9024124570533279e-26,2.657174421243168e-26,-0.36082473397254944,-0.36082473397254944,0.068643249571323395,0
16.404,-200000,2.2424149668208437e-13,5.028425282942607e-26,2.746837399436478e-26,-0.36082473397254944,-0.36082473397254944,0.0049250712618231773,0
16.408,-200000,2.2304228776415247e-13,4.9747861310242803e-26,2.8298683993476916e-26,-0.36082473397254944,-0.36082473397254944,-0.076007291674613953,0
16.412,-200000,2.1812460420777419e-13,4.757833974648947e-26,2.9019746001679675e-26,-0.36082473397254944,-0.36082473397254944,-0.15504999458789825,0
16.416,-200000,2.0983494347474874e-13,4.4030705914706228e-26,2.9596270819416061e-26,-0.36082473397254944,-0.36082473397254944,-0.19660563766956329,0
16.42,-200000,1.9853552395837637e-13,3.941635649425325e-26,3.0002987164327802e-26,-0.36082473397254944,-0.36082473397254944,-0.16976451873779297,0
16.424,-200000,1.8459521834279097e-13,3.4075398387357677e-26,3.0226398119364632e-26,-0.36082473397254944,-0.36082473397254944,-0.104662224650383,0
16.428,-200000,1.6838524389932441e-13,2.8353593026563374e-26,3.0265865816528971e-26,-0.36082473397254944,-0.36082473397254944,-0.07177356630563736,0
16.432,-200000,1.5027580145977187e-13,2.2582816659887147e-26,3.0133839466981337e-26,-0.36082473397254944,-0.36082473397254944,-0.11311677843332291,0
16.436,-200000,1.3063270083712997e-13,1.706490256895732e-26,2.9855007951864819e-26,-0.36082473397254944,-0.36082473397254944,-0.2164350301027298,0
16.44,-200000,1.0981497558081726e-13,1.2059328984065252e-26,2.946431534409038e-26,-0.36082473397254944,-0.36082473397254944,-0.32512712478637695,0
16.444,-200000,8.817225378640603e-14,7.7743459397255566e-27,2.9004088961603784e-26,-0.36082473397254944,-0.36082473397254944,-0.37055292725563049,0
16.448,-200000,6.604252870490504e-14,4.3616150264548853e-27,2.8520467922896728e-26,-0.36082473397254944,-0.36082473397254944,-0.31989759206771851,0
16.452,-200000,4.375001744346893e-14,1.9140640974068717e-27,2.8059230812375317e-26,-0.36082473397254944,-0.36082473397254944,-0.18073832988739014,0
16.456,-200000,2.1603050159293632e-14,4.6669172930990387e-28,2.7661392234135224e-26,-0.36082473397254944,-0.36082473397254944,0.020607372745871544,0
16.46,-200000,-1.1303080286891281e-16,1.277596173829979e-32,2.7358922625253275e-26,-0.36082473397254944,-0.36082473397254944,0.23008103668689728,0
16.464,-200000,-2.1156574010598207e-14,4.4760061169842513e-28,2.7171204544689785e-26,-0.36082473397254944,-0.36082473397254944,0.37793636322021484,0
16.468,-200000,-4.1354842049727211e-14,1.7102227091279544e-27,2.7102746209258574e-26,-0.36082473397254944,-0.36082473397254944,0.42332214117050171,0
16.472,-200000,-6.0610499637899634e-14,3.6736327909769214e-27,2.7142666885145832e-26,-0.36082473397254944,-0.36082473397254944,0.37007537484169006,0
16.476,-200000,-7.8886624608944661e-14,6.2230998882290243e-27,2.726591099414706e-26,-0.36082473397254944,-0.36082473397254944,0.26133006811141968,0
16.48,-200000,-9.6184440078438127e-14,9.2514463846651025e-27,2.7436271053307778e-26,-0.36082473397254944,-0.36082473397254944,0.15873205661773682,0
16.484,-200000,-1.1252152367410145e-13,1.2661092728536843e-26,2.7610667861631931e-26,-0.36082473397254944,-0.36082473397254944,0.101557657122612,0
16.488,-200000,-1.2791131272660988e-13,1.6361303352746308e-26,2.7744573918805286e-26,-0.36082473397254944,-0.36082473397254944,0.096639789640903473,0
16.492,-200000,-1.4234526914385509e-13,2.0262175847489502e-26,2.7797584755338556e-26,-0.36082473397254944,-0.36082473397254944,0.14588713645935059,0
16.496,-200000,-1.5577860182358627e-13,2.4266973062775786e-26,2.7738651299040307e-26,-0.36082473397254944,-0.36082473397254944,0.24655143916606903,0
16.5,-200000,-1.6811992607519005e-13,2.8264309995829492e-26,2.7549974875736489e-26,-0.36082473397254944,-0.36082473397254944,0.35839581489562988,0
16.504,-200000,-1.7922544958554054e-13,3.2121765866650376e-26,2.72294015253773e-26,-0.36082473397254944,-0.36082473397254944,0.42283263802528381,0
16.508,-200000,-1.8889813216231566e-13,3.5682505266519184e-26,2.679089346968757e-26,-0.36082473397254944,-0.36082473397254944,0.43429446220397949,0
16.512,-200000,-1.9689096544556889e-13,3.8766048529975411e-26,2.6262972960771696e-26,-0.36082473397254944,-0.36082473397254944,0.44414019584655762,0
16.516,-200000,-2.0291519929171303e-13,4.1174579540571156e-26,2.5685209384895081e-26,-0.36082473397254944,-0.36082473397254944,0.48060783743858337,0
16.52,-200000,-2.0665203760445588e-13,4.2705068304313072e-26,2.5102963784851887e-26,-0.36082473397254944,-0.36082473397254944,0.49905309081077576,0
16.524,-200000,-2.0776787137532365e-13,4.3167488706192313e-26,2.4561255158278156e-26,-0.36082473397254944,-0.36082473397254944,0.43056449294090271,0
16.528,-200000,-2.0593162591842074e-13,4.2407831061904034e-26,2.4098830134167048e-26,-0.36082473397254944,-0.36082473397254944,0.27151817083358765,0
16.532,-200000,-2.0083414098426289e-13,4.0334353313361359e-26,2.3743255703370543e-26,-0.36082473397254944,-0.36082473397254944,0.10322030633687973,0
16.536,-200000,-1.9220765929382766e-13,3.6943779838914874e-26,2.350774682679505e-26,-0.36082473397254944,-0.36082473397254944,0.025150280445814133,0
16.54,-200000,-1.7984539638776775e-13,3.2344366390366608e-26,2.3390033988594102e-26,-0.36082473397254944,-0.36082473397254944,0.077664539217948914,0
16.544,-200000,-1.6361961969763722e-13,2.6771384569722905e-26,2.3373315375932865e-26,-0.36082473397254944,-0.36082473397254944,0.20012769103050232,0
16.548,-200000,-1.4349745079255544e-13,2.0591520653187408e-26,2.3429181211015695e-26,-0.36082473397254944,-0.36082473397254944,0.26808661222457886,0
16.552,-200000,-1.1955403843560281e-13,1.4293168904241341e-26,2.3522296071966929e-26,-0.36082473397254944,-0.36082473397254944,0.21641397476196289,0
16.556,-200000,-9.1981652329542474e-14,8.4606241123887267e-27,2.3616178223408007e-26,-0.36082473397254944,-0.36082473397254944,0.097978115081787109,0
16.56,-200000,-6.1094900839775423e-14,3.7325870473185702e-27,2.3679348725583908e-26,-0.36082473397254944,-0.36082473397254944,-0.0032297647558152676,0
16.564,-200000,-2.733131375300818e-14,7.4700072158325801e-28,2.3690833431028278e-26,-0.36082473397254944,-0.36082473397254944,-0.06744760274887085,0
16.568,-200000,8.7528276659465214e-15,7.661198855495519e-29,2.3644212059678507e-26,-0.36082473397254944,-0.36082473397254944,-0.12416569888591766,0
16.572,-200000,4.6491276946931601e-14,2.1614388209627291e-27,2.3549568780723408e-26,-0.36082473397254944,-0.36082473397254944,-0.17406205832958221,0
16.576,-200000,8.5121234334132462e-14,7.2456242439528175e-27,2.3433076211735223e-26,-0.36082473397254944,-0.36082473397254944,-0.19132740795612335,0
16.58,-200000,1.2380088545028284e-13,1.5326659890254464e-26,2.3334209753598071e-26,-0.36082473397254944,-0.36082473397254944,-0.19011346995830536,0
16.584,-200000,1.6163055594452247e-13,2.6124435427268078e-26,2.3300988232429369e-26,-0.36082473397254944,-0.36082473397254944,-0.20064938068389893,0
16.588,-200000,1.9767702557314804e-13,3.9076209532683265e-26,2.3383732345816067e-26,-0.36082473397254944,-0.36082473397254944,-0.19998630881309509,0
16.592,-200000,2.3099981671416414e-13,5.3360918211864902e-26,2.3628131315014852e-26,-0.36082473397254944,-0.36082473397254944,-0.12228333950042725,0
16.596,-200000,2.6067892961410821e-13,6.7953501429724415e-26,2.4068512915354482e-26,-0.36082473397254944,-0.36082473397254944,0.071968652307987213,0
16.6,-200000,2.8584334335265971e-13,8.1706416169686027e-26,2.4722161212527865e-26,-0.36082473397254944,-0.36082473397254944,0.33415532112121582,0
16.604,-200000,3.0569852747276693e-13,9.3451587461222832e-26,2.5585507843534042e-26,-0.36082473397254944,-0.36082473397254944,0.54493474960327148,0
16.608,-200000,3.1955270677827552e-13,1.0211393347598668e-25,2.663282546580391e-26,-0.36082473397254944,-0.36082473397254944,0.60811853408813477,0
16.612,-200000,3.2684112035753776e-13,1.0682511557255554e-25,2.7817765419667823e-26,-0.36082473397254944,-0.36082473397254944,0.50459849834442139,0
16.616,-200000,3.2714645879436399e-13,1.0702482064109289e-25,2.9077650241015644e-26,-0.36082473397254944,-0.36082473397254944,0.27974504232406616,0
16.62,-200000,3.2021637403310821e-13,1.0253852553227024e-25,3.034009269732961e-26,-0.36082473397254944,-0.36082473397254944,0.023668760433793068,0
16.624,-200000,3.0597543270761973e-13,9.3620964525739934e-26,3.1531001493277168e-26,-0.36082473397254944,-0.36082473397254944,-0.16792282462120056,0
16.628,-200000,2.8453303081710235e-13,8.0959050580674805e-26,3.2583110829248672e-26,-0.36082473397254944,-0.36082473397254944,-0.25485628843307495,0
16.632,-200000,2.5618556213045929e-13,6.5631039457971358e-26,3.3444072388611719e-26,-0.36082473397254944,-0.36082473397254944,-0.26748433709144592,0
16.636,-200000,2.2141323334241153e-13,4.9023819503230088e-26,3.4083253100042866e-26,-0.36082473397254944,-0.36082473397254944,-0.26100453734397888,0
16.64,-200000,1.8087189189962272e-13,3.2714644140730542e-26,3.4496360450882062e-26,-0.36082473397254944,-0.36082473397254944,-0.26726078987121582,0
16.644,-200000,1.3537901268761976e-13,1.832747752925146e-26,3.4707423883859437e-26,-0.36082473397254944,-0.36082473397254944,-0.2731015682220459,0
16.648,-200000,8.589542922418647e-14,7.3780249942816402e-27,3.4767753254181378e-26,-0.36082473397254944,-0.36082473397254944,-0.24175624549388885,0
16.652,-200000,3.3502470546051266e-14,1.1224155048878565e-27,3.475192056929456e-26,-0.36082473397254944,-0.36082473397254944,-0.17037780582904816,0
16.656,-200000,-2.0624571251152621e-14,4.2537297272776594e-28,3.4751091649046495e-26,-0.36082473397254944,-0.36082473397254944,-0.096757233142852783,0
16.66,-200000,-7.5245907595056227e-14,5.6619466877507708e-27,3.4864333248288554e-26,-0.36082473397254944,-0.36082473397254944,-0.040576092898845673,0
16.664,-200000,-1.2908883760109208e-13,1.6663930117511719e-26,3.5188659850923364e-26,-0.36082473397254944,-0.36082473397254944,0.01836184598505497,0
16.668,-200000,-1.8088048420183966e-13,3.271775028054485e-26,3.5808806211528143e-26,-0.36082473397254944,-0.36082473397254944,0.092246055603027344,0
16.672,-200000,-2.2938110287064328e-13,5.2615691175463927e-26,3.6787650090927245e-26,-0.36082473397254944,-0.36082473397254944,0.13191020488739014,0
16.676,-200000,-2.7341613673646792e-13,7.4756385194341718e-26,3.8158311321188308e-26,-0.36082473397254944,-0.36082473397254944,0.042499620467424393,0
16.68,-200000,-3.1190756357921123e-13,9.7286320440187857e-26,3.9919014965274585e-26,-0.36082473397254944,-0.36082473397254944,-0.21906788647174835,0
16.684,-200000,-3.4390212574376966e-13,1.1826866466438592e-25,4.2031165387100556e-26,-0.36082473397254944,-0.36082473397254944,-0.56237298250198364,0
16.688,-200000,-3.685963481051685e-13,1.3586328270896729e-25,4.4421201307254362e-26,-0.36082473397254944,-0.36082473397254944,-0.81031990051269531,0
16.692,-200000,-3.8535315346685528e-13,1.4849705034345316e-25,4.6985902125180579e-26,-0.36082473397254944,-0.36082473397254944,-0.84152364730834961,0
16.696,-200000,-3.9369977547151769e-13,1.5499950752567352e-25,4.9600550780656512e-26,-0.36082473397254944,-0.36082473397254944,-0.67005860805511475,0
16.7,-200000,-3.9331653710859837e-13,1.5469789148894293e-25,5.212922900490291e-26,-0.36082473397254944,-0.36082473397254944,-0.40197849273681641,0
16.704,-200000,-3.8403828728217348e-13,1.4748541018821708e-25,5.4436499241254641e-26,-0.36082473397254944,-0.36082473397254944,-0.15702907741069794,0
16.708,-200000,-3.6587307619337373e-13,1.3386312588377941e-25,5.6400103456842002e-26,-0.36082473397254944,-0.36082473397254944,-0.014067692682147026,0
16.712,-200000,-3.3902104756323992e-13,1.1493525895366467e-25,5.7923492472436929e-26,-0.36082473397254944,-0.36082473397254944,0.023308074101805687,0
16.716,-200000,-3.0388807247504201e-13,9.2347952565891171e-26,5.8946959378275505e-26,-0.36082473397254944,-0.36082473397254944,0.013536108657717705,0
16.72,-200000,-2.610929322136718e-13,6.8169513732286888e-26,5.9456249211281355e-26,-0.36082473397254944,-0.36082473397254944,0.0037704780697822571,0
16.724,-200000,-2.1146634248368767e-13,4.4718010222843767e-26,5.9487261305617856e-26,-0.36082473397254944,-0.36082473397254944,-0.018852617591619492,0
16.728,-200000,-1.5604238821215199e-13,2.4349227219584632e-26,5.9126092433518895e-26,-0.36082473397254944,-0.36082473397254944,-0.079103074967861176,0
16.732,-200000,-9.604211821450867e-14,9.2240873942471151e-27,5.8503878394525822e-26,-0.36082473397254944,-0.36082473397254944,-0.14444196224212646,0
16.736,-200000,-3.2849248901524117e-14,1.0790731255649023e-27,5.7786594290501973e-26,-0.36082473397254944,-0.36082473397254944,-0.15062205493450165,0
16.74,-200000,3.2020871007900145e-14,1.0253363097390958e-27,5.7160207916877379e-26,-0.36082473397254944,-0.36082473397254944,-0.07859966903924942,0
16.744,-200000,9.6958560429592777e-14,9.4009624892237056e-27,5.681279480681321e-26,-0.36082473397254944,-0.36082473397254944,0.041756700724363327,0
16.748,-200000,1.6030208302257598e-13,2.5696757260841627e-26,5.6914902990232755e-26,-0.36082473397254944,-0.36082473397254944,0.18067538738250732,0
16.752,-200000,2.2038349877656627e-13,4.8568884035486713e-26,5.7600423116869814e-26,-0.36082473397254944,-0.36082473397254944,0.32267636060714722,0
16.756,-200000,2.755764366701996e-13,7.5942375935583288e-26,5.8950047029162347e-26,-0.36082473397254944,-0.36082473397254944,0.44857996702194214,0
16.76,-200000,3.2434466354022695e-13,1.0519947046212134e-25,6.0979391707843399e-26,-0.36082473397254944,-0.36082473397254944,0.51050025224685669,0
16.764,-200000,3.6528912490327303e-13,1.3343615491882854e-25,6.3633169096813459e-26,-0.36082473397254944,-0.36082473397254944,0.44533553719520569,0
16.768,-200000,3.9719234303479956e-13,1.5776176561506311e-25,6.6786874758515692e-26,-0.36082473397254944,-0.36082473397254944,0.25024121999740601,0
16.772,-200000,4.1905823429388978e-13,1.7560980522544673e-25,7.0255841285418515e-26,-0.36082473397254944,-0.36082473397254944,0.005575468298047781,0
16.776,-200000,4.3014997488412254e-13,1.8502900164901191e-25,7.3811514719161607e-26,-0.36082473397254944,-0.36082473397254944,-0.19858618080615997,0
16.78,-200000,4.3002900502672747e-13,1.849249459652326e-25,7.7203481026143873e-26,-0.36082473397254944,-0.36082473397254944,-0.32434433698654175,0
16.784,-200000,4.1859042816151659e-13,1.7521793857077819e-25,8.0185344433000187e-26,-0.36082473397254944,-0.36082473397254944,-0.38575172424316406,0
16.788,-200000,3.9607553348197655e-13,1.568758131887417e-25,8.2541345319176781e-26,-0.36082473397254944,-0.36082473397254944,-0.40536776185035706,0
16.792,-200000,3.6306244469153093e-13,1.3181435550530729e-25,8.411040814858884e-26,-0.36082473397254944,-0.36082473397254944,-0.37765932083129883,0
16.796,-200000,3.2044158992938776e-13,1.0268280695924e-25,8.4804994012660119e-26,-0.36082473397254944,-0.36082473397254944,-0.27595371007919312,0
16.8,-200000,2.6938298596998478e-13,7.2567197574740257e-26,8.4622212475730081e-26,-0.36082473397254944,-0.36082473397254944,-0.093613788485527039,0
16.804,-200000,2.1129556708899405e-13,4.4645820205552312e-26,8.3646095713132232e-26,-0.36082473397254944,-0.36082473397254944,0.11374058574438095,0
16.808,-200000,1.4778051015979649e-13,2.183907952289115e-26,8.2040597370660278e-26,-0.36082473397254944,-0.36082473397254944,0.26027765870094299,0
16.812,-200000,8.0580331361483626e-14,6.4931903776999459e-27,8.0033963257883439e-26,-0.36082473397254944,-0.36082473397254944,0.32187366485595703,0
16.816,-200000,1.1524922556821037e-14,1.3282384102641809e-28,7.7896119389855387e-26,-0.36082473397254944,-0.36082473397254944,0.35113224387168884,0
16.82,-200000,-5.7523518554817438e-14,3.3089552597052761e-27,7.591152407861816e-26,-0.36082473397254944,-0.36082473397254944,0.38890331983566284,0
16.824,-200000,-1.2472484254167499e-13,1.5556284665663865e-26,7.4350226598741871e-26,-0.36082473397254944,-0.36082473397254944,0.41394010186195374,0
16.828,-200000,-1.8831331351047698e-13,3.5461904628457203e-26,7.3440287870521078e-26,-0.36082473397254944,-0.36082473397254944,0.4022982120513916,0
16.832,-200000,-2.4664639905122576e-13,6.0834438516509038e-26,7.3344361151851039e-26,-0.36082473397254944,-0.36082473397254944,0.37025293707847595,0
16.836,-200000,-2.9824848645464141e-13,8.8952152887947596e-26,7.4142916418040118e-26,-0.36082473397254944,-0.36082473397254944,0.33696645498275757,0
16.84,-200000,-3.4184872814424505e-13,1.1686054794856642e-25,7.582584022576435e-26,-0.36082473397254944,-0.36082473397254944,0.32356095314025879,0
16.844,-200000,-3.7641214472618201e-13,1.4168609924348481e-25,7.8293015032794709e-26,-0.36082473397254944,-0.36082473397254944,0.37352553009986877,0
16.848,-200000,-4.0116261007527854e-13,1.6093144571009607e-25,8.1364081351699218e-26,-0.36082473397254944,-0.36082473397254944,0.48565545678138733,0
16.852,-200000,-4.1559884331708596e-13,1.7272241407496645e-25,8.4796076186645628e-26,-0.36082473397254944,-0.36082473397254944,0.56557923555374146,0
16.856,-200000,-4.1950102246113286e-13,1.7598112451872459e-25,8.8307197468171199e-26,-0.36082473397254944,-0.36082473397254944,0.50585973262786865,0
16.86,-200000,-4.1293026940489308e-13,1.7051139719500333e-25,9.1604186154760019e-26,-0.36082473397254944,-0.36082473397254944,0.28784698247909546,0
16.864,-200000,-3.962183500131472e-13,1.5698897775078598e-25,9.4410694410551854e-26,-0.36082473397254944,-0.36082473397254944,-0.0068252286873757839,0
16.868,-200000,-3.6994517692290341e-13,1.3685944146893841e-25,9.649351523044074e-26,-0.36082473397254944,-0.36082473397254944,-0.26283511519432068,0
16.872,-200000,-3.3490912950892571e-13,1.1216412617909134e-25,9.7684485656146519e-26,-0.36082473397254944,-0.36082473397254944,-0.40792503952980042,0
16.876,-200000,-2.9209664201279573e-13,8.5320452984463829e-26,9.7895764793277665e-26,-0.36082473397254944,-0.36082473397254944,-0.43979772925376892,0
16.88,-200000,-2.4265520690881781e-13,5.8881551715876203e-26,9.7127679279552747e-26,-0.36082473397254944,-0.36082473397254944,-0.39921179413795471,0
16.884,-200000,-1.8786437249590504e-13,3.5293020602005864e-26,9.546816245400062e-26,-0.36082473397254944,-0.36082473397254944,-0.32600069046020508,0
16.888,-200000,-1.2910469405786468e-13,1.6668022333457553e-26,9.3084255613301833e-26,-0.36082473397254944,-0.36082473397254944,-0.22301957011222839,0
16.892,-200000,-6.7823913531880192e-14,4.600083286982924e-27,9.0206324630708386e-26,-0.36082473397254944,-0.36082473397254944,-0.069071277976036072,0
16.896,-200000,-5.5028329745828667e-15,3.0281170820685151e-29,8.7106939437901607e-26,-0.36082473397254944,-0.36082473397254944,0.11720460653305054,0
16.9,-200000,5.637968865097702e-14,3.1786693730483851e-27,8.4076548759422557e-26,-0.36082473397254944,-0.36082473397254944,0.26642045378684998,0
16.904,-200000,1.1638101235760673e-13,1.3544539905186601e-26,8.139772503671173e-26,-0.36082473397254944,-0.36082473397254944,0.32863920927047729,0
16.908,-200000,1.7312772038462904e-13,2.9973207665155708e-26,7.9319933205093627e-26,-0.36082473397254944,-0.36082473397254944,0.31459680199623108,0
16.912,-200000,2.2534643422111866e-13,5.0781016414073625e-26,7.8036850942751651e-26,-0.36082473397254944,-0.36082473397254944,0.2543177604675293,0
16.916,-200000,2.7189204663755073e-13,7.3925277089860627e-26,7.7668403596206862e-26,-0.36082473397254944,-0.36082473397254944,0.14689712226390839,0
16.92,-200000,3.1177230935819367e-13,9.7201980116063251e-26,7.8249054526256103e-26,-0.36082473397254944,-0.36082473397254944,-0.013235230930149555,0
16.924,-200000,3.4416835158722348e-13,1.1845186528367186e-25,7.9723731380953632e-26,-0.36082473397254944,-0.36082473397254944,-0.18439111113548279,0
16.928,-200000,3.6845079396351232e-13,1.3575599762585723e-25,8.1951850518822914e-26,-0.36082473397254944,-0.36082473397254944,-0.30982637405395508,0
16.932,-200000,3.8419132241881981e-13,1.476029751149983e-25,8.4719439582298571e-26,-0.36082473397254944,-0.36082473397254944,-0.38182362914085388,0
16.936,-200000,3.9116886813017615e-13,1.5301308181061715e-25,8.7758113300282442e-26,-0.36082473397254944,-0.36082473397254944,-0.42206144332885742,0
16.94,-200000,3.8937090856248913e-13,1.5160969826022897e-25,9.0769805510117426e-26,-0.36082473397254944,-0.36082473397254944,-0.42699328064918518,0
16.944,-200000,3.7898953723566886e-13,1.4363306958732849e-25,9.3454447082004258e-26,-0.36082473397254944,-0.36082473397254944,-0.3667304515838623,0
16.948,-200000,3.6041322378811691e-13,1.2989768235060476e-25,9.5538469682178443e-26,-0.36082473397254944,-0.36082473397254944,-0.22011105716228485,0
16.952,-200000,3.3421312592429864e-13,1.1169842707407478e-25,9.6801053886936316e-26,-0.36082473397254944,-0.36082473397254944,-0.02720910869538784,0
16.956,-200000,3.011260945456895e-13,9.0676929464479296e-26,9.7095748901818762e-26,-0.36082473397254944,-0.36082473397254944,0.091036736965179443,0
16.96,-200000,2.620335318084116e-13,6.8661565721918494e-26,9.6364980206696292e-26,-0.36082473397254944,-0.36082473397254944,0.035077352076768875,0
16.964,-200000,2.1793717275720575e-13,4.7496615605601319e-26,9.4646200205639436e-26,-0.36082473397254944,-0.36082473397254944,-0.15557079017162323,0
16.968,-200000,1.6993275276516728e-13,2.8877140904133511e-26,9.2068498590216627e-26,-0.36082473397254944,-0.36082473397254944,-0.33408340811729431,0
16.972,-200000,1.1918185893484284e-13,1.4204315741071047e-26,8.884039964736656e-26,-0.36082473397254944,-0.36082473397254944,-0.34996357560157776,0
16.976,-200000,6.6882575324410387e-14,4.4732789038865017e-27,8.522927175717676e-26,-0.36082473397254944,-0.36082473397254944,-0.13445624709129333,0
16.98,-200000,1.4240277251657829e-14,2.0278552126103124e-28,8.1534838922800457e-26,-0.36082473397254944,-0.36082473397254944,0.22811524569988251,0
16.984,-200000,-3.7561337232813047e-14,1.4108541363459609e-27,7.8058704855016602e-26,-0.36082473397254944,-0.36082473397254944,0.53683739900588989,0
16.988,-200000,-8.7387833514612767e-14,7.6366334746101139e-27,7.5073907871668997e-26,-0.36082473397254944,-0.36082473397254944,0.62827491760253906,0
16.992,-200000,-1.3417977666463354e-13,1.8004214039945951e-26,7.2797711359411988e-26,-0.36082473397254944,-0.36082473397254944,0.47696518898010254,0
16.996,-200000,-1.7697276207418594e-13,3.1319355659084611e-26,7.1370446277713406e-26,-0.36082473397254944,-0.36082473397254944,0.18153473734855652,0
17,-200000,-2.1490495743636123e-13,4.6184142111564039e-26,7.0842784613782058e-26,-0.36082473397254944,-0.36082473397254944,-0.096615694463253021,0
17.004,-200000,-2.4721877648313517e-13,6.1117128054490152e-26,7.1172201834445873e-26,-0.36082473397254944,-0.36082473397254944,-0.22522179782390594,0
17.008,-200000,-2.7327055548975743e-13,7.4676796524575904e-26,7.2228961135675104e-26,-0.36082473397254944,-0.36082473397254944,-0.18606364727020264,0
17.012,-200000,-2.9255105824833871e-13,8.5586120383224471e-26,7.3810824465869538e-26,-0.36082473397254944,-0.36082473397254944,-0.070726513862609863,0
17.016,-200000,-3.0470591327880214e-13,9.2845692982206519e-26,7.5665072838470637e-26,-0.36082473397254944,-0.36082473397254944,0.015405632555484772,0
17.02,-200000,-3.0955224277970372e-13,9.582258903055027e-26,7.751534609166652e-26,-0.36082473397254944,-0.36082473397254944,0.04319918155670166,0
17.024,-200000,-3.0708928780952272e-13,9.4303822246821873e-26,7.9090294562988626e-26,-0.36082473397254944,-0.36082473397254944,0.04473273828625679,0
17.028,-200000,-2.9750393771774131e-13,8.8508597355059616e-26,8.0151226198849378e-26,-0.36082473397254944,-0.36082473397254944,0.034146536141633987,0
17.032,-200000,-2.8116956462750919e-13,7.9056324240257546e-26,8.0515667611109842e-26,-0.36082473397254944,-0.36082473397254944,-0.0035683836322277784,0
17.036,-200000,-2.5863897612152242e-13,6.6894122863770817e-26,8.0074509475816635e-26,-0.36082473397254944,-0.36082473397254944,-0.060986381024122238,0
17.04,-200000,-2.3063118797551907e-13,5.3190752286442578e-26,7.8801121574442727e-26,-0.36082473397254944,-0.36082473397254944,-0.10974973440170288,0
17.044,-200000,-1.980123693050978e-13,3.9208895320643857e-26,7.6751568498041207e-26,-0.36082473397254944,-0.36082473397254944,-0.14950175583362579,0
17.048,-200000,-1.6177196301286889e-13,2.6170164707867609e-26,7.4056338933692112e-26,-0.36082473397254944,-0.36082473397254944,-0.19292466342449188,0
17.052,-200000,-1.2299421192889931e-13,1.5127575741531178e-26,7.0904445186881559e-26,-0.36082473397254944,-0.36082473397254944,-0.21252036094665527,0
17.056,-200000,-8.2826432344640377e-14,6.8602179286897325e-27,6.7522037655399276e-26,-0.36082473397254944,-0.36082473397254944,-0.1782175749540329,0
17.06,-200000,-4.2444909078339504e-14,1.8015703367622188e-27,6.4147833044736127e-26,-0.36082473397254944,-0.36082473397254944,-0.11801803112030029,0
17.064,-200000,-3.019526767294653e-15,9.1175426927744597e-30,6.1008234434690543e-26,-0.36082473397254944,-0.36082473397254944,-0.079701468348503113,0
17.068,-200000,3.4321548017914386e-14,1.1779686652442147e-27,5.8294602224536838e-26,-0.36082473397254944,-0.36082473397254944,-0.076758667826652527,0
17.072,-200000,6.8526110621417585e-14,4.6958281978662132e-27,5.6145239754697395e-26,-0.36082473397254944,-0.36082473397254944,-0.082331106066703796,0
17.076,-200000,9.8649875161088696e-14,9.731798735070545e-27,5.4633467948527012e-26,-0.36082473397254944,-0.36082473397254944,-0.043861854821443558,0
17.08,-200000,1.2388514151161212e-13,1.5347527726387889e-26,5.3762781213316787e-26,-0.36082473397254944,-0.36082473397254944,0.069481953978538513,0
17.084,-200000,1.4358516274830951e-13,2.0616699490908349e-26,5.3469269489792172e-26,-0.36082473397254944,-0.36082473397254944,0.21798920631408691,0
17.088,-200000,1.5728340667636037e-13,2.4738069393868504e-26,5.3630659337643911e-26,-0.36082473397254944,-0.36082473397254944,0.31915760040283203,0
17.092,-200000,1.6470730486960183e-13,2.7128498203730964e-26,5.4081228337017372e-26,-0.36082473397254944,-0.36082473397254944,0.32032504677772522,0
17.096,-200000,1.6578582853320895e-13,2.7484940073374421e-26,5.4630324830857772e-26,-0.36082473397254944,-0.36082473397254944,0.20998005568981171,0
17.1,-200000,1.6065064046850291e-13,2.5808627597963281e-26,5.5082921449276684e-26,-0.36082473397254944,-0.36082473397254944,0.0027834903448820114,0
17.104,-200000,1.496309180075775e-13,2.2389410152639914e-26,5.5259823507272496e-26,-0.36082473397254944,-0.36082473397254944,-0.23249490559101105,0
17.108,-200000,1.3324226704608533e-13,1.7753499561273532e-26,5.5015424538073711e-26,-0.36082473397254944,-0.36082473397254944,-0.38850679993629456,0
17.112,-200000,1.1216940868979605e-13,1.2581976296793393e-26,5.4251443566246271e-26,-0.36082473397254944,-0.36082473397254944,-0.40010556578636169,0
17.116,-200000,8.7243939557533207e-14,7.6115054814397048e-27,5.2925171169343445e-26,-0.36082473397254944,-0.36082473397254944,-0.28716030716896057,0
17.12,-200000,5.9417511329932365e-14,3.530441055169697e-27,5.105174053449625e-26,-0.36082473397254944,-0.36082473397254944,-0.13417358696460724,0
17.124,-200000,2.973134433960356e-14,8.839528295566566e-28,4.870037728762574e-26,-0.36082473397254944,-0.36082473397254944,-0.028420150279998779,0
17.128,-200000,-7.1690369908409581e-16,5.139508625806454e-31,4.5985265963274746e-26,-0.36082473397254944,-0.36082473397254944,0.0015995235880836844,0
17.132,-200000,-3.0807946932486299e-14,9.4912957295562612e-28,4.3052197917489427e-26,-0.36082473397254944,-0.36082473397254944,-0.018426844850182533,0
17.136,-200000,-5.943614605477196e-14,3.5326558746057424e-27,4.0062587650024809e-26,-0.36082473397254944,-0.36082473397254944,-0.046501059085130692,0
17.14,-200000,-8.554427646930915e-14,7.3178235057080062e-27,3.7176746487963776e-26,-0.36082473397254944,-0.36082473397254944,-0.049748480319976807,0
17.144,-200000,-1.0815664770041922e-13,1.1697860437266944e-26,3.4538046819342335e-26,-0.36082473397254944,-0.36082473397254944,-0.034446150064468384,0
17.148,-200000,-1.2640966561266315e-13,1.5979405311469919e-26,3.2259677858108057e-26,-0.36082473397254944,-0.36082473397254944,-0.034137774258852005,0
17.152,-200000,-1.3957864269768805e-13,1.9482197331172004e-26,3.0415354958068352e-26,-0.36082473397254944,-0.36082473397254944,-0.051887057721614838,0
17.156,-200000,-1.4710062052995798e-13,2.1638594837912305e-26,2.9034586447459145e-26,-0.36082473397254944,-0.36082473397254944,-0.056822765618562698,0
17.16,-200000,-1.485917237777773e-13,2.2079498750452853e-26,2.810294171839313e-26,-0.36082473397254944,-0.36082473397254944,-0.022967096418142319,0
17.164,-200000,-1.438593574777311e-13,2.0695514707208497e-26,2.7566926140735008e-26,-0.36082473397254944,-0.36082473397254944,0.053548157215118408,0
17.168,-200000,-1.3290850895981282e-13,1.7664671050006526e-26,2.7342673939498469e-26,-0.36082473397254944,-0.36082473397254944,0.13214914500713348,0
17.172,-200000,-1.159419104777501e-13,1.3442527247892298e-26,2.7327439063266388e-26,-0.36082473397254944,-0.36082473397254944,0.13594624400138855,0
17.176,-200000,-9.3354414910234995e-14,8.7150479321340359e-27,2.7412269343968846e-26,-0.36082473397254944,-0.36082473397254944,0.044223349541425705,0
17.18,-200000,-6.5721611638112909e-14,4.3193300789678969e-27,2.7494603619463378e-26,-0.36082473397254944,-0.36082473397254944,-0.049181640148162842,0
17.184,-200000,-3.3782990917522945e-14,1.1412904850113264e-27,2.7489214097107005e-26,-0.36082473397254944,-0.36082473397254944,-0.029105251654982567,0
17.188,-200000,1.5795978620166545e-15,2.4951291354960768e-30,2.7336529452603896e-26,-0.36082473397254944,-0.36082473397254944,0.10747603327035904,0
17.192,-200000,3.9367668874150732e-14,1.5498133522109026e-27,2.700744195114656e-26,-0.36082473397254944,-0.36082473397254944,0.25209012627601624,0
17.196,-200000,7.849517341456877e-14,6.1614924707959877e-27,2.6504287360571551e-26,-0.36082473397254944,-0.36082473397254944,0.30628913640975952,0
17.2,-200000,1.1782003324356527e-13,1.3881560697270857e-26,2.585823493109883e-26,-0.36082473397254944,-0.36082473397254944,0.27523365616798401,0
17.204,-200000,1.5617730361999066e-13,2.4391349618584314e-26,2.5123716065188648e-26,-0.36082473397254944,-0.36082473397254944,0.23672699928283691,0
17.208,-200000,1.924126412670632e-13,3.7022622788606221e-26,2.4370634316102485e-26,-0.36082473397254944,-0.36082473397254944,0.24198000133037567,0
17.212,-200000,2.2541567408235902e-13,5.0812225723636431e-26,2.367515482053701e-26,-0.36082473397254944,-0.36082473397254944,0.27243193984031677,0
17.216,-200000,2.5414842756352196e-13,6.4591425555479039e-26,2.3110070026670285e-26,-0.36082473397254944,-0.36082473397254944,0.2758941650390625,0
17.22,-200000,2.7766252296522465e-13,7.7096479439921629e-26,2.2735547526708921e-26,-0.36082473397254944,-0.36082473397254944,0.21572515368461609,0
17.224,-200000,2.95109992215839e-13,8.7089898809753669e-26,2.2591270721971029e-26,-0.36082473397254944,-0.36082473397254944,0.099089346826076508,0
17.228,-200000,3.0576292908181257e-13,9.349096271374984e-26,2.2690915255805713e-26,-0.36082473397254944,-0.36082473397254944,-0.017543846741318703,0
17.232,-200000,3.0904293880917866e-13,9.5507537706527628e-26,2.3019942668248784e-26,-0.36082473397254944,-0.36082473397254944,-0.074783064424991608,0
17.236,-200000,3.045503844771591e-13,9.2750943391918489e-26,2.353707796947609e-26,-0.36082473397254944,-0.36082473397254944,-0.078871056437492371,0
17.24,-200000,2.9208753471454685e-13,8.5315128173353588e-26,2.4179565117435761e-26,-0.36082473397254944,-0.36082473397254944,-0.091388784348964691,0
17.244,-200000,2.7167607356479162e-13,7.3807884726402426e-26,2.4871547124222228e-26,-0.36082473397254944,-0.36082473397254944,-0.14759752154350281,0
17.248,-200000,2.4356615357414013e-13,5.9324478625230335e-26,2.5534630937379154e-26,-0.36082473397254944,-0.36082473397254944,-0.20817601680755615,0
17.252,-200000,2.0823833380301943e-13,4.3363206329372811e-26,2.6099339789720735e-26,-0.36082473397254944,-0.36082473397254944,-0.20114696025848389,0
17.256,-200000,1.6639735921607224e-13,2.7688081000932564e-26,2.6515901488508183e-26,-0.36082473397254944,-0.36082473397254944,-0.10763227939605713,0
17.26,-200000,1.1895764592557284e-13,1.41509197185489e-26,2.6762888907552224e-26,-0.36082473397254944,-0.36082473397254944,0.024934276938438416,0
17.264,-200000,6.7021603924240919e-14,4.4918953279149376e-27,2.6852544798323339e-26,-0.36082473397254944,-0.36082473397254944,0.15105108916759491,0
17.268,-200000,1.1851181013378554e-14,1.4045049953206724e-28,2.6831790977242622e-26,-0.36082473397254944,-0.36082473397254944,0.25736561417579651,0
17.272,-200000,-4.5166798632364363e-14,2.0400399454412185e-27,2.67786815330962e-26,-0.36082473397254944,-0.36082473397254944,0.32720336318016052,0
17.276,-200000,-1.0255975891682381e-13,1.0518503369125821e-26,2.6794415610369866e-26,-0.36082473397254944,-0.36082473397254944,0.32922878861427307,0
17.28,-200000,-1.5881209108198346e-13,2.5221280594683395e-26,2.6991886600171733e-26,-0.36082473397254944,-0.36082473397254944,0.26341289281845093,0
17.284,-200000,-2.1240991008187465e-13,4.5117971946254553e-26,2.7481910970757889e-26,-0.36082473397254944,-0.36082473397254944,0.18305544555187225,0
17.288,-200000,-2.6188635136349669e-13,6.858445456843314e-26,2.8358843881963751e-26,-0.36082473397254944,-0.36082473397254944,0.14660823345184326,0
17.292,-200000,-3.0586587407809007e-13,9.3553942163675259e-26,2.9687350357602066e-26,-0.36082473397254944,-0.36082473397254944,0.17141696810722351,0
17.296,-200000,-3.4310648397949117e-13,1.1772207033872927e-25,3.1492091545424724e-26,-0.36082473397254944,-0.36082473397254944,0.22633008658885956,0
17.3,-200000,-3.7253772115775075e-13,1.3878436068529083e-25,3.3751604882131473e-26,-0.36082473397254944,-0.36082473397254944,0.23950612545013428,0
17.304,-200000,-3.9329412122868224e-13,1.5468027770404354e-25,3.6397419706339459e-26,-0.36082473397254944,-0.36082473397254944,0.14947204291820526,0
17.308,-200000,-4.0474242880839117e-13,1.6381643330000575e-25,3.9318685653425573e-26,-0.36082473397254944,-0.36082473397254944,-0.019067218527197838,0
17.312,-200000,-4.0650179077873771e-13,1.652437168706318e-25,4.237191323881319e-26,-0.36082473397254944,-0.36082473397254944,-0.17206104099750519,0
17.316,-200000,-3.9845638724264609e-13,1.5876748931351004e-25,4.5395040850285968e-26,-0.36082473397254944,-0.36082473397254944,-0.24623735249042511,0
17.32,-200000,-3.8076068990464118e-13,1.4497870605426416e-25,4.822399774550958e-26,-0.36082473397254944,-0.36082473397254944,-0.24038179218769073,0
17.324,-200000,-3.5383574867840772e-13,1.2519971983717417e-25,5.0710314755443192e-26,-0.36082473397254944,-0.36082473397254944,-0.17804102599620819,0
17.328,-200000,-3.1835775335387062e-13,1.0135165348548612e-25,5.2737342155215158e-26,-0.36082473397254944,-0.36082473397254944,-0.10473182052373886,0
17.332,-200000,-2.7523998163102303e-13,7.5757055252614571e-26,5.4233496980652493e-26,-0.36082473397254944,-0.36082473397254944,-0.080686293542385101,0
17.336,-200000,-2.2560605998384747e-13,5.0898094465764903e-26,5.5180807994258132e-26,-0.36082473397254944,-0.36082473397254944,-0.12544886767864227,0
17.34,-200000,-1.7075854890236802e-13,2.9158483831897509e-26,5.5617621231596801e-26,-0.36082473397254944,-0.36082473397254944,-0.19147531688213348,0
17.344,-200000,-1.1214151081264528e-13,1.257571856521809e-26,5.5635185712689612e-26,-0.36082473397254944,-0.36082473397254944,-0.20868897438049316,0
17.348,-200000,-5.1299459472020636e-14,2.6316347798064455e-27,5.5368224089006342e-26,-0.36082473397254944,-0.36082473397254944,-0.14332163333892822,0
17.352,-200000,1.0166669650514982e-14,1.0336116936723875e-28,5.4980646865509944e-26,-0.36082473397254944,-0.36082473397254944,-0.014001267962157726,0
17.356,-200000,7.0644865283152336e-14,4.9906969316296432e-27,5.4647685933748457e-26,-0.36082473397254944,-0.36082473397254944,0.1250331848859787,0
17.36,-200000,1.2855749722141124e-13,1.6527030394832808e-26,5.4536647598362777e-26,-0.36082473397254944,-0.36082473397254944,0.20565509796142578,0
17.364,-200000,1.8240538745238621e-13,3.3271727851236306e-26,5.4788164804636017e-26,-0.36082473397254944,-0.36082473397254944,0.176422119140625,0
17.368,-200000,2.3080951212783862e-13,5.3273028013666801e-26,5.5500327475751752e-26,-0.36082473397254944,-0.36082473397254944,0.051075488328933716,0
17.372,-200000,2.7254877499847951e-13,7.4282828295152051e-26,5.6717126933127696e-26,-0.36082473397254944,-0.36082473397254944,-0.068548321723937988,0
17.376,-200000,3.0659285873979591e-13,9.3999174025986833e-26,5.8422822936514363e-26,-0.36082473397254944,-0.36082473397254944,-0.075593993067741394,0
17.38,-200000,3.3212964171448756e-13,1.1031010583659566e-25,6.0542640100262951e-26,-0.36082473397254944,-0.36082473397254944,0.029679030179977417,0
17.384,-200000,3.4858566228847254e-13,1.2151196766858896e-25,6.2950046367771173e-26,-0.36082473397254944,-0.36082473397254944,0.15701107680797577,0
17.388,-200000,3.5564021345912966e-13,1.2647997945658965e-25,6.547959665309639e-26,-0.36082473397254944,-0.36082473397254944,0.2132064551115036,0
17.392,-200000,3.532314143874643e-13,1.2477242839748055e-25,6.7944047424813407e-26,-0.36082473397254944,-0.36082473397254944,0.13768763840198517,0
17.396,-200000,3.4155528882626185e-13,1.1666000471531726e-25,7.0154022761862606e-26,-0.36082473397254944,-0.36082473397254944,-0.075112856924533844,0
17.4,-200000,3.210575793936854e-13,1.0307797080597333e-25,7.1937939254382593e-26,-0.36082473397254944,-0.36082473397254944,-0.3373015820980072,0
17.404,-200000,2.924183790074808e-13,8.5508510028697532e-26,7.3160291552974195e-26,-0.36082473397254944,-0.36082473397254944,-0.50356847047805786,0
17.408,-200000,2.5653055526174418e-13,6.5807929190015526e-26,7.3735999776414161e-26,-0.36082473397254944,-0.36082473397254944,-0.48333209753036499,0
17.412,-200000,2.1447217103415933e-13,4.5998316064577914e-26,7.3639721768122265e-26,-0.36082473397254944,-0.36082473397254944,-0.29065483808517456,0
17.416,-200000,1.6747471736234393e-13,2.8047776921810058e-26,7.2908842139434998e-26,-0.36082473397254944,-0.36082473397254944,-0.0080530839040875435,0
17.42,-200000,1.168866435932725e-13,1.3662486936468786e-26,7.1640175077540772e-26,-0.36082473397254944,-0.36082473397254944,0.25230258703231812,0
17.424,-200000,6.4134895311207529e-14,4.1132852342396062e-27,6.9980627437109534e-26,-0.36082473397254944,-0.36082473397254944,0.39160960912704468,0
17.428,-200000,1.0684288096450296e-14,1.141540085532119e-28,6.8113097851611941e-26,-0.36082473397254944,-0.36082473397254944,0.3788810670375824,0
17.432,-200000,-4.2003211889532488e-14,1.764269888564299e-27,6.6238234324886122e-26,-0.36082473397254944,-0.36082473397254944,0.254100501537323,0
17.436,-200000,-9.2508615242951897e-14,8.5578442856094166e-27,6.4554361418885296e-26,-0.36082473397254944,-0.36082473397254944,0.09860672801733017,0
17.44,-200000,-1.3949418334845143e-13,1.9458627030140615e-26,6.3237241041078198e-26,-0.36082473397254944,-0.36082473397254944,0.015485840849578381,0
17.444,-200000,-1.8173881995674213e-13,3.3028999048485293e-26,6.2421663635668646e-26,-0.36082473397254944,-0.36082473397254944,0.064378581941127777,0
17.448,-200000,-2.1816962570298665e-13,4.7597984231922219e-26,6.2187125427785124e-26,-0.36082473397254944,-0.36082473397254944,0.18942935764789581,0
17.452,-200000,-2.4788865079540534e-13,6.1448782435377368e-26,6.2548848967708068e-26,-0.36082473397254944,-0.36082473397254944,0.26561126112937927,0
17.456,-200000,-2.7019467392641605e-13,7.3005163288557648e-26,6.3455182355072969e-26,-0.36082473397254944,-0.36082473397254944,0.22257444262504578,0
17.46,-200000,-2.8459895030918947e-13,8.0996570777479379e-26,6.4792092048244634e-26,-0.36082473397254944,-0.36082473397254944,0.10156217962503433,0
17.464,-200000,-2.9083457647391397e-13,8.4584753908683727e-26,6.6393954234981585e-26,-0.36082473397254944,-0.36082473397254944,-0.0027972627431154251,0
17.468,-200000,-2.8886021721276356e-13,8.3440221505797014e-26,6.8059948348122676e-26,-0.36082473397254944,-0.36082473397254944,-0.04301457479596138,0
17.472,-200000,-2.7885674455316312e-13,7.7761076263642865e-26,6.9574364070920713e-26,-0.36082473397254944,-0.36082473397254944,-0.049129355698823929,0
17.476,-200000,-2.6121856414040856e-13,6.8235137098839961e-26,7.0728707931316113e-26,-0.36082473397254944,-0.36082473397254944,-0.067654155194759369,0
17.48,-200000,-2.3653900561339258e-13,5.5950699259898907e-26,7.1343286043265679e-26,-0.36082473397254944,-0.36082473397254944,-0.092697426676750183,0
17.484,-200000,-2.055901022340878e-13,4.2267290561258253e-26,7.1286284679887639e-26,-0.36082473397254944,-0.36082473397254944,-0.06689288467168808,0
17.488,-200000,-1.6929886041249648e-13,2.8662102351750921e-26,7.0487828021311713e-26,-0.36082473397254944,-0.36082473397254944,0.047318983823060989,0
17.492,-200000,-1.2871886716225855e-13,1.656854882220193e-26,6.8948119445740026e-26,-0.36082473397254944,-0.36082473397254944,0.20402912795543671,0
17.496,-200000,-8.4999641060488212e-14,7.2249389859781209e-27,6.6738174923569938e-26,-0.36082473397254944,-0.36082473397254944,0.2914537787437439,0
17.5,-200000,-3.9353682666125669e-14,1.5487123943581937e-27,6.3993468989321512e-26,-0.36082473397254944,-0.36082473397254944,0.22708889842033386,0
17.504,-200000,6.9772229918034327e-15,4.8681643935575556e-29,6.0900838418015688e-26,-0.36082473397254944,-0.36082473397254944,0.035535234957933426,0
17.508,-200000,5.2755939401087984e-14,2.7831890960251937e-27,5.7680165861031179e-26,-0.36082473397254944,-0.36082473397254944,-0.17229683697223663,0
17.512,-200000,9.6782899348859391e-14,9.3669305367344054e-27,5.4562636867404316e-26,-0.36082473397254944,-0.36082473397254944,-0.28238224983215332,0
17.516,-200000,1.3792732147382969e-13,1.9023944641692416e-26,5.1767764309964492e-26,-0.36082473397254944,-0.36082473397254944,-0.25202289223670959,0
17.52,-200000,1.7515593738869767e-13,3.0679604872389925e-26,4.9481784073589996e-26,-0.36082473397254944,-0.36082473397254944,-0.12145558744668961,0
17.524,-200000,2.0755807825494771e-13,4.3080353472532413e-26,4.7839400320823137e-26,-0.36082473397254944,-0.36082473397254944,0.039377432316541672,0
17.528,-200000,2.3436737576695843e-13,5.4928070518772128e-26,4.6910929524305472e-26,-0.36082473397254944,-0.36082473397254944,0.18579630553722382,0
17.532,-200000,2.5497870958721136e-13,6.5014150230088527e-26,4.6696069698221721e-26,-0.36082473397254944,-0.36082473397254944,0.30677813291549683,0
17.536,-200000,2.6896033685809562e-13,7.2339660507390572e-26,4.7124898800382939e-26,-0.36082473397254944,-0.36082473397254944,0.37730994820594788,0
17.54,-200000,2.7606145451206099e-13,7.6209929204945474e-26,4.8065926660138008e-26,-0.36082473397254944,-0.36082473397254944,0.3424031138420105,0
17.544,-200000,2.7621446254365301e-13,7.6294423603465631e-26,4.9340300637643443e-26,-0.36082473397254944,-0.36082473397254944,0.19901037216186523,0
17.548,-200000,2.6953214508386447e-13,7.264756894243547e-26,5.0740618107560158e-26,-0.36082473397254944,-0.36082473397254944,0.02765825018286705,0
17.552,-200000,2.5630048756074275e-13,6.5689945180878409e-26,5.2052345881522972e-26,-0.36082473397254944,-0.36082473397254944,-0.099842406809329987,0
17.556,-200000,2.369669131058183e-13,5.6153319416000088e-26,5.3075597083207777e-26,-0.36082473397254944,-0.36082473397254944,-0.17344658076763153,0
17.56,-200000,2.1212430412458766e-13,4.4996718478443844e-26,5.3644994419405974e-26,-0.36082473397254944,-0.36082473397254944,-0.21149751543998718,0
17.564,-200000,1.8249197454838634e-13,3.3303316183812167e-26,5.3645629205915644e-26,-0.36082473397254944,-0.36082473397254944,-0.23536820709705353,0
17.568,-200000,1.488935521100701e-13,2.2169291767436008e-26,5.30235630783423e-26,-0.36082473397254944,-0.36082473397254944,-0.25782522559165955,0
17.572,-200000,1.1223286839820434e-13,1.2596216622802193e-26,5.178982160043157e-26,-0.36082473397254944,-0.36082473397254944,-0.27726459503173828,0
17.576,-200000,7.3468398790847711e-14,5.3976050991638452e-27,5.0017790406784385e-26,-0.36082473397254944,-0.36082473397254944,-0.28578576445579529,0
17.58,-200000,3.3586912954628942e-14,1.128080820412266e-27,4.783414946542276e-26,-0.36082473397254944,-0.36082473397254944,-0.26978793740272522,0
17.584,-200000,-6.4227607302449249e-15,4.1251854590694777e-29,4.5404732129766124e-26,-0.36082473397254944,-0.36082473397254944,-0.22294680774211884,0
17.588,-200000,-4.5595194015767698e-14,2.0789217747164747e-27,4.2916714138505629e-26,-0.36082473397254944,-0.36082473397254944,-0.16935820877552032,0
17.592,-200000,-8.3012501766229624e-14,6.891074407886727e-27,4.0559086226712017e-26,-0.36082473397254944,-0.36082473397254944,-0.154187873005867,0
17.596,-200000,-1.1782640293132862e-13,1.3883061381883523e-26,3.8503551982275208e-26,-0.36082473397254944,-0.36082473397254944,-0.21428129076957703,0
17.6,-200000,-1.4927790178021622e-13,2.228389076210287e-26,3.6887669025543118e-26,-0.36082473397254944,-0.36082473397254944,-0.35226026177406311,0
17.604,-200000,-1.7671365130748906e-13,3.1227715290098799e-26,3.5802051590027188e-26,-0.36082473397254944,-0.36082473397254944,-0.52219963073730469,0
17.608,-200000,-1.995994515502364e-13,3.9839940903989912e-26,3.5282691454528127e-26,-0.36082473397254944,-0.36082473397254944,-0.64588040113449097,0
17.612,-200000,-2.1752985155353011e-13,4.731923899846721e-26,3.5309109050389297e-26,-0.36082473397254944,-0.36082473397254944,-0.64723700284957886,0
17.616,-200000,-2.3023409892984625e-13,5.3007742719407126e-26,3.5808310091974469e-26,-0.36082473397254944,-0.36082473397254944,-0.47862467169761658,0
17.62,-200000,-2.3757832181593719e-13,5.6443459991750048e-26,3.6663928351299809e-26,-0.36082473397254944,-0.36082473397254944,-0.15282349288463593,0
17.624,-200000,-2.3956439046055045e-13,5.7391097643074254e-26,3.7729485300515002e-26,-0.36082473397254944,-0.36082473397254944,0.23060393333435059,0
17.628,-200000,-2.3632476726410945e-13,5.5849398426312049e-26,3.8844191981910957e-26,-0.36082473397254944,-0.36082473397254944,0.51622456312179565,0
17.632,-200000,-2.2811413131693103e-13,5.2036057136425322e-26,3.9849622939006335e-26,-0.36082473397254944,-0.36082473397254944,0.57812529802322388,0
17.636,-200000,-2.1529898361089678e-13,4.6353654761549226e-26,4.0605545819946459e-26,-0.36082473397254944,-0.36082473397254944,0.4101315438747406,0
17.64,-200000,-1.9834322715055891e-13,3.9340040364648939e-26,4.1003174857008603e-26,-0.36082473397254944,-0.36082473397254944,0.13926367461681366,0
17.644,-200000,-1.7779319141063288e-13,3.1610414518232054e-26,4.0974800516323935e-26,-0.36082473397254944,-0.36082473397254944,-0.082846008241176605,0
17.648,-200000,-1.5426021733860179e-13,2.3796215695353281e-26,4.0498763019365897e-26,-0.36082473397254944,-0.36082473397254944,-0.18984243273735046,0
17.652,-200000,-1.284024292056915e-13,1.6487185215399369e-26,3.9599529380147986e-26,-0.36082473397254944,-0.36082473397254944,-0.19793908298015594,0
17.656,-200000,-1.0090608632950387e-13,1.0182037244865549e-26,3.8343068091869309e-26,-0.36082473397254944,-0.36082473397254944,-0.15975765883922577,0
17.66,-200000,-7.2467063545657989e-14,5.2514747794474748e-27,3.6828168575469241e-26,-0.36082473397254944,-0.36082473397254944,-0.1441844254732132,0
17.664,-200000,-4.3772514638548005e-14,1.9160331681820132e-27,3.5174790073835865e-26,-0.36082473397254944,-0.36082473397254944,-0.19706377387046814,0
17.668,-200000,-1.5483919823936799e-14,2.3975177246535123e-28,3.3510780438909471e-26,-0.36082473397254944,-0.36082473397254944,-0.29026064276695251,0
17.672,-200000,1.1778715650675054e-14,1.3873815521851255e-28,3.195833299231363e-26,-0.36082473397254944,-0.36082473397254944,-0.35178154706954956,0
17.676,-200000,3.7450728282428791e-14,1.402556941256049e-27,3.062168214412649e-26,-0.36082473397254944,-0.36082473397254944,-0.33855295181274414,0
17.68,-200000,6.103465308030312e-14,3.7252284541870554e-27,2.9577174838831472e-26,-0.36082473397254944,-0.36082473397254944,-0.25715082883834839,0
17.684,-200000,8.2109652735883054e-14,6.7419958746114886e-27,2.8866673089699777e-26,-0.36082473397254944,-0.36082473397254944,-0.16393689811229706,0
17.688,-200000,1.0033864879374285e-13,1.0067843465858985e-26,2.849478372115838e-26,-0.36082473397254944,-0.36082473397254944,-0.13712577521800995,0
17.692,-200000,1.154726271199169e-13,1.333392791018819e-26,2.8430094045442346e-26,-0.36082473397254944,-0.36082473397254944,-0.1999107152223587,0
17.696,-200000,1.2735270466229104e-13,1.62187136626397e-26,2.8609963576296469e-26,-0.36082473397254944,-0.36082473397254944,-0.30132836103439331,0
17.7,-200000,1.3590926886512811e-13,1.8471330629401587e-26,2.8948418801003305e-26,-0.36082473397254944,-0.36082473397254944,-0.37677097320556641,0
17.704,-200000,1.4115917907221026e-13,1.9925911560687402e-26,2.9345964637891851e-26,-0.36082473397254944,-0.36082473397254944,-0.38569679856300354,0
17.708,-200000,1.4320037939729441e-13,2.0506348327326827e-26,2.9700431273784344e-26,-0.36082473397254944,-0.36082473397254944,-0.31786331534385681,0
17.712,-200000,1.4220490562009969e-13,2.0222235141930822e-26,2.9917534423067318e-26,-0.36082473397254944,-0.36082473397254944,-0.20707926154136658,0
17.716,-200000,1.3841007604365602e-13,1.9157348416336276e-26,2.9920202991598261e-26,-0.36082473397254944,-0.36082473397254944,-0.12492886930704117,0
17.72,-200000,1.3210815091608402e-13,1.745256145188336e-26,2.9655663417413052e-26,-0.36082473397254944,-0.36082473397254944,-0.13248726725578308,0
17.724,-200000,1.236355446189788e-13,1.5285750056747768e-26,2.9099766079753031e-26,-0.36082473397254944,-0.36082473397254944,-0.22347843647003174,0
17.728,-200000,1.1336078424703175e-13,1.2850667405566723e-26,2.8258220975717318e-26,-0.36082473397254944,-0.36082473397254944,-0.31479105353355408,0
17.732,-200000,1.016727189094048e-13,1.0337341924465002e-26,2.7164687197757978e-26,-0.36082473397254944,-0.36082473397254944,-0.30590137839317322,0
17.736,-200000,8.896847153308865e-14,7.9153894932728114e-27,2.5876200005620074e-26,-0.36082473397254944,-0.36082473397254944,-0.15787319839000702,0
17.74,-200000,7.564200730624665e-14,5.7217129161569733e-27,2.4466434693768173e-26,-0.36082473397254944,-0.36082473397254944,0.081580221652984619,0
17.744,-200000,6.2073318761544233e-14,3.8530967209847572e-27,2.3017609981900142e-26,-0.36082473397254944,-0.36082473397254944,0.31439113616943359,0
17.748,-200000,4.861868828538729e-14,2.3637766357340632e-27,2.1611933804506164e-26,-0.36082473397254944,-0.36082473397254944,0.45028591156005859,0
17.752,-200000,3.5602146637682061e-14,1.2675128520785548e-27,2.0323482049479237e-26,-0.36082473397254944,-0.36082473397254944,0.46657156944274902,0
17.756,-200000,2.3308362957275876e-14,5.432798002223622e-28,1.9211285239986807e-26,-0.36082473397254944,-0.36082473397254944,0.41804829239845276,0
17.76,-200000,1.1977063661867699e-14,1.4345006319807744e-28,1.8314216346026387e-26,-0.36082473397254944,-0.36082473397254944,0.36506360769271851,0
17.764,-200000,1.7991443550219961e-15,3.2369206138028184e-30,1.7648215904561681e-26,-0.36082473397254944,-0.36082473397254944,0.31516504287719727,0
17.768,-200000,-7.085605939602304e-15,5.0205809847235924e-29,1.7205832877823844e-26,-0.36082473397254944,-0.36082473397254944,0.24907366931438446,0
17.772,-200000,-1.4589087113403044e-14,2.1284145150203323e-28,1.6958167531439379e-26,-0.36082473397254944,-0.36082473397254944,0.1666862964630127,0
17.776,-200000,-2.0673888897473555e-14,4.2740969179220405e-28,1.6858763353661754e-26,-0.36082473397254944,-0.36082473397254944,0.093641802668571472,0
17.78,-200000,-2.5350825361451432e-14,6.4266433351455449e-28,1.6849055125998087e-26,-0.36082473397254944,-0.36082473397254944,0.066119350492954254,0
17.784,-200000,-2.8675107806904604e-14,8.2226173046753632e-28,1.6864675188219045e-26,-0.36082473397254944,-0.36082473397254944,0.11636398732662201,0
17.788,-200000,-3.074140741228179e-14,9.4503408292888666e-28,1.6841995437193941e-26,-0.36082473397254944,-0.36082473397254944,0.24887728691101074,0
17.792,-200000,-3.1677910755688668e-14,1.0034901011939225e-27,1.6724245621138061e-26,-0.36082473397254944,-0.36082473397254944,0.4181063175201416,0
17.796,-200000,-3.1639729898558233e-14,1.0010724813347332e-27,1.6466605498385625e-26,-0.36082473397254944,-0.36082473397254944,0.54356241226196289,0
17.8,-200000,-3.0801787308893866e-14,9.4875006846008462e-28,1.6039904163626967e-26,-0.36082473397254944,-0.36082473397254944,0.54361134767532349,0
17.804,-200000,-2.935143989836464e-14,8.6150698272329834e-28,1.543257987421994e-26,-0.36082473397254944,-0.36082473397254944,0.35940369963645935,0
17.808,-200000,-2.7481182680497672e-14,7.552154387233015e-28,1.4650881887648093e-26,-0.36082473397254944,-0.36082473397254944,0.011288940906524658,0
17.812,-200000,-2.538146254315362e-14,6.4421870342442082e-28,1.37173836436036e-26,-0.36082473397254944,-0.36082473397254944,-0.35314267873764038,0
17.816,-200000,-2.3234056144945045e-14,5.3982135967297743e-28,1.2668025305964659e-26,-0.36082473397254944,-0.36082473397254944,-0.54827737808227539,0
17.82,-200000,-2.1205974666147973e-14,4.4969337532424491e-28,1.1548150969341925e-26,-0.36082473397254944,-0.36082473397254944,-0.50325661897659302,0
17.824,-200000,-1.9444200345967652e-14,3.7807692404435209e-28,1.0407889508699884e-26,-0.36082473397254944,-0.36082473397254944,-0.29596608877182007,0
17.828,-200000,-1.8071359838243983e-14,3.265740425092889e-28,9.2974329695052031e-27,-0.36082473397254944,-0.36082473397254944,-0.063352406024932861,0
17.832,-200000,-1.7182368266914494e-14,2.9523376971026429e-28,8.2626177140623195e-27,-0.36082473397254944,-0.36082473397254944,0.11231696605682373,0
17.836,-200000,-1.6842213387824323e-14,2.8366015852483655e-28,7.3412173915564891e-27,-0.36082473397254944,-0.36082473397254944,0.23575775325298309,0
17.84,-200000,-1.7084784989193115e-14,2.9188984977019764e-28,6.5602535694794427e-27,-0.36082473397254944,-0.36082473397254944,0.32226318120956421,0
17.844,-200000,-1.7912868115351442e-14,3.2087083431322359e-28,5.9344630785796426e-27,-0.36082473397254944,-0.36082473397254944,0.3492683470249176,0
17.848,-200000,-1.9299147647816248e-14,3.7245708454075444e-28,5.4659875529552472e-27,-0.36082473397254944,-0.36082473397254944,0.29844206571578979,0
17.852,-200000,-2.1188224243705311e-14,4.4894081819847559e-28,5.1452231503455754e-27,-0.36082473397254944,-0.36082473397254944,0.18652033805847168,0
17.856,-200000,-2.3499512882482754e-14,5.5222714111325059e-28,4.9526270744189407e-27,-0.36082473397254944,-0.36082473397254944,0.059381864964962006,0
17.86,-200000,-2.6130898660159385e-14,6.8282382471491713e-28,4.8612536393234216e-27,-0.36082473397254944,-0.36082473397254944,-0.028857434168457985,0
17.864,-200000,-2.896301769380813e-14,8.388563132403545e-28,4.839710186965506e-27,-0.36082473397254944,-0.36082473397254944,-0.05626901239156723,0
17.868,-200000,-3.1864017446727594e-14,1.0153155999419518e-27,4.8552212415516119e-27,-0.36082473397254944,-0.36082473397254944,-0.046970874071121216,0
17.872,-200000,-3.4694560999094445e-14,1.2037126671073361e-27,4.876521256364557e-27,-0.36082473397254944,-0.36082473397254944,-0.035149268805980682,0
17.876,-200000,-3.7313027830259554e-14,1.3922621716278187e-27,4.8763147966745187e-27,-0.36082473397254944,-0.36082473397254944,-0.027828451246023178,0
17.88,-200000,-3.9580663779067299e-14,1.5666289354448392e-27,4.8331431510411344e-27,-0.36082473397254944,-0.36082473397254944,-0.00045073163346387446,0
17.884,-200000,-4.1366449789236384e-14,1.7111831703912203e-27,4.732526792956512e-27,-0.36082473397254944,-0.36082473397254944,0.083339616656303406,0
17.888,-200000,-4.2551747038042584e-14,1.8106510964500046e-27,4.567383307643162e-27,-0.36082473397254944,-0.36082473397254944,0.23953613638877869,0
17.892,-200000,-4.3034379635124506e-14,1.8519578641182387e-27,4.3377438951661833e-27,-0.36082473397254944,-0.36082473397254944,0.43524289131164551,0
17.896,-200000,-4.2732110845699126e-14,1.826033306322831e-27,4.0498897834462005e-27,-0.36082473397254944,-0.36082473397254944,0.58617675304412842,0
17.9,-200000,-4.1585485733132768e-14,1.729352586079564e-27,3.7150502996169578e-27,-0.36082473397254944,-0.36082473397254944,0.60879677534103394,0
17.904,-200000,-3.9559853873619155e-14,1.5649819764528965e-27,3.3478320815626769e-27,-0.36082473397254944,-0.36082473397254944,0.49230185151100159,0
17.908,-200000,-3.6646639905600284e-14,1.342976179903491e-27,2.9645645115028338e-27,-0.36082473397254944,-0.36082473397254944,0.28582224249839783,0
17.912,-200000,-3.2863712836131431e-14,1.0800235719924574e-27,2.5817198756587782e-27,-0.36082473397254944,-0.36082473397254944,0.041002493351697922,0
17.916,-200000,-2.8255023510779728e-14,7.9834635093836199e-28,2.2145399836103906e-27,-0.36082473397254944,-0.36082473397254944,-0.1861303299665451,0
17.92,-200000,-2.288938319211422e-14,5.239238190952816e-28,1.8759672771769477e-27,-0.36082473397254944,-0.36082473397254944,-0.33765769004821777,0
17.924,-200000,-1.6858540794915597e-14,2.8421039670994798e-28,1.5759363770870794e-27,-0.36082473397254944,-0.36082473397254944,-0.38783058524131775,0
17.928,-200000,-1.0274604517884756e-14,1.0556750267446661e-28,1.3210344452330761e-27,-0.36082473397254944,-0.36082473397254944,-0.33871904015541077,0
17.932,-200000,-3.266859964376435e-15,1.0672374524900887e-29,1.1145009920778944e-27,-0.36082473397254944,-0.36082473397254944,-0.21989774703979492,0
17.936,-200000,4.0218466882855578e-15,1.6175252152512623e-29,9.5651676614681502e-28,-0.36082473397254944,-0.36082473397254944,-0.10524807125329971,0
17.94,-200000,1.1439080849814497e-14,1.3085256746890269e-28,8.4469948839512815e-28,-0.36082473397254944,-0.36082473397254944,-0.067687533795833588,0
17.944,-200000,1.8827026729609751e-14,3.5445693402039815e-28,7.7472674610039693e-28,-0.36082473397254944,-0.36082473397254944,-0.1064065545797348,0
17.948,-200000,2.6026771205887519e-14,6.7739284671649095e-28,7.409990905423099e-28,-0.36082473397254944,-0.36082473397254944,-0.14279076457023621,0
17.952,-200000,3.2882594894591624e-14,1.0812651227311067e-27,7.3727410128862194e-28,-0.36082473397254944,-0.36082473397254944,-0.10028217732906342,0
17.956,-200000,3.9246075600506483e-14,1.5402544804144227e-27,7.5721354289235465e-28,-0.36082473397254944,-0.36082473397254944,0.013153081759810448,0
17.96,-200000,4.497992622354112e-14,2.0231936436246689e-27,7.9480846577877125e-28,-0.36082473397254944,-0.36082473397254944,0.11896427720785141,0
17.964,-200000,4.9961537050514579e-14,2.4961552378685254e-27,8.4466694017906801e-28,-0.36082473397254944,-0.36082473397254944,0.15128965675830841,0
17.968,-200000,5.4085940370471319e-14,2.9252888295539505e-27,9.0216846756366552e-28,-0.36082473397254944,-0.36082473397254944,0.1015649288892746,0
17.972,-200000,5.7268358349786552e-14,3.2796645615530684e-27,9.6350500295002411e-28,-0.36082473397254944,-0.36082473397254944,0.0039515150710940361,0
17.976,-200000,5.9446100385968093e-14,3.5338391659635739e-27,1.0256336733225092e-27,-0.36082473397254944,-0.36082473397254944,-0.09612186998128891,0
17.98,-200000,6.057979638762756e-14,3.6699122795103541e-27,1.0861785552052274e-27,-0.36082473397254944,-0.36082473397254944,-0.16663408279418945,0
17.984,-200000,6.0654138775342176e-14,3.6789248612781086e-27,1.1433118447844581e-27,-0.36082473397254944,-0.36082473397254944,-0.18783850967884064,0
17.988,-200000,5.9677726627592464e-14,3.5614315790908209e-27,1.1956396502629509e-27,-0.36082473397254944,-0.36082473397254944,-0.13641425967216492,0
17.992,-200000,5.7682577789784639e-14,3.3272797127541429e-27,1.2421154213089259e-27,-0.36082473397254944,-0.36082473397254944,-0.0088819144293665886,0
17.996,-200000,5.4722736352085313e-14,2.9945776259771812e-27,1.2819857341281388e-27,-0.36082473397254944,-0.36082473397254944,0.14020974934101105,0
18,-200000,5.0872609076713093e-14,2.5880224814017855e-27,1.3147710321644372e-27,-0.36082473397254944,-0.36082473397254944,0.23856103420257568,0
18.004,-200000,4.6224644527663103e-14,2.1367175841965745e-27,1.3402752557494824e-27,-0.36082473397254944,-0.36082473397254944,0.26043668389320374,0
18.008,-200000,4.0886636117802924e-14,1.6717170139708371e-27,1.3586053902916851e-27,-0.36082473397254944,-0.36082473397254944,0.22157187759876251,0
18.012,-200000,3.4978791374875098e-14,1.2235158491675034e-27,1.3701911107616382e-27,-0.36082473397254944,-0.36082473397254944,0.1583838015794754,0
18.016,-200000,2.8630445453661779e-14,8.1970245846093734e-28,1.3757888261449997e-27,-0.36082473397254944,-0.36082473397254944,0.11212974786758423,0
18.02,-200000,2.197676109562223e-14,4.8297801884687426e-28,1.3764544275337799e-27,-0.36082473397254944,-0.36082473397254944,0.10318300873041153,0
18.024,-200000,1.5155271040402131e-14,2.2968224034411701e-28,1.3734866657859764e-27,-0.36082473397254944,-0.36082473397254944,0.1270676851272583,0
18.028,-200000,8.3025466452520298e-15,6.8932288734931401e-29,1.3683337439232711e-27,-0.36082473397254944,-0.36082473397254944,0.15175724029541016,0
18.032,-200000,1.5510076413106249e-15,2.4056245505962181e-30,1.3624772798518812e-27,-0.36082473397254944,-0.36082473397254944,0.12435760349035263,0
18.036,-200000,-4.9740959506654192e-15,2.4741632063339066e-29,1.35729893571391e-27,-0.36082473397254944,-0.36082473397254944,0.032030891627073288,0
18.04,-200000,-1.1157368702986031e-14,1.2448687548315462e-28,1.35395080280209e-27,-0.36082473397254944,-0.36082473397254944,-0.060323804616928101,0
18.044,-200000,-1.6895615427016918e-14,2.854618419136865e-28,1.3532426383615389e-27,-0.36082473397254944,-0.36082473397254944,-0.080374538898468018,0
18.048,-200000,-2.2099772302420183e-14,4.8839994497456182e-28,1.3555616506075755e-27,-0.36082473397254944,-0.36082473397254944,-0.035244666039943695,0
18.052,-200000,-2.6696423595525508e-14,7.1269909075349498e-28,1.3608366764287549e-27,-0.36082473397254944,-0.36082473397254944,-0.00094272178830578923,0
18.056,-200000,-3.0628813016669171e-14,9.3812413517791692e-28,1.3685547443843896e-27,-0.36082473397254944,-0.36082473397254944,-0.047209661453962326,0
18.06,-200000,-3.3857428172927653e-14,1.1463255399614352e-27,1.3778246303927142e-27,-0.36082473397254944,-0.36082473397254944,-0.17401954531669617,0
18.064,-200000,-3.6360064942621631e-14,1.3220543214351264e-27,1.3874887542606549e-27,-0.36082473397254944,-0.36082473397254944,-0.30662345886230469,0
18.068,-200000,-3.8131519155323174e-14,1.4540128782487178e-27,1.3962627133082999e-27,-0.36082473397254944,-0.36082473397254944,-0.36462751030921936,0
18.072,-200000,-3.9182761581765119e-14,1.5352887589423118e-27,1.402894075292814e-27,-0.36082473397254944,-0.36082473397254944,-0.32594999670982361,0
18.076,-200000,-3.953980629782354e-14,1.5633962620331853e-27,1.406316837989979e-27,-0.36082473397254944,-0.36082473397254944,-0.21173517405986786,0
18.08,-200000,-3.9242199577739847e-14,1.5399501834832095e-27,1.4057830665058921e-27,-0.36082473397254944,-0.36082473397254944,-0.060097973793745041,0
18.084,-200000,-3.8341258065590494e-14,1.4700520228255747e-27,1.4009605379251464e-27,-0.36082473397254944,-0.36082473397254944,0.071268007159233093,0
18.088,-200000,-3.6898103658849352e-14,1.3614699221944695e-27,1.3919769414030549e-27,-0.36082473397254944,-0.36082473397254944,0.13523490726947784,0
18.092,-200000,-3.4981484939647367e-14,1.2237043014125617e-27,1.379411885556381e-27,-0.36082473397254944,-0.36082473397254944,0.12836675345897675,0
18.096,-200000,-3.2665595217900439e-14,1.0670411671268347e-27,1.3642319946242124e-27,-0.36082473397254944,-0.36082473397254944,0.079586170613765717,0
18.1,-200000,-3.0027792318615409e-14,9.0166830355710815e-28,1.3476784341592097e-27,-0.36082473397254944,-0.36082473397254944,0.030236538499593735,0
18.104,-200000,-2.7146453894467612e-14,7.3692998575580855e-28,1.3311172662709266e-27,-0.36082473397254944,-0.36082473397254944,0.008466365747153759,0
18.108,-200000,-2.4098841208707901e-14,5.8075415989426016e-28,1.3158728566856211e-27,-0.36082473397254944,-0.36082473397254944,0.013716538436710835,0
18.112,-200000,-2.095918314663596e-14,4.3928728694522901e-28,1.3030580077251601e-27,-0.36082473397254944,-0.36082473397254944,0.031357627362012863,0
18.116,-200000,-1.7796956738717375e-14,3.1673164975087084e-28,1.2934258542942962e-27,-0.36082473397254944,-0.36082473397254944,0.047235768288373947,0
18.12,-200000,-1.4675389606332891e-14,2.1536706788285404e-28,1.2872545969734962e-27,-0.36082473397254944,-0.36082473397254944,0.070732511579990387,0
18.124,-200000,-1.1650238540268469e-14,1.3572805912311897e-28,1.2842851018887427e-27,-0.36082473397254944,-0.36082473397254944,0.12875843048095703,0
18.128,-200000,-8.7688984220547772e-15,7.6893571549886756e-29,1.283711463654807e-27,-0.36082473397254944,-0.36082473397254944,0.20189270377159119,0
18.132,-200000,-6.0697635611249579e-15,3.6842028722907019e-29,1.2842350277101887e-27,-0.36082473397254944,-0.36082473397254944,0.23522086441516876,0
18.136,-200000,-3.58192530405246e-15,1.28301886915415e-29,1.2841681979411184e-27,-0.36082473397254944,-0.36082473397254944,0.22123734652996063,0
18.14,-200000,-1.3251689640566048e-15,1.7560728914843766e-30,1.2815861999611757e-27,-0.36082473397254944,-0.36082473397254944,0.18889720737934113,0
18.144,-200000,6.8975788131137158e-16,4.7576591600943808e-31,1.2745064814856082e-27,-0.36082473397254944,-0.36082473397254944,0.15109746158123016,0
18.148,-200000,2.4606116535324293e-15,6.0546091607464536e-30,1.2610796682853182e-27,-0.36082473397254944,-0.36082473397254944,0.11776392161846161,0
18.152,-200000,3.9928908669836696e-15,1.5943177594213961e-29,1.2397732979035566e-27,-0.36082473397254944,-0.36082473397254944,0.10286766290664673,0
18.156,-200000,5.2988809934111872e-15,2.8078141687018126e-29,1.2095299385043578e-27,-0.36082473397254944,-0.36082473397254944,0.10889486968517303,0
18.16,-200000,6.3965501427250878e-15,4.0915852037772119e-29,1.1698842854131576e-27,-0.36082473397254944,-0.36082473397254944,0.12841121852397919,0
18.164,-200000,7.3083315590169277e-15,5.341170681413184e-29,1.1210294131068811e-27,-0.36082473397254944,-0.36082473397254944,0.12927408516407013,0
18.168,-200000,8.0598327423480991e-15,6.4960912856045549e-29,1.0638228418932664e-27,-0.36082473397254944,-0.36082473397254944,0.050434719771146774,0
18.172,-200000,8.6785437235052665e-15,7.5317119649501813e-29,9.9973588595332845e-28,-0.36082473397254944,-0.36082473397254944,-0.1267116516828537,0
18.176,-200000,9.1925419506240155e-15,8.4502824463663506e-29,9.307492679383721e-28,-0.36082473397254944,-0.36082473397254944,-0.3187662661075592,0
18.18,-200000,9.629276373393069e-15,9.2722964300206658e-29,8.5920540014325838e-28,-0.36082473397254944,-0.36082473397254944,-0.42919820547103882,0
18.184,-200000,1.0014436654069703e-14,1.0028893795701438e-28,7.8763269154722746e-28,-0.36082473397254944,-0.36082473397254944,-0.4670557975769043,0
18.188,-200000,1.0370969762227983e-14,1.0755700034408078e-28,7.1855512149064742e-28,-0.36082473397254944,-0.36082473397254944,-0.49532032012939453,0
18.192,-200000,1.0718231247745617e-14,1.1488046932823477e-28,6.5430720595560725e-28,-0.36082473397254944,-0.36082473397254944,-0.51688277721405029,0
18.196,-200000,1.1071341495764043e-14,1.2257461964137254e-28,5.968671157362357e-28,-0.36082473397254944,-0.36082473397254944,-0.47725957632064819,0
18.2,-200000,1.1440702917908489e-14,1.3088966569445645e-28,5.4772446134801906e-28,-0.36082473397254944,-0.36082473397254944,-0.34326952695846558,0
18.204,-200000,1.1831746689436751e-14,1.3999022634948299e-28,5.0778991876516085e-28,-0.36082473397254944,-0.36082473397254944,-0.15074355900287628,0
18.208,-200000,1.2244857363306882e-14,1.4993653506546289e-28,4.7735430340926353e-28,-0.36082473397254944,-0.36082473397254944,0.018326487392187119,0
18.212,-200000,1.2675509242481703e-14,1.6066855097637987e-28,4.5609733313057551e-28,-0.36082473397254944,-0.36082473397254944,0.097259506583213806,0
18.216,-200000,1.31145746999216e-14,1.7199206812146677e-28,4.4314314313863809e-28,-0.36082473397254944,-0.36082473397254944,0.080207109451293945,0
18.22,-200000,1.354880529329857e-14,1.835701089457666e-28,4.3715504175554929e-28,-0.36082473397254944,-0.36082473397254944,0.0031837369315326214,0
18.224,-200000,1.3961463651574867e-14,1.9492246689177071e-28,4.364597810456255e-28,-0.36082473397254944,-0.36082473397254944,-0.11154524236917496,0
18.228,-200000,1.4333057852568276e-14,2.0543656382948027e-28,4.3918983489004302e-28,-0.36082473397254944,-0.36082473397254944,-0.24069030582904816,0
18.232,-200000,1.4642199467327678e-14,2.1439401585257669e-28,4.4342957706961708e-28,-0.36082473397254944,-0.36082473397254944,-0.31608548760414124,0
18.236,-200000,1.4866481933299355e-14,2.2101228151346899e-28,4.4735500748226714e-28,-0.36082473397254944,-0.36082473397254944,-0.26287975907325745,0
18.24,-200000,1.4983438548590335e-14,2.2450346287190834e-28,4.4935542276725356e-28,-0.36082473397254944,-0.36082473397254944,-0.061456501483917236,0
18.244,-200000,1.4971436091727741e-14,2.2414389175129125e-28,4.4812908687516498e-28,-0.36082473397254944,-0.36082473397254944,0.23117859661579132,0
18.248,-200000,1.4810616722296145e-14,2.1935436879496754e-28,4.4274808675879566e-28,-0.36082473397254944,-0.36082473397254944,0.48498615622520447,0
18.252,-200000,1.4483694191907981e-14,2.0977741733113466e-28,4.3268967688299027e-28,-0.36082473397254944,-0.36082473397254944,0.56578922271728516,0
18.256,-200000,1.3976733114515021e-14,1.9534907241151463e-28,4.1783420884995376e-28,-0.36082473397254944,-0.36082473397254944,0.45223841071128845,0
18.26,-200000,1.3279773229690501e-14,1.7635237351555948e-28,3.9843472578025432e-28,-0.36082473397254944,-0.36082473397254944,0.24526211619377136,0
18.264,-200000,1.2387351174924632e-14,1.5344648220379787e-28,3.750625307177701e-28,-0.36082473397254944,-0.36082473397254944,0.05915490910410881,0
18.268,-200000,1.1298868097923704e-14,1.2766440711308836e-28,3.4853561425813099e-28,-0.36082473397254944,-0.36082473397254944,-0.060880821198225021,0
18.272,-200000,1.0018804802978693e-14,1.0037645341739355e-28,3.1983733215681679e-28,-0.36082473397254944,-0.36082473397254944,-0.1559489518404007,0
18.276,-200000,8.5567852784363026e-15,7.3218578233848871e-29,2.9003380700866736e-28,-0.36082473397254944,-0.36082473397254944,-0.28340259194374084,0
18.28,-200000,6.9274818290088712e-15,4.7990003372094104e-29,2.6019460400829816e-28,-0.36082473397254944,-0.36082473397254944,-0.39800399541854858,0
18.284,-200000,5.1503588483078292e-15,2.6526194235909972e-29,2.3132409562170713e-28,-0.36082473397254944,-0.36082473397254944,-0.37814855575561523,0
18.288,-200000,3.2492823366550138e-15,1.0557835859989533e-29,2.0430585035913052e-28,-0.36082473397254944,-0.36082473397254944,-0.18570587038993835,0
18.292,-200000,1.2519991875783445e-15,1.5675020625559746e-30,1.7986307898881005e-28,-0.36082473397254944,-0.36082473397254944,0.073017038404941559,0
18.296,-200000,-8.1050295733806413e-16,6.569150497649404e-31,1.5853540300703872e-28,-0.36082473397254944,-0.36082473397254944,0.24758291244506836,0
18.3,-200000,-2.9047250038214886e-15,8.4374268639875658e-30,1.4067076573239438e-28,-0.36082473397254944,-0.36082473397254944,0.27283969521522522,0
18.304,-200000,-4.9954581215951727e-15,2.4954603804001837e-29,1.2643127028088367e-28,-0.36082473397254944,-0.36082473397254944,0.20072734355926514,0
18.308,-200000,-7.0466352242485545e-15,4.9655066105514089e-29,1.1580930922922627e-28,-0.36082473397254944,-0.36082473397254944,0.12382376194000244,0
18.312,-200000,-9.0222019308652812e-15,8.140013326766244e-29,1.0865153040560035e-28,-0.36082473397254944,-0.36082473397254944,0.088604792952537537,0
18.316,-200000,-1.0886987315892986e-14,1.1852650749126501e-28,1.0468744898637886e-28,-0.36082473397254944,-0.36082473397254944,0.080236710608005524,0
18.32,-200000,-1.2607555177255279e-14,1.5895044091005417e-28,1.035591188543353e-28,-0.36082473397254944,-0.36082473397254944,0.059129558503627777,0
18.324,-200000,-1.415299474160801e-14,2.003072707197802e-28,1.0485068358622783e-28,-0.36082473397254944,-0.36082473397254944,-0.0082464711740612984,0
18.328,-200000,-1.5495647842124483e-14,2.4011507507523558e-28,1.0811512280490205e-28,-0.36082473397254944,-0.36082473397254944,-0.12535750865936279,0
18.332,-200000,-1.6611757745733056e-14,2.7595046836446e-28,1.1289730315331277e-28,-0.36082473397254944,-0.36082473397254944,-0.24461421370506287,0
18.336,-200000,-1.7481992619478547e-14,3.056200450849773e-28,1.1875309314922216e-28,-0.36082473397254944,-0.36082473397254944,-0.29686641693115234,0
18.34,-200000,-1.8091873282160588e-14,3.2731591072386686e-28,1.2526428914226868e-28,-0.36082473397254944,-0.36082473397254944,-0.25989899039268494,0
18.344,-200000,-1.8432055266305071e-14,3.3974066257409224e-28,1.3204959311465012e-28,-0.36082473397254944,-0.36082473397254944,-0.1768769770860672,0
18.348,-200000,-1.8498513471346643e-14,3.4219499547284641e-28,1.3877240066033618e-28,-0.36082473397254944,-0.36082473397254944,-0.10304310172796249,0
18.352,-200000,-1.8292545551760499e-14,3.346172315136604e-28,1.4514588062529686e-28,-0.36082473397254944,-0.36082473397254944,-0.060425538569688797,0
18.356,-200000,-1.7820697378163018e-14,3.1757725336707836e-28,1.5093586400241897e-28,-0.36082473397254944,-0.36082473397254944,-0.049156021326780319,0
18.36,-200000,-1.7094529256218328e-14,2.9222296342820372e-28,1.559619994894728e-28,-0.36082473397254944,-0.36082473397254944,-0.061496932059526443,0
18.364,-200000,-1.6130266949064033e-14,2.6018550398931093e-28,1.6009748867374475e-28,-0.36082473397254944,-0.36082473397254944,-0.071630761027336121,0
18.368,-200000,-1.4948378160837585e-14,2.2345402364521174e-28,1.6326734065802524e-28,-0.36082473397254944,-0.36082473397254944,-0.050520788878202438,0
18.372,-200000,-1.3573027894491201e-14,1.8422710383510785e-28,1.654455433510029e-28,-0.36082473397254944,-0.36082473397254944,0.0097215203568339348,0
18.376,-200000,-1.2031471129168685e-14,1.4475630110873378e-28,1.6665059771720599e-28,-0.36082473397254944,-0.36082473397254944,0.10262242704629898,0
18.38,-200000,-1.0353396369671298e-14,1.0719280699159715e-28,1.6693999276547448e-28,-0.36082473397254944,-0.36082473397254944,0.20884907245635986,0
18.384,-200000,-8.570216679880914e-15,7.3448612510112698e-29,1.664031999787873e-28,-0.36082473397254944,-0.36082473397254944,0.29456734657287598,0
18.388,-200000,-6.7143602926666903e-15,4.5082634574374823e-29,1.6515372885324178e-28,-0.36082473397254944,-0.36082473397254944,0.334951251745224,0
18.392,-200000,-4.8185425850669032e-15,2.3218353885012439e-29,1.6332047225036602e-28,-0.36082473397254944,-0.36082473397254944,0.3293854296207428,0
18.396,-200000,-2.9150734170963312e-15,8.4976527998344313e-30,1.6103891934174769e-28,-0.36082473397254944,-0.36082473397254944,0.30330604314804077,0
18.4,-200000,-1.0351840581905429e-15,1.0716060408875751e-30,1.5844257318371925e-28,-0.36082473397254944,-0.36082473397254944,0.29283586144447327,0
18.404,-200000,7.915808236315543e-16,6.266001789318104e-31,1.5565529514582913e-28,-0.36082473397254944,-0.36082473397254944,0.29106983542442322,0
18.408,-200000,2.5379167507383034e-15,6.4410221776470631e-30,1.5278537063920049e-28,-0.36082473397254944,-0.36082473397254944,0.2326788455247879,0
18.412,-200000,4.1792326096654585e-15,1.7465986327116643e-29,1.4992132021890223e-28,-0.36082473397254944,-0.36082473397254944,0.07928466796875,0
18.416,-200000,5.6940455802278415e-15,3.2422154917487527e-29,1.4712993754281814e-28,-0.36082473397254944,-0.36082473397254944,-0.10712232440710068,0
18.42,-200000,7.0642708737268627e-15,4.9903920328453224e-29,1.4445662640938713e-28,-0.36082473397254944,-0.36082473397254944,-0.2231033593416214,0
18.424,-200000,8.2754373557751559e-15,6.8482860945346487e-29,1.4192782020709592e-28,-0.36082473397254944,-0.36082473397254944,-0.22501273453235626,0
18.428,-200000,9.3167889784920126e-15,8.6802559354663075e-29,1.3955513470092161e-28,-0.36082473397254944,-0.36082473397254944,-0.13976475596427917,0
18.432,-200000,1.0181306379843536e-14,1.0365900239607608e-28,1.3734043563549782e-28,-0.36082473397254944,-0.36082473397254944,-0.026529416441917419,0
18.436,-200000,1.0865634462325652e-14,1.1806200929986526e-28,1.3528143596901557e-28,-0.36082473397254944,-0.36082473397254944,0.047056127339601517,0
18.44,-200000,1.1369919762638236e-14,1.2927506232557941e-28,1.3337687180994888e-28,-0.36082473397254944,-0.36082473397254944,0.031701166182756424,0
18.444,-200000,1.1697590223118826e-14,1.3683362717063231e-28,1.3163066724055943e-28,-0.36082473397254944,-0.36082473397254944,-0.07945946604013443,0
18.448,-200000,1.1855051106914559e-14,1.4054223398273083e-28,1.3005442598876216e-28,-0.36082473397254944,-0.36082473397254944,-0.23409681022167206,0
18.452,-200000,1.1851337714473796e-14,1.4045419491014803e-28,1.2866794902179779e-28,-0.36082473397254944,-0.36082473397254944,-0.31862244009971619,0
18.456,-200000,1.1697733371686912e-14,1.3683697347391069e-28,1.2749771787640165e-28,-0.36082473397254944,-0.36082473397254944,-0.22146828472614288,0
18.46,-200000,1.1407336596050248e-14,1.3012732243715722e-28,1.2657321131778501e-28,-0.36082473397254944,-0.36082473397254944,0.064414665102958679,0
18.464,-200000,1.0994636733159535e-14,1.2088202814680997e-28,1.2592192199590401e-28,-0.36082473397254944,-0.36082473397254944,0.40204042196273804,0
18.468,-200000,1.0475078581775009e-14,1.0972725857603784e-28,1.2556318143257543e-28,-0.36082473397254944,-0.36082473397254944,0.59545743465423584,0
18.472,-200000,9.8646202426229401e-15,9.7310728039262568e-29,1.2550185260090885e-28,-0.36082473397254944,-0.36082473397254944,0.54691952466964722,0
18.476,-200000,9.1793392480751627e-15,8.4260271642761162e-29,1.2572268454315715e-28,-0.36082473397254944,-0.36082473397254944,0.31087207794189453,0
18.48,-200000,8.4350437740262837e-15,7.1149954936175769e-29,1.2618590680596874e-28,-0.36082473397254944,-0.36082473397254944,-0.0073760859668254852,0
18.484,-200000,7.6469346737477288e-15,5.8475602565157809e-29,1.2682487017620566e-28,-0.36082473397254944,-0.36082473397254944,-0.32309803366661072,0
18.488,-200000,6.8293149455868341e-15,4.6639541295089774e-29,1.2754651612636756e-28,-0.36082473397254944,-0.36082473397254944,-0.5483430027961731,0
18.492,-200000,5.9953419758297741e-15,3.594412708091277e-29,1.2823406107945165e-28,-0.36082473397254944,-0.36082473397254944,-0.60826796293258667,0
18.496,-200000,5.1568373798049037e-15,2.6592969838200523e-29,1.2875278623584805e-28,-0.36082473397254944,-0.36082473397254944,-0.50574338436126709,0
18.5,-200000,4.3241607939736165e-15,1.8698367833671269e-29,1.2895799407142251e-28,-0.36082473397254944,-0.36082473397254944,-0.32654500007629395,0
18.504,-200000,3.5061251726356199e-15,1.2292913670051839e-29,1.2870475835785989e-28,-0.36082473397254944,-0.36082473397254944,-0.18209116160869598,0
18.508,-200000,2.7099798472699898e-15,7.343990670491096e-30,1.2785854085148259e-28,-0.36082473397254944,-0.36082473397254944,-0.150799959897995,0
18.512,-200000,1.941437419831246e-15,3.7691791896404585e-30,1.2630591631562837e-28,-0.36082473397254944,-0.36082473397254944,-0.23111112415790558,0
18.516,-200000,1.2047479840113554e-15,1.4514176695930627e-30,1.2396440680042882e-28,-0.36082473397254944,-0.36082473397254944,-0.33918079733848572,0
18.52,-200000,5.0281765691278829e-16,2.5282563060338881e-31,1.2079045017795435e-28,-0.36082473397254944,-0.36082473397254944,-0.37407556176185608,0
18.524,-200000,-1.6264394457443074e-16,2.6453051568468192e-32,1.1678486496843132e-28,-0.36082473397254944,-0.36082473397254944,-0.28077405691146851,0
18.528,-200000,-7.9094623713538321e-16,6.2559597761778993e-31,1.1199504108555381e-28,-0.36082473397254944,-0.36082473397254944,-0.085245944559574127,0
18.532,-200000,-1.382223938713352e-15,1.9105430054536163e-30,1.0651426576100307e-28,-0.36082473397254944,-0.36082473397254944,0.1062145009636879,0
18.536,-200000,-1.9372321130063652e-15,3.7528682181075446e-30,1.0047690871958657e-28,-0.36082473397254944,-0.36082473397254944,0.19203290343284607,0
18.54,-200000,-2.4571386066904498e-15,6.0375304503431306e-30,9.4051344386692372e-29,-0.36082473397254944,-0.36082473397254944,0.16664962470531464,0
18.544,-200000,-2.9433202718213676e-15,8.6631338164075974e-30,8.7429792607832464e-29,-0.36082473397254944,-0.36082473397254944,0.10296181589365005,0
18.548,-200000,-3.3971770421026932e-15,1.1540812448011549e-29,8.0816720939258936e-29,-0.36082473397254944,-0.36082473397254944,0.07317487895488739,0
18.552,-200000,-3.8199580793733898e-15,1.4592080562181091e-29,7.4416217769766073e-29,-0.36082473397254944,-0.36082473397254944,0.11350584030151367,0
18.556,-200000,-4.2126154486661713e-15,1.7746129388488226e-29,6.8419594146673366e-29,-0.36082473397254944,-0.36082473397254944,0.2343953549861908,0
18.56,-200000,-4.5756855335948865e-15,2.0936900282156858e-29,6.2993864307345645e-29,-0.36082473397254944,-0.36082473397254944,0.40838536620140076,0
18.564,-200000,-4.9092017919609519e-15,2.4100264289937198e-29,5.8272170196250831e-29,-0.36082473397254944,-0.36082473397254944,0.55481803417205811,0
18.568,-200000,-5.2126407574029643e-15,2.7171621508522744e-29,5.4346517097950947e-29,-0.36082473397254944,-0.36082473397254944,0.59487724304199219,0
18.572,-200000,-5.4849029811553877e-15,3.0084157215170952e-29,5.126366298037707e-29,-0.36082473397254944,-0.36082473397254944,0.52836054563522339,0
18.576,-200000,-5.7243291256745508e-15,3.2767940592674565e-29,4.9023887705224244e-29,-0.36082473397254944,-0.36082473397254944,0.43398302793502808,0
18.58,-200000,-5.9287452809013257e-15,3.5150021025858841e-29,4.7583030300720776e-29,-0.36082473397254944,-0.36082473397254944,0.39193034172058105,0
18.584,-200000,-6.0955417383252216e-15,3.7155633312429561e-29,4.6857171378805532e-29,-0.36082473397254944,-0.36082473397254944,0.40869727730751038,0
18.588,-200000,-6.2217720938392146e-15,3.8710445584329991e-29,4.6729728983266783e-29,-0.36082473397254944,-0.36082473397254944,0.4347134530544281,0
18.592,-200000,-6.3042824202642032e-15,3.974398084265771e-29,4.7060242635847937e-29,-0.36082473397254944,-0.36082473397254944,0.43655294179916382,0
18.596,-200000,-6.3398484866864641e-15,4.0193676456875515e-29,4.7694162477042996e-29,-0.36082473397254944,-0.36082473397254944,0.41040214896202087,0
18.6,-200000,-6.3253282243881572e-15,4.0009774221310839e-29,4.8472927296383665e-29,-0.36082473397254944,-0.36082473397254944,0.35658431053161621,0
18.604,-200000,-6.2578209690414104e-15,3.9160327773011158e-29,4.9243597191426832e-29,-0.36082473397254944,-0.36082473397254944,0.28110408782958984,0
18.608,-200000,-6.1348250088365079e-15,3.7636080611181262e-29,4.9867502196911077e-29,-0.36082473397254944,-0.36082473397254944,0.20604178309440613,0
18.612,-200000,-5.9543900504123969e-15,3.5454757309840588e-29,5.0227280956850303e-29,-0.36082473397254944,-0.36082473397254944,0.15786823630332947,0
18.616,-200000,-5.7152544381941419e-15,3.2664132968672093e-29,5.0232119855835576e-29,-0.36082473397254944,-0.36082473397254944,0.14024600386619568,0
18.62,-200000,-5.4169700917526455e-15,2.9343564929181145e-29,4.9820909738584596e-29,-0.36082473397254944,-0.36082473397254944,0.11485783010721207,0
18.624,-200000,-5.0600054203077394e-15,2.5603658746220796e-29,4.8963326236269879e-29,-0.36082473397254944,-0.36082473397254944,0.032125823199748993,0
18.628,-200000,-4.6458257908581733e-15,2.1583696770589468e-29,4.7658951060981629e-29,-0.36082473397254944,-0.36082473397254944,-0.10132455825805664,0
18.632,-200000,-4.1769422325760829e-15,1.7446847398294295e-29,4.5934705102223732e-29,-0.36082473397254944,-0.36082473397254944,-0.22716052830219269,0
18.636,-200000,-3.6569338831800909e-15,1.3373164014276717e-29,4.3840924344652072e-29,-0.36082473397254944,-0.36082473397254944,-0.30878004431724548,0
18.64,-200000,-3.090440365638783e-15,9.5508227634819018e-30,4.1446439718919726e-29,-0.36082473397254944,-0.36082473397254944,-0.3600001335144043,0
18.644,-200000,-2.4831262127869222e-15,6.1659158744698834e-30,3.8833088201335462e-29,-0.36082473397254944,-0.36082473397254944,-0.41624894738197327,0
18.648,-200000,-1.8416078107337487e-15,3.3915193738738121e-30,3.6090073450245327e-29,-0.36082473397254944,-0.36082473397254944,-0.47844529151916504,0
18.652,-200000,-1.1733605428761369e-15,1.3767749067904243e-30,3.3308525053939757e-29,-0.36082473397254944,-0.36082473397254944,-0.4833214282989502,0
18.656,-200000,-4.8659544072565154e-16,2.367751486186171e-31,3.0576521205453548e-29,-0.36082473397254944,-0.36082473397254944,-0.38460725545883179,0
18.66,-200000,2.0988110592334115e-16,4.4050075634635122e-32,2.7974854665953746e-29,-0.36082473397254944,-0.36082473397254944,-0.23906943202018738,0
18.664,-200000,9.0683379096780916e-16,8.2234754193130454e-31,2.5573662387336964e-29,-0.36082473397254944,-0.36082473397254944,-0.13757877051830292,0
18.668,-200000,1.5947707632008208e-15,2.5432937469871212e-30,2.3429981988612447e-29,-0.36082473397254944,-0.36082473397254944,-0.10963670164346695,0
18.672,-200000,2.2641305029555327e-15,5.126286853427501e-30,2.1586296776014391e-29,-0.36082473397254944,-0.36082473397254944,-0.14258746802806854,0
18.676,-200000,2.9054727221556774e-15,8.4417707387918204e-30,2.0069923357464946e-29,-0.36082473397254944,-0.36082473397254944,-0.20777103304862976,0
18.68,-200000,3.5096657703551429e-15,1.2317752900119742e-29,1.8893280971839872e-29,-0.36082473397254944,-0.36082473397254944,-0.24311622977256775,0
18.684,-200000,4.0680743584149085e-15,1.654922712262786e-29,1.8054755148177974e-29,-0.36082473397254944,-0.36082473397254944,-0.18291628360748291,0
18.688,-200000,4.5727276945430745e-15,2.0909837957172679e-29,1.7540158704099857e-29,-0.36082473397254944,-0.36082473397254944,-0.028150996193289757,0
18.692,-200000,5.0164874085766552e-15,2.5165147067375358e-29,1.7324579434848318e-29,-0.36082473397254944,-0.36082473397254944,0.14803490042686462,0
18.696,-200000,5.3931854065937448e-15,2.9086447263074373e-29,1.7374448983345795e-29,-0.36082473397254944,-0.36082473397254944,0.26443043351173401,0
18.7,-200000,5.6977399144272911e-15,3.2464239496037926e-29,1.7649768192059795e-29,-0.36082473397254944,-0.36082473397254944,0.27180099487304688,0
18.704,-200000,5.9262613567835024e-15,3.5120575362568483e-29,1.8106321922438942e-29,-0.36082473397254944,-0.36082473397254944,0.17446096241474152,0
18.708,-200000,6.0761129200975761e-15,3.6919147170852037e-29,1.8697823156608872e-29,-0.36082473397254944,-0.36082473397254944,0.065826162695884705,0
18.712,-200000,6.1459571393457976e-15,3.7772791544577374e-29,1.9377896103361848e-29,-0.36082473397254944,-0.36082473397254944,0.083337165415287018,0
18.716,-200000,6.1357669094738547e-15,3.7647636190847585e-29,2.0101818562903322e-29,-0.36082473397254944,-0.36082473397254944,0.26648467779159546,0
18.72,-200000,6.0468157445179443e-15,3.6563981614982726e-29,2.0828041605948677e-29,-0.36082473397254944,-0.36082473397254944,0.49326634407043457,0
18.724,-200000,5.8816299202432525e-15,3.4593571716676759e-29,2.1519385756774625e-29,-0.36082473397254944,-0.36082473397254944,0.59921300411224365,0
18.728,-200000,5.6439262172223309e-15,3.1853903268864997e-29,2.2143952800677253e-29,-0.36082473397254944,-0.36082473397254944,0.53621959686279297,0
18.732,-200000,5.3385166296285314e-15,2.8499760853765411e-29,2.2675735160243488e-29,-0.36082473397254944,-0.36082473397254944,0.3778194785118103,0
18.736,-200000,4.9712024861175985e-15,2.4712854456998168e-29,2.3094933372865368e-29,-0.36082473397254944,-0.36082473397254944,0.20689889788627625,0
18.74,-200000,4.5486393480725831e-15,2.0690117938540708e-29,2.3387987688028191e-29,-0.36082473397254944,-0.36082473397254944,0.035883020609617233,0
18.744,-200000,4.0781947080687029e-15,1.6631673475208093e-29,2.3547358390926234e-29,-0.36082473397254944,-0.36082473397254944,-0.18956351280212402,0
18.748,-200000,3.5677934063604692e-15,1.2729149591834084e-29,2.3571124065513419e-29,-0.36082473397254944,-0.36082473397254944,-0.49925240874290466,0
18.752,-200000,3.0257615650611551e-15,9.155232991322841e-30,2.3462385759926762e-29,-0.36082473397254944,-0.36082473397254944,-0.80560237169265747,0
18.756,-200000,2.460655063970976e-15,6.054822818599659e-30,2.3228561313717692e-29,-0.36082473397254944,-0.36082473397254944,-0.94664084911346436,0
18.76,-200000,1.8811019924489013e-15,3.5385441887435876e-30,2.2880593921015528e-29,-0.36082473397254944,-0.36082473397254944,-0.82819873094558716,0
18.764,-200000,1.2956441483723984e-15,1.67869376591212e-30,2.2432160693690958e-29,-0.36082473397254944,-0.36082473397254944,-0.5110505223274231,0
18.768,-200000,7.125858427563486e-16,5.0777857684334773e-31,2.1898887243050592e-29,-0.36082473397254944,-0.36082473397254944,-0.1628948450088501,0
18.772,-200000,1.3985735539497117e-16,1.956008053025695e-32,2.1297592354186899e-29,-0.36082473397254944,-0.36082473397254944,0.064710773527622223,0
18.776,-200000,-4.1511128628220694e-16,1.7231737433407379e-31,2.064568011433951e-29,-0.36082473397254944,-0.36082473397254944,0.11583957821130753,0
18.78,-200000,-9.4549629220787648e-16,8.9396326572125352e-31,1.9960562133911901e-29,-0.36082473397254944,-0.36082473397254944,0.027783315628767014,0
18.784,-200000,-1.4451734156500418e-15,2.088526203783936e-30,1.9259219698335599e-29,-0.36082473397254944,-0.36082473397254944,-0.12428303807973862,0
18.788,-200000,-1.9087876878463817e-15,3.6434705072098502e-30,1.8557880272024834e-29,-0.36082473397254944,-0.36082473397254944,-0.27395114302635193,0
18.792,-200000,-2.3318050473093623e-15,5.4373147593330408e-30,1.7871746664478115e-29,-0.36082473397254944,-0.36082473397254944,-0.36597815155982971,0
18.796,-200000,-2.7105460887952293e-15,7.3470601213399631e-30,1.7214813465080398e-29,-0.36082473397254944,-0.36082473397254944,-0.36072224378585815,0
18.8,-200000,-3.0421963335784934e-15,9.2549585466228735e-30,1.6599718084458955e-29,-0.36082473397254944,-0.36082473397254944,-0.24857756495475769,0
18.804,-200000,-3.3248025236827863e-15,1.105431201162995e-29,1.6037596309737545e-29,-0.36082473397254944,-0.36082473397254944,-0.043824136257171631,0
18.808,-200000,-3.5572469991342059e-15,1.2654006726714832e-29,1.5537954410751041e-29,-0.36082473397254944,-0.36082473397254944,0.21537423133850098,0
18.812,-200000,-3.7392125460940055e-15,1.3981709728454473e-29,1.5108494602644223e-29,-0.36082473397254944,-0.36082473397254944,0.46617406606674194,0
18.816,-200000,-3.8711235280687595e-15,1.4985597702700782e-29,1.4754922452877339e-29,-0.36082473397254944,-0.36082473397254944,0.65237903594970703,0
18.82,-200000,-3.9540878641534764e-15,1.563481213599326e-29,1.4480749774333356e-29,-0.36082473397254944,-0.36082473397254944,0.74183732271194458,0
18.824,-200000,-3.9898224901322409e-15,1.5918685181999324e-29,1.428704937017661e-29,-0.36082473397254944,-0.36082473397254944,0.71051979064941406,0
18.828,-200000,-3.980571619798803e-15,1.5844950653151905e-29,1.4172275982553283e-29,-0.36082473397254944,-0.36082473397254944,0.54406863451004028,0
18.832,-200000,-3.9290220416618536e-15,1.5437214732964667e-29,1.4132081222760814e-29,-0.36082473397254944,-0.36082473397254944,0.26360407471656799,0
18.836,-200000,-3.8382201097161926e-15,1.4731931664166216e-29,1.4159256395202672e-29,-0.36082473397254944,-0.36082473397254944,-0.05908767506480217,0
18.84,-200000,-3.7114840755326887e-15,1.3775114621466947e-29,1.4243741525184971e-29,-0.36082473397254944,-0.36082473397254944,-0.32985824346542358,0
18.844,-200000,-3.5523234083700535e-15,1.261900219765921e-29,1.4372802905583221e-29,-0.36082473397254944,-0.36082473397254944,-0.48933219909667969,0
18.848,-200000,-3.3643589623195622e-15,1.1318911464180836e-29,1.4531353583622131e-29,-0.36082473397254944,-0.36082473397254944,-0.52819043397903442,0
18.852,-200000,-3.1512511902627742e-15,9.9303836827522461e-30,1.4702424310932327e-29,-0.36082473397254944,-0.36082473397254944,-0.45583242177963257,0
18.856,-200000,-2.9166353458510682e-15,8.5067625989346598e-30,1.4867825581968733e-29,-0.36082473397254944,-0.36082473397254944,-0.30632132291793823,0
18.86,-200000,-2.6640683321882018e-15,7.0972602367054779e-30,1.5008887913332946e-29,-0.36082473397254944,-0.36082473397254944,-0.16118335723876953,0
18.864,-200000,-2.3969778798534763e-15,5.7455026708869939e-30,1.5107351081739743e-29,-0.36082473397254944,-0.36082473397254944,-0.093159735202789307,0
18.868,-200000,-2.118630571407978e-15,4.4885956501968122e-30,1.5146256371249135e-29,-0.36082473397254944,-0.36082473397254944,-0.09872116893529892,0
18.872,-200000,-1.83210113645024e-15,3.3565942141967571e-30,1.5110862894622712e-29,-0.36082473397254944,-0.36082473397254944,-0.11342424154281616,0
18.876,-200000,-1.5402543462869948e-15,2.3723836392250213e-30,1.4989473636713861e-29,-0.36082473397254944,-0.36082473397254944,-0.070689961314201355,0
18.88,-200000,-1.2457403552519641e-15,1.5518690221250669e-30,1.4774157678196906e-29,-0.36082473397254944,-0.36082473397254944,0.045854359865188599,0
18.884,-200000,-9.509889832334654e-16,9.0438012050004837e-31,1.4461261770708588e-29,-0.36082473397254944,-0.36082473397254944,0.2004142701625824,0
18.888,-200000,-6.5821776248741045e-16,4.3325063632889759e-31,1.4051729318995102e-29,-0.36082473397254944,-0.36082473397254944,0.33871078491210938,0
18.892,-200000,-3.694444313732774e-16,1.3648918814177358e-31,1.3551156052324554e-29,-0.36082473397254944,-0.36082473397254944,0.40955090522766113,0
18.896,-200000,-8.6502412557732869e-17,7.4826665955088737e-33,1.2969577871266526e-29,-0.36082473397254944,-0.36082473397254944,0.4040684700012207,0
18.9,-200000,1.8893853393983379e-16,3.5697773910284105e-32,1.2321006668482818e-29,-0.36082473397254944,-0.36082473397254944,0.36560043692588806,0
18.904,-200000,4.5535067170248615e-16,2.0734422602741844e-31,1.1622740454602844e-29,-0.36082473397254944,-0.36082473397254944,0.32042980194091797,0
18.908,-200000,7.1132630476378146e-16,5.0598505458263712e-31,1.0894478634155423e-29,-0.36082473397254944,-0.36082473397254944,0.25028577446937561,0
18.912,-200000,9.5555533785211333e-16,9.1308611378088243e-31,1.0157284561274521e-29,-0.36082473397254944,-0.36082473397254944,0.14467597007751465,0
18.916,-200000,1.1868047556940755e-15,1.4085055430196846e-30,9.4325006994727646e-30,-0.36082473397254944,-0.36082473397254944,0.022462403401732445,0
18.92,-200000,1.4039042763939178e-15,1.9709470522045184e-30,8.7406404596070312e-30,-0.36082473397254944,-0.36082473397254944,-0.089853368699550629,0
18.924,-200000,1.605730204867989e-15,2.5783697460992737e-30,8.1003372138892672e-30,-0.36082473397254944,-0.36082473397254944,-0.1631627082824707,0
18.928,-200000,1.7911968566361458e-15,3.2083856294959295e-30,7.5274272222137504e-30,-0.36082473397254944,-0.36082473397254944,-0.16641756892204285,0
18.932,-200000,1.9592543343602666e-15,3.8386774249266102e-30,7.0342048389364091e-30,-0.36082473397254944,-0.36082473397254944,-0.093530461192131042,0
18.936,-200000,2.1088856691080541e-15,4.447398804980154e-30,6.6288966437220379e-30,-0.36082473397254944,-0.36082473397254944,0.017580416053533554,0
18.94,-200000,2.2391142318913242e-15,5.0136319887430002e-30,6.3153650288887948e-30,-0.36082473397254944,-0.36082473397254944,0.11410760879516602,0
18.944,-200000,2.3490137921822543e-15,5.5178656507824601e-30,6.0930897676567797e-30,-0.36082473397254944,-0.36082473397254944,0.16637444496154785,0
18.948,-200000,2.4377212234075922e-15,5.942485055271236e-30,5.9573568455605511e-30,-0.36082473397254944,-0.36082473397254944,0.16788105666637421,0
18.952,-200000,2.50445619646468e-15,6.2723013105639346e-30,5.899697437059497e-30,-0.36082473397254944,-0.36082473397254944,0.1337839812040329,0
18.956,-200000,2.5485419320286614e-15,6.4950663297622763e-30,5.9085025480239924e-30,-0.36082473397254944,-0.36082473397254944,0.10528977960348129,0
18.96,-200000,2.5694276469255843e-15,6.6019592032576905e-30,5.9697711943798113e-30,-0.36082473397254944,-0.36082473397254944,0.10592341423034668,0
18.964,-200000,2.5667126945713974e-15,6.5880142667541117e-30,6.0679575103571031e-30,-0.36082473397254944,-0.36082473397254944,0.10388187319040298,0
18.968,-200000,2.5401728229933153e-15,6.4524776992342445e-30,6.1868513348184802e-30,-0.36082473397254944,-0.36082473397254944,0.06165420264005661,0
18.972,-200000,2.4897788095546575e-15,6.1989986113212336e-30,6.3104407419938781e-30,-0.36082473397254944,-0.36082473397254944,-0.010653731413185596,0
18.976,-200000,2.4157239895256349e-15,5.8357223325103448e-30,6.4237083683735756e-30,-0.36082473397254944,-0.36082473397254944,-0.079710401594638824,0
18.98,-200000,2.3184399261928735e-15,5.3751640220163648e-30,6.513332571578574e-30,-0.36082473397254944,-0.36082473397254944,-0.12290376424789429,0
18.984,-200000,2.1986105986612813e-15,4.8338885581519852e-30,6.5682396305868388e-30,-0.36082473397254944,-0.36082473397254944,-0.12302105128765106,0
18.988,-200000,2.0571855308647302e-15,4.2320125048812459e-30,6.5800103727391368e-30,-0.36082473397254944,-0.36082473397254944,-0.06730186939239502,0
18.992,-200000,1.8953836032143193e-15,3.59247850266666e-30,6.5431145202928152e-30,-0.36082473397254944,-0.36082473397254944,0.031105458736419678,0
18.996,-200000,1.7146948525433871e-15,2.9401784437230479e-30,6.4549753896308717e-30,-0.36082473397254944,-0.36082473397254944,0.11906925588846207,0
19,-200000,1.5168713665033294e-15,2.300898912525528e-30,6.3158946596235013e-30,-0.36082473397254944,-0.36082473397254944,0.12356062978506088,0
19.004,-200000,1.3039179662011785e-15,1.7002019271084375e-30,6.1288127588596248e-30,-0.36082473397254944,-0.36082473397254944,0.010324726812541485,0
19.008,-200000,1.0780730420791723e-15,1.1622413573133767e-30,5.8989778464376976e-30,-0.36082473397254944,-0.36082473397254944,-0.16282832622528076,0
19.012,0,0.002560128690674901,6.554259016411379e-06,1.3108520136029256e-07,-0.3608245849609375,-0.36082473397254944,-2.8164558410644531,0
