Time, Ch01, Ch02, Ch03, Ch04, Ch05, Ch06, Ch07, Ch08
0,-200000,-200000,802.82696533203125,-200000,-200000,-200000,-200000,760.4837646484375
0.004,-200000,-200000,787.42510986328125,-200000,-200000,-200000,-200000,749.30194091796875
0.008,-200000,-200000,781.9891357421875,-200000,-200000,-200000,-200000,744.89129638671875
0.012,-200000,-200000,785.39862060546875,-200000,-200000,-200000,-200000,743.74688720703125
0.016,-200000,-200000,782.9189453125,-200000,-200000,-200000,-200000,742.7454833984375
0.02,-200000,-200000,780.63018798828125,-200000,-200000,-200000,-200000,739.6937255859375
0.024,-200000,-200000,779.55731201171875,-200000,-200000,-200000,-200000,741.52960205078125
0.028,-200000,-200000,782.34686279296875,-200000,-200000,-200000,-200000,740.71893310546875
0.032,-200000,-200000,781.0115966796875,-200000,-200000,-200000,-200000,739.86065673828125
0.036,-200000,-200000,775.67108154296875,-200000,-200000,-200000,-200000,737.07110595703125
0.04,-200000,-200000,776.8154296875,-200000,-200000,-200000,-200000,741.1956787109375
0.044,-200000,-200000,780.20098876953125,-200000,-200000,-200000,-200000,741.26727294921875
0.048,-200000,-200000,781.7269287109375,-200000,-200000,-200000,-200000,740.62353515625
0.052,-200000,-200000,778.34130859375,-200000,-200000,-200000,-200000,738.54931640625
0.056,-200000,-200000,776.50555419921875,-200000,-200000,-200000,-200000,739.47918701171875
0.06,-200000,-200000,778.7943115234375,-200000,-200000,-200000,-200000,739.5029296875
0.064,-200000,-200000,780.5823974609375,-200000,-200000,-200000,-200000,740.3851318359375
0.068,-200000,-200000,782.60906982421875,-200000,-200000,-200000,-200000,740.45672607421875
0.072,-200000,-200000,777.64990234375,-200000,-200000,-200000,-200000,740.43280029296875
0.076,-200000,-200000,778.03143310546875,-200000,-200000,-200000,-200000,739.88446044921875
0.08,-200000,-200000,782.03692626953125,-200000,-200000,-200000,-200000,741.79180908203125
0.084,-200000,-200000,779.6287841796875,-200000,-200000,-200000,-200000,740.6473388671875
0.088,-200000,-200000,775.09893798828125,-200000,-200000,-200000,-200000,738.9783935546875
0.092,-200000,-200000,776.74395751953125,-200000,-200000,-200000,-200000,738.21551513671875
0.096,-200000,-200000,781.0115966796875,-200000,-200000,-200000,-200000,739.62225341796875
0.1,-200000,-200000,779.93878173828125,-200000,-200000,-200000,-200000,739.6937255859375
0.104,-200000,-200000,776.88702392578125,-200000,-200000,-200000,-200000,741.10040283203125
0.108,-200000,-200000,775.146484375,-200000,-200000,-200000,-200000,740.3851318359375
0.112,-200000,-200000,778.3890380859375,-200000,-200000,-200000,-200000,740.00372314453125
0.116,-200000,-200000,780.51104736328125,-200000,-200000,-200000,-200000,738.78778076171875
0.12,-200000,-200000,777.45928955078125,-200000,-200000,-200000,-200000,739.5029296875
0.124,-200000,-200000,776.1240234375,-200000,-200000,-200000,-200000,740.8857421875
0.128,-200000,-200000,779.67657470703125,-200000,-200000,-200000,-200000,738.4300537109375
0.132,-200000,-200000,779.93878173828125,-200000,-200000,-200000,-200000,738.2392578125
0.136,-200000,-200000,777.64990234375,-200000,-200000,-200000,-200000,738.90692138671875
0.14,-200000,-200000,775.146484375,-200000,-200000,-200000,-200000,740.69512939453125
0.144,-200000,-200000,778.41290283203125,-200000,-200000,-200000,-200000,739.04998779296875
0.148,-200000,-200000,781.25,-200000,-200000,-200000,-200000,739.8128662109375
0.152,-200000,-200000,778.15069580078125,-200000,-200000,-200000,-200000,739.35986328125
0.156,-200000,-200000,771.61798095703125,-200000,-200000,-200000,-200000,738.4300537109375
0.16,-200000,-200000,780.36798095703125,-200000,-200000,-200000,-200000,740.57586669921875
0.164,-200000,-200000,778.84210205078125,-200000,-200000,-200000,-200000,738.47784423828125
0.168,-200000,-200000,778.5321044921875,-200000,-200000,-200000,-200000,739.57452392578125
0.172,-200000,-200000,774.3359375,-200000,-200000,-200000,-200000,739.1214599609375
0.176,-200000,-200000,778.41290283203125,-200000,-200000,-200000,-200000,739.93212890625
0.18,-200000,-200000,779.53350830078125,-200000,-200000,-200000,-200000,739.5506591796875
0.184,-200000,-200000,777.8406982421875,-200000,-200000,-200000,-200000,739.04998779296875
0.188,-200000,-200000,775.4803466796875,-200000,-200000,-200000,-200000,738.78778076171875
0.192,-200000,-200000,779.0565185546875,-200000,-200000,-200000,-200000,738.0247802734375
0.196,-200000,-200000,779.81951904296875,-200000,-200000,-200000,-200000,738.47784423828125
0.2,-200000,-200000,779.3665771484375,-200000,-200000,-200000,-200000,739.6937255859375
0.204,-200000,-200000,776.2908935546875,-200000,-200000,-200000,-200000,740.05126953125
0.208,-200000,-200000,775.24188232421875,-200000,-200000,-200000,-200000,740.00372314453125
0.212,-200000,-200000,779.9149169921875,-200000,-200000,-200000,-200000,738.90692138671875
0.216,-200000,-200000,781.65545654296875,-200000,-200000,-200000,-200000,739.00225830078125
0.22,-200000,-200000,776.1717529296875,-200000,-200000,-200000,-200000,740.69512939453125
0.224,-200000,-200000,775.98095703125,-200000,-200000,-200000,-200000,740.83819580078125
0.228,-200000,-200000,780.70166015625,-200000,-200000,-200000,-200000,740.00372314453125
0.232,-200000,-200000,780.20098876953125,-200000,-200000,-200000,-200000,736.451171875
0.236,-200000,-200000,776.55322265625,-200000,-200000,-200000,-200000,738.09637451171875
0.24,-200000,-200000,776.0047607421875,-200000,-200000,-200000,-200000,738.7161865234375
0.244,-200000,-200000,779.41424560546875,-200000,-200000,-200000,-200000,739.62225341796875
0.248,-200000,-200000,781.8460693359375,-200000,-200000,-200000,-200000,739.8128662109375
0.252,-200000,-200000,777.6976318359375,-200000,-200000,-200000,-200000,740.1943359375
0.256,-200000,-200000,776.62481689453125,-200000,-200000,-200000,-200000,738.66845703125
0.26,-200000,-200000,780.3201904296875,-200000,-200000,-200000,-200000,740.45672607421875
0.264,-200000,-200000,781.27392578125,-200000,-200000,-200000,-200000,737.40496826171875
0.268,-200000,-200000,777.6976318359375,-200000,-200000,-200000,-200000,739.5029296875
0.272,-200000,-200000,777.07781982421875,-200000,-200000,-200000,-200000,739.43145751953125
0.276,-200000,-200000,774.59814453125,-200000,-200000,-200000,-200000,741.3387451171875
0.28,-200000,-200000,779.93878173828125,-200000,-200000,-200000,-200000,737.3333740234375
0.284,-200000,-200000,780.1771240234375,-200000,-200000,-200000,-200000,739.47918701171875
0.288,-200000,-200000,774.38360595703125,-200000,-200000,-200000,-200000,737.66717529296875
0.292,-200000,-200000,775.36114501953125,-200000,-200000,-200000,-200000,739.93212890625
0.296,-200000,-200000,780.7493896484375,-200000,-200000,-200000,-200000,741.02880859375
0.3,-200000,-200000,780.20098876953125,-200000,-200000,-200000,-200000,740.00372314453125
0.304,-200000,-200000,777.9598388671875,-200000,-200000,-200000,-200000,739.43145751953125
0.308,-200000,-200000,775.21807861328125,-200000,-200000,-200000,-200000,738.21551513671875
0.312,-200000,-200000,780.77325439453125,-200000,-200000,-200000,-200000,739.88446044921875
0.316,-200000,-200000,780.12957763671875,-200000,-200000,-200000,-200000,738.2392578125
0.32,-200000,-200000,775.79034423828125,-200000,-200000,-200000,-200000,737.78643798828125
0.324,-200000,-200000,774.83660888671875,-200000,-200000,-200000,-200000,740.6473388671875
0.328,-200000,-200000,781.46466064453125,-200000,-200000,-200000,-200000,739.88446044921875
0.332,-200000,-200000,779.67657470703125,-200000,-200000,-200000,-200000,740.12286376953125
0.336,-200000,-200000,775.17041015625,-200000,-200000,-200000,-200000,740.81427001953125
0.34,-200000,-200000,776.38623046875,-200000,-200000,-200000,-200000,738.2869873046875
0.344,-200000,-200000,779.4857177734375,-200000,-200000,-200000,-200000,739.88446044921875
0.348,-200000,-200000,782.03692626953125,-200000,-200000,-200000,-200000,739.88446044921875
0.352,-200000,-200000,774.26446533203125,-200000,-200000,-200000,-200000,738.74005126953125
0.356,-200000,-200000,775.17041015625,-200000,-200000,-200000,-200000,740.0751953125
0.36,-200000,-200000,779.2235107421875,-200000,-200000,-200000,-200000,739.31231689453125
0.364,-200000,-200000,779.41424560546875,-200000,-200000,-200000,-200000,736.57049560546875
0.368,-200000,-200000,778.84210205078125,-200000,-200000,-200000,-200000,739.04998779296875
0.372,-200000,-200000,776.0047607421875,-200000,-200000,-200000,-200000,740.57586669921875
0.376,-200000,-200000,777.88836669921875,-200000,-200000,-200000,-200000,739.8128662109375
0.38,-200000,-200000,781.34552001953125,-200000,-200000,-200000,-200000,740.6473388671875
0.384,-200000,-200000,777.57843017578125,-200000,-200000,-200000,-200000,739.35986328125
0.388,-200000,-200000,774.0736083984375,-200000,-200000,-200000,-200000,739.35986328125
0.392,-200000,-200000,778.46063232421875,-200000,-200000,-200000,-200000,740.00372314453125
0.396,-200000,-200000,780.20098876953125,-200000,-200000,-200000,-200000,740.26593017578125
0.4,-200000,-200000,778.26983642578125,-200000,-200000,-200000,-200000,737.0234375
0.404,-200000,-200000,776.55322265625,-200000,-200000,-200000,-200000,738.78778076171875
0.408,-200000,-200000,777.9598388671875,-200000,-200000,-200000,-200000,738.66845703125
0.412,-200000,-200000,780.12957763671875,-200000,-200000,-200000,-200000,738.33477783203125
0.416,-200000,-200000,781.20245361328125,-200000,-200000,-200000,-200000,739.1214599609375
0.42,-200000,-200000,774.7889404296875,-200000,-200000,-200000,-200000,739.28839111328125
0.424,-200000,-200000,776.0047607421875,-200000,-200000,-200000,-200000,739.5029296875
0.428,-200000,-200000,782.1083984375,-200000,-200000,-200000,-200000,740.12286376953125
0.432,-200000,-200000,780.63018798828125,-200000,-200000,-200000,-200000,735.3544921875
0.436,-200000,-200000,775.21807861328125,-200000,-200000,-200000,-200000,739.24072265625
0.44,-200000,-200000,777.07781982421875,-200000,-200000,-200000,-200000,741.4818115234375
0.444,-200000,-200000,778.57977294921875,-200000,-200000,-200000,-200000,738.54931640625
0.448,-200000,-200000,779.43798828125,-200000,-200000,-200000,-200000,736.57049560546875
0.452,-200000,-200000,777.76922607421875,-200000,-200000,-200000,-200000,737.40496826171875
0.456,-200000,-200000,774.95587158203125,-200000,-200000,-200000,-200000,739.31231689453125
0.46,-200000,-200000,776.1717529296875,-200000,-200000,-200000,-200000,738.59698486328125
0.464,-200000,-200000,781.8460693359375,-200000,-200000,-200000,-200000,739.16925048828125
0.468,-200000,-200000,776.50555419921875,-200000,-200000,-200000,-200000,739.1214599609375
0.472,-200000,-200000,774.95587158203125,-200000,-200000,-200000,-200000,741.79180908203125
0.476,-200000,-200000,778.41290283203125,-200000,-200000,-200000,-200000,740.26593017578125
0.48,-200000,-200000,780.51104736328125,-200000,-200000,-200000,-200000,738.1678466796875
0.484,-200000,-200000,778.15069580078125,-200000,-200000,-200000,-200000,740.31365966796875
0.488,-200000,-200000,776.10028076171875,-200000,-200000,-200000,-200000,738.8115234375
0.492,-200000,-200000,778.60369873046875,-200000,-200000,-200000,-200000,738.54931640625
0.496,-200000,-200000,778.98516845703125,-200000,-200000,-200000,-200000,738.1678466796875
0.5,-200000,-200000,779.10430908203125,-200000,-200000,-200000,-200000,739.3836669921875
0.504,-200000,-200000,778.0791015625,-200000,-200000,-200000,-200000,739.88446044921875
0.508,-200000,-200000,777.5068359375,-200000,-200000,-200000,-200000,739.93212890625
0.512,-200000,-200000,780.51104736328125,-200000,-200000,-200000,-200000,739.35986328125
0.516,-200000,-200000,778.22216796875,-200000,-200000,-200000,-200000,738.59698486328125
0.52,-200000,-200000,775.21807861328125,-200000,-200000,-200000,-200000,738.1439208984375
0.524,-200000,-200000,775.5994873046875,-200000,-200000,-200000,-200000,739.74139404296875
0.528,-200000,-200000,779.79571533203125,-200000,-200000,-200000,-200000,737.95330810546875
0.532,-200000,-200000,781.130859375,-200000,-200000,-200000,-200000,741.4818115234375
0.536,-200000,-200000,776.62481689453125,-200000,-200000,-200000,-200000,738.59698486328125
0.54,-200000,-200000,775.90948486328125,-200000,-200000,-200000,-200000,738.74005126953125
0.544,-200000,-200000,779.748046875,-200000,-200000,-200000,-200000,738.35858154296875
0.548,-200000,-200000,783.44354248046875,-200000,-200000,-200000,-200000,738.78778076171875
0.552,-200000,-200000,776.93475341796875,-200000,-200000,-200000,-200000,737.5955810546875
0.556,-200000,-200000,775.17041015625,-200000,-200000,-200000,-200000,739.57452392578125
0.56,-200000,-200000,777.5306396484375,-200000,-200000,-200000,-200000,738.35858154296875
0.564,-200000,-200000,782.46600341796875,-200000,-200000,-200000,-200000,740.5042724609375
0.568,-200000,-200000,778.86590576171875,-200000,-200000,-200000,-200000,737.40496826171875
0.572,-200000,-200000,776.67236328125,-200000,-200000,-200000,-200000,739.43145751953125
0.576,-200000,-200000,777.64990234375,-200000,-200000,-200000,-200000,739.24072265625
0.58,-200000,-200000,778.91357421875,-200000,-200000,-200000,-200000,737.5955810546875
0.584,-200000,-200000,781.08319091796875,-200000,-200000,-200000,-200000,737.8577880859375
0.588,-200000,-200000,775.86181640625,-200000,-200000,-200000,-200000,739.04998779296875
0.592,-200000,-200000,776.93475341796875,-200000,-200000,-200000,-200000,740.1943359375
0.596,-200000,-200000,781.39306640625,-200000,-200000,-200000,-200000,739.5506591796875
0.6,-200000,-200000,779.4857177734375,-200000,-200000,-200000,-200000,738.93084716796875
0.604,-200000,-200000,777.64990234375,-200000,-200000,-200000,-200000,739.5029296875
0.608,-200000,-200000,775.86181640625,-200000,-200000,-200000,-200000,738.59698486328125
0.612,-200000,-200000,781.20245361328125,-200000,-200000,-200000,-200000,738.47784423828125
0.616,-200000,-200000,781.5838623046875,-200000,-200000,-200000,-200000,738.40625
0.62,-200000,-200000,777.24462890625,-200000,-200000,-200000,-200000,739.35986328125
0.624,-200000,-200000,775.146484375,-200000,-200000,-200000,-200000,738.21551513671875
0.628,-200000,-200000,779.8671875,-200000,-200000,-200000,-200000,739.3836669921875
0.632,-200000,-200000,779.55731201171875,-200000,-200000,-200000,-200000,738.8115234375
0.636,-200000,-200000,776.38623046875,-200000,-200000,-200000,-200000,739.8128662109375
0.64,-200000,-200000,776.93475341796875,-200000,-200000,-200000,-200000,739.6697998046875
0.644,-200000,-200000,781.08319091796875,-200000,-200000,-200000,-200000,739.1214599609375
0.648,-200000,-200000,781.79833984375,-200000,-200000,-200000,-200000,740.9095458984375
0.652,-200000,-200000,777.0062255859375,-200000,-200000,-200000,-200000,740.14666748046875
0.656,-200000,-200000,774.6458740234375,-200000,-200000,-200000,-200000,739.93212890625
0.66,-200000,-200000,778.22216796875,-200000,-200000,-200000,-200000,740.8857421875
0.664,-200000,-200000,781.46466064453125,-200000,-200000,-200000,-200000,739.43145751953125
0.668,-200000,-200000,777.07781982421875,-200000,-200000,-200000,-200000,739.88446044921875
0.672,-200000,-200000,776.24334716796875,-200000,-200000,-200000,-200000,739.57452392578125
0.676,-200000,-200000,778.3890380859375,-200000,-200000,-200000,-200000,738.0247802734375
0.68,-200000,-200000,779.3665771484375,-200000,-200000,-200000,-200000,738.47784423828125
0.684,-200000,-200000,778.46063232421875,-200000,-200000,-200000,-200000,741.14813232421875
0.688,-200000,-200000,775.40887451171875,-200000,-200000,-200000,-200000,740.26593017578125
0.692,-200000,-200000,777.88836669921875,-200000,-200000,-200000,-200000,740.0751953125
0.696,-200000,-200000,780.3201904296875,-200000,-200000,-200000,-200000,741.00506591796875
0.7,-200000,-200000,779.53350830078125,-200000,-200000,-200000,-200000,739.5029296875
0.704,-200000,-200000,775.79034423828125,-200000,-200000,-200000,-200000,737.95330810546875
0.708,-200000,-200000,774.7889404296875,-200000,-200000,-200000,-200000,739.04998779296875
0.712,-200000,-200000,778.96124267578125,-200000,-200000,-200000,-200000,739.76513671875
0.716,-200000,-200000,779.24737548828125,-200000,-200000,-200000,-200000,739.35986328125
0.72,-200000,-200000,777.05389404296875,-200000,-200000,-200000,-200000,739.9559326171875
0.724,-200000,-200000,775.0511474609375,-200000,-200000,-200000,-200000,740.31365966796875
0.728,-200000,-200000,778.57977294921875,-200000,-200000,-200000,-200000,738.54931640625
0.732,-200000,-200000,781.5838623046875,-200000,-200000,-200000,-200000,737.5955810546875
0.736,-200000,-200000,777.72149658203125,-200000,-200000,-200000,-200000,738.90692138671875
0.74,-200000,-200000,775.55194091796875,-200000,-200000,-200000,-200000,738.66845703125
0.744,-200000,-200000,778.6512451171875,-200000,-200000,-200000,-200000,738.09637451171875
0.748,-200000,-200000,780.24871826171875,-200000,-200000,-200000,-200000,738.0247802734375
0.752,-200000,-200000,778.34130859375,-200000,-200000,-200000,-200000,740.33740234375
0.756,-200000,-200000,775.02734375,-200000,-200000,-200000,-200000,740.0751953125
0.76,-200000,-200000,779.03271484375,-200000,-200000,-200000,-200000,737.97705078125
0.764,-200000,-200000,780.48712158203125,-200000,-200000,-200000,-200000,738.1678466796875
0.768,-200000,-200000,777.64990234375,-200000,-200000,-200000,-200000,738.8592529296875
0.772,-200000,-200000,771.21270751953125,-200000,-200000,-200000,-200000,737.07110595703125
0.776,-200000,-200000,780.51104736328125,-200000,-200000,-200000,-200000,740.26593017578125
0.78,-200000,-200000,781.34552001953125,-200000,-200000,-200000,-200000,740.1943359375
0.784,-200000,-200000,778.00762939453125,-200000,-200000,-200000,-200000,737.90557861328125
0.788,-200000,-200000,773.9544677734375,-200000,-200000,-200000,-200000,737.66717529296875
0.792,-200000,-200000,778.34130859375,-200000,-200000,-200000,-200000,739.16925048828125
0.796,-200000,-200000,780.24871826171875,-200000,-200000,-200000,-200000,739.74139404296875
0.8,-200000,-200000,778.72283935546875,-200000,-200000,-200000,-200000,738.90692138671875
0.804,-200000,-200000,775.79034423828125,-200000,-200000,-200000,-200000,739.57452392578125
0.808,-200000,-200000,775.81414794921875,-200000,-200000,-200000,-200000,738.35858154296875
0.812,-200000,-200000,780.24871826171875,-200000,-200000,-200000,-200000,739.35986328125
0.816,-200000,-200000,779.2235107421875,-200000,-200000,-200000,-200000,738.35858154296875
0.82,-200000,-200000,775.40887451171875,-200000,-200000,-200000,-200000,738.9783935546875
0.824,-200000,-200000,776.50555419921875,-200000,-200000,-200000,-200000,740.45672607421875
0.828,-200000,-200000,780.63018798828125,-200000,-200000,-200000,-200000,739.88446044921875
0.832,-200000,-200000,779.17578125,-200000,-200000,-200000,-200000,738.93084716796875
0.836,-200000,-200000,777.2684326171875,-200000,-200000,-200000,-200000,739.24072265625
0.84,-200000,-200000,775.40887451171875,-200000,-200000,-200000,-200000,738.33477783203125
0.844,-200000,-200000,779.8671875,-200000,-200000,-200000,-200000,739.86065673828125
0.848,-200000,-200000,781.130859375,-200000,-200000,-200000,-200000,738.54931640625
0.852,-200000,-200000,776.55322265625,-200000,-200000,-200000,-200000,740.3851318359375
0.856,-200000,-200000,774.0736083984375,-200000,-200000,-200000,-200000,740.1943359375
0.86,-200000,-200000,778.91357421875,-200000,-200000,-200000,-200000,739.86065673828125
0.864,-200000,-200000,781.0115966796875,-200000,-200000,-200000,-200000,737.833984375
0.868,-200000,-200000,778.7705078125,-200000,-200000,-200000,-200000,738.33477783203125
0.872,-200000,-200000,775.28955078125,-200000,-200000,-200000,-200000,738.40625
0.876,-200000,-200000,777.5306396484375,-200000,-200000,-200000,-200000,738.40625
0.88,-200000,-200000,779.67657470703125,-200000,-200000,-200000,-200000,739.8128662109375
0.884,-200000,-200000,776.8631591796875,-200000,-200000,-200000,-200000,738.66845703125
0.888,-200000,-200000,773.69219970703125,-200000,-200000,-200000,-200000,740.6473388671875
0.892,-200000,-200000,776.3148193359375,-200000,-200000,-200000,-200000,740.8857421875
0.896,-200000,-200000,781.0115966796875,-200000,-200000,-200000,-200000,738.4300537109375
0.9,-200000,-200000,778.91357421875,-200000,-200000,-200000,-200000,737.3333740234375
0.904,-200000,-200000,775.4803466796875,-200000,-200000,-200000,-200000,738.4300537109375
0.908,-200000,-200000,774.02606201171875,-200000,-200000,-200000,-200000,738.1678466796875
0.912,-200000,-200000,780.48712158203125,-200000,-200000,-200000,-200000,737.97705078125
0.916,-200000,-200000,778.84210205078125,-200000,-200000,-200000,-200000,737.71484375
0.92,-200000,-200000,775.67108154296875,-200000,-200000,-200000,-200000,741.72021484375
0.924,-200000,-200000,773.3822021484375,-200000,-200000,-200000,-200000,738.35858154296875
0.928,-200000,-200000,780.70166015625,-200000,-200000,-200000,-200000,738.54931640625
0.932,-200000,-200000,780.51104736328125,-200000,-200000,-200000,-200000,739.8128662109375
0.936,-200000,-200000,776.93475341796875,-200000,-200000,-200000,-200000,740.2420654296875
0.94,-200000,-200000,775.71875,-200000,-200000,-200000,-200000,739.43145751953125
0.944,-200000,-200000,779.67657470703125,-200000,-200000,-200000,-200000,739.16925048828125
0.948,-200000,-200000,779.8671875,-200000,-200000,-200000,-200000,738.8592529296875
0.952,-200000,-200000,775.36114501953125,-200000,-200000,-200000,-200000,738.47784423828125
0.956,-200000,-200000,774.97967529296875,-200000,-200000,-200000,-200000,740.52813720703125
0.96,-200000,-200000,778.60369873046875,-200000,-200000,-200000,-200000,739.16925048828125
0.964,-200000,-200000,778.6512451171875,-200000,-200000,-200000,-200000,735.99822998046875
0.968,-200000,-200000,774.59814453125,-200000,-200000,-200000,-200000,738.47784423828125
0.972,-200000,-200000,775.4803466796875,-200000,-200000,-200000,-200000,739.88446044921875
0.976,-200000,-200000,779.4857177734375,-200000,-200000,-200000,-200000,739.1214599609375
0.98,-200000,-200000,778.60369873046875,-200000,-200000,-200000,-200000,737.833984375
0.984,-200000,-200000,777.64990234375,-200000,-200000,-200000,-200000,737.78643798828125
0.988,-200000,-200000,775.21807861328125,-200000,-200000,-200000,-200000,739.31231689453125
0.992,-200000,-200000,777.2684326171875,-200000,-200000,-200000,-200000,739.16925048828125
0.996,-200000,-200000,778.1982421875,-200000,-200000,-200000,-200000,737.64337158203125
1,-200000,-200000,777.9598388671875,-200000,-200000,-200000,-200000,739.74139404296875
1.004,-200000,-200000,773.072265625,-200000,-200000,-200000,-200000,738.8592529296875
1.008,-200000,-200000,777.31622314453125,-200000,-200000,-200000,-200000,740.83819580078125
1.012,-200000,-200000,779.17578125,-200000,-200000,-200000,-200000,737.57177734375
1.016,-200000,-200000,779.41424560546875,-200000,-200000,-200000,-200000,737.38104248046875
1.02,-200000,-200000,775.98095703125,-200000,-200000,-200000,-200000,740.14666748046875
1.024,-200000,-200000,774.0736083984375,-200000,-200000,-200000,-200000,739.24072265625
1.028,-200000,-200000,781.32159423828125,-200000,-200000,-200000,-200000,738.4300537109375
1.032,-200000,-200000,779.8671875,-200000,-200000,-200000,-200000,739.04998779296875
1.036,-200000,-200000,775.67108154296875,-200000,-200000,-200000,-200000,738.1678466796875
1.04,-200000,-200000,775.86181640625,-200000,-200000,-200000,-200000,738.40625
1.044,-200000,-200000,779.2235107421875,-200000,-200000,-200000,-200000,739.16925048828125
1.048,-200000,-200000,779.29510498046875,-200000,-200000,-200000,-200000,738.04864501953125
1.052,-200000,-200000,775.09893798828125,-200000,-200000,-200000,-200000,739.57452392578125
1.056,-200000,-200000,774.455078125,-200000,-200000,-200000,-200000,737.38104248046875
1.06,-200000,-200000,778.98516845703125,-200000,-200000,-200000,-200000,736.7611083984375
1.064,-200000,-200000,780.20098876953125,-200000,-200000,-200000,-200000,737.0234375
1.068,-200000,-200000,776.6962890625,-200000,-200000,-200000,-200000,740.95733642578125
1.072,-200000,-200000,772.23779296875,-200000,-200000,-200000,-200000,738.40625
1.076,-200000,-200000,779.53350830078125,-200000,-200000,-200000,-200000,740.26593017578125
1.08,-200000,-200000,780.3201904296875,-200000,-200000,-200000,-200000,739.31231689453125
1.084,-200000,-200000,777.0062255859375,-200000,-200000,-200000,-200000,737.142578125
1.088,-200000,-200000,771.5941162109375,-200000,-200000,-200000,-200000,736.11749267578125
1.092,-200000,-200000,776.1717529296875,-200000,-200000,-200000,-200000,738.21551513671875
1.096,-200000,-200000,780.82098388671875,-200000,-200000,-200000,-200000,738.59698486328125
1.1,-200000,-200000,778.03143310546875,-200000,-200000,-200000,-200000,738.59698486328125
1.104,-200000,-200000,773.45379638671875,-200000,-200000,-200000,-200000,738.09637451171875
1.108,-200000,-200000,777.3876953125,-200000,-200000,-200000,-200000,740.3851318359375
1.112,-200000,-200000,779.8671875,-200000,-200000,-200000,-200000,741.38653564453125
1.116,-200000,-200000,777.9598388671875,-200000,-200000,-200000,-200000,740.43280029296875
1.12,-200000,-200000,775.52801513671875,-200000,-200000,-200000,-200000,738.33477783203125
1.124,-200000,-200000,776.62481689453125,-200000,-200000,-200000,-200000,740.0751953125
1.128,-200000,-200000,779.81951904296875,-200000,-200000,-200000,-200000,737.833984375
1.132,-200000,-200000,778.91357421875,-200000,-200000,-200000,-200000,738.54931640625
1.136,-200000,-200000,776.05255126953125,-200000,-200000,-200000,-200000,738.1678466796875
1.14,-200000,-200000,776.74395751953125,-200000,-200000,-200000,-200000,739.35986328125
1.144,-200000,-200000,776.36248779296875,-200000,-200000,-200000,-200000,737.07110595703125
1.148,-200000,-200000,780.70166015625,-200000,-200000,-200000,-200000,739.31231689453125
1.152,-200000,-200000,775.02734375,-200000,-200000,-200000,-200000,737.0234375
1.156,-200000,-200000,776.62481689453125,-200000,-200000,-200000,-200000,739.09765625
1.16,-200000,-200000,778.72283935546875,-200000,-200000,-200000,-200000,740.57586669921875
1.164,-200000,-200000,779.3426513671875,-200000,-200000,-200000,-200000,738.21551513671875
1.168,-200000,-200000,777.14923095703125,-200000,-200000,-200000,-200000,738.8592529296875
1.172,-200000,-200000,773.83526611328125,-200000,-200000,-200000,-200000,738.21551513671875
1.176,-200000,-200000,777.6976318359375,-200000,-200000,-200000,-200000,740.0751953125
1.18,-200000,-200000,777.8406982421875,-200000,-200000,-200000,-200000,738.47784423828125
1.184,-200000,-200000,779.03271484375,-200000,-200000,-200000,-200000,738.21551513671875
1.188,-200000,-200000,774.52667236328125,-200000,-200000,-200000,-200000,739.16925048828125
1.192,-200000,-200000,776.38623046875,-200000,-200000,-200000,-200000,739.5506591796875
1.196,-200000,-200000,779.9149169921875,-200000,-200000,-200000,-200000,739.1214599609375
1.2,-200000,-200000,778.41290283203125,-200000,-200000,-200000,-200000,737.28564453125
1.204,-200000,-200000,773.90673828125,-200000,-200000,-200000,-200000,737.97705078125
1.208,-200000,-200000,774.14520263671875,-200000,-200000,-200000,-200000,739.43145751953125
1.212,-200000,-200000,779.29510498046875,-200000,-200000,-200000,-200000,739.5029296875
1.216,-200000,-200000,780.0579833984375,-200000,-200000,-200000,-200000,739.5506591796875
1.22,-200000,-200000,776.74395751953125,-200000,-200000,-200000,-200000,738.66845703125
1.224,-200000,-200000,774.7889404296875,-200000,-200000,-200000,-200000,738.9783935546875
1.228,-200000,-200000,779.60498046875,-200000,-200000,-200000,-200000,741.0765380859375
1.232,-200000,-200000,781.20245361328125,-200000,-200000,-200000,-200000,739.31231689453125
1.236,-200000,-200000,774.7889404296875,-200000,-200000,-200000,-200000,740.5042724609375
1.24,-200000,-200000,775.146484375,-200000,-200000,-200000,-200000,739.16925048828125
1.244,-200000,-200000,778.6512451171875,-200000,-200000,-200000,-200000,737.97705078125
1.248,-200000,-200000,781.32159423828125,-200000,-200000,-200000,-200000,740.0751953125
1.252,-200000,-200000,776.19561767578125,-200000,-200000,-200000,-200000,740.14666748046875
1.256,-200000,-200000,775.17041015625,-200000,-200000,-200000,-200000,739.5029296875
1.26,-200000,-200000,778.41290283203125,-200000,-200000,-200000,-200000,738.35858154296875
1.264,-200000,-200000,778.72283935546875,-200000,-200000,-200000,-200000,738.40625
1.268,-200000,-200000,775.21807861328125,-200000,-200000,-200000,-200000,737.95330810546875
1.272,-200000,-200000,774.9080810546875,-200000,-200000,-200000,-200000,740.52813720703125
1.276,-200000,-200000,779.41424560546875,-200000,-200000,-200000,-200000,738.09637451171875
1.28,-200000,-200000,782.08447265625,-200000,-200000,-200000,-200000,736.80889892578125
1.284,-200000,-200000,777.88836669921875,-200000,-200000,-200000,-200000,737.47637939453125
1.288,-200000,-200000,773.69219970703125,-200000,-200000,-200000,-200000,738.40625
1.292,-200000,-200000,778.0791015625,-200000,-200000,-200000,-200000,740.00372314453125
1.296,-200000,-200000,778.84210205078125,-200000,-200000,-200000,-200000,737.78643798828125
1.3,-200000,-200000,779.41424560546875,-200000,-200000,-200000,-200000,737.97705078125
1.304,-200000,-200000,776.05255126953125,-200000,-200000,-200000,-200000,737.66717529296875
1.308,-200000,-200000,775.79034423828125,-200000,-200000,-200000,-200000,738.78778076171875
1.312,-200000,-200000,781.20245361328125,-200000,-200000,-200000,-200000,739.8128662109375
1.316,-200000,-200000,779.98651123046875,-200000,-200000,-200000,-200000,738.90692138671875
1.32,-200000,-200000,774.00213623046875,-200000,-200000,-200000,-200000,739.04998779296875
1.324,-200000,-200000,775.90948486328125,-200000,-200000,-200000,-200000,740.00372314453125
1.328,-200000,-200000,778.91357421875,-200000,-200000,-200000,-200000,740.6473388671875
1.332,-200000,-200000,779.29510498046875,-200000,-200000,-200000,-200000,737.97705078125
1.336,-200000,-200000,778.60369873046875,-200000,-200000,-200000,-200000,738.0247802734375
1.34,-200000,-200000,774.28826904296875,-200000,-200000,-200000,-200000,738.9783935546875
1.344,-200000,-200000,777.05389404296875,-200000,-200000,-200000,-200000,737.21417236328125
1.348,-200000,-200000,779.93878173828125,-200000,-200000,-200000,-200000,736.37969970703125
1.352,-200000,-200000,774.97967529296875,-200000,-200000,-200000,-200000,737.90557861328125
1.356,-200000,-200000,774.0736083984375,-200000,-200000,-200000,-200000,741.26727294921875
1.36,-200000,-200000,778.34130859375,-200000,-200000,-200000,-200000,738.1678466796875
1.364,-200000,-200000,779.41424560546875,-200000,-200000,-200000,-200000,735.2352294921875
1.368,-200000,-200000,775.55194091796875,-200000,-200000,-200000,-200000,737.09490966796875
1.372,-200000,-200000,774.40753173828125,-200000,-200000,-200000,-200000,740.00372314453125
1.376,-200000,-200000,777.45928955078125,-200000,-200000,-200000,-200000,739.74139404296875
1.38,-200000,-200000,780.8924560546875,-200000,-200000,-200000,-200000,736.71337890625
1.384,-200000,-200000,778.5321044921875,-200000,-200000,-200000,-200000,738.40625
1.388,-200000,-200000,774.59814453125,-200000,-200000,-200000,-200000,737.52410888671875
1.392,-200000,-200000,776.88702392578125,-200000,-200000,-200000,-200000,738.66845703125
1.396,-200000,-200000,780.01025390625,-200000,-200000,-200000,-200000,737.78643798828125
1.4,-200000,-200000,778.15069580078125,-200000,-200000,-200000,-200000,738.9783935546875
1.404,-200000,-200000,775.36114501953125,-200000,-200000,-200000,-200000,738.93084716796875
1.408,-200000,-200000,777.6976318359375,-200000,-200000,-200000,-200000,739.00225830078125
1.412,-200000,-200000,779.98651123046875,-200000,-200000,-200000,-200000,737.4525146484375
1.416,-200000,-200000,778.98516845703125,-200000,-200000,-200000,-200000,737.71484375
1.42,-200000,-200000,775.40887451171875,-200000,-200000,-200000,-200000,738.47784423828125
1.424,-200000,-200000,776.24334716796875,-200000,-200000,-200000,-200000,738.09637451171875
1.428,-200000,-200000,777.72149658203125,-200000,-200000,-200000,-200000,737.07110595703125
1.432,-200000,-200000,779.748046875,-200000,-200000,-200000,-200000,737.97705078125
1.436,-200000,-200000,777.76922607421875,-200000,-200000,-200000,-200000,738.66845703125
1.44,-200000,-200000,776.3148193359375,-200000,-200000,-200000,-200000,740.6473388671875
1.444,-200000,-200000,779.2235107421875,-200000,-200000,-200000,-200000,739.24072265625
1.448,-200000,-200000,781.4168701171875,-200000,-200000,-200000,-200000,739.6937255859375
1.452,-200000,-200000,775.0511474609375,-200000,-200000,-200000,-200000,738.04864501953125
1.456,-200000,-200000,775.4803466796875,-200000,-200000,-200000,-200000,740.3851318359375
1.46,-200000,-200000,780.1771240234375,-200000,-200000,-200000,-200000,740.8857421875
1.464,-200000,-200000,778.46063232421875,-200000,-200000,-200000,-200000,738.0247802734375
1.468,-200000,-200000,776.4339599609375,-200000,-200000,-200000,-200000,738.2392578125
1.472,-200000,-200000,777.07781982421875,-200000,-200000,-200000,-200000,737.833984375
1.476,-200000,-200000,779.0565185546875,-200000,-200000,-200000,-200000,740.3851318359375
1.48,-200000,-200000,780.1771240234375,-200000,-200000,-200000,-200000,737.52410888671875
1.484,-200000,-200000,777.1253662109375,-200000,-200000,-200000,-200000,740.57586669921875
1.488,-200000,-200000,775.17041015625,-200000,-200000,-200000,-200000,739.31231689453125
1.492,-200000,-200000,775.7425537109375,-200000,-200000,-200000,-200000,739.57452392578125
1.496,-200000,-200000,780.20098876953125,-200000,-200000,-200000,-200000,737.57177734375
1.5,-200000,-200000,779.2235107421875,-200000,-200000,-200000,-200000,739.6937255859375
1.504,-200000,-200000,773.50146484375,-200000,-200000,-200000,-200000,737.4525146484375
1.508,-200000,-200000,776.62481689453125,-200000,-200000,-200000,-200000,739.93212890625
1.512,-200000,-200000,779.9149169921875,-200000,-200000,-200000,-200000,738.0247802734375
1.516,-200000,-200000,778.26983642578125,-200000,-200000,-200000,-200000,740.05126953125
1.52,-200000,-200000,776.4339599609375,-200000,-200000,-200000,-200000,740.3851318359375
1.524,-200000,-200000,772.50018310546875,-200000,-200000,-200000,-200000,738.4300537109375
1.528,-200000,-200000,779.8671875,-200000,-200000,-200000,-200000,739.35986328125
1.532,-200000,-200000,779.8671875,-200000,-200000,-200000,-200000,738.93084716796875
1.536,-200000,-200000,774.52667236328125,-200000,-200000,-200000,-200000,736.451171875
1.54,-200000,-200000,775.86181640625,-200000,-200000,-200000,-200000,738.8115234375
1.544,-200000,-200000,780.0579833984375,-200000,-200000,-200000,-200000,738.93084716796875
1.548,-200000,-200000,781.05938720703125,-200000,-200000,-200000,-200000,737.21417236328125
1.552,-200000,-200000,774.455078125,-200000,-200000,-200000,-200000,739.09765625
1.556,-200000,-200000,774.4788818359375,-200000,-200000,-200000,-200000,740.7666015625
1.56,-200000,-200000,781.7269287109375,-200000,-200000,-200000,-200000,739.57452392578125
1.564,-200000,-200000,779.72412109375,-200000,-200000,-200000,-200000,737.0234375
1.568,-200000,-200000,775.81414794921875,-200000,-200000,-200000,-200000,738.4300537109375
1.572,-200000,-200000,773.69219970703125,-200000,-200000,-200000,-200000,739.6937255859375
1.576,-200000,-200000,778.22216796875,-200000,-200000,-200000,-200000,738.54931640625
1.58,-200000,-200000,781.08319091796875,-200000,-200000,-200000,-200000,738.59698486328125
1.584,-200000,-200000,778.67510986328125,-200000,-200000,-200000,-200000,738.74005126953125
1.588,-200000,-200000,774.6458740234375,-200000,-200000,-200000,-200000,738.525390625
1.592,-200000,-200000,777.31622314453125,-200000,-200000,-200000,-200000,738.74005126953125
1.596,-200000,-200000,781.0115966796875,-200000,-200000,-200000,-200000,737.78643798828125
1.6,-200000,-200000,779.6287841796875,-200000,-200000,-200000,-200000,738.7161865234375
1.604,-200000,-200000,775.24188232421875,-200000,-200000,-200000,-200000,739.62225341796875
1.608,-200000,-200000,775.67108154296875,-200000,-200000,-200000,-200000,739.43145751953125
1.612,-200000,-200000,779.24737548828125,-200000,-200000,-200000,-200000,739.93212890625
1.616,-200000,-200000,780.55859375,-200000,-200000,-200000,-200000,737.64337158203125
1.62,-200000,-200000,774.83660888671875,-200000,-200000,-200000,-200000,738.7161865234375
1.624,-200000,-200000,776.74395751953125,-200000,-200000,-200000,-200000,739.24072265625
1.628,-200000,-200000,779.29510498046875,-200000,-200000,-200000,-200000,739.43145751953125
1.632,-200000,-200000,777.2684326171875,-200000,-200000,-200000,-200000,737.26190185546875
1.636,-200000,-200000,776.74395751953125,-200000,-200000,-200000,-200000,737.57177734375
1.64,-200000,-200000,776.6962890625,-200000,-200000,-200000,-200000,739.74139404296875
1.644,-200000,-200000,780.39178466796875,-200000,-200000,-200000,-200000,739.35986328125
1.648,-200000,-200000,778.84210205078125,-200000,-200000,-200000,-200000,737.71484375
1.652,-200000,-200000,777.2684326171875,-200000,-200000,-200000,-200000,739.5029296875
1.656,-200000,-200000,775.67108154296875,-200000,-200000,-200000,-200000,740.05126953125
1.66,-200000,-200000,778.41290283203125,-200000,-200000,-200000,-200000,737.21417236328125
1.664,-200000,-200000,780.3201904296875,-200000,-200000,-200000,-200000,738.62078857421875
1.668,-200000,-200000,775.09893798828125,-200000,-200000,-200000,-200000,735.73602294921875
1.672,-200000,-200000,772.73858642578125,-200000,-200000,-200000,-200000,738.74005126953125
1.676,-200000,-200000,779.93878173828125,-200000,-200000,-200000,-200000,738.1439208984375
1.68,-200000,-200000,780.77325439453125,-200000,-200000,-200000,-200000,740.6473388671875
1.684,-200000,-200000,779.15203857421875,-200000,-200000,-200000,-200000,740.7666015625
1.688,-200000,-200000,773.45379638671875,-200000,-200000,-200000,-200000,740.1943359375
1.692,-200000,-200000,778.15069580078125,-200000,-200000,-200000,-200000,739.09765625
1.696,-200000,-200000,781.08319091796875,-200000,-200000,-200000,-200000,736.4989013671875
1.7,-200000,-200000,777.14923095703125,-200000,-200000,-200000,-200000,737.28564453125
1.704,-200000,-200000,774.2166748046875,-200000,-200000,-200000,-200000,739.62225341796875
1.708,-200000,-200000,778.0791015625,-200000,-200000,-200000,-200000,740.69512939453125
1.712,-200000,-200000,779.15203857421875,-200000,-200000,-200000,-200000,737.21417236328125
1.716,-200000,-200000,778.72283935546875,-200000,-200000,-200000,-200000,738.93084716796875
1.72,-200000,-200000,774.6458740234375,-200000,-200000,-200000,-200000,738.1439208984375
1.724,-200000,-200000,774.59814453125,-200000,-200000,-200000,-200000,739.1214599609375
1.728,-200000,-200000,779.60498046875,-200000,-200000,-200000,-200000,740.3851318359375
1.732,-200000,-200000,780.51104736328125,-200000,-200000,-200000,-200000,738.90692138671875
1.736,-200000,-200000,775.4326171875,-200000,-200000,-200000,-200000,740.1943359375
1.74,-200000,-200000,775.09893798828125,-200000,-200000,-200000,-200000,740.7666015625
1.744,-200000,-200000,779.748046875,-200000,-200000,-200000,-200000,737.3333740234375
1.748,-200000,-200000,779.72412109375,-200000,-200000,-200000,-200000,737.97705078125
1.752,-200000,-200000,775.146484375,-200000,-200000,-200000,-200000,736.4989013671875
1.756,-200000,-200000,774.2166748046875,-200000,-200000,-200000,-200000,739.43145751953125
1.76,-200000,-200000,779.17578125,-200000,-200000,-200000,-200000,739.04998779296875
1.764,-200000,-200000,781.77459716796875,-200000,-200000,-200000,-200000,738.7161865234375
1.768,-200000,-200000,775.79034423828125,-200000,-200000,-200000,-200000,739.1214599609375
1.772,-200000,-200000,774.4788818359375,-200000,-200000,-200000,-200000,739.43145751953125
1.776,-200000,-200000,777.31622314453125,-200000,-200000,-200000,-200000,738.0247802734375
1.78,-200000,-200000,780.7493896484375,-200000,-200000,-200000,-200000,738.8592529296875
1.784,-200000,-200000,779.10430908203125,-200000,-200000,-200000,-200000,740.81427001953125
1.788,-200000,-200000,774.0736083984375,-200000,-200000,-200000,-200000,739.24072265625
1.792,-200000,-200000,775.90948486328125,-200000,-200000,-200000,-200000,739.6937255859375
1.796,-200000,-200000,781.0115966796875,-200000,-200000,-200000,-200000,740.6473388671875
1.8,-200000,-200000,778.03143310546875,-200000,-200000,-200000,-200000,737.90557861328125
1.804,-200000,-200000,775.02734375,-200000,-200000,-200000,-200000,738.54931640625
1.808,-200000,-200000,776.05255126953125,-200000,-200000,-200000,-200000,739.8128662109375
1.812,-200000,-200000,780.0579833984375,-200000,-200000,-200000,-200000,737.95330810546875
1.816,-200000,-200000,777.6976318359375,-200000,-200000,-200000,-200000,737.76251220703125
1.82,-200000,-200000,774.97967529296875,-200000,-200000,-200000,-200000,738.78778076171875
1.824,-200000,-200000,775.67108154296875,-200000,-200000,-200000,-200000,739.04998779296875
1.828,-200000,-200000,779.53350830078125,-200000,-200000,-200000,-200000,738.0247802734375
1.832,-200000,-200000,781.5838623046875,-200000,-200000,-200000,-200000,740.6473388671875
1.836,-200000,-200000,776.88702392578125,-200000,-200000,-200000,-200000,739.16925048828125
1.84,-200000,-200000,775.52801513671875,-200000,-200000,-200000,-200000,737.833984375
1.844,-200000,-200000,780.439453125,-200000,-200000,-200000,-200000,739.88446044921875
1.848,-200000,-200000,778.72283935546875,-200000,-200000,-200000,-200000,737.90557861328125
1.852,-200000,-200000,775.36114501953125,-200000,-200000,-200000,-200000,739.5029296875
1.856,-200000,-200000,772.47625732421875,-200000,-200000,-200000,-200000,738.2869873046875
1.86,-200000,-200000,779.03271484375,-200000,-200000,-200000,-200000,738.7161865234375
1.864,-200000,-200000,779.24737548828125,-200000,-200000,-200000,-200000,738.35858154296875
1.868,-200000,-200000,776.36248779296875,-200000,-200000,-200000,-200000,737.95330810546875
1.872,-200000,-200000,774.8603515625,-200000,-200000,-200000,-200000,739.04998779296875
1.876,-200000,-200000,777.57843017578125,-200000,-200000,-200000,-200000,739.24072265625
1.88,-200000,-200000,780.36798095703125,-200000,-200000,-200000,-200000,737.4525146484375
1.884,-200000,-200000,777.05389404296875,-200000,-200000,-200000,-200000,740.8857421875
1.888,-200000,-200000,773.072265625,-200000,-200000,-200000,-200000,738.59698486328125
1.892,-200000,-200000,775.7425537109375,-200000,-200000,-200000,-200000,738.47784423828125
1.896,-200000,-200000,779.4857177734375,-200000,-200000,-200000,-200000,740.31365966796875
1.9,-200000,-200000,778.96124267578125,-200000,-200000,-200000,-200000,738.8592529296875
1.904,-200000,-200000,773.57305908203125,-200000,-200000,-200000,-200000,738.78778076171875
1.908,-200000,-200000,776.50555419921875,-200000,-200000,-200000,-200000,738.1439208984375
1.912,-200000,-200000,778.72283935546875,-200000,-200000,-200000,-200000,737.833984375
1.916,-200000,-200000,778.84210205078125,-200000,-200000,-200000,-200000,737.97705078125
1.92,-200000,-200000,776.93475341796875,-200000,-200000,-200000,-200000,741.2196044921875
1.924,-200000,-200000,775.81414794921875,-200000,-200000,-200000,-200000,738.8115234375
1.928,-200000,-200000,779.98651123046875,-200000,-200000,-200000,-200000,738.74005126953125
1.932,-200000,-200000,780.67791748046875,-200000,-200000,-200000,-200000,738.7161865234375
1.936,-200000,-200000,775.28955078125,-200000,-200000,-200000,-200000,737.8577880859375
1.94,-200000,-200000,774.59814453125,-200000,-200000,-200000,-200000,738.2869873046875
1.944,-200000,-200000,777.64990234375,-200000,-200000,-200000,-200000,739.62225341796875
1.948,-200000,-200000,780.39178466796875,-200000,-200000,-200000,-200000,739.5506591796875
1.952,-200000,-200000,776.1240234375,-200000,-200000,-200000,-200000,738.1439208984375
1.956,-200000,-200000,773.45379638671875,-200000,-200000,-200000,-200000,741.0765380859375
1.96,-200000,-200000,779.03271484375,-200000,-200000,-200000,-200000,739.88446044921875
1.964,-200000,-200000,778.91357421875,-200000,-200000,-200000,-200000,736.3319091796875
1.968,-200000,-200000,776.4339599609375,-200000,-200000,-200000,-200000,739.57452392578125
1.972,-200000,-200000,773.19158935546875,-200000,-200000,-200000,-200000,740.3851318359375
1.976,-200000,-200000,779.60498046875,-200000,-200000,-200000,-200000,740.8857421875
1.98,-200000,-200000,780.0579833984375,-200000,-200000,-200000,-200000,738.2392578125
1.984,-200000,-200000,777.64990234375,-200000,-200000,-200000,-200000,739.00225830078125
1.988,-200000,-200000,775.4803466796875,-200000,-200000,-200000,-200000,738.90692138671875
1.992,-200000,-200000,777.8406982421875,-200000,-200000,-200000,-200000,739.93212890625
1.996,-200000,-200000,779.3665771484375,-200000,-200000,-200000,-200000,737.76251220703125
2,-200000,-200000,777.14923095703125,-200000,-200000,-200000,-200000,738.59698486328125
2.004,-200000,-200000,774.6458740234375,-200000,-200000,-200000,-200000,740.8857421875
2.008,-200000,-200000,774.9080810546875,-200000,-200000,-200000,-200000,739.00225830078125
2.012,-200000,-200000,779.4857177734375,-200000,-200000,-200000,-200000,738.4300537109375
2.016,-200000,-200000,779.29510498046875,-200000,-200000,-200000,-200000,742.22100830078125
2.02,-200000,-200000,776.1240234375,-200000,-200000,-200000,-200000,738.35858154296875
2.024,-200000,-200000,775.93341064453125,-200000,-200000,-200000,-200000,738.8592529296875
2.028,-200000,-200000,777.9598388671875,-200000,-200000,-200000,-200000,738.93084716796875
2.032,-200000,-200000,778.22216796875,-200000,-200000,-200000,-200000,740.26593017578125
2.036,-200000,-200000,774.59814453125,-200000,-200000,-200000,-200000,738.2392578125
2.04,-200000,-200000,777.07781982421875,-200000,-200000,-200000,-200000,739.00225830078125
2.044,-200000,-200000,780.1771240234375,-200000,-200000,-200000,-200000,738.35858154296875
2.048,-200000,-200000,778.3890380859375,-200000,-200000,-200000,-200000,738.21551513671875
2.052,-200000,-200000,775.02734375,-200000,-200000,-200000,-200000,738.21551513671875
2.056,-200000,-200000,775.02734375,-200000,-200000,-200000,-200000,739.16925048828125
2.06,-200000,-200000,779.03271484375,-200000,-200000,-200000,-200000,737.40496826171875
2.064,-200000,-200000,779.4857177734375,-200000,-200000,-200000,-200000,737.57177734375
2.068,-200000,-200000,774.52667236328125,-200000,-200000,-200000,-200000,737.833984375
2.072,-200000,-200000,774.7889404296875,-200000,-200000,-200000,-200000,739.00225830078125
2.076,-200000,-200000,778.5321044921875,-200000,-200000,-200000,-200000,739.31231689453125
2.08,-200000,-200000,780.12957763671875,-200000,-200000,-200000,-200000,736.80889892578125
2.084,-200000,-200000,779.3665771484375,-200000,-200000,-200000,-200000,740.3851318359375
2.088,-200000,-200000,774.97967529296875,-200000,-200000,-200000,-200000,737.95330810546875
2.092,-200000,-200000,776.5770263671875,-200000,-200000,-200000,-200000,738.525390625
2.096,-200000,-200000,781.27392578125,-200000,-200000,-200000,-200000,737.97705078125
2.1,-200000,-200000,778.7943115234375,-200000,-200000,-200000,-200000,737.76251220703125
2.104,-200000,-200000,775.62335205078125,-200000,-200000,-200000,-200000,737.64337158203125
2.108,-200000,-200000,775.09893798828125,-200000,-200000,-200000,-200000,738.66845703125
2.112,-200000,-200000,780.63018798828125,-200000,-200000,-200000,-200000,738.74005126953125
2.116,-200000,-200000,778.15069580078125,-200000,-200000,-200000,-200000,737.07110595703125
2.12,-200000,-200000,775.81414794921875,-200000,-200000,-200000,-200000,737.28564453125
2.124,-200000,-200000,776.24334716796875,-200000,-200000,-200000,-200000,739.31231689453125
2.128,-200000,-200000,778.86590576171875,-200000,-200000,-200000,-200000,738.78778076171875
2.132,-200000,-200000,778.46063232421875,-200000,-200000,-200000,-200000,739.04998779296875
2.136,-200000,-200000,774.40753173828125,-200000,-200000,-200000,-200000,739.8128662109375
2.14,-200000,-200000,774.66973876953125,-200000,-200000,-200000,-200000,739.19305419921875
2.144,-200000,-200000,777.8406982421875,-200000,-200000,-200000,-200000,735.85516357421875
2.148,-200000,-200000,779.41424560546875,-200000,-200000,-200000,-200000,735.87908935546875
2.152,-200000,-200000,775.21807861328125,-200000,-200000,-200000,-200000,738.93084716796875
2.156,-200000,-200000,773.04852294921875,-200000,-200000,-200000,-200000,738.2869873046875
2.16,-200000,-200000,777.64990234375,-200000,-200000,-200000,-200000,736.88037109375
2.164,-200000,-200000,780.82098388671875,-200000,-200000,-200000,-200000,738.66845703125
2.168,-200000,-200000,776.05255126953125,-200000,-200000,-200000,-200000,739.86065673828125
2.172,-200000,-200000,773.2630615234375,-200000,-200000,-200000,-200000,738.2869873046875
2.176,-200000,-200000,778.5321044921875,-200000,-200000,-200000,-200000,737.97705078125
2.18,-200000,-200000,778.03143310546875,-200000,-200000,-200000,-200000,739.5506591796875
2.184,-200000,-200000,778.41290283203125,-200000,-200000,-200000,-200000,738.7161865234375
2.188,-200000,-200000,776.88702392578125,-200000,-200000,-200000,-200000,739.24072265625
2.192,-200000,-200000,776.55322265625,-200000,-200000,-200000,-200000,738.90692138671875
2.196,-200000,-200000,775.71875,-200000,-200000,-200000,-200000,737.38104248046875
2.2,-200000,-200000,778.0791015625,-200000,-200000,-200000,-200000,740.6473388671875
2.204,-200000,-200000,773.90673828125,-200000,-200000,-200000,-200000,737.64337158203125
2.208,-200000,-200000,776.1717529296875,-200000,-200000,-200000,-200000,739.93212890625
2.212,-200000,-200000,778.22216796875,-200000,-200000,-200000,-200000,738.54931640625
2.216,-200000,-200000,779.2235107421875,-200000,-200000,-200000,-200000,736.52276611328125
2.22,-200000,-200000,776.1240234375,-200000,-200000,-200000,-200000,738.62078857421875
2.224,-200000,-200000,778.26983642578125,-200000,-200000,-200000,-200000,738.4300537109375
2.228,-200000,-200000,779.60498046875,-200000,-200000,-200000,-200000,737.71484375
2.232,-200000,-200000,780.70166015625,-200000,-200000,-200000,-200000,739.35986328125
2.236,-200000,-200000,774.66973876953125,-200000,-200000,-200000,-200000,738.62078857421875
2.24,-200000,-200000,774.9080810546875,-200000,-200000,-200000,-200000,740.7666015625
2.244,-200000,-200000,777.3876953125,-200000,-200000,-200000,-200000,738.66845703125
2.248,-200000,-200000,778.60369873046875,-200000,-200000,-200000,-200000,738.0247802734375
2.252,-200000,-200000,775.86181640625,-200000,-200000,-200000,-200000,738.93084716796875
2.256,-200000,-200000,774.9080810546875,-200000,-200000,-200000,-200000,739.8128662109375
2.26,-200000,-200000,778.0791015625,-200000,-200000,-200000,-200000,736.88037109375
2.264,-200000,-200000,780.39178466796875,-200000,-200000,-200000,-200000,738.78778076171875
2.268,-200000,-200000,774.0736083984375,-200000,-200000,-200000,-200000,737.142578125
2.272,-200000,-200000,774.3359375,-200000,-200000,-200000,-200000,739.5029296875
2.276,-200000,-200000,776.8154296875,-200000,-200000,-200000,-200000,736.9041748046875
2.28,-200000,-200000,781.27392578125,-200000,-200000,-200000,-200000,737.97705078125
2.284,-200000,-200000,777.0062255859375,-200000,-200000,-200000,-200000,737.07110595703125
2.288,-200000,-200000,773.31072998046875,-200000,-200000,-200000,-200000,740.00372314453125
2.292,-200000,-200000,775.90948486328125,-200000,-200000,-200000,-200000,739.16925048828125
2.296,-200000,-200000,780.36798095703125,-200000,-200000,-200000,-200000,737.52410888671875
2.3,-200000,-200000,777.07781982421875,-200000,-200000,-200000,-200000,738.04864501953125
2.304,-200000,-200000,774.26446533203125,-200000,-200000,-200000,-200000,739.04998779296875
2.308,-200000,-200000,777.6976318359375,-200000,-200000,-200000,-200000,739.24072265625
2.312,-200000,-200000,778.7943115234375,-200000,-200000,-200000,-200000,737.78643798828125
2.316,-200000,-200000,776.24334716796875,-200000,-200000,-200000,-200000,738.7161865234375
2.32,-200000,-200000,778.1982421875,-200000,-200000,-200000,-200000,738.59698486328125
2.324,-200000,-200000,773.69219970703125,-200000,-200000,-200000,-200000,738.62078857421875
2.328,-200000,-200000,778.41290283203125,-200000,-200000,-200000,-200000,735.8074951171875
2.332,-200000,-200000,779.2235107421875,-200000,-200000,-200000,-200000,738.1439208984375
2.336,-200000,-200000,774.28826904296875,-200000,-200000,-200000,-200000,737.3333740234375
2.34,-200000,-200000,775.3372802734375,-200000,-200000,-200000,-200000,737.142578125
2.344,-200000,-200000,777.5306396484375,-200000,-200000,-200000,-200000,737.71484375
2.348,-200000,-200000,779.98651123046875,-200000,-200000,-200000,-200000,740.2420654296875
2.352,-200000,-200000,774.00213623046875,-200000,-200000,-200000,-200000,737.38104248046875
2.356,-200000,-200000,774.26446533203125,-200000,-200000,-200000,-200000,737.26190185546875
2.36,-200000,-200000,776.67236328125,-200000,-200000,-200000,-200000,738.33477783203125
2.364,-200000,-200000,779.98651123046875,-200000,-200000,-200000,-200000,739.04998779296875
2.368,-200000,-200000,777.3876953125,-200000,-200000,-200000,-200000,740.45672607421875
2.372,-200000,-200000,774.14520263671875,-200000,-200000,-200000,-200000,737.64337158203125
2.376,-200000,-200000,775.7425537109375,-200000,-200000,-200000,-200000,738.1678466796875
2.38,-200000,-200000,779.2235107421875,-200000,-200000,-200000,-200000,738.59698486328125
2.384,-200000,-200000,778.03143310546875,-200000,-200000,-200000,-200000,737.38104248046875
2.388,-200000,-200000,775.21807861328125,-200000,-200000,-200000,-200000,739.16925048828125
2.392,-200000,-200000,778.15069580078125,-200000,-200000,-200000,-200000,739.5506591796875
2.396,-200000,-200000,779.748046875,-200000,-200000,-200000,-200000,739.1214599609375
2.4,-200000,-200000,778.6512451171875,-200000,-200000,-200000,-200000,736.57049560546875
2.404,-200000,-200000,772.16632080078125,-200000,-200000,-200000,-200000,736.6419677734375
2.408,-200000,-200000,775.24188232421875,-200000,-200000,-200000,-200000,739.88446044921875
2.412,-200000,-200000,778.72283935546875,-200000,-200000,-200000,-200000,737.8577880859375
2.416,-200000,-200000,778.84210205078125,-200000,-200000,-200000,-200000,737.26190185546875
2.42,-200000,-200000,774.7650146484375,-200000,-200000,-200000,-200000,739.04998779296875
2.424,-200000,-200000,777.9598388671875,-200000,-200000,-200000,-200000,740.62353515625
2.428,-200000,-200000,779.10430908203125,-200000,-200000,-200000,-200000,737.97705078125
2.432,-200000,-200000,778.7943115234375,-200000,-200000,-200000,-200000,736.57049560546875
2.436,-200000,-200000,773.8114013671875,-200000,-200000,-200000,-200000,737.3333740234375
2.44,-200000,-200000,775.86181640625,-200000,-200000,-200000,-200000,740.0751953125
2.444,-200000,-200000,778.29364013671875,-200000,-200000,-200000,-200000,738.1439208984375
2.448,-200000,-200000,778.34130859375,-200000,-200000,-200000,-200000,738.47784423828125
2.452,-200000,-200000,775.62335205078125,-200000,-200000,-200000,-200000,738.66845703125
2.456,-200000,-200000,773.42999267578125,-200000,-200000,-200000,-200000,739.04998779296875
2.46,-200000,-200000,778.98516845703125,-200000,-200000,-200000,-200000,737.97705078125
2.464,-200000,-200000,779.17578125,-200000,-200000,-200000,-200000,737.57177734375
2.468,-200000,-200000,775.62335205078125,-200000,-200000,-200000,-200000,737.833984375
2.472,-200000,-200000,776.2908935546875,-200000,-200000,-200000,-200000,738.93084716796875
2.476,-200000,-200000,778.5321044921875,-200000,-200000,-200000,-200000,738.74005126953125
2.48,-200000,-200000,779.67657470703125,-200000,-200000,-200000,-200000,737.95330810546875
2.484,-200000,-200000,774.9080810546875,-200000,-200000,-200000,-200000,738.2392578125
2.488,-200000,-200000,775.5994873046875,-200000,-200000,-200000,-200000,738.59698486328125
2.492,-200000,-200000,777.05389404296875,-200000,-200000,-200000,-200000,739.5029296875
2.496,-200000,-200000,777.76922607421875,-200000,-200000,-200000,-200000,737.26190185546875
2.5,-200000,-200000,776.4339599609375,-200000,-200000,-200000,-200000,737.64337158203125
2.504,-200000,-200000,776.1717529296875,-200000,-200000,-200000,-200000,738.2869873046875
2.508,-200000,-200000,776.3148193359375,-200000,-200000,-200000,-200000,740.69512939453125
2.512,-200000,-200000,778.34130859375,-200000,-200000,-200000,-200000,740.2420654296875
2.516,-200000,-200000,778.34130859375,-200000,-200000,-200000,-200000,738.2869873046875
2.52,-200000,-200000,774.83660888671875,-200000,-200000,-200000,-200000,738.54931640625
2.524,-200000,-200000,774.71746826171875,-200000,-200000,-200000,-200000,737.64337158203125
2.528,-200000,-200000,778.5321044921875,-200000,-200000,-200000,-200000,738.62078857421875
2.532,-200000,-200000,779.10430908203125,-200000,-200000,-200000,-200000,739.19305419921875
2.536,-200000,-200000,776.67236328125,-200000,-200000,-200000,-200000,738.09637451171875
2.54,-200000,-200000,775.62335205078125,-200000,-200000,-200000,-200000,740.45672607421875
2.544,-200000,-200000,778.72283935546875,-200000,-200000,-200000,-200000,739.74139404296875
2.548,-200000,-200000,777.6976318359375,-200000,-200000,-200000,-200000,737.57177734375
2.552,-200000,-200000,774.2166748046875,-200000,-200000,-200000,-200000,737.97705078125
2.556,-200000,-200000,773.31072998046875,-200000,-200000,-200000,-200000,738.09637451171875
2.56,-200000,-200000,775.86181640625,-200000,-200000,-200000,-200000,736.3319091796875
2.564,-200000,-200000,779.10430908203125,-200000,-200000,-200000,-200000,738.4300537109375
2.568,-200000,-200000,775.90948486328125,-200000,-200000,-200000,-200000,738.8115234375
2.572,-200000,-200000,772.81005859375,-200000,-200000,-200000,-200000,737.71484375
2.576,-200000,-200000,775.4803466796875,-200000,-200000,-200000,-200000,737.26190185546875
2.58,-200000,-200000,779.8671875,-200000,-200000,-200000,-200000,737.833984375
2.584,-200000,-200000,776.38623046875,-200000,-200000,-200000,-200000,739.00225830078125
2.588,-200000,-200000,774.6458740234375,-200000,-200000,-200000,-200000,738.2392578125
2.592,-200000,-200000,778.484375,-200000,-200000,-200000,-200000,736.95196533203125
2.596,-200000,-200000,778.3890380859375,-200000,-200000,-200000,-200000,736.95196533203125
2.6,-200000,-200000,776.50555419921875,-200000,-200000,-200000,-200000,737.1903076171875
2.604,-200000,-200000,773.42999267578125,-200000,-200000,-200000,-200000,739.04998779296875
2.608,-200000,-200000,775.98095703125,-200000,-200000,-200000,-200000,738.54931640625
2.612,-200000,-200000,780.36798095703125,-200000,-200000,-200000,-200000,738.7161865234375
2.616,-200000,-200000,778.29364013671875,-200000,-200000,-200000,-200000,740.57586669921875
2.62,-200000,-200000,774.26446533203125,-200000,-200000,-200000,-200000,737.1903076171875
2.624,-200000,-200000,774.83660888671875,-200000,-200000,-200000,-200000,739.09765625
2.628,-200000,-200000,779.9149169921875,-200000,-200000,-200000,-200000,739.5029296875
2.632,-200000,-200000,776.74395751953125,-200000,-200000,-200000,-200000,738.59698486328125
2.636,-200000,-200000,774.19287109375,-200000,-200000,-200000,-200000,738.47784423828125
2.64,-200000,-200000,776.1240234375,-200000,-200000,-200000,-200000,738.78778076171875
2.644,-200000,-200000,779.24737548828125,-200000,-200000,-200000,-200000,738.1439208984375
2.648,-200000,-200000,777.5068359375,-200000,-200000,-200000,-200000,736.57049560546875
2.652,-200000,-200000,776.36248779296875,-200000,-200000,-200000,-200000,737.95330810546875
2.656,-200000,-200000,774.97967529296875,-200000,-200000,-200000,-200000,739.93212890625
2.66,-200000,-200000,778.15069580078125,-200000,-200000,-200000,-200000,737.71484375
2.664,-200000,-200000,779.79571533203125,-200000,-200000,-200000,-200000,738.78778076171875
2.668,-200000,-200000,776.55322265625,-200000,-200000,-200000,-200000,737.78643798828125
2.672,-200000,-200000,776.1717529296875,-200000,-200000,-200000,-200000,738.74005126953125
2.676,-200000,-200000,775.98095703125,-200000,-200000,-200000,-200000,738.1678466796875
2.68,-200000,-200000,780.67791748046875,-200000,-200000,-200000,-200000,739.43145751953125
2.684,-200000,-200000,777.9598388671875,-200000,-200000,-200000,-200000,738.35858154296875
2.688,-200000,-200000,775.67108154296875,-200000,-200000,-200000,-200000,738.525390625
2.692,-200000,-200000,776.62481689453125,-200000,-200000,-200000,-200000,738.35858154296875
2.696,-200000,-200000,780.36798095703125,-200000,-200000,-200000,-200000,737.26190185546875
2.7,-200000,-200000,777.2684326171875,-200000,-200000,-200000,-200000,738.1678466796875
2.704,-200000,-200000,777.05389404296875,-200000,-200000,-200000,-200000,739.16925048828125
2.708,-200000,-200000,775.4326171875,-200000,-200000,-200000,-200000,737.833984375
2.712,-200000,-200000,778.60369873046875,-200000,-200000,-200000,-200000,736.26055908203125
2.716,-200000,-200000,777.1253662109375,-200000,-200000,-200000,-200000,738.0247802734375
2.72,-200000,-200000,772.9530029296875,-200000,-200000,-200000,-200000,737.21417236328125
2.724,-200000,-200000,775.86181640625,-200000,-200000,-200000,-200000,740.5042724609375
2.728,-200000,-200000,778.7943115234375,-200000,-200000,-200000,-200000,738.09637451171875
2.732,-200000,-200000,778.03143310546875,-200000,-200000,-200000,-200000,737.97705078125
2.736,-200000,-200000,775.09893798828125,-200000,-200000,-200000,-200000,738.4300537109375
2.74,-200000,-200000,774.00213623046875,-200000,-200000,-200000,-200000,737.28564453125
2.744,-200000,-200000,779.55731201171875,-200000,-200000,-200000,-200000,738.8592529296875
2.748,-200000,-200000,778.60369873046875,-200000,-200000,-200000,-200000,734.52001953125
2.752,-200000,-200000,772.6907958984375,-200000,-200000,-200000,-200000,737.97705078125
2.756,-200000,-200000,774.71746826171875,-200000,-200000,-200000,-200000,738.35858154296875
2.76,-200000,-200000,780.36798095703125,-200000,-200000,-200000,-200000,738.54931640625
2.764,-200000,-200000,778.7943115234375,-200000,-200000,-200000,-200000,736.52276611328125
2.768,-200000,-200000,775.5994873046875,-200000,-200000,-200000,-200000,737.4525146484375
2.772,-200000,-200000,773.2391357421875,-200000,-200000,-200000,-200000,739.04998779296875
2.776,-200000,-200000,778.3890380859375,-200000,-200000,-200000,-200000,737.5955810546875
2.78,-200000,-200000,778.6512451171875,-200000,-200000,-200000,-200000,737.28564453125
2.784,-200000,-200000,774.9080810546875,-200000,-200000,-200000,-200000,736.4989013671875
2.788,-200000,-200000,773.45379638671875,-200000,-200000,-200000,-200000,737.5955810546875
2.792,-200000,-200000,778.60369873046875,-200000,-200000,-200000,-200000,738.8592529296875
2.796,-200000,-200000,778.1029052734375,-200000,-200000,-200000,-200000,738.62078857421875
2.8,-200000,-200000,775.90948486328125,-200000,-200000,-200000,-200000,736.99951171875
2.804,-200000,-200000,773.88299560546875,-200000,-200000,-200000,-200000,738.8115234375
2.808,-200000,-200000,774.97967529296875,-200000,-200000,-200000,-200000,740.05126953125
2.812,-200000,-200000,778.5321044921875,-200000,-200000,-200000,-200000,736.6419677734375
2.816,-200000,-200000,776.93475341796875,-200000,-200000,-200000,-200000,738.74005126953125
2.82,-200000,-200000,775.4803466796875,-200000,-200000,-200000,-200000,738.2869873046875
2.824,-200000,-200000,776.67236328125,-200000,-200000,-200000,-200000,738.78778076171875
2.828,-200000,-200000,778.57977294921875,-200000,-200000,-200000,-200000,736.6419677734375
2.832,-200000,-200000,776.24334716796875,-200000,-200000,-200000,-200000,736.7611083984375
2.836,-200000,-200000,775.81414794921875,-200000,-200000,-200000,-200000,738.93084716796875
2.84,-200000,-200000,775.3372802734375,-200000,-200000,-200000,-200000,738.0247802734375
2.844,-200000,-200000,777.2684326171875,-200000,-200000,-200000,-200000,736.451171875
2.848,-200000,-200000,779.15203857421875,-200000,-200000,-200000,-200000,737.833984375
2.852,-200000,-200000,776.8154296875,-200000,-200000,-200000,-200000,738.62078857421875
2.856,-200000,-200000,775.0511474609375,-200000,-200000,-200000,-200000,739.04998779296875
2.86,-200000,-200000,780.82098388671875,-200000,-200000,-200000,-200000,739.93212890625
2.864,-200000,-200000,779.03271484375,-200000,-200000,-200000,-200000,738.40625
2.868,-200000,-200000,776.6962890625,-200000,-200000,-200000,-200000,739.35986328125
2.872,-200000,-200000,773.00079345703125,-200000,-200000,-200000,-200000,740.69512939453125
2.876,-200000,-200000,778.67510986328125,-200000,-200000,-200000,-200000,737.90557861328125
2.88,-200000,-200000,779.55731201171875,-200000,-200000,-200000,-200000,737.07110595703125
2.884,-200000,-200000,775.98095703125,-200000,-200000,-200000,-200000,738.0247802734375
2.888,-200000,-200000,774.02606201171875,-200000,-200000,-200000,-200000,739.43145751953125
2.892,-200000,-200000,777.9598388671875,-200000,-200000,-200000,-200000,740.6473388671875
2.896,-200000,-200000,779.79571533203125,-200000,-200000,-200000,-200000,736.30810546875
2.9,-200000,-200000,777.72149658203125,-200000,-200000,-200000,-200000,736.37969970703125
2.904,-200000,-200000,774.38360595703125,-200000,-200000,-200000,-200000,737.09490966796875
2.908,-200000,-200000,775.4803466796875,-200000,-200000,-200000,-200000,736.6180419921875
2.912,-200000,-200000,778.5321044921875,-200000,-200000,-200000,-200000,738.2392578125
2.916,-200000,-200000,775.28955078125,-200000,-200000,-200000,-200000,737.4525146484375
2.92,-200000,-200000,775.02734375,-200000,-200000,-200000,-200000,738.62078857421875
2.924,-200000,-200000,774.455078125,-200000,-200000,-200000,-200000,738.9783935546875
2.928,-200000,-200000,779.3665771484375,-200000,-200000,-200000,-200000,735.3544921875
2.932,-200000,-200000,779.3665771484375,-200000,-200000,-200000,-200000,737.21417236328125
2.936,-200000,-200000,774.6458740234375,-200000,-200000,-200000,-200000,737.64337158203125
2.94,-200000,-200000,773.8114013671875,-200000,-200000,-200000,-200000,738.1678466796875
2.944,-200000,-200000,777.912109375,-200000,-200000,-200000,-200000,739.24072265625
2.948,-200000,-200000,779.9149169921875,-200000,-200000,-200000,-200000,737.8577880859375
2.952,-200000,-200000,775.5994873046875,-200000,-200000,-200000,-200000,736.7611083984375
2.956,-200000,-200000,775.4803466796875,-200000,-200000,-200000,-200000,737.71484375
2.96,-200000,-200000,779.67657470703125,-200000,-200000,-200000,-200000,737.90557861328125
2.964,-200000,-200000,778.1982421875,-200000,-200000,-200000,-200000,738.74005126953125
2.968,-200000,-200000,776.3148193359375,-200000,-200000,-200000,-200000,739.04998779296875
2.972,-200000,-200000,774.2166748046875,-200000,-200000,-200000,-200000,739.24072265625
2.976,-200000,-200000,776.2908935546875,-200000,-200000,-200000,-200000,737.64337158203125
2.98,-200000,-200000,778.41290283203125,-200000,-200000,-200000,-200000,735.87908935546875
2.984,-200000,-200000,776.50555419921875,-200000,-200000,-200000,-200000,739.74139404296875
2.988,-200000,-200000,776.4339599609375,-200000,-200000,-200000,-200000,738.09637451171875
2.992,-200000,-200000,777.34002685546875,-200000,-200000,-200000,-200000,738.04864501953125
2.996,-200000,-200000,780.94012451171875,-200000,-200000,-200000,-200000,740.45672607421875
3,-200000,-200000,776.1240234375,-200000,-200000,-200000,-200000,739.09765625
3.004,-200000,-200000,772.23779296875,-200000,-200000,-200000,-200000,739.47918701171875
3.008,-200000,-200000,774.9080810546875,-200000,-200000,-200000,-200000,739.88446044921875
3.012,-200000,-200000,778.22216796875,-200000,-200000,-200000,-200000,736.95196533203125
3.016,-200000,-200000,779.8671875,-200000,-200000,-200000,-200000,737.833984375
3.02,-200000,-200000,774.00213623046875,-200000,-200000,-200000,-200000,737.78643798828125
3.024,-200000,-200000,773.50146484375,-200000,-200000,-200000,-200000,738.21551513671875
3.028,-200000,-200000,780.70166015625,-200000,-200000,-200000,-200000,737.4525146484375
3.032,-200000,-200000,779.55731201171875,-200000,-200000,-200000,-200000,738.59698486328125
3.036,-200000,-200000,775.79034423828125,-200000,-200000,-200000,-200000,740.26593017578125
3.04,-200000,-200000,774.26446533203125,-200000,-200000,-200000,-200000,739.1214599609375
3.044,-200000,-200000,778.84210205078125,-200000,-200000,-200000,-200000,740.69512939453125
3.048,-200000,-200000,779.748046875,-200000,-200000,-200000,-200000,738.2869873046875
3.052,-200000,-200000,776.50555419921875,-200000,-200000,-200000,-200000,739.74139404296875
3.056,-200000,-200000,773.31072998046875,-200000,-200000,-200000,-200000,737.142578125
3.06,-200000,-200000,779.93878173828125,-200000,-200000,-200000,-200000,739.35986328125
3.064,-200000,-200000,778.34130859375,-200000,-200000,-200000,-200000,737.28564453125
3.068,-200000,-200000,774.02606201171875,-200000,-200000,-200000,-200000,739.88446044921875
3.072,-200000,-200000,772.11865234375,-200000,-200000,-200000,-200000,737.07110595703125
3.076,-200000,-200000,776.88702392578125,-200000,-200000,-200000,-200000,738.21551513671875
3.08,-200000,-200000,779.6287841796875,-200000,-200000,-200000,-200000,740.33740234375
3.084,-200000,-200000,775.28955078125,-200000,-200000,-200000,-200000,738.47784423828125
3.088,-200000,-200000,774.0736083984375,-200000,-200000,-200000,-200000,738.8592529296875
3.092,-200000,-200000,777.1253662109375,-200000,-200000,-200000,-200000,736.37969970703125
3.096,-200000,-200000,777.31622314453125,-200000,-200000,-200000,-200000,737.3333740234375
3.1,-200000,-200000,776.1240234375,-200000,-200000,-200000,-200000,738.09637451171875
3.104,-200000,-200000,772.47625732421875,-200000,-200000,-200000,-200000,736.6419677734375
3.108,-200000,-200000,775.7425537109375,-200000,-200000,-200000,-200000,738.59698486328125
3.112,-200000,-200000,777.34002685546875,-200000,-200000,-200000,-200000,736.37969970703125
3.116,-200000,-200000,777.8406982421875,-200000,-200000,-200000,-200000,738.54931640625
3.12,-200000,-200000,774.7889404296875,-200000,-200000,-200000,-200000,738.9783935546875
3.124,-200000,-200000,777.07781982421875,-200000,-200000,-200000,-200000,739.5506591796875
3.128,-200000,-200000,779.8671875,-200000,-200000,-200000,-200000,737.8577880859375
3.132,-200000,-200000,776.4339599609375,-200000,-200000,-200000,-200000,738.21551513671875
3.136,-200000,-200000,775.93341064453125,-200000,-200000,-200000,-200000,737.833984375
3.14,-200000,-200000,774.02606201171875,-200000,-200000,-200000,-200000,739.57452392578125
3.144,-200000,-200000,778.46063232421875,-200000,-200000,-200000,-200000,738.66845703125
3.148,-200000,-200000,781.32159423828125,-200000,-200000,-200000,-200000,737.38104248046875
3.152,-200000,-200000,775.4326171875,-200000,-200000,-200000,-200000,737.90557861328125
3.156,-200000,-200000,771.9755859375,-200000,-200000,-200000,-200000,739.16925048828125
3.16,-200000,-200000,778.15069580078125,-200000,-200000,-200000,-200000,740.00372314453125
3.164,-200000,-200000,779.55731201171875,-200000,-200000,-200000,-200000,739.6697998046875
3.168,-200000,-200000,775.55194091796875,-200000,-200000,-200000,-200000,738.40625
3.172,-200000,-200000,773.763671875,-200000,-200000,-200000,-200000,739.19305419921875
3.176,-200000,-200000,778.34130859375,-200000,-200000,-200000,-200000,738.35858154296875
3.18,-200000,-200000,779.6287841796875,-200000,-200000,-200000,-200000,738.09637451171875
3.184,-200000,-200000,775.93341064453125,-200000,-200000,-200000,-200000,737.71484375
3.188,-200000,-200000,772.04718017578125,-200000,-200000,-200000,-200000,738.8592529296875
3.192,-200000,-200000,778.00762939453125,-200000,-200000,-200000,-200000,737.21417236328125
3.196,-200000,-200000,779.93878173828125,-200000,-200000,-200000,-200000,737.64337158203125
3.2,-200000,-200000,776.4339599609375,-200000,-200000,-200000,-200000,737.64337158203125
3.204,-200000,-200000,773.83526611328125,-200000,-200000,-200000,-200000,739.19305419921875
3.208,-200000,-200000,777.57843017578125,-200000,-200000,-200000,-200000,737.52410888671875
3.212,-200000,-200000,777.34002685546875,-200000,-200000,-200000,-200000,735.68829345703125
3.216,-200000,-200000,777.57843017578125,-200000,-200000,-200000,-200000,738.74005126953125
3.22,-200000,-200000,774.0736083984375,-200000,-200000,-200000,-200000,738.7161865234375
3.224,-200000,-200000,773.69219970703125,-200000,-200000,-200000,-200000,737.3333740234375
3.228,-200000,-200000,780.01025390625,-200000,-200000,-200000,-200000,739.5506591796875
3.232,-200000,-200000,778.72283935546875,-200000,-200000,-200000,-200000,739.16925048828125
3.236,-200000,-200000,776.2908935546875,-200000,-200000,-200000,-200000,741.2196044921875
3.24,-200000,-200000,776.1240234375,-200000,-200000,-200000,-200000,738.04864501953125
3.244,-200000,-200000,779.4857177734375,-200000,-200000,-200000,-200000,736.18896484375
3.248,-200000,-200000,777.88836669921875,-200000,-200000,-200000,-200000,737.40496826171875
3.252,-200000,-200000,774.9080810546875,-200000,-200000,-200000,-200000,736.83270263671875
3.256,-200000,-200000,773.83526611328125,-200000,-200000,-200000,-200000,739.43145751953125
3.26,-200000,-200000,777.19696044921875,-200000,-200000,-200000,-200000,737.5955810546875
3.264,-200000,-200000,778.41290283203125,-200000,-200000,-200000,-200000,740.05126953125
3.268,-200000,-200000,775.7425537109375,-200000,-200000,-200000,-200000,738.47784423828125
3.272,-200000,-200000,774.83660888671875,-200000,-200000,-200000,-200000,738.21551513671875
3.276,-200000,-200000,777.64990234375,-200000,-200000,-200000,-200000,738.74005126953125
3.28,-200000,-200000,781.05938720703125,-200000,-200000,-200000,-200000,739.28839111328125
3.284,-200000,-200000,775.62335205078125,-200000,-200000,-200000,-200000,739.86065673828125
3.288,-200000,-200000,775.7425537109375,-200000,-200000,-200000,-200000,740.12286376953125
3.292,-200000,-200000,776.24334716796875,-200000,-200000,-200000,-200000,739.35986328125
3.296,-200000,-200000,779.43798828125,-200000,-200000,-200000,-200000,736.88037109375
3.3,-200000,-200000,776.1717529296875,-200000,-200000,-200000,-200000,737.47637939453125
3.304,-200000,-200000,774.26446533203125,-200000,-200000,-200000,-200000,736.18896484375
3.308,-200000,-200000,778.15069580078125,-200000,-200000,-200000,-200000,738.74005126953125
3.312,-200000,-200000,778.57977294921875,-200000,-200000,-200000,-200000,738.8115234375
3.316,-200000,-200000,776.3148193359375,-200000,-200000,-200000,-200000,736.95196533203125
3.32,-200000,-200000,773.50146484375,-200000,-200000,-200000,-200000,738.35858154296875
3.324,-200000,-200000,775.28955078125,-200000,-200000,-200000,-200000,737.4525146484375
3.328,-200000,-200000,780.29638671875,-200000,-200000,-200000,-200000,737.26190185546875
3.332,-200000,-200000,779.98651123046875,-200000,-200000,-200000,-200000,738.90692138671875
3.336,-200000,-200000,774.59814453125,-200000,-200000,-200000,-200000,739.28839111328125
3.34,-200000,-200000,776.74395751953125,-200000,-200000,-200000,-200000,738.8115234375
3.344,-200000,-200000,780.439453125,-200000,-200000,-200000,-200000,738.78778076171875
3.348,-200000,-200000,779.3665771484375,-200000,-200000,-200000,-200000,737.71484375
3.352,-200000,-200000,774.83660888671875,-200000,-200000,-200000,-200000,738.54931640625
3.356,-200000,-200000,774.95587158203125,-200000,-200000,-200000,-200000,739.8128662109375
3.36,-200000,-200000,776.93475341796875,-200000,-200000,-200000,-200000,739.93212890625
3.364,-200000,-200000,781.08319091796875,-200000,-200000,-200000,-200000,738.47784423828125
3.368,-200000,-200000,775.40887451171875,-200000,-200000,-200000,-200000,737.97705078125
3.372,-200000,-200000,774.59814453125,-200000,-200000,-200000,-200000,739.74139404296875
3.376,-200000,-200000,779.6287841796875,-200000,-200000,-200000,-200000,738.2869873046875
3.38,-200000,-200000,778.67510986328125,-200000,-200000,-200000,-200000,737.78643798828125
3.384,-200000,-200000,776.8154296875,-200000,-200000,-200000,-200000,736.52276611328125
3.388,-200000,-200000,774.0736083984375,-200000,-200000,-200000,-200000,739.9559326171875
3.392,-200000,-200000,777.3876953125,-200000,-200000,-200000,-200000,738.47784423828125
3.396,-200000,-200000,778.67510986328125,-200000,-200000,-200000,-200000,738.54931640625
3.4,-200000,-200000,777.2684326171875,-200000,-200000,-200000,-200000,740.62353515625
3.404,-200000,-200000,773.88299560546875,-200000,-200000,-200000,-200000,739.5506591796875
3.408,-200000,-200000,776.6962890625,-200000,-200000,-200000,-200000,737.5955810546875
3.412,-200000,-200000,777.3876953125,-200000,-200000,-200000,-200000,736.68963623046875
3.416,-200000,-200000,776.67236328125,-200000,-200000,-200000,-200000,735.9266357421875
3.42,-200000,-200000,774.52667236328125,-200000,-200000,-200000,-200000,739.19305419921875
3.424,-200000,-200000,774.26446533203125,-200000,-200000,-200000,-200000,739.6697998046875
3.428,-200000,-200000,780.29638671875,-200000,-200000,-200000,-200000,737.1903076171875
3.432,-200000,-200000,778.96124267578125,-200000,-200000,-200000,-200000,736.71337890625
3.436,-200000,-200000,775.09893798828125,-200000,-200000,-200000,-200000,737.95330810546875
3.44,-200000,-200000,774.00213623046875,-200000,-200000,-200000,-200000,735.54522705078125
3.444,-200000,-200000,777.2684326171875,-200000,-200000,-200000,-200000,738.35858154296875
3.448,-200000,-200000,778.91357421875,-200000,-200000,-200000,-200000,737.833984375
3.452,-200000,-200000,775.02734375,-200000,-200000,-200000,-200000,739.24072265625
3.456,-200000,-200000,773.42999267578125,-200000,-200000,-200000,-200000,738.0247802734375
3.46,-200000,-200000,776.93475341796875,-200000,-200000,-200000,-200000,737.4525146484375
3.464,-200000,-200000,779.03271484375,-200000,-200000,-200000,-200000,736.52276611328125
3.468,-200000,-200000,774.71746826171875,-200000,-200000,-200000,-200000,737.78643798828125
3.472,-200000,-200000,775.55194091796875,-200000,-200000,-200000,-200000,740.52813720703125
3.476,-200000,-200000,777.76922607421875,-200000,-200000,-200000,-200000,739.00225830078125
3.48,-200000,-200000,778.7705078125,-200000,-200000,-200000,-200000,738.525390625
3.484,-200000,-200000,776.1240234375,-200000,-200000,-200000,-200000,737.142578125
3.488,-200000,-200000,773.31072998046875,-200000,-200000,-200000,-200000,738.74005126953125
3.492,-200000,-200000,778.26983642578125,-200000,-200000,-200000,-200000,738.8592529296875
3.496,-200000,-200000,778.03143310546875,-200000,-200000,-200000,-200000,737.38104248046875
3.5,-200000,-200000,773.31072998046875,-200000,-200000,-200000,-200000,737.0234375
3.504,-200000,-200000,772.30938720703125,-200000,-200000,-200000,-200000,739.6937255859375
3.508,-200000,-200000,777.07781982421875,-200000,-200000,-200000,-200000,737.38104248046875
3.512,-200000,-200000,778.5321044921875,-200000,-200000,-200000,-200000,736.18896484375
3.516,-200000,-200000,776.48175048828125,-200000,-200000,-200000,-200000,737.4525146484375
3.52,-200000,-200000,774.8603515625,-200000,-200000,-200000,-200000,740.0751953125
3.524,-200000,-200000,775.7425537109375,-200000,-200000,-200000,-200000,740.1943359375
3.528,-200000,-200000,778.41290283203125,-200000,-200000,-200000,-200000,738.4300537109375
3.532,-200000,-200000,777.31622314453125,-200000,-200000,-200000,-200000,737.71484375
3.536,-200000,-200000,773.88299560546875,-200000,-200000,-200000,-200000,738.0247802734375
3.54,-200000,-200000,775.09893798828125,-200000,-200000,-200000,-200000,737.47637939453125
3.544,-200000,-200000,778.86590576171875,-200000,-200000,-200000,-200000,736.30810546875
3.548,-200000,-200000,777.76922607421875,-200000,-200000,-200000,-200000,735.9266357421875
3.552,-200000,-200000,775.40887451171875,-200000,-200000,-200000,-200000,737.07110595703125
3.556,-200000,-200000,774.455078125,-200000,-200000,-200000,-200000,739.5029296875
3.56,-200000,-200000,778.98516845703125,-200000,-200000,-200000,-200000,738.59698486328125
3.564,-200000,-200000,778.72283935546875,-200000,-200000,-200000,-200000,737.71484375
3.568,-200000,-200000,774.66973876953125,-200000,-200000,-200000,-200000,737.64337158203125
3.572,-200000,-200000,775.55194091796875,-200000,-200000,-200000,-200000,739.04998779296875
3.576,-200000,-200000,776.6962890625,-200000,-200000,-200000,-200000,738.2392578125
3.58,-200000,-200000,777.62615966796875,-200000,-200000,-200000,-200000,737.71484375
3.584,-200000,-200000,776.67236328125,-200000,-200000,-200000,-200000,737.76251220703125
3.588,-200000,-200000,773.50146484375,-200000,-200000,-200000,-200000,737.71484375
3.592,-200000,-200000,777.2684326171875,-200000,-200000,-200000,-200000,737.26190185546875
3.596,-200000,-200000,780.1771240234375,-200000,-200000,-200000,-200000,737.833984375
3.6,-200000,-200000,777.9598388671875,-200000,-200000,-200000,-200000,738.33477783203125
3.604,-200000,-200000,774.0736083984375,-200000,-200000,-200000,-200000,737.21417236328125
3.608,-200000,-200000,777.05389404296875,-200000,-200000,-200000,-200000,739.04998779296875
3.612,-200000,-200000,780.01025390625,-200000,-200000,-200000,-200000,739.1214599609375
3.616,-200000,-200000,776.67236328125,-200000,-200000,-200000,-200000,736.88037109375
3.62,-200000,-200000,775.40887451171875,-200000,-200000,-200000,-200000,740.12286376953125
3.624,-200000,-200000,775.5994873046875,-200000,-200000,-200000,-200000,737.833984375
3.628,-200000,-200000,779.03271484375,-200000,-200000,-200000,-200000,737.1903076171875
3.632,-200000,-200000,776.2908935546875,-200000,-200000,-200000,-200000,736.0697021484375
3.636,-200000,-200000,774.09747314453125,-200000,-200000,-200000,-200000,738.54931640625
3.64,-200000,-200000,776.24334716796875,-200000,-200000,-200000,-200000,740.26593017578125
3.644,-200000,-200000,777.72149658203125,-200000,-200000,-200000,-200000,736.71337890625
3.648,-200000,-200000,777.8406982421875,-200000,-200000,-200000,-200000,738.0247802734375
3.652,-200000,-200000,773.57305908203125,-200000,-200000,-200000,-200000,739.74139404296875
3.656,-200000,-200000,775.36114501953125,-200000,-200000,-200000,-200000,737.26190185546875
3.66,-200000,-200000,779.0565185546875,-200000,-200000,-200000,-200000,738.66845703125
3.664,-200000,-200000,780.24871826171875,-200000,-200000,-200000,-200000,739.6697998046875
3.668,-200000,-200000,776.50555419921875,-200000,-200000,-200000,-200000,737.3333740234375
3.672,-200000,-200000,773.00079345703125,-200000,-200000,-200000,-200000,738.09637451171875
3.676,-200000,-200000,777.45928955078125,-200000,-200000,-200000,-200000,738.54931640625
3.68,-200000,-200000,779.93878173828125,-200000,-200000,-200000,-200000,735.61669921875
3.684,-200000,-200000,775.81414794921875,-200000,-200000,-200000,-200000,737.57177734375
3.688,-200000,-200000,772.9530029296875,-200000,-200000,-200000,-200000,739.1214599609375
3.692,-200000,-200000,777.34002685546875,-200000,-200000,-200000,-200000,738.2392578125
3.696,-200000,-200000,777.912109375,-200000,-200000,-200000,-200000,736.88037109375
3.7,-200000,-200000,778.60369873046875,-200000,-200000,-200000,-200000,738.47784423828125
3.704,-200000,-200000,774.14520263671875,-200000,-200000,-200000,-200000,738.1678466796875
3.708,-200000,-200000,777.19696044921875,-200000,-200000,-200000,-200000,738.35858154296875
3.712,-200000,-200000,779.10430908203125,-200000,-200000,-200000,-200000,738.33477783203125
3.716,-200000,-200000,777.07781982421875,-200000,-200000,-200000,-200000,738.59698486328125
3.72,-200000,-200000,775.55194091796875,-200000,-200000,-200000,-200000,739.5029296875
3.724,-200000,-200000,776.19561767578125,-200000,-200000,-200000,-200000,738.78778076171875
3.728,-200000,-200000,778.7943115234375,-200000,-200000,-200000,-200000,738.54931640625
3.732,-200000,-200000,779.0565185546875,-200000,-200000,-200000,-200000,737.21417236328125
3.736,-200000,-200000,774.7650146484375,-200000,-200000,-200000,-200000,738.21551513671875
3.74,-200000,-200000,772.50018310546875,-200000,-200000,-200000,-200000,737.97705078125
3.744,-200000,-200000,777.72149658203125,-200000,-200000,-200000,-200000,738.525390625
3.748,-200000,-200000,779.10430908203125,-200000,-200000,-200000,-200000,738.9783935546875
3.752,-200000,-200000,776.24334716796875,-200000,-200000,-200000,-200000,739.16925048828125
3.756,-200000,-200000,774.66973876953125,-200000,-200000,-200000,-200000,739.00225830078125
3.76,-200000,-200000,778.34130859375,-200000,-200000,-200000,-200000,738.90692138671875
3.764,-200000,-200000,780.1771240234375,-200000,-200000,-200000,-200000,737.52410888671875
3.768,-200000,-200000,775.40887451171875,-200000,-200000,-200000,-200000,739.62225341796875
3.772,-200000,-200000,773.072265625,-200000,-200000,-200000,-200000,738.525390625
3.776,-200000,-200000,781.08319091796875,-200000,-200000,-200000,-200000,740.26593017578125
3.78,-200000,-200000,780.63018798828125,-200000,-200000,-200000,-200000,739.1214599609375
3.784,-200000,-200000,778.29364013671875,-200000,-200000,-200000,-200000,740.57586669921875
3.788,-200000,-200000,771.8563232421875,-200000,-200000,-200000,-200000,738.40625
3.792,-200000,-200000,776.50555419921875,-200000,-200000,-200000,-200000,735.42608642578125
3.796,-200000,-200000,778.91357421875,-200000,-200000,-200000,-200000,735.759765625
3.8,-200000,-200000,776.74395751953125,-200000,-200000,-200000,-200000,739.16925048828125
3.804,-200000,-200000,773.9544677734375,-200000,-200000,-200000,-200000,740.00372314453125
3.808,-200000,-200000,776.74395751953125,-200000,-200000,-200000,-200000,737.5955810546875
3.812,-200000,-200000,778.7943115234375,-200000,-200000,-200000,-200000,737.38104248046875
3.816,-200000,-200000,776.19561767578125,-200000,-200000,-200000,-200000,737.21417236328125
3.82,-200000,-200000,776.38623046875,-200000,-200000,-200000,-200000,740.26593017578125
3.824,-200000,-200000,778.34130859375,-200000,-200000,-200000,-200000,738.66845703125
3.828,-200000,-200000,778.6512451171875,-200000,-200000,-200000,-200000,738.525390625
3.832,-200000,-200000,778.96124267578125,-200000,-200000,-200000,-200000,739.88446044921875
3.836,-200000,-200000,775.71875,-200000,-200000,-200000,-200000,738.525390625
3.84,-200000,-200000,774.00213623046875,-200000,-200000,-200000,-200000,736.6419677734375
3.844,-200000,-200000,778.484375,-200000,-200000,-200000,-200000,738.35858154296875
3.848,-200000,-200000,777.45928955078125,-200000,-200000,-200000,-200000,737.47637939453125
3.852,-200000,-200000,773.2630615234375,-200000,-200000,-200000,-200000,737.90557861328125
3.856,-200000,-200000,775.21807861328125,-200000,-200000,-200000,-200000,737.1903076171875
3.86,-200000,-200000,780.439453125,-200000,-200000,-200000,-200000,737.21417236328125
3.864,-200000,-200000,779.10430908203125,-200000,-200000,-200000,-200000,736.0697021484375
3.868,-200000,-200000,775.4803466796875,-200000,-200000,-200000,-200000,736.7611083984375
3.872,-200000,-200000,771.8563232421875,-200000,-200000,-200000,-200000,736.83270263671875
3.876,-200000,-200000,778.15069580078125,-200000,-200000,-200000,-200000,738.66845703125
3.88,-200000,-200000,779.15203857421875,-200000,-200000,-200000,-200000,739.19305419921875
3.884,-200000,-200000,774.2166748046875,-200000,-200000,-200000,-200000,737.3333740234375
3.888,-200000,-200000,772.5477294921875,-200000,-200000,-200000,-200000,738.35858154296875
3.892,-200000,-200000,776.19561767578125,-200000,-200000,-200000,-200000,739.43145751953125
3.896,-200000,-200000,782.4183349609375,-200000,-200000,-200000,-200000,738.7161865234375
3.9,-200000,-200000,776.62481689453125,-200000,-200000,-200000,-200000,737.52410888671875
3.904,-200000,-200000,775.62335205078125,-200000,-200000,-200000,-200000,739.93212890625
3.908,-200000,-200000,776.3148193359375,-200000,-200000,-200000,-200000,737.28564453125
3.912,-200000,-200000,780.0579833984375,-200000,-200000,-200000,-200000,738.93084716796875
3.916,-200000,-200000,777.0062255859375,-200000,-200000,-200000,-200000,737.52410888671875
3.92,-200000,-200000,775.0511474609375,-200000,-200000,-200000,-200000,739.74139404296875
3.924,-200000,-200000,773.57305908203125,-200000,-200000,-200000,-200000,736.88037109375
3.928,-200000,-200000,779.60498046875,-200000,-200000,-200000,-200000,738.1678466796875
3.932,-200000,-200000,777.05389404296875,-200000,-200000,-200000,-200000,737.52410888671875
3.936,-200000,-200000,774.59814453125,-200000,-200000,-200000,-200000,739.88446044921875
3.94,-200000,-200000,779.0565185546875,-200000,-200000,-200000,-200000,738.54931640625
3.944,-200000,-200000,778.6512451171875,-200000,-200000,-200000,-200000,735.49755859375
3.948,-200000,-200000,778.46063232421875,-200000,-200000,-200000,-200000,736.7611083984375
3.952,-200000,-200000,774.6458740234375,-200000,-200000,-200000,-200000,739.6937255859375
3.956,-200000,-200000,774.66973876953125,-200000,-200000,-200000,-200000,740.45672607421875
3.96,-200000,-200000,777.912109375,-200000,-200000,-200000,-200000,735.1875
3.964,-200000,-200000,779.17578125,-200000,-200000,-200000,-200000,739.24072265625
3.968,-200000,-200000,774.40753173828125,-200000,-200000,-200000,-200000,737.26190185546875
3.972,-200000,-200000,776.10028076171875,-200000,-200000,-200000,-200000,737.71484375
3.976,-200000,-200000,779.29510498046875,-200000,-200000,-200000,-200000,736.18896484375
3.98,-200000,-200000,778.46063232421875,-200000,-200000,-200000,-200000,738.40625
3.984,-200000,-200000,774.2166748046875,-200000,-200000,-200000,-200000,737.38104248046875
3.988,-200000,-200000,774.26446533203125,-200000,-200000,-200000,-200000,738.78778076171875
3.992,-200000,-200000,777.45928955078125,-200000,-200000,-200000,-200000,737.8577880859375
3.996,-200000,-200000,777.5068359375,-200000,-200000,-200000,-200000,737.8577880859375
4,-200000,-200000,774.6458740234375,-200000,-200000,-200000,-200000,737.07110595703125
4.004,-200000,-200000,772.6907958984375,-200000,-200000,-200000,-200000,738.54931640625
4.008,-200000,-200000,775.67108154296875,-200000,-200000,-200000,-200000,737.07110595703125
4.012,-200000,-200000,778.15069580078125,-200000,-200000,-200000,-200000,738.59698486328125
4.016,-200000,-200000,777.0062255859375,-200000,-200000,-200000,-200000,736.88037109375
4.02,-200000,-200000,773.88299560546875,-200000,-200000,-200000,-200000,737.3333740234375
4.024,-200000,-200000,776.2908935546875,-200000,-200000,-200000,-200000,738.0247802734375
4.028,-200000,-200000,776.4339599609375,-200000,-200000,-200000,-200000,736.6419677734375
4.032,-200000,-200000,775.0511474609375,-200000,-200000,-200000,-200000,736.37969970703125
4.036,-200000,-200000,775.71875,-200000,-200000,-200000,-200000,739.5029296875
4.04,-200000,-200000,775.5994873046875,-200000,-200000,-200000,-200000,738.47784423828125
4.044,-200000,-200000,777.88836669921875,-200000,-200000,-200000,-200000,737.66717529296875
4.048,-200000,-200000,777.76922607421875,-200000,-200000,-200000,-200000,737.4525146484375
4.052,-200000,-200000,773.71600341796875,-200000,-200000,-200000,-200000,738.9783935546875
4.056,-200000,-200000,774.0736083984375,-200000,-200000,-200000,-200000,740.12286376953125
4.06,-200000,-200000,779.67657470703125,-200000,-200000,-200000,-200000,736.6419677734375
4.064,-200000,-200000,777.34002685546875,-200000,-200000,-200000,-200000,738.0247802734375
4.068,-200000,-200000,773.83526611328125,-200000,-200000,-200000,-200000,736.7611083984375
4.072,-200000,-200000,774.59814453125,-200000,-200000,-200000,-200000,739.57452392578125
4.076,-200000,-200000,777.76922607421875,-200000,-200000,-200000,-200000,738.33477783203125
4.08,-200000,-200000,777.64990234375,-200000,-200000,-200000,-200000,737.40496826171875
4.084,-200000,-200000,775.24188232421875,-200000,-200000,-200000,-200000,738.8115234375
4.088,-200000,-200000,773.072265625,-200000,-200000,-200000,-200000,737.3333740234375
4.092,-200000,-200000,776.8154296875,-200000,-200000,-200000,-200000,737.5955810546875
4.096,-200000,-200000,780.36798095703125,-200000,-200000,-200000,-200000,737.95330810546875
4.1,-200000,-200000,778.72283935546875,-200000,-200000,-200000,-200000,738.1678466796875
4.104,-200000,-200000,773.88299560546875,-200000,-200000,-200000,-200000,738.47784423828125
4.108,-200000,-200000,778.3890380859375,-200000,-200000,-200000,-200000,737.8577880859375
4.112,-200000,-200000,779.3665771484375,-200000,-200000,-200000,-200000,739.3836669921875
4.116,-200000,-200000,776.36248779296875,-200000,-200000,-200000,-200000,739.47918701171875
4.12,-200000,-200000,772.4285888671875,-200000,-200000,-200000,-200000,737.90557861328125
4.124,-200000,-200000,775.81414794921875,-200000,-200000,-200000,-200000,736.95196533203125
4.128,-200000,-200000,778.0791015625,-200000,-200000,-200000,-200000,735.9266357421875
4.132,-200000,-200000,774.52667236328125,-200000,-200000,-200000,-200000,736.26055908203125
4.136,-200000,-200000,775.21807861328125,-200000,-200000,-200000,-200000,738.09637451171875
4.14,-200000,-200000,778.15069580078125,-200000,-200000,-200000,-200000,739.28839111328125
4.144,-200000,-200000,778.00762939453125,-200000,-200000,-200000,-200000,738.21551513671875
4.148,-200000,-200000,777.3876953125,-200000,-200000,-200000,-200000,737.71484375
4.152,-200000,-200000,775.86181640625,-200000,-200000,-200000,-200000,737.90557861328125
4.156,-200000,-200000,774.2166748046875,-200000,-200000,-200000,-200000,737.5955810546875
4.16,-200000,-200000,777.07781982421875,-200000,-200000,-200000,-200000,739.5029296875
4.164,-200000,-200000,778.26983642578125,-200000,-200000,-200000,-200000,736.95196533203125
4.168,-200000,-200000,775.21807861328125,-200000,-200000,-200000,-200000,738.0247802734375
4.172,-200000,-200000,774.71746826171875,-200000,-200000,-200000,-200000,739.86065673828125
4.176,-200000,-200000,776.76776123046875,-200000,-200000,-200000,-200000,738.78778076171875
4.18,-200000,-200000,778.84210205078125,-200000,-200000,-200000,-200000,735.49755859375
4.184,-200000,-200000,774.52667236328125,-200000,-200000,-200000,-200000,737.3333740234375
4.188,-200000,-200000,773.57305908203125,-200000,-200000,-200000,-200000,738.54931640625
4.192,-200000,-200000,776.93475341796875,-200000,-200000,-200000,-200000,737.97705078125
4.196,-200000,-200000,780.63018798828125,-200000,-200000,-200000,-200000,736.6419677734375
4.2,-200000,-200000,777.72149658203125,-200000,-200000,-200000,-200000,738.1678466796875
4.204,-200000,-200000,773.763671875,-200000,-200000,-200000,-200000,740.5042724609375
4.208,-200000,-200000,774.7650146484375,-200000,-200000,-200000,-200000,737.40496826171875
4.212,-200000,-200000,780.1771240234375,-200000,-200000,-200000,-200000,738.0247802734375
4.216,-200000,-200000,777.2684326171875,-200000,-200000,-200000,-200000,738.8592529296875
4.22,-200000,-200000,772.0947265625,-200000,-200000,-200000,-200000,737.40496826171875
4.224,-200000,-200000,776.50555419921875,-200000,-200000,-200000,-200000,738.525390625
4.228,-200000,-200000,780.12957763671875,-200000,-200000,-200000,-200000,737.90557861328125
4.232,-200000,-200000,777.76922607421875,-200000,-200000,-200000,-200000,738.33477783203125
4.236,-200000,-200000,774.09747314453125,-200000,-200000,-200000,-200000,737.28564453125
4.24,-200000,-200000,774.59814453125,-200000,-200000,-200000,-200000,737.833984375
4.244,-200000,-200000,779.15203857421875,-200000,-200000,-200000,-200000,739.31231689453125
4.248,-200000,-200000,776.3148193359375,-200000,-200000,-200000,-200000,736.0697021484375
4.252,-200000,-200000,771.35577392578125,-200000,-200000,-200000,-200000,737.52410888671875
4.256,-200000,-200000,773.3822021484375,-200000,-200000,-200000,-200000,737.95330810546875
4.26,-200000,-200000,778.41290283203125,-200000,-200000,-200000,-200000,737.52410888671875
4.264,-200000,-200000,778.72283935546875,-200000,-200000,-200000,-200000,736.7611083984375
4.268,-200000,-200000,773.14385986328125,-200000,-200000,-200000,-200000,739.62225341796875
4.272,-200000,-200000,771.7371826171875,-200000,-200000,-200000,-200000,737.142578125
4.276,-200000,-200000,776.93475341796875,-200000,-200000,-200000,-200000,737.4525146484375
4.28,-200000,-200000,779.55731201171875,-200000,-200000,-200000,-200000,736.68963623046875
4.284,-200000,-200000,774.14520263671875,-200000,-200000,-200000,-200000,736.83270263671875
4.288,-200000,-200000,772.81005859375,-200000,-200000,-200000,-200000,739.47918701171875
4.292,-200000,-200000,776.93475341796875,-200000,-200000,-200000,-200000,739.57452392578125
4.296,-200000,-200000,779.10430908203125,-200000,-200000,-200000,-200000,737.3333740234375
4.3,-200000,-200000,775.40887451171875,-200000,-200000,-200000,-200000,737.52410888671875
4.304,-200000,-200000,773.62060546875,-200000,-200000,-200000,-200000,737.64337158203125
4.308,-200000,-200000,776.1240234375,-200000,-200000,-200000,-200000,736.0458984375
4.312,-200000,-200000,776.24334716796875,-200000,-200000,-200000,-200000,737.833984375
4.316,-200000,-200000,776.93475341796875,-200000,-200000,-200000,-200000,738.93084716796875
4.32,-200000,-200000,775.21807861328125,-200000,-200000,-200000,-200000,738.74005126953125
4.324,-200000,-200000,775.36114501953125,-200000,-200000,-200000,-200000,737.90557861328125
4.328,-200000,-200000,778.1029052734375,-200000,-200000,-200000,-200000,738.40625
4.332,-200000,-200000,777.8167724609375,-200000,-200000,-200000,-200000,736.95196533203125
4.336,-200000,-200000,774.52667236328125,-200000,-200000,-200000,-200000,739.24072265625
4.34,-200000,-200000,776.6962890625,-200000,-200000,-200000,-200000,739.35986328125
4.344,-200000,-200000,776.50555419921875,-200000,-200000,-200000,-200000,737.97705078125
4.348,-200000,-200000,776.48175048828125,-200000,-200000,-200000,-200000,737.38104248046875
4.352,-200000,-200000,776.0047607421875,-200000,-200000,-200000,-200000,739.31231689453125
4.356,-200000,-200000,773.88299560546875,-200000,-200000,-200000,-200000,737.78643798828125
4.36,-200000,-200000,775.21807861328125,-200000,-200000,-200000,-200000,735.49755859375
4.364,-200000,-200000,779.15203857421875,-200000,-200000,-200000,-200000,736.11749267578125
4.368,-200000,-200000,772.16632080078125,-200000,-200000,-200000,-200000,736.26055908203125
4.372,-200000,-200000,772.6669921875,-200000,-200000,-200000,-200000,738.7161865234375
4.376,-200000,-200000,776.50555419921875,-200000,-200000,-200000,-200000,736.57049560546875
4.38,-200000,-200000,778.96124267578125,-200000,-200000,-200000,-200000,734.90155029296875
4.384,-200000,-200000,775.5994873046875,-200000,-200000,-200000,-200000,738.8592529296875
4.388,-200000,-200000,772.61932373046875,-200000,-200000,-200000,-200000,737.09490966796875
4.392,-200000,-200000,777.5306396484375,-200000,-200000,-200000,-200000,738.93084716796875
4.396,-200000,-200000,776.6962890625,-200000,-200000,-200000,-200000,736.9041748046875
4.4,-200000,-200000,775.81414794921875,-200000,-200000,-200000,-200000,738.47784423828125
4.404,-200000,-200000,773.64453125,-200000,-200000,-200000,-200000,737.52410888671875
4.408,-200000,-200000,776.76776123046875,-200000,-200000,-200000,-200000,736.7611083984375
4.412,-200000,-200000,779.29510498046875,-200000,-200000,-200000,-200000,736.52276611328125
4.416,-200000,-200000,774.97967529296875,-200000,-200000,-200000,-200000,738.09637451171875
4.42,-200000,-200000,772.4285888671875,-200000,-200000,-200000,-200000,736.4989013671875
4.424,-200000,-200000,776.74395751953125,-200000,-200000,-200000,-200000,738.1439208984375
4.428,-200000,-200000,779.60498046875,-200000,-200000,-200000,-200000,737.21417236328125
4.432,-200000,-200000,775.21807861328125,-200000,-200000,-200000,-200000,736.451171875
4.436,-200000,-200000,772.92919921875,-200000,-200000,-200000,-200000,736.7611083984375
4.44,-200000,-200000,772.9530029296875,-200000,-200000,-200000,-200000,736.52276611328125
4.444,-200000,-200000,775.98095703125,-200000,-200000,-200000,-200000,736.7611083984375
4.448,-200000,-200000,777.05389404296875,-200000,-200000,-200000,-200000,740.12286376953125
4.452,-200000,-200000,775.09893798828125,-200000,-200000,-200000,-200000,737.21417236328125
4.456,-200000,-200000,775.86181640625,-200000,-200000,-200000,-200000,739.93212890625
4.46,-200000,-200000,777.0062255859375,-200000,-200000,-200000,-200000,737.40496826171875
4.464,-200000,-200000,777.0062255859375,-200000,-200000,-200000,-200000,738.74005126953125
4.468,-200000,-200000,775.55194091796875,-200000,-200000,-200000,-200000,738.9783935546875
4.472,-200000,-200000,773.763671875,-200000,-200000,-200000,-200000,735.9266357421875
4.476,-200000,-200000,778.22216796875,-200000,-200000,-200000,-200000,737.38104248046875
4.48,-200000,-200000,780.63018798828125,-200000,-200000,-200000,-200000,738.47784423828125
4.484,-200000,-200000,774.2166748046875,-200000,-200000,-200000,-200000,739.86065673828125
4.488,-200000,-200000,773.763671875,-200000,-200000,-200000,-200000,737.833984375
4.492,-200000,-200000,779.79571533203125,-200000,-200000,-200000,-200000,738.1439208984375
4.496,-200000,-200000,779.17578125,-200000,-200000,-200000,-200000,737.07110595703125
4.5,-200000,-200000,775.7425537109375,-200000,-200000,-200000,-200000,738.35858154296875
4.504,-200000,-200000,772.16632080078125,-200000,-200000,-200000,-200000,737.28564453125
4.508,-200000,-200000,775.67108154296875,-200000,-200000,-200000,-200000,735.85516357421875
4.512,-200000,-200000,778.26983642578125,-200000,-200000,-200000,-200000,735.6644287109375
4.516,-200000,-200000,775.40887451171875,-200000,-200000,-200000,-200000,738.04864501953125
4.52,-200000,-200000,773.69219970703125,-200000,-200000,-200000,-200000,737.40496826171875
4.524,-200000,-200000,774.52667236328125,-200000,-200000,-200000,-200000,737.95330810546875
4.528,-200000,-200000,778.67510986328125,-200000,-200000,-200000,-200000,737.71484375
4.532,-200000,-200000,776.76776123046875,-200000,-200000,-200000,-200000,737.833984375
4.536,-200000,-200000,775.93341064453125,-200000,-200000,-200000,-200000,738.47784423828125
4.54,-200000,-200000,775.40887451171875,-200000,-200000,-200000,-200000,737.40496826171875
4.544,-200000,-200000,779.0565185546875,-200000,-200000,-200000,-200000,737.52410888671875
4.548,-200000,-200000,778.84210205078125,-200000,-200000,-200000,-200000,737.97705078125
4.552,-200000,-200000,772.380859375,-200000,-200000,-200000,-200000,735.42608642578125
4.556,-200000,-200000,774.59814453125,-200000,-200000,-200000,-200000,737.3333740234375
4.56,-200000,-200000,777.5068359375,-200000,-200000,-200000,-200000,737.142578125
4.564,-200000,-200000,780.8685302734375,-200000,-200000,-200000,-200000,739.24072265625
4.568,-200000,-200000,773.763671875,-200000,-200000,-200000,-200000,736.30810546875
4.572,-200000,-200000,774.0736083984375,-200000,-200000,-200000,-200000,738.1439208984375
4.576,-200000,-200000,775.93341064453125,-200000,-200000,-200000,-200000,737.47637939453125
4.58,-200000,-200000,775.7425537109375,-200000,-200000,-200000,-200000,736.14129638671875
4.584,-200000,-200000,773.57305908203125,-200000,-200000,-200000,-200000,736.57049560546875
4.588,-200000,-200000,773.00079345703125,-200000,-200000,-200000,-200000,738.1678466796875
4.592,-200000,-200000,779.17578125,-200000,-200000,-200000,-200000,739.09765625
4.596,-200000,-200000,777.19696044921875,-200000,-200000,-200000,-200000,737.78643798828125
4.6,-200000,-200000,774.09747314453125,-200000,-200000,-200000,-200000,737.142578125
4.604,-200000,-200000,772.30938720703125,-200000,-200000,-200000,-200000,737.38104248046875
4.608,-200000,-200000,775.24188232421875,-200000,-200000,-200000,-200000,737.1903076171875
4.612,-200000,-200000,776.62481689453125,-200000,-200000,-200000,-200000,736.37969970703125
4.616,-200000,-200000,775.90948486328125,-200000,-200000,-200000,-200000,738.1678466796875
4.62,-200000,-200000,774.59814453125,-200000,-200000,-200000,-200000,735.6644287109375
4.624,-200000,-200000,776.05255126953125,-200000,-200000,-200000,-200000,738.0247802734375
4.628,-200000,-200000,778.67510986328125,-200000,-200000,-200000,-200000,737.26190185546875
4.632,-200000,-200000,777.62615966796875,-200000,-200000,-200000,-200000,737.5955810546875
4.636,-200000,-200000,773.2630615234375,-200000,-200000,-200000,-200000,736.83270263671875
4.64,-200000,-200000,774.0736083984375,-200000,-200000,-200000,-200000,735.95050048828125
4.644,-200000,-200000,778.7943115234375,-200000,-200000,-200000,-200000,736.7611083984375
4.648,-200000,-200000,778.46063232421875,-200000,-200000,-200000,-200000,736.451171875
4.652,-200000,-200000,773.3822021484375,-200000,-200000,-200000,-200000,737.833984375
4.656,-200000,-200000,773.2391357421875,-200000,-200000,-200000,-200000,738.8115234375
4.66,-200000,-200000,777.6976318359375,-200000,-200000,-200000,-200000,736.37969970703125
4.664,-200000,-200000,778.1029052734375,-200000,-200000,-200000,-200000,738.525390625
4.668,-200000,-200000,773.5252685546875,-200000,-200000,-200000,-200000,738.33477783203125
4.672,-200000,-200000,773.62060546875,-200000,-200000,-200000,-200000,738.525390625
4.676,-200000,-200000,776.88702392578125,-200000,-200000,-200000,-200000,738.0247802734375
4.68,-200000,-200000,778.84210205078125,-200000,-200000,-200000,-200000,736.30810546875
4.684,-200000,-200000,775.7425537109375,-200000,-200000,-200000,-200000,736.30810546875
4.688,-200000,-200000,771.14111328125,-200000,-200000,-200000,-200000,738.62078857421875
4.692,-200000,-200000,777.45928955078125,-200000,-200000,-200000,-200000,737.71484375
4.696,-200000,-200000,778.98516845703125,-200000,-200000,-200000,-200000,736.6180419921875
4.7,-200000,-200000,775.79034423828125,-200000,-200000,-200000,-200000,735.759765625
4.704,-200000,-200000,773.5252685546875,-200000,-200000,-200000,-200000,737.57177734375
4.708,-200000,-200000,776.2908935546875,-200000,-200000,-200000,-200000,737.66717529296875
4.712,-200000,-200000,777.5306396484375,-200000,-200000,-200000,-200000,736.6419677734375
4.716,-200000,-200000,774.57440185546875,-200000,-200000,-200000,-200000,737.09490966796875
4.72,-200000,-200000,773.83526611328125,-200000,-200000,-200000,-200000,737.97705078125
4.724,-200000,-200000,776.05255126953125,-200000,-200000,-200000,-200000,734.4007568359375
4.728,-200000,-200000,778.03143310546875,-200000,-200000,-200000,-200000,737.5955810546875
4.732,-200000,-200000,775.55194091796875,-200000,-200000,-200000,-200000,737.28564453125
4.736,-200000,-200000,774.57440185546875,-200000,-200000,-200000,-200000,737.90557861328125
4.74,-200000,-200000,776.38623046875,-200000,-200000,-200000,-200000,738.1439208984375
4.744,-200000,-200000,779.4857177734375,-200000,-200000,-200000,-200000,737.5955810546875
4.748,-200000,-200000,777.07781982421875,-200000,-200000,-200000,-200000,738.2869873046875
4.752,-200000,-200000,773.00079345703125,-200000,-200000,-200000,-200000,738.35858154296875
4.756,-200000,-200000,773.83526611328125,-200000,-200000,-200000,-200000,737.71484375
4.76,-200000,-200000,777.57843017578125,-200000,-200000,-200000,-200000,736.0697021484375
4.764,-200000,-200000,776.67236328125,-200000,-200000,-200000,-200000,737.3333740234375
4.768,-200000,-200000,775.5994873046875,-200000,-200000,-200000,-200000,740.69512939453125
4.772,-200000,-200000,773.57305908203125,-200000,-200000,-200000,-200000,738.0247802734375
4.776,-200000,-200000,775.55194091796875,-200000,-200000,-200000,-200000,739.16925048828125
4.78,-200000,-200000,776.93475341796875,-200000,-200000,-200000,-200000,735.56903076171875
4.784,-200000,-200000,774.0736083984375,-200000,-200000,-200000,-200000,736.11749267578125
4.788,-200000,-200000,775.02734375,-200000,-200000,-200000,-200000,737.40496826171875
4.792,-200000,-200000,778.0791015625,-200000,-200000,-200000,-200000,737.1903076171875
4.796,-200000,-200000,779.55731201171875,-200000,-200000,-200000,-200000,736.57049560546875
4.8,-200000,-200000,774.2166748046875,-200000,-200000,-200000,-200000,735.99822998046875
4.804,-200000,-200000,774.52667236328125,-200000,-200000,-200000,-200000,738.2392578125
4.808,-200000,-200000,775.4803466796875,-200000,-200000,-200000,-200000,739.1214599609375
4.812,-200000,-200000,779.93878173828125,-200000,-200000,-200000,-200000,737.57177734375
4.816,-200000,-200000,776.95849609375,-200000,-200000,-200000,-200000,738.09637451171875
4.82,-200000,-200000,773.2391357421875,-200000,-200000,-200000,-200000,738.8115234375
4.824,-200000,-200000,775.09893798828125,-200000,-200000,-200000,-200000,738.7161865234375
4.828,-200000,-200000,779.67657470703125,-200000,-200000,-200000,-200000,738.2869873046875
4.832,-200000,-200000,776.55322265625,-200000,-200000,-200000,-200000,736.83270263671875
4.836,-200000,-200000,772.61932373046875,-200000,-200000,-200000,-200000,739.16925048828125
4.84,-200000,-200000,774.83660888671875,-200000,-200000,-200000,-200000,738.0247802734375
4.844,-200000,-200000,778.22216796875,-200000,-200000,-200000,-200000,736.9041748046875
4.848,-200000,-200000,777.88836669921875,-200000,-200000,-200000,-200000,738.47784423828125
4.852,-200000,-200000,774.38360595703125,-200000,-200000,-200000,-200000,738.35858154296875
4.856,-200000,-200000,773.31072998046875,-200000,-200000,-200000,-200000,738.66845703125
4.86,-200000,-200000,778.46063232421875,-200000,-200000,-200000,-200000,738.09637451171875
4.864,-200000,-200000,777.2684326171875,-200000,-200000,-200000,-200000,735.73602294921875
4.868,-200000,-200000,775.4326171875,-200000,-200000,-200000,-200000,740.7666015625
4.872,-200000,-200000,775.3372802734375,-200000,-200000,-200000,-200000,738.74005126953125
4.876,-200000,-200000,778.6512451171875,-200000,-200000,-200000,-200000,737.0234375
4.88,-200000,-200000,777.57843017578125,-200000,-200000,-200000,-200000,738.0247802734375
4.884,-200000,-200000,773.69219970703125,-200000,-200000,-200000,-200000,737.26190185546875
4.888,-200000,-200000,773.31072998046875,-200000,-200000,-200000,-200000,738.9783935546875
4.892,-200000,-200000,776.76776123046875,-200000,-200000,-200000,-200000,737.07110595703125
4.896,-200000,-200000,777.76922607421875,-200000,-200000,-200000,-200000,734.85382080078125
4.9,-200000,-200000,775.52801513671875,-200000,-200000,-200000,-200000,736.88037109375
4.904,-200000,-200000,772.19012451171875,-200000,-200000,-200000,-200000,736.37969970703125
4.908,-200000,-200000,775.28955078125,-200000,-200000,-200000,-200000,737.3333740234375
4.912,-200000,-200000,778.0791015625,-200000,-200000,-200000,-200000,737.71484375
4.916,-200000,-200000,774.59814453125,-200000,-200000,-200000,-200000,736.7611083984375
4.92,-200000,-200000,773.33447265625,-200000,-200000,-200000,-200000,736.80889892578125
4.924,-200000,-200000,778.15069580078125,-200000,-200000,-200000,-200000,739.28839111328125
4.928,-200000,-200000,776.38623046875,-200000,-200000,-200000,-200000,737.40496826171875
4.932,-200000,-200000,775.02734375,-200000,-200000,-200000,-200000,736.71337890625
4.936,-200000,-200000,773.1199951171875,-200000,-200000,-200000,-200000,738.90692138671875
4.94,-200000,-200000,774.02606201171875,-200000,-200000,-200000,-200000,737.833984375
4.944,-200000,-200000,778.41290283203125,-200000,-200000,-200000,-200000,737.1903076171875
4.948,-200000,-200000,776.95849609375,-200000,-200000,-200000,-200000,738.40625
4.952,-200000,-200000,775.21807861328125,-200000,-200000,-200000,-200000,738.35858154296875
4.956,-200000,-200000,774.83660888671875,-200000,-200000,-200000,-200000,740.45672607421875
4.96,-200000,-200000,778.7705078125,-200000,-200000,-200000,-200000,735.9266357421875
4.964,-200000,-200000,777.88836669921875,-200000,-200000,-200000,-200000,737.0234375
4.968,-200000,-200000,773.00079345703125,-200000,-200000,-200000,-200000,737.21417236328125
4.972,-200000,-200000,773.072265625,-200000,-200000,-200000,-200000,739.88446044921875
4.976,-200000,-200000,777.76922607421875,-200000,-200000,-200000,-200000,736.6419677734375
4.98,-200000,-200000,780.24871826171875,-200000,-200000,-200000,-200000,736.52276611328125
4.984,-200000,-200000,775.93341064453125,-200000,-200000,-200000,-200000,737.5955810546875
4.988,-200000,-200000,773.3822021484375,-200000,-200000,-200000,-200000,738.93084716796875
4.992,-200000,-200000,778.34130859375,-200000,-200000,-200000,-200000,737.40496826171875
4.996,-200000,-200000,778.29364013671875,-200000,-200000,-200000,-200000,736.6419677734375
5,-200000,-200000,774.97967529296875,-200000,-200000,-200000,-200000,737.64337158203125
5.004,-200000,-200000,770.95037841796875,-200000,-200000,-200000,-200000,737.38104248046875
5.008,-200000,-200000,777.45928955078125,-200000,-200000,-200000,-200000,736.18896484375
5.012,-200000,-200000,780.29638671875,-200000,-200000,-200000,-200000,741.02880859375
5.016,-200000,-200000,774.40753173828125,-200000,-200000,-200000,-200000,736.57049560546875
5.02,-200000,-200000,775.02734375,-200000,-200000,-200000,-200000,737.47637939453125
5.024,-200000,-200000,775.5994873046875,-200000,-200000,-200000,-200000,737.52410888671875
5.028,-200000,-200000,779.67657470703125,-200000,-200000,-200000,-200000,738.525390625
5.032,-200000,-200000,776.1717529296875,-200000,-200000,-200000,-200000,737.97705078125
5.036,-200000,-200000,773.45379638671875,-200000,-200000,-200000,-200000,737.0234375
5.04,-200000,-200000,774.6458740234375,-200000,-200000,-200000,-200000,738.09637451171875
5.044,-200000,-200000,779.3665771484375,-200000,-200000,-200000,-200000,738.8592529296875
5.048,-200000,-200000,777.31622314453125,-200000,-200000,-200000,-200000,736.80889892578125
5.052,-200000,-200000,774.455078125,-200000,-200000,-200000,-200000,736.7611083984375
5.056,-200000,-200000,774.95587158203125,-200000,-200000,-200000,-200000,737.57177734375
5.06,-200000,-200000,778.6512451171875,-200000,-200000,-200000,-200000,738.54931640625
5.064,-200000,-200000,774.97967529296875,-200000,-200000,-200000,-200000,734.9730224609375
5.068,-200000,-200000,775.36114501953125,-200000,-200000,-200000,-200000,738.74005126953125
5.072,-200000,-200000,773.83526611328125,-200000,-200000,-200000,-200000,735.54522705078125
5.076,-200000,-200000,777.0062255859375,-200000,-200000,-200000,-200000,737.28564453125
5.08,-200000,-200000,780.63018798828125,-200000,-200000,-200000,-200000,739.76513671875
5.084,-200000,-200000,774.2166748046875,-200000,-200000,-200000,-200000,737.26190185546875
5.088,-200000,-200000,773.83526611328125,-200000,-200000,-200000,-200000,737.5955810546875
5.092,-200000,-200000,777.8406982421875,-200000,-200000,-200000,-200000,736.26055908203125
5.096,-200000,-200000,776.88702392578125,-200000,-200000,-200000,-200000,736.451171875
5.1,-200000,-200000,773.69219970703125,-200000,-200000,-200000,-200000,737.97705078125
5.104,-200000,-200000,771.4271240234375,-200000,-200000,-200000,-200000,736.95196533203125
5.108,-200000,-200000,777.45928955078125,-200000,-200000,-200000,-200000,737.09490966796875
5.112,-200000,-200000,777.88836669921875,-200000,-200000,-200000,-200000,738.0247802734375
5.116,-200000,-200000,775.21807861328125,-200000,-200000,-200000,-200000,737.0234375
5.12,-200000,-200000,772.23779296875,-200000,-200000,-200000,-200000,736.99951171875
5.124,-200000,-200000,773.763671875,-200000,-200000,-200000,-200000,737.57177734375
5.128,-200000,-200000,778.03143310546875,-200000,-200000,-200000,-200000,736.37969970703125
5.132,-200000,-200000,775.90948486328125,-200000,-200000,-200000,-200000,739.04998779296875
5.136,-200000,-200000,772.35711669921875,-200000,-200000,-200000,-200000,738.59698486328125
5.14,-200000,-200000,775.98095703125,-200000,-200000,-200000,-200000,737.64337158203125
5.144,-200000,-200000,777.34002685546875,-200000,-200000,-200000,-200000,737.1903076171875
5.148,-200000,-200000,777.07781982421875,-200000,-200000,-200000,-200000,738.33477783203125
5.152,-200000,-200000,772.23779296875,-200000,-200000,-200000,-200000,738.1678466796875
5.156,-200000,-200000,774.455078125,-200000,-200000,-200000,-200000,738.2869873046875
5.16,-200000,-200000,777.0062255859375,-200000,-200000,-200000,-200000,738.525390625
5.164,-200000,-200000,777.5068359375,-200000,-200000,-200000,-200000,736.37969970703125
5.168,-200000,-200000,775.24188232421875,-200000,-200000,-200000,-200000,738.8592529296875
5.172,-200000,-200000,774.71746826171875,-200000,-200000,-200000,-200000,737.3333740234375
5.176,-200000,-200000,777.45928955078125,-200000,-200000,-200000,-200000,737.95330810546875
5.18,-200000,-200000,777.9598388671875,-200000,-200000,-200000,-200000,737.28564453125
5.184,-200000,-200000,774.26446533203125,-200000,-200000,-200000,-200000,737.90557861328125
5.188,-200000,-200000,773.42999267578125,-200000,-200000,-200000,-200000,736.80889892578125
5.192,-200000,-200000,776.76776123046875,-200000,-200000,-200000,-200000,737.71484375
5.196,-200000,-200000,779.41424560546875,-200000,-200000,-200000,-200000,736.57049560546875
5.2,-200000,-200000,776.4339599609375,-200000,-200000,-200000,-200000,738.93084716796875
5.204,-200000,-200000,775.17041015625,-200000,-200000,-200000,-200000,740.0751953125
5.208,-200000,-200000,775.67108154296875,-200000,-200000,-200000,-200000,738.04864501953125
5.212,-200000,-200000,777.912109375,-200000,-200000,-200000,-200000,738.54931640625
5.216,-200000,-200000,775.4326171875,-200000,-200000,-200000,-200000,737.21417236328125
5.22,-200000,-200000,772.6907958984375,-200000,-200000,-200000,-200000,736.68963623046875
5.224,-200000,-200000,775.40887451171875,-200000,-200000,-200000,-200000,736.95196533203125
5.228,-200000,-200000,777.62615966796875,-200000,-200000,-200000,-200000,736.42742919921875
5.232,-200000,-200000,775.5994873046875,-200000,-200000,-200000,-200000,736.52276611328125
5.236,-200000,-200000,774.40753173828125,-200000,-200000,-200000,-200000,738.2392578125
5.24,-200000,-200000,776.10028076171875,-200000,-200000,-200000,-200000,738.47784423828125
5.244,-200000,-200000,779.8671875,-200000,-200000,-200000,-200000,738.78778076171875
5.248,-200000,-200000,776.1717529296875,-200000,-200000,-200000,-200000,736.83270263671875
5.252,-200000,-200000,773.8114013671875,-200000,-200000,-200000,-200000,735.54522705078125
5.256,-200000,-200000,771.8563232421875,-200000,-200000,-200000,-200000,737.5955810546875
5.26,-200000,-200000,777.5068359375,-200000,-200000,-200000,-200000,737.40496826171875
5.264,-200000,-200000,776.55322265625,-200000,-200000,-200000,-200000,735.16375732421875
5.268,-200000,-200000,772.50018310546875,-200000,-200000,-200000,-200000,735.73602294921875
5.272,-200000,-200000,772.76239013671875,-200000,-200000,-200000,-200000,738.54931640625
5.276,-200000,-200000,777.34002685546875,-200000,-200000,-200000,-200000,737.1903076171875
5.28,-200000,-200000,778.22216796875,-200000,-200000,-200000,-200000,736.23663330078125
5.284,-200000,-200000,772.5477294921875,-200000,-200000,-200000,-200000,736.9041748046875
5.288,-200000,-200000,772.04718017578125,-200000,-200000,-200000,-200000,738.09637451171875
5.292,-200000,-200000,777.0062255859375,-200000,-200000,-200000,-200000,737.21417236328125
5.296,-200000,-200000,779.3426513671875,-200000,-200000,-200000,-200000,737.28564453125
5.3,-200000,-200000,775.7425537109375,-200000,-200000,-200000,-200000,736.52276611328125
5.304,-200000,-200000,771.35577392578125,-200000,-200000,-200000,-200000,736.23663330078125
5.308,-200000,-200000,775.5994873046875,-200000,-200000,-200000,-200000,737.07110595703125
5.312,-200000,-200000,777.45928955078125,-200000,-200000,-200000,-200000,736.83270263671875
5.316,-200000,-200000,775.5994873046875,-200000,-200000,-200000,-200000,736.4989013671875
5.32,-200000,-200000,773.763671875,-200000,-200000,-200000,-200000,738.0247802734375
5.324,-200000,-200000,776.5770263671875,-200000,-200000,-200000,-200000,738.525390625
5.328,-200000,-200000,779.15203857421875,-200000,-200000,-200000,-200000,736.71337890625
5.332,-200000,-200000,775.28955078125,-200000,-200000,-200000,-200000,736.95196533203125
5.336,-200000,-200000,775.28955078125,-200000,-200000,-200000,-200000,736.0697021484375
5.34,-200000,-200000,775.81414794921875,-200000,-200000,-200000,-200000,740.45672607421875
5.344,-200000,-200000,777.2684326171875,-200000,-200000,-200000,-200000,736.68963623046875
5.348,-200000,-200000,777.2684326171875,-200000,-200000,-200000,-200000,738.2869873046875
5.352,-200000,-200000,774.09747314453125,-200000,-200000,-200000,-200000,738.40625
5.356,-200000,-200000,776.50555419921875,-200000,-200000,-200000,-200000,739.1214599609375
5.36,-200000,-200000,777.0062255859375,-200000,-200000,-200000,-200000,735.87908935546875
5.364,-200000,-200000,779.8671875,-200000,-200000,-200000,-200000,738.59698486328125
5.368,-200000,-200000,776.4339599609375,-200000,-200000,-200000,-200000,737.97705078125
5.372,-200000,-200000,772.88165283203125,-200000,-200000,-200000,-200000,737.833984375
5.376,-200000,-200000,777.19696044921875,-200000,-200000,-200000,-200000,738.90692138671875
5.38,-200000,-200000,779.15203857421875,-200000,-200000,-200000,-200000,738.74005126953125
5.384,-200000,-200000,774.0736083984375,-200000,-200000,-200000,-200000,736.9041748046875
5.388,-200000,-200000,775.17041015625,-200000,-200000,-200000,-200000,738.93084716796875
5.392,-200000,-200000,776.55322265625,-200000,-200000,-200000,-200000,736.37969970703125
5.396,-200000,-200000,778.96124267578125,-200000,-200000,-200000,-200000,737.40496826171875
5.4,-200000,-200000,775.55194091796875,-200000,-200000,-200000,-200000,736.52276611328125
5.404,-200000,-200000,771.7371826171875,-200000,-200000,-200000,-200000,738.0247802734375
5.408,-200000,-200000,778.26983642578125,-200000,-200000,-200000,-200000,736.26055908203125
5.412,-200000,-200000,777.5068359375,-200000,-200000,-200000,-200000,737.3333740234375
5.416,-200000,-200000,775.93341064453125,-200000,-200000,-200000,-200000,737.0234375
5.42,-200000,-200000,774.97967529296875,-200000,-200000,-200000,-200000,738.66845703125
5.424,-200000,-200000,774.14520263671875,-200000,-200000,-200000,-200000,736.88037109375
5.428,-200000,-200000,778.15069580078125,-200000,-200000,-200000,-200000,735.9266357421875
5.432,-200000,-200000,775.71875,-200000,-200000,-200000,-200000,735.42608642578125
5.436,-200000,-200000,773.1199951171875,-200000,-200000,-200000,-200000,738.66845703125
5.44,-200000,-200000,774.7650146484375,-200000,-200000,-200000,-200000,735.99822998046875
5.444,-200000,-200000,775.93341064453125,-200000,-200000,-200000,-200000,736.451171875
5.448,-200000,-200000,775.98095703125,-200000,-200000,-200000,-200000,736.7611083984375
5.452,-200000,-200000,772.88165283203125,-200000,-200000,-200000,-200000,738.9783935546875
5.456,-200000,-200000,775.28955078125,-200000,-200000,-200000,-200000,739.5029296875
5.46,-200000,-200000,777.3876953125,-200000,-200000,-200000,-200000,736.95196533203125
5.464,-200000,-200000,777.0062255859375,-200000,-200000,-200000,-200000,736.30810546875
5.468,-200000,-200000,773.83526611328125,-200000,-200000,-200000,-200000,738.54931640625
5.472,-200000,-200000,772.81005859375,-200000,-200000,-200000,-200000,736.6180419921875
5.476,-200000,-200000,777.64990234375,-200000,-200000,-200000,-200000,738.09637451171875
5.48,-200000,-200000,779.3665771484375,-200000,-200000,-200000,-200000,736.7611083984375
5.484,-200000,-200000,774.40753173828125,-200000,-200000,-200000,-200000,738.09637451171875
5.488,-200000,-200000,772.0947265625,-200000,-200000,-200000,-200000,737.38104248046875
5.492,-200000,-200000,777.07781982421875,-200000,-200000,-200000,-200000,738.1439208984375
5.496,-200000,-200000,777.2684326171875,-200000,-200000,-200000,-200000,736.26055908203125
5.5,-200000,-200000,773.45379638671875,-200000,-200000,-200000,-200000,737.4525146484375
5.504,-200000,-200000,772.5477294921875,-200000,-200000,-200000,-200000,737.8577880859375
5.508,-200000,-200000,777.9598388671875,-200000,-200000,-200000,-200000,737.90557861328125
5.512,-200000,-200000,778.60369873046875,-200000,-200000,-200000,-200000,737.26190185546875
5.516,-200000,-200000,775.98095703125,-200000,-200000,-200000,-200000,735.0921630859375
5.52,-200000,-200000,773.3822021484375,-200000,-200000,-200000,-200000,738.09637451171875
5.524,-200000,-200000,776.3148193359375,-200000,-200000,-200000,-200000,735.3544921875
5.528,-200000,-200000,777.05389404296875,-200000,-200000,-200000,-200000,738.9783935546875
5.532,-200000,-200000,776.74395751953125,-200000,-200000,-200000,-200000,737.38104248046875
5.536,-200000,-200000,773.1199951171875,-200000,-200000,-200000,-200000,737.26190185546875
5.54,-200000,-200000,772.50018310546875,-200000,-200000,-200000,-200000,736.23663330078125
5.544,-200000,-200000,775.4326171875,-200000,-200000,-200000,-200000,736.7611083984375
5.548,-200000,-200000,777.64990234375,-200000,-200000,-200000,-200000,736.88037109375
5.552,-200000,-200000,773.33447265625,-200000,-200000,-200000,-200000,738.09637451171875
5.556,-200000,-200000,771.80859375,-200000,-200000,-200000,-200000,738.1678466796875
5.56,-200000,-200000,779.3426513671875,-200000,-200000,-200000,-200000,738.4300537109375
5.564,-200000,-200000,778.84210205078125,-200000,-200000,-200000,-200000,735.2352294921875
5.568,-200000,-200000,774.6458740234375,-200000,-200000,-200000,-200000,736.11749267578125
5.572,-200000,-200000,772.4285888671875,-200000,-200000,-200000,-200000,737.78643798828125
5.576,-200000,-200000,778.3890380859375,-200000,-200000,-200000,-200000,736.4989013671875
5.58,-200000,-200000,777.88836669921875,-200000,-200000,-200000,-200000,733.63787841796875
5.584,-200000,-200000,775.02734375,-200000,-200000,-200000,-200000,738.59698486328125
5.588,-200000,-200000,773.2630615234375,-200000,-200000,-200000,-200000,737.142578125
5.592,-200000,-200000,777.6976318359375,-200000,-200000,-200000,-200000,737.07110595703125
5.596,-200000,-200000,779.55731201171875,-200000,-200000,-200000,-200000,737.64337158203125
5.6,-200000,-200000,774.52667236328125,-200000,-200000,-200000,-200000,738.0247802734375
5.604,-200000,-200000,772.61932373046875,-200000,-200000,-200000,-200000,739.43145751953125
5.608,-200000,-200000,776.74395751953125,-200000,-200000,-200000,-200000,737.97705078125
5.612,-200000,-200000,779.41424560546875,-200000,-200000,-200000,-200000,738.2869873046875
5.616,-200000,-200000,774.4788818359375,-200000,-200000,-200000,-200000,737.78643798828125
5.62,-200000,-200000,774.0736083984375,-200000,-200000,-200000,-200000,738.90692138671875
5.624,-200000,-200000,773.45379638671875,-200000,-200000,-200000,-200000,735.68829345703125
5.628,-200000,-200000,780.29638671875,-200000,-200000,-200000,-200000,737.07110595703125
5.632,-200000,-200000,774.6458740234375,-200000,-200000,-200000,-200000,738.74005126953125
5.636,-200000,-200000,774.7650146484375,-200000,-200000,-200000,-200000,736.4989013671875
5.64,-200000,-200000,775.28955078125,-200000,-200000,-200000,-200000,736.451171875
5.644,-200000,-200000,777.76922607421875,-200000,-200000,-200000,-200000,735.9266357421875
5.648,-200000,-200000,776.1240234375,-200000,-200000,-200000,-200000,736.4989013671875
5.652,-200000,-200000,772.35711669921875,-200000,-200000,-200000,-200000,736.95196533203125
5.656,-200000,-200000,773.50146484375,-200000,-200000,-200000,-200000,735.9266357421875
5.66,-200000,-200000,775.67108154296875,-200000,-200000,-200000,-200000,736.18896484375
5.664,-200000,-200000,779.4857177734375,-200000,-200000,-200000,-200000,736.57049560546875
5.668,-200000,-200000,774.71746826171875,-200000,-200000,-200000,-200000,738.9783935546875
5.672,-200000,-200000,775.146484375,-200000,-200000,-200000,-200000,739.47918701171875
5.676,-200000,-200000,776.76776123046875,-200000,-200000,-200000,-200000,736.14129638671875
5.68,-200000,-200000,776.6962890625,-200000,-200000,-200000,-200000,735.56903076171875
5.684,-200000,-200000,776.38623046875,-200000,-200000,-200000,-200000,737.5955810546875
5.688,-200000,-200000,773.5252685546875,-200000,-200000,-200000,-200000,736.83270263671875
5.692,-200000,-200000,775.4326171875,-200000,-200000,-200000,-200000,736.71337890625
5.696,-200000,-200000,778.03143310546875,-200000,-200000,-200000,-200000,738.54931640625
5.7,-200000,-200000,774.9080810546875,-200000,-200000,-200000,-200000,735.759765625
5.704,-200000,-200000,775.93341064453125,-200000,-200000,-200000,-200000,737.833984375
5.708,-200000,-200000,775.86181640625,-200000,-200000,-200000,-200000,736.95196533203125
5.712,-200000,-200000,778.29364013671875,-200000,-200000,-200000,-200000,736.57049560546875
5.716,-200000,-200000,774.52667236328125,-200000,-200000,-200000,-200000,736.37969970703125
5.72,-200000,-200000,773.8114013671875,-200000,-200000,-200000,-200000,737.28564453125
5.724,-200000,-200000,774.7889404296875,-200000,-200000,-200000,-200000,737.97705078125
5.728,-200000,-200000,777.07781982421875,-200000,-200000,-200000,-200000,735.99822998046875
5.732,-200000,-200000,775.86181640625,-200000,-200000,-200000,-200000,738.40625
5.736,-200000,-200000,771.54638671875,-200000,-200000,-200000,-200000,736.26055908203125
5.74,-200000,-200000,774.0736083984375,-200000,-200000,-200000,-200000,737.21417236328125
5.744,-200000,-200000,777.45928955078125,-200000,-200000,-200000,-200000,738.1678466796875
5.748,-200000,-200000,776.1240234375,-200000,-200000,-200000,-200000,736.57049560546875
5.752,-200000,-200000,772.57159423828125,-200000,-200000,-200000,-200000,737.52410888671875
5.756,-200000,-200000,775.7425537109375,-200000,-200000,-200000,-200000,739.04998779296875
5.76,-200000,-200000,777.8406982421875,-200000,-200000,-200000,-200000,736.6419677734375
5.764,-200000,-200000,777.88836669921875,-200000,-200000,-200000,-200000,737.90557861328125
5.768,-200000,-200000,772.380859375,-200000,-200000,-200000,-200000,738.0247802734375
5.772,-200000,-200000,774.0736083984375,-200000,-200000,-200000,-200000,739.09765625
5.776,-200000,-200000,778.98516845703125,-200000,-200000,-200000,-200000,736.83270263671875
5.78,-200000,-200000,776.6962890625,-200000,-200000,-200000,-200000,737.142578125
5.784,-200000,-200000,772.35711669921875,-200000,-200000,-200000,-200000,736.99951171875
5.788,-200000,-200000,772.81005859375,-200000,-200000,-200000,-200000,737.78643798828125
5.792,-200000,-200000,777.6976318359375,-200000,-200000,-200000,-200000,736.88037109375
5.796,-200000,-200000,778.98516845703125,-200000,-200000,-200000,-200000,737.71484375
5.8,-200000,-200000,773.64453125,-200000,-200000,-200000,-200000,735.99822998046875
5.804,-200000,-200000,773.88299560546875,-200000,-200000,-200000,-200000,737.71484375
5.808,-200000,-200000,777.07781982421875,-200000,-200000,-200000,-200000,736.26055908203125
5.812,-200000,-200000,779.29510498046875,-200000,-200000,-200000,-200000,736.4989013671875
5.816,-200000,-200000,775.17041015625,-200000,-200000,-200000,-200000,738.74005126953125
5.82,-200000,-200000,773.64453125,-200000,-200000,-200000,-200000,736.57049560546875
5.824,-200000,-200000,777.62615966796875,-200000,-200000,-200000,-200000,736.6419677734375
5.828,-200000,-200000,779.60498046875,-200000,-200000,-200000,-200000,737.97705078125
5.832,-200000,-200000,774.3359375,-200000,-200000,-200000,-200000,736.7611083984375
5.836,-200000,-200000,773.9544677734375,-200000,-200000,-200000,-200000,737.1903076171875
5.84,-200000,-200000,774.59814453125,-200000,-200000,-200000,-200000,737.07110595703125
5.844,-200000,-200000,778.6512451171875,-200000,-200000,-200000,-200000,737.21417236328125
5.848,-200000,-200000,774.455078125,-200000,-200000,-200000,-200000,735.3544921875
5.852,-200000,-200000,773.2630615234375,-200000,-200000,-200000,-200000,736.451171875
5.856,-200000,-200000,776.3148193359375,-200000,-200000,-200000,-200000,740.52813720703125
5.86,-200000,-200000,777.2684326171875,-200000,-200000,-200000,-200000,736.6180419921875
5.864,-200000,-200000,778.84210205078125,-200000,-200000,-200000,-200000,737.71484375
5.868,-200000,-200000,773.57305908203125,-200000,-200000,-200000,-200000,737.66717529296875
5.872,-200000,-200000,772.6907958984375,-200000,-200000,-200000,-200000,739.04998779296875
5.876,-200000,-200000,775.93341064453125,-200000,-200000,-200000,-200000,735.3782958984375
5.88,-200000,-200000,777.57843017578125,-200000,-200000,-200000,-200000,736.52276611328125
5.884,-200000,-200000,773.19158935546875,-200000,-200000,-200000,-200000,737.90557861328125
5.888,-200000,-200000,772.9530029296875,-200000,-200000,-200000,-200000,737.0234375
5.892,-200000,-200000,777.62615966796875,-200000,-200000,-200000,-200000,736.7611083984375
5.896,-200000,-200000,778.00762939453125,-200000,-200000,-200000,-200000,734.73468017578125
5.9,-200000,-200000,774.71746826171875,-200000,-200000,-200000,-200000,737.76251220703125
5.904,-200000,-200000,771.7132568359375,-200000,-200000,-200000,-200000,738.35858154296875
5.908,-200000,-200000,775.62335205078125,-200000,-200000,-200000,-200000,737.21417236328125
5.912,-200000,-200000,779.98651123046875,-200000,-200000,-200000,-200000,737.3333740234375
5.916,-200000,-200000,777.2684326171875,-200000,-200000,-200000,-200000,739.5506591796875
5.92,-200000,-200000,774.09747314453125,-200000,-200000,-200000,-200000,737.47637939453125
5.924,-200000,-200000,775.24188232421875,-200000,-200000,-200000,-200000,737.28564453125
5.928,-200000,-200000,777.5068359375,-200000,-200000,-200000,-200000,735.95050048828125
5.932,-200000,-200000,774.40753173828125,-200000,-200000,-200000,-200000,736.0458984375
5.936,-200000,-200000,773.57305908203125,-200000,-200000,-200000,-200000,738.66845703125
5.94,-200000,-200000,776.1240234375,-200000,-200000,-200000,-200000,739.57452392578125
5.944,-200000,-200000,777.76922607421875,-200000,-200000,-200000,-200000,737.97705078125
5.948,-200000,-200000,776.6962890625,-200000,-200000,-200000,-200000,738.47784423828125
5.952,-200000,-200000,771.47491455078125,-200000,-200000,-200000,-200000,737.71484375
5.956,-200000,-200000,775.40887451171875,-200000,-200000,-200000,-200000,738.09637451171875
5.96,-200000,-200000,776.0047607421875,-200000,-200000,-200000,-200000,737.21417236328125
5.964,-200000,-200000,774.59814453125,-200000,-200000,-200000,-200000,736.6180419921875
5.968,-200000,-200000,773.3822021484375,-200000,-200000,-200000,-200000,735.87908935546875
5.972,-200000,-200000,774.40753173828125,-200000,-200000,-200000,-200000,738.47784423828125
5.976,-200000,-200000,777.05389404296875,-200000,-200000,-200000,-200000,737.0234375
5.98,-200000,-200000,777.9598388671875,-200000,-200000,-200000,-200000,737.47637939453125
5.984,-200000,-200000,774.52667236328125,-200000,-200000,-200000,-200000,737.52410888671875
5.988,-200000,-200000,773.9544677734375,-200000,-200000,-200000,-200000,738.78778076171875
5.992,-200000,-200000,775.02734375,-200000,-200000,-200000,-200000,738.1678466796875
5.996,-200000,-200000,779.24737548828125,-200000,-200000,-200000,-200000,737.52410888671875
6,-200000,-200000,774.6458740234375,-200000,-200000,-200000,-200000,737.52410888671875
6.004,-200000,-200000,773.00079345703125,-200000,-200000,-200000,-200000,737.26190185546875
6.008,-200000,-200000,776.67236328125,-200000,-200000,-200000,-200000,738.2392578125
6.012,-200000,-200000,779.10430908203125,-200000,-200000,-200000,-200000,736.83270263671875
6.016,-200000,-200000,776.48175048828125,-200000,-200000,-200000,-200000,736.95196533203125
6.02,-200000,-200000,772.0947265625,-200000,-200000,-200000,-200000,735.42608642578125
6.024,-200000,-200000,776.10028076171875,-200000,-200000,-200000,-200000,738.8592529296875
6.028,-200000,-200000,778.72283935546875,-200000,-200000,-200000,-200000,736.18896484375
6.032,-200000,-200000,775.7425537109375,-200000,-200000,-200000,-200000,736.0697021484375
6.036,-200000,-200000,773.62060546875,-200000,-200000,-200000,-200000,737.40496826171875
6.04,-200000,-200000,776.8154296875,-200000,-200000,-200000,-200000,737.90557861328125
6.044,-200000,-200000,777.76922607421875,-200000,-200000,-200000,-200000,737.71484375
6.048,-200000,-200000,774.40753173828125,-200000,-200000,-200000,-200000,735.49755859375
6.052,-200000,-200000,770.40203857421875,-200000,-200000,-200000,-200000,737.21417236328125
6.056,-200000,-200000,774.95587158203125,-200000,-200000,-200000,-200000,736.451171875
6.06,-200000,-200000,778.6512451171875,-200000,-200000,-200000,-200000,738.59698486328125
6.064,-200000,-200000,777.8406982421875,-200000,-200000,-200000,-200000,735.1160888671875
6.068,-200000,-200000,773.42999267578125,-200000,-200000,-200000,-200000,738.21551513671875
6.072,-200000,-200000,774.57440185546875,-200000,-200000,-200000,-200000,738.0247802734375
6.076,-200000,-200000,777.45928955078125,-200000,-200000,-200000,-200000,737.97705078125
6.08,-200000,-200000,777.14923095703125,-200000,-200000,-200000,-200000,737.5955810546875
6.084,-200000,-200000,774.57440185546875,-200000,-200000,-200000,-200000,739.86065673828125
6.088,-200000,-200000,775.55194091796875,-200000,-200000,-200000,-200000,737.78643798828125
6.092,-200000,-200000,774.455078125,-200000,-200000,-200000,-200000,734.52001953125
6.096,-200000,-200000,777.88836669921875,-200000,-200000,-200000,-200000,735.73602294921875
6.1,-200000,-200000,773.83526611328125,-200000,-200000,-200000,-200000,736.42742919921875
6.104,-200000,-200000,773.71600341796875,-200000,-200000,-200000,-200000,737.64337158203125
6.108,-200000,-200000,777.45928955078125,-200000,-200000,-200000,-200000,738.09637451171875
6.112,-200000,-200000,777.19696044921875,-200000,-200000,-200000,-200000,736.37969970703125
6.116,-200000,-200000,772.2855224609375,-200000,-200000,-200000,-200000,737.0234375
6.12,-200000,-200000,773.763671875,-200000,-200000,-200000,-200000,737.8577880859375
6.124,-200000,-200000,776.4339599609375,-200000,-200000,-200000,-200000,737.3333740234375
6.128,-200000,-200000,777.3876953125,-200000,-200000,-200000,-200000,736.18896484375
6.132,-200000,-200000,774.83660888671875,-200000,-200000,-200000,-200000,738.2869873046875
6.136,-200000,-200000,774.28826904296875,-200000,-200000,-200000,-200000,738.2392578125
6.14,-200000,-200000,774.71746826171875,-200000,-200000,-200000,-200000,737.5955810546875
6.144,-200000,-200000,778.57977294921875,-200000,-200000,-200000,-200000,736.68963623046875
6.148,-200000,-200000,777.2684326171875,-200000,-200000,-200000,-200000,737.97705078125
6.152,-200000,-200000,771.7371826171875,-200000,-200000,-200000,-200000,736.88037109375
6.156,-200000,-200000,773.88299560546875,-200000,-200000,-200000,-200000,739.00225830078125
6.16,-200000,-200000,778.0791015625,-200000,-200000,-200000,-200000,736.30810546875
6.164,-200000,-200000,778.22216796875,-200000,-200000,-200000,-200000,739.16925048828125
6.168,-200000,-200000,776.6962890625,-200000,-200000,-200000,-200000,738.4300537109375
6.172,-200000,-200000,773.3822021484375,-200000,-200000,-200000,-200000,740.33740234375
6.176,-200000,-200000,776.3148193359375,-200000,-200000,-200000,-200000,734.1385498046875
6.18,-200000,-200000,777.3876953125,-200000,-200000,-200000,-200000,736.37969970703125
6.184,-200000,-200000,774.83660888671875,-200000,-200000,-200000,-200000,738.1678466796875
6.188,-200000,-200000,771.7371826171875,-200000,-200000,-200000,-200000,737.64337158203125
6.192,-200000,-200000,776.05255126953125,-200000,-200000,-200000,-200000,735.3782958984375
6.196,-200000,-200000,777.14923095703125,-200000,-200000,-200000,-200000,736.95196533203125
6.2,-200000,-200000,774.14520263671875,-200000,-200000,-200000,-200000,736.6419677734375
6.204,-200000,-200000,772.16632080078125,-200000,-200000,-200000,-200000,737.90557861328125
6.208,-200000,-200000,777.34002685546875,-200000,-200000,-200000,-200000,739.24072265625
6.212,-200000,-200000,780.12957763671875,-200000,-200000,-200000,-200000,737.95330810546875
6.216,-200000,-200000,772.76239013671875,-200000,-200000,-200000,-200000,736.83270263671875
6.22,-200000,-200000,772.16632080078125,-200000,-200000,-200000,-200000,737.8577880859375
6.224,-200000,-200000,777.45928955078125,-200000,-200000,-200000,-200000,735.95050048828125
6.228,-200000,-200000,776.1717529296875,-200000,-200000,-200000,-200000,738.8592529296875
6.232,-200000,-200000,775.17041015625,-200000,-200000,-200000,-200000,738.66845703125
6.236,-200000,-200000,771.9755859375,-200000,-200000,-200000,-200000,737.07110595703125
6.24,-200000,-200000,776.19561767578125,-200000,-200000,-200000,-200000,739.31231689453125
6.244,-200000,-200000,777.0062255859375,-200000,-200000,-200000,-200000,735.85516357421875
6.248,-200000,-200000,774.6458740234375,-200000,-200000,-200000,-200000,736.4989013671875
6.252,-200000,-200000,775.02734375,-200000,-200000,-200000,-200000,737.8577880859375
6.256,-200000,-200000,775.67108154296875,-200000,-200000,-200000,-200000,738.0247802734375
6.26,-200000,-200000,777.64990234375,-200000,-200000,-200000,-200000,735.87908935546875
6.264,-200000,-200000,775.62335205078125,-200000,-200000,-200000,-200000,736.95196533203125
6.268,-200000,-200000,772.81005859375,-200000,-200000,-200000,-200000,737.833984375
6.272,-200000,-200000,774.97967529296875,-200000,-200000,-200000,-200000,738.59698486328125
6.276,-200000,-200000,776.4339599609375,-200000,-200000,-200000,-200000,738.78778076171875
6.28,-200000,-200000,779.81951904296875,-200000,-200000,-200000,-200000,735.2352294921875
6.284,-200000,-200000,775.5994873046875,-200000,-200000,-200000,-200000,738.2869873046875
6.288,-200000,-200000,772.380859375,-200000,-200000,-200000,-200000,735.28302001953125
6.292,-200000,-200000,775.98095703125,-200000,-200000,-200000,-200000,737.52410888671875
6.296,-200000,-200000,779.10430908203125,-200000,-200000,-200000,-200000,736.23663330078125
6.3,-200000,-200000,775.17041015625,-200000,-200000,-200000,-200000,738.09637451171875
6.304,-200000,-200000,775.55194091796875,-200000,-200000,-200000,-200000,740.00372314453125
6.308,-200000,-200000,775.98095703125,-200000,-200000,-200000,-200000,739.16925048828125
6.312,-200000,-200000,777.0062255859375,-200000,-200000,-200000,-200000,736.4989013671875
6.316,-200000,-200000,775.98095703125,-200000,-200000,-200000,-200000,735.73602294921875
6.32,-200000,-200000,774.455078125,-200000,-200000,-200000,-200000,738.8592529296875
6.324,-200000,-200000,776.05255126953125,-200000,-200000,-200000,-200000,737.5955810546875
6.328,-200000,-200000,777.6976318359375,-200000,-200000,-200000,-200000,736.71337890625
6.332,-200000,-200000,776.8154296875,-200000,-200000,-200000,-200000,737.40496826171875
6.336,-200000,-200000,769.87744140625,-200000,-200000,-200000,-200000,735.42608642578125
6.34,-200000,-200000,776.36248779296875,-200000,-200000,-200000,-200000,737.5955810546875
6.344,-200000,-200000,779.03271484375,-200000,-200000,-200000,-200000,737.0234375
6.348,-200000,-200000,775.36114501953125,-200000,-200000,-200000,-200000,736.83270263671875
6.352,-200000,-200000,771.78485107421875,-200000,-200000,-200000,-200000,739.1214599609375
6.356,-200000,-200000,774.26446533203125,-200000,-200000,-200000,-200000,738.35858154296875
6.36,-200000,-200000,777.9598388671875,-200000,-200000,-200000,-200000,736.37969970703125
6.364,-200000,-200000,776.24334716796875,-200000,-200000,-200000,-200000,736.0697021484375
6.368,-200000,-200000,774.14520263671875,-200000,-200000,-200000,-200000,737.07110595703125
6.372,-200000,-200000,773.57305908203125,-200000,-200000,-200000,-200000,737.09490966796875
6.376,-200000,-200000,776.3148193359375,-200000,-200000,-200000,-200000,736.4989013671875
6.38,-200000,-200000,777.0062255859375,-200000,-200000,-200000,-200000,736.6419677734375
6.384,-200000,-200000,772.11865234375,-200000,-200000,-200000,-200000,736.23663330078125
6.388,-200000,-200000,773.763671875,-200000,-200000,-200000,-200000,735.99822998046875
6.392,-200000,-200000,776.62481689453125,-200000,-200000,-200000,-200000,737.52410888671875
6.396,-200000,-200000,776.6962890625,-200000,-200000,-200000,-200000,737.95330810546875
6.4,-200000,-200000,775.81414794921875,-200000,-200000,-200000,-200000,737.97705078125
6.404,-200000,-200000,772.57159423828125,-200000,-200000,-200000,-200000,735.61669921875
6.408,-200000,-200000,777.88836669921875,-200000,-200000,-200000,-200000,738.40625
6.412,-200000,-200000,776.4339599609375,-200000,-200000,-200000,-200000,735.99822998046875
6.416,-200000,-200000,775.0511474609375,-200000,-200000,-200000,-200000,738.2869873046875
6.42,-200000,-200000,774.26446533203125,-200000,-200000,-200000,-200000,738.525390625
6.424,-200000,-200000,773.88299560546875,-200000,-200000,-200000,-200000,735.8074951171875
6.428,-200000,-200000,777.9598388671875,-200000,-200000,-200000,-200000,737.57177734375
6.432,-200000,-200000,774.97967529296875,-200000,-200000,-200000,-200000,737.40496826171875
6.436,-200000,-200000,773.763671875,-200000,-200000,-200000,-200000,737.4525146484375
6.44,-200000,-200000,774.9080810546875,-200000,-200000,-200000,-200000,738.40625
6.444,-200000,-200000,777.14923095703125,-200000,-200000,-200000,-200000,735.8074951171875
6.448,-200000,-200000,776.76776123046875,-200000,-200000,-200000,-200000,737.0234375
6.452,-200000,-200000,773.90673828125,-200000,-200000,-200000,-200000,738.2869873046875
6.456,-200000,-200000,772.61932373046875,-200000,-200000,-200000,-200000,737.28564453125
6.46,-200000,-200000,779.67657470703125,-200000,-200000,-200000,-200000,735.95050048828125
6.464,-200000,-200000,777.24462890625,-200000,-200000,-200000,-200000,736.68963623046875
6.468,-200000,-200000,776.0047607421875,-200000,-200000,-200000,-200000,737.833984375
6.472,-200000,-200000,773.3822021484375,-200000,-200000,-200000,-200000,738.0247802734375
6.476,-200000,-200000,778.86590576171875,-200000,-200000,-200000,-200000,737.5955810546875
6.48,-200000,-200000,778.46063232421875,-200000,-200000,-200000,-200000,736.0697021484375
6.484,-200000,-200000,773.19158935546875,-200000,-200000,-200000,-200000,736.88037109375
6.488,-200000,-200000,770.7596435546875,-200000,-200000,-200000,-200000,736.4989013671875
6.492,-200000,-200000,777.72149658203125,-200000,-200000,-200000,-200000,738.2869873046875
6.496,-200000,-200000,779.43798828125,-200000,-200000,-200000,-200000,737.52410888671875
6.5,-200000,-200000,774.59814453125,-200000,-200000,-200000,-200000,737.3333740234375
6.504,-200000,-200000,770.66424560546875,-200000,-200000,-200000,-200000,737.8577880859375
6.508,-200000,-200000,776.1717529296875,-200000,-200000,-200000,-200000,737.64337158203125
6.512,-200000,-200000,779.03271484375,-200000,-200000,-200000,-200000,736.7611083984375
6.516,-200000,-200000,773.763671875,-200000,-200000,-200000,-200000,737.4525146484375
6.52,-200000,-200000,773.763671875,-200000,-200000,-200000,-200000,737.52410888671875
6.524,-200000,-200000,776.4339599609375,-200000,-200000,-200000,-200000,737.0234375
6.528,-200000,-200000,780.01025390625,-200000,-200000,-200000,-200000,737.26190185546875
6.532,-200000,-200000,774.57440185546875,-200000,-200000,-200000,-200000,736.68963623046875
6.536,-200000,-200000,772.23779296875,-200000,-200000,-200000,-200000,734.61541748046875
6.54,-200000,-200000,775.62335205078125,-200000,-200000,-200000,-200000,737.52410888671875
6.544,-200000,-200000,776.88702392578125,-200000,-200000,-200000,-200000,734.90155029296875
6.548,-200000,-200000,777.912109375,-200000,-200000,-200000,-200000,736.4989013671875
6.552,-200000,-200000,773.83526611328125,-200000,-200000,-200000,-200000,736.88037109375
6.556,-200000,-200000,772.5477294921875,-200000,-200000,-200000,-200000,735.95050048828125
6.56,-200000,-200000,776.55322265625,-200000,-200000,-200000,-200000,737.52410888671875
6.564,-200000,-200000,777.0062255859375,-200000,-200000,-200000,-200000,737.40496826171875
6.568,-200000,-200000,774.83660888671875,-200000,-200000,-200000,-200000,738.35858154296875
6.572,-200000,-200000,773.69219970703125,-200000,-200000,-200000,-200000,736.7611083984375
6.576,-200000,-200000,776.62481689453125,-200000,-200000,-200000,-200000,737.78643798828125
6.58,-200000,-200000,775.67108154296875,-200000,-200000,-200000,-200000,735.87908935546875
6.584,-200000,-200000,773.1199951171875,-200000,-200000,-200000,-200000,739.09765625
6.588,-200000,-200000,771.52264404296875,-200000,-200000,-200000,-200000,739.04998779296875
6.592,-200000,-200000,776.6962890625,-200000,-200000,-200000,-200000,735.9266357421875
6.596,-200000,-200000,777.72149658203125,-200000,-200000,-200000,-200000,733.66162109375
6.6,-200000,-200000,773.88299560546875,-200000,-200000,-200000,-200000,738.66845703125
6.604,-200000,-200000,771.78485107421875,-200000,-200000,-200000,-200000,736.68963623046875
6.608,-200000,-200000,777.72149658203125,-200000,-200000,-200000,-200000,737.90557861328125
6.612,-200000,-200000,775.4326171875,-200000,-200000,-200000,-200000,737.97705078125
6.616,-200000,-200000,775.55194091796875,-200000,-200000,-200000,-200000,737.21417236328125
6.62,-200000,-200000,772.4285888671875,-200000,-200000,-200000,-200000,736.14129638671875
6.624,-200000,-200000,775.36114501953125,-200000,-200000,-200000,-200000,737.5955810546875
6.628,-200000,-200000,777.64990234375,-200000,-200000,-200000,-200000,738.0247802734375
6.632,-200000,-200000,773.69219970703125,-200000,-200000,-200000,-200000,737.1903076171875
6.636,-200000,-200000,773.00079345703125,-200000,-200000,-200000,-200000,737.09490966796875
6.64,-200000,-200000,777.76922607421875,-200000,-200000,-200000,-200000,737.90557861328125
6.644,-200000,-200000,777.6976318359375,-200000,-200000,-200000,-200000,735.61669921875
6.648,-200000,-200000,776.93475341796875,-200000,-200000,-200000,-200000,735.87908935546875
6.652,-200000,-200000,772.73858642578125,-200000,-200000,-200000,-200000,737.5955810546875
6.656,-200000,-200000,775.4803466796875,-200000,-200000,-200000,-200000,735.42608642578125
6.66,-200000,-200000,776.88702392578125,-200000,-200000,-200000,-200000,735.16375732421875
6.664,-200000,-200000,776.76776123046875,-200000,-200000,-200000,-200000,738.21551513671875
6.668,-200000,-200000,771.9993896484375,-200000,-200000,-200000,-200000,736.7611083984375
6.672,-200000,-200000,772.5477294921875,-200000,-200000,-200000,-200000,735.99822998046875
6.676,-200000,-200000,777.45928955078125,-200000,-200000,-200000,-200000,736.4989013671875
6.68,-200000,-200000,775.93341064453125,-200000,-200000,-200000,-200000,736.57049560546875
6.684,-200000,-200000,774.6458740234375,-200000,-200000,-200000,-200000,739.47918701171875
6.688,-200000,-200000,772.35711669921875,-200000,-200000,-200000,-200000,736.26055908203125
6.692,-200000,-200000,776.1240234375,-200000,-200000,-200000,-200000,736.68963623046875
6.696,-200000,-200000,775.67108154296875,-200000,-200000,-200000,-200000,735.85516357421875
6.7,-200000,-200000,772.88165283203125,-200000,-200000,-200000,-200000,736.88037109375
6.704,-200000,-200000,773.00079345703125,-200000,-200000,-200000,-200000,738.40625
6.708,-200000,-200000,777.6976318359375,-200000,-200000,-200000,-200000,737.40496826171875
6.712,-200000,-200000,777.57843017578125,-200000,-200000,-200000,-200000,736.83270263671875
6.716,-200000,-200000,774.83660888671875,-200000,-200000,-200000,-200000,737.07110595703125
6.72,-200000,-200000,775.28955078125,-200000,-200000,-200000,-200000,737.95330810546875
6.724,-200000,-200000,774.59814453125,-200000,-200000,-200000,-200000,735.68829345703125
6.728,-200000,-200000,778.26983642578125,-200000,-200000,-200000,-200000,735.2352294921875
6.732,-200000,-200000,773.45379638671875,-200000,-200000,-200000,-200000,734.73468017578125
6.736,-200000,-200000,771.5941162109375,-200000,-200000,-200000,-200000,738.21551513671875
6.74,-200000,-200000,775.0511474609375,-200000,-200000,-200000,-200000,735.87908935546875
6.744,-200000,-200000,778.484375,-200000,-200000,-200000,-200000,736.11749267578125
6.748,-200000,-200000,772.50018310546875,-200000,-200000,-200000,-200000,734.0908203125
6.752,-200000,-200000,772.47625732421875,-200000,-200000,-200000,-200000,736.451171875
6.756,-200000,-200000,774.14520263671875,-200000,-200000,-200000,-200000,738.35858154296875
6.76,-200000,-200000,779.2235107421875,-200000,-200000,-200000,-200000,735.61669921875
6.764,-200000,-200000,776.93475341796875,-200000,-200000,-200000,-200000,736.88037109375
6.768,-200000,-200000,773.33447265625,-200000,-200000,-200000,-200000,734.7822265625
6.772,-200000,-200000,773.83526611328125,-200000,-200000,-200000,-200000,736.80889892578125
6.776,-200000,-200000,777.62615966796875,-200000,-200000,-200000,-200000,737.26190185546875
6.78,-200000,-200000,776.93475341796875,-200000,-200000,-200000,-200000,737.71484375
6.784,-200000,-200000,772.04718017578125,-200000,-200000,-200000,-200000,737.1903076171875
6.788,-200000,-200000,772.76239013671875,-200000,-200000,-200000,-200000,737.57177734375
6.792,-200000,-200000,775.62335205078125,-200000,-200000,-200000,-200000,735.61669921875
6.796,-200000,-200000,777.6976318359375,-200000,-200000,-200000,-200000,735.8074951171875
6.8,-200000,-200000,773.64453125,-200000,-200000,-200000,-200000,738.1678466796875
6.804,-200000,-200000,772.76239013671875,-200000,-200000,-200000,-200000,737.142578125
6.808,-200000,-200000,777.2684326171875,-200000,-200000,-200000,-200000,737.3333740234375
6.812,-200000,-200000,778.03143310546875,-200000,-200000,-200000,-200000,736.3319091796875
6.816,-200000,-200000,772.5477294921875,-200000,-200000,-200000,-200000,736.451171875
6.82,-200000,-200000,772.35711669921875,-200000,-200000,-200000,-200000,734.6630859375
6.824,-200000,-200000,778.0791015625,-200000,-200000,-200000,-200000,736.71337890625
6.828,-200000,-200000,778.34130859375,-200000,-200000,-200000,-200000,737.26190185546875
6.832,-200000,-200000,775.4803466796875,-200000,-200000,-200000,-200000,738.33477783203125
6.836,-200000,-200000,771.9993896484375,-200000,-200000,-200000,-200000,736.4989013671875
6.84,-200000,-200000,774.2166748046875,-200000,-200000,-200000,-200000,735.42608642578125
6.844,-200000,-200000,776.88702392578125,-200000,-200000,-200000,-200000,738.74005126953125
6.848,-200000,-200000,773.45379638671875,-200000,-200000,-200000,-200000,737.09490966796875
6.852,-200000,-200000,772.85772705078125,-200000,-200000,-200000,-200000,736.30810546875
6.856,-200000,-200000,774.2166748046875,-200000,-200000,-200000,-200000,736.3319091796875
6.86,-200000,-200000,777.1253662109375,-200000,-200000,-200000,-200000,736.26055908203125
6.864,-200000,-200000,775.4803466796875,-200000,-200000,-200000,-200000,737.0234375
6.868,-200000,-200000,773.90673828125,-200000,-200000,-200000,-200000,737.28564453125
6.872,-200000,-200000,774.455078125,-200000,-200000,-200000,-200000,738.78778076171875
6.876,-200000,-200000,775.5994873046875,-200000,-200000,-200000,-200000,737.0234375
6.88,-200000,-200000,777.45928955078125,-200000,-200000,-200000,-200000,735.56903076171875
6.884,-200000,-200000,772.16632080078125,-200000,-200000,-200000,-200000,738.74005126953125
6.888,-200000,-200000,772.35711669921875,-200000,-200000,-200000,-200000,737.40496826171875
6.892,-200000,-200000,776.24334716796875,-200000,-200000,-200000,-200000,738.0247802734375
6.896,-200000,-200000,777.6976318359375,-200000,-200000,-200000,-200000,737.64337158203125
6.9,-200000,-200000,773.5252685546875,-200000,-200000,-200000,-200000,735.73602294921875
6.904,-200000,-200000,772.4285888671875,-200000,-200000,-200000,-200000,737.21417236328125
6.908,-200000,-200000,777.0062255859375,-200000,-200000,-200000,-200000,737.28564453125
6.912,-200000,-200000,778.46063232421875,-200000,-200000,-200000,-200000,737.40496826171875
6.916,-200000,-200000,774.83660888671875,-200000,-200000,-200000,-200000,735.3544921875
6.92,-200000,-200000,773.50146484375,-200000,-200000,-200000,-200000,737.26190185546875
6.924,-200000,-200000,775.67108154296875,-200000,-200000,-200000,-200000,737.8577880859375
6.928,-200000,-200000,778.1982421875,-200000,-200000,-200000,-200000,737.90557861328125
6.932,-200000,-200000,773.1199951171875,-200000,-200000,-200000,-200000,736.95196533203125
6.936,-200000,-200000,771.8563232421875,-200000,-200000,-200000,-200000,734.8060302734375
6.94,-200000,-200000,775.86181640625,-200000,-200000,-200000,-200000,736.7611083984375
6.944,-200000,-200000,778.72283935546875,-200000,-200000,-200000,-200000,738.9783935546875
6.948,-200000,-200000,776.4339599609375,-200000,-200000,-200000,-200000,738.47784423828125
6.952,-200000,-200000,770.0682373046875,-200000,-200000,-200000,-200000,735.16375732421875
6.956,-200000,-200000,775.7425537109375,-200000,-200000,-200000,-200000,738.40625
6.96,-200000,-200000,776.5770263671875,-200000,-200000,-200000,-200000,735.61669921875
6.964,-200000,-200000,778.6512451171875,-200000,-200000,-200000,-200000,737.26190185546875
6.968,-200000,-200000,772.61932373046875,-200000,-200000,-200000,-200000,738.54931640625
6.972,-200000,-200000,773.00079345703125,-200000,-200000,-200000,-200000,738.54931640625
6.976,-200000,-200000,776.05255126953125,-200000,-200000,-200000,-200000,735.04461669921875
6.98,-200000,-200000,777.5068359375,-200000,-200000,-200000,-200000,737.142578125
6.984,-200000,-200000,771.4033203125,-200000,-200000,-200000,-200000,737.0234375
6.988,-200000,-200000,773.31072998046875,-200000,-200000,-200000,-200000,738.2869873046875
6.992,-200000,-200000,775.79034423828125,-200000,-200000,-200000,-200000,736.42742919921875
6.996,-200000,-200000,777.05389404296875,-200000,-200000,-200000,-200000,739.6697998046875
7,-200000,-200000,773.04852294921875,-200000,-200000,-200000,-200000,736.4989013671875
7.004,-200000,-200000,771.9993896484375,-200000,-200000,-200000,-200000,736.6180419921875
7.008,-200000,-200000,776.24334716796875,-200000,-200000,-200000,-200000,738.47784423828125
7.012,-200000,-200000,776.36248779296875,-200000,-200000,-200000,-200000,735.54522705078125
7.016,-200000,-200000,772.57159423828125,-200000,-200000,-200000,-200000,734.92529296875
7.02,-200000,-200000,773.14385986328125,-200000,-200000,-200000,-200000,737.57177734375
7.024,-200000,-200000,778.0791015625,-200000,-200000,-200000,-200000,738.09637451171875
7.028,-200000,-200000,777.24462890625,-200000,-200000,-200000,-200000,737.66717529296875
7.032,-200000,-200000,774.26446533203125,-200000,-200000,-200000,-200000,737.07110595703125
7.036,-200000,-200000,773.3822021484375,-200000,-200000,-200000,-200000,736.37969970703125
7.04,-200000,-200000,775.09893798828125,-200000,-200000,-200000,-200000,737.833984375
7.044,-200000,-200000,776.3148193359375,-200000,-200000,-200000,-200000,735.42608642578125
7.048,-200000,-200000,774.02606201171875,-200000,-200000,-200000,-200000,735.2352294921875
7.052,-200000,-200000,775.09893798828125,-200000,-200000,-200000,-200000,737.57177734375
7.056,-200000,-200000,773.83526611328125,-200000,-200000,-200000,-200000,735.6644287109375
7.06,-200000,-200000,776.76776123046875,-200000,-200000,-200000,-200000,737.0234375
7.064,-200000,-200000,777.24462890625,-200000,-200000,-200000,-200000,737.09490966796875
7.068,-200000,-200000,773.1199951171875,-200000,-200000,-200000,-200000,736.37969970703125
7.072,-200000,-200000,772.92919921875,-200000,-200000,-200000,-200000,736.9041748046875
7.076,-200000,-200000,778.91357421875,-200000,-200000,-200000,-200000,736.3319091796875
7.08,-200000,-200000,775.55194091796875,-200000,-200000,-200000,-200000,735.04461669921875
7.084,-200000,-200000,773.83526611328125,-200000,-200000,-200000,-200000,736.7611083984375
7.088,-200000,-200000,773.2391357421875,-200000,-200000,-200000,-200000,738.9783935546875
7.092,-200000,-200000,777.5068359375,-200000,-200000,-200000,-200000,735.28302001953125
7.096,-200000,-200000,775.90948486328125,-200000,-200000,-200000,-200000,736.88037109375
7.1,-200000,-200000,774.02606201171875,-200000,-200000,-200000,-200000,736.95196533203125
7.104,-200000,-200000,772.16632080078125,-200000,-200000,-200000,-200000,736.4989013671875
7.108,-200000,-200000,777.05389404296875,-200000,-200000,-200000,-200000,738.1678466796875
7.112,-200000,-200000,778.0791015625,-200000,-200000,-200000,-200000,736.57049560546875
7.116,-200000,-200000,772.81005859375,-200000,-200000,-200000,-200000,736.95196533203125
7.12,-200000,-200000,774.00213623046875,-200000,-200000,-200000,-200000,738.1678466796875
7.124,-200000,-200000,773.62060546875,-200000,-200000,-200000,-200000,736.18896484375
7.128,-200000,-200000,778.91357421875,-200000,-200000,-200000,-200000,736.0697021484375
7.132,-200000,-200000,771.2841796875,-200000,-200000,-200000,-200000,734.8060302734375
7.136,-200000,-200000,775.17041015625,-200000,-200000,-200000,-200000,739.88446044921875
7.14,-200000,-200000,776.36248779296875,-200000,-200000,-200000,-200000,735.68829345703125
7.144,-200000,-200000,779.6287841796875,-200000,-200000,-200000,-200000,735.30682373046875
7.148,-200000,-200000,776.36248779296875,-200000,-200000,-200000,-200000,738.04864501953125
7.152,-200000,-200000,774.02606201171875,-200000,-200000,-200000,-200000,738.62078857421875
7.156,-200000,-200000,774.71746826171875,-200000,-200000,-200000,-200000,737.09490966796875
7.16,-200000,-200000,779.29510498046875,-200000,-200000,-200000,-200000,735.8074951171875
7.164,-200000,-200000,775.7425537109375,-200000,-200000,-200000,-200000,736.4989013671875
7.168,-200000,-200000,775.40887451171875,-200000,-200000,-200000,-200000,736.88037109375
7.172,-200000,-200000,773.88299560546875,-200000,-200000,-200000,-200000,736.37969970703125
7.176,-200000,-200000,778.03143310546875,-200000,-200000,-200000,-200000,734.92529296875
7.18,-200000,-200000,779.17578125,-200000,-200000,-200000,-200000,737.0234375
7.184,-200000,-200000,776.10028076171875,-200000,-200000,-200000,-200000,738.0247802734375
7.188,-200000,-200000,774.26446533203125,-200000,-200000,-200000,-200000,738.1678466796875
7.192,-200000,-200000,776.0047607421875,-200000,-200000,-200000,-200000,737.64337158203125
7.196,-200000,-200000,778.26983642578125,-200000,-200000,-200000,-200000,736.88037109375
7.2,-200000,-200000,777.2684326171875,-200000,-200000,-200000,-200000,737.26190185546875
7.204,-200000,-200000,775.98095703125,-200000,-200000,-200000,-200000,738.0247802734375
7.208,-200000,-200000,776.50555419921875,-200000,-200000,-200000,-200000,737.07110595703125
7.212,-200000,-200000,777.76922607421875,-200000,-200000,-200000,-200000,735.9266357421875
7.216,-200000,-200000,772.88165283203125,-200000,-200000,-200000,-200000,737.21417236328125
7.22,-200000,-200000,773.2630615234375,-200000,-200000,-200000,-200000,738.40625
7.224,-200000,-200000,777.0062255859375,-200000,-200000,-200000,-200000,735.9266357421875
7.228,-200000,-200000,776.1240234375,-200000,-200000,-200000,-200000,734.04315185546875
7.232,-200000,-200000,773.3822021484375,-200000,-200000,-200000,-200000,735.8074951171875
7.236,-200000,-200000,772.6907958984375,-200000,-200000,-200000,-200000,737.52410888671875
7.24,-200000,-200000,775.93341064453125,-200000,-200000,-200000,-200000,736.11749267578125
7.244,-200000,-200000,779.4857177734375,-200000,-200000,-200000,-200000,737.71484375
7.248,-200000,-200000,776.50555419921875,-200000,-200000,-200000,-200000,737.142578125
7.252,-200000,-200000,771.09344482421875,-200000,-200000,-200000,-200000,737.0234375
7.256,-200000,-200000,776.88702392578125,-200000,-200000,-200000,-200000,736.57049560546875
7.26,-200000,-200000,776.1240234375,-200000,-200000,-200000,-200000,735.30682373046875
7.264,-200000,-200000,775.36114501953125,-200000,-200000,-200000,-200000,734.73468017578125
7.268,-200000,-200000,772.88165283203125,-200000,-200000,-200000,-200000,736.37969970703125
7.272,-200000,-200000,772.73858642578125,-200000,-200000,-200000,-200000,738.1678466796875
7.276,-200000,-200000,777.05389404296875,-200000,-200000,-200000,-200000,736.95196533203125
7.28,-200000,-200000,777.5068359375,-200000,-200000,-200000,-200000,736.451171875
7.284,-200000,-200000,771.2841796875,-200000,-200000,-200000,-200000,735.49755859375
7.288,-200000,-200000,773.45379638671875,-200000,-200000,-200000,-200000,737.71484375
7.292,-200000,-200000,776.24334716796875,-200000,-200000,-200000,-200000,736.68963623046875
7.296,-200000,-200000,776.4339599609375,-200000,-200000,-200000,-200000,737.52410888671875
7.3,-200000,-200000,773.9544677734375,-200000,-200000,-200000,-200000,737.142578125
7.304,-200000,-200000,774.2166748046875,-200000,-200000,-200000,-200000,738.2869873046875
7.308,-200000,-200000,774.57440185546875,-200000,-200000,-200000,-200000,734.32928466796875
7.312,-200000,-200000,777.3876953125,-200000,-200000,-200000,-200000,736.71337890625
7.316,-200000,-200000,774.7889404296875,-200000,-200000,-200000,-200000,736.57049560546875
7.32,-200000,-200000,771.9755859375,-200000,-200000,-200000,-200000,738.09637451171875
7.324,-200000,-200000,775.28955078125,-200000,-200000,-200000,-200000,737.21417236328125
7.328,-200000,-200000,776.50555419921875,-200000,-200000,-200000,-200000,736.7611083984375
7.332,-200000,-200000,775.09893798828125,-200000,-200000,-200000,-200000,738.09637451171875
7.336,-200000,-200000,772.92919921875,-200000,-200000,-200000,-200000,737.3333740234375
7.34,-200000,-200000,774.59814453125,-200000,-200000,-200000,-200000,736.0697021484375
7.344,-200000,-200000,779.3665771484375,-200000,-200000,-200000,-200000,735.73602294921875
7.348,-200000,-200000,774.83660888671875,-200000,-200000,-200000,-200000,737.1903076171875
7.352,-200000,-200000,773.83526611328125,-200000,-200000,-200000,-200000,738.8592529296875
7.356,-200000,-200000,774.40753173828125,-200000,-200000,-200000,-200000,737.07110595703125
7.36,-200000,-200000,777.34002685546875,-200000,-200000,-200000,-200000,736.3319091796875
7.364,-200000,-200000,775.17041015625,-200000,-200000,-200000,-200000,737.52410888671875
7.368,-200000,-200000,771.66571044921875,-200000,-200000,-200000,-200000,735.30682373046875
7.372,-200000,-200000,774.14520263671875,-200000,-200000,-200000,-200000,737.4525146484375
7.376,-200000,-200000,776.76776123046875,-200000,-200000,-200000,-200000,734.9730224609375
7.38,-200000,-200000,776.0047607421875,-200000,-200000,-200000,-200000,734.85382080078125
7.384,-200000,-200000,773.14385986328125,-200000,-200000,-200000,-200000,737.38104248046875
7.388,-200000,-200000,772.6669921875,-200000,-200000,-200000,-200000,735.49755859375
7.392,-200000,-200000,776.4339599609375,-200000,-200000,-200000,-200000,735.73602294921875
7.396,-200000,-200000,776.4339599609375,-200000,-200000,-200000,-200000,733.2801513671875
7.4,-200000,-200000,774.0736083984375,-200000,-200000,-200000,-200000,735.49755859375
7.404,-200000,-200000,770.25897216796875,-200000,-200000,-200000,-200000,735.99822998046875
7.408,-200000,-200000,774.66973876953125,-200000,-200000,-200000,-200000,734.16241455078125
7.412,-200000,-200000,775.79034423828125,-200000,-200000,-200000,-200000,735.49755859375
7.416,-200000,-200000,772.81005859375,-200000,-200000,-200000,-200000,735.8074951171875
7.42,-200000,-200000,772.6669921875,-200000,-200000,-200000,-200000,737.8577880859375
7.424,-200000,-200000,775.81414794921875,-200000,-200000,-200000,-200000,736.7611083984375
7.428,-200000,-200000,777.0062255859375,-200000,-200000,-200000,-200000,736.30810546875
7.432,-200000,-200000,775.36114501953125,-200000,-200000,-200000,-200000,736.95196533203125
7.436,-200000,-200000,771.23651123046875,-200000,-200000,-200000,-200000,735.04461669921875
7.44,-200000,-200000,774.3359375,-200000,-200000,-200000,-200000,734.8060302734375
7.444,-200000,-200000,778.84210205078125,-200000,-200000,-200000,-200000,735.4736328125
7.448,-200000,-200000,776.1717529296875,-200000,-200000,-200000,-200000,737.90557861328125
7.452,-200000,-200000,773.3822021484375,-200000,-200000,-200000,-200000,735.30682373046875
7.456,-200000,-200000,774.02606201171875,-200000,-200000,-200000,-200000,737.4525146484375
7.46,-200000,-200000,776.62481689453125,-200000,-200000,-200000,-200000,735.1160888671875
7.464,-200000,-200000,773.8114013671875,-200000,-200000,-200000,-200000,736.68963623046875
7.468,-200000,-200000,772.2855224609375,-200000,-200000,-200000,-200000,736.6419677734375
7.472,-200000,-200000,772.47625732421875,-200000,-200000,-200000,-200000,735.99822998046875
7.476,-200000,-200000,776.5770263671875,-200000,-200000,-200000,-200000,737.4525146484375
7.48,-200000,-200000,776.10028076171875,-200000,-200000,-200000,-200000,735.49755859375
7.484,-200000,-200000,772.9530029296875,-200000,-200000,-200000,-200000,736.7611083984375
7.488,-200000,-200000,773.42999267578125,-200000,-200000,-200000,-200000,738.54931640625
7.492,-200000,-200000,775.21807861328125,-200000,-200000,-200000,-200000,735.61669921875
7.496,-200000,-200000,777.0062255859375,-200000,-200000,-200000,-200000,734.92529296875
7.5,-200000,-200000,774.2166748046875,-200000,-200000,-200000,-200000,737.142578125
7.504,-200000,-200000,772.73858642578125,-200000,-200000,-200000,-200000,736.6180419921875
7.508,-200000,-200000,776.74395751953125,-200000,-200000,-200000,-200000,736.80889892578125
7.512,-200000,-200000,780.12957763671875,-200000,-200000,-200000,-200000,737.8577880859375
7.516,-200000,-200000,775.28955078125,-200000,-200000,-200000,-200000,737.71484375
7.52,-200000,-200000,771.47491455078125,-200000,-200000,-200000,-200000,737.26190185546875
7.524,-200000,-200000,773.83526611328125,-200000,-200000,-200000,-200000,738.1678466796875
7.528,-200000,-200000,777.57843017578125,-200000,-200000,-200000,-200000,738.9783935546875
7.532,-200000,-200000,773.8114013671875,-200000,-200000,-200000,-200000,736.95196533203125
7.536,-200000,-200000,771.54638671875,-200000,-200000,-200000,-200000,737.52410888671875
7.54,-200000,-200000,776.93475341796875,-200000,-200000,-200000,-200000,739.16925048828125
7.544,-200000,-200000,778.03143310546875,-200000,-200000,-200000,-200000,736.0458984375
7.548,-200000,-200000,776.1240234375,-200000,-200000,-200000,-200000,736.95196533203125
7.552,-200000,-200000,773.69219970703125,-200000,-200000,-200000,-200000,737.90557861328125
7.556,-200000,-200000,775.40887451171875,-200000,-200000,-200000,-200000,737.64337158203125
7.56,-200000,-200000,775.4803466796875,-200000,-200000,-200000,-200000,734.6630859375
7.564,-200000,-200000,774.59814453125,-200000,-200000,-200000,-200000,736.37969970703125
7.568,-200000,-200000,773.19158935546875,-200000,-200000,-200000,-200000,735.68829345703125
7.572,-200000,-200000,776.05255126953125,-200000,-200000,-200000,-200000,736.26055908203125
7.576,-200000,-200000,777.07781982421875,-200000,-200000,-200000,-200000,734.8060302734375
7.58,-200000,-200000,776.74395751953125,-200000,-200000,-200000,-200000,736.4989013671875
7.584,-200000,-200000,774.97967529296875,-200000,-200000,-200000,-200000,736.451171875
7.588,-200000,-200000,771.52264404296875,-200000,-200000,-200000,-200000,737.71484375
7.592,-200000,-200000,777.2684326171875,-200000,-200000,-200000,-200000,734.9730224609375
7.596,-200000,-200000,775.93341064453125,-200000,-200000,-200000,-200000,736.6419677734375
7.6,-200000,-200000,773.763671875,-200000,-200000,-200000,-200000,737.4525146484375
7.604,-200000,-200000,773.62060546875,-200000,-200000,-200000,-200000,738.1678466796875
7.608,-200000,-200000,773.90673828125,-200000,-200000,-200000,-200000,736.30810546875
7.612,-200000,-200000,776.4339599609375,-200000,-200000,-200000,-200000,737.3333740234375
7.616,-200000,-200000,775.52801513671875,-200000,-200000,-200000,-200000,736.26055908203125
7.62,-200000,-200000,772.11865234375,-200000,-200000,-200000,-200000,735.2352294921875
7.624,-200000,-200000,775.4803466796875,-200000,-200000,-200000,-200000,736.3319091796875
7.628,-200000,-200000,775.86181640625,-200000,-200000,-200000,-200000,736.88037109375
7.632,-200000,-200000,775.4326171875,-200000,-200000,-200000,-200000,737.07110595703125
7.636,-200000,-200000,770.4735107421875,-200000,-200000,-200000,-200000,736.30810546875
7.64,-200000,-200000,774.9080810546875,-200000,-200000,-200000,-200000,734.7822265625
7.644,-200000,-200000,775.7425537109375,-200000,-200000,-200000,-200000,737.40496826171875
7.648,-200000,-200000,776.1240234375,-200000,-200000,-200000,-200000,737.21417236328125
7.652,-200000,-200000,772.50018310546875,-200000,-200000,-200000,-200000,737.26190185546875
7.656,-200000,-200000,774.455078125,-200000,-200000,-200000,-200000,736.99951171875
7.66,-200000,-200000,779.93878173828125,-200000,-200000,-200000,-200000,737.142578125
7.664,-200000,-200000,774.9080810546875,-200000,-200000,-200000,-200000,736.95196533203125
7.668,-200000,-200000,773.8114013671875,-200000,-200000,-200000,-200000,736.57049560546875
7.672,-200000,-200000,771.9755859375,-200000,-200000,-200000,-200000,738.2869873046875
7.676,-200000,-200000,778.15069580078125,-200000,-200000,-200000,-200000,736.95196533203125
7.68,-200000,-200000,775.4803466796875,-200000,-200000,-200000,-200000,736.99951171875
7.684,-200000,-200000,772.9530029296875,-200000,-200000,-200000,-200000,735.4736328125
7.688,-200000,-200000,771.52264404296875,-200000,-200000,-200000,-200000,737.142578125
7.692,-200000,-200000,776.62481689453125,-200000,-200000,-200000,-200000,735.95050048828125
7.696,-200000,-200000,777.76922607421875,-200000,-200000,-200000,-200000,735.759765625
7.7,-200000,-200000,771.09344482421875,-200000,-200000,-200000,-200000,735.9266357421875
7.704,-200000,-200000,774.59814453125,-200000,-200000,-200000,-200000,737.5955810546875
7.708,-200000,-200000,776.55322265625,-200000,-200000,-200000,-200000,734.52001953125
7.712,-200000,-200000,776.55322265625,-200000,-200000,-200000,-200000,736.71337890625
7.716,-200000,-200000,772.92919921875,-200000,-200000,-200000,-200000,736.37969970703125
7.72,-200000,-200000,774.57440185546875,-200000,-200000,-200000,-200000,737.57177734375
7.724,-200000,-200000,774.9080810546875,-200000,-200000,-200000,-200000,734.7822265625
7.728,-200000,-200000,775.09893798828125,-200000,-200000,-200000,-200000,734.71075439453125
7.732,-200000,-200000,775.28955078125,-200000,-200000,-200000,-200000,736.451171875
7.736,-200000,-200000,770.1873779296875,-200000,-200000,-200000,-200000,734.9730224609375
7.74,-200000,-200000,774.95587158203125,-200000,-200000,-200000,-200000,737.0234375
7.744,-200000,-200000,775.93341064453125,-200000,-200000,-200000,-200000,733.2801513671875
7.748,-200000,-200000,774.3359375,-200000,-200000,-200000,-200000,735.2352294921875
7.752,-200000,-200000,772.81005859375,-200000,-200000,-200000,-200000,735.54522705078125
7.756,-200000,-200000,773.2630615234375,-200000,-200000,-200000,-200000,736.30810546875
7.76,-200000,-200000,775.24188232421875,-200000,-200000,-200000,-200000,734.73468017578125
7.764,-200000,-200000,776.93475341796875,-200000,-200000,-200000,-200000,738.2869873046875
7.768,-200000,-200000,772.92919921875,-200000,-200000,-200000,-200000,738.59698486328125
7.772,-200000,-200000,773.69219970703125,-200000,-200000,-200000,-200000,736.42742919921875
7.776,-200000,-200000,776.6962890625,-200000,-200000,-200000,-200000,736.0697021484375
7.78,-200000,-200000,774.8603515625,-200000,-200000,-200000,-200000,736.57049560546875
7.784,-200000,-200000,772.5477294921875,-200000,-200000,-200000,-200000,735.9266357421875
7.788,-200000,-200000,774.26446533203125,-200000,-200000,-200000,-200000,735.95050048828125
7.792,-200000,-200000,777.19696044921875,-200000,-200000,-200000,-200000,737.07110595703125
7.796,-200000,-200000,775.93341064453125,-200000,-200000,-200000,-200000,735.56903076171875
7.8,-200000,-200000,772.4285888671875,-200000,-200000,-200000,-200000,732.82733154296875
7.804,-200000,-200000,774.19287109375,-200000,-200000,-200000,-200000,737.0234375
7.808,-200000,-200000,774.26446533203125,-200000,-200000,-200000,-200000,736.6419677734375
7.812,-200000,-200000,777.1253662109375,-200000,-200000,-200000,-200000,735.54522705078125
7.816,-200000,-200000,774.14520263671875,-200000,-200000,-200000,-200000,736.7611083984375
7.82,-200000,-200000,772.30938720703125,-200000,-200000,-200000,-200000,736.30810546875
7.824,-200000,-200000,775.71875,-200000,-200000,-200000,-200000,736.68963623046875
7.828,-200000,-200000,779.17578125,-200000,-200000,-200000,-200000,735.0921630859375
7.832,-200000,-200000,774.0736083984375,-200000,-200000,-200000,-200000,735.68829345703125
7.836,-200000,-200000,770.4735107421875,-200000,-200000,-200000,-200000,736.18896484375
7.84,-200000,-200000,774.52667236328125,-200000,-200000,-200000,-200000,737.07110595703125
7.844,-200000,-200000,775.62335205078125,-200000,-200000,-200000,-200000,735.30682373046875
7.848,-200000,-200000,774.4788818359375,-200000,-200000,-200000,-200000,735.3544921875
7.852,-200000,-200000,772.47625732421875,-200000,-200000,-200000,-200000,737.0234375
7.856,-200000,-200000,776.10028076171875,-200000,-200000,-200000,-200000,737.40496826171875
7.86,-200000,-200000,777.72149658203125,-200000,-200000,-200000,-200000,736.95196533203125
7.864,-200000,-200000,776.05255126953125,-200000,-200000,-200000,-200000,735.1160888671875
7.868,-200000,-200000,771.9993896484375,-200000,-200000,-200000,-200000,735.04461669921875
7.872,-200000,-200000,773.3822021484375,-200000,-200000,-200000,-200000,734.16241455078125
7.876,-200000,-200000,777.14923095703125,-200000,-200000,-200000,-200000,736.9041748046875
7.88,-200000,-200000,775.93341064453125,-200000,-200000,-200000,-200000,737.5955810546875
7.884,-200000,-200000,773.00079345703125,-200000,-200000,-200000,-200000,740.0751953125
7.888,-200000,-200000,774.00213623046875,-200000,-200000,-200000,-200000,737.47637939453125
7.892,-200000,-200000,778.41290283203125,-200000,-200000,-200000,-200000,737.52410888671875
7.896,-200000,-200000,775.98095703125,-200000,-200000,-200000,-200000,736.7611083984375
7.9,-200000,-200000,773.3822021484375,-200000,-200000,-200000,-200000,736.0697021484375
7.904,-200000,-200000,771.7371826171875,-200000,-200000,-200000,-200000,735.68829345703125
7.908,-200000,-200000,777.88836669921875,-200000,-200000,-200000,-200000,736.95196533203125
7.912,-200000,-200000,776.74395751953125,-200000,-200000,-200000,-200000,736.4989013671875
7.916,-200000,-200000,773.69219970703125,-200000,-200000,-200000,-200000,733.9716796875
7.92,-200000,-200000,772.4285888671875,-200000,-200000,-200000,-200000,735.95050048828125
7.924,-200000,-200000,776.0047607421875,-200000,-200000,-200000,-200000,735.68829345703125
7.928,-200000,-200000,776.6962890625,-200000,-200000,-200000,-200000,734.85382080078125
7.932,-200000,-200000,774.97967529296875,-200000,-200000,-200000,-200000,736.88037109375
7.936,-200000,-200000,771.0218505859375,-200000,-200000,-200000,-200000,736.4989013671875
7.94,-200000,-200000,775.28955078125,-200000,-200000,-200000,-200000,735.87908935546875
7.944,-200000,-200000,778.46063232421875,-200000,-200000,-200000,-200000,736.0697021484375
7.948,-200000,-200000,774.4788818359375,-200000,-200000,-200000,-200000,735.68829345703125
7.952,-200000,-200000,776.3148193359375,-200000,-200000,-200000,-200000,737.64337158203125
7.956,-200000,-200000,775.5994873046875,-200000,-200000,-200000,-200000,737.71484375
7.96,-200000,-200000,776.93475341796875,-200000,-200000,-200000,-200000,737.1903076171875
7.964,-200000,-200000,776.8154296875,-200000,-200000,-200000,-200000,738.7161865234375
7.968,-200000,-200000,774.09747314453125,-200000,-200000,-200000,-200000,736.4989013671875
7.972,-200000,-200000,773.9544677734375,-200000,-200000,-200000,-200000,735.87908935546875
7.976,-200000,-200000,776.1717529296875,-200000,-200000,-200000,-200000,736.23663330078125
7.98,-200000,-200000,777.64990234375,-200000,-200000,-200000,-200000,734.59161376953125
7.984,-200000,-200000,774.40753173828125,-200000,-200000,-200000,-200000,736.23663330078125
7.988,-200000,-200000,772.5477294921875,-200000,-200000,-200000,-200000,734.47235107421875
7.992,-200000,-200000,775.09893798828125,-200000,-200000,-200000,-200000,735.42608642578125
7.996,-200000,-200000,775.93341064453125,-200000,-200000,-200000,-200000,736.0697021484375
8,-200000,-200000,773.00079345703125,-200000,-200000,-200000,-200000,738.47784423828125
8.004,-200000,-200000,771.1649169921875,-200000,-200000,-200000,-200000,735.30682373046875
8.008,-200000,-200000,775.28955078125,-200000,-200000,-200000,-200000,734.16241455078125
8.012,-200000,-200000,776.38623046875,-200000,-200000,-200000,-200000,735.54522705078125
8.016,-200000,-200000,771.78485107421875,-200000,-200000,-200000,-200000,737.142578125
8.02,-200000,-200000,771.35577392578125,-200000,-200000,-200000,-200000,737.26190185546875
8.024,-200000,-200000,776.0047607421875,-200000,-200000,-200000,-200000,736.9041748046875
8.028,-200000,-200000,777.912109375,-200000,-200000,-200000,-200000,735.759765625
8.032,-200000,-200000,774.0736083984375,-200000,-200000,-200000,-200000,737.64337158203125
8.036,-200000,-200000,772.23779296875,-200000,-200000,-200000,-200000,736.71337890625
8.04,-200000,-200000,775.36114501953125,-200000,-200000,-200000,-200000,734.92529296875
8.044,-200000,-200000,776.6962890625,-200000,-200000,-200000,-200000,736.88037109375
8.048,-200000,-200000,772.4285888671875,-200000,-200000,-200000,-200000,734.9730224609375
8.052,-200000,-200000,772.0947265625,-200000,-200000,-200000,-200000,734.16241455078125
8.056,-200000,-200000,777.24462890625,-200000,-200000,-200000,-200000,737.3333740234375
8.06,-200000,-200000,776.4339599609375,-200000,-200000,-200000,-200000,735.04461669921875
8.064,-200000,-200000,776.38623046875,-200000,-200000,-200000,-200000,735.87908935546875
8.068,-200000,-200000,771.9755859375,-200000,-200000,-200000,-200000,736.83270263671875
8.072,-200000,-200000,775.79034423828125,-200000,-200000,-200000,-200000,735.87908935546875
8.076,-200000,-200000,775.4803466796875,-200000,-200000,-200000,-200000,737.52410888671875
8.08,-200000,-200000,776.3148193359375,-200000,-200000,-200000,-200000,736.71337890625
8.084,-200000,-200000,774.3359375,-200000,-200000,-200000,-200000,737.78643798828125
8.088,-200000,-200000,774.40753173828125,-200000,-200000,-200000,-200000,738.54931640625
8.092,-200000,-200000,776.8154296875,-200000,-200000,-200000,-200000,735.42608642578125
8.096,-200000,-200000,776.2908935546875,-200000,-200000,-200000,-200000,734.21014404296875
8.1,-200000,-200000,774.83660888671875,-200000,-200000,-200000,-200000,735.42608642578125
8.104,-200000,-200000,774.26446533203125,-200000,-200000,-200000,-200000,737.90557861328125
8.108,-200000,-200000,775.67108154296875,-200000,-200000,-200000,-200000,736.80889892578125
8.112,-200000,-200000,775.98095703125,-200000,-200000,-200000,-200000,738.1678466796875
8.116,-200000,-200000,772.6907958984375,-200000,-200000,-200000,-200000,735.30682373046875
8.12,-200000,-200000,772.30938720703125,-200000,-200000,-200000,-200000,736.80889892578125
8.124,-200000,-200000,776.67236328125,-200000,-200000,-200000,-200000,737.57177734375
8.128,-200000,-200000,776.88702392578125,-200000,-200000,-200000,-200000,737.07110595703125
8.132,-200000,-200000,774.40753173828125,-200000,-200000,-200000,-200000,737.57177734375
8.136,-200000,-200000,769.87744140625,-200000,-200000,-200000,-200000,736.83270263671875
8.14,-200000,-200000,776.36248779296875,-200000,-200000,-200000,-200000,736.99951171875
8.144,-200000,-200000,777.31622314453125,-200000,-200000,-200000,-200000,735.3544921875
8.148,-200000,-200000,774.26446533203125,-200000,-200000,-200000,-200000,735.95050048828125
8.152,-200000,-200000,773.9544677734375,-200000,-200000,-200000,-200000,737.66717529296875
8.156,-200000,-200000,773.83526611328125,-200000,-200000,-200000,-200000,736.0697021484375
8.16,-200000,-200000,778.22216796875,-200000,-200000,-200000,-200000,737.21417236328125
8.164,-200000,-200000,774.3359375,-200000,-200000,-200000,-200000,737.64337158203125
8.168,-200000,-200000,770.25897216796875,-200000,-200000,-200000,-200000,736.57049560546875
8.172,-200000,-200000,773.69219970703125,-200000,-200000,-200000,-200000,738.62078857421875
8.176,-200000,-200000,775.5994873046875,-200000,-200000,-200000,-200000,736.95196533203125
8.18,-200000,-200000,775.21807861328125,-200000,-200000,-200000,-200000,736.0697021484375
8.184,-200000,-200000,771.66571044921875,-200000,-200000,-200000,-200000,734.92529296875
8.188,-200000,-200000,774.26446533203125,-200000,-200000,-200000,-200000,735.49755859375
8.192,-200000,-200000,775.79034423828125,-200000,-200000,-200000,-200000,734.16241455078125
8.196,-200000,-200000,774.97967529296875,-200000,-200000,-200000,-200000,734.99688720703125
8.2,-200000,-200000,774.7650146484375,-200000,-200000,-200000,-200000,737.142578125
8.204,-200000,-200000,772.76239013671875,-200000,-200000,-200000,-200000,736.37969970703125
8.208,-200000,-200000,777.19696044921875,-200000,-200000,-200000,-200000,737.40496826171875
8.212,-200000,-200000,776.3148193359375,-200000,-200000,-200000,-200000,738.0247802734375
8.216,-200000,-200000,775.93341064453125,-200000,-200000,-200000,-200000,736.68963623046875
8.22,-200000,-200000,774.2166748046875,-200000,-200000,-200000,-200000,737.26190185546875
8.224,-200000,-200000,774.3359375,-200000,-200000,-200000,-200000,735.68829345703125
8.228,-200000,-200000,778.00762939453125,-200000,-200000,-200000,-200000,738.47784423828125
8.232,-200000,-200000,771.9993896484375,-200000,-200000,-200000,-200000,736.6419677734375
8.236,-200000,-200000,772.50018310546875,-200000,-200000,-200000,-200000,738.4300537109375
8.24,-200000,-200000,775.52801513671875,-200000,-200000,-200000,-200000,738.21551513671875
8.244,-200000,-200000,776.62481689453125,-200000,-200000,-200000,-200000,735.99822998046875
8.248,-200000,-200000,775.146484375,-200000,-200000,-200000,-200000,737.90557861328125
8.252,-200000,-200000,772.2855224609375,-200000,-200000,-200000,-200000,735.6644287109375
8.256,-200000,-200000,773.71600341796875,-200000,-200000,-200000,-200000,737.40496826171875
8.26,-200000,-200000,775.62335205078125,-200000,-200000,-200000,-200000,733.90020751953125
8.264,-200000,-200000,774.14520263671875,-200000,-200000,-200000,-200000,735.3782958984375
8.268,-200000,-200000,774.09747314453125,-200000,-200000,-200000,-200000,738.0247802734375
8.272,-200000,-200000,774.28826904296875,-200000,-200000,-200000,-200000,735.95050048828125
8.276,-200000,-200000,778.0791015625,-200000,-200000,-200000,-200000,736.68963623046875
8.28,-200000,-200000,776.74395751953125,-200000,-200000,-200000,-200000,737.40496826171875
8.284,-200000,-200000,773.62060546875,-200000,-200000,-200000,-200000,736.71337890625
8.288,-200000,-200000,772.35711669921875,-200000,-200000,-200000,-200000,737.1903076171875
8.292,-200000,-200000,775.79034423828125,-200000,-200000,-200000,-200000,737.07110595703125
8.296,-200000,-200000,777.57843017578125,-200000,-200000,-200000,-200000,734.9730224609375
8.3,-200000,-200000,773.2391357421875,-200000,-200000,-200000,-200000,734.2816162109375
8.304,-200000,-200000,773.83526611328125,-200000,-200000,-200000,-200000,737.64337158203125
8.308,-200000,-200000,775.67108154296875,-200000,-200000,-200000,-200000,738.1439208984375
8.312,-200000,-200000,777.45928955078125,-200000,-200000,-200000,-200000,738.1678466796875
8.316,-200000,-200000,774.26446533203125,-200000,-200000,-200000,-200000,738.74005126953125
8.32,-200000,-200000,773.1199951171875,-200000,-200000,-200000,-200000,736.57049560546875
8.324,-200000,-200000,775.0511474609375,-200000,-200000,-200000,-200000,737.5955810546875
8.328,-200000,-200000,775.90948486328125,-200000,-200000,-200000,-200000,735.6644287109375
8.332,-200000,-200000,771.78485107421875,-200000,-200000,-200000,-200000,735.68829345703125
8.336,-200000,-200000,771.2841796875,-200000,-200000,-200000,-200000,736.99951171875
8.34,-200000,-200000,775.28955078125,-200000,-200000,-200000,-200000,737.142578125
8.344,-200000,-200000,777.62615966796875,-200000,-200000,-200000,-200000,737.47637939453125
8.348,-200000,-200000,775.4803466796875,-200000,-200000,-200000,-200000,734.92529296875
8.352,-200000,-200000,773.763671875,-200000,-200000,-200000,-200000,736.0697021484375
8.356,-200000,-200000,776.74395751953125,-200000,-200000,-200000,-200000,737.64337158203125
8.36,-200000,-200000,775.62335205078125,-200000,-200000,-200000,-200000,735.56903076171875
8.364,-200000,-200000,775.55194091796875,-200000,-200000,-200000,-200000,736.30810546875
8.368,-200000,-200000,770.13983154296875,-200000,-200000,-200000,-200000,734.21014404296875
8.372,-200000,-200000,772.9530029296875,-200000,-200000,-200000,-200000,736.99951171875
8.376,-200000,-200000,775.7425537109375,-200000,-200000,-200000,-200000,736.7611083984375
8.38,-200000,-200000,774.3359375,-200000,-200000,-200000,-200000,737.78643798828125
8.384,-200000,-200000,773.8114013671875,-200000,-200000,-200000,-200000,737.07110595703125
8.388,-200000,-200000,773.64453125,-200000,-200000,-200000,-200000,738.8115234375
8.392,-200000,-200000,777.45928955078125,-200000,-200000,-200000,-200000,738.47784423828125
8.396,-200000,-200000,777.3876953125,-200000,-200000,-200000,-200000,738.2392578125
8.4,-200000,-200000,771.7132568359375,-200000,-200000,-200000,-200000,735.759765625
8.404,-200000,-200000,772.73858642578125,-200000,-200000,-200000,-200000,737.833984375
8.408,-200000,-200000,776.88702392578125,-200000,-200000,-200000,-200000,736.57049560546875
8.412,-200000,-200000,778.6512451171875,-200000,-200000,-200000,-200000,735.85516357421875
8.416,-200000,-200000,773.1199951171875,-200000,-200000,-200000,-200000,736.11749267578125
8.42,-200000,-200000,774.2166748046875,-200000,-200000,-200000,-200000,735.68829345703125
8.424,-200000,-200000,776.93475341796875,-200000,-200000,-200000,-200000,735.8074951171875
8.428,-200000,-200000,776.24334716796875,-200000,-200000,-200000,-200000,736.451171875
8.432,-200000,-200000,773.50146484375,-200000,-200000,-200000,-200000,734.35321044921875
8.436,-200000,-200000,771.61798095703125,-200000,-200000,-200000,-200000,737.3333740234375
8.44,-200000,-200000,776.38623046875,-200000,-200000,-200000,-200000,735.8074951171875
8.444,-200000,-200000,777.19696044921875,-200000,-200000,-200000,-200000,736.95196533203125
8.448,-200000,-200000,775.40887451171875,-200000,-200000,-200000,-200000,737.78643798828125
8.452,-200000,-200000,772.47625732421875,-200000,-200000,-200000,-200000,736.95196533203125
8.456,-200000,-200000,774.97967529296875,-200000,-200000,-200000,-200000,738.40625
8.46,-200000,-200000,776.3148193359375,-200000,-200000,-200000,-200000,736.0697021484375
8.464,-200000,-200000,777.3876953125,-200000,-200000,-200000,-200000,738.7161865234375
8.468,-200000,-200000,772.50018310546875,-200000,-200000,-200000,-200000,737.3333740234375
8.472,-200000,-200000,774.3359375,-200000,-200000,-200000,-200000,735.99822998046875
8.476,-200000,-200000,776.55322265625,-200000,-200000,-200000,-200000,735.4736328125
8.48,-200000,-200000,777.64990234375,-200000,-200000,-200000,-200000,735.87908935546875
8.484,-200000,-200000,772.9530029296875,-200000,-200000,-200000,-200000,737.07110595703125
8.488,-200000,-200000,772.88165283203125,-200000,-200000,-200000,-200000,735.85516357421875
8.492,-200000,-200000,777.05389404296875,-200000,-200000,-200000,-200000,736.11749267578125
8.496,-200000,-200000,776.05255126953125,-200000,-200000,-200000,-200000,735.99822998046875
8.5,-200000,-200000,773.50146484375,-200000,-200000,-200000,-200000,735.68829345703125
8.504,-200000,-200000,772.19012451171875,-200000,-200000,-200000,-200000,737.07110595703125
8.508,-200000,-200000,777.6976318359375,-200000,-200000,-200000,-200000,737.76251220703125
8.512,-200000,-200000,776.0047607421875,-200000,-200000,-200000,-200000,737.47637939453125
8.516,-200000,-200000,771.54638671875,-200000,-200000,-200000,-200000,736.451171875
8.52,-200000,-200000,770.66424560546875,-200000,-200000,-200000,-200000,735.2352294921875
8.524,-200000,-200000,775.98095703125,-200000,-200000,-200000,-200000,737.07110595703125
8.528,-200000,-200000,775.17041015625,-200000,-200000,-200000,-200000,734.04315185546875
8.532,-200000,-200000,773.3822021484375,-200000,-200000,-200000,-200000,736.71337890625
8.536,-200000,-200000,772.4285888671875,-200000,-200000,-200000,-200000,737.64337158203125
8.54,-200000,-200000,775.81414794921875,-200000,-200000,-200000,-200000,735.54522705078125
8.544,-200000,-200000,777.43536376953125,-200000,-200000,-200000,-200000,737.78643798828125
8.548,-200000,-200000,772.81005859375,-200000,-200000,-200000,-200000,736.23663330078125
8.552,-200000,-200000,773.00079345703125,-200000,-200000,-200000,-200000,736.26055908203125
8.556,-200000,-200000,774.26446533203125,-200000,-200000,-200000,-200000,737.52410888671875
8.56,-200000,-200000,776.50555419921875,-200000,-200000,-200000,-200000,735.85516357421875
8.564,-200000,-200000,777.0062255859375,-200000,-200000,-200000,-200000,736.18896484375
8.568,-200000,-200000,772.85772705078125,-200000,-200000,-200000,-200000,735.8074951171875
8.572,-200000,-200000,773.2630615234375,-200000,-200000,-200000,-200000,736.30810546875
8.576,-200000,-200000,776.6962890625,-200000,-200000,-200000,-200000,735.68829345703125
8.58,-200000,-200000,774.14520263671875,-200000,-200000,-200000,-200000,736.26055908203125
8.584,-200000,-200000,774.455078125,-200000,-200000,-200000,-200000,737.47637939453125
8.588,-200000,-200000,771.66571044921875,-200000,-200000,-200000,-200000,733.5902099609375
8.592,-200000,-200000,778.6512451171875,-200000,-200000,-200000,-200000,736.3319091796875
8.596,-200000,-200000,777.3876953125,-200000,-200000,-200000,-200000,736.14129638671875
8.6,-200000,-200000,772.47625732421875,-200000,-200000,-200000,-200000,737.07110595703125
8.604,-200000,-200000,772.2855224609375,-200000,-200000,-200000,-200000,736.30810546875
8.608,-200000,-200000,777.07781982421875,-200000,-200000,-200000,-200000,734.92529296875
8.612,-200000,-200000,777.3876953125,-200000,-200000,-200000,-200000,735.87908935546875
8.616,-200000,-200000,773.2391357421875,-200000,-200000,-200000,-200000,735.4736328125
8.62,-200000,-200000,771.5941162109375,-200000,-200000,-200000,-200000,735.3782958984375
8.624,-200000,-200000,775.36114501953125,-200000,-200000,-200000,-200000,736.451171875
8.628,-200000,-200000,776.2908935546875,-200000,-200000,-200000,-200000,735.56903076171875
8.632,-200000,-200000,774.26446533203125,-200000,-200000,-200000,-200000,736.0697021484375
8.636,-200000,-200000,772.9530029296875,-200000,-200000,-200000,-200000,737.90557861328125
8.64,-200000,-200000,773.62060546875,-200000,-200000,-200000,-200000,735.4736328125
8.644,-200000,-200000,777.8406982421875,-200000,-200000,-200000,-200000,736.80889892578125
8.648,-200000,-200000,774.7650146484375,-200000,-200000,-200000,-200000,738.35858154296875
8.652,-200000,-200000,771.4033203125,-200000,-200000,-200000,-200000,734.73468017578125
8.656,-200000,-200000,776.74395751953125,-200000,-200000,-200000,-200000,736.4989013671875
8.66,-200000,-200000,776.5770263671875,-200000,-200000,-200000,-200000,733.82861328125
8.664,-200000,-200000,774.19287109375,-200000,-200000,-200000,-200000,734.92529296875
8.668,-200000,-200000,773.42999267578125,-200000,-200000,-200000,-200000,736.88037109375
8.672,-200000,-200000,772.6907958984375,-200000,-200000,-200000,-200000,738.4300537109375
8.676,-200000,-200000,777.24462890625,-200000,-200000,-200000,-200000,738.47784423828125
8.68,-200000,-200000,776.1240234375,-200000,-200000,-200000,-200000,735.85516357421875
8.684,-200000,-200000,772.81005859375,-200000,-200000,-200000,-200000,735.1160888671875
8.688,-200000,-200000,774.02606201171875,-200000,-200000,-200000,-200000,737.3333740234375
8.692,-200000,-200000,774.26446533203125,-200000,-200000,-200000,-200000,734.47235107421875
8.696,-200000,-200000,776.62481689453125,-200000,-200000,-200000,-200000,736.4989013671875
8.7,-200000,-200000,773.14385986328125,-200000,-200000,-200000,-200000,735.42608642578125
8.704,-200000,-200000,772.16632080078125,-200000,-200000,-200000,-200000,737.3333740234375
8.708,-200000,-200000,774.83660888671875,-200000,-200000,-200000,-200000,736.0458984375
8.712,-200000,-200000,773.71600341796875,-200000,-200000,-200000,-200000,735.54522705078125
8.716,-200000,-200000,773.1199951171875,-200000,-200000,-200000,-200000,738.33477783203125
8.72,-200000,-200000,771.52264404296875,-200000,-200000,-200000,-200000,737.1903076171875
8.724,-200000,-200000,771.9755859375,-200000,-200000,-200000,-200000,734.23388671875
8.728,-200000,-200000,775.17041015625,-200000,-200000,-200000,-200000,735.9266357421875
8.732,-200000,-200000,774.0736083984375,-200000,-200000,-200000,-200000,737.833984375
8.736,-200000,-200000,770.95037841796875,-200000,-200000,-200000,-200000,736.88037109375
8.74,-200000,-200000,775.146484375,-200000,-200000,-200000,-200000,735.3782958984375
8.744,-200000,-200000,778.7705078125,-200000,-200000,-200000,-200000,736.71337890625
8.748,-200000,-200000,775.5994873046875,-200000,-200000,-200000,-200000,735.8074951171875
8.752,-200000,-200000,771.35577392578125,-200000,-200000,-200000,-200000,736.7611083984375
8.756,-200000,-200000,775.98095703125,-200000,-200000,-200000,-200000,737.26190185546875
8.76,-200000,-200000,776.4339599609375,-200000,-200000,-200000,-200000,735.99822998046875
8.764,-200000,-200000,775.71875,-200000,-200000,-200000,-200000,736.4989013671875
8.768,-200000,-200000,772.85772705078125,-200000,-200000,-200000,-200000,737.95330810546875
8.772,-200000,-200000,776.1240234375,-200000,-200000,-200000,-200000,737.64337158203125
8.776,-200000,-200000,777.62615966796875,-200000,-200000,-200000,-200000,737.3333740234375
8.78,-200000,-200000,775.79034423828125,-200000,-200000,-200000,-200000,736.30810546875
8.784,-200000,-200000,772.16632080078125,-200000,-200000,-200000,-200000,737.52410888671875
8.788,-200000,-200000,775.21807861328125,-200000,-200000,-200000,-200000,738.1678466796875
8.792,-200000,-200000,775.24188232421875,-200000,-200000,-200000,-200000,735.49755859375
8.796,-200000,-200000,776.0047607421875,-200000,-200000,-200000,-200000,737.142578125
8.8,-200000,-200000,772.81005859375,-200000,-200000,-200000,-200000,735.49755859375
8.804,-200000,-200000,772.16632080078125,-200000,-200000,-200000,-200000,737.21417236328125
8.808,-200000,-200000,776.6962890625,-200000,-200000,-200000,-200000,738.1678466796875
8.812,-200000,-200000,775.4326171875,-200000,-200000,-200000,-200000,736.6180419921875
8.816,-200000,-200000,773.31072998046875,-200000,-200000,-200000,-200000,736.99951171875
8.82,-200000,-200000,772.73858642578125,-200000,-200000,-200000,-200000,735.9266357421875
8.824,-200000,-200000,776.74395751953125,-200000,-200000,-200000,-200000,735.95050048828125
8.828,-200000,-200000,776.62481689453125,-200000,-200000,-200000,-200000,736.37969970703125
8.832,-200000,-200000,773.19158935546875,-200000,-200000,-200000,-200000,736.37969970703125
8.836,-200000,-200000,774.40753173828125,-200000,-200000,-200000,-200000,735.8074951171875
8.84,-200000,-200000,777.14923095703125,-200000,-200000,-200000,-200000,736.88037109375
8.844,-200000,-200000,778.72283935546875,-200000,-200000,-200000,-200000,735.9266357421875
8.848,-200000,-200000,773.3822021484375,-200000,-200000,-200000,-200000,736.30810546875
8.852,-200000,-200000,773.1199951171875,-200000,-200000,-200000,-200000,737.21417236328125
8.856,-200000,-200000,774.9080810546875,-200000,-200000,-200000,-200000,739.04998779296875
8.86,-200000,-200000,776.55322265625,-200000,-200000,-200000,-200000,735.42608642578125
8.864,-200000,-200000,773.83526611328125,-200000,-200000,-200000,-200000,735.3782958984375
8.868,-200000,-200000,773.072265625,-200000,-200000,-200000,-200000,737.28564453125
8.872,-200000,-200000,774.52667236328125,-200000,-200000,-200000,-200000,738.1678466796875
8.876,-200000,-200000,777.5306396484375,-200000,-200000,-200000,-200000,735.2352294921875
8.88,-200000,-200000,775.86181640625,-200000,-200000,-200000,-200000,736.0697021484375
8.884,-200000,-200000,772.88165283203125,-200000,-200000,-200000,-200000,735.87908935546875
8.888,-200000,-200000,774.02606201171875,-200000,-200000,-200000,-200000,737.4525146484375
8.892,-200000,-200000,775.7425537109375,-200000,-200000,-200000,-200000,733.4471435546875
8.896,-200000,-200000,777.45928955078125,-200000,-200000,-200000,-200000,736.57049560546875
8.9,-200000,-200000,773.2630615234375,-200000,-200000,-200000,-200000,735.87908935546875
8.904,-200000,-200000,774.8603515625,-200000,-200000,-200000,-200000,738.59698486328125
8.908,-200000,-200000,776.10028076171875,-200000,-200000,-200000,-200000,736.37969970703125
8.912,-200000,-200000,776.3148193359375,-200000,-200000,-200000,-200000,735.2352294921875
8.916,-200000,-200000,771.92791748046875,-200000,-200000,-200000,-200000,735.2352294921875
8.92,-200000,-200000,773.5252685546875,-200000,-200000,-200000,-200000,736.11749267578125
8.924,-200000,-200000,777.5068359375,-200000,-200000,-200000,-200000,736.57049560546875
8.928,-200000,-200000,777.5068359375,-200000,-200000,-200000,-200000,735.2352294921875
8.932,-200000,-200000,771.92791748046875,-200000,-200000,-200000,-200000,736.14129638671875
8.936,-200000,-200000,774.2166748046875,-200000,-200000,-200000,-200000,738.0247802734375
8.94,-200000,-200000,775.71875,-200000,-200000,-200000,-200000,736.68963623046875
8.944,-200000,-200000,773.88299560546875,-200000,-200000,-200000,-200000,735.3782958984375
8.948,-200000,-200000,773.64453125,-200000,-200000,-200000,-200000,735.3544921875
8.952,-200000,-200000,773.00079345703125,-200000,-200000,-200000,-200000,737.64337158203125
8.956,-200000,-200000,774.7889404296875,-200000,-200000,-200000,-200000,738.0247802734375
8.96,-200000,-200000,774.0736083984375,-200000,-200000,-200000,-200000,735.1160888671875
8.964,-200000,-200000,775.17041015625,-200000,-200000,-200000,-200000,736.7611083984375
8.968,-200000,-200000,771.09344482421875,-200000,-200000,-200000,-200000,736.0697021484375
8.972,-200000,-200000,773.9544677734375,-200000,-200000,-200000,-200000,735.8074951171875
8.976,-200000,-200000,776.88702392578125,-200000,-200000,-200000,-200000,735.68829345703125
8.98,-200000,-200000,774.38360595703125,-200000,-200000,-200000,-200000,735.04461669921875
8.984,-200000,-200000,772.57159423828125,-200000,-200000,-200000,-200000,735.6644287109375
8.988,-200000,-200000,773.42999267578125,-200000,-200000,-200000,-200000,735.8074951171875
8.992,-200000,-200000,775.62335205078125,-200000,-200000,-200000,-200000,735.85516357421875
8.996,-200000,-200000,777.1253662109375,-200000,-200000,-200000,-200000,736.83270263671875
9,-200000,-200000,772.9530029296875,-200000,-200000,-200000,-200000,735.85516357421875
9.004,-200000,-200000,771.7371826171875,-200000,-200000,-200000,-200000,736.6180419921875
9.008,-200000,-200000,775.4803466796875,-200000,-200000,-200000,-200000,735.95050048828125
9.012,-200000,-200000,775.55194091796875,-200000,-200000,-200000,-200000,735.1160888671875
9.016,-200000,-200000,773.763671875,-200000,-200000,-200000,-200000,737.833984375
9.02,-200000,-200000,772.35711669921875,-200000,-200000,-200000,-200000,736.14129638671875
9.024,-200000,-200000,775.67108154296875,-200000,-200000,-200000,-200000,737.0234375
9.028,-200000,-200000,776.50555419921875,-200000,-200000,-200000,-200000,735.28302001953125
9.032,-200000,-200000,772.5477294921875,-200000,-200000,-200000,-200000,736.57049560546875
9.036,-200000,-200000,768.73309326171875,-200000,-200000,-200000,-200000,736.9041748046875
9.04,-200000,-200000,774.7889404296875,-200000,-200000,-200000,-200000,734.90155029296875
9.044,-200000,-200000,776.62481689453125,-200000,-200000,-200000,-200000,734.85382080078125
9.048,-200000,-200000,774.59814453125,-200000,-200000,-200000,-200000,735.95050048828125
9.052,-200000,-200000,771.35577392578125,-200000,-200000,-200000,-200000,735.99822998046875
9.056,-200000,-200000,774.95587158203125,-200000,-200000,-200000,-200000,735.759765625
9.06,-200000,-200000,778.22216796875,-200000,-200000,-200000,-200000,735.3544921875
9.064,-200000,-200000,775.79034423828125,-200000,-200000,-200000,-200000,735.3544921875
9.068,-200000,-200000,773.00079345703125,-200000,-200000,-200000,-200000,738.7161865234375
9.072,-200000,-200000,776.10028076171875,-200000,-200000,-200000,-200000,738.1678466796875
9.076,-200000,-200000,774.7650146484375,-200000,-200000,-200000,-200000,735.54522705078125
9.08,-200000,-200000,776.8154296875,-200000,-200000,-200000,-200000,736.451171875
9.084,-200000,-200000,772.16632080078125,-200000,-200000,-200000,-200000,738.1678466796875
9.088,-200000,-200000,770.78350830078125,-200000,-200000,-200000,-200000,735.16375732421875
9.092,-200000,-200000,777.1253662109375,-200000,-200000,-200000,-200000,735.56903076171875
9.096,-200000,-200000,774.52667236328125,-200000,-200000,-200000,-200000,735.28302001953125
9.1,-200000,-200000,772.9530029296875,-200000,-200000,-200000,-200000,736.7611083984375
9.104,-200000,-200000,774.14520263671875,-200000,-200000,-200000,-200000,736.451171875
9.108,-200000,-200000,775.5994873046875,-200000,-200000,-200000,-200000,734.7822265625
9.112,-200000,-200000,774.59814453125,-200000,-200000,-200000,-200000,736.30810546875
9.116,-200000,-200000,774.26446533203125,-200000,-200000,-200000,-200000,735.49755859375
9.12,-200000,-200000,771.92791748046875,-200000,-200000,-200000,-200000,737.66717529296875
9.124,-200000,-200000,777.2684326171875,-200000,-200000,-200000,-200000,738.35858154296875
9.128,-200000,-200000,774.2166748046875,-200000,-200000,-200000,-200000,735.9266357421875
9.132,-200000,-200000,774.455078125,-200000,-200000,-200000,-200000,736.23663330078125
9.136,-200000,-200000,772.2855224609375,-200000,-200000,-200000,-200000,736.6419677734375
9.14,-200000,-200000,774.2166748046875,-200000,-200000,-200000,-200000,735.3544921875
9.144,-200000,-200000,777.1253662109375,-200000,-200000,-200000,-200000,736.23663330078125
9.148,-200000,-200000,775.52801513671875,-200000,-200000,-200000,-200000,737.21417236328125
9.152,-200000,-200000,772.92919921875,-200000,-200000,-200000,-200000,738.525390625
9.156,-200000,-200000,773.50146484375,-200000,-200000,-200000,-200000,736.30810546875
9.16,-200000,-200000,775.55194091796875,-200000,-200000,-200000,-200000,735.759765625
9.164,-200000,-200000,773.83526611328125,-200000,-200000,-200000,-200000,735.54522705078125
9.168,-200000,-200000,773.00079345703125,-200000,-200000,-200000,-200000,735.2352294921875
9.172,-200000,-200000,773.072265625,-200000,-200000,-200000,-200000,735.759765625
9.176,-200000,-200000,777.6976318359375,-200000,-200000,-200000,-200000,737.5955810546875
9.18,-200000,-200000,776.24334716796875,-200000,-200000,-200000,-200000,736.0697021484375
9.184,-200000,-200000,771.66571044921875,-200000,-200000,-200000,-200000,736.26055908203125
9.188,-200000,-200000,773.3822021484375,-200000,-200000,-200000,-200000,735.3782958984375
9.192,-200000,-200000,776.1240234375,-200000,-200000,-200000,-200000,735.42608642578125
9.196,-200000,-200000,776.36248779296875,-200000,-200000,-200000,-200000,735.61669921875
9.2,-200000,-200000,771.90411376953125,-200000,-200000,-200000,-200000,733.13720703125
9.204,-200000,-200000,771.5941162109375,-200000,-200000,-200000,-200000,735.2352294921875
9.208,-200000,-200000,775.28955078125,-200000,-200000,-200000,-200000,738.2869873046875
9.212,-200000,-200000,776.1240234375,-200000,-200000,-200000,-200000,734.85382080078125
9.216,-200000,-200000,772.81005859375,-200000,-200000,-200000,-200000,737.07110595703125
9.22,-200000,-200000,772.35711669921875,-200000,-200000,-200000,-200000,736.57049560546875
9.224,-200000,-200000,775.28955078125,-200000,-200000,-200000,-200000,734.16241455078125
9.228,-200000,-200000,777.912109375,-200000,-200000,-200000,-200000,735.04461669921875
9.232,-200000,-200000,772.50018310546875,-200000,-200000,-200000,-200000,735.30682373046875
9.236,-200000,-200000,771.09344482421875,-200000,-200000,-200000,-200000,735.9266357421875
9.24,-200000,-200000,775.93341064453125,-200000,-200000,-200000,-200000,736.30810546875
9.244,-200000,-200000,779.2235107421875,-200000,-200000,-200000,-200000,737.38104248046875
9.248,-200000,-200000,772.6907958984375,-200000,-200000,-200000,-200000,738.2869873046875
9.252,-200000,-200000,772.81005859375,-200000,-200000,-200000,-200000,736.11749267578125
9.256,-200000,-200000,775.86181640625,-200000,-200000,-200000,-200000,737.52410888671875
9.26,-200000,-200000,777.07781982421875,-200000,-200000,-200000,-200000,736.83270263671875
9.264,-200000,-200000,774.6458740234375,-200000,-200000,-200000,-200000,737.38104248046875
9.268,-200000,-200000,771.9755859375,-200000,-200000,-200000,-200000,735.3544921875
9.272,-200000,-200000,775.28955078125,-200000,-200000,-200000,-200000,736.71337890625
9.276,-200000,-200000,774.02606201171875,-200000,-200000,-200000,-200000,734.47235107421875
9.28,-200000,-200000,773.1199951171875,-200000,-200000,-200000,-200000,736.4989013671875
9.284,-200000,-200000,773.5252685546875,-200000,-200000,-200000,-200000,735.56903076171875
9.288,-200000,-200000,773.31072998046875,-200000,-200000,-200000,-200000,736.0697021484375
9.292,-200000,-200000,773.1199951171875,-200000,-200000,-200000,-200000,734.7822265625
9.296,-200000,-200000,774.66973876953125,-200000,-200000,-200000,-200000,734.1385498046875
9.3,-200000,-200000,773.2391357421875,-200000,-200000,-200000,-200000,735.1160888671875
9.304,-200000,-200000,773.2630615234375,-200000,-200000,-200000,-200000,735.16375732421875
9.308,-200000,-200000,775.5994873046875,-200000,-200000,-200000,-200000,738.59698486328125
9.312,-200000,-200000,776.2908935546875,-200000,-200000,-200000,-200000,736.42742919921875
9.316,-200000,-200000,772.2855224609375,-200000,-200000,-200000,-200000,736.57049560546875
9.32,-200000,-200000,771.92791748046875,-200000,-200000,-200000,-200000,735.99822998046875
9.324,-200000,-200000,775.7425537109375,-200000,-200000,-200000,-200000,734.35321044921875
9.328,-200000,-200000,775.86181640625,-200000,-200000,-200000,-200000,736.83270263671875
9.332,-200000,-200000,771.4033203125,-200000,-200000,-200000,-200000,735.16375732421875
9.336,-200000,-200000,773.83526611328125,-200000,-200000,-200000,-200000,739.62225341796875
9.34,-200000,-200000,775.17041015625,-200000,-200000,-200000,-200000,735.8074951171875
9.344,-200000,-200000,776.3148193359375,-200000,-200000,-200000,-200000,736.26055908203125
9.348,-200000,-200000,772.92919921875,-200000,-200000,-200000,-200000,737.38104248046875
9.352,-200000,-200000,769.87744140625,-200000,-200000,-200000,-200000,737.07110595703125
9.356,-200000,-200000,775.55194091796875,-200000,-200000,-200000,-200000,735.8074951171875
9.36,-200000,-200000,777.2684326171875,-200000,-200000,-200000,-200000,736.23663330078125
9.364,-200000,-200000,772.85772705078125,-200000,-200000,-200000,-200000,734.8060302734375
9.368,-200000,-200000,773.04852294921875,-200000,-200000,-200000,-200000,736.23663330078125
9.372,-200000,-200000,777.0062255859375,-200000,-200000,-200000,-200000,738.78778076171875
9.376,-200000,-200000,775.98095703125,-200000,-200000,-200000,-200000,736.99951171875
9.38,-200000,-200000,774.6458740234375,-200000,-200000,-200000,-200000,737.0234375
9.384,-200000,-200000,771.0218505859375,-200000,-200000,-200000,-200000,736.0697021484375
9.388,-200000,-200000,774.26446533203125,-200000,-200000,-200000,-200000,736.52276611328125
9.392,-200000,-200000,776.55322265625,-200000,-200000,-200000,-200000,733.63787841796875
9.396,-200000,-200000,773.19158935546875,-200000,-200000,-200000,-200000,733.51873779296875
9.4,-200000,-200000,773.50146484375,-200000,-200000,-200000,-200000,737.40496826171875
9.404,-200000,-200000,771.4271240234375,-200000,-200000,-200000,-200000,737.21417236328125
9.408,-200000,-200000,776.3148193359375,-200000,-200000,-200000,-200000,737.3333740234375
9.412,-200000,-200000,775.21807861328125,-200000,-200000,-200000,-200000,735.3544921875
9.416,-200000,-200000,771.92791748046875,-200000,-200000,-200000,-200000,734.4007568359375
9.42,-200000,-200000,775.09893798828125,-200000,-200000,-200000,-200000,735.4736328125
9.424,-200000,-200000,775.17041015625,-200000,-200000,-200000,-200000,735.99822998046875
9.428,-200000,-200000,775.98095703125,-200000,-200000,-200000,-200000,736.11749267578125
9.432,-200000,-200000,775.17041015625,-200000,-200000,-200000,-200000,734.73468017578125
9.436,-200000,-200000,769.3768310546875,-200000,-200000,-200000,-200000,735.61669921875
9.44,-200000,-200000,774.2166748046875,-200000,-200000,-200000,-200000,736.37969970703125
9.444,-200000,-200000,772.30938720703125,-200000,-200000,-200000,-200000,734.35321044921875
9.448,-200000,-200000,773.14385986328125,-200000,-200000,-200000,-200000,735.73602294921875
9.452,-200000,-200000,772.0947265625,-200000,-200000,-200000,-200000,737.64337158203125
9.456,-200000,-200000,775.28955078125,-200000,-200000,-200000,-200000,736.23663330078125
9.46,-200000,-200000,777.0062255859375,-200000,-200000,-200000,-200000,735.56903076171875
9.464,-200000,-200000,773.71600341796875,-200000,-200000,-200000,-200000,735.95050048828125
9.468,-200000,-200000,770.52130126953125,-200000,-200000,-200000,-200000,737.76251220703125
9.472,-200000,-200000,771.8563232421875,-200000,-200000,-200000,-200000,735.9266357421875
9.476,-200000,-200000,776.55322265625,-200000,-200000,-200000,-200000,735.28302001953125
9.48,-200000,-200000,775.52801513671875,-200000,-200000,-200000,-200000,736.26055908203125
9.484,-200000,-200000,771.4033203125,-200000,-200000,-200000,-200000,738.35858154296875
9.488,-200000,-200000,772.73858642578125,-200000,-200000,-200000,-200000,735.99822998046875
9.492,-200000,-200000,774.97967529296875,-200000,-200000,-200000,-200000,733.25634765625
9.496,-200000,-200000,776.36248779296875,-200000,-200000,-200000,-200000,734.71075439453125
9.5,-200000,-200000,771.4271240234375,-200000,-200000,-200000,-200000,736.23663330078125
9.504,-200000,-200000,770.56884765625,-200000,-200000,-200000,-200000,736.7611083984375
9.508,-200000,-200000,775.4803466796875,-200000,-200000,-200000,-200000,735.3782958984375
9.512,-200000,-200000,776.10028076171875,-200000,-200000,-200000,-200000,734.85382080078125
9.516,-200000,-200000,769.82989501953125,-200000,-200000,-200000,-200000,736.14129638671875
9.52,-200000,-200000,772.16632080078125,-200000,-200000,-200000,-200000,734.52001953125
9.524,-200000,-200000,778.03143310546875,-200000,-200000,-200000,-200000,734.6630859375
9.528,-200000,-200000,778.484375,-200000,-200000,-200000,-200000,733.63787841796875
9.532,-200000,-200000,771.9755859375,-200000,-200000,-200000,-200000,736.18896484375
9.536,-200000,-200000,772.6669921875,-200000,-200000,-200000,-200000,736.37969970703125
9.54,-200000,-200000,774.0736083984375,-200000,-200000,-200000,-200000,734.01934814453125
9.544,-200000,-200000,774.83660888671875,-200000,-200000,-200000,-200000,733.2801513671875
9.548,-200000,-200000,771.35577392578125,-200000,-200000,-200000,-200000,735.49755859375
9.552,-200000,-200000,771.54638671875,-200000,-200000,-200000,-200000,736.68963623046875
9.556,-200000,-200000,774.66973876953125,-200000,-200000,-200000,-200000,735.30682373046875
9.56,-200000,-200000,775.4803466796875,-200000,-200000,-200000,-200000,736.57049560546875
9.564,-200000,-200000,773.57305908203125,-200000,-200000,-200000,-200000,735.4736328125
9.568,-200000,-200000,772.04718017578125,-200000,-200000,-200000,-200000,736.6419677734375
9.572,-200000,-200000,775.36114501953125,-200000,-200000,-200000,-200000,738.93084716796875
9.576,-200000,-200000,776.1717529296875,-200000,-200000,-200000,-200000,735.99822998046875
9.58,-200000,-200000,773.072265625,-200000,-200000,-200000,-200000,735.759765625
9.584,-200000,-200000,769.94903564453125,-200000,-200000,-200000,-200000,735.3782958984375
9.588,-200000,-200000,771.92791748046875,-200000,-200000,-200000,-200000,734.92529296875
9.592,-200000,-200000,773.83526611328125,-200000,-200000,-200000,-200000,736.83270263671875
9.596,-200000,-200000,772.81005859375,-200000,-200000,-200000,-200000,734.21014404296875
9.6,-200000,-200000,773.2630615234375,-200000,-200000,-200000,-200000,738.21551513671875
9.604,-200000,-200000,773.90673828125,-200000,-200000,-200000,-200000,738.62078857421875
9.608,-200000,-200000,773.57305908203125,-200000,-200000,-200000,-200000,734.1385498046875
9.612,-200000,-200000,776.67236328125,-200000,-200000,-200000,-200000,735.61669921875
9.616,-200000,-200000,773.3822021484375,-200000,-200000,-200000,-200000,735.0921630859375
9.62,-200000,-200000,771.4033203125,-200000,-200000,-200000,-200000,737.95330810546875
9.624,-200000,-200000,773.3822021484375,-200000,-200000,-200000,-200000,735.1160888671875
9.628,-200000,-200000,778.6512451171875,-200000,-200000,-200000,-200000,737.21417236328125
9.632,-200000,-200000,773.2391357421875,-200000,-200000,-200000,-200000,735.95050048828125
9.636,-200000,-200000,770.83123779296875,-200000,-200000,-200000,-200000,736.11749267578125
9.64,-200000,-200000,774.6458740234375,-200000,-200000,-200000,-200000,734.7822265625
9.644,-200000,-200000,776.55322265625,-200000,-200000,-200000,-200000,735.04461669921875
9.648,-200000,-200000,773.2630615234375,-200000,-200000,-200000,-200000,735.42608642578125
9.652,-200000,-200000,772.73858642578125,-200000,-200000,-200000,-200000,737.66717529296875
9.656,-200000,-200000,775.71875,-200000,-200000,-200000,-200000,738.4300537109375
9.66,-200000,-200000,777.0062255859375,-200000,-200000,-200000,-200000,735.49755859375
9.664,-200000,-200000,775.146484375,-200000,-200000,-200000,-200000,735.9266357421875
9.668,-200000,-200000,771.92791748046875,-200000,-200000,-200000,-200000,734.9730224609375
9.672,-200000,-200000,775.146484375,-200000,-200000,-200000,-200000,734.23388671875
9.676,-200000,-200000,775.90948486328125,-200000,-200000,-200000,-200000,735.04461669921875
9.68,-200000,-200000,774.26446533203125,-200000,-200000,-200000,-200000,735.61669921875
9.684,-200000,-200000,772.6907958984375,-200000,-200000,-200000,-200000,736.30810546875
9.688,-200000,-200000,772.11865234375,-200000,-200000,-200000,-200000,733.75714111328125
9.692,-200000,-200000,777.07781982421875,-200000,-200000,-200000,-200000,736.4989013671875
9.696,-200000,-200000,775.0511474609375,-200000,-200000,-200000,-200000,736.7611083984375
9.7,-200000,-200000,772.50018310546875,-200000,-200000,-200000,-200000,735.9266357421875
9.704,-200000,-200000,772.19012451171875,-200000,-200000,-200000,-200000,736.451171875
9.708,-200000,-200000,774.83660888671875,-200000,-200000,-200000,-200000,733.3994140625
9.712,-200000,-200000,775.67108154296875,-200000,-200000,-200000,-200000,733.90020751953125
9.716,-200000,-200000,772.11865234375,-200000,-200000,-200000,-200000,736.7611083984375
9.72,-200000,-200000,772.30938720703125,-200000,-200000,-200000,-200000,737.64337158203125
9.724,-200000,-200000,776.50555419921875,-200000,-200000,-200000,-200000,735.8074951171875
9.728,-200000,-200000,775.79034423828125,-200000,-200000,-200000,-200000,735.3544921875
9.732,-200000,-200000,774.09747314453125,-200000,-200000,-200000,-200000,736.71337890625
9.736,-200000,-200000,773.42999267578125,-200000,-200000,-200000,-200000,735.759765625
9.74,-200000,-200000,773.57305908203125,-200000,-200000,-200000,-200000,737.3333740234375
9.744,-200000,-200000,776.3148193359375,-200000,-200000,-200000,-200000,735.30682373046875
9.748,-200000,-200000,771.23651123046875,-200000,-200000,-200000,-200000,734.59161376953125
9.752,-200000,-200000,771.21270751953125,-200000,-200000,-200000,-200000,736.26055908203125
9.756,-200000,-200000,773.45379638671875,-200000,-200000,-200000,-200000,736.26055908203125
9.76,-200000,-200000,774.6458740234375,-200000,-200000,-200000,-200000,733.4471435546875
9.764,-200000,-200000,773.57305908203125,-200000,-200000,-200000,-200000,734.8060302734375
9.768,-200000,-200000,773.9544677734375,-200000,-200000,-200000,-200000,736.11749267578125
9.772,-200000,-200000,773.14385986328125,-200000,-200000,-200000,-200000,736.71337890625
9.776,-200000,-200000,778.29364013671875,-200000,-200000,-200000,-200000,737.40496826171875
9.78,-200000,-200000,774.7650146484375,-200000,-200000,-200000,-200000,736.37969970703125
9.784,-200000,-200000,771.4271240234375,-200000,-200000,-200000,-200000,735.9266357421875
9.788,-200000,-200000,773.763671875,-200000,-200000,-200000,-200000,735.99822998046875
9.792,-200000,-200000,775.24188232421875,-200000,-200000,-200000,-200000,735.2352294921875
9.796,-200000,-200000,774.8603515625,-200000,-200000,-200000,-200000,735.54522705078125
9.8,-200000,-200000,772.6907958984375,-200000,-200000,-200000,-200000,734.6630859375
9.804,-200000,-200000,771.66571044921875,-200000,-200000,-200000,-200000,734.9730224609375
9.808,-200000,-200000,777.07781982421875,-200000,-200000,-200000,-200000,736.9041748046875
9.812,-200000,-200000,774.97967529296875,-200000,-200000,-200000,-200000,734.71075439453125
9.816,-200000,-200000,771.35577392578125,-200000,-200000,-200000,-200000,736.88037109375
9.82,-200000,-200000,772.04718017578125,-200000,-200000,-200000,-200000,735.2352294921875
9.824,-200000,-200000,776.3148193359375,-200000,-200000,-200000,-200000,735.4736328125
9.828,-200000,-200000,776.24334716796875,-200000,-200000,-200000,-200000,736.0458984375
9.832,-200000,-200000,771.54638671875,-200000,-200000,-200000,-200000,737.3333740234375
9.836,-200000,-200000,771.23651123046875,-200000,-200000,-200000,-200000,736.6419677734375
9.84,-200000,-200000,775.21807861328125,-200000,-200000,-200000,-200000,734.61541748046875
9.844,-200000,-200000,775.17041015625,-200000,-200000,-200000,-200000,734.73468017578125
9.848,-200000,-200000,771.09344482421875,-200000,-200000,-200000,-200000,735.49755859375
9.852,-200000,-200000,770.3304443359375,-200000,-200000,-200000,-200000,734.23388671875
9.856,-200000,-200000,775.02734375,-200000,-200000,-200000,-200000,736.42742919921875
9.86,-200000,-200000,778.15069580078125,-200000,-200000,-200000,-200000,735.4736328125
9.864,-200000,-200000,772.6669921875,-200000,-200000,-200000,-200000,735.16375732421875
9.868,-200000,-200000,770.7596435546875,-200000,-200000,-200000,-200000,735.3782958984375
9.872,-200000,-200000,774.71746826171875,-200000,-200000,-200000,-200000,735.68829345703125
9.876,-200000,-200000,775.67108154296875,-200000,-200000,-200000,-200000,735.30682373046875
9.88,-200000,-200000,774.2166748046875,-200000,-200000,-200000,-200000,734.52001953125
9.884,-200000,-200000,771.80859375,-200000,-200000,-200000,-200000,736.52276611328125
9.888,-200000,-200000,775.79034423828125,-200000,-200000,-200000,-200000,738.74005126953125
9.892,-200000,-200000,776.50555419921875,-200000,-200000,-200000,-200000,737.07110595703125
9.896,-200000,-200000,774.95587158203125,-200000,-200000,-200000,-200000,736.6419677734375
9.9,-200000,-200000,772.04718017578125,-200000,-200000,-200000,-200000,736.37969970703125
9.904,-200000,-200000,771.7371826171875,-200000,-200000,-200000,-200000,735.30682373046875
9.908,-200000,-200000,776.3148193359375,-200000,-200000,-200000,-200000,734.59161376953125
9.912,-200000,-200000,773.64453125,-200000,-200000,-200000,-200000,733.78094482421875
9.916,-200000,-200000,771.4271240234375,-200000,-200000,-200000,-200000,736.26055908203125
9.92,-200000,-200000,771.54638671875,-200000,-200000,-200000,-200000,737.09490966796875
9.924,-200000,-200000,774.71746826171875,-200000,-200000,-200000,-200000,735.3544921875
9.928,-200000,-200000,776.2908935546875,-200000,-200000,-200000,-200000,735.759765625
9.932,-200000,-200000,772.4285888671875,-200000,-200000,-200000,-200000,737.21417236328125
9.936,-200000,-200000,769.82989501953125,-200000,-200000,-200000,-200000,736.9041748046875
9.94,-200000,-200000,775.02734375,-200000,-200000,-200000,-200000,733.5902099609375
9.944,-200000,-200000,775.17041015625,-200000,-200000,-200000,-200000,734.59161376953125
9.948,-200000,-200000,771.7132568359375,-200000,-200000,-200000,-200000,735.61669921875
9.952,-200000,-200000,769.68682861328125,-200000,-200000,-200000,-200000,736.9041748046875
9.956,-200000,-200000,775.93341064453125,-200000,-200000,-200000,-200000,735.56903076171875
9.96,-200000,-200000,777.31622314453125,-200000,-200000,-200000,-200000,734.0908203125
9.964,-200000,-200000,772.73858642578125,-200000,-200000,-200000,-200000,734.92529296875
9.968,-200000,-200000,771.5941162109375,-200000,-200000,-200000,-200000,737.71484375
9.972,-200000,-200000,773.83526611328125,-200000,-200000,-200000,-200000,735.9266357421875
9.976,-200000,-200000,777.8406982421875,-200000,-200000,-200000,-200000,736.11749267578125
9.98,-200000,-200000,773.31072998046875,-200000,-200000,-200000,-200000,735.56903076171875
9.984,-200000,-200000,767.66015625,-200000,-200000,-200000,-200000,734.8060302734375
9.988,-200000,-200000,773.1199951171875,-200000,-200000,-200000,-200000,735.3544921875
9.992,-200000,-200000,776.2908935546875,-200000,-200000,-200000,-200000,736.451171875
9.996,-200000,-200000,775.0511474609375,-200000,-200000,-200000,-200000,735.0921630859375
10,-200000,-200000,771.8563232421875,-200000,-200000,-200000,-200000,736.11749267578125
10.004,-200000,-200000,773.50146484375,-200000,-200000,-200000,-200000,735.42608642578125
10.008,-200000,-200000,775.36114501953125,-200000,-200000,-200000,-200000,736.68963623046875
10.012,-200000,-200000,775.67108154296875,-200000,-200000,-200000,-200000,737.833984375
10.016,-200000,-200000,771.0218505859375,-200000,-200000,-200000,-200000,737.5955810546875
10.02,-200000,-200000,772.4285888671875,-200000,-200000,-200000,-200000,735.61669921875
10.024,-200000,-200000,774.6458740234375,-200000,-200000,-200000,-200000,734.47235107421875
10.028,-200000,-200000,775.02734375,-200000,-200000,-200000,-200000,736.6180419921875
10.032,-200000,-200000,769.42449951171875,-200000,-200000,-200000,-200000,734.32928466796875
10.036,-200000,-200000,770.97430419921875,-200000,-200000,-200000,-200000,737.142578125
10.04,-200000,-200000,776.2908935546875,-200000,-200000,-200000,-200000,735.30682373046875
10.044,-200000,-200000,775.93341064453125,-200000,-200000,-200000,-200000,735.9266357421875
10.048,-200000,-200000,772.57159423828125,-200000,-200000,-200000,-200000,732.1834716796875
10.052,-200000,-200000,770.44970703125,-200000,-200000,-200000,-200000,734.92529296875
10.056,-200000,-200000,774.26446533203125,-200000,-200000,-200000,-200000,735.42608642578125
10.06,-200000,-200000,779.41424560546875,-200000,-200000,-200000,-200000,737.4525146484375
10.064,-200000,-200000,774.95587158203125,-200000,-200000,-200000,-200000,736.37969970703125
10.068,-200000,-200000,770.7119140625,-200000,-200000,-200000,-200000,737.28564453125
10.072,-200000,-200000,771.92791748046875,-200000,-200000,-200000,-200000,735.87908935546875
10.076,-200000,-200000,777.57843017578125,-200000,-200000,-200000,-200000,734.2816162109375
10.08,-200000,-200000,774.52667236328125,-200000,-200000,-200000,-200000,735.9266357421875
10.084,-200000,-200000,771.54638671875,-200000,-200000,-200000,-200000,733.7093505859375
10.088,-200000,-200000,773.50146484375,-200000,-200000,-200000,-200000,737.26190185546875
10.092,-200000,-200000,777.8406982421875,-200000,-200000,-200000,-200000,734.5438232421875
10.096,-200000,-200000,774.40753173828125,-200000,-200000,-200000,-200000,732.8748779296875
10.1,-200000,-200000,771.35577392578125,-200000,-200000,-200000,-200000,735.99822998046875
10.104,-200000,-200000,771.7371826171875,-200000,-200000,-200000,-200000,737.21417236328125
10.108,-200000,-200000,776.2908935546875,-200000,-200000,-200000,-200000,735.1875
10.112,-200000,-200000,776.74395751953125,-200000,-200000,-200000,-200000,735.61669921875
10.116,-200000,-200000,770.85498046875,-200000,-200000,-200000,-200000,736.83270263671875
10.12,-200000,-200000,771.4033203125,-200000,-200000,-200000,-200000,738.59698486328125
10.124,-200000,-200000,775.40887451171875,-200000,-200000,-200000,-200000,736.68963623046875
10.128,-200000,-200000,776.55322265625,-200000,-200000,-200000,-200000,735.99822998046875
10.132,-200000,-200000,771.33184814453125,-200000,-200000,-200000,-200000,735.68829345703125
10.136,-200000,-200000,769.94903564453125,-200000,-200000,-200000,-200000,735.30682373046875
10.14,-200000,-200000,775.55194091796875,-200000,-200000,-200000,-200000,735.3782958984375
10.144,-200000,-200000,780.20098876953125,-200000,-200000,-200000,-200000,735.95050048828125
10.148,-200000,-200000,771.9755859375,-200000,-200000,-200000,-200000,735.99822998046875
10.152,-200000,-200000,770.09210205078125,-200000,-200000,-200000,-200000,735.3782958984375
10.156,-200000,-200000,776.36248779296875,-200000,-200000,-200000,-200000,737.0234375
10.16,-200000,-200000,777.3876953125,-200000,-200000,-200000,-200000,736.0458984375
10.164,-200000,-200000,771.92791748046875,-200000,-200000,-200000,-200000,734.7822265625
10.168,-200000,-200000,769.30535888671875,-200000,-200000,-200000,-200000,736.30810546875
10.172,-200000,-200000,772.57159423828125,-200000,-200000,-200000,-200000,735.61669921875
10.176,-200000,-200000,777.5306396484375,-200000,-200000,-200000,-200000,736.99951171875
10.18,-200000,-200000,775.24188232421875,-200000,-200000,-200000,-200000,738.09637451171875
10.184,-200000,-200000,771.0218505859375,-200000,-200000,-200000,-200000,737.40496826171875
10.188,-200000,-200000,773.00079345703125,-200000,-200000,-200000,-200000,735.61669921875
10.192,-200000,-200000,777.3876953125,-200000,-200000,-200000,-200000,734.7822265625
10.196,-200000,-200000,777.912109375,-200000,-200000,-200000,-200000,736.30810546875
10.2,-200000,-200000,773.00079345703125,-200000,-200000,-200000,-200000,734.9730224609375
10.204,-200000,-200000,773.2391357421875,-200000,-200000,-200000,-200000,736.57049560546875
10.208,-200000,-200000,775.40887451171875,-200000,-200000,-200000,-200000,734.85382080078125
10.212,-200000,-200000,777.57843017578125,-200000,-200000,-200000,-200000,735.61669921875
10.216,-200000,-200000,772.0947265625,-200000,-200000,-200000,-200000,736.52276611328125
10.22,-200000,-200000,770.9027099609375,-200000,-200000,-200000,-200000,736.57049560546875
10.224,-200000,-200000,777.5068359375,-200000,-200000,-200000,-200000,737.52410888671875
10.228,-200000,-200000,777.6976318359375,-200000,-200000,-200000,-200000,735.3544921875
10.232,-200000,-200000,773.50146484375,-200000,-200000,-200000,-200000,737.07110595703125
10.236,-200000,-200000,772.11865234375,-200000,-200000,-200000,-200000,738.2869873046875
10.24,-200000,-200000,776.76776123046875,-200000,-200000,-200000,-200000,735.9266357421875
10.244,-200000,-200000,779.98651123046875,-200000,-200000,-200000,-200000,737.07110595703125
10.248,-200000,-200000,771.2841796875,-200000,-200000,-200000,-200000,734.8060302734375
10.252,-200000,-200000,769.25762939453125,-200000,-200000,-200000,-200000,735.73602294921875
10.256,-200000,-200000,776.3148193359375,-200000,-200000,-200000,-200000,734.47235107421875
10.26,-200000,-200000,779.17578125,-200000,-200000,-200000,-200000,735.16375732421875
10.264,-200000,-200000,774.52667236328125,-200000,-200000,-200000,-200000,736.0697021484375
10.268,-200000,-200000,768.42315673828125,-200000,-200000,-200000,-200000,736.52276611328125
10.272,-200000,-200000,774.95587158203125,-200000,-200000,-200000,-200000,735.16375732421875
10.276,-200000,-200000,778.7943115234375,-200000,-200000,-200000,-200000,736.30810546875
10.28,-200000,-200000,775.3372802734375,-200000,-200000,-200000,-200000,735.3544921875
10.284,-200000,-200000,770.97430419921875,-200000,-200000,-200000,-200000,736.18896484375
10.288,-200000,-200000,772.50018310546875,-200000,-200000,-200000,-200000,734.8060302734375
10.292,-200000,-200000,778.15069580078125,-200000,-200000,-200000,-200000,737.09490966796875
10.296,-200000,-200000,774.3359375,-200000,-200000,-200000,-200000,735.759765625
10.3,-200000,-200000,769.68682861328125,-200000,-200000,-200000,-200000,735.6644287109375
10.304,-200000,-200000,771.78485107421875,-200000,-200000,-200000,-200000,737.71484375
10.308,-200000,-200000,775.71875,-200000,-200000,-200000,-200000,735.3544921875
10.312,-200000,-200000,775.09893798828125,-200000,-200000,-200000,-200000,735.8074951171875
10.316,-200000,-200000,770.52130126953125,-200000,-200000,-200000,-200000,735.87908935546875
10.32,-200000,-200000,769.80596923828125,-200000,-200000,-200000,-200000,737.07110595703125
10.324,-200000,-200000,779.29510498046875,-200000,-200000,-200000,-200000,737.4525146484375
10.328,-200000,-200000,774.7889404296875,-200000,-200000,-200000,-200000,734.6630859375
10.332,-200000,-200000,770.56884765625,-200000,-200000,-200000,-200000,734.32928466796875
10.336,-200000,-200000,770.37823486328125,-200000,-200000,-200000,-200000,734.85382080078125
10.34,-200000,-200000,776.55322265625,-200000,-200000,-200000,-200000,735.56903076171875
10.344,-200000,-200000,776.36248779296875,-200000,-200000,-200000,-200000,734.73468017578125
10.348,-200000,-200000,773.42999267578125,-200000,-200000,-200000,-200000,736.451171875
10.352,-200000,-200000,770.3304443359375,-200000,-200000,-200000,-200000,734.73468017578125
10.356,-200000,-200000,775.79034423828125,-200000,-200000,-200000,-200000,735.56903076171875
10.36,-200000,-200000,778.67510986328125,-200000,-200000,-200000,-200000,734.7822265625
10.364,-200000,-200000,773.14385986328125,-200000,-200000,-200000,-200000,734.4007568359375
10.368,-200000,-200000,771.78485107421875,-200000,-200000,-200000,-200000,737.0234375
10.372,-200000,-200000,775.40887451171875,-200000,-200000,-200000,-200000,736.7611083984375
10.376,-200000,-200000,778.34130859375,-200000,-200000,-200000,-200000,737.8577880859375
10.38,-200000,-200000,775.28955078125,-200000,-200000,-200000,-200000,735.9266357421875
10.384,-200000,-200000,769.80596923828125,-200000,-200000,-200000,-200000,735.0921630859375
10.388,-200000,-200000,775.86181640625,-200000,-200000,-200000,-200000,737.90557861328125
10.392,-200000,-200000,776.1240234375,-200000,-200000,-200000,-200000,736.11749267578125
10.396,-200000,-200000,775.09893798828125,-200000,-200000,-200000,-200000,736.3319091796875
10.4,-200000,-200000,771.92791748046875,-200000,-200000,-200000,-200000,734.7822265625
10.404,-200000,-200000,775.52801513671875,-200000,-200000,-200000,-200000,737.64337158203125
10.408,-200000,-200000,775.40887451171875,-200000,-200000,-200000,-200000,733.82861328125
10.412,-200000,-200000,775.5994873046875,-200000,-200000,-200000,-200000,735.16375732421875
10.416,-200000,-200000,772.16632080078125,-200000,-200000,-200000,-200000,736.7611083984375
10.42,-200000,-200000,772.88165283203125,-200000,-200000,-200000,-200000,735.16375732421875
10.424,-200000,-200000,774.4788818359375,-200000,-200000,-200000,-200000,734.73468017578125
10.428,-200000,-200000,774.0736083984375,-200000,-200000,-200000,-200000,734.6630859375
10.432,-200000,-200000,773.2630615234375,-200000,-200000,-200000,-200000,737.78643798828125
10.436,-200000,-200000,771.4033203125,-200000,-200000,-200000,-200000,734.42462158203125
10.44,-200000,-200000,775.79034423828125,-200000,-200000,-200000,-200000,735.56903076171875
10.444,-200000,-200000,775.55194091796875,-200000,-200000,-200000,-200000,737.71484375
10.448,-200000,-200000,770.0205078125,-200000,-200000,-200000,-200000,734.16241455078125
10.452,-200000,-200000,772.92919921875,-200000,-200000,-200000,-200000,737.90557861328125
10.456,-200000,-200000,775.3372802734375,-200000,-200000,-200000,-200000,737.833984375
10.46,-200000,-200000,775.02734375,-200000,-200000,-200000,-200000,735.0921630859375
10.464,-200000,-200000,772.380859375,-200000,-200000,-200000,-200000,736.18896484375
10.468,-200000,-200000,773.50146484375,-200000,-200000,-200000,-200000,736.88037109375
10.472,-200000,-200000,774.02606201171875,-200000,-200000,-200000,-200000,734.61541748046875
10.476,-200000,-200000,775.24188232421875,-200000,-200000,-200000,-200000,734.8060302734375
10.48,-200000,-200000,773.45379638671875,-200000,-200000,-200000,-200000,735.49755859375
10.484,-200000,-200000,769.3768310546875,-200000,-200000,-200000,-200000,734.23388671875
10.488,-200000,-200000,776.10028076171875,-200000,-200000,-200000,-200000,736.30810546875
10.492,-200000,-200000,774.38360595703125,-200000,-200000,-200000,-200000,735.42608642578125
10.496,-200000,-200000,775.146484375,-200000,-200000,-200000,-200000,735.0921630859375
10.5,-200000,-200000,772.88165283203125,-200000,-200000,-200000,-200000,736.30810546875
10.504,-200000,-200000,772.81005859375,-200000,-200000,-200000,-200000,734.04315185546875
10.508,-200000,-200000,775.36114501953125,-200000,-200000,-200000,-200000,734.9730224609375
10.512,-200000,-200000,773.9544677734375,-200000,-200000,-200000,-200000,736.6419677734375
10.516,-200000,-200000,770.9027099609375,-200000,-200000,-200000,-200000,735.1160888671875
10.52,-200000,-200000,773.3822021484375,-200000,-200000,-200000,-200000,738.40625
10.524,-200000,-200000,775.28955078125,-200000,-200000,-200000,-200000,736.68963623046875
10.528,-200000,-200000,776.93475341796875,-200000,-200000,-200000,-200000,736.23663330078125
10.532,-200000,-200000,772.16632080078125,-200000,-200000,-200000,-200000,735.49755859375
10.536,-200000,-200000,772.57159423828125,-200000,-200000,-200000,-200000,736.0458984375
10.54,-200000,-200000,775.55194091796875,-200000,-200000,-200000,-200000,735.1160888671875
10.544,-200000,-200000,774.2166748046875,-200000,-200000,-200000,-200000,734.01934814453125
10.548,-200000,-200000,774.52667236328125,-200000,-200000,-200000,-200000,734.59161376953125
10.552,-200000,-200000,770.40203857421875,-200000,-200000,-200000,-200000,737.97705078125
10.556,-200000,-200000,773.90673828125,-200000,-200000,-200000,-200000,734.8060302734375
10.56,-200000,-200000,778.34130859375,-200000,-200000,-200000,-200000,736.0697021484375
10.564,-200000,-200000,770.7596435546875,-200000,-200000,-200000,-200000,734.9730224609375
10.568,-200000,-200000,772.04718017578125,-200000,-200000,-200000,-200000,737.64337158203125
10.572,-200000,-200000,774.38360595703125,-200000,-200000,-200000,-200000,736.18896484375
10.576,-200000,-200000,776.48175048828125,-200000,-200000,-200000,-200000,734.73468017578125
10.58,-200000,-200000,773.31072998046875,-200000,-200000,-200000,-200000,733.47100830078125
10.584,-200000,-200000,770.44970703125,-200000,-200000,-200000,-200000,736.7611083984375
10.588,-200000,-200000,775.02734375,-200000,-200000,-200000,-200000,736.23663330078125
10.592,-200000,-200000,777.88836669921875,-200000,-200000,-200000,-200000,735.9266357421875
10.596,-200000,-200000,775.5994873046875,-200000,-200000,-200000,-200000,736.14129638671875
10.6,-200000,-200000,772.4285888671875,-200000,-200000,-200000,-200000,738.09637451171875
10.604,-200000,-200000,772.73858642578125,-200000,-200000,-200000,-200000,734.4007568359375
10.608,-200000,-200000,777.45928955078125,-200000,-200000,-200000,-200000,734.35321044921875
10.612,-200000,-200000,776.88702392578125,-200000,-200000,-200000,-200000,735.9266357421875
10.616,-200000,-200000,769.99676513671875,-200000,-200000,-200000,-200000,736.57049560546875
10.62,-200000,-200000,770.44970703125,-200000,-200000,-200000,-200000,735.0921630859375
10.624,-200000,-200000,777.07781982421875,-200000,-200000,-200000,-200000,735.759765625
10.628,-200000,-200000,775.93341064453125,-200000,-200000,-200000,-200000,736.99951171875
10.632,-200000,-200000,771.92791748046875,-200000,-200000,-200000,-200000,735.87908935546875
10.636,-200000,-200000,771.78485107421875,-200000,-200000,-200000,-200000,737.142578125
10.64,-200000,-200000,776.74395751953125,-200000,-200000,-200000,-200000,735.42608642578125
10.644,-200000,-200000,776.5770263671875,-200000,-200000,-200000,-200000,735.04461669921875
10.648,-200000,-200000,773.04852294921875,-200000,-200000,-200000,-200000,735.73602294921875
10.652,-200000,-200000,770.40203857421875,-200000,-200000,-200000,-200000,735.9266357421875
10.656,-200000,-200000,774.7650146484375,-200000,-200000,-200000,-200000,734.4007568359375
10.66,-200000,-200000,776.55322265625,-200000,-200000,-200000,-200000,735.2352294921875
10.664,-200000,-200000,771.7371826171875,-200000,-200000,-200000,-200000,734.7822265625
10.668,-200000,-200000,770.5927734375,-200000,-200000,-200000,-200000,736.6419677734375
10.672,-200000,-200000,776.24334716796875,-200000,-200000,-200000,-200000,735.8074951171875
10.676,-200000,-200000,778.29364013671875,-200000,-200000,-200000,-200000,737.40496826171875
10.68,-200000,-200000,772.6669921875,-200000,-200000,-200000,-200000,735.3782958984375
10.684,-200000,-200000,768.8045654296875,-200000,-200000,-200000,-200000,735.68829345703125
10.688,-200000,-200000,773.64453125,-200000,-200000,-200000,-200000,734.21014404296875
10.692,-200000,-200000,777.1253662109375,-200000,-200000,-200000,-200000,734.59161376953125
10.696,-200000,-200000,777.43536376953125,-200000,-200000,-200000,-200000,737.4525146484375
10.7,-200000,-200000,771.7371826171875,-200000,-200000,-200000,-200000,736.11749267578125
10.704,-200000,-200000,770.9027099609375,-200000,-200000,-200000,-200000,734.4007568359375
10.708,-200000,-200000,777.76922607421875,-200000,-200000,-200000,-200000,736.57049560546875
10.712,-200000,-200000,777.0062255859375,-200000,-200000,-200000,-200000,737.07110595703125
10.716,-200000,-200000,772.19012451171875,-200000,-200000,-200000,-200000,737.21417236328125
10.72,-200000,-200000,770.44970703125,-200000,-200000,-200000,-200000,734.7822265625
10.724,-200000,-200000,776.76776123046875,-200000,-200000,-200000,-200000,736.23663330078125
10.728,-200000,-200000,775.55194091796875,-200000,-200000,-200000,-200000,735.61669921875
10.732,-200000,-200000,771.5941162109375,-200000,-200000,-200000,-200000,736.7611083984375
10.736,-200000,-200000,770.66424560546875,-200000,-200000,-200000,-200000,737.52410888671875
10.74,-200000,-200000,776.95849609375,-200000,-200000,-200000,-200000,734.47235107421875
10.744,-200000,-200000,778.00762939453125,-200000,-200000,-200000,-200000,733.5902099609375
10.748,-200000,-200000,770.0205078125,-200000,-200000,-200000,-200000,737.26190185546875
10.752,-200000,-200000,768.99542236328125,-200000,-200000,-200000,-200000,736.451171875
10.756,-200000,-200000,776.8154296875,-200000,-200000,-200000,-200000,737.4525146484375
10.76,-200000,-200000,777.3876953125,-200000,-200000,-200000,-200000,734.9730224609375
10.764,-200000,-200000,771.4033203125,-200000,-200000,-200000,-200000,734.59161376953125
10.768,-200000,-200000,769.11456298828125,-200000,-200000,-200000,-200000,735.73602294921875
10.772,-200000,-200000,774.8603515625,-200000,-200000,-200000,-200000,734.01934814453125
10.776,-200000,-200000,778.1029052734375,-200000,-200000,-200000,-200000,736.451171875
10.78,-200000,-200000,775.3372802734375,-200000,-200000,-200000,-200000,734.0908203125
10.784,-200000,-200000,771.4271240234375,-200000,-200000,-200000,-200000,736.68963623046875
10.788,-200000,-200000,776.74395751953125,-200000,-200000,-200000,-200000,736.88037109375
10.792,-200000,-200000,776.88702392578125,-200000,-200000,-200000,-200000,736.88037109375
10.796,-200000,-200000,775.93341064453125,-200000,-200000,-200000,-200000,736.99951171875
10.8,-200000,-200000,772.380859375,-200000,-200000,-200000,-200000,734.92529296875
10.804,-200000,-200000,774.26446533203125,-200000,-200000,-200000,-200000,736.0697021484375
10.808,-200000,-200000,773.31072998046875,-200000,-200000,-200000,-200000,734.90155029296875
10.812,-200000,-200000,775.55194091796875,-200000,-200000,-200000,-200000,735.1160888671875
10.816,-200000,-200000,773.3822021484375,-200000,-200000,-200000,-200000,736.0697021484375
10.82,-200000,-200000,770.2113037109375,-200000,-200000,-200000,-200000,734.35321044921875
10.824,-200000,-200000,775.90948486328125,-200000,-200000,-200000,-200000,735.2352294921875
10.828,-200000,-200000,776.4339599609375,-200000,-200000,-200000,-200000,736.71337890625
10.832,-200000,-200000,773.3822021484375,-200000,-200000,-200000,-200000,735.49755859375
10.836,-200000,-200000,772.30938720703125,-200000,-200000,-200000,-200000,736.57049560546875
10.84,-200000,-200000,777.43536376953125,-200000,-200000,-200000,-200000,733.3994140625
10.844,-200000,-200000,777.912109375,-200000,-200000,-200000,-200000,734.47235107421875
10.848,-200000,-200000,773.14385986328125,-200000,-200000,-200000,-200000,737.26190185546875
10.852,-200000,-200000,770.0682373046875,-200000,-200000,-200000,-200000,737.5955810546875
10.856,-200000,-200000,773.45379638671875,-200000,-200000,-200000,-200000,734.73468017578125
10.86,-200000,-200000,778.1029052734375,-200000,-200000,-200000,-200000,735.3544921875
10.864,-200000,-200000,772.30938720703125,-200000,-200000,-200000,-200000,735.9266357421875
10.868,-200000,-200000,770.7596435546875,-200000,-200000,-200000,-200000,736.83270263671875
10.872,-200000,-200000,775.7425537109375,-200000,-200000,-200000,-200000,738.1439208984375
10.876,-200000,-200000,776.5770263671875,-200000,-200000,-200000,-200000,732.8748779296875
10.88,-200000,-200000,775.28955078125,-200000,-200000,-200000,-200000,737.4525146484375
10.884,-200000,-200000,770.95037841796875,-200000,-200000,-200000,-200000,737.3333740234375
10.888,-200000,-200000,772.2855224609375,-200000,-200000,-200000,-200000,736.6419677734375
10.892,-200000,-200000,777.19696044921875,-200000,-200000,-200000,-200000,735.28302001953125
10.896,-200000,-200000,774.455078125,-200000,-200000,-200000,-200000,735.1160888671875
10.9,-200000,-200000,770.83123779296875,-200000,-200000,-200000,-200000,735.49755859375
10.904,-200000,-200000,773.9544677734375,-200000,-200000,-200000,-200000,734.1385498046875
10.908,-200000,-200000,776.6962890625,-200000,-200000,-200000,-200000,733.82861328125
10.912,-200000,-200000,777.2684326171875,-200000,-200000,-200000,-200000,733.7093505859375
10.916,-200000,-200000,771.92791748046875,-200000,-200000,-200000,-200000,736.83270263671875
10.92,-200000,-200000,772.5477294921875,-200000,-200000,-200000,-200000,736.0697021484375
10.924,-200000,-200000,776.1240234375,-200000,-200000,-200000,-200000,734.73468017578125
10.928,-200000,-200000,776.1717529296875,-200000,-200000,-200000,-200000,736.4989013671875
10.932,-200000,-200000,771.35577392578125,-200000,-200000,-200000,-200000,733.63787841796875
10.936,-200000,-200000,771.80859375,-200000,-200000,-200000,-200000,737.21417236328125
10.94,-200000,-200000,777.19696044921875,-200000,-200000,-200000,-200000,736.57049560546875
10.944,-200000,-200000,776.93475341796875,-200000,-200000,-200000,-200000,738.40625
10.948,-200000,-200000,774.4788818359375,-200000,-200000,-200000,-200000,735.95050048828125
10.952,-200000,-200000,770.44970703125,-200000,-200000,-200000,-200000,736.42742919921875
10.956,-200000,-200000,775.79034423828125,-200000,-200000,-200000,-200000,737.07110595703125
10.96,-200000,-200000,775.93341064453125,-200000,-200000,-200000,-200000,734.92529296875
10.964,-200000,-200000,771.66571044921875,-200000,-200000,-200000,-200000,735.87908935546875
10.968,-200000,-200000,768.6854248046875,-200000,-200000,-200000,-200000,735.87908935546875
10.972,-200000,-200000,773.57305908203125,-200000,-200000,-200000,-200000,736.23663330078125
10.976,-200000,-200000,779.17578125,-200000,-200000,-200000,-200000,735.42608642578125
10.98,-200000,-200000,774.52667236328125,-200000,-200000,-200000,-200000,736.95196533203125
10.984,-200000,-200000,771.23651123046875,-200000,-200000,-200000,-200000,736.71337890625
10.988,-200000,-200000,773.50146484375,-200000,-200000,-200000,-200000,735.99822998046875
10.992,-200000,-200000,776.93475341796875,-200000,-200000,-200000,-200000,736.4989013671875
10.996,-200000,-200000,773.50146484375,-200000,-200000,-200000,-200000,736.37969970703125
11,-200000,-200000,770.64044189453125,-200000,-200000,-200000,-200000,734.85382080078125
11.004,-200000,-200000,772.92919921875,-200000,-200000,-200000,-200000,736.68963623046875
11.008,-200000,-200000,776.24334716796875,-200000,-200000,-200000,-200000,735.3544921875
11.012,-200000,-200000,777.0062255859375,-200000,-200000,-200000,-200000,733.9716796875
11.016,-200000,-200000,770.40203857421875,-200000,-200000,-200000,-200000,734.9730224609375
11.02,-200000,-200000,771.09344482421875,-200000,-200000,-200000,-200000,736.57049560546875
11.024,-200000,-200000,776.74395751953125,-200000,-200000,-200000,-200000,734.42462158203125
11.028,-200000,-200000,776.50555419921875,-200000,-200000,-200000,-200000,735.99822998046875
11.032,-200000,-200000,771.7371826171875,-200000,-200000,-200000,-200000,737.21417236328125
11.036,-200000,-200000,772.23779296875,-200000,-200000,-200000,-200000,735.4736328125
11.04,-200000,-200000,775.79034423828125,-200000,-200000,-200000,-200000,735.759765625
11.044,-200000,-200000,777.19696044921875,-200000,-200000,-200000,-200000,735.73602294921875
11.048,-200000,-200000,771.23651123046875,-200000,-200000,-200000,-200000,736.14129638671875
11.052,-200000,-200000,770.97430419921875,-200000,-200000,-200000,-200000,734.21014404296875
11.056,-200000,-200000,776.93475341796875,-200000,-200000,-200000,-200000,734.4007568359375
11.06,-200000,-200000,777.34002685546875,-200000,-200000,-200000,-200000,736.57049560546875
11.064,-200000,-200000,772.23779296875,-200000,-200000,-200000,-200000,735.759765625
11.068,-200000,-200000,769.11456298828125,-200000,-200000,-200000,-200000,735.95050048828125
11.072,-200000,-200000,777.31622314453125,-200000,-200000,-200000,-200000,736.0697021484375
11.076,-200000,-200000,776.6962890625,-200000,-200000,-200000,-200000,735.1875
11.08,-200000,-200000,773.2630615234375,-200000,-200000,-200000,-200000,737.142578125
11.084,-200000,-200000,771.04571533203125,-200000,-200000,-200000,-200000,736.4989013671875
11.088,-200000,-200000,775.146484375,-200000,-200000,-200000,-200000,736.3319091796875
11.092,-200000,-200000,775.24188232421875,-200000,-200000,-200000,-200000,735.30682373046875
11.096,-200000,-200000,772.81005859375,-200000,-200000,-200000,-200000,734.90155029296875
11.1,-200000,-200000,770.1873779296875,-200000,-200000,-200000,-200000,735.04461669921875
11.104,-200000,-200000,774.19287109375,-200000,-200000,-200000,-200000,736.0697021484375
11.108,-200000,-200000,777.07781982421875,-200000,-200000,-200000,-200000,735.3544921875
11.112,-200000,-200000,775.79034423828125,-200000,-200000,-200000,-200000,733.75714111328125
11.116,-200000,-200000,771.54638671875,-200000,-200000,-200000,-200000,736.18896484375
11.12,-200000,-200000,770.13983154296875,-200000,-200000,-200000,-200000,734.73468017578125
11.124,-200000,-200000,776.36248779296875,-200000,-200000,-200000,-200000,734.92529296875
11.128,-200000,-200000,776.19561767578125,-200000,-200000,-200000,-200000,734.73468017578125
11.132,-200000,-200000,771.35577392578125,-200000,-200000,-200000,-200000,737.0234375
11.136,-200000,-200000,770.7119140625,-200000,-200000,-200000,-200000,735.73602294921875
11.14,-200000,-200000,777.2684326171875,-200000,-200000,-200000,-200000,734.7822265625
11.144,-200000,-200000,777.0062255859375,-200000,-200000,-200000,-200000,734.73468017578125
11.148,-200000,-200000,770.66424560546875,-200000,-200000,-200000,-200000,737.26190185546875
11.152,-200000,-200000,769.30535888671875,-200000,-200000,-200000,-200000,735.56903076171875
11.156,-200000,-200000,773.88299560546875,-200000,-200000,-200000,-200000,733.3994140625
11.16,-200000,-200000,776.3148193359375,-200000,-200000,-200000,-200000,735.1160888671875
11.164,-200000,-200000,774.6458740234375,-200000,-200000,-200000,-200000,737.40496826171875
11.168,-200000,-200000,771.7371826171875,-200000,-200000,-200000,-200000,735.95050048828125
11.172,-200000,-200000,776.8631591796875,-200000,-200000,-200000,-200000,734.73468017578125
11.176,-200000,-200000,776.6962890625,-200000,-200000,-200000,-200000,734.5438232421875
11.18,-200000,-200000,774.02606201171875,-200000,-200000,-200000,-200000,737.21417236328125
11.184,-200000,-200000,771.14111328125,-200000,-200000,-200000,-200000,735.73602294921875
11.188,-200000,-200000,774.6458740234375,-200000,-200000,-200000,-200000,736.3319091796875
11.192,-200000,-200000,775.55194091796875,-200000,-200000,-200000,-200000,735.49755859375
11.196,-200000,-200000,773.763671875,-200000,-200000,-200000,-200000,733.32794189453125
11.2,-200000,-200000,770.2113037109375,-200000,-200000,-200000,-200000,736.52276611328125
11.204,-200000,-200000,772.6907958984375,-200000,-200000,-200000,-200000,736.37969970703125
11.208,-200000,-200000,774.97967529296875,-200000,-200000,-200000,-200000,736.11749267578125
11.212,-200000,-200000,772.73858642578125,-200000,-200000,-200000,-200000,734.52001953125
11.216,-200000,-200000,771.1649169921875,-200000,-200000,-200000,-200000,737.40496826171875
11.22,-200000,-200000,771.61798095703125,-200000,-200000,-200000,-200000,736.0697021484375
11.224,-200000,-200000,775.09893798828125,-200000,-200000,-200000,-200000,735.30682373046875
11.228,-200000,-200000,774.19287109375,-200000,-200000,-200000,-200000,733.90020751953125
11.232,-200000,-200000,771.5941162109375,-200000,-200000,-200000,-200000,734.73468017578125
11.236,-200000,-200000,772.50018310546875,-200000,-200000,-200000,-200000,737.07110595703125
11.24,-200000,-200000,773.19158935546875,-200000,-200000,-200000,-200000,735.16375732421875
11.244,-200000,-200000,777.2684326171875,-200000,-200000,-200000,-200000,735.8074951171875
11.248,-200000,-200000,775.21807861328125,-200000,-200000,-200000,-200000,736.88037109375
11.252,-200000,-200000,770.0682373046875,-200000,-200000,-200000,-200000,733.47100830078125
11.256,-200000,-200000,774.00213623046875,-200000,-200000,-200000,-200000,736.0697021484375
11.26,-200000,-200000,778.03143310546875,-200000,-200000,-200000,-200000,734.73468017578125
11.264,-200000,-200000,773.763671875,-200000,-200000,-200000,-200000,734.99688720703125
11.268,-200000,-200000,770.2113037109375,-200000,-200000,-200000,-200000,734.2816162109375
11.272,-200000,-200000,774.7650146484375,-200000,-200000,-200000,-200000,736.18896484375
11.276,-200000,-200000,777.3876953125,-200000,-200000,-200000,-200000,732.6126708984375
11.28,-200000,-200000,772.92919921875,-200000,-200000,-200000,-200000,734.6630859375
11.284,-200000,-200000,769.75830078125,-200000,-200000,-200000,-200000,737.0234375
11.288,-200000,-200000,772.04718017578125,-200000,-200000,-200000,-200000,735.28302001953125
11.292,-200000,-200000,776.88702392578125,-200000,-200000,-200000,-200000,732.56494140625
11.296,-200000,-200000,774.14520263671875,-200000,-200000,-200000,-200000,735.16375732421875
11.3,-200000,-200000,769.80596923828125,-200000,-200000,-200000,-200000,734.6630859375
11.304,-200000,-200000,771.9755859375,-200000,-200000,-200000,-200000,735.87908935546875
11.308,-200000,-200000,776.74395751953125,-200000,-200000,-200000,-200000,733.5902099609375
11.312,-200000,-200000,774.6458740234375,-200000,-200000,-200000,-200000,734.92529296875
11.316,-200000,-200000,771.9755859375,-200000,-200000,-200000,-200000,734.23388671875
11.32,-200000,-200000,773.57305908203125,-200000,-200000,-200000,-200000,736.83270263671875
11.324,-200000,-200000,775.28955078125,-200000,-200000,-200000,-200000,736.0697021484375
11.328,-200000,-200000,775.36114501953125,-200000,-200000,-200000,-200000,734.01934814453125
11.332,-200000,-200000,771.5941162109375,-200000,-200000,-200000,-200000,736.37969970703125
11.336,-200000,-200000,774.14520263671875,-200000,-200000,-200000,-200000,735.1875
11.34,-200000,-200000,775.4326171875,-200000,-200000,-200000,-200000,735.2352294921875
11.344,-200000,-200000,774.71746826171875,-200000,-200000,-200000,-200000,734.9730224609375
11.348,-200000,-200000,771.21270751953125,-200000,-200000,-200000,-200000,733.82861328125
11.352,-200000,-200000,773.19158935546875,-200000,-200000,-200000,-200000,736.23663330078125
11.356,-200000,-200000,775.98095703125,-200000,-200000,-200000,-200000,733.82861328125
11.36,-200000,-200000,776.36248779296875,-200000,-200000,-200000,-200000,733.94775390625
11.364,-200000,-200000,772.6669921875,-200000,-200000,-200000,-200000,735.56903076171875
11.368,-200000,-200000,773.19158935546875,-200000,-200000,-200000,-200000,735.73602294921875
11.372,-200000,-200000,773.71600341796875,-200000,-200000,-200000,-200000,734.92529296875
11.376,-200000,-200000,772.92919921875,-200000,-200000,-200000,-200000,733.82861328125
11.38,-200000,-200000,773.42999267578125,-200000,-200000,-200000,-200000,733.37567138671875
11.384,-200000,-200000,771.78485107421875,-200000,-200000,-200000,-200000,736.26055908203125
11.388,-200000,-200000,772.47625732421875,-200000,-200000,-200000,-200000,735.68829345703125
11.392,-200000,-200000,774.3359375,-200000,-200000,-200000,-200000,735.16375732421875
11.396,-200000,-200000,773.31072998046875,-200000,-200000,-200000,-200000,731.9212646484375
11.4,-200000,-200000,771.2841796875,-200000,-200000,-200000,-200000,732.49346923828125
11.404,-200000,-200000,773.64453125,-200000,-200000,-200000,-200000,734.5438232421875
11.408,-200000,-200000,774.4788818359375,-200000,-200000,-200000,-200000,736.4989013671875
11.412,-200000,-200000,775.02734375,-200000,-200000,-200000,-200000,735.61669921875
11.416,-200000,-200000,774.09747314453125,-200000,-200000,-200000,-200000,734.5438232421875
11.42,-200000,-200000,772.23779296875,-200000,-200000,-200000,-200000,734.85382080078125
11.424,-200000,-200000,772.4285888671875,-200000,-200000,-200000,-200000,735.61669921875
11.428,-200000,-200000,773.33447265625,-200000,-200000,-200000,-200000,735.9266357421875
11.432,-200000,-200000,771.7371826171875,-200000,-200000,-200000,-200000,733.5902099609375
11.436,-200000,-200000,772.85772705078125,-200000,-200000,-200000,-200000,735.9266357421875
11.44,-200000,-200000,775.0511474609375,-200000,-200000,-200000,-200000,734.71075439453125
11.444,-200000,-200000,775.71875,-200000,-200000,-200000,-200000,733.5902099609375
11.448,-200000,-200000,772.50018310546875,-200000,-200000,-200000,-200000,733.32794189453125
11.452,-200000,-200000,772.23779296875,-200000,-200000,-200000,-200000,736.6419677734375
11.456,-200000,-200000,773.8114013671875,-200000,-200000,-200000,-200000,734.5438232421875
11.46,-200000,-200000,775.62335205078125,-200000,-200000,-200000,-200000,734.23388671875
11.464,-200000,-200000,773.42999267578125,-200000,-200000,-200000,-200000,736.3319091796875
11.468,-200000,-200000,771.33184814453125,-200000,-200000,-200000,-200000,735.42608642578125
11.472,-200000,-200000,776.3148193359375,-200000,-200000,-200000,-200000,735.99822998046875
11.476,-200000,-200000,776.38623046875,-200000,-200000,-200000,-200000,736.0697021484375
11.48,-200000,-200000,773.763671875,-200000,-200000,-200000,-200000,735.3544921875
11.484,-200000,-200000,772.30938720703125,-200000,-200000,-200000,-200000,735.2352294921875
11.488,-200000,-200000,773.8114013671875,-200000,-200000,-200000,-200000,736.37969970703125
11.492,-200000,-200000,776.93475341796875,-200000,-200000,-200000,-200000,736.99951171875
11.496,-200000,-200000,770.97430419921875,-200000,-200000,-200000,-200000,733.7093505859375
11.5,-200000,-200000,770.5927734375,-200000,-200000,-200000,-200000,735.1160888671875
11.504,-200000,-200000,771.8563232421875,-200000,-200000,-200000,-200000,734.6630859375
11.508,-200000,-200000,774.4788818359375,-200000,-200000,-200000,-200000,735.30682373046875
11.512,-200000,-200000,774.66973876953125,-200000,-200000,-200000,-200000,736.95196533203125
11.516,-200000,-200000,774.19287109375,-200000,-200000,-200000,-200000,734.2816162109375
11.52,-200000,-200000,770.95037841796875,-200000,-200000,-200000,-200000,733.4471435546875
11.524,-200000,-200000,774.8603515625,-200000,-200000,-200000,-200000,736.11749267578125
11.528,-200000,-200000,774.2166748046875,-200000,-200000,-200000,-200000,734.8060302734375
11.532,-200000,-200000,772.380859375,-200000,-200000,-200000,-200000,736.11749267578125
11.536,-200000,-200000,771.1649169921875,-200000,-200000,-200000,-200000,735.3544921875
11.54,-200000,-200000,774.52667236328125,-200000,-200000,-200000,-200000,734.71075439453125
11.544,-200000,-200000,772.5477294921875,-200000,-200000,-200000,-200000,733.3994140625
11.548,-200000,-200000,772.61932373046875,-200000,-200000,-200000,-200000,734.92529296875
11.552,-200000,-200000,772.23779296875,-200000,-200000,-200000,-200000,736.52276611328125
11.556,-200000,-200000,772.88165283203125,-200000,-200000,-200000,-200000,734.92529296875
11.56,-200000,-200000,775.40887451171875,-200000,-200000,-200000,-200000,735.56903076171875
11.564,-200000,-200000,772.73858642578125,-200000,-200000,-200000,-200000,736.83270263671875
11.568,-200000,-200000,772.73858642578125,-200000,-200000,-200000,-200000,736.4989013671875
11.572,-200000,-200000,774.7889404296875,-200000,-200000,-200000,-200000,737.07110595703125
11.576,-200000,-200000,774.2166748046875,-200000,-200000,-200000,-200000,734.9730224609375
11.58,-200000,-200000,772.35711669921875,-200000,-200000,-200000,-200000,734.16241455078125
11.584,-200000,-200000,773.62060546875,-200000,-200000,-200000,-200000,736.14129638671875
11.588,-200000,-200000,774.97967529296875,-200000,-200000,-200000,-200000,738.21551513671875
11.592,-200000,-200000,775.02734375,-200000,-200000,-200000,-200000,737.38104248046875
11.596,-200000,-200000,773.69219970703125,-200000,-200000,-200000,-200000,735.1160888671875
11.6,-200000,-200000,772.88165283203125,-200000,-200000,-200000,-200000,733.47100830078125
11.604,-200000,-200000,771.1649169921875,-200000,-200000,-200000,-200000,733.4471435546875
11.608,-200000,-200000,775.3372802734375,-200000,-200000,-200000,-200000,734.85382080078125
11.612,-200000,-200000,774.455078125,-200000,-200000,-200000,-200000,734.92529296875
11.616,-200000,-200000,772.35711669921875,-200000,-200000,-200000,-200000,736.7611083984375
11.62,-200000,-200000,771.9755859375,-200000,-200000,-200000,-200000,736.18896484375
11.624,-200000,-200000,774.38360595703125,-200000,-200000,-200000,-200000,736.6180419921875
11.628,-200000,-200000,772.50018310546875,-200000,-200000,-200000,-200000,733.94775390625
11.632,-200000,-200000,771.21270751953125,-200000,-200000,-200000,-200000,735.1875
11.636,-200000,-200000,770.44970703125,-200000,-200000,-200000,-200000,732.8748779296875
11.64,-200000,-200000,773.88299560546875,-200000,-200000,-200000,-200000,733.51873779296875
11.644,-200000,-200000,773.42999267578125,-200000,-200000,-200000,-200000,733.78094482421875
11.648,-200000,-200000,771.7132568359375,-200000,-200000,-200000,-200000,735.04461669921875
11.652,-200000,-200000,771.9993896484375,-200000,-200000,-200000,-200000,734.4007568359375
11.656,-200000,-200000,773.19158935546875,-200000,-200000,-200000,-200000,734.0908203125
11.66,-200000,-200000,773.2391357421875,-200000,-200000,-200000,-200000,733.37567138671875
11.664,-200000,-200000,771.8563232421875,-200000,-200000,-200000,-200000,734.35321044921875
11.668,-200000,-200000,773.50146484375,-200000,-200000,-200000,-200000,735.2352294921875
11.672,-200000,-200000,774.7650146484375,-200000,-200000,-200000,-200000,737.3333740234375
11.676,-200000,-200000,776.05255126953125,-200000,-200000,-200000,-200000,736.9041748046875
11.68,-200000,-200000,775.24188232421875,-200000,-200000,-200000,-200000,737.07110595703125
11.684,-200000,-200000,771.66571044921875,-200000,-200000,-200000,-200000,735.759765625
11.688,-200000,-200000,773.88299560546875,-200000,-200000,-200000,-200000,734.73468017578125
11.692,-200000,-200000,775.0511474609375,-200000,-200000,-200000,-200000,735.68829345703125
11.696,-200000,-200000,774.40753173828125,-200000,-200000,-200000,-200000,733.06573486328125
11.7,-200000,-200000,771.80859375,-200000,-200000,-200000,-200000,734.92529296875
11.704,-200000,-200000,774.95587158203125,-200000,-200000,-200000,-200000,734.92529296875
11.708,-200000,-200000,774.40753173828125,-200000,-200000,-200000,-200000,735.49755859375
11.712,-200000,-200000,774.455078125,-200000,-200000,-200000,-200000,735.04461669921875
11.716,-200000,-200000,773.2391357421875,-200000,-200000,-200000,-200000,735.0921630859375
11.72,-200000,-200000,774.14520263671875,-200000,-200000,-200000,-200000,735.2352294921875
11.724,-200000,-200000,774.52667236328125,-200000,-200000,-200000,-200000,736.37969970703125
11.728,-200000,-200000,775.24188232421875,-200000,-200000,-200000,-200000,734.2816162109375
11.732,-200000,-200000,774.38360595703125,-200000,-200000,-200000,-200000,736.18896484375
11.736,-200000,-200000,771.1649169921875,-200000,-200000,-200000,-200000,736.18896484375
11.74,-200000,-200000,776.50555419921875,-200000,-200000,-200000,-200000,735.9266357421875
11.744,-200000,-200000,774.7889404296875,-200000,-200000,-200000,-200000,733.4471435546875
11.748,-200000,-200000,772.73858642578125,-200000,-200000,-200000,-200000,734.6630859375
11.752,-200000,-200000,771.9755859375,-200000,-200000,-200000,-200000,736.18896484375
11.756,-200000,-200000,774.3359375,-200000,-200000,-200000,-200000,734.01934814453125
11.76,-200000,-200000,776.3148193359375,-200000,-200000,-200000,-200000,736.7611083984375
11.764,-200000,-200000,770.09210205078125,-200000,-200000,-200000,-200000,734.47235107421875
11.768,-200000,-200000,771.47491455078125,-200000,-200000,-200000,-200000,734.61541748046875
11.772,-200000,-200000,774.09747314453125,-200000,-200000,-200000,-200000,735.61669921875
11.776,-200000,-200000,775.02734375,-200000,-200000,-200000,-200000,735.87908935546875
11.78,-200000,-200000,774.2166748046875,-200000,-200000,-200000,-200000,736.95196533203125
11.784,-200000,-200000,770.64044189453125,-200000,-200000,-200000,-200000,732.68426513671875
11.788,-200000,-200000,775.62335205078125,-200000,-200000,-200000,-200000,735.87908935546875
11.792,-200000,-200000,774.14520263671875,-200000,-200000,-200000,-200000,734.71075439453125
11.796,-200000,-200000,773.14385986328125,-200000,-200000,-200000,-200000,735.42608642578125
11.8,-200000,-200000,769.80596923828125,-200000,-200000,-200000,-200000,734.04315185546875
11.804,-200000,-200000,772.50018310546875,-200000,-200000,-200000,-200000,734.7822265625
11.808,-200000,-200000,773.83526611328125,-200000,-200000,-200000,-200000,734.21014404296875
11.812,-200000,-200000,773.64453125,-200000,-200000,-200000,-200000,736.26055908203125
11.816,-200000,-200000,775.17041015625,-200000,-200000,-200000,-200000,735.68829345703125
11.82,-200000,-200000,772.6669921875,-200000,-200000,-200000,-200000,735.42608642578125
11.824,-200000,-200000,774.26446533203125,-200000,-200000,-200000,-200000,734.92529296875
11.828,-200000,-200000,774.14520263671875,-200000,-200000,-200000,-200000,733.78094482421875
11.832,-200000,-200000,771.66571044921875,-200000,-200000,-200000,-200000,735.16375732421875
11.836,-200000,-200000,772.0947265625,-200000,-200000,-200000,-200000,735.87908935546875
11.84,-200000,-200000,774.6458740234375,-200000,-200000,-200000,-200000,735.56903076171875
11.844,-200000,-200000,774.28826904296875,-200000,-200000,-200000,-200000,736.4989013671875
11.848,-200000,-200000,770.97430419921875,-200000,-200000,-200000,-200000,733.51873779296875
11.852,-200000,-200000,771.1649169921875,-200000,-200000,-200000,-200000,735.73602294921875
11.856,-200000,-200000,774.57440185546875,-200000,-200000,-200000,-200000,736.7611083984375
11.86,-200000,-200000,776.48175048828125,-200000,-200000,-200000,-200000,735.85516357421875
11.864,-200000,-200000,773.5252685546875,-200000,-200000,-200000,-200000,737.4525146484375
11.868,-200000,-200000,774.3359375,-200000,-200000,-200000,-200000,735.54522705078125
11.872,-200000,-200000,771.80859375,-200000,-200000,-200000,-200000,734.85382080078125
11.876,-200000,-200000,775.146484375,-200000,-200000,-200000,-200000,733.51873779296875
11.88,-200000,-200000,773.00079345703125,-200000,-200000,-200000,-200000,735.68829345703125
11.884,-200000,-200000,771.09344482421875,-200000,-200000,-200000,-200000,734.73468017578125
11.888,-200000,-200000,775.21807861328125,-200000,-200000,-200000,-200000,736.42742919921875
11.892,-200000,-200000,775.67108154296875,-200000,-200000,-200000,-200000,734.4007568359375
11.896,-200000,-200000,774.40753173828125,-200000,-200000,-200000,-200000,736.11749267578125
11.9,-200000,-200000,773.9544677734375,-200000,-200000,-200000,-200000,735.04461669921875
11.904,-200000,-200000,772.92919921875,-200000,-200000,-200000,-200000,734.01934814453125
11.908,-200000,-200000,773.50146484375,-200000,-200000,-200000,-200000,735.759765625
11.912,-200000,-200000,772.23779296875,-200000,-200000,-200000,-200000,736.37969970703125
11.916,-200000,-200000,769.6390380859375,-200000,-200000,-200000,-200000,733.63787841796875
11.92,-200000,-200000,770.2113037109375,-200000,-200000,-200000,-200000,735.1160888671875
11.924,-200000,-200000,775.17041015625,-200000,-200000,-200000,-200000,735.99822998046875
11.928,-200000,-200000,775.0511474609375,-200000,-200000,-200000,-200000,734.5438232421875
11.932,-200000,-200000,772.35711669921875,-200000,-200000,-200000,-200000,733.5902099609375
11.936,-200000,-200000,773.88299560546875,-200000,-200000,-200000,-200000,737.71484375
11.94,-200000,-200000,776.76776123046875,-200000,-200000,-200000,-200000,734.92529296875
11.944,-200000,-200000,774.0736083984375,-200000,-200000,-200000,-200000,734.47235107421875
11.948,-200000,-200000,771.21270751953125,-200000,-200000,-200000,-200000,735.04461669921875
11.952,-200000,-200000,772.73858642578125,-200000,-200000,-200000,-200000,734.59161376953125
11.956,-200000,-200000,773.71600341796875,-200000,-200000,-200000,-200000,734.9730224609375
11.96,-200000,-200000,775.4803466796875,-200000,-200000,-200000,-200000,734.2816162109375
11.964,-200000,-200000,769.68682861328125,-200000,-200000,-200000,-200000,734.35321044921875
11.968,-200000,-200000,772.6907958984375,-200000,-200000,-200000,-200000,734.6630859375
11.972,-200000,-200000,773.50146484375,-200000,-200000,-200000,-200000,734.7822265625
11.976,-200000,-200000,773.62060546875,-200000,-200000,-200000,-200000,734.0908203125
11.98,-200000,-200000,774.52667236328125,-200000,-200000,-200000,-200000,734.01934814453125
11.984,-200000,-200000,770.09210205078125,-200000,-200000,-200000,-200000,734.99688720703125
11.988,-200000,-200000,776.50555419921875,-200000,-200000,-200000,-200000,734.85382080078125
11.992,-200000,-200000,780.24871826171875,-200000,-200000,-200000,-200000,735.49755859375
11.996,-200000,-200000,774.26446533203125,-200000,-200000,-200000,-200000,732.6126708984375
12,-200000,-200000,771.0218505859375,-200000,-200000,-200000,-200000,735.9266357421875
12.004,-200000,-200000,774.95587158203125,-200000,-200000,-200000,-200000,732.68426513671875
12.008,-200000,-200000,774.9080810546875,-200000,-200000,-200000,-200000,734.4007568359375
12.012,-200000,-200000,775.5994873046875,-200000,-200000,-200000,-200000,734.9730224609375
12.016,-200000,-200000,771.92791748046875,-200000,-200000,-200000,-200000,735.49755859375
12.02,-200000,-200000,772.81005859375,-200000,-200000,-200000,-200000,734.0908203125
12.024,-200000,-200000,774.59814453125,-200000,-200000,-200000,-200000,733.20880126953125
12.028,-200000,-200000,778.0791015625,-200000,-200000,-200000,-200000,734.99688720703125
12.032,-200000,-200000,772.4285888671875,-200000,-200000,-200000,-200000,734.01934814453125
12.036,-200000,-200000,769.80596923828125,-200000,-200000,-200000,-200000,733.9716796875
12.04,-200000,-200000,775.71875,-200000,-200000,-200000,-200000,735.04461669921875
12.044,-200000,-200000,777.8406982421875,-200000,-200000,-200000,-200000,732.94647216796875
12.048,-200000,-200000,768.85235595703125,-200000,-200000,-200000,-200000,733.20880126953125
12.052,-200000,-200000,769.30535888671875,-200000,-200000,-200000,-200000,734.9730224609375
12.056,-200000,-200000,776.10028076171875,-200000,-200000,-200000,-200000,733.5902099609375
12.06,-200000,-200000,777.24462890625,-200000,-200000,-200000,-200000,732.94647216796875
12.064,-200000,-200000,770.3304443359375,-200000,-200000,-200000,-200000,733.06573486328125
12.068,-200000,-200000,769.9012451171875,-200000,-200000,-200000,-200000,735.73602294921875
12.072,-200000,-200000,772.23779296875,-200000,-200000,-200000,-200000,734.7822265625
12.076,-200000,-200000,772.380859375,-200000,-200000,-200000,-200000,734.2816162109375
12.08,-200000,-200000,771.78485107421875,-200000,-200000,-200000,-200000,733.82861328125
12.084,-200000,-200000,770.13983154296875,-200000,-200000,-200000,-200000,734.35321044921875
12.088,-200000,-200000,771.09344482421875,-200000,-200000,-200000,-200000,733.32794189453125
12.092,-200000,-200000,775.79034423828125,-200000,-200000,-200000,-200000,735.30682373046875
12.096,-200000,-200000,770.0205078125,-200000,-200000,-200000,-200000,734.21014404296875
12.1,-200000,-200000,767.66015625,-200000,-200000,-200000,-200000,735.54522705078125
12.104,-200000,-200000,771.21270751953125,-200000,-200000,-200000,-200000,736.42742919921875
12.108,-200000,-200000,775.55194091796875,-200000,-200000,-200000,-200000,734.6630859375
12.112,-200000,-200000,773.50146484375,-200000,-200000,-200000,-200000,735.49755859375
12.116,-200000,-200000,770.13983154296875,-200000,-200000,-200000,-200000,735.8074951171875
12.12,-200000,-200000,769.68682861328125,-200000,-200000,-200000,-200000,735.4736328125
12.124,-200000,-200000,774.0736083984375,-200000,-200000,-200000,-200000,733.08953857421875
12.128,-200000,-200000,773.763671875,-200000,-200000,-200000,-200000,734.8060302734375
12.132,-200000,-200000,769.4959716796875,-200000,-200000,-200000,-200000,734.9730224609375
12.136,-200000,-200000,768.8045654296875,-200000,-200000,-200000,-200000,736.6419677734375
12.14,-200000,-200000,773.69219970703125,-200000,-200000,-200000,-200000,732.63653564453125
12.144,-200000,-200000,775.4803466796875,-200000,-200000,-200000,-200000,736.3319091796875
12.148,-200000,-200000,769.87744140625,-200000,-200000,-200000,-200000,736.68963623046875
12.152,-200000,-200000,770.37823486328125,-200000,-200000,-200000,-200000,736.6180419921875
12.156,-200000,-200000,773.64453125,-200000,-200000,-200000,-200000,734.59161376953125
12.16,-200000,-200000,774.02606201171875,-200000,-200000,-200000,-200000,734.01934814453125
12.164,-200000,-200000,770.5927734375,-200000,-200000,-200000,-200000,736.30810546875
12.168,-200000,-200000,768.3515625,-200000,-200000,-200000,-200000,735.73602294921875
12.172,-200000,-200000,770.83123779296875,-200000,-200000,-200000,-200000,732.7557373046875
12.176,-200000,-200000,777.5306396484375,-200000,-200000,-200000,-200000,735.99822998046875
12.18,-200000,-200000,772.76239013671875,-200000,-200000,-200000,-200000,733.66162109375
12.184,-200000,-200000,770.0205078125,-200000,-200000,-200000,-200000,735.6644287109375
12.188,-200000,-200000,773.19158935546875,-200000,-200000,-200000,-200000,734.52001953125
12.192,-200000,-200000,776.24334716796875,-200000,-200000,-200000,-200000,735.54522705078125
12.196,-200000,-200000,775.0511474609375,-200000,-200000,-200000,-200000,734.92529296875
12.2,-200000,-200000,770.2113037109375,-200000,-200000,-200000,-200000,734.92529296875
12.204,-200000,-200000,772.19012451171875,-200000,-200000,-200000,-200000,735.49755859375
12.208,-200000,-200000,779.15203857421875,-200000,-200000,-200000,-200000,735.42608642578125
12.212,-200000,-200000,773.64453125,-200000,-200000,-200000,-200000,736.0697021484375
12.216,-200000,-200000,771.23651123046875,-200000,-200000,-200000,-200000,736.18896484375
12.22,-200000,-200000,773.3822021484375,-200000,-200000,-200000,-200000,735.30682373046875
12.224,-200000,-200000,775.71875,-200000,-200000,-200000,-200000,735.04461669921875
12.228,-200000,-200000,775.7425537109375,-200000,-200000,-200000,-200000,735.2352294921875
12.232,-200000,-200000,772.04718017578125,-200000,-200000,-200000,-200000,736.6419677734375
12.236,-200000,-200000,771.09344482421875,-200000,-200000,-200000,-200000,735.49755859375
12.24,-200000,-200000,774.9080810546875,-200000,-200000,-200000,-200000,732.23126220703125
12.244,-200000,-200000,775.5994873046875,-200000,-200000,-200000,-200000,734.8060302734375
12.248,-200000,-200000,770.85498046875,-200000,-200000,-200000,-200000,735.30682373046875
12.252,-200000,-200000,771.92791748046875,-200000,-200000,-200000,-200000,735.28302001953125
12.256,-200000,-200000,774.28826904296875,-200000,-200000,-200000,-200000,737.0234375
12.26,-200000,-200000,778.7705078125,-200000,-200000,-200000,-200000,735.28302001953125
12.264,-200000,-200000,774.3359375,-200000,-200000,-200000,-200000,736.83270263671875
12.268,-200000,-200000,770.44970703125,-200000,-200000,-200000,-200000,734.35321044921875
12.272,-200000,-200000,774.7650146484375,-200000,-200000,-200000,-200000,734.9730224609375
12.276,-200000,-200000,777.0062255859375,-200000,-200000,-200000,-200000,735.8074951171875
12.28,-200000,-200000,774.38360595703125,-200000,-200000,-200000,-200000,735.9266357421875
12.284,-200000,-200000,771.2841796875,-200000,-200000,-200000,-200000,736.9041748046875
12.288,-200000,-200000,774.59814453125,-200000,-200000,-200000,-200000,734.99688720703125
12.292,-200000,-200000,776.2908935546875,-200000,-200000,-200000,-200000,736.6419677734375
12.296,-200000,-200000,773.88299560546875,-200000,-200000,-200000,-200000,734.52001953125
12.3,-200000,-200000,770.7119140625,-200000,-200000,-200000,-200000,733.3994140625
12.304,-200000,-200000,773.83526611328125,-200000,-200000,-200000,-200000,733.5662841796875
12.308,-200000,-200000,776.1717529296875,-200000,-200000,-200000,-200000,733.32794189453125
12.312,-200000,-200000,774.14520263671875,-200000,-200000,-200000,-200000,734.04315185546875
12.316,-200000,-200000,771.33184814453125,-200000,-200000,-200000,-200000,734.2816162109375
12.32,-200000,-200000,773.50146484375,-200000,-200000,-200000,-200000,734.85382080078125
12.324,-200000,-200000,775.40887451171875,-200000,-200000,-200000,-200000,735.04461669921875
12.328,-200000,-200000,776.3148193359375,-200000,-200000,-200000,-200000,733.3994140625
12.332,-200000,-200000,772.380859375,-200000,-200000,-200000,-200000,735.54522705078125
12.336,-200000,-200000,769.9012451171875,-200000,-200000,-200000,-200000,735.87908935546875
12.34,-200000,-200000,773.45379638671875,-200000,-200000,-200000,-200000,735.16375732421875
12.344,-200000,-200000,776.4339599609375,-200000,-200000,-200000,-200000,733.5662841796875
12.348,-200000,-200000,771.7371826171875,-200000,-200000,-200000,-200000,733.63787841796875
12.352,-200000,-200000,770.40203857421875,-200000,-200000,-200000,-200000,735.68829345703125
12.356,-200000,-200000,773.45379638671875,-200000,-200000,-200000,-200000,733.63787841796875
12.36,-200000,-200000,774.66973876953125,-200000,-200000,-200000,-200000,735.1160888671875
12.364,-200000,-200000,773.69219970703125,-200000,-200000,-200000,-200000,735.87908935546875
12.368,-200000,-200000,770.2113037109375,-200000,-200000,-200000,-200000,735.04461669921875
12.372,-200000,-200000,775.86181640625,-200000,-200000,-200000,-200000,734.92529296875
12.376,-200000,-200000,775.86181640625,-200000,-200000,-200000,-200000,733.51873779296875
12.38,-200000,-200000,774.26446533203125,-200000,-200000,-200000,-200000,735.04461669921875
12.384,-200000,-200000,770.37823486328125,-200000,-200000,-200000,-200000,737.8577880859375
12.388,-200000,-200000,774.71746826171875,-200000,-200000,-200000,-200000,734.85382080078125
12.392,-200000,-200000,775.52801513671875,-200000,-200000,-200000,-200000,732.94647216796875
12.396,-200000,-200000,775.28955078125,-200000,-200000,-200000,-200000,737.95330810546875
12.4,-200000,-200000,771.47491455078125,-200000,-200000,-200000,-200000,736.68963623046875
12.404,-200000,-200000,772.81005859375,-200000,-200000,-200000,-200000,734.61541748046875
12.408,-200000,-200000,775.40887451171875,-200000,-200000,-200000,-200000,735.49755859375
12.412,-200000,-200000,774.97967529296875,-200000,-200000,-200000,-200000,736.30810546875
12.416,-200000,-200000,772.73858642578125,-200000,-200000,-200000,-200000,735.1875
12.42,-200000,-200000,771.4271240234375,-200000,-200000,-200000,-200000,735.42608642578125
12.424,-200000,-200000,774.455078125,-200000,-200000,-200000,-200000,733.82861328125
12.428,-200000,-200000,774.4788818359375,-200000,-200000,-200000,-200000,735.99822998046875
12.432,-200000,-200000,773.00079345703125,-200000,-200000,-200000,-200000,734.5438232421875
12.436,-200000,-200000,772.6907958984375,-200000,-200000,-200000,-200000,735.3544921875
12.44,-200000,-200000,776.19561767578125,-200000,-200000,-200000,-200000,735.4736328125
12.444,-200000,-200000,775.55194091796875,-200000,-200000,-200000,-200000,733.78094482421875
12.448,-200000,-200000,773.50146484375,-200000,-200000,-200000,-200000,736.18896484375
12.452,-200000,-200000,772.57159423828125,-200000,-200000,-200000,-200000,735.4736328125
12.456,-200000,-200000,773.9544677734375,-200000,-200000,-200000,-200000,734.16241455078125
12.46,-200000,-200000,775.62335205078125,-200000,-200000,-200000,-200000,733.13720703125
12.464,-200000,-200000,772.0947265625,-200000,-200000,-200000,-200000,734.5438232421875
12.468,-200000,-200000,770.52130126953125,-200000,-200000,-200000,-200000,734.35321044921875
12.472,-200000,-200000,772.11865234375,-200000,-200000,-200000,-200000,733.7093505859375
12.476,-200000,-200000,775.5994873046875,-200000,-200000,-200000,-200000,734.16241455078125
12.48,-200000,-200000,774.59814453125,-200000,-200000,-200000,-200000,734.92529296875
12.484,-200000,-200000,772.04718017578125,-200000,-200000,-200000,-200000,733.3994140625
12.488,-200000,-200000,773.69219970703125,-200000,-200000,-200000,-200000,735.1875
12.492,-200000,-200000,776.38623046875,-200000,-200000,-200000,-200000,734.7822265625
12.496,-200000,-200000,773.1199951171875,-200000,-200000,-200000,-200000,733.37567138671875
12.5,-200000,-200000,770.5927734375,-200000,-200000,-200000,-200000,734.9730224609375
12.504,-200000,-200000,773.1199951171875,-200000,-200000,-200000,-200000,734.71075439453125
12.508,-200000,-200000,773.71600341796875,-200000,-200000,-200000,-200000,734.92529296875
12.512,-200000,-200000,775.28955078125,-200000,-200000,-200000,-200000,735.28302001953125
12.516,-200000,-200000,771.2841796875,-200000,-200000,-200000,-200000,736.4989013671875
12.52,-200000,-200000,771.78485107421875,-200000,-200000,-200000,-200000,736.3319091796875
12.524,-200000,-200000,773.31072998046875,-200000,-200000,-200000,-200000,734.1385498046875
12.528,-200000,-200000,774.59814453125,-200000,-200000,-200000,-200000,733.7093505859375
12.532,-200000,-200000,774.9080810546875,-200000,-200000,-200000,-200000,735.2352294921875
12.536,-200000,-200000,771.47491455078125,-200000,-200000,-200000,-200000,734.01934814453125
12.54,-200000,-200000,774.7650146484375,-200000,-200000,-200000,-200000,735.30682373046875
12.544,-200000,-200000,776.62481689453125,-200000,-200000,-200000,-200000,734.8060302734375
12.548,-200000,-200000,775.5994873046875,-200000,-200000,-200000,-200000,733.08953857421875
12.552,-200000,-200000,769.75830078125,-200000,-200000,-200000,-200000,732.37432861328125
12.556,-200000,-200000,772.50018310546875,-200000,-200000,-200000,-200000,732.6126708984375
12.56,-200000,-200000,776.38623046875,-200000,-200000,-200000,-200000,733.37567138671875
12.564,-200000,-200000,776.6962890625,-200000,-200000,-200000,-200000,733.78094482421875
12.568,-200000,-200000,769.82989501953125,-200000,-200000,-200000,-200000,733.25634765625
12.572,-200000,-200000,771.1649169921875,-200000,-200000,-200000,-200000,733.06573486328125
12.576,-200000,-200000,776.24334716796875,-200000,-200000,-200000,-200000,733.8524169921875
12.58,-200000,-200000,778.41290283203125,-200000,-200000,-200000,-200000,735.2352294921875
12.584,-200000,-200000,768.6614990234375,-200000,-200000,-200000,-200000,733.90020751953125
12.588,-200000,-200000,766.3250732421875,-200000,-200000,-200000,-200000,733.78094482421875
12.592,-200000,-200000,774.8603515625,-200000,-200000,-200000,-200000,736.0458984375
12.596,-200000,-200000,783.2528076171875,-200000,-200000,-200000,-200000,735.99822998046875
12.6,-200000,-200000,769.71063232421875,-200000,-200000,-200000,-200000,735.30682373046875
12.604,-200000,-200000,767.73175048828125,-200000,-200000,-200000,-200000,735.04461669921875
12.608,-200000,-200000,776.05255126953125,-200000,-200000,-200000,-200000,735.9266357421875
12.612,-200000,-200000,788.71258544921875,-200000,-200000,-200000,-200000,734.85382080078125
12.616,-200000,-200000,772.81005859375,-200000,-200000,-200000,-200000,733.63787841796875
12.62,-200000,-200000,747.6806640625,-200000,-200000,-200000,-200000,731.87353515625
12.624,-200000,-200000,764.46533203125,-200000,-200000,-200000,-200000,732.63653564453125
12.628,-200000,-200000,813.7703857421875,-200000,-200000,-200000,-200000,735.1160888671875
12.632,-200000,-200000,779.2235107421875,-200000,-200000,-200000,-200000,737.142578125
12.636,-200000,-200000,725.2454833984375,-200000,-200000,-200000,-200000,734.8060302734375
12.64,-200000,-200000,752.8543701171875,-200000,-200000,-200000,-200000,734.16241455078125
12.644,-200000,-200000,873.63720703125,-200000,-200000,-200000,-200000,735.68829345703125
12.648,-200000,-200000,790.47686767578125,-200000,-200000,-200000,-200000,734.90155029296875
12.652,-200000,-200000,714.25439453125,-200000,-200000,-200000,-200000,735.99822998046875
12.656,-200000,-200000,698.37579345703125,-200000,-200000,-200000,-200000,734.0908203125
12.66,-200000,-200000,836.89697265625,-200000,-200000,-200000,-200000,733.90020751953125
12.664,-200000,-200000,847.26824951171875,-200000,-200000,-200000,-200000,735.61669921875
12.668,-200000,-200000,702.11895751953125,-200000,-200000,-200000,-200000,733.78094482421875
12.672,-200000,-200000,642.4188232421875,-200000,-200000,-200000,-200000,734.42462158203125
12.676,-200000,-200000,809.38348388671875,-200000,-200000,-200000,-200000,735.54522705078125
12.68,-200000,-200000,951.0994873046875,-200000,-200000,-200000,-200000,734.85382080078125
12.684,-200000,-200000,783.30047607421875,-200000,-200000,-200000,-200000,734.35321044921875
12.688,-200000,-200000,681.25732421875,-200000,-200000,-200000,-200000,731.99285888671875
12.692,-200000,-200000,878.23876953125,-200000,-200000,-200000,-200000,732.94647216796875
12.696,-200000,-200000,1134.7294921875,-200000,-200000,-200000,-200000,737.40496826171875
12.7,-200000,-200000,1061.415771484375,-200000,-200000,-200000,-200000,739.88446044921875
12.704,-200000,-200000,777.62615966796875,-200000,-200000,-200000,-200000,739.9559326171875
12.708,-200000,-200000,812.86444091796875,-200000,-200000,-200000,-200000,740.57586669921875
12.712,-200000,-200000,1097.750732421875,-200000,-200000,-200000,-200000,742.10174560546875
12.716,-200000,-200000,1086.2113037109375,-200000,-200000,-200000,-200000,745.03436279296875
12.72,-200000,-200000,891.13720703125,-200000,-200000,-200000,-200000,741.64874267578125
12.724,-200000,-200000,907.42120361328125,-200000,-200000,-200000,-200000,741.60107421875
12.728,-200000,-200000,1195.4547119140625,-200000,-200000,-200000,-200000,741.9110107421875
12.732,-200000,-200000,1118.4693603515625,-200000,-200000,-200000,-200000,738.4300537109375
12.736,-200000,-200000,751.37628173828125,-200000,-200000,-200000,-200000,737.1903076171875
12.74,-200000,-200000,573.30126953125,-200000,-200000,-200000,-200000,736.95196533203125
12.744,-200000,-200000,882.48260498046875,-200000,-200000,-200000,-200000,738.35858154296875
12.748,-200000,-200000,1028.9908447265625,-200000,-200000,-200000,-200000,737.64337158203125
12.752,-200000,-200000,799.96600341796875,-200000,-200000,-200000,-200000,737.52410888671875
12.756,-200000,-200000,588.6077880859375,-200000,-200000,-200000,-200000,736.26055908203125
12.76,-200000,-200000,838.63739013671875,-200000,-200000,-200000,-200000,733.3994140625
12.764,-200000,-200000,1084.6138916015625,-200000,-200000,-200000,-200000,734.5438232421875
12.768,-200000,-200000,850.96368408203125,-200000,-200000,-200000,-200000,734.35321044921875
12.772,-200000,-200000,646.35284423828125,-200000,-200000,-200000,-200000,732.82733154296875
12.776,-200000,-200000,827.67022705078125,-200000,-200000,-200000,-200000,730.27618408203125
12.78,-200000,-200000,981.99853515625,-200000,-200000,-200000,-200000,732.49346923828125
12.784,-200000,-200000,808.04833984375,-200000,-200000,-200000,-200000,729.63250732421875
12.788,-200000,-200000,664.16259765625,-200000,-200000,-200000,-200000,727.10528564453125
12.792,-200000,-200000,795.4598388671875,-200000,-200000,-200000,-200000,727.72509765625
12.796,-200000,-200000,962.8773193359375,-200000,-200000,-200000,-200000,725.43634033203125
12.8,-200000,-200000,788.0926513671875,-200000,-200000,-200000,-200000,723.29052734375
12.804,-200000,-200000,581.69366455078125,-200000,-200000,-200000,-200000,723.40966796875
12.808,-200000,-200000,671.52978515625,-200000,-200000,-200000,-200000,721.1923828125
12.812,-200000,-200000,919.10369873046875,-200000,-200000,-200000,-200000,724.10107421875
12.816,-200000,-200000,779.41424560546875,-200000,-200000,-200000,-200000,723.52899169921875
12.82,-200000,-200000,-124.47835540771484,-200000,-200000,-200000,-200000,724.62567138671875
12.824,-200000,-200000,-639.5340576171875,-200000,-200000,-200000,-200000,729.06024169921875
12.828,-200000,-200000,-147.91488647460938,-200000,-200000,-200000,-200000,730.27618408203125
12.832,-200000,-200000,1.6927719116210938,-200000,-200000,-200000,-200000,733.3994140625
12.836,-200000,-200000,-202.3935546875,-200000,-200000,-200000,-200000,735.8074951171875
12.84,-200000,-200000,-229.096435546875,-200000,-200000,-200000,-200000,734.9730224609375
12.844,-200000,-200000,255.79931640625,-200000,-200000,-200000,-200000,734.16241455078125
12.848,-200000,-200000,690.7225341796875,-200000,-200000,-200000,-200000,737.26190185546875
12.852,-200000,-200000,673.67559814453125,-200000,-200000,-200000,-200000,734.47235107421875
12.856,-200000,-200000,523.87725830078125,-200000,-200000,-200000,-200000,734.16241455078125
12.86,-200000,-200000,824.5706787109375,-200000,-200000,-200000,-200000,731.68292236328125
12.864,-200000,-200000,1071.0240478515625,-200000,-200000,-200000,-200000,734.61541748046875
12.868,-200000,-200000,804.66278076171875,-200000,-200000,-200000,-200000,734.42462158203125
12.872,-200000,-200000,597.19091796875,-200000,-200000,-200000,-200000,733.94775390625
12.876,-200000,-200000,870.10870361328125,-200000,-200000,-200000,-200000,732.994140625
12.88,-200000,-200000,1039.9820556640625,-200000,-200000,-200000,-200000,734.16241455078125
12.884,-200000,-200000,864.05291748046875,-200000,-200000,-200000,-200000,731.99285888671875
12.888,-200000,-200000,533.6761474609375,-200000,-200000,-200000,-200000,733.25634765625
12.892,-200000,-200000,646.90118408203125,-200000,-200000,-200000,-200000,732.7080078125
12.896,-200000,-200000,974.6790771484375,-200000,-200000,-200000,-200000,731.15838623046875
12.9,-200000,-200000,866.03173828125,-200000,-200000,-200000,-200000,732.94647216796875
12.904,-200000,-200000,533.10400390625,-200000,-200000,-200000,-200000,734.16241455078125
12.908,-200000,-200000,575.20867919921875,-200000,-200000,-200000,-200000,733.66162109375
12.912,-200000,-200000,931.57305908203125,-200000,-200000,-200000,-200000,732.994140625
12.916,-200000,-200000,882.86407470703125,-200000,-200000,-200000,-200000,732.0643310546875
12.92,-200000,-200000,561.90496826171875,-200000,-200000,-200000,-200000,734.2816162109375
12.924,-200000,-200000,591.6595458984375,-200000,-200000,-200000,-200000,732.68426513671875
12.928,-200000,-200000,892.73468017578125,-200000,-200000,-200000,-200000,730.77685546875
12.932,-200000,-200000,871.37237548828125,-200000,-200000,-200000,-200000,732.82733154296875
12.936,-200000,-200000,600.05194091796875,-200000,-200000,-200000,-200000,732.56494140625
12.94,-200000,-200000,531.4588623046875,-200000,-200000,-200000,-200000,732.25506591796875
12.944,-200000,-200000,834.798828125,-200000,-200000,-200000,-200000,731.0390625
12.948,-200000,-200000,957.77520751953125,-200000,-200000,-200000,-200000,731.11065673828125
12.952,-200000,-200000,652.45635986328125,-200000,-200000,-200000,-200000,733.18487548828125
12.956,-200000,-200000,522.37518310546875,-200000,-200000,-200000,-200000,733.4471435546875
12.96,-200000,-200000,816.8935546875,-200000,-200000,-200000,-200000,730.34765625
12.964,-200000,-200000,908.87548828125,-200000,-200000,-200000,-200000,731.15838623046875
12.968,-200000,-200000,726.6522216796875,-200000,-200000,-200000,-200000,732.89874267578125
12.972,-200000,-200000,709.62908935546875,-200000,-200000,-200000,-200000,729.20330810546875
12.976,-200000,-200000,829.0052490234375,-200000,-200000,-200000,-200000,726.58074951171875
12.98,-200000,-200000,868.8211669921875,-200000,-200000,-200000,-200000,729.3701171875
12.984,-200000,-200000,721.83612060546875,-200000,-200000,-200000,-200000,727.2958984375
12.988,-200000,-200000,614.5477294921875,-200000,-200000,-200000,-200000,729.8231201171875
12.992,-200000,-200000,777.8406982421875,-200000,-200000,-200000,-200000,727.36749267578125
12.996,-200000,-200000,882.19647216796875,-200000,-200000,-200000,-200000,729.083984375
13,-200000,-200000,736.57049560546875,-200000,-200000,-200000,-200000,730.15704345703125
13.004,-200000,-200000,612.37823486328125,-200000,-200000,-200000,-200000,730.3953857421875
13.008,-200000,-200000,749.349609375,-200000,-200000,-200000,-200000,728.94110107421875
13.012,-200000,-200000,884.6522216796875,-200000,-200000,-200000,-200000,732.0404052734375
13.016,-200000,-200000,739.04998779296875,-200000,-200000,-200000,-200000,730.3953857421875
13.02,-200000,-200000,562.2386474609375,-200000,-200000,-200000,-200000,730.5145263671875
13.024,-200000,-200000,654.02996826171875,-200000,-200000,-200000,-200000,733.25634765625
13.028,-200000,-200000,865.7694091796875,-200000,-200000,-200000,-200000,731.46826171875
13.032,-200000,-200000,783.13360595703125,-200000,-200000,-200000,-200000,732.8748779296875
13.036,-200000,-200000,466.990478515625,-200000,-200000,-200000,-200000,732.25506591796875
13.04,-200000,-200000,422.45394897460938,-200000,-200000,-200000,-200000,731.0390625
13.044,-200000,-200000,696.1346435546875,-200000,-200000,-200000,-200000,730.77685546875
13.048,-200000,-200000,759.6492919921875,-200000,-200000,-200000,-200000,729.44171142578125
13.052,-200000,-200000,432.181396484375,-200000,-200000,-200000,-200000,734.4007568359375
13.056,-200000,-200000,358.22396850585938,-200000,-200000,-200000,-200000,732.6126708984375
13.06,-200000,-200000,681.51953125,-200000,-200000,-200000,-200000,731.0390625
13.064,-200000,-200000,823.35479736328125,-200000,-200000,-200000,-200000,732.11199951171875
13.068,-200000,-200000,597.57244873046875,-200000,-200000,-200000,-200000,730.58612060546875
13.072,-200000,-200000,553.44110107421875,-200000,-200000,-200000,-200000,734.42462158203125
13.076,-200000,-200000,826.85955810546875,-200000,-200000,-200000,-200000,733.08953857421875
13.08,-200000,-200000,855.6605224609375,-200000,-200000,-200000,-200000,734.35321044921875
13.084,-200000,-200000,699.25799560546875,-200000,-200000,-200000,-200000,733.3994140625
13.088,-200000,-200000,599.62286376953125,-200000,-200000,-200000,-200000,734.92529296875
13.092,-200000,-200000,783.896484375,-200000,-200000,-200000,-200000,735.3544921875
13.096,-200000,-200000,856.6141357421875,-200000,-200000,-200000,-200000,735.99822998046875
13.1,-200000,-200000,721.5023193359375,-200000,-200000,-200000,-200000,734.85382080078125
13.104,-200000,-200000,628.09002685546875,-200000,-200000,-200000,-200000,735.42608642578125
13.108,-200000,-200000,765.51446533203125,-200000,-200000,-200000,-200000,734.16241455078125
13.112,-200000,-200000,856.87646484375,-200000,-200000,-200000,-200000,732.37432861328125
13.116,-200000,-200000,752.32989501953125,-200000,-200000,-200000,-200000,730.08544921875
13.12,-200000,-200000,672.98419189453125,-200000,-200000,-200000,-200000,728.82177734375
13.124,-200000,-200000,774.52667236328125,-200000,-200000,-200000,-200000,728.9886474609375
13.128,-200000,-200000,863.02764892578125,-200000,-200000,-200000,-200000,727.9873046875
13.132,-200000,-200000,775.09893798828125,-200000,-200000,-200000,-200000,728.7025146484375
13.136,-200000,-200000,729.39404296875,-200000,-200000,-200000,-200000,732.25506591796875
13.14,-200000,-200000,777.3876953125,-200000,-200000,-200000,-200000,730.58612060546875
13.144,-200000,-200000,832.27166748046875,-200000,-200000,-200000,-200000,730.01397705078125
13.148,-200000,-200000,794.76837158203125,-200000,-200000,-200000,-200000,731.11065673828125
13.152,-200000,-200000,721.7646484375,-200000,-200000,-200000,-200000,732.51727294921875
13.156,-200000,-200000,733.32794189453125,-200000,-200000,-200000,-200000,732.302734375
13.16,-200000,-200000,865.00653076171875,-200000,-200000,-200000,-200000,732.1834716796875
13.164,-200000,-200000,865.69793701171875,-200000,-200000,-200000,-200000,731.4920654296875
13.168,-200000,-200000,658.17840576171875,-200000,-200000,-200000,-200000,732.25506591796875
13.172,-200000,-200000,661.7308349609375,-200000,-200000,-200000,-200000,734.01934814453125
13.176,-200000,-200000,844.5263671875,-200000,-200000,-200000,-200000,731.53985595703125
13.18,-200000,-200000,844.66943359375,-200000,-200000,-200000,-200000,732.8748779296875
13.184,-200000,-200000,720.6678466796875,-200000,-200000,-200000,-200000,737.07110595703125
13.188,-200000,-200000,699.1864013671875,-200000,-200000,-200000,-200000,735.42608642578125
13.192,-200000,-200000,813.1981201171875,-200000,-200000,-200000,-200000,735.3544921875
13.196,-200000,-200000,859.59442138671875,-200000,-200000,-200000,-200000,733.78094482421875
13.2,-200000,-200000,734.2816162109375,-200000,-200000,-200000,-200000,735.4736328125
13.204,-200000,-200000,704.97998046875,-200000,-200000,-200000,-200000,735.42608642578125
13.208,-200000,-200000,792.02667236328125,-200000,-200000,-200000,-200000,734.04315185546875
13.212,-200000,-200000,859.71368408203125,-200000,-200000,-200000,-200000,734.0908203125
13.216,-200000,-200000,748.32452392578125,-200000,-200000,-200000,-200000,734.61541748046875
13.22,-200000,-200000,679.96990966796875,-200000,-200000,-200000,-200000,734.9730224609375
13.224,-200000,-200000,770.52130126953125,-200000,-200000,-200000,-200000,734.01934814453125
13.228,-200000,-200000,829.07684326171875,-200000,-200000,-200000,-200000,734.59161376953125
13.232,-200000,-200000,758.0042724609375,-200000,-200000,-200000,-200000,735.8074951171875
13.236,-200000,-200000,715.63720703125,-200000,-200000,-200000,-200000,735.68829345703125
13.24,-200000,-200000,758.5048828125,-200000,-200000,-200000,-200000,732.82733154296875
13.244,-200000,-200000,808.97821044921875,-200000,-200000,-200000,-200000,735.30682373046875
13.248,-200000,-200000,760.98455810546875,-200000,-200000,-200000,-200000,736.52276611328125
13.252,-200000,-200000,696.373046875,-200000,-200000,-200000,-200000,735.8074951171875
13.256,-200000,-200000,711.44110107421875,-200000,-200000,-200000,-200000,737.28564453125
13.26,-200000,-200000,810.7900390625,-200000,-200000,-200000,-200000,745.72576904296875
13.264,-200000,-200000,787.87811279296875,-200000,-200000,-200000,-200000,749.03973388671875
13.268,-200000,-200000,725.57940673828125,-200000,-200000,-200000,-200000,750.87548828125
13.272,-200000,-200000,706.36279296875,-200000,-200000,-200000,-200000,746.79864501953125
13.276,-200000,-200000,780.82098388671875,-200000,-200000,-200000,-200000,742.98388671875
13.28,-200000,-200000,781.34552001953125,-200000,-200000,-200000,-200000,740.57586669921875
13.284,-200000,-200000,633.4305419921875,-200000,-200000,-200000,-200000,740.1943359375
13.288,-200000,-200000,451.326416015625,-200000,-200000,-200000,-200000,737.40496826171875
13.292,-200000,-200000,493.86029052734375,-200000,-200000,-200000,-200000,736.37969970703125
13.296,-200000,-200000,818.58642578125,-200000,-200000,-200000,-200000,733.94775390625
13.3,-200000,-200000,711.0595703125,-200000,-200000,-200000,-200000,731.99285888671875
13.304,-200000,-200000,369.28656005859375,-200000,-200000,-200000,-200000,735.4736328125
13.308,-200000,-200000,492.62051391601562,-200000,-200000,-200000,-200000,733.78094482421875
13.312,-200000,-200000,1008.20068359375,-200000,-200000,-200000,-200000,735.9266357421875
13.316,-200000,-200000,1050.6630859375,-200000,-200000,-200000,-200000,736.57049560546875
13.32,-200000,-200000,614.4285888671875,-200000,-200000,-200000,-200000,734.2816162109375
13.324,-200000,-200000,544.40509033203125,-200000,-200000,-200000,-200000,733.9716796875
13.328,-200000,-200000,959.99249267578125,-200000,-200000,-200000,-200000,736.9041748046875
13.332,-200000,-200000,1090.955810546875,-200000,-200000,-200000,-200000,734.92529296875
13.336,-200000,-200000,677.8240966796875,-200000,-200000,-200000,-200000,732.421875
13.34,-200000,-200000,406.59906005859375,-200000,-200000,-200000,-200000,735.0921630859375
13.344,-200000,-200000,749.08740234375,-200000,-200000,-200000,-200000,736.11749267578125
13.348,-200000,-200000,1015.56787109375,-200000,-200000,-200000,-200000,735.759765625
13.352,-200000,-200000,688.45751953125,-200000,-200000,-200000,-200000,735.6644287109375
13.356,-200000,-200000,326.80038452148438,-200000,-200000,-200000,-200000,735.56903076171875
13.36,-200000,-200000,602.4599609375,-200000,-200000,-200000,-200000,732.7557373046875
13.364,-200000,-200000,955.7962646484375,-200000,-200000,-200000,-200000,733.78094482421875
13.368,-200000,-200000,670.12322998046875,-200000,-200000,-200000,-200000,735.1160888671875
13.372,-200000,-200000,224.80490112304688,-200000,-200000,-200000,-200000,733.13720703125
13.376,-200000,-200000,379.96771240234375,-200000,-200000,-200000,-200000,732.94647216796875
13.38,-200000,-200000,826.74041748046875,-200000,-200000,-200000,-200000,734.2816162109375
13.384,-200000,-200000,666.45147705078125,-200000,-200000,-200000,-200000,733.18487548828125
13.388,-200000,-200000,235.5814208984375,-200000,-200000,-200000,-200000,735.30682373046875
13.392,-200000,-200000,324.34466552734375,-200000,-200000,-200000,-200000,729.9661865234375
13.396,-200000,-200000,833.65447998046875,-200000,-200000,-200000,-200000,732.44580078125
13.4,-200000,-200000,775.4803466796875,-200000,-200000,-200000,-200000,733.51873779296875
13.404,-200000,-200000,376.51065063476562,-200000,-200000,-200000,-200000,732.7557373046875
13.408,-200000,-200000,438.18954467773438,-200000,-200000,-200000,-200000,732.8748779296875
13.412,-200000,-200000,914.5975341796875,-200000,-200000,-200000,-200000,732.0643310546875
13.416,-200000,-200000,912.04656982421875,-200000,-200000,-200000,-200000,733.63787841796875
13.42,-200000,-200000,587.6541748046875,-200000,-200000,-200000,-200000,732.302734375
13.424,-200000,-200000,600.05194091796875,-200000,-200000,-200000,-200000,732.302734375
13.428,-200000,-200000,991.4637451171875,-200000,-200000,-200000,-200000,732.56494140625
13.432,-200000,-200000,1041.8177490234375,-200000,-200000,-200000,-200000,734.2816162109375
13.436,-200000,-200000,681.51953125,-200000,-200000,-200000,-200000,734.21014404296875
13.44,-200000,-200000,599.0267333984375,-200000,-200000,-200000,-200000,733.78094482421875
13.444,-200000,-200000,940.08447265625,-200000,-200000,-200000,-200000,733.08953857421875
13.448,-200000,-200000,1048.2073974609375,-200000,-200000,-200000,-200000,734.42462158203125
13.452,-200000,-200000,719.09442138671875,-200000,-200000,-200000,-200000,732.44580078125
13.456,-200000,-200000,559.1630859375,-200000,-200000,-200000,-200000,735.68829345703125
13.46,-200000,-200000,856.1611328125,-200000,-200000,-200000,-200000,732.302734375
13.464,-200000,-200000,989.0556640625,-200000,-200000,-200000,-200000,733.47100830078125
13.468,-200000,-200000,691.05633544921875,-200000,-200000,-200000,-200000,732.23126220703125
13.472,-200000,-200000,480.81878662109375,-200000,-200000,-200000,-200000,734.01934814453125
13.476,-200000,-200000,831.81866455078125,-200000,-200000,-200000,-200000,732.421875
13.48,-200000,-200000,962.162109375,-200000,-200000,-200000,-200000,733.82861328125
13.484,-200000,-200000,641.82293701171875,-200000,-200000,-200000,-200000,734.7822265625
13.488,-200000,-200000,490.33169555664062,-200000,-200000,-200000,-200000,734.35321044921875
13.492,-200000,-200000,732.25506591796875,-200000,-200000,-200000,-200000,733.90020751953125
13.496,-200000,-200000,971.0550537109375,-200000,-200000,-200000,-200000,733.51873779296875
13.5,-200000,-200000,766.77813720703125,-200000,-200000,-200000,-200000,733.06573486328125
13.504,-200000,-200000,614.81005859375,-200000,-200000,-200000,-200000,731.15838623046875
13.508,-200000,-200000,707.197265625,-200000,-200000,-200000,-200000,731.84979248046875
13.512,-200000,-200000,864.88739013671875,-200000,-200000,-200000,-200000,732.11199951171875
13.516,-200000,-200000,751.0662841796875,-200000,-200000,-200000,-200000,735.04461669921875
13.52,-200000,-200000,618.4339599609375,-200000,-200000,-200000,-200000,732.94647216796875
13.524,-200000,-200000,712.2279052734375,-200000,-200000,-200000,-200000,733.82861328125
13.528,-200000,-200000,846.88671875,-200000,-200000,-200000,-200000,733.37567138671875
13.532,-200000,-200000,750.4462890625,-200000,-200000,-200000,-200000,733.32794189453125
13.536,-200000,-200000,600.64794921875,-200000,-200000,-200000,-200000,732.49346923828125
13.54,-200000,-200000,664.73486328125,-200000,-200000,-200000,-200000,734.52001953125
13.544,-200000,-200000,946.59344482421875,-200000,-200000,-200000,-200000,734.21014404296875
13.548,-200000,-200000,874.2332763671875,-200000,-200000,-200000,-200000,733.66162109375
13.552,-200000,-200000,641.58447265625,-200000,-200000,-200000,-200000,731.9212646484375
13.556,-200000,-200000,626.25421142578125,-200000,-200000,-200000,-200000,732.94647216796875
13.56,-200000,-200000,834.05975341796875,-200000,-200000,-200000,-200000,733.75714111328125
13.564,-200000,-200000,830.48358154296875,-200000,-200000,-200000,-200000,735.1160888671875
13.568,-200000,-200000,609.80322265625,-200000,-200000,-200000,-200000,733.2801513671875
13.572,-200000,-200000,572.77685546875,-200000,-200000,-200000,-200000,733.4471435546875
13.576,-200000,-200000,805.80712890625,-200000,-200000,-200000,-200000,730.84844970703125
13.58,-200000,-200000,851.0828857421875,-200000,-200000,-200000,-200000,732.94647216796875
13.584,-200000,-200000,627.279296875,-200000,-200000,-200000,-200000,732.7557373046875
13.588,-200000,-200000,535.46435546875,-200000,-200000,-200000,-200000,731.99285888671875
13.592,-200000,-200000,764.3699951171875,-200000,-200000,-200000,-200000,731.94512939453125
13.596,-200000,-200000,826.2396240234375,-200000,-200000,-200000,-200000,731.53985595703125
13.6,-200000,-200000,699.0433349609375,-200000,-200000,-200000,-200000,732.7080078125
13.604,-200000,-200000,658.34521484375,-200000,-200000,-200000,-200000,733.4471435546875
13.608,-200000,-200000,768.3753662109375,-200000,-200000,-200000,-200000,734.35321044921875
13.612,-200000,-200000,841.9276123046875,-200000,-200000,-200000,-200000,732.25506591796875
13.616,-200000,-200000,752.06768798828125,-200000,-200000,-200000,-200000,734.0908203125
13.62,-200000,-200000,683.0931396484375,-200000,-200000,-200000,-200000,732.44580078125
13.624,-200000,-200000,751.49542236328125,-200000,-200000,-200000,-200000,730.70538330078125
13.628,-200000,-200000,842.49981689453125,-200000,-200000,-200000,-200000,732.44580078125
13.632,-200000,-200000,731.0390625,-200000,-200000,-200000,-200000,732.82733154296875
13.636,-200000,-200000,679.08770751953125,-200000,-200000,-200000,-200000,732.302734375
13.64,-200000,-200000,711.20263671875,-200000,-200000,-200000,-200000,729.46551513671875
13.644,-200000,-200000,774.455078125,-200000,-200000,-200000,-200000,732.82733154296875
13.648,-200000,-200000,725.3885498046875,-200000,-200000,-200000,-200000,734.01934814453125
13.652,-200000,-200000,554.65704345703125,-200000,-200000,-200000,-200000,733.8524169921875
13.656,-200000,-200000,447.60708618164062,-200000,-200000,-200000,-200000,731.68292236328125
13.66,-200000,-200000,675.20147705078125,-200000,-200000,-200000,-200000,733.2801513671875
13.664,-200000,-200000,754.73797607421875,-200000,-200000,-200000,-200000,732.44580078125
13.668,-200000,-200000,534.12921142578125,-200000,-200000,-200000,-200000,731.11065673828125
13.672,-200000,-200000,307.15469360351562,-200000,-200000,-200000,-200000,731.42059326171875
13.676,-200000,-200000,547.45684814453125,-200000,-200000,-200000,-200000,736.0458984375
13.68,-200000,-200000,832.2000732421875,-200000,-200000,-200000,-200000,732.82733154296875
13.684,-200000,-200000,650.9066162109375,-200000,-200000,-200000,-200000,733.75714111328125
13.688,-200000,-200000,445.53286743164062,-200000,-200000,-200000,-200000,732.25506591796875
13.692,-200000,-200000,554.3232421875,-200000,-200000,-200000,-200000,730.6575927734375
13.696,-200000,-200000,673.81866455078125,-200000,-200000,-200000,-200000,732.68426513671875
13.7,-200000,-200000,177.33576965332031,-200000,-200000,-200000,-200000,735.68829345703125
13.704,-200000,-200000,-189.35205078125,-200000,-200000,-200000,-200000,733.47100830078125
13.708,-200000,-200000,159.02522277832031,-200000,-200000,-200000,-200000,733.5902099609375
13.712,-200000,-200000,734.85382080078125,-200000,-200000,-200000,-200000,733.06573486328125
13.716,-200000,-200000,687.0985107421875,-200000,-200000,-200000,-200000,731.87353515625
13.72,-200000,-200000,537.3001708984375,-200000,-200000,-200000,-200000,733.47100830078125
13.724,-200000,-200000,617.55194091796875,-200000,-200000,-200000,-200000,733.3994140625
13.728,-200000,-200000,812.69744873046875,-200000,-200000,-200000,-200000,733.5902099609375
13.732,-200000,-200000,722.14617919921875,-200000,-200000,-200000,-200000,733.20880126953125
13.736,-200000,-200000,585.818359375,-200000,-200000,-200000,-200000,731.87353515625
13.74,-200000,-200000,639.6531982421875,-200000,-200000,-200000,-200000,732.37432861328125
13.744,-200000,-200000,809.43115234375,-200000,-200000,-200000,-200000,732.23126220703125
13.748,-200000,-200000,761.81903076171875,-200000,-200000,-200000,-200000,732.7557373046875
13.752,-200000,-200000,655.81805419921875,-200000,-200000,-200000,-200000,733.7093505859375
13.756,-200000,-200000,670.95770263671875,-200000,-200000,-200000,-200000,732.302734375
13.76,-200000,-200000,800.87188720703125,-200000,-200000,-200000,-200000,731.99285888671875
13.764,-200000,-200000,795.24530029296875,-200000,-200000,-200000,-200000,733.08953857421875
13.768,-200000,-200000,691.3662109375,-200000,-200000,-200000,-200000,734.8060302734375
13.772,-200000,-200000,656.0087890625,-200000,-200000,-200000,-200000,731.3489990234375
13.776,-200000,-200000,789.427734375,-200000,-200000,-200000,-200000,733.75714111328125
13.78,-200000,-200000,840.85479736328125,-200000,-200000,-200000,-200000,733.94775390625
13.784,-200000,-200000,723.33819580078125,-200000,-200000,-200000,-200000,733.20880126953125
13.788,-200000,-200000,659.82354736328125,-200000,-200000,-200000,-200000,732.1834716796875
13.792,-200000,-200000,779.03271484375,-200000,-200000,-200000,-200000,732.7557373046875
13.796,-200000,-200000,851.39288330078125,-200000,-200000,-200000,-200000,733.51873779296875
13.8,-200000,-200000,731.68292236328125,-200000,-200000,-200000,-200000,733.63787841796875
13.804,-200000,-200000,634.71807861328125,-200000,-200000,-200000,-200000,733.3994140625
13.808,-200000,-200000,732.37432861328125,-200000,-200000,-200000,-200000,733.9716796875
13.812,-200000,-200000,852.68035888671875,-200000,-200000,-200000,-200000,734.85382080078125
13.816,-200000,-200000,741.7679443359375,-200000,-200000,-200000,-200000,733.0179443359375
13.82,-200000,-200000,642.27587890625,-200000,-200000,-200000,-200000,733.9716796875
13.824,-200000,-200000,706.55352783203125,-200000,-200000,-200000,-200000,731.99285888671875
13.828,-200000,-200000,833.53533935546875,-200000,-200000,-200000,-200000,732.63653564453125
13.832,-200000,-200000,771.9993896484375,-200000,-200000,-200000,-200000,735.3544921875
13.836,-200000,-200000,654.48291015625,-200000,-200000,-200000,-200000,731.4920654296875
13.84,-200000,-200000,726.19921875,-200000,-200000,-200000,-200000,733.37567138671875
13.844,-200000,-200000,822.2103271484375,-200000,-200000,-200000,-200000,731.9212646484375
13.848,-200000,-200000,785.92315673828125,-200000,-200000,-200000,-200000,733.66162109375
13.852,-200000,-200000,705.4090576171875,-200000,-200000,-200000,-200000,733.0179443359375
13.856,-200000,-200000,726.7713623046875,-200000,-200000,-200000,-200000,733.06573486328125
13.86,-200000,-200000,818.1572265625,-200000,-200000,-200000,-200000,732.56494140625
13.864,-200000,-200000,810.0032958984375,-200000,-200000,-200000,-200000,730.84844970703125
13.868,-200000,-200000,711.6556396484375,-200000,-200000,-200000,-200000,734.2816162109375
13.872,-200000,-200000,701.92822265625,-200000,-200000,-200000,-200000,734.47235107421875
13.876,-200000,-200000,808.3582763671875,-200000,-200000,-200000,-200000,732.80340576171875
13.88,-200000,-200000,831.96173095703125,-200000,-200000,-200000,-200000,733.06573486328125
13.884,-200000,-200000,737.0234375,-200000,-200000,-200000,-200000,733.51873779296875
13.888,-200000,-200000,682.56866455078125,-200000,-200000,-200000,-200000,731.53985595703125
13.892,-200000,-200000,781.65545654296875,-200000,-200000,-200000,-200000,732.80340576171875
13.896,-200000,-200000,854.2537841796875,-200000,-200000,-200000,-200000,732.25506591796875
13.9,-200000,-200000,746.79864501953125,-200000,-200000,-200000,-200000,732.68426513671875
13.904,-200000,-200000,687.74237060546875,-200000,-200000,-200000,-200000,731.7542724609375
13.908,-200000,-200000,766.5634765625,-200000,-200000,-200000,-200000,732.44580078125
13.912,-200000,-200000,834.5604248046875,-200000,-200000,-200000,-200000,732.7080078125
13.916,-200000,-200000,745.03436279296875,-200000,-200000,-200000,-200000,733.0179443359375
13.92,-200000,-200000,668.6688232421875,-200000,-200000,-200000,-200000,733.3994140625
13.924,-200000,-200000,743.36541748046875,-200000,-200000,-200000,-200000,733.82861328125
13.928,-200000,-200000,827.3602294921875,-200000,-200000,-200000,-200000,732.49346923828125
13.932,-200000,-200000,756.7406005859375,-200000,-200000,-200000,-200000,733.2801513671875
13.936,-200000,-200000,685.21502685546875,-200000,-200000,-200000,-200000,732.49346923828125
13.94,-200000,-200000,725.9368896484375,-200000,-200000,-200000,-200000,730.46697998046875
13.944,-200000,-200000,811.98223876953125,-200000,-200000,-200000,-200000,731.56365966796875
13.948,-200000,-200000,768.42315673828125,-200000,-200000,-200000,-200000,733.9716796875
13.952,-200000,-200000,714.9696044921875,-200000,-200000,-200000,-200000,732.994140625
13.956,-200000,-200000,737.0234375,-200000,-200000,-200000,-200000,733.25634765625
13.96,-200000,-200000,802.9461669921875,-200000,-200000,-200000,-200000,731.611328125
13.964,-200000,-200000,777.88836669921875,-200000,-200000,-200000,-200000,733.20880126953125
13.968,-200000,-200000,721.81231689453125,-200000,-200000,-200000,-200000,733.18487548828125
13.972,-200000,-200000,719.33282470703125,-200000,-200000,-200000,-200000,732.37432861328125
13.976,-200000,-200000,788.45037841796875,-200000,-200000,-200000,-200000,733.9716796875
13.98,-200000,-200000,789.54705810546875,-200000,-200000,-200000,-200000,732.8748779296875
13.984,-200000,-200000,742.4354248046875,-200000,-200000,-200000,-200000,734.59161376953125
13.988,-200000,-200000,702.42889404296875,-200000,-200000,-200000,-200000,732.44580078125
13.992,-200000,-200000,775.146484375,-200000,-200000,-200000,-200000,730.08544921875
13.996,-200000,-200000,808.6204833984375,-200000,-200000,-200000,-200000,732.994140625
14,-200000,-200000,733.90020751953125,-200000,-200000,-200000,-200000,733.25634765625
14.004,-200000,-200000,688.88671875,-200000,-200000,-200000,-200000,732.8748779296875
14.008,-200000,-200000,769.25762939453125,-200000,-200000,-200000,-200000,733.18487548828125
14.012,-200000,-200000,814.7239990234375,-200000,-200000,-200000,-200000,734.04315185546875
14.016,-200000,-200000,732.63653564453125,-200000,-200000,-200000,-200000,729.8231201171875
14.02,-200000,-200000,693.6072998046875,-200000,-200000,-200000,-200000,732.37432861328125
14.024,-200000,-200000,742.1732177734375,-200000,-200000,-200000,-200000,733.13720703125
14.028,-200000,-200000,817.89501953125,-200000,-200000,-200000,-200000,733.37567138671875
14.032,-200000,-200000,752.21075439453125,-200000,-200000,-200000,-200000,733.20880126953125
14.036,-200000,-200000,713.68231201171875,-200000,-200000,-200000,-200000,733.63787841796875
14.04,-200000,-200000,758.62420654296875,-200000,-200000,-200000,-200000,733.20880126953125
14.044,-200000,-200000,806.33172607421875,-200000,-200000,-200000,-200000,731.4920654296875
14.048,-200000,-200000,768.49462890625,-200000,-200000,-200000,-200000,732.56494140625
14.052,-200000,-200000,697.20751953125,-200000,-200000,-200000,-200000,733.2801513671875
14.056,-200000,-200000,2159.595703125,-200000,-200000,-200000,-200000,796.77117919921875
14.06,-200000,-200000,1105.4993896484375,-200000,-200000,-200000,-200000,888.68145751953125
14.064,-200000,-200000,926.04168701171875,-200000,-200000,-200000,-200000,806.76092529296875
14.068,-200000,-200000,868.43975830078125,-200000,-200000,-200000,-200000,778.91357421875
14.072,-200000,-200000,817.94268798828125,-200000,-200000,-200000,-200000,767.66015625
14.076,-200000,-200000,877.404296875,-200000,-200000,-200000,-200000,759.91162109375
14.08,-200000,-200000,904.82244873046875,-200000,-200000,-200000,-200000,756.4544677734375
14.084,-200000,-200000,820.06463623046875,-200000,-200000,-200000,-200000,752.32989501953125
14.088,-200000,-200000,780.20098876953125,-200000,-200000,-200000,-200000,748.5389404296875
14.092,-200000,-200000,856.56640625,-200000,-200000,-200000,-200000,745.2249755859375
14.096,-200000,-200000,900.435546875,-200000,-200000,-200000,-200000,744.72430419921875
14.1,-200000,-200000,809.3118896484375,-200000,-200000,-200000,-200000,746.25018310546875
14.104,-200000,-200000,753.4027099609375,-200000,-200000,-200000,-200000,740.14666748046875
14.108,-200000,-200000,815.34393310546875,-200000,-200000,-200000,-200000,740.95733642578125
14.112,-200000,-200000,865.3402099609375,-200000,-200000,-200000,-200000,741.5771484375
14.116,-200000,-200000,789.0224609375,-200000,-200000,-200000,-200000,739.5029296875
14.12,-200000,-200000,747.51385498046875,-200000,-200000,-200000,-200000,740.5042724609375
14.124,-200000,-200000,803.13690185546875,-200000,-200000,-200000,-200000,739.31231689453125
14.128,-200000,-200000,858.59307861328125,-200000,-200000,-200000,-200000,736.26055908203125
14.132,-200000,-200000,794.55389404296875,-200000,-200000,-200000,-200000,737.57177734375
14.136,-200000,-200000,744.43829345703125,-200000,-200000,-200000,-200000,739.76513671875
14.14,-200000,-200000,783.2528076171875,-200000,-200000,-200000,-200000,737.07110595703125
14.144,-200000,-200000,857.63946533203125,-200000,-200000,-200000,-200000,734.23388671875
14.148,-200000,-200000,805.5687255859375,-200000,-200000,-200000,-200000,736.7611083984375
14.152,-200000,-200000,753.7841796875,-200000,-200000,-200000,-200000,737.07110595703125
14.156,-200000,-200000,777.57843017578125,-200000,-200000,-200000,-200000,733.82861328125
14.16,-200000,-200000,868.5589599609375,-200000,-200000,-200000,-200000,735.1160888671875
14.164,-200000,-200000,830.03057861328125,-200000,-200000,-200000,-200000,734.85382080078125
14.168,-200000,-200000,771.4033203125,-200000,-200000,-200000,-200000,734.92529296875
14.172,-200000,-200000,764.87078857421875,-200000,-200000,-200000,-200000,733.75714111328125
14.176,-200000,-200000,840.091796875,-200000,-200000,-200000,-200000,735.3544921875
14.18,-200000,-200000,820.49383544921875,-200000,-200000,-200000,-200000,733.06573486328125
14.184,-200000,-200000,770.7119140625,-200000,-200000,-200000,-200000,734.0908203125
14.188,-200000,-200000,748.08612060546875,-200000,-200000,-200000,-200000,733.20880126953125
14.192,-200000,-200000,836.7777099609375,-200000,-200000,-200000,-200000,732.56494140625
14.196,-200000,-200000,867.81982421875,-200000,-200000,-200000,-200000,733.94775390625
14.2,-200000,-200000,788.66485595703125,-200000,-200000,-200000,-200000,732.89874267578125
14.204,-200000,-200000,747.20391845703125,-200000,-200000,-200000,-200000,732.94647216796875
14.208,-200000,-200000,835.06121826171875,-200000,-200000,-200000,-200000,731.94512939453125
14.212,-200000,-200000,901.50848388671875,-200000,-200000,-200000,-200000,731.68292236328125
14.216,-200000,-200000,796.65185546875,-200000,-200000,-200000,-200000,733.18487548828125
14.22,-200000,-200000,734.0908203125,-200000,-200000,-200000,-200000,730.89599609375
14.224,-200000,-200000,827.00262451171875,-200000,-200000,-200000,-200000,731.99285888671875
14.228,-200000,-200000,920.20050048828125,-200000,-200000,-200000,-200000,731.15838623046875
14.232,-200000,-200000,822.28192138671875,-200000,-200000,-200000,-200000,732.1834716796875
14.236,-200000,-200000,733.51873779296875,-200000,-200000,-200000,-200000,734.04315185546875
14.24,-200000,-200000,788.95098876953125,-200000,-200000,-200000,-200000,732.1834716796875
14.244,-200000,-200000,862.64617919921875,-200000,-200000,-200000,-200000,732.82733154296875
14.248,-200000,-200000,836.0863037109375,-200000,-200000,-200000,-200000,732.0643310546875
14.252,-200000,-200000,743.5560302734375,-200000,-200000,-200000,-200000,732.51727294921875
14.256,-200000,-200000,790.38153076171875,-200000,-200000,-200000,-200000,732.1834716796875
14.26,-200000,-200000,864.74432373046875,-200000,-200000,-200000,-200000,730.919921875
14.264,-200000,-200000,825.28594970703125,-200000,-200000,-200000,-200000,730.919921875
14.268,-200000,-200000,742.79315185546875,-200000,-200000,-200000,-200000,729.51318359375
14.272,-200000,-200000,730.46697998046875,-200000,-200000,-200000,-200000,731.9212646484375
14.276,-200000,-200000,821.59051513671875,-200000,-200000,-200000,-200000,730.72918701171875
14.28,-200000,-200000,808.11981201171875,-200000,-200000,-200000,-200000,732.1834716796875
14.284,-200000,-200000,740.2420654296875,-200000,-200000,-200000,-200000,731.611328125
14.288,-200000,-200000,730.6575927734375,-200000,-200000,-200000,-200000,730.84844970703125
14.292,-200000,-200000,789.66632080078125,-200000,-200000,-200000,-200000,729.3701171875
14.296,-200000,-200000,800.87188720703125,-200000,-200000,-200000,-200000,730.77685546875
14.3,-200000,-200000,746.10723876953125,-200000,-200000,-200000,-200000,732.37432861328125
14.304,-200000,-200000,725.00714111328125,-200000,-200000,-200000,-200000,729.7039794921875
14.308,-200000,-200000,774.455078125,-200000,-200000,-200000,-200000,729.06024169921875
14.312,-200000,-200000,804.09063720703125,-200000,-200000,-200000,-200000,730.5145263671875
14.316,-200000,-200000,743.05548095703125,-200000,-200000,-200000,-200000,731.73046875
14.32,-200000,-200000,704.52703857421875,-200000,-200000,-200000,-200000,731.11065673828125
14.324,-200000,-200000,764.87078857421875,-200000,-200000,-200000,-200000,731.80206298828125
14.328,-200000,-200000,796.60430908203125,-200000,-200000,-200000,-200000,731.87353515625
14.332,-200000,-200000,754.30877685546875,-200000,-200000,-200000,-200000,730.8006591796875
14.336,-200000,-200000,715.1365966796875,-200000,-200000,-200000,-200000,730.27618408203125
14.34,-200000,-200000,748.51513671875,-200000,-200000,-200000,-200000,730.3953857421875
14.344,-200000,-200000,780.39178466796875,-200000,-200000,-200000,-200000,730.8006591796875
14.348,-200000,-200000,759.72088623046875,-200000,-200000,-200000,-200000,730.13311767578125
14.352,-200000,-200000,706.2435302734375,-200000,-200000,-200000,-200000,730.03778076171875
14.356,-200000,-200000,741.4580078125,-200000,-200000,-200000,-200000,729.5609130859375
14.36,-200000,-200000,697.80352783203125,-200000,-200000,-200000,-200000,730.5384521484375
14.364,-200000,-200000,640.51153564453125,-200000,-200000,-200000,-200000,728.10662841796875
14.368,-200000,-200000,690.60333251953125,-200000,-200000,-200000,-200000,730.15704345703125
14.372,-200000,-200000,598.90753173828125,-200000,-200000,-200000,-200000,727.3436279296875
14.376,-200000,-200000,755.11944580078125,-200000,-200000,-200000,-200000,730.15704345703125
14.38,-200000,-200000,762.2718505859375,-200000,-200000,-200000,-200000,731.0390625
14.384,-200000,-200000,654.41143798828125,-200000,-200000,-200000,-200000,731.53985595703125
14.388,-200000,-200000,616.95587158203125,-200000,-200000,-200000,-200000,728.63116455078125
14.392,-200000,-200000,730.84844970703125,-200000,-200000,-200000,-200000,731.46826171875
14.396,-200000,-200000,745.34423828125,-200000,-200000,-200000,-200000,732.63653564453125
14.4,-200000,-200000,686.78857421875,-200000,-200000,-200000,-200000,729.8231201171875
14.404,-200000,-200000,629.99737548828125,-200000,-200000,-200000,-200000,727.79669189453125
14.408,-200000,-200000,740.43280029296875,-200000,-200000,-200000,-200000,731.18212890625
14.412,-200000,-200000,776.5770263671875,-200000,-200000,-200000,-200000,731.0867919921875
14.416,-200000,-200000,689.14892578125,-200000,-200000,-200000,-200000,730.58612060546875
14.42,-200000,-200000,611.30535888671875,-200000,-200000,-200000,-200000,729.89471435546875
14.424,-200000,-200000,647.23504638671875,-200000,-200000,-200000,-200000,730.919921875
14.428,-200000,-200000,752.92596435546875,-200000,-200000,-200000,-200000,731.3489990234375
14.432,-200000,-200000,687.69464111328125,-200000,-200000,-200000,-200000,731.611328125
14.436,-200000,-200000,628.4237060546875,-200000,-200000,-200000,-200000,731.0390625
14.44,-200000,-200000,634.83721923828125,-200000,-200000,-200000,-200000,728.9886474609375
14.444,-200000,-200000,767.541015625,-200000,-200000,-200000,-200000,730.70538330078125
14.448,-200000,-200000,746.41717529296875,-200000,-200000,-200000,-200000,730.84844970703125
14.452,-200000,-200000,690.5555419921875,-200000,-200000,-200000,-200000,729.32257080078125
14.456,-200000,-200000,730.15704345703125,-200000,-200000,-200000,-200000,730.89599609375
14.46,-200000,-200000,810.265625,-200000,-200000,-200000,-200000,731.11065673828125
14.464,-200000,-200000,751.5906982421875,-200000,-200000,-200000,-200000,730.8006591796875
14.468,-200000,-200000,712.80010986328125,-200000,-200000,-200000,-200000,731.80206298828125
14.472,-200000,-200000,707.6502685546875,-200000,-200000,-200000,-200000,730.46697998046875
14.476,-200000,-200000,778.46063232421875,-200000,-200000,-200000,-200000,730.77685546875
14.48,-200000,-200000,770.97430419921875,-200000,-200000,-200000,-200000,730.46697998046875
14.484,-200000,-200000,685.0242919921875,-200000,-200000,-200000,-200000,732.8748779296875
14.488,-200000,-200000,669.3602294921875,-200000,-200000,-200000,-200000,731.73046875
14.492,-200000,-200000,719.07049560546875,-200000,-200000,-200000,-200000,730.46697998046875
14.496,-200000,-200000,788.71258544921875,-200000,-200000,-200000,-200000,732.49346923828125
14.5,-200000,-200000,657.22479248046875,-200000,-200000,-200000,-200000,731.56365966796875
14.504,-200000,-200000,555.56298828125,-200000,-200000,-200000,-200000,729.9661865234375
14.508,-200000,-200000,642.5380859375,-200000,-200000,-200000,-200000,728.79803466796875
14.512,-200000,-200000,786.4237060546875,-200000,-200000,-200000,-200000,732.82733154296875
14.516,-200000,-200000,573.0390625,-200000,-200000,-200000,-200000,731.80206298828125
14.52,-200000,-200000,454.42587280273438,-200000,-200000,-200000,-200000,731.9212646484375
14.524,-200000,-200000,523.18585205078125,-200000,-200000,-200000,-200000,731.2298583984375
14.528,-200000,-200000,684.0467529296875,-200000,-200000,-200000,-200000,731.68292236328125
14.532,-200000,-200000,633.07293701171875,-200000,-200000,-200000,-200000,731.611328125
14.536,-200000,-200000,483.87054443359375,-200000,-200000,-200000,-200000,730.27618408203125
14.54,-200000,-200000,547.48065185546875,-200000,-200000,-200000,-200000,731.30145263671875
14.544,-200000,-200000,730.08544921875,-200000,-200000,-200000,-200000,732.7557373046875
14.548,-200000,-200000,797.05712890625,-200000,-200000,-200000,-200000,731.37286376953125
14.552,-200000,-200000,603.98583984375,-200000,-200000,-200000,-200000,730.89599609375
14.556,-200000,-200000,577.6644287109375,-200000,-200000,-200000,-200000,730.15704345703125
14.56,-200000,-200000,775.7425537109375,-200000,-200000,-200000,-200000,729.7039794921875
14.564,-200000,-200000,834.03594970703125,-200000,-200000,-200000,-200000,730.99139404296875
14.568,-200000,-200000,660.1572265625,-200000,-200000,-200000,-200000,730.58612060546875
14.572,-200000,-200000,475.95501708984375,-200000,-200000,-200000,-200000,730.3953857421875
14.576,-200000,-200000,499.48696899414062,-200000,-200000,-200000,-200000,730.20458984375
14.58,-200000,-200000,694.56103515625,-200000,-200000,-200000,-200000,731.27752685546875
14.584,-200000,-200000,626.8978271484375,-200000,-200000,-200000,-200000,732.994140625
14.588,-200000,-200000,558.99627685546875,-200000,-200000,-200000,-200000,730.96759033203125
14.592,-200000,-200000,714.51678466796875,-200000,-200000,-200000,-200000,732.421875
14.596,-200000,-200000,775.28955078125,-200000,-200000,-200000,-200000,732.23126220703125
14.6,-200000,-200000,515.0556640625,-200000,-200000,-200000,-200000,732.89874267578125
14.604,-200000,-200000,596.83331298828125,-200000,-200000,-200000,-200000,730.15704345703125
14.608,-200000,-200000,826.2158203125,-200000,-200000,-200000,-200000,730.3953857421875
14.612,-200000,-200000,762.0096435546875,-200000,-200000,-200000,-200000,729.32257080078125
14.616,-200000,-200000,606.87078857421875,-200000,-200000,-200000,-200000,731.68292236328125
14.62,-200000,-200000,627.8515625,-200000,-200000,-200000,-200000,731.11065673828125
14.624,-200000,-200000,854.70684814453125,-200000,-200000,-200000,-200000,730.96759033203125
14.628,-200000,-200000,896.78778076171875,-200000,-200000,-200000,-200000,731.68292236328125
14.632,-200000,-200000,661.49237060546875,-200000,-200000,-200000,-200000,732.11199951171875
14.636,-200000,-200000,606.34619140625,-200000,-200000,-200000,-200000,732.0643310546875
14.64,-200000,-200000,808.8826904296875,-200000,-200000,-200000,-200000,729.06024169921875
14.644,-200000,-200000,934.6962890625,-200000,-200000,-200000,-200000,730.58612060546875
14.648,-200000,-200000,698.99560546875,-200000,-200000,-200000,-200000,732.1834716796875
14.652,-200000,-200000,681.63885498046875,-200000,-200000,-200000,-200000,734.6630859375
14.656,-200000,-200000,851.46435546875,-200000,-200000,-200000,-200000,732.63653564453125
14.66,-200000,-200000,984.16815185546875,-200000,-200000,-200000,-200000,729.58477783203125
14.664,-200000,-200000,767.04034423828125,-200000,-200000,-200000,-200000,732.1834716796875
14.668,-200000,-200000,604.248046875,-200000,-200000,-200000,-200000,731.0390625
14.672,-200000,-200000,806.59393310546875,-200000,-200000,-200000,-200000,731.2298583984375
14.676,-200000,-200000,904.36944580078125,-200000,-200000,-200000,-200000,730.77685546875
14.68,-200000,-200000,748.89666748046875,-200000,-200000,-200000,-200000,729.5609130859375
14.684,-200000,-200000,594.9736328125,-200000,-200000,-200000,-200000,731.3489990234375
14.688,-200000,-200000,760.67462158203125,-200000,-200000,-200000,-200000,731.9212646484375
14.692,-200000,-200000,896.35858154296875,-200000,-200000,-200000,-200000,731.46826171875
14.696,-200000,-200000,759.95928955078125,-200000,-200000,-200000,-200000,732.1834716796875
14.7,-200000,-200000,593.94842529296875,-200000,-200000,-200000,-200000,733.78094482421875
14.704,-200000,-200000,710.05828857421875,-200000,-200000,-200000,-200000,735.1875
14.708,-200000,-200000,867.2952880859375,-200000,-200000,-200000,-200000,730.15704345703125
14.712,-200000,-200000,824.1414794921875,-200000,-200000,-200000,-200000,733.7093505859375
14.716,-200000,-200000,522.9949951171875,-200000,-200000,-200000,-200000,733.37567138671875
14.72,-200000,-200000,607.6336669921875,-200000,-200000,-200000,-200000,732.1834716796875
14.724,-200000,-200000,898.98114013671875,-200000,-200000,-200000,-200000,731.2298583984375
14.728,-200000,-200000,876.97509765625,-200000,-200000,-200000,-200000,730.13311767578125
14.732,-200000,-200000,612.13983154296875,-200000,-200000,-200000,-200000,731.56365966796875
14.736,-200000,-200000,559.7591552734375,-200000,-200000,-200000,-200000,732.56494140625
14.74,-200000,-200000,829.60137939453125,-200000,-200000,-200000,-200000,730.15704345703125
14.744,-200000,-200000,1012.63525390625,-200000,-200000,-200000,-200000,731.56365966796875
14.748,-200000,-200000,694.10809326171875,-200000,-200000,-200000,-200000,733.3994140625
14.752,-200000,-200000,491.16616821289062,-200000,-200000,-200000,-200000,733.3994140625
14.756,-200000,-200000,790.54833984375,-200000,-200000,-200000,-200000,733.06573486328125
14.76,-200000,-200000,963.1634521484375,-200000,-200000,-200000,-200000,731.30145263671875
14.764,-200000,-200000,718.140625,-200000,-200000,-200000,-200000,732.1834716796875
14.768,-200000,-200000,521.08770751953125,-200000,-200000,-200000,-200000,732.44580078125
14.772,-200000,-200000,807.07080078125,-200000,-200000,-200000,-200000,731.11065673828125
14.776,-200000,-200000,939.46466064453125,-200000,-200000,-200000,-200000,731.27752685546875
14.78,-200000,-200000,708.15087890625,-200000,-200000,-200000,-200000,733.5902099609375
14.784,-200000,-200000,537.61016845703125,-200000,-200000,-200000,-200000,734.9730224609375
14.788,-200000,-200000,748.8489990234375,-200000,-200000,-200000,-200000,730.6575927734375
14.792,-200000,-200000,1050.2578125,-200000,-200000,-200000,-200000,733.78094482421875
14.796,-200000,-200000,839.8294677734375,-200000,-200000,-200000,-200000,732.49346923828125
14.8,-200000,-200000,577.6644287109375,-200000,-200000,-200000,-200000,733.9716796875
14.804,-200000,-200000,682.97393798828125,-200000,-200000,-200000,-200000,731.27752685546875
14.808,-200000,-200000,1127.1953125,-200000,-200000,-200000,-200000,731.73046875
14.812,-200000,-200000,1026.701904296875,-200000,-200000,-200000,-200000,730.58612060546875
14.816,-200000,-200000,799.58447265625,-200000,-200000,-200000,-200000,731.4920654296875
14.82,-200000,-200000,837.0400390625,-200000,-200000,-200000,-200000,731.15838623046875
14.824,-200000,-200000,1046.3001708984375,-200000,-200000,-200000,-200000,731.0390625
14.828,-200000,-200000,1008.2722778320312,-200000,-200000,-200000,-200000,731.15838623046875
14.832,-200000,-200000,624.01300048828125,-200000,-200000,-200000,-200000,731.68292236328125
14.836,-200000,-200000,676.87042236328125,-200000,-200000,-200000,-200000,730.919921875
14.84,-200000,-200000,985.24102783203125,-200000,-200000,-200000,-200000,731.3489990234375
14.844,-200000,-200000,1036.0718994140625,-200000,-200000,-200000,-200000,731.27752685546875
14.848,-200000,-200000,696.63525390625,-200000,-200000,-200000,-200000,731.65899658203125
14.852,-200000,-200000,602.29315185546875,-200000,-200000,-200000,-200000,732.68426513671875
14.856,-200000,-200000,908.25567626953125,-200000,-200000,-200000,-200000,730.5384521484375
14.86,-200000,-200000,1047.7545166015625,-200000,-200000,-200000,-200000,730.72918701171875
14.864,-200000,-200000,696.7783203125,-200000,-200000,-200000,-200000,730.96759033203125
14.868,-200000,-200000,569.3436279296875,-200000,-200000,-200000,-200000,733.20880126953125
14.872,-200000,-200000,861.95477294921875,-200000,-200000,-200000,-200000,731.73046875
14.876,-200000,-200000,1020.5985107421875,-200000,-200000,-200000,-200000,729.51318359375
14.88,-200000,-200000,730.01397705078125,-200000,-200000,-200000,-200000,731.9212646484375
14.884,-200000,-200000,552.86895751953125,-200000,-200000,-200000,-200000,731.3489990234375
14.888,-200000,-200000,826.6688232421875,-200000,-200000,-200000,-200000,729.89471435546875
14.892,-200000,-200000,995.6121826171875,-200000,-200000,-200000,-200000,729.0125732421875
14.896,-200000,-200000,746.3455810546875,-200000,-200000,-200000,-200000,729.32257080078125
14.9,-200000,-200000,594.9736328125,-200000,-200000,-200000,-200000,731.15838623046875
14.904,-200000,-200000,790.42919921875,-200000,-200000,-200000,-200000,731.3489990234375
14.908,-200000,-200000,956.29705810546875,-200000,-200000,-200000,-200000,729.9423828125
14.912,-200000,-200000,809.76495361328125,-200000,-200000,-200000,-200000,730.13311767578125
14.916,-200000,-200000,547.4090576171875,-200000,-200000,-200000,-200000,730.919921875
14.92,-200000,-200000,707.43572998046875,-200000,-200000,-200000,-200000,730.72918701171875
14.924,-200000,-200000,958.68115234375,-200000,-200000,-200000,-200000,730.34765625
14.928,-200000,-200000,867.5576171875,-200000,-200000,-200000,-200000,733.08953857421875
14.932,-200000,-200000,629.2581787109375,-200000,-200000,-200000,-200000,730.96759033203125
14.936,-200000,-200000,678.20556640625,-200000,-200000,-200000,-200000,732.0643310546875
14.94,-200000,-200000,938.94012451171875,-200000,-200000,-200000,-200000,731.4920654296875
14.944,-200000,-200000,916.76727294921875,-200000,-200000,-200000,-200000,731.3489990234375
14.948,-200000,-200000,662.18389892578125,-200000,-200000,-200000,-200000,731.53985595703125
14.952,-200000,-200000,635.337890625,-200000,-200000,-200000,-200000,730.72918701171875
14.956,-200000,-200000,938.8447265625,-200000,-200000,-200000,-200000,731.53985595703125
14.96,-200000,-200000,998.2347412109375,-200000,-200000,-200000,-200000,731.27752685546875
14.964,-200000,-200000,681.51953125,-200000,-200000,-200000,-200000,731.87353515625
14.968,-200000,-200000,611.30535888671875,-200000,-200000,-200000,-200000,731.15838623046875
14.972,-200000,-200000,876.1883544921875,-200000,-200000,-200000,-200000,728.8695068359375
14.976,-200000,-200000,920.20050048828125,-200000,-200000,-200000,-200000,732.302734375
14.98,-200000,-200000,713.8729248046875,-200000,-200000,-200000,-200000,731.2298583984375
14.984,-200000,-200000,587.03436279296875,-200000,-200000,-200000,-200000,730.27618408203125
14.988,-200000,-200000,842.42822265625,-200000,-200000,-200000,-200000,730.58612060546875
14.992,-200000,-200000,960.3739013671875,-200000,-200000,-200000,-200000,730.96759033203125
14.996,-200000,-200000,743.38916015625,-200000,-200000,-200000,-200000,730.89599609375
15,-200000,-200000,643.61102294921875,-200000,-200000,-200000,-200000,731.27752685546875
15.004,-200000,-200000,810.07489013671875,-200000,-200000,-200000,-200000,732.25506591796875
15.008,-200000,-200000,924.51580810546875,-200000,-200000,-200000,-200000,730.34765625
15.012,-200000,-200000,777.19696044921875,-200000,-200000,-200000,-200000,730.5384521484375
15.016,-200000,-200000,609.20721435546875,-200000,-200000,-200000,-200000,731.2298583984375
15.02,-200000,-200000,772.23779296875,-200000,-200000,-200000,-200000,729.7039794921875
15.024,-200000,-200000,914.28759765625,-200000,-200000,-200000,-200000,732.23126220703125
15.028,-200000,-200000,799.34600830078125,-200000,-200000,-200000,-200000,729.7039794921875
15.032,-200000,-200000,680.5419921875,-200000,-200000,-200000,-200000,730.77685546875
15.036,-200000,-200000,750.18408203125,-200000,-200000,-200000,-200000,733.47100830078125
15.04,-200000,-200000,856.1611328125,-200000,-200000,-200000,-200000,730.96759033203125
15.044,-200000,-200000,821.56671142578125,-200000,-200000,-200000,-200000,728.75030517578125
15.048,-200000,-200000,676.1551513671875,-200000,-200000,-200000,-200000,729.63250732421875
15.052,-200000,-200000,688.57684326171875,-200000,-200000,-200000,-200000,732.51727294921875
15.056,-200000,-200000,860.3572998046875,-200000,-200000,-200000,-200000,730.01397705078125
15.06,-200000,-200000,950.19354248046875,-200000,-200000,-200000,-200000,730.32391357421875
15.064,-200000,-200000,705.4090576171875,-200000,-200000,-200000,-200000,728.94110107421875
15.068,-200000,-200000,643.75408935546875,-200000,-200000,-200000,-200000,731.3489990234375
15.072,-200000,-200000,855.99432373046875,-200000,-200000,-200000,-200000,730.89599609375
15.076,-200000,-200000,926.6376953125,-200000,-200000,-200000,-200000,730.34765625
15.08,-200000,-200000,708.07940673828125,-200000,-200000,-200000,-200000,729.84698486328125
15.084,-200000,-200000,610.18475341796875,-200000,-200000,-200000,-200000,731.30145263671875
15.088,-200000,-200000,845.8138427734375,-200000,-200000,-200000,-200000,731.11065673828125
15.092,-200000,-200000,959.75408935546875,-200000,-200000,-200000,-200000,730.60986328125
15.096,-200000,-200000,736.68963623046875,-200000,-200000,-200000,-200000,730.77685546875
15.1,-200000,-200000,574.421875,-200000,-200000,-200000,-200000,730.41925048828125
15.104,-200000,-200000,803.82830810546875,-200000,-200000,-200000,-200000,732.8748779296875
15.108,-200000,-200000,944.2806396484375,-200000,-200000,-200000,-200000,730.03778076171875
15.112,-200000,-200000,752.73516845703125,-200000,-200000,-200000,-200000,731.73046875
15.116,-200000,-200000,629.42510986328125,-200000,-200000,-200000,-200000,730.72918701171875
15.12,-200000,-200000,767.46954345703125,-200000,-200000,-200000,-200000,731.611328125
15.124,-200000,-200000,895.85791015625,-200000,-200000,-200000,-200000,730.3953857421875
15.128,-200000,-200000,818.3480224609375,-200000,-200000,-200000,-200000,733.20880126953125
15.132,-200000,-200000,621.2235107421875,-200000,-200000,-200000,-200000,731.27752685546875
15.136,-200000,-200000,724.31573486328125,-200000,-200000,-200000,-200000,730.919921875
15.14,-200000,-200000,878.5487060546875,-200000,-200000,-200000,-200000,730.72918701171875
15.144,-200000,-200000,821.32830810546875,-200000,-200000,-200000,-200000,729.84698486328125
15.148,-200000,-200000,687.7899169921875,-200000,-200000,-200000,-200000,729.06024169921875
15.152,-200000,-200000,681.06658935546875,-200000,-200000,-200000,-200000,729.3701171875
15.156,-200000,-200000,882.88800048828125,-200000,-200000,-200000,-200000,730.77685546875
15.16,-200000,-200000,861.95477294921875,-200000,-200000,-200000,-200000,731.56365966796875
15.164,-200000,-200000,673.12725830078125,-200000,-200000,-200000,-200000,731.27752685546875
15.168,-200000,-200000,628.4237060546875,-200000,-200000,-200000,-200000,730.13311767578125
15.172,-200000,-200000,850.6536865234375,-200000,-200000,-200000,-200000,733.5902099609375
15.176,-200000,-200000,875.99755859375,-200000,-200000,-200000,-200000,728.94110107421875
15.18,-200000,-200000,690.7225341796875,-200000,-200000,-200000,-200000,730.27618408203125
15.184,-200000,-200000,602.36456298828125,-200000,-200000,-200000,-200000,731.80206298828125
15.188,-200000,-200000,820.37451171875,-200000,-200000,-200000,-200000,732.0404052734375
15.192,-200000,-200000,887.1317138671875,-200000,-200000,-200000,-200000,730.27618408203125
15.196,-200000,-200000,715.1365966796875,-200000,-200000,-200000,-200000,730.919921875
15.2,-200000,-200000,632.66766357421875,-200000,-200000,-200000,-200000,729.9661865234375
15.204,-200000,-200000,794.93536376953125,-200000,-200000,-200000,-200000,731.65899658203125
15.208,-200000,-200000,867.74835205078125,-200000,-200000,-200000,-200000,730.72918701171875
15.212,-200000,-200000,744.509765625,-200000,-200000,-200000,-200000,729.1317138671875
15.216,-200000,-200000,656.84326171875,-200000,-200000,-200000,-200000,730.15704345703125
15.22,-200000,-200000,775.36114501953125,-200000,-200000,-200000,-200000,729.2747802734375
15.224,-200000,-200000,902.34295654296875,-200000,-200000,-200000,-200000,730.03778076171875
15.228,-200000,-200000,776.88702392578125,-200000,-200000,-200000,-200000,731.73046875
15.232,-200000,-200000,641.70361328125,-200000,-200000,-200000,-200000,732.49346923828125
15.236,-200000,-200000,722.14617919921875,-200000,-200000,-200000,-200000,731.0390625
15.24,-200000,-200000,873.5418701171875,-200000,-200000,-200000,-200000,730.46697998046875
15.244,-200000,-200000,808.4774169921875,-200000,-200000,-200000,-200000,728.6787109375
15.248,-200000,-200000,682.71173095703125,-200000,-200000,-200000,-200000,730.5384521484375
15.252,-200000,-200000,684.38067626953125,-200000,-200000,-200000,-200000,730.3953857421875
15.256,-200000,-200000,859.5228271484375,-200000,-200000,-200000,-200000,729.3701171875
15.26,-200000,-200000,848.2933349609375,-200000,-200000,-200000,-200000,731.37286376953125
15.264,-200000,-200000,669.28875732421875,-200000,-200000,-200000,-200000,731.53985595703125
15.268,-200000,-200000,631.66632080078125,-200000,-200000,-200000,-200000,730.84844970703125
15.272,-200000,-200000,847.22052001953125,-200000,-200000,-200000,-200000,729.7039794921875
15.276,-200000,-200000,909.40008544921875,-200000,-200000,-200000,-200000,731.3489990234375
15.28,-200000,-200000,691.74774169921875,-200000,-200000,-200000,-200000,729.44171142578125
15.284,-200000,-200000,629.87811279296875,-200000,-200000,-200000,-200000,732.49346923828125
15.288,-200000,-200000,825.71514892578125,-200000,-200000,-200000,-200000,730.6575927734375
15.292,-200000,-200000,895.78643798828125,-200000,-200000,-200000,-200000,731.68292236328125
15.296,-200000,-200000,713.11004638671875,-200000,-200000,-200000,-200000,731.30145263671875
15.3,-200000,-200000,650.66827392578125,-200000,-200000,-200000,-200000,733.0179443359375
15.304,-200000,-200000,800.68115234375,-200000,-200000,-200000,-200000,731.15838623046875
15.308,-200000,-200000,875.1630859375,-200000,-200000,-200000,-200000,733.32794189453125
15.312,-200000,-200000,737.66717529296875,-200000,-200000,-200000,-200000,731.73046875
15.316,-200000,-200000,656.8193359375,-200000,-200000,-200000,-200000,730.919921875
15.32,-200000,-200000,790.76300048828125,-200000,-200000,-200000,-200000,730.96759033203125
15.324,-200000,-200000,880.3367919921875,-200000,-200000,-200000,-200000,730.72918701171875
15.328,-200000,-200000,760.0784912109375,-200000,-200000,-200000,-200000,729.58477783203125
15.332,-200000,-200000,672.60272216796875,-200000,-200000,-200000,-200000,730.96759033203125
15.336,-200000,-200000,734.71075439453125,-200000,-200000,-200000,-200000,734.21014404296875
15.34,-200000,-200000,847.8880615234375,-200000,-200000,-200000,-200000,729.63250732421875
15.344,-200000,-200000,804.80584716796875,-200000,-200000,-200000,-200000,730.15704345703125
15.348,-200000,-200000,663.32830810546875,-200000,-200000,-200000,-200000,731.0390625
15.352,-200000,-200000,681.30499267578125,-200000,-200000,-200000,-200000,731.87353515625
15.356,-200000,-200000,855.13604736328125,-200000,-200000,-200000,-200000,732.25506591796875
15.36,-200000,-200000,872.3021240234375,-200000,-200000,-200000,-200000,729.9661865234375
15.364,-200000,-200000,666.5706787109375,-200000,-200000,-200000,-200000,731.0867919921875
15.368,-200000,-200000,640.10626220703125,-200000,-200000,-200000,-200000,734.0908203125
15.372,-200000,-200000,855.42205810546875,-200000,-200000,-200000,-200000,730.3953857421875
15.376,-200000,-200000,893.9505615234375,-200000,-200000,-200000,-200000,730.96759033203125
15.38,-200000,-200000,707.31640625,-200000,-200000,-200000,-200000,730.08544921875
15.384,-200000,-200000,667.9534912109375,-200000,-200000,-200000,-200000,731.84979248046875
15.388,-200000,-200000,820.89910888671875,-200000,-200000,-200000,-200000,731.37286376953125
15.392,-200000,-200000,871.4437255859375,-200000,-200000,-200000,-200000,731.87353515625
15.396,-200000,-200000,715.73260498046875,-200000,-200000,-200000,-200000,732.63653564453125
15.4,-200000,-200000,646.0428466796875,-200000,-200000,-200000,-200000,730.6575927734375
15.404,-200000,-200000,802.5169677734375,-200000,-200000,-200000,-200000,729.06024169921875
15.408,-200000,-200000,896.23944091796875,-200000,-200000,-200000,-200000,730.32391357421875
15.412,-200000,-200000,750.87548828125,-200000,-200000,-200000,-200000,731.42059326171875
15.416,-200000,-200000,655.93731689453125,-200000,-200000,-200000,-200000,732.302734375
15.42,-200000,-200000,784.7547607421875,-200000,-200000,-200000,-200000,731.87353515625
15.424,-200000,-200000,922.7991943359375,-200000,-200000,-200000,-200000,729.20330810546875
15.428,-200000,-200000,791.52587890625,-200000,-200000,-200000,-200000,731.42059326171875
15.432,-200000,-200000,647.09197998046875,-200000,-200000,-200000,-200000,730.96759033203125
15.436,-200000,-200000,754.6424560546875,-200000,-200000,-200000,-200000,730.27618408203125
15.44,-200000,-200000,871.1815185546875,-200000,-200000,-200000,-200000,732.25506591796875
15.444,-200000,-200000,825.6435546875,-200000,-200000,-200000,-200000,729.2747802734375
15.448,-200000,-200000,678.89697265625,-200000,-200000,-200000,-200000,731.30145263671875
15.452,-200000,-200000,712.58544921875,-200000,-200000,-200000,-200000,730.2283935546875
15.456,-200000,-200000,839.18585205078125,-200000,-200000,-200000,-200000,729.9423828125
15.46,-200000,-200000,828.83837890625,-200000,-200000,-200000,-200000,730.72918701171875
15.464,-200000,-200000,707.53106689453125,-200000,-200000,-200000,-200000,730.46697998046875
15.468,-200000,-200000,686.02569580078125,-200000,-200000,-200000,-200000,732.51727294921875
15.472,-200000,-200000,836.84930419921875,-200000,-200000,-200000,-200000,732.421875
15.476,-200000,-200000,907.42120361328125,-200000,-200000,-200000,-200000,729.32257080078125
15.48,-200000,-200000,688.43377685546875,-200000,-200000,-200000,-200000,730.77685546875
15.484,-200000,-200000,627.8515625,-200000,-200000,-200000,-200000,732.63653564453125
15.488,-200000,-200000,845.0985107421875,-200000,-200000,-200000,-200000,731.0867919921875
15.492,-200000,-200000,939.0115966796875,-200000,-200000,-200000,-200000,729.58477783203125
15.496,-200000,-200000,726.0322265625,-200000,-200000,-200000,-200000,731.611328125
15.5,-200000,-200000,645.27996826171875,-200000,-200000,-200000,-200000,729.20330810546875
15.504,-200000,-200000,838.75665283203125,-200000,-200000,-200000,-200000,732.23126220703125
15.508,-200000,-200000,895.833984375,-200000,-200000,-200000,-200000,729.51318359375
15.512,-200000,-200000,744.509765625,-200000,-200000,-200000,-200000,730.34765625
15.516,-200000,-200000,598.716796875,-200000,-200000,-200000,-200000,732.80340576171875
15.52,-200000,-200000,772.50018310546875,-200000,-200000,-200000,-200000,733.13720703125
15.524,-200000,-200000,886.89337158203125,-200000,-200000,-200000,-200000,730.84844970703125
15.528,-200000,-200000,783.2528076171875,-200000,-200000,-200000,-200000,732.11199951171875
15.532,-200000,-200000,656.0087890625,-200000,-200000,-200000,-200000,729.58477783203125
15.536,-200000,-200000,747.20391845703125,-200000,-200000,-200000,-200000,731.18212890625
15.54,-200000,-200000,914.93145751953125,-200000,-200000,-200000,-200000,731.99285888671875
15.544,-200000,-200000,831.2464599609375,-200000,-200000,-200000,-200000,730.919921875
15.548,-200000,-200000,685.38201904296875,-200000,-200000,-200000,-200000,731.9212646484375
15.552,-200000,-200000,736.80889892578125,-200000,-200000,-200000,-200000,731.30145263671875
15.556,-200000,-200000,867.93914794921875,-200000,-200000,-200000,-200000,729.46551513671875
15.56,-200000,-200000,855.7796630859375,-200000,-200000,-200000,-200000,729.8231201171875
15.564,-200000,-200000,706.9349365234375,-200000,-200000,-200000,-200000,729.44171142578125
15.568,-200000,-200000,663.2567138671875,-200000,-200000,-200000,-200000,729.58477783203125
15.572,-200000,-200000,844.359375,-200000,-200000,-200000,-200000,731.87353515625
15.576,-200000,-200000,867.36688232421875,-200000,-200000,-200000,-200000,730.46697998046875
15.58,-200000,-200000,686.16876220703125,-200000,-200000,-200000,-200000,731.30145263671875
15.584,-200000,-200000,656.89093017578125,-200000,-200000,-200000,-200000,729.32257080078125
15.588,-200000,-200000,822.71112060546875,-200000,-200000,-200000,-200000,730.58612060546875
15.592,-200000,-200000,887.08416748046875,-200000,-200000,-200000,-200000,731.11065673828125
15.596,-200000,-200000,729.89471435546875,-200000,-200000,-200000,-200000,729.9661865234375
15.6,-200000,-200000,664.40118408203125,-200000,-200000,-200000,-200000,731.53985595703125
15.604,-200000,-200000,816.8935546875,-200000,-200000,-200000,-200000,731.2298583984375
15.608,-200000,-200000,877.78582763671875,-200000,-200000,-200000,-200000,730.01397705078125
15.612,-200000,-200000,741.72021484375,-200000,-200000,-200000,-200000,729.51318359375
15.616,-200000,-200000,683.02166748046875,-200000,-200000,-200000,-200000,730.27618408203125
15.62,-200000,-200000,791.3828125,-200000,-200000,-200000,-200000,731.56365966796875
15.624,-200000,-200000,890.8988037109375,-200000,-200000,-200000,-200000,730.08544921875
15.628,-200000,-200000,786.4237060546875,-200000,-200000,-200000,-200000,731.611328125
15.632,-200000,-200000,655.12664794921875,-200000,-200000,-200000,-200000,730.99139404296875
15.636,-200000,-200000,741.9110107421875,-200000,-200000,-200000,-200000,729.58477783203125
15.64,-200000,-200000,867.5576171875,-200000,-200000,-200000,-200000,731.30145263671875
15.644,-200000,-200000,826.5257568359375,-200000,-200000,-200000,-200000,731.3489990234375
15.648,-200000,-200000,674.82000732421875,-200000,-200000,-200000,-200000,730.96759033203125
15.652,-200000,-200000,712.3470458984375,-200000,-200000,-200000,-200000,729.8231201171875
15.656,-200000,-200000,842.6190185546875,-200000,-200000,-200000,-200000,731.68292236328125
15.66,-200000,-200000,840.97393798828125,-200000,-200000,-200000,-200000,730.58612060546875
15.664,-200000,-200000,710.3681640625,-200000,-200000,-200000,-200000,730.27618408203125
15.668,-200000,-200000,717.7591552734375,-200000,-200000,-200000,-200000,731.68292236328125
15.672,-200000,-200000,822.52032470703125,-200000,-200000,-200000,-200000,733.06573486328125
15.676,-200000,-200000,833.15380859375,-200000,-200000,-200000,-200000,730.27618408203125
15.68,-200000,-200000,711.6556396484375,-200000,-200000,-200000,-200000,732.44580078125
15.684,-200000,-200000,694.48956298828125,-200000,-200000,-200000,-200000,732.80340576171875
15.688,-200000,-200000,835.2518310546875,-200000,-200000,-200000,-200000,732.302734375
15.692,-200000,-200000,865.81719970703125,-200000,-200000,-200000,-200000,730.5384521484375
15.696,-200000,-200000,724.4349365234375,-200000,-200000,-200000,-200000,732.302734375
15.7,-200000,-200000,648.33172607421875,-200000,-200000,-200000,-200000,729.0125732421875
15.704,-200000,-200000,811.72003173828125,-200000,-200000,-200000,-200000,729.39404296875
15.708,-200000,-200000,870.96697998046875,-200000,-200000,-200000,-200000,730.58612060546875
15.712,-200000,-200000,744.00909423828125,-200000,-200000,-200000,-200000,730.34765625
15.716,-200000,-200000,652.88555908203125,-200000,-200000,-200000,-200000,730.77685546875
15.72,-200000,-200000,794.12469482421875,-200000,-200000,-200000,-200000,729.9661865234375
15.724,-200000,-200000,901.74688720703125,-200000,-200000,-200000,-200000,729.2747802734375
15.728,-200000,-200000,761.79510498046875,-200000,-200000,-200000,-200000,730.77685546875
15.732,-200000,-200000,686.9793701171875,-200000,-200000,-200000,-200000,730.08544921875
15.736,-200000,-200000,763.03485107421875,-200000,-200000,-200000,-200000,730.8006591796875
15.74,-200000,-200000,851.53594970703125,-200000,-200000,-200000,-200000,730.72918701171875
15.744,-200000,-200000,791.5736083984375,-200000,-200000,-200000,-200000,731.53985595703125
15.748,-200000,-200000,691.29473876953125,-200000,-200000,-200000,-200000,729.06024169921875
15.752,-200000,-200000,730.6575927734375,-200000,-200000,-200000,-200000,732.3265380859375
15.756,-200000,-200000,842.11834716796875,-200000,-200000,-200000,-200000,731.4920654296875
15.76,-200000,-200000,807.02313232421875,-200000,-200000,-200000,-200000,727.91583251953125
15.764,-200000,-200000,683.99920654296875,-200000,-200000,-200000,-200000,731.0390625
15.768,-200000,-200000,715.47039794921875,-200000,-200000,-200000,-200000,728.10662841796875
15.772,-200000,-200000,819.11102294921875,-200000,-200000,-200000,-200000,729.75164794921875
15.776,-200000,-200000,829.64910888671875,-200000,-200000,-200000,-200000,733.20880126953125
15.78,-200000,-200000,727.3436279296875,-200000,-200000,-200000,-200000,730.3953857421875
15.784,-200000,-200000,684.23760986328125,-200000,-200000,-200000,-200000,730.34765625
15.788,-200000,-200000,815.86846923828125,-200000,-200000,-200000,-200000,731.11065673828125
15.792,-200000,-200000,845.86151123046875,-200000,-200000,-200000,-200000,729.51318359375
15.796,-200000,-200000,735.85516357421875,-200000,-200000,-200000,-200000,730.27618408203125
15.8,-200000,-200000,702.16668701171875,-200000,-200000,-200000,-200000,732.49346923828125
15.804,-200000,-200000,801.75408935546875,-200000,-200000,-200000,-200000,733.0179443359375
15.808,-200000,-200000,842.49981689453125,-200000,-200000,-200000,-200000,729.75164794921875
15.812,-200000,-200000,744.65283203125,-200000,-200000,-200000,-200000,730.5384521484375
15.816,-200000,-200000,673.55645751953125,-200000,-200000,-200000,-200000,729.9661865234375
15.82,-200000,-200000,793.81475830078125,-200000,-200000,-200000,-200000,730.77685546875
15.824,-200000,-200000,853.5623779296875,-200000,-200000,-200000,-200000,728.13037109375
15.828,-200000,-200000,762.0096435546875,-200000,-200000,-200000,-200000,730.5145263671875
15.832,-200000,-200000,698.56640625,-200000,-200000,-200000,-200000,730.46697998046875
15.836,-200000,-200000,771.04571533203125,-200000,-200000,-200000,-200000,731.65899658203125
15.84,-200000,-200000,841.3553466796875,-200000,-200000,-200000,-200000,730.6575927734375
15.844,-200000,-200000,781.130859375,-200000,-200000,-200000,-200000,728.22576904296875
15.848,-200000,-200000,688.83905029296875,-200000,-200000,-200000,-200000,730.03778076171875
15.852,-200000,-200000,735.54522705078125,-200000,-200000,-200000,-200000,731.30145263671875
15.856,-200000,-200000,828.14697265625,-200000,-200000,-200000,-200000,732.63653564453125
15.86,-200000,-200000,815.86846923828125,-200000,-200000,-200000,-200000,729.9661865234375
15.864,-200000,-200000,717.63995361328125,-200000,-200000,-200000,-200000,729.89471435546875
15.868,-200000,-200000,722.9090576171875,-200000,-200000,-200000,-200000,728.36883544921875
15.872,-200000,-200000,815.2962646484375,-200000,-200000,-200000,-200000,727.7489013671875
15.876,-200000,-200000,830.14971923828125,-200000,-200000,-200000,-200000,730.96759033203125
15.88,-200000,-200000,726.15155029296875,-200000,-200000,-200000,-200000,730.77685546875
15.884,-200000,-200000,695.25244140625,-200000,-200000,-200000,-200000,730.84844970703125
15.888,-200000,-200000,816.86981201171875,-200000,-200000,-200000,-200000,730.41925048828125
15.892,-200000,-200000,829.07684326171875,-200000,-200000,-200000,-200000,731.42059326171875
15.896,-200000,-200000,719.5234375,-200000,-200000,-200000,-200000,730.15704345703125
15.9,-200000,-200000,651.5740966796875,-200000,-200000,-200000,-200000,729.44171142578125
15.904,-200000,-200000,809.1688232421875,-200000,-200000,-200000,-200000,728.1781005859375
15.908,-200000,-200000,865.05419921875,-200000,-200000,-200000,-200000,729.89471435546875
15.912,-200000,-200000,732.25506591796875,-200000,-200000,-200000,-200000,728.82177734375
15.916,-200000,-200000,655.93731689453125,-200000,-200000,-200000,-200000,730.46697998046875
15.92,-200000,-200000,787.8304443359375,-200000,-200000,-200000,-200000,730.8006591796875
15.924,-200000,-200000,843.88262939453125,-200000,-200000,-200000,-200000,732.8748779296875
15.928,-200000,-200000,761.10369873046875,-200000,-200000,-200000,-200000,729.77557373046875
15.932,-200000,-200000,685.3104248046875,-200000,-200000,-200000,-200000,729.2747802734375
15.936,-200000,-200000,770.78350830078125,-200000,-200000,-200000,-200000,730.32391357421875
15.94,-200000,-200000,833.10614013671875,-200000,-200000,-200000,-200000,730.2283935546875
15.944,-200000,-200000,778.7943115234375,-200000,-200000,-200000,-200000,731.73046875
15.948,-200000,-200000,708.2939453125,-200000,-200000,-200000,-200000,730.27618408203125
15.952,-200000,-200000,750.54180908203125,-200000,-200000,-200000,-200000,729.75164794921875
15.956,-200000,-200000,820.99444580078125,-200000,-200000,-200000,-200000,730.6575927734375
15.96,-200000,-200000,798.96453857421875,-200000,-200000,-200000,-200000,728.60723876953125
15.964,-200000,-200000,719.45196533203125,-200000,-200000,-200000,-200000,730.6575927734375
15.968,-200000,-200000,723.33819580078125,-200000,-200000,-200000,-200000,729.1317138671875
15.972,-200000,-200000,811.33856201171875,-200000,-200000,-200000,-200000,731.15838623046875
15.976,-200000,-200000,821.32830810546875,-200000,-200000,-200000,-200000,731.30145263671875
15.98,-200000,-200000,732.1834716796875,-200000,-200000,-200000,-200000,730.77685546875
15.984,-200000,-200000,696.84991455078125,-200000,-200000,-200000,-200000,731.80206298828125
15.988,-200000,-200000,803.01776123046875,-200000,-200000,-200000,-200000,731.11065673828125
15.992,-200000,-200000,810.76629638671875,-200000,-200000,-200000,-200000,729.06024169921875
15.996,-200000,-200000,743.10302734375,-200000,-200000,-200000,-200000,730.3953857421875
16,-200000,-200000,723.98193359375,-200000,-200000,-200000,-200000,729.44171142578125
16.004,-200000,-200000,795.76983642578125,-200000,-200000,-200000,-200000,731.68292236328125
16.008,-200000,-200000,826.9310302734375,-200000,-200000,-200000,-200000,729.89471435546875
16.012,-200000,-200000,742.1494140625,-200000,-200000,-200000,-200000,728.13037109375
16.016,-200000,-200000,701.42755126953125,-200000,-200000,-200000,-200000,730.08544921875
16.02,-200000,-200000,784.0633544921875,-200000,-200000,-200000,-200000,726.5091552734375
16.024,-200000,-200000,827.3602294921875,-200000,-200000,-200000,-200000,730.34765625
16.028,-200000,-200000,755.59619140625,-200000,-200000,-200000,-200000,731.73046875
16.032,-200000,-200000,707.00653076171875,-200000,-200000,-200000,-200000,729.7039794921875
16.036,-200000,-200000,771.47491455078125,-200000,-200000,-200000,-200000,727.4627685546875
16.04,-200000,-200000,806.90399169921875,-200000,-200000,-200000,-200000,729.51318359375
16.044,-200000,-200000,769.04296875,-200000,-200000,-200000,-200000,729.7039794921875
16.048,-200000,-200000,709.6767578125,-200000,-200000,-200000,-200000,730.46697998046875
16.052,-200000,-200000,747.10858154296875,-200000,-200000,-200000,-200000,730.5145263671875
16.056,-200000,-200000,834.94189453125,-200000,-200000,-200000,-200000,729.32257080078125
16.06,-200000,-200000,817.13214111328125,-200000,-200000,-200000,-200000,729.9661865234375
16.064,-200000,-200000,718.712890625,-200000,-200000,-200000,-200000,730.84844970703125
16.068,-200000,-200000,734.4007568359375,-200000,-200000,-200000,-200000,731.42059326171875
16.072,-200000,-200000,811.21923828125,-200000,-200000,-200000,-200000,731.0390625
16.076,-200000,-200000,818.01416015625,-200000,-200000,-200000,-200000,731.611328125
16.08,-200000,-200000,725.5078125,-200000,-200000,-200000,-200000,732.63653564453125
16.084,-200000,-200000,714.51678466796875,-200000,-200000,-200000,-200000,732.11199951171875
16.088,-200000,-200000,798.32080078125,-200000,-200000,-200000,-200000,729.75164794921875
16.092,-200000,-200000,816.6790771484375,-200000,-200000,-200000,-200000,731.4920654296875
16.096,-200000,-200000,731.42059326171875,-200000,-200000,-200000,-200000,732.3265380859375
16.1,-200000,-200000,693.98876953125,-200000,-200000,-200000,-200000,731.611328125
16.104,-200000,-200000,798.7738037109375,-200000,-200000,-200000,-200000,730.08544921875
16.108,-200000,-200000,830.03057861328125,-200000,-200000,-200000,-200000,731.15838623046875
16.112,-200000,-200000,741.64874267578125,-200000,-200000,-200000,-200000,732.11199951171875
16.116,-200000,-200000,696.3968505859375,-200000,-200000,-200000,-200000,729.32257080078125
16.12,-200000,-200000,791.0013427734375,-200000,-200000,-200000,-200000,730.15704345703125
16.124,-200000,-200000,842.1898193359375,-200000,-200000,-200000,-200000,730.5384521484375
16.128,-200000,-200000,754.1180419921875,-200000,-200000,-200000,-200000,731.15838623046875
16.132,-200000,-200000,693.8934326171875,-200000,-200000,-200000,-200000,731.94512939453125
16.136,-200000,-200000,772.23779296875,-200000,-200000,-200000,-200000,730.13311767578125
16.14,-200000,-200000,831.43719482421875,-200000,-200000,-200000,-200000,728.51190185546875
16.144,-200000,-200000,777.14923095703125,-200000,-200000,-200000,-200000,730.32391357421875
16.148,-200000,-200000,689.3397216796875,-200000,-200000,-200000,-200000,730.96759033203125
16.152,-200000,-200000,746.1787109375,-200000,-200000,-200000,-200000,729.39404296875
16.156,-200000,-200000,830.3642578125,-200000,-200000,-200000,-200000,730.77685546875
16.16,-200000,-200000,792.646484375,-200000,-200000,-200000,-200000,730.96759033203125
16.164,-200000,-200000,729.3701171875,-200000,-200000,-200000,-200000,730.3953857421875
16.168,-200000,-200000,739.62225341796875,-200000,-200000,-200000,-200000,731.15838623046875
16.172,-200000,-200000,811.83917236328125,-200000,-200000,-200000,-200000,728.8695068359375
16.176,-200000,-200000,813.6273193359375,-200000,-200000,-200000,-200000,730.58612060546875
16.18,-200000,-200000,726.00848388671875,-200000,-200000,-200000,-200000,731.4920654296875
16.184,-200000,-200000,707.69793701171875,-200000,-200000,-200000,-200000,728.94110107421875
16.188,-200000,-200000,810.31329345703125,-200000,-200000,-200000,-200000,728.75030517578125
16.192,-200000,-200000,818.6102294921875,-200000,-200000,-200000,-200000,729.17950439453125
16.196,-200000,-200000,730.77685546875,-200000,-200000,-200000,-200000,730.13311767578125
16.2,-200000,-200000,685.3104248046875,-200000,-200000,-200000,-200000,729.51318359375
16.204,-200000,-200000,801.6824951171875,-200000,-200000,-200000,-200000,727.91583251953125
16.208,-200000,-200000,819.75469970703125,-200000,-200000,-200000,-200000,728.9886474609375
16.212,-200000,-200000,744.70050048828125,-200000,-200000,-200000,-200000,730.41925048828125
16.216,-200000,-200000,714.89825439453125,-200000,-200000,-200000,-200000,729.9661865234375
16.22,-200000,-200000,788.3310546875,-200000,-200000,-200000,-200000,730.77685546875
16.224,-200000,-200000,821.5189208984375,-200000,-200000,-200000,-200000,730.60986328125
16.228,-200000,-200000,758.93408203125,-200000,-200000,-200000,-200000,731.11065673828125
16.232,-200000,-200000,710.01055908203125,-200000,-200000,-200000,-200000,731.80206298828125
16.236,-200000,-200000,770.7119140625,-200000,-200000,-200000,-200000,730.60986328125
16.24,-200000,-200000,821.2567138671875,-200000,-200000,-200000,-200000,731.18212890625
16.244,-200000,-200000,767.32647705078125,-200000,-200000,-200000,-200000,733.32794189453125
16.248,-200000,-200000,702.42889404296875,-200000,-200000,-200000,-200000,731.68292236328125
16.252,-200000,-200000,759.84014892578125,-200000,-200000,-200000,-200000,729.63250732421875
16.256,-200000,-200000,809.38348388671875,-200000,-200000,-200000,-200000,729.51318359375
16.26,-200000,-200000,788.25958251953125,-200000,-200000,-200000,-200000,728.63116455078125
16.264,-200000,-200000,727.22442626953125,-200000,-200000,-200000,-200000,729.9661865234375
16.268,-200000,-200000,740.62353515625,-200000,-200000,-200000,-200000,730.96759033203125
16.272,-200000,-200000,805.23504638671875,-200000,-200000,-200000,-200000,730.58612060546875
16.276,-200000,-200000,813.26971435546875,-200000,-200000,-200000,-200000,728.75030517578125
16.28,-200000,-200000,720.69171142578125,-200000,-200000,-200000,-200000,730.08544921875
16.284,-200000,-200000,701.33221435546875,-200000,-200000,-200000,-200000,732.0404052734375
16.288,-200000,-200000,804.09063720703125,-200000,-200000,-200000,-200000,729.51318359375
16.292,-200000,-200000,812.55450439453125,-200000,-200000,-200000,-200000,729.7039794921875
16.296,-200000,-200000,727.15283203125,-200000,-200000,-200000,-200000,731.2298583984375
16.3,-200000,-200000,690.36492919921875,-200000,-200000,-200000,-200000,730.72918701171875
16.304,-200000,-200000,805.18731689453125,-200000,-200000,-200000,-200000,730.15704345703125
16.308,-200000,-200000,826.40655517578125,-200000,-200000,-200000,-200000,729.2747802734375
16.312,-200000,-200000,739.1214599609375,-200000,-200000,-200000,-200000,732.37432861328125
16.316,-200000,-200000,700.78387451171875,-200000,-200000,-200000,-200000,727.93963623046875
16.32,-200000,-200000,787.5203857421875,-200000,-200000,-200000,-200000,730.8006591796875
16.324,-200000,-200000,841.16473388671875,-200000,-200000,-200000,-200000,728.4403076171875
16.328,-200000,-200000,753.4266357421875,-200000,-200000,-200000,-200000,729.51318359375
16.332,-200000,-200000,687.623046875,-200000,-200000,-200000,-200000,730.58612060546875
16.336,-200000,-200000,770.64044189453125,-200000,-200000,-200000,-200000,730.46697998046875
16.34,-200000,-200000,828.12322998046875,-200000,-200000,-200000,-200000,732.37432861328125
16.344,-200000,-200000,781.20245361328125,-200000,-200000,-200000,-200000,731.2298583984375
16.348,-200000,-200000,705.21844482421875,-200000,-200000,-200000,-200000,730.20458984375
16.352,-200000,-200000,753.35516357421875,-200000,-200000,-200000,-200000,731.4920654296875
16.356,-200000,-200000,814.96240234375,-200000,-200000,-200000,-200000,728.63116455078125
16.36,-200000,-200000,788.2119140625,-200000,-200000,-200000,-200000,728.9886474609375
16.364,-200000,-200000,710.9404296875,-200000,-200000,-200000,-200000,728.5595703125
16.368,-200000,-200000,714.25439453125,-200000,-200000,-200000,-200000,730.6575927734375
16.372,-200000,-200000,804.54364013671875,-200000,-200000,-200000,-200000,729.32257080078125
16.376,-200000,-200000,811.33856201171875,-200000,-200000,-200000,-200000,729.51318359375
16.38,-200000,-200000,732.63653564453125,-200000,-200000,-200000,-200000,730.919921875
16.384,-200000,-200000,718.5936279296875,-200000,-200000,-200000,-200000,730.20458984375
16.388,-200000,-200000,797.22412109375,-200000,-200000,-200000,-200000,729.20330810546875
16.392,-200000,-200000,811.3623046875,-200000,-200000,-200000,-200000,730.15704345703125
16.396,-200000,-200000,743.17462158203125,-200000,-200000,-200000,-200000,729.8231201171875
16.4,-200000,-200000,714.0159912109375,-200000,-200000,-200000,-200000,730.32391357421875
16.404,-200000,-200000,796.0081787109375,-200000,-200000,-200000,-200000,728.8695068359375
16.408,-200000,-200000,832.00946044921875,-200000,-200000,-200000,-200000,729.2509765625
16.412,-200000,-200000,743.6990966796875,-200000,-200000,-200000,-200000,731.37286376953125
16.416,-200000,-200000,719.5234375,-200000,-200000,-200000,-200000,729.9423828125
16.42,-200000,-200000,781.60772705078125,-200000,-200000,-200000,-200000,728.4403076171875
16.424,-200000,-200000,824.76153564453125,-200000,-200000,-200000,-200000,729.0125732421875
16.428,-200000,-200000,754.1180419921875,-200000,-200000,-200000,-200000,729.2509765625
16.432,-200000,-200000,714.82666015625,-200000,-200000,-200000,-200000,729.20330810546875
16.436,-200000,-200000,775.62335205078125,-200000,-200000,-200000,-200000,729.0125732421875
16.44,-200000,-200000,823.54559326171875,-200000,-200000,-200000,-200000,729.9423828125
16.444,-200000,-200000,769.82989501953125,-200000,-200000,-200000,-200000,728.82177734375
16.448,-200000,-200000,715.7802734375,-200000,-200000,-200000,-200000,732.3265380859375
16.452,-200000,-200000,764.1077880859375,-200000,-200000,-200000,-200000,730.01397705078125
16.456,-200000,-200000,805.9979248046875,-200000,-200000,-200000,-200000,729.32257080078125
16.46,-200000,-200000,782.6805419921875,-200000,-200000,-200000,-200000,730.3953857421875
16.464,-200000,-200000,724.935546875,-200000,-200000,-200000,-200000,731.15838623046875
16.468,-200000,-200000,738.21551513671875,-200000,-200000,-200000,-200000,728.9886474609375
16.472,-200000,-200000,815.2962646484375,-200000,-200000,-200000,-200000,729.9661865234375
16.476,-200000,-200000,809.24041748046875,-200000,-200000,-200000,-200000,729.9423828125
16.48,-200000,-200000,740.5042724609375,-200000,-200000,-200000,-200000,730.919921875
16.484,-200000,-200000,738.2869873046875,-200000,-200000,-200000,-200000,730.13311767578125
16.488,-200000,-200000,792.14581298828125,-200000,-200000,-200000,-200000,730.15704345703125
16.492,-200000,-200000,804.97265625,-200000,-200000,-200000,-200000,731.73046875
16.496,-200000,-200000,736.37969970703125,-200000,-200000,-200000,-200000,729.8231201171875
16.5,-200000,-200000,715.51806640625,-200000,-200000,-200000,-200000,730.8006591796875
16.504,-200000,-200000,795.84130859375,-200000,-200000,-200000,-200000,730.77685546875
16.508,-200000,-200000,826.97882080078125,-200000,-200000,-200000,-200000,732.3265380859375
16.512,-200000,-200000,739.74139404296875,-200000,-200000,-200000,-200000,731.3489990234375
16.516,-200000,-200000,693.7742919921875,-200000,-200000,-200000,-200000,729.0125732421875
16.52,-200000,-200000,799.44140625,-200000,-200000,-200000,-200000,728.63116455078125
16.524,-200000,-200000,852.34649658203125,-200000,-200000,-200000,-200000,731.4920654296875
16.528,-200000,-200000,757.09832763671875,-200000,-200000,-200000,-200000,732.0643310546875
16.532,-200000,-200000,713.80145263671875,-200000,-200000,-200000,-200000,730.46697998046875
16.536,-200000,-200000,776.0047607421875,-200000,-200000,-200000,-200000,730.34765625
16.54,-200000,-200000,819.8739013671875,-200000,-200000,-200000,-200000,730.20458984375
16.544,-200000,-200000,767.4217529296875,-200000,-200000,-200000,-200000,729.65625
16.548,-200000,-200000,699.138671875,-200000,-200000,-200000,-200000,731.9212646484375
16.552,-200000,-200000,753.5457763671875,-200000,-200000,-200000,-200000,728.63116455078125
16.556,-200000,-200000,828.64776611328125,-200000,-200000,-200000,-200000,730.89599609375
16.56,-200000,-200000,790.3099365234375,-200000,-200000,-200000,-200000,729.75164794921875
16.564,-200000,-200000,726.58074951171875,-200000,-200000,-200000,-200000,729.2509765625
16.568,-200000,-200000,745.72576904296875,-200000,-200000,-200000,-200000,731.30145263671875
16.572,-200000,-200000,812.67364501953125,-200000,-200000,-200000,-200000,728.6787109375
16.576,-200000,-200000,803.51837158203125,-200000,-200000,-200000,-200000,729.32257080078125
16.58,-200000,-200000,722.5751953125,-200000,-200000,-200000,-200000,730.5145263671875
16.584,-200000,-200000,714.20672607421875,-200000,-200000,-200000,-200000,730.77685546875
16.588,-200000,-200000,816.75067138671875,-200000,-200000,-200000,-200000,731.42059326171875
16.592,-200000,-200000,829.2913818359375,-200000,-200000,-200000,-200000,733.06573486328125
16.596,-200000,-200000,723.48126220703125,-200000,-200000,-200000,-200000,729.9661865234375
16.6,-200000,-200000,699.37713623046875,-200000,-200000,-200000,-200000,731.11065673828125
16.604,-200000,-200000,810.07489013671875,-200000,-200000,-200000,-200000,730.77685546875
16.608,-200000,-200000,845.69464111328125,-200000,-200000,-200000,-200000,730.3953857421875
16.612,-200000,-200000,739.93212890625,-200000,-200000,-200000,-200000,729.20330810546875
16.616,-200000,-200000,712.65704345703125,-200000,-200000,-200000,-200000,730.919921875
16.62,-200000,-200000,794.8875732421875,-200000,-200000,-200000,-200000,730.46697998046875
16.624,-200000,-200000,825.9774169921875,-200000,-200000,-200000,-200000,730.2283935546875
16.628,-200000,-200000,750.42254638671875,-200000,-200000,-200000,-200000,728.41650390625
16.632,-200000,-200000,713.56298828125,-200000,-200000,-200000,-200000,730.32391357421875
16.636,-200000,-200000,779.2235107421875,-200000,-200000,-200000,-200000,729.46551513671875
16.64,-200000,-200000,821.97198486328125,-200000,-200000,-200000,-200000,731.99285888671875
16.644,-200000,-200000,765.9912109375,-200000,-200000,-200000,-200000,729.39404296875
16.648,-200000,-200000,714.7073974609375,-200000,-200000,-200000,-200000,729.1317138671875
16.652,-200000,-200000,763.3924560546875,-200000,-200000,-200000,-200000,730.60986328125
16.656,-200000,-200000,815.65380859375,-200000,-200000,-200000,-200000,732.49346923828125
16.66,-200000,-200000,782.4183349609375,-200000,-200000,-200000,-200000,730.13311767578125
16.664,-200000,-200000,717.3538818359375,-200000,-200000,-200000,-200000,730.2283935546875
16.668,-200000,-200000,738.09637451171875,-200000,-200000,-200000,-200000,728.5595703125
16.672,-200000,-200000,802.56475830078125,-200000,-200000,-200000,-200000,729.2509765625
16.676,-200000,-200000,805.5687255859375,-200000,-200000,-200000,-200000,727.15283203125
16.68,-200000,-200000,735.68829345703125,-200000,-200000,-200000,-200000,728.8695068359375
16.684,-200000,-200000,729.65625,-200000,-200000,-200000,-200000,730.3953857421875
16.688,-200000,-200000,798.01092529296875,-200000,-200000,-200000,-200000,730.15704345703125
16.692,-200000,-200000,802.97003173828125,-200000,-200000,-200000,-200000,729.46551513671875
16.696,-200000,-200000,737.78643798828125,-200000,-200000,-200000,-200000,728.51190185546875
16.7,-200000,-200000,722.3367919921875,-200000,-200000,-200000,-200000,730.20458984375
16.704,-200000,-200000,795.19757080078125,-200000,-200000,-200000,-200000,730.2283935546875
16.708,-200000,-200000,815.48699951171875,-200000,-200000,-200000,-200000,730.34765625
16.712,-200000,-200000,742.7454833984375,-200000,-200000,-200000,-200000,729.2509765625
16.716,-200000,-200000,713.7537841796875,-200000,-200000,-200000,-200000,729.44171142578125
16.72,-200000,-200000,793.29022216796875,-200000,-200000,-200000,-200000,729.51318359375
16.724,-200000,-200000,823.66473388671875,-200000,-200000,-200000,-200000,729.2747802734375
16.728,-200000,-200000,753.99884033203125,-200000,-200000,-200000,-200000,730.20458984375
16.732,-200000,-200000,722.71826171875,-200000,-200000,-200000,-200000,729.8231201171875
16.736,-200000,-200000,781.20245361328125,-200000,-200000,-200000,-200000,730.34765625
16.74,-200000,-200000,810.8377685546875,-200000,-200000,-200000,-200000,730.77685546875
16.744,-200000,-200000,763.77392578125,-200000,-200000,-200000,-200000,730.70538330078125
16.748,-200000,-200000,712.609375,-200000,-200000,-200000,-200000,730.5384521484375
16.752,-200000,-200000,762.46270751953125,-200000,-200000,-200000,-200000,732.421875
16.756,-200000,-200000,810.76629638671875,-200000,-200000,-200000,-200000,728.8695068359375
16.76,-200000,-200000,780.51104736328125,-200000,-200000,-200000,-200000,727.67742919921875
16.764,-200000,-200000,730.99139404296875,-200000,-200000,-200000,-200000,731.15838623046875
16.768,-200000,-200000,749.5404052734375,-200000,-200000,-200000,-200000,729.63250732421875
16.772,-200000,-200000,796.9857177734375,-200000,-200000,-200000,-200000,729.46551513671875
16.776,-200000,-200000,788.76025390625,-200000,-200000,-200000,-200000,727.41522216796875
16.78,-200000,-200000,741.41033935546875,-200000,-200000,-200000,-200000,728.2972412109375
16.784,-200000,-200000,735.68829345703125,-200000,-200000,-200000,-200000,731.65899658203125
16.788,-200000,-200000,798.3685302734375,-200000,-200000,-200000,-200000,728.75030517578125
16.792,-200000,-200000,808.28680419921875,-200000,-200000,-200000,-200000,729.9661865234375
16.796,-200000,-200000,736.30810546875,-200000,-200000,-200000,-200000,730.27618408203125
16.8,-200000,-200000,713.8251953125,-200000,-200000,-200000,-200000,730.60986328125
16.804,-200000,-200000,795.3167724609375,-200000,-200000,-200000,-200000,730.08544921875
16.808,-200000,-200000,813.00750732421875,-200000,-200000,-200000,-200000,729.58477783203125
16.812,-200000,-200000,743.818359375,-200000,-200000,-200000,-200000,732.0643310546875
16.816,-200000,-200000,712.27557373046875,-200000,-200000,-200000,-200000,730.77685546875
16.82,-200000,-200000,790.35772705078125,-200000,-200000,-200000,-200000,729.77557373046875
16.824,-200000,-200000,817.6326904296875,-200000,-200000,-200000,-200000,729.77557373046875
16.828,-200000,-200000,753.23583984375,-200000,-200000,-200000,-200000,731.80206298828125
16.832,-200000,-200000,721.69317626953125,-200000,-200000,-200000,-200000,729.7039794921875
16.836,-200000,-200000,777.76922607421875,-200000,-200000,-200000,-200000,732.82733154296875
16.84,-200000,-200000,808.16748046875,-200000,-200000,-200000,-200000,731.18212890625
16.844,-200000,-200000,765.0614013671875,-200000,-200000,-200000,-200000,730.72918701171875
16.848,-200000,-200000,729.2509765625,-200000,-200000,-200000,-200000,730.15704345703125
16.852,-200000,-200000,764.98992919921875,-200000,-200000,-200000,-200000,729.44171142578125
16.856,-200000,-200000,801.75408935546875,-200000,-200000,-200000,-200000,728.94110107421875
16.86,-200000,-200000,774.02606201171875,-200000,-200000,-200000,-200000,729.89471435546875
16.864,-200000,-200000,737.26190185546875,-200000,-200000,-200000,-200000,730.5384521484375
16.868,-200000,-200000,757.6942138671875,-200000,-200000,-200000,-200000,728.75030517578125
16.872,-200000,-200000,788.83184814453125,-200000,-200000,-200000,-200000,728.75030517578125
16.876,-200000,-200000,787.30596923828125,-200000,-200000,-200000,-200000,729.7039794921875
16.88,-200000,-200000,743.36541748046875,-200000,-200000,-200000,-200000,730.5384521484375
16.884,-200000,-200000,742.24481201171875,-200000,-200000,-200000,-200000,731.0867919921875
16.888,-200000,-200000,798.05859375,-200000,-200000,-200000,-200000,730.70538330078125
16.892,-200000,-200000,809.1688232421875,-200000,-200000,-200000,-200000,729.32257080078125
16.896,-200000,-200000,741.60107421875,-200000,-200000,-200000,-200000,731.80206298828125
16.9,-200000,-200000,727.4627685546875,-200000,-200000,-200000,-200000,730.3953857421875
16.904,-200000,-200000,797.74871826171875,-200000,-200000,-200000,-200000,730.6575927734375
16.908,-200000,-200000,814.39031982421875,-200000,-200000,-200000,-200000,729.32257080078125
16.912,-200000,-200000,740.52813720703125,-200000,-200000,-200000,-200000,729.2509765625
16.916,-200000,-200000,722.00311279296875,-200000,-200000,-200000,-200000,729.9661865234375
16.92,-200000,-200000,786.1614990234375,-200000,-200000,-200000,-200000,729.9423828125
16.924,-200000,-200000,810.45635986328125,-200000,-200000,-200000,-200000,728.75030517578125
16.928,-200000,-200000,750.75634765625,-200000,-200000,-200000,-200000,727.9873046875
16.932,-200000,-200000,722.14617919921875,-200000,-200000,-200000,-200000,730.58612060546875
16.936,-200000,-200000,780.94012451171875,-200000,-200000,-200000,-200000,729.32257080078125
16.94,-200000,-200000,813.36505126953125,-200000,-200000,-200000,-200000,730.34765625
16.944,-200000,-200000,761.0560302734375,-200000,-200000,-200000,-200000,730.96759033203125
16.948,-200000,-200000,723.91046142578125,-200000,-200000,-200000,-200000,730.34765625
16.952,-200000,-200000,763.20184326171875,-200000,-200000,-200000,-200000,725.9368896484375
16.956,-200000,-200000,811.5291748046875,-200000,-200000,-200000,-200000,729.5609130859375
16.96,-200000,-200000,776.50555419921875,-200000,-200000,-200000,-200000,730.3953857421875
16.964,-200000,-200000,732.94647216796875,-200000,-200000,-200000,-200000,729.5609130859375
16.968,-200000,-200000,751.82928466796875,-200000,-200000,-200000,-200000,731.80206298828125
16.972,-200000,-200000,795.65057373046875,-200000,-200000,-200000,-200000,731.7542724609375
16.976,-200000,-200000,789.28485107421875,-200000,-200000,-200000,-200000,730.77685546875
16.98,-200000,-200000,740.81427001953125,-200000,-200000,-200000,-200000,729.17950439453125
16.984,-200000,-200000,742.67401123046875,-200000,-200000,-200000,-200000,729.84698486328125
16.988,-200000,-200000,790.38153076171875,-200000,-200000,-200000,-200000,728.6787109375
16.992,-200000,-200000,795.34063720703125,-200000,-200000,-200000,-200000,730.77685546875
16.996,-200000,-200000,742.0301513671875,-200000,-200000,-200000,-200000,730.72918701171875
17,-200000,-200000,729.3701171875,-200000,-200000,-200000,-200000,729.46551513671875
17.004,-200000,-200000,795.4598388671875,-200000,-200000,-200000,-200000,729.75164794921875
17.008,-200000,-200000,807.9052734375,-200000,-200000,-200000,-200000,729.63250732421875
17.012,-200000,-200000,749.46893310546875,-200000,-200000,-200000,-200000,730.32391357421875
17.016,-200000,-200000,731.30145263671875,-200000,-200000,-200000,-200000,730.03778076171875
17.02,-200000,-200000,787.32977294921875,-200000,-200000,-200000,-200000,730.13311767578125
17.024,-200000,-200000,806.59393310546875,-200000,-200000,-200000,-200000,728.75030517578125
17.028,-200000,-200000,753.47430419921875,-200000,-200000,-200000,-200000,730.5145263671875
17.032,-200000,-200000,732.11199951171875,-200000,-200000,-200000,-200000,729.44171142578125
17.036,-200000,-200000,779.43798828125,-200000,-200000,-200000,-200000,729.89471435546875
17.04,-200000,-200000,814.96240234375,-200000,-200000,-200000,-200000,727.67742919921875
17.044,-200000,-200000,764.67999267578125,-200000,-200000,-200000,-200000,730.13311767578125
17.048,-200000,-200000,728.5595703125,-200000,-200000,-200000,-200000,731.87353515625
17.052,-200000,-200000,767.23095703125,-200000,-200000,-200000,-200000,727.9873046875
17.056,-200000,-200000,800.68115234375,-200000,-200000,-200000,-200000,728.5595703125
17.06,-200000,-200000,773.88299560546875,-200000,-200000,-200000,-200000,730.41925048828125
17.064,-200000,-200000,732.56494140625,-200000,-200000,-200000,-200000,729.58477783203125
17.068,-200000,-200000,756.21612548828125,-200000,-200000,-200000,-200000,730.60986328125
17.072,-200000,-200000,801.5633544921875,-200000,-200000,-200000,-200000,729.7039794921875
17.076,-200000,-200000,794.36309814453125,-200000,-200000,-200000,-200000,731.53985595703125
17.08,-200000,-200000,737.52410888671875,-200000,-200000,-200000,-200000,729.77557373046875
17.084,-200000,-200000,743.6990966796875,-200000,-200000,-200000,-200000,729.9423828125
17.088,-200000,-200000,797.7962646484375,-200000,-200000,-200000,-200000,729.9423828125
17.092,-200000,-200000,797.98712158203125,-200000,-200000,-200000,-200000,727.67742919921875
17.096,-200000,-200000,742.29248046875,-200000,-200000,-200000,-200000,728.6787109375
17.1,-200000,-200000,735.4736328125,-200000,-200000,-200000,-200000,730.6575927734375
17.104,-200000,-200000,791.45440673828125,-200000,-200000,-200000,-200000,729.20330810546875
17.108,-200000,-200000,804.42431640625,-200000,-200000,-200000,-200000,729.2747802734375
17.112,-200000,-200000,743.77069091796875,-200000,-200000,-200000,-200000,729.65625
17.116,-200000,-200000,721.3592529296875,-200000,-200000,-200000,-200000,729.17950439453125
17.12,-200000,-200000,790.7391357421875,-200000,-200000,-200000,-200000,729.58477783203125
17.124,-200000,-200000,809.1927490234375,-200000,-200000,-200000,-200000,729.89471435546875
17.128,-200000,-200000,752.54443359375,-200000,-200000,-200000,-200000,727.8681640625
17.132,-200000,-200000,719.78582763671875,-200000,-200000,-200000,-200000,730.99139404296875
17.136,-200000,-200000,781.65545654296875,-200000,-200000,-200000,-200000,730.34765625
17.14,-200000,-200000,805.68798828125,-200000,-200000,-200000,-200000,728.10662841796875
17.144,-200000,-200000,760.67462158203125,-200000,-200000,-200000,-200000,727.7489013671875
17.148,-200000,-200000,737.90557861328125,-200000,-200000,-200000,-200000,731.3489990234375
17.152,-200000,-200000,766.89727783203125,-200000,-200000,-200000,-200000,730.01397705078125
17.156,-200000,-200000,797.29571533203125,-200000,-200000,-200000,-200000,730.15704345703125
17.16,-200000,-200000,772.50018310546875,-200000,-200000,-200000,-200000,728.79803466796875
17.164,-200000,-200000,732.1357421875,-200000,-200000,-200000,-200000,728.7025146484375
17.168,-200000,-200000,756.7406005859375,-200000,-200000,-200000,-200000,729.20330810546875
17.172,-200000,-200000,800.27587890625,-200000,-200000,-200000,-200000,730.13311767578125
17.176,-200000,-200000,788.76025390625,-200000,-200000,-200000,-200000,730.32391357421875
17.18,-200000,-200000,733.5902099609375,-200000,-200000,-200000,-200000,730.13311767578125
17.184,-200000,-200000,738.35858154296875,-200000,-200000,-200000,-200000,730.08544921875
17.188,-200000,-200000,793.2186279296875,-200000,-200000,-200000,-200000,729.8231201171875
17.192,-200000,-200000,793.14715576171875,-200000,-200000,-200000,-200000,728.36883544921875
17.196,-200000,-200000,745.2249755859375,-200000,-200000,-200000,-200000,731.30145263671875
17.2,-200000,-200000,737.76251220703125,-200000,-200000,-200000,-200000,730.70538330078125
17.204,-200000,-200000,791.6927490234375,-200000,-200000,-200000,-200000,731.15838623046875
17.208,-200000,-200000,799.96600341796875,-200000,-200000,-200000,-200000,728.05889892578125
17.212,-200000,-200000,748.9681396484375,-200000,-200000,-200000,-200000,729.63250732421875
17.216,-200000,-200000,735.73602294921875,-200000,-200000,-200000,-200000,729.58477783203125
17.22,-200000,-200000,782.4183349609375,-200000,-200000,-200000,-200000,730.27618408203125
17.224,-200000,-200000,800.5380859375,-200000,-200000,-200000,-200000,729.77557373046875
17.228,-200000,-200000,752.9736328125,-200000,-200000,-200000,-200000,728.9886474609375
17.232,-200000,-200000,732.7557373046875,-200000,-200000,-200000,-200000,728.48809814453125
17.236,-200000,-200000,777.07781982421875,-200000,-200000,-200000,-200000,729.89471435546875
17.24,-200000,-200000,796.86651611328125,-200000,-200000,-200000,-200000,728.2972412109375
17.244,-200000,-200000,764.53692626953125,-200000,-200000,-200000,-200000,730.01397705078125
17.248,-200000,-200000,737.78643798828125,-200000,-200000,-200000,-200000,730.34765625
17.252,-200000,-200000,767.39794921875,-200000,-200000,-200000,-200000,729.5609130859375
17.256,-200000,-200000,797.60565185546875,-200000,-200000,-200000,-200000,729.8231201171875
17.26,-200000,-200000,773.45379638671875,-200000,-200000,-200000,-200000,730.46697998046875
17.264,-200000,-200000,737.3333740234375,-200000,-200000,-200000,-200000,730.77685546875
17.268,-200000,-200000,763.08251953125,-200000,-200000,-200000,-200000,729.77557373046875
17.272,-200000,-200000,793.29022216796875,-200000,-200000,-200000,-200000,728.6787109375
17.276,-200000,-200000,787.37744140625,-200000,-200000,-200000,-200000,730.60986328125
17.28,-200000,-200000,744.08056640625,-200000,-200000,-200000,-200000,731.30145263671875
17.284,-200000,-200000,749.68341064453125,-200000,-200000,-200000,-200000,729.77557373046875
17.288,-200000,-200000,791.07293701171875,-200000,-200000,-200000,-200000,730.32391357421875
17.292,-200000,-200000,790.69140625,-200000,-200000,-200000,-200000,729.9661865234375
17.296,-200000,-200000,749.5404052734375,-200000,-200000,-200000,-200000,729.32257080078125
17.3,-200000,-200000,741.38653564453125,-200000,-200000,-200000,-200000,728.1781005859375
17.304,-200000,-200000,789.5947265625,-200000,-200000,-200000,-200000,730.15704345703125
17.308,-200000,-200000,799.8466796875,-200000,-200000,-200000,-200000,730.20458984375
17.312,-200000,-200000,751.11395263671875,-200000,-200000,-200000,-200000,728.75030517578125
17.316,-200000,-200000,729.58477783203125,-200000,-200000,-200000,-200000,730.08544921875
17.32,-200000,-200000,786.47149658203125,-200000,-200000,-200000,-200000,729.2747802734375
17.324,-200000,-200000,802.70782470703125,-200000,-200000,-200000,-200000,729.32257080078125
17.328,-200000,-200000,753.16436767578125,-200000,-200000,-200000,-200000,728.6787109375
17.332,-200000,-200000,721.00177001953125,-200000,-200000,-200000,-200000,729.51318359375
17.336,-200000,-200000,785.279296875,-200000,-200000,-200000,-200000,728.9886474609375
17.34,-200000,-200000,812.41143798828125,-200000,-200000,-200000,-200000,731.15838623046875
17.344,-200000,-200000,760.15008544921875,-200000,-200000,-200000,-200000,729.51318359375
17.348,-200000,-200000,733.8524169921875,-200000,-200000,-200000,-200000,730.919921875
17.352,-200000,-200000,771.09344482421875,-200000,-200000,-200000,-200000,728.36883544921875
17.356,-200000,-200000,799.8944091796875,-200000,-200000,-200000,-200000,730.3953857421875
17.36,-200000,-200000,770.40203857421875,-200000,-200000,-200000,-200000,728.5595703125
17.364,-200000,-200000,734.92529296875,-200000,-200000,-200000,-200000,729.2509765625
17.368,-200000,-200000,763.84552001953125,-200000,-200000,-200000,-200000,731.94512939453125
17.372,-200000,-200000,792.90869140625,-200000,-200000,-200000,-200000,729.9661865234375
17.376,-200000,-200000,780.94012451171875,-200000,-200000,-200000,-200000,729.65625
17.38,-200000,-200000,738.4300537109375,-200000,-200000,-200000,-200000,730.01397705078125
17.384,-200000,-200000,747.25164794921875,-200000,-200000,-200000,-200000,729.0125732421875
17.388,-200000,-200000,791.5736083984375,-200000,-200000,-200000,-200000,728.41650390625
17.392,-200000,-200000,788.83184814453125,-200000,-200000,-200000,-200000,726.84295654296875
17.396,-200000,-200000,752.5921630859375,-200000,-200000,-200000,-200000,731.2298583984375
17.4,-200000,-200000,744.77197265625,-200000,-200000,-200000,-200000,729.32257080078125
17.404,-200000,-200000,792.28887939453125,-200000,-200000,-200000,-200000,729.9661865234375
17.408,-200000,-200000,800.4189453125,-200000,-200000,-200000,-200000,729.5609130859375
17.412,-200000,-200000,752.2822265625,-200000,-200000,-200000,-200000,731.68292236328125
17.416,-200000,-200000,728.10662841796875,-200000,-200000,-200000,-200000,729.75164794921875
17.42,-200000,-200000,786.5667724609375,-200000,-200000,-200000,-200000,729.0125732421875
17.424,-200000,-200000,807.3330078125,-200000,-200000,-200000,-200000,730.13311767578125
17.428,-200000,-200000,753.4027099609375,-200000,-200000,-200000,-200000,728.89337158203125
17.432,-200000,-200000,725.05487060546875,-200000,-200000,-200000,-200000,731.3489990234375
17.436,-200000,-200000,781.46466064453125,-200000,-200000,-200000,-200000,731.37286376953125
17.44,-200000,-200000,803.470703125,-200000,-200000,-200000,-200000,730.08544921875
17.444,-200000,-200000,758.8148193359375,-200000,-200000,-200000,-200000,728.63116455078125
17.448,-200000,-200000,721.57391357421875,-200000,-200000,-200000,-200000,730.20458984375
17.452,-200000,-200000,772.4285888671875,-200000,-200000,-200000,-200000,729.9423828125
17.456,-200000,-200000,806.06951904296875,-200000,-200000,-200000,-200000,730.32391357421875
17.46,-200000,-200000,770.64044189453125,-200000,-200000,-200000,-200000,730.03778076171875
17.464,-200000,-200000,723.91046142578125,-200000,-200000,-200000,-200000,729.1317138671875
17.468,-200000,-200000,758.45721435546875,-200000,-200000,-200000,-200000,730.15704345703125
17.472,-200000,-200000,803.66143798828125,-200000,-200000,-200000,-200000,728.75030517578125
17.476,-200000,-200000,783.4912109375,-200000,-200000,-200000,-200000,730.77685546875
17.48,-200000,-200000,739.62225341796875,-200000,-200000,-200000,-200000,731.3489990234375
17.484,-200000,-200000,750.30340576171875,-200000,-200000,-200000,-200000,731.42059326171875
17.488,-200000,-200000,792.71807861328125,-200000,-200000,-200000,-200000,729.89471435546875
17.492,-200000,-200000,795.26904296875,-200000,-200000,-200000,-200000,727.4627685546875
17.496,-200000,-200000,742.48321533203125,-200000,-200000,-200000,-200000,730.20458984375
17.5,-200000,-200000,736.6419677734375,-200000,-200000,-200000,-200000,730.3953857421875
17.504,-200000,-200000,790.8822021484375,-200000,-200000,-200000,-200000,729.84698486328125
17.508,-200000,-200000,804.853515625,-200000,-200000,-200000,-200000,730.03778076171875
17.512,-200000,-200000,746.6077880859375,-200000,-200000,-200000,-200000,729.06024169921875
17.516,-200000,-200000,734.2816162109375,-200000,-200000,-200000,-200000,732.302734375
17.52,-200000,-200000,787.49658203125,-200000,-200000,-200000,-200000,730.32391357421875
17.524,-200000,-200000,807.26153564453125,-200000,-200000,-200000,-200000,730.41925048828125
17.528,-200000,-200000,752.66375732421875,-200000,-200000,-200000,-200000,731.53985595703125
17.532,-200000,-200000,729.8231201171875,-200000,-200000,-200000,-200000,730.34765625
17.536,-200000,-200000,779.0565185546875,-200000,-200000,-200000,-200000,728.7025146484375
17.54,-200000,-200000,807.85760498046875,-200000,-200000,-200000,-200000,731.30145263671875
17.544,-200000,-200000,760.03076171875,-200000,-200000,-200000,-200000,729.9661865234375
17.548,-200000,-200000,736.42742919921875,-200000,-200000,-200000,-200000,729.77557373046875
17.552,-200000,-200000,772.0947265625,-200000,-200000,-200000,-200000,729.89471435546875
17.556,-200000,-200000,796.03204345703125,-200000,-200000,-200000,-200000,729.89471435546875
17.56,-200000,-200000,770.44970703125,-200000,-200000,-200000,-200000,728.6787109375
17.564,-200000,-200000,736.99951171875,-200000,-200000,-200000,-200000,730.96759033203125
17.568,-200000,-200000,761.0560302734375,-200000,-200000,-200000,-200000,728.94110107421875
17.572,-200000,-200000,795.5789794921875,-200000,-200000,-200000,-200000,729.77557373046875
17.576,-200000,-200000,784.13494873046875,-200000,-200000,-200000,-200000,730.6575927734375
17.58,-200000,-200000,744.31903076171875,-200000,-200000,-200000,-200000,729.8231201171875
17.584,-200000,-200000,750.30340576171875,-200000,-200000,-200000,-200000,729.51318359375
17.588,-200000,-200000,794.17236328125,-200000,-200000,-200000,-200000,728.75030517578125
17.592,-200000,-200000,796.1512451171875,-200000,-200000,-200000,-200000,728.6787109375
17.596,-200000,-200000,738.1439208984375,-200000,-200000,-200000,-200000,728.5595703125
17.6,-200000,-200000,735.73602294921875,-200000,-200000,-200000,-200000,728.89337158203125
17.604,-200000,-200000,787.9495849609375,-200000,-200000,-200000,-200000,728.75030517578125
17.608,-200000,-200000,806.6893310546875,-200000,-200000,-200000,-200000,730.46697998046875
17.612,-200000,-200000,745.6541748046875,-200000,-200000,-200000,-200000,732.0404052734375
17.616,-200000,-200000,732.94647216796875,-200000,-200000,-200000,-200000,731.4920654296875
17.62,-200000,-200000,784.7547607421875,-200000,-200000,-200000,-200000,729.63250732421875
17.624,-200000,-200000,798.89306640625,-200000,-200000,-200000,-200000,730.6575927734375
17.628,-200000,-200000,751.7099609375,-200000,-200000,-200000,-200000,728.48809814453125
17.632,-200000,-200000,734.32928466796875,-200000,-200000,-200000,-200000,731.11065673828125
17.636,-200000,-200000,780.10565185546875,-200000,-200000,-200000,-200000,729.9661865234375
17.64,-200000,-200000,797.9393310546875,-200000,-200000,-200000,-200000,729.75164794921875
17.644,-200000,-200000,760.15008544921875,-200000,-200000,-200000,-200000,729.2509765625
17.648,-200000,-200000,733.32794189453125,-200000,-200000,-200000,-200000,730.96759033203125
17.652,-200000,-200000,774.02606201171875,-200000,-200000,-200000,-200000,729.0125732421875
17.656,-200000,-200000,802.5169677734375,-200000,-200000,-200000,-200000,728.36883544921875
17.66,-200000,-200000,769.42449951171875,-200000,-200000,-200000,-200000,727.8681640625
17.664,-200000,-200000,736.6180419921875,-200000,-200000,-200000,-200000,732.49346923828125
17.668,-200000,-200000,765.2998046875,-200000,-200000,-200000,-200000,727.9873046875
17.672,-200000,-200000,795.4598388671875,-200000,-200000,-200000,-200000,729.9661865234375
17.676,-200000,-200000,778.03143310546875,-200000,-200000,-200000,-200000,729.32257080078125
17.68,-200000,-200000,740.45672607421875,-200000,-200000,-200000,-200000,729.39404296875
17.684,-200000,-200000,751.94842529296875,-200000,-200000,-200000,-200000,728.10662841796875
17.688,-200000,-200000,795.07843017578125,-200000,-200000,-200000,-200000,729.46551513671875
17.692,-200000,-200000,794.6253662109375,-200000,-200000,-200000,-200000,728.2972412109375
17.696,-200000,-200000,743.4368896484375,-200000,-200000,-200000,-200000,729.51318359375
17.7,-200000,-200000,742.41162109375,-200000,-200000,-200000,-200000,730.03778076171875
17.704,-200000,-200000,788.71258544921875,-200000,-200000,-200000,-200000,729.1317138671875
17.708,-200000,-200000,797.17645263671875,-200000,-200000,-200000,-200000,728.63116455078125
17.712,-200000,-200000,749.77880859375,-200000,-200000,-200000,-200000,728.32110595703125
17.716,-200000,-200000,742.79315185546875,-200000,-200000,-200000,-200000,728.4403076171875
17.72,-200000,-200000,780.01025390625,-200000,-200000,-200000,-200000,728.8695068359375
17.724,-200000,-200000,793.0517578125,-200000,-200000,-200000,-200000,729.51318359375
17.728,-200000,-200000,755.57244873046875,-200000,-200000,-200000,-200000,730.3953857421875
17.732,-200000,-200000,740.6473388671875,-200000,-200000,-200000,-200000,729.9423828125
17.736,-200000,-200000,779.41424560546875,-200000,-200000,-200000,-200000,730.46697998046875
17.74,-200000,-200000,798.24932861328125,-200000,-200000,-200000,-200000,729.7039794921875
17.744,-200000,-200000,759.5301513671875,-200000,-200000,-200000,-200000,728.94110107421875
17.748,-200000,-200000,742.67401123046875,-200000,-200000,-200000,-200000,730.919921875
17.752,-200000,-200000,771.5941162109375,-200000,-200000,-200000,-200000,731.2298583984375
17.756,-200000,-200000,797.15264892578125,-200000,-200000,-200000,-200000,729.20330810546875
17.76,-200000,-200000,767.46954345703125,-200000,-200000,-200000,-200000,728.82177734375
17.764,-200000,-200000,737.21417236328125,-200000,-200000,-200000,-200000,729.46551513671875
17.768,-200000,-200000,763.34490966796875,-200000,-200000,-200000,-200000,730.6575927734375
17.772,-200000,-200000,788.28338623046875,-200000,-200000,-200000,-200000,729.7039794921875
17.776,-200000,-200000,774.6458740234375,-200000,-200000,-200000,-200000,729.32257080078125
17.78,-200000,-200000,743.36541748046875,-200000,-200000,-200000,-200000,731.0390625
17.784,-200000,-200000,753.498046875,-200000,-200000,-200000,-200000,731.99285888671875
17.788,-200000,-200000,786.61456298828125,-200000,-200000,-200000,-200000,730.70538330078125
17.792,-200000,-200000,785.80389404296875,-200000,-200000,-200000,-200000,729.06024169921875
17.796,-200000,-200000,747.70458984375,-200000,-200000,-200000,-200000,728.8695068359375
17.8,-200000,-200000,741.60107421875,-200000,-200000,-200000,-200000,727.36749267578125
17.804,-200000,-200000,787.32977294921875,-200000,-200000,-200000,-200000,729.1317138671875
17.808,-200000,-200000,788.2119140625,-200000,-200000,-200000,-200000,730.46697998046875
17.812,-200000,-200000,753.04522705078125,-200000,-200000,-200000,-200000,728.32110595703125
17.816,-200000,-200000,747.06085205078125,-200000,-200000,-200000,-200000,730.01397705078125
17.82,-200000,-200000,782.5374755859375,-200000,-200000,-200000,-200000,729.63250732421875
17.824,-200000,-200000,796.794921875,-200000,-200000,-200000,-200000,729.46551513671875
17.828,-200000,-200000,751.5906982421875,-200000,-200000,-200000,-200000,730.01397705078125
17.832,-200000,-200000,734.5438232421875,-200000,-200000,-200000,-200000,731.73046875
17.836,-200000,-200000,782.87139892578125,-200000,-200000,-200000,-200000,728.7025146484375
17.84,-200000,-200000,801.5394287109375,-200000,-200000,-200000,-200000,730.2283935546875
17.844,-200000,-200000,755.95391845703125,-200000,-200000,-200000,-200000,729.32257080078125
17.848,-200000,-200000,733.5902099609375,-200000,-200000,-200000,-200000,728.63116455078125
17.852,-200000,-200000,773.64453125,-200000,-200000,-200000,-200000,730.919921875
17.856,-200000,-200000,799.2030029296875,-200000,-200000,-200000,-200000,729.32257080078125
17.86,-200000,-200000,768.16094970703125,-200000,-200000,-200000,-200000,729.65625
17.864,-200000,-200000,740.33740234375,-200000,-200000,-200000,-200000,728.10662841796875
17.868,-200000,-200000,767.51708984375,-200000,-200000,-200000,-200000,730.34765625
17.872,-200000,-200000,791.955078125,-200000,-200000,-200000,-200000,729.89471435546875
17.876,-200000,-200000,778.46063232421875,-200000,-200000,-200000,-200000,730.34765625
17.88,-200000,-200000,742.29248046875,-200000,-200000,-200000,-200000,730.84844970703125
17.884,-200000,-200000,753.80810546875,-200000,-200000,-200000,-200000,730.77685546875
17.888,-200000,-200000,797.17645263671875,-200000,-200000,-200000,-200000,732.56494140625
17.892,-200000,-200000,788.2119140625,-200000,-200000,-200000,-200000,728.48809814453125
17.896,-200000,-200000,742.5546875,-200000,-200000,-200000,-200000,729.77557373046875
17.9,-200000,-200000,739.57452392578125,-200000,-200000,-200000,-200000,730.77685546875
17.904,-200000,-200000,790.3099365234375,-200000,-200000,-200000,-200000,729.44171142578125
17.908,-200000,-200000,793.86248779296875,-200000,-200000,-200000,-200000,727.8681640625
17.912,-200000,-200000,749.23046875,-200000,-200000,-200000,-200000,729.84698486328125
17.916,-200000,-200000,735.04461669921875,-200000,-200000,-200000,-200000,728.9886474609375
17.92,-200000,-200000,785.39862060546875,-200000,-200000,-200000,-200000,729.58477783203125
17.924,-200000,-200000,801.73028564453125,-200000,-200000,-200000,-200000,731.0867919921875
17.928,-200000,-200000,753.2835693359375,-200000,-200000,-200000,-200000,727.91583251953125
17.932,-200000,-200000,728.24969482421875,-200000,-200000,-200000,-200000,729.06024169921875
17.936,-200000,-200000,780.63018798828125,-200000,-200000,-200000,-200000,728.94110107421875
17.94,-200000,-200000,800.46661376953125,-200000,-200000,-200000,-200000,730.34765625
17.944,-200000,-200000,757.62286376953125,-200000,-200000,-200000,-200000,730.5384521484375
17.948,-200000,-200000,731.87353515625,-200000,-200000,-200000,-200000,729.9423828125
17.952,-200000,-200000,775.5994873046875,-200000,-200000,-200000,-200000,729.06024169921875
17.956,-200000,-200000,802.39776611328125,-200000,-200000,-200000,-200000,729.7039794921875
17.96,-200000,-200000,766.8494873046875,-200000,-200000,-200000,-200000,730.34765625
17.964,-200000,-200000,740.1943359375,-200000,-200000,-200000,-200000,728.4403076171875
17.968,-200000,-200000,769.94903564453125,-200000,-200000,-200000,-200000,729.51318359375
17.972,-200000,-200000,793.17108154296875,-200000,-200000,-200000,-200000,728.82177734375
17.976,-200000,-200000,770.2113037109375,-200000,-200000,-200000,-200000,730.46697998046875
17.98,-200000,-200000,748.39599609375,-200000,-200000,-200000,-200000,728.82177734375
17.984,-200000,-200000,763.9647216796875,-200000,-200000,-200000,-200000,731.15838623046875
17.988,-200000,-200000,785.42236328125,-200000,-200000,-200000,-200000,729.8231201171875
17.992,-200000,-200000,777.19696044921875,-200000,-200000,-200000,-200000,729.2747802734375
17.996,-200000,-200000,755.9061279296875,-200000,-200000,-200000,-200000,730.96759033203125
18,-200000,-200000,758.6956787109375,-200000,-200000,-200000,-200000,729.65625
18.004,-200000,-200000,778.15069580078125,-200000,-200000,-200000,-200000,728.5595703125
18.008,-200000,-200000,779.8671875,-200000,-200000,-200000,-200000,731.68292236328125
18.012,-200000,-200000,758.1234130859375,-200000,-200000,-200000,-200000,729.7039794921875
18.016,-200000,-200000,753.9749755859375,-200000,-200000,-200000,-200000,730.3953857421875
18.02,-200000,-200000,774.71746826171875,-200000,-200000,-200000,-200000,729.63250732421875
18.024,-200000,-200000,783.68194580078125,-200000,-200000,-200000,-200000,729.44171142578125
18.028,-200000,-200000,757.50360107421875,-200000,-200000,-200000,-200000,728.9886474609375
18.032,-200000,-200000,750.87548828125,-200000,-200000,-200000,-200000,730.2283935546875
18.036,-200000,-200000,773.88299560546875,-200000,-200000,-200000,-200000,730.6575927734375
18.04,-200000,-200000,781.20245361328125,-200000,-200000,-200000,-200000,729.46551513671875
18.044,-200000,-200000,763.84552001953125,-200000,-200000,-200000,-200000,729.51318359375
18.048,-200000,-200000,754.57110595703125,-200000,-200000,-200000,-200000,729.1317138671875
18.052,-200000,-200000,771.8563232421875,-200000,-200000,-200000,-200000,727.9873046875
18.056,-200000,-200000,781.7269287109375,-200000,-200000,-200000,-200000,728.9886474609375
18.06,-200000,-200000,765.68133544921875,-200000,-200000,-200000,-200000,730.34765625
18.064,-200000,-200000,751.51934814453125,-200000,-200000,-200000,-200000,729.5609130859375
18.068,-200000,-200000,769.30535888671875,-200000,-200000,-200000,-200000,728.41650390625
18.072,-200000,-200000,781.7269287109375,-200000,-200000,-200000,-200000,730.72918701171875
18.076,-200000,-200000,772.11865234375,-200000,-200000,-200000,-200000,730.13311767578125
18.08,-200000,-200000,754.30877685546875,-200000,-200000,-200000,-200000,729.1317138671875
18.084,-200000,-200000,763.15411376953125,-200000,-200000,-200000,-200000,730.01397705078125
18.088,-200000,-200000,781.130859375,-200000,-200000,-200000,-200000,728.6787109375
18.092,-200000,-200000,777.2684326171875,-200000,-200000,-200000,-200000,730.32391357421875
18.096,-200000,-200000,749.87420654296875,-200000,-200000,-200000,-200000,730.96759033203125
18.1,-200000,-200000,754.57110595703125,-200000,-200000,-200000,-200000,728.36883544921875
18.104,-200000,-200000,784.8978271484375,-200000,-200000,-200000,-200000,729.46551513671875
18.108,-200000,-200000,784.96942138671875,-200000,-200000,-200000,-200000,730.58612060546875
18.112,-200000,-200000,747.70458984375,-200000,-200000,-200000,-200000,729.2509765625
18.116,-200000,-200000,749.87420654296875,-200000,-200000,-200000,-200000,731.68292236328125
18.12,-200000,-200000,782.2275390625,-200000,-200000,-200000,-200000,729.9661865234375
18.124,-200000,-200000,784.0633544921875,-200000,-200000,-200000,-200000,728.24969482421875
18.128,-200000,-200000,754.2371826171875,-200000,-200000,-200000,-200000,730.89599609375
18.132,-200000,-200000,750.61328125,-200000,-200000,-200000,-200000,732.1357421875
18.136,-200000,-200000,781.5361328125,-200000,-200000,-200000,-200000,728.05889892578125
18.14,-200000,-200000,785.3270263671875,-200000,-200000,-200000,-200000,729.3701171875
18.144,-200000,-200000,758.3857421875,-200000,-200000,-200000,-200000,731.3489990234375
18.148,-200000,-200000,751.0662841796875,-200000,-200000,-200000,-200000,730.77685546875
18.152,-200000,-200000,774.40753173828125,-200000,-200000,-200000,-200000,730.08544921875
18.156,-200000,-200000,783.41973876953125,-200000,-200000,-200000,-200000,729.17950439453125
18.16,-200000,-200000,764.1077880859375,-200000,-200000,-200000,-200000,729.20330810546875
18.164,-200000,-200000,749.73114013671875,-200000,-200000,-200000,-200000,729.0125732421875
18.168,-200000,-200000,768.47088623046875,-200000,-200000,-200000,-200000,728.63116455078125
18.172,-200000,-200000,781.46466064453125,-200000,-200000,-200000,-200000,730.84844970703125
18.176,-200000,-200000,769.11456298828125,-200000,-200000,-200000,-200000,727.4866943359375
18.18,-200000,-200000,751.9007568359375,-200000,-200000,-200000,-200000,727.4627685546875
18.184,-200000,-200000,765.25225830078125,-200000,-200000,-200000,-200000,729.84698486328125
18.188,-200000,-200000,776.1240234375,-200000,-200000,-200000,-200000,728.94110107421875
18.192,-200000,-200000,775.36114501953125,-200000,-200000,-200000,-200000,730.20458984375
18.196,-200000,-200000,756.025390625,-200000,-200000,-200000,-200000,729.06024169921875
18.2,-200000,-200000,754.61865234375,-200000,-200000,-200000,-200000,730.03778076171875
18.204,-200000,-200000,778.84210205078125,-200000,-200000,-200000,-200000,729.77557373046875
18.208,-200000,-200000,780.20098876953125,-200000,-200000,-200000,-200000,728.2972412109375
18.212,-200000,-200000,759.5301513671875,-200000,-200000,-200000,-200000,729.7039794921875
18.216,-200000,-200000,751.0662841796875,-200000,-200000,-200000,-200000,729.44171142578125
18.22,-200000,-200000,777.43536376953125,-200000,-200000,-200000,-200000,727.10528564453125
18.224,-200000,-200000,783.6103515625,-200000,-200000,-200000,-200000,730.01397705078125
18.228,-200000,-200000,759.26788330078125,-200000,-200000,-200000,-200000,729.20330810546875
18.232,-200000,-200000,751.51934814453125,-200000,-200000,-200000,-200000,731.0390625
18.236,-200000,-200000,776.36248779296875,-200000,-200000,-200000,-200000,731.30145263671875
18.24,-200000,-200000,784.01580810546875,-200000,-200000,-200000,-200000,731.11065673828125
18.244,-200000,-200000,760.9129638671875,-200000,-200000,-200000,-200000,727.79669189453125
18.248,-200000,-200000,749.99346923828125,-200000,-200000,-200000,-200000,728.48809814453125
18.252,-200000,-200000,773.072265625,-200000,-200000,-200000,-200000,732.44580078125
18.256,-200000,-200000,783.896484375,-200000,-200000,-200000,-200000,729.58477783203125
18.26,-200000,-200000,765.2998046875,-200000,-200000,-200000,-200000,728.05889892578125
18.264,-200000,-200000,749.15899658203125,-200000,-200000,-200000,-200000,729.06024169921875
18.268,-200000,-200000,766.82568359375,-200000,-200000,-200000,-200000,727.15283203125
18.272,-200000,-200000,781.96533203125,-200000,-200000,-200000,-200000,729.51318359375
18.276,-200000,-200000,770.13983154296875,-200000,-200000,-200000,-200000,730.60986328125
18.28,-200000,-200000,752.7113037109375,-200000,-200000,-200000,-200000,729.39404296875
18.284,-200000,-200000,763.3924560546875,-200000,-200000,-200000,-200000,730.34765625
18.288,-200000,-200000,779.60498046875,-200000,-200000,-200000,-200000,729.63250732421875
18.292,-200000,-200000,773.9544677734375,-200000,-200000,-200000,-200000,729.0125732421875
18.296,-200000,-200000,760.41229248046875,-200000,-200000,-200000,-200000,728.6787109375
18.3,-200000,-200000,761.41357421875,-200000,-200000,-200000,-200000,730.919921875
18.304,-200000,-200000,775.17041015625,-200000,-200000,-200000,-200000,730.46697998046875
18.308,-200000,-200000,777.14923095703125,-200000,-200000,-200000,-200000,729.65625
18.312,-200000,-200000,760.4837646484375,-200000,-200000,-200000,-200000,727.41522216796875
18.316,-200000,-200000,755.19091796875,-200000,-200000,-200000,-200000,729.9661865234375
18.32,-200000,-200000,778.03143310546875,-200000,-200000,-200000,-200000,728.6787109375
18.324,-200000,-200000,782.60906982421875,-200000,-200000,-200000,-200000,729.2509765625
18.328,-200000,-200000,758.93408203125,-200000,-200000,-200000,-200000,727.9873046875
18.332,-200000,-200000,754.04656982421875,-200000,-200000,-200000,-200000,729.75164794921875
18.336,-200000,-200000,775.146484375,-200000,-200000,-200000,-200000,729.65625
18.34,-200000,-200000,782.2275390625,-200000,-200000,-200000,-200000,729.06024169921875
18.344,-200000,-200000,761.0560302734375,-200000,-200000,-200000,-200000,728.0350341796875
18.348,-200000,-200000,749.23046875,-200000,-200000,-200000,-200000,729.32257080078125
18.352,-200000,-200000,773.2391357421875,-200000,-200000,-200000,-200000,729.2747802734375
18.356,-200000,-200000,786.61456298828125,-200000,-200000,-200000,-200000,729.51318359375
18.36,-200000,-200000,763.60711669921875,-200000,-200000,-200000,-200000,729.17950439453125
18.364,-200000,-200000,753.99884033203125,-200000,-200000,-200000,-200000,728.36883544921875
18.368,-200000,-200000,767.9700927734375,-200000,-200000,-200000,-200000,730.58612060546875
18.372,-200000,-200000,782.6805419921875,-200000,-200000,-200000,-200000,731.15838623046875
18.376,-200000,-200000,769.04296875,-200000,-200000,-200000,-200000,728.79803466796875
18.38,-200000,-200000,753.47430419921875,-200000,-200000,-200000,-200000,728.63116455078125
18.384,-200000,-200000,764.72772216796875,-200000,-200000,-200000,-200000,731.11065673828125
18.388,-200000,-200000,775.79034423828125,-200000,-200000,-200000,-200000,729.63250732421875
18.392,-200000,-200000,774.83660888671875,-200000,-200000,-200000,-200000,731.18212890625
18.396,-200000,-200000,757.93280029296875,-200000,-200000,-200000,-200000,728.79803466796875
18.4,-200000,-200000,757.8134765625,-200000,-200000,-200000,-200000,729.44171142578125
18.404,-200000,-200000,774.59814453125,-200000,-200000,-200000,-200000,727.67742919921875
18.408,-200000,-200000,774.71746826171875,-200000,-200000,-200000,-200000,729.65625
18.412,-200000,-200000,761.29443359375,-200000,-200000,-200000,-200000,729.77557373046875
18.416,-200000,-200000,757.78973388671875,-200000,-200000,-200000,-200000,728.75030517578125
18.42,-200000,-200000,771.09344482421875,-200000,-200000,-200000,-200000,729.0125732421875
18.424,-200000,-200000,777.88836669921875,-200000,-200000,-200000,-200000,730.34765625
18.428,-200000,-200000,760.79376220703125,-200000,-200000,-200000,-200000,729.63250732421875
18.432,-200000,-200000,753.92724609375,-200000,-200000,-200000,-200000,727.53436279296875
18.436,-200000,-200000,772.35711669921875,-200000,-200000,-200000,-200000,728.63116455078125
18.44,-200000,-200000,775.4803466796875,-200000,-200000,-200000,-200000,727.3436279296875
18.444,-200000,-200000,762.05743408203125,-200000,-200000,-200000,-200000,730.58612060546875
18.448,-200000,-200000,752.8543701171875,-200000,-200000,-200000,-200000,730.27618408203125
18.452,-200000,-200000,771.7132568359375,-200000,-200000,-200000,-200000,730.41925048828125
18.456,-200000,-200000,780.70166015625,-200000,-200000,-200000,-200000,730.84844970703125
18.46,-200000,-200000,767.46954345703125,-200000,-200000,-200000,-200000,729.89471435546875
18.464,-200000,-200000,754.9285888671875,-200000,-200000,-200000,-200000,728.2972412109375
18.468,-200000,-200000,768.28009033203125,-200000,-200000,-200000,-200000,729.0125732421875
18.472,-200000,-200000,776.3148193359375,-200000,-200000,-200000,-200000,729.39404296875
18.476,-200000,-200000,770.40203857421875,-200000,-200000,-200000,-200000,726.6522216796875
18.48,-200000,-200000,756.716796875,-200000,-200000,-200000,-200000,728.9886474609375
18.484,-200000,-200000,763.84552001953125,-200000,-200000,-200000,-200000,728.24969482421875
18.488,-200000,-200000,775.52801513671875,-200000,-200000,-200000,-200000,729.3701171875
18.492,-200000,-200000,773.71600341796875,-200000,-200000,-200000,-200000,728.4403076171875
18.496,-200000,-200000,760.03076171875,-200000,-200000,-200000,-200000,728.8695068359375
18.5,-200000,-200000,757.2889404296875,-200000,-200000,-200000,-200000,727.91583251953125
18.504,-200000,-200000,775.98095703125,-200000,-200000,-200000,-200000,726.15155029296875
18.508,-200000,-200000,776.1240234375,-200000,-200000,-200000,-200000,729.44171142578125
18.512,-200000,-200000,760.79376220703125,-200000,-200000,-200000,-200000,729.20330810546875
18.516,-200000,-200000,757.93280029296875,-200000,-200000,-200000,-200000,728.48809814453125
18.52,-200000,-200000,773.69219970703125,-200000,-200000,-200000,-200000,729.65625
18.524,-200000,-200000,776.1717529296875,-200000,-200000,-200000,-200000,728.60723876953125
18.528,-200000,-200000,762.8441162109375,-200000,-200000,-200000,-200000,728.41650390625
18.532,-200000,-200000,756.3353271484375,-200000,-200000,-200000,-200000,728.94110107421875
18.536,-200000,-200000,772.81005859375,-200000,-200000,-200000,-200000,728.60723876953125
18.54,-200000,-200000,780.36798095703125,-200000,-200000,-200000,-200000,729.20330810546875
18.544,-200000,-200000,765.8958740234375,-200000,-200000,-200000,-200000,729.58477783203125
18.548,-200000,-200000,755.57244873046875,-200000,-200000,-200000,-200000,729.9661865234375
18.552,-200000,-200000,772.61932373046875,-200000,-200000,-200000,-200000,730.96759033203125
18.556,-200000,-200000,778.22216796875,-200000,-200000,-200000,-200000,729.083984375
18.56,-200000,-200000,762.46270751953125,-200000,-200000,-200000,-200000,729.083984375
18.564,-200000,-200000,753.9749755859375,-200000,-200000,-200000,-200000,729.77557373046875
18.568,-200000,-200000,768.42315673828125,-200000,-200000,-200000,-200000,730.46697998046875
18.572,-200000,-200000,779.3426513671875,-200000,-200000,-200000,-200000,729.9661865234375
18.576,-200000,-200000,768.6854248046875,-200000,-200000,-200000,-200000,730.89599609375
18.58,-200000,-200000,755.2147216796875,-200000,-200000,-200000,-200000,728.0350341796875
18.584,-200000,-200000,767.35028076171875,-200000,-200000,-200000,-200000,731.65899658203125
18.588,-200000,-200000,774.71746826171875,-200000,-200000,-200000,-200000,729.65625
18.592,-200000,-200000,772.57159423828125,-200000,-200000,-200000,-200000,729.58477783203125
18.596,-200000,-200000,761.1751708984375,-200000,-200000,-200000,-200000,728.8695068359375
18.6,-200000,-200000,759.14874267578125,-200000,-200000,-200000,-200000,730.34765625
18.604,-200000,-200000,773.14385986328125,-200000,-200000,-200000,-200000,730.72918701171875
18.608,-200000,-200000,776.24334716796875,-200000,-200000,-200000,-200000,728.94110107421875
18.612,-200000,-200000,762.0096435546875,-200000,-200000,-200000,-200000,729.5609130859375
18.616,-200000,-200000,758.43341064453125,-200000,-200000,-200000,-200000,728.0350341796875
18.62,-200000,-200000,771.4033203125,-200000,-200000,-200000,-200000,729.32257080078125
18.624,-200000,-200000,772.6907958984375,-200000,-200000,-200000,-200000,729.9661865234375
18.628,-200000,-200000,764.46533203125,-200000,-200000,-200000,-200000,727.4866943359375
18.632,-200000,-200000,758.45721435546875,-200000,-200000,-200000,-200000,728.2972412109375
18.636,-200000,-200000,770.64044189453125,-200000,-200000,-200000,-200000,729.17950439453125
18.64,-200000,-200000,775.81414794921875,-200000,-200000,-200000,-200000,727.27215576171875
18.644,-200000,-200000,763.9169921875,-200000,-200000,-200000,-200000,727.91583251953125
18.648,-200000,-200000,758.05194091796875,-200000,-200000,-200000,-200000,730.96759033203125
18.652,-200000,-200000,770.9027099609375,-200000,-200000,-200000,-200000,729.20330810546875
18.656,-200000,-200000,776.93475341796875,-200000,-200000,-200000,-200000,726.7713623046875
18.66,-200000,-200000,765.44287109375,-200000,-200000,-200000,-200000,729.06024169921875
18.664,-200000,-200000,758.64794921875,-200000,-200000,-200000,-200000,728.89337158203125
18.668,-200000,-200000,767.92254638671875,-200000,-200000,-200000,-200000,728.51190185546875
18.672,-200000,-200000,776.05255126953125,-200000,-200000,-200000,-200000,728.41650390625
18.676,-200000,-200000,771.8563232421875,-200000,-200000,-200000,-200000,728.82177734375
18.68,-200000,-200000,756.40692138671875,-200000,-200000,-200000,-200000,731.2298583984375
18.684,-200000,-200000,763.9647216796875,-200000,-200000,-200000,-200000,729.06024169921875
18.688,-200000,-200000,775.40887451171875,-200000,-200000,-200000,-200000,729.2747802734375
18.692,-200000,-200000,774.95587158203125,-200000,-200000,-200000,-200000,728.2972412109375
18.696,-200000,-200000,759.5062255859375,-200000,-200000,-200000,-200000,728.94110107421875
18.7,-200000,-200000,760.67462158203125,-200000,-200000,-200000,-200000,728.8695068359375
18.704,-200000,-200000,774.09747314453125,-200000,-200000,-200000,-200000,732.0643310546875
18.708,-200000,-200000,777.07781982421875,-200000,-200000,-200000,-200000,730.5384521484375
18.712,-200000,-200000,761.48516845703125,-200000,-200000,-200000,-200000,730.72918701171875
18.716,-200000,-200000,757.88507080078125,-200000,-200000,-200000,-200000,728.10662841796875
18.72,-200000,-200000,771.54638671875,-200000,-200000,-200000,-200000,729.84698486328125
18.724,-200000,-200000,782.60906982421875,-200000,-200000,-200000,-200000,731.15838623046875
18.728,-200000,-200000,761.7474365234375,-200000,-200000,-200000,-200000,729.2509765625
18.732,-200000,-200000,755.7630615234375,-200000,-200000,-200000,-200000,728.8695068359375
18.736,-200000,-200000,771.9755859375,-200000,-200000,-200000,-200000,727.79669189453125
18.74,-200000,-200000,778.1982421875,-200000,-200000,-200000,-200000,725.626953125
18.744,-200000,-200000,763.03485107421875,-200000,-200000,-200000,-200000,727.67742919921875
18.748,-200000,-200000,753.85577392578125,-200000,-200000,-200000,-200000,728.48809814453125
18.752,-200000,-200000,770.2113037109375,-200000,-200000,-200000,-200000,729.32257080078125
18.756,-200000,-200000,776.93475341796875,-200000,-200000,-200000,-200000,729.8231201171875
18.76,-200000,-200000,763.9169921875,-200000,-200000,-200000,-200000,727.9873046875
18.764,-200000,-200000,754.49951171875,-200000,-200000,-200000,-200000,728.82177734375
18.768,-200000,-200000,768.56622314453125,-200000,-200000,-200000,-200000,728.63116455078125
18.772,-200000,-200000,777.19696044921875,-200000,-200000,-200000,-200000,728.41650390625
18.776,-200000,-200000,769.82989501953125,-200000,-200000,-200000,-200000,729.2509765625
18.78,-200000,-200000,756.716796875,-200000,-200000,-200000,-200000,726.6044921875
18.784,-200000,-200000,766.96875,-200000,-200000,-200000,-200000,728.4403076171875
18.788,-200000,-200000,774.0736083984375,-200000,-200000,-200000,-200000,729.17950439453125
18.792,-200000,-200000,772.73858642578125,-200000,-200000,-200000,-200000,729.2509765625
18.796,-200000,-200000,761.24676513671875,-200000,-200000,-200000,-200000,728.63116455078125
18.8,-200000,-200000,760.60302734375,-200000,-200000,-200000,-200000,730.5384521484375
18.804,-200000,-200000,773.1199951171875,-200000,-200000,-200000,-200000,730.5384521484375
18.808,-200000,-200000,775.79034423828125,-200000,-200000,-200000,-200000,730.3953857421875
18.812,-200000,-200000,762.17657470703125,-200000,-200000,-200000,-200000,730.8006591796875
18.816,-200000,-200000,759.45867919921875,-200000,-200000,-200000,-200000,728.75030517578125
18.82,-200000,-200000,774.71746826171875,-200000,-200000,-200000,-200000,730.08544921875
18.824,-200000,-200000,774.40753173828125,-200000,-200000,-200000,-200000,728.4403076171875
18.828,-200000,-200000,761.89044189453125,-200000,-200000,-200000,-200000,727.8681640625
18.832,-200000,-200000,757.36053466796875,-200000,-200000,-200000,-200000,727.8681640625
18.836,-200000,-200000,772.35711669921875,-200000,-200000,-200000,-200000,728.79803466796875
18.84,-200000,-200000,777.88836669921875,-200000,-200000,-200000,-200000,728.4403076171875
18.844,-200000,-200000,765.25225830078125,-200000,-200000,-200000,-200000,727.79669189453125
18.848,-200000,-200000,755.9061279296875,-200000,-200000,-200000,-200000,729.8231201171875
18.852,-200000,-200000,769.3768310546875,-200000,-200000,-200000,-200000,728.4403076171875
18.856,-200000,-200000,776.05255126953125,-200000,-200000,-200000,-200000,727.4627685546875
18.86,-200000,-200000,766.70654296875,-200000,-200000,-200000,-200000,729.1317138671875
18.864,-200000,-200000,756.025390625,-200000,-200000,-200000,-200000,728.22576904296875
18.868,-200000,-200000,767.7078857421875,-200000,-200000,-200000,-200000,729.8231201171875
18.872,-200000,-200000,778.00762939453125,-200000,-200000,-200000,-200000,730.5384521484375
18.876,-200000,-200000,768.56622314453125,-200000,-200000,-200000,-200000,727.8681640625
18.88,-200000,-200000,758.6956787109375,-200000,-200000,-200000,-200000,731.0390625
18.884,-200000,-200000,765.80059814453125,-200000,-200000,-200000,-200000,729.3701171875
18.888,-200000,-200000,773.3822021484375,-200000,-200000,-200000,-200000,728.6787109375
18.892,-200000,-200000,772.11865234375,-200000,-200000,-200000,-200000,730.60986328125
18.896,-200000,-200000,762.12890625,-200000,-200000,-200000,-200000,730.27618408203125
18.9,-200000,-200000,760.72216796875,-200000,-200000,-200000,-200000,728.36883544921875
18.904,-200000,-200000,773.3822021484375,-200000,-200000,-200000,-200000,728.6787109375
18.908,-200000,-200000,773.57305908203125,-200000,-200000,-200000,-200000,729.20330810546875
18.912,-200000,-200000,759.5062255859375,-200000,-200000,-200000,-200000,729.06024169921875
18.916,-200000,-200000,760.26922607421875,-200000,-200000,-200000,-200000,728.63116455078125
18.92,-200000,-200000,773.3822021484375,-200000,-200000,-200000,-200000,728.63116455078125
18.924,-200000,-200000,774.52667236328125,-200000,-200000,-200000,-200000,730.03778076171875
18.928,-200000,-200000,763.2255859375,-200000,-200000,-200000,-200000,729.9423828125
18.932,-200000,-200000,758.8148193359375,-200000,-200000,-200000,-200000,728.9886474609375
18.936,-200000,-200000,769.3291015625,-200000,-200000,-200000,-200000,728.75030517578125
18.94,-200000,-200000,776.10028076171875,-200000,-200000,-200000,-200000,729.9661865234375
18.944,-200000,-200000,764.1077880859375,-200000,-200000,-200000,-200000,729.2509765625
18.948,-200000,-200000,756.716796875,-200000,-200000,-200000,-200000,729.89471435546875
18.952,-200000,-200000,769.18603515625,-200000,-200000,-200000,-200000,729.89471435546875
18.956,-200000,-200000,774.6458740234375,-200000,-200000,-200000,-200000,728.63116455078125
18.96,-200000,-200000,765.44287109375,-200000,-200000,-200000,-200000,728.75030517578125
18.964,-200000,-200000,754.54718017578125,-200000,-200000,-200000,-200000,730.01397705078125
18.968,-200000,-200000,766.01513671875,-200000,-200000,-200000,-200000,728.9886474609375
18.972,-200000,-200000,776.6962890625,-200000,-200000,-200000,-200000,728.1781005859375
18.976,-200000,-200000,770.52130126953125,-200000,-200000,-200000,-200000,729.3701171875
18.98,-200000,-200000,757.4320068359375,-200000,-200000,-200000,-200000,730.6575927734375
18.984,-200000,-200000,766.25360107421875,-200000,-200000,-200000,-200000,729.9661865234375
18.988,-200000,-200000,774.3359375,-200000,-200000,-200000,-200000,728.82177734375
18.992,-200000,-200000,770.25897216796875,-200000,-200000,-200000,-200000,728.79803466796875
18.996,-200000,-200000,759.84014892578125,-200000,-200000,-200000,-200000,728.48809814453125
19,-200000,-200000,763.77392578125,-200000,-200000,-200000,-200000,729.1317138671875
19.004,-200000,-200000,772.81005859375,-200000,-200000,-200000,-200000,728.2972412109375
19.008,-200000,-200000,775.17041015625,-200000,-200000,-200000,-200000,731.2298583984375
19.012,0,0,0,0,0,0,0,0
