Time, Ch01, Ch02, Ch03, Ch04, Ch05, Ch06, Ch07, Ch08
0,7901.64599609375,-200000,704.64617919921875,7616.06787109375,-200000,-200000,-200000,664.85418701171875
0.004,8142.85400390625,-200000,699.7108154296875,8121.77734375,-200000,-200000,-200000,664.66339111328125
0.008,7690.7880859375,-200000,699.94940185546875,6689.78759765625,-200000,-200000,-200000,665.6170654296875
0.012,7378.2919921875,-200000,706.625,5933.59521484375,-200000,-200000,-200000,664.73486328125
0.016,7828.0927734375,-200000,704.78924560546875,7259.08349609375,-200000,-200000,-200000,663.2567138671875
0.02,8203.029296875,-200000,701.73748779296875,8203.6982421875,-200000,-200000,-200000,665.1640625
0.024,7828.59375,-200000,699.8778076171875,6957.9365234375,-200000,-200000,-200000,663.39971923828125
0.028,7438.47021484375,-200000,703.00115966796875,5745.67431640625,-200000,-200000,-200000,664.73486328125
0.032,7836.19921875,-200000,705.9813232421875,6864.0234375,-200000,-200000,-200000,664.71112060546875
0.036,8289.4580078125,-200000,701.2366943359375,8158.421875,-200000,-200000,-200000,664.13885498046875
0.04,7985.11572265625,-200000,697.61279296875,7181.69287109375,-200000,-200000,-200000,663.39971923828125
0.044,7524.7529296875,-200000,701.904296875,5662.48974609375,-200000,-200000,-200000,664.54412841796875
0.048,7863.3076171875,-200000,705.79052734375,6452.46484375,-200000,-200000,-200000,666.38006591796875
0.052,8398.1533203125,-200000,702.11895751953125,7969.4990234375,-200000,-200000,-200000,663.208984375
0.056,8149.93505859375,-200000,699.63946533203125,7344.96240234375,-200000,-200000,-200000,664.66339111328125
0.06,7564.25927734375,-200000,701.99969482421875,5750.3466796875,-200000,-200000,-200000,666.11767578125
0.064,7708.7880859375,-200000,703.23956298828125,6297.49365234375,-200000,-200000,-200000,665.85546875
0.068,8242.9189453125,-200000,702.8818359375,7914.63916015625,-200000,-200000,-200000,663.900390625
0.072,8135.70068359375,-200000,699.63946533203125,7621.07421875,-200000,-200000,-200000,662.73223876953125
0.076,7603.3115234375,-200000,699.138671875,5963.75537109375,-200000,-200000,-200000,663.2567138671875
0.08,7705.73681640625,-200000,703.0726318359375,6028.05712890625,-200000,-200000,-200000,662.61297607421875
0.084,7435.32275390625,-200000,701.35595703125,6501.8896484375,-200000,-200000,-200000,664.0911865234375
0.088,7293.0341796875,-200000,703.38262939453125,5829.40625,-200000,-200000,-200000,665.80780029296875
0.092,7818.4130859375,-200000,704.1455078125,7171.98974609375,-200000,-200000,-200000,664.73486328125
0.096,8096.91015625,-200000,702.2381591796875,7977.5810546875,-200000,-200000,-200000,666.11767578125
0.1,7673.59765625,-200000,699.94940185546875,6668.4482421875,-200000,-200000,-200000,664.16259765625
0.104,7196.68994140625,-200000,702.54815673828125,5758.4765625,-200000,-200000,-200000,664.0911865234375
0.108,7554.76953125,-200000,702.9295654296875,7021.21337890625,-200000,-200000,-200000,665.09259033203125
0.112,8016.37255859375,-200000,701.212890625,8140.94677734375,-200000,-200000,-200000,664.52032470703125
0.116,7646.03662109375,-200000,697.7796630859375,7088.3515625,-200000,-200000,-200000,662.99444580078125
0.12,6912.73291015625,-200000,701.28448486328125,5984.3779296875,-200000,-200000,-200000,665.283203125
0.124,7207.96630859375,-200000,705.05145263671875,6981.11181640625,-200000,-200000,-200000,664.97332763671875
0.128,7859.70703125,-200000,702.5003662109375,8268.0234375,-200000,-200000,-200000,663.70977783203125
0.132,7702.87646484375,-200000,698.42352294921875,7384.4912109375,-200000,-200000,-200000,665.80780029296875
0.136,7266.88037109375,-200000,699.94940185546875,5698.03759765625,-200000,-200000,-200000,664.0672607421875
0.14,7588.41162109375,-200000,707.197265625,6281.51953125,-200000,-200000,-200000,665.80780029296875
0.144,8160.35400390625,-200000,702.2381591796875,7818.1513671875,-200000,-200000,-200000,660.58642578125
0.148,8006.8828125,-200000,698.7572021484375,7367.58837890625,-200000,-200000,-200000,664.2103271484375
0.152,7486.0810546875,-200000,699.06719970703125,5682.4208984375,-200000,-200000,-200000,665.09259033203125
0.156,7671.38134765625,-200000,703.69256591796875,5905.46240234375,-200000,-200000,-200000,665.4739990234375
0.16,8207.8701171875,-200000,705.36151123046875,7504.13037109375,-200000,-200000,-200000,663.5189208984375
0.164,8131.6708984375,-200000,699.4486083984375,7496.4765625,-200000,-200000,-200000,664.0911865234375
0.168,7588.50634765625,-200000,698.37579345703125,5890.77587890625,-200000,-200000,-200000,665.5931396484375
0.172,7599.6875,-200000,704.33624267578125,5714.01171875,-200000,-200000,-200000,663.06591796875
0.176,8139.42041015625,-200000,704.19317626953125,7230.54443359375,-200000,-200000,-200000,664.92559814453125
0.18,8205.6767578125,-200000,701.97589111328125,7639.05078125,-200000,-200000,-200000,666.18927001953125
0.184,7697.89306640625,-200000,695.681640625,6154.89599609375,-200000,-200000,-200000,662.61297607421875
0.188,7538.65234375,-200000,702.38116455078125,5546.7607421875,-200000,-200000,-200000,663.32830810546875
0.192,8012.60546875,-200000,703.1917724609375,6958.3662109375,-200000,-200000,-200000,664.01971435546875
0.196,8219.3857421875,-200000,702.61962890625,7792.35400390625,-200000,-200000,-200000,664.7825927734375
0.2,7781.38671875,-200000,697.01678466796875,6475.37744140625,-200000,-200000,-200000,663.7811279296875
0.204,7416.17724609375,-200000,702.42889404296875,5500.9609375,-200000,-200000,-200000,665.283203125
0.208,7692.60009765625,-200000,704.1455078125,6871.1044921875,-200000,-200000,-200000,664.32958984375
0.212,8075.54833984375,-200000,699.06719970703125,8022.33349609375,-200000,-200000,-200000,665.7362060546875
0.216,7701.51708984375,-200000,699.75860595703125,6951.6904296875,-200000,-200000,-200000,665.4739990234375
0.22,7144.5234375,-200000,701.71368408203125,5694.24609375,-200000,-200000,-200000,664.2103271484375
0.224,7448.2919921875,-200000,704.38397216796875,6723.5234375,-200000,-200000,-200000,661.8499755859375
0.228,8019.99609375,-200000,701.16534423828125,8065.86865234375,-200000,-200000,-200000,662.06463623046875
0.232,7699.25244140625,-200000,698.99560546875,7311.6787109375,-200000,-200000,-200000,662.94677734375
0.236,6782.98583984375,-200000,700.40234375,6114.078125,-200000,-200000,-200000,665.974609375
0.24,6958.22265625,-200000,703.83563232421875,6874.1083984375,-200000,-200000,-200000,665.42626953125
0.244,7861.7099609375,-200000,701.59442138671875,8066.296875,-200000,-200000,-200000,664.47265625
0.248,7785.4873046875,-200000,701.16534423828125,7516.12255859375,-200000,-200000,-200000,664.2103271484375
0.252,6807.68603515625,-200000,700.66455078125,6293.17822265625,-200000,-200000,-200000,665.80780029296875
0.256,6813.38427734375,-200000,703.7640380859375,6711.29296875,-200000,-200000,-200000,662.99444580078125
0.26,7705.9990234375,-200000,704.21710205078125,7958.74609375,-200000,-200000,-200000,663.59051513671875
0.264,7896.18603515625,-200000,700.09228515625,7660.60400390625,-200000,-200000,-200000,665.66473388671875
0.268,7305.14599609375,-200000,697.39825439453125,6096.7451171875,-200000,-200000,-200000,664.0911865234375
0.272,7250.26171875,-200000,703.83563232421875,6010.6513671875,-200000,-200000,-200000,664.9017333984375
0.276,7677.17431640625,-200000,703.31103515625,7660.67578125,-200000,-200000,-200000,664.16259765625
0.28,7954.90869140625,-200000,698.28045654296875,7819.1279296875,-200000,-200000,-200000,665.54559326171875
0.284,7194.37646484375,-200000,699.49639892578125,6577.56396484375,-200000,-200000,-200000,666.38006591796875
0.288,6762.1953125,-200000,702.8818359375,6262.5888671875,-200000,-200000,-200000,664.85418701171875
0.292,7420.70703125,-200000,704.1455078125,7520.890625,-200000,-200000,-200000,664.28192138671875
0.296,8001.2568359375,-200000,699.75860595703125,7948.5419921875,-200000,-200000,-200000,661.65936279296875
0.3,7272.88818359375,-200000,699.90167236328125,6910.32421875,-200000,-200000,-200000,665.92706298828125
0.304,6552.74462890625,-200000,703.14404296875,6296.37353515625,-200000,-200000,-200000,661.80242919921875
0.308,7226.9443359375,-200000,705.43292236328125,7310.15234375,-200000,-200000,-200000,665.54559326171875
0.312,7997.22802734375,-200000,701.8089599609375,8046.15087890625,-200000,-200000,-200000,663.70977783203125
0.316,7568.59765625,-200000,697.73211669921875,7006.16943359375,-200000,-200000,-200000,663.82891845703125
0.32,6829.4765625,-200000,700.64080810546875,5954.81494140625,-200000,-200000,-200000,665.66473388671875
0.324,7190.3466796875,-200000,705.36151123046875,6958.22265625,-200000,-200000,-200000,664.40118408203125
0.328,7831.40771484375,-200000,700.85528564453125,8208.3720703125,-200000,-200000,-200000,663.5189208984375
0.332,7645.98974609375,-200000,700.06854248046875,7279.8974609375,-200000,-200000,-200000,664.32958984375
0.336,7190.5615234375,-200000,703.00115966796875,5652.046875,-200000,-200000,-200000,665.23565673828125
0.34,7443.4755859375,-200000,704.2646484375,6360.62744140625,-200000,-200000,-200000,661.77850341796875
0.344,7954.7646484375,-200000,702.54815673828125,7952.59521484375,-200000,-200000,-200000,664.16259765625
0.348,7798.31494140625,-200000,698.6141357421875,7425.9521484375,-200000,-200000,-200000,663.01824951171875
0.352,7066.75146484375,-200000,699.4486083984375,5968.14208984375,-200000,-200000,-200000,664.40118408203125
0.356,7070.44677734375,-200000,702.28582763671875,6438.20849609375,-200000,-200000,-200000,662.99444580078125
0.36,7780.4091796875,-200000,703.31103515625,7868.1708984375,-200000,-200000,-200000,662.1123046875
0.364,7844.09130859375,-200000,697.54132080078125,7629.5380859375,-200000,-200000,-200000,663.87664794921875
0.368,6982.04150390625,-200000,699.23406982421875,6349.39697265625,-200000,-200000,-200000,665.21173095703125
0.372,6779.55224609375,-200000,703.5732421875,6462.16943359375,-200000,-200000,-200000,664.44873046875
0.376,7533.38427734375,-200000,703.64483642578125,7779.88525390625,-200000,-200000,-200000,663.82891845703125
0.38,7853.07958984375,-200000,699.68701171875,7859.06396484375,-200000,-200000,-200000,664.591796875
0.384,7289.79150390625,-200000,699.94940185546875,6407.78662109375,-200000,-200000,-200000,664.92559814453125
0.388,6940.74755859375,-200000,702.81036376953125,6068.06396484375,-200000,-200000,-200000,663.18524169921875
0.392,7474.20849609375,-200000,704.40771484375,7444.8828125,-200000,-200000,-200000,662.99444580078125
0.396,7929.23046875,-200000,701.16534423828125,7963.0859375,-200000,-200000,-200000,664.85418701171875
0.4,7445.43115234375,-200000,701.92822265625,6660.62890625,-200000,-200000,-200000,664.52032470703125
0.404,6920.95849609375,-200000,702.30975341796875,5902.00537109375,-200000,-200000,-200000,664.40118408203125
0.408,7346.4638671875,-200000,701.78515625,7169.3427734375,-200000,-200000,-200000,664.47265625
0.412,7908.86962890625,-200000,701.16534423828125,8086.5390625,-200000,-200000,-200000,664.01971435546875
0.416,7531.6435546875,-200000,700.78387451171875,6965.7568359375,-200000,-200000,-200000,666.38006591796875
0.42,6798.6015625,-200000,704.97998046875,5944.63427734375,-200000,-200000,-200000,664.66339111328125
0.424,7117.48681640625,-200000,704.07403564453125,6997.39453125,-200000,-200000,-200000,662.2552490234375
0.428,7907.93994140625,-200000,702.04736328125,8083.91650390625,-200000,-200000,-200000,664.01971435546875
0.432,7649.77978515625,-200000,697.15985107421875,7212.80615234375,-200000,-200000,-200000,663.75732421875
0.436,6857.25244140625,-200000,701.28448486328125,5922.98583984375,-200000,-200000,-200000,664.9017333984375
0.44,6996.3701171875,-200000,703.7640380859375,6765.9140625,-200000,-200000,-200000,662.04083251953125
0.444,7843.37646484375,-200000,700.78387451171875,8022.4990234375,-200000,-200000,-200000,664.591796875
0.448,7708.00244140625,-200000,699.0433349609375,7451.93994140625,-200000,-200000,-200000,663.7811279296875
0.452,6738.2099609375,-200000,699.3055419921875,6220.6513671875,-200000,-200000,-200000,665.42626953125
0.456,6775.92822265625,-200000,704.07403564453125,6693.2685546875,-200000,-200000,-200000,664.71112060546875
0.46,7742.50146484375,-200000,704.5745849609375,7874.29931640625,-200000,-200000,-200000,664.92559814453125
0.464,7805.5380859375,-200000,699.9969482421875,7613.11181640625,-200000,-200000,-200000,663.75732421875
0.468,6854.01025390625,-200000,699.11492919921875,6401.9443359375,-200000,-200000,-200000,664.0672607421875
0.472,6663.48974609375,-200000,703.95477294921875,6538.89208984375,-200000,-200000,-200000,664.71112060546875
0.476,7564.71240234375,-200000,704.4554443359375,7720.16162109375,-200000,-200000,-200000,664.9017333984375
0.48,7885.4091796875,-200000,699.11492919921875,7756.6865234375,-200000,-200000,-200000,662.94677734375
0.484,7056.38037109375,-200000,697.27911376953125,6555.22412109375,-200000,-200000,-200000,664.7825927734375
0.488,6603.9560546875,-200000,702.42889404296875,6363.7734375,-200000,-200000,-200000,664.73486328125
0.492,7376.60009765625,-200000,704.07403564453125,7515.3349609375,-200000,-200000,-200000,663.2567138671875
0.496,7927.87109375,-200000,701.73748779296875,7898.6171875,-200000,-200000,-200000,664.66339111328125
0.5,7241.2021484375,-200000,698.80499267578125,6774.44921875,-200000,-200000,-200000,665.09259033203125
0.504,6577.015625,-200000,703.95477294921875,6210.92431640625,-200000,-200000,-200000,664.40118408203125
0.508,7173.87255859375,-200000,704.19317626953125,7318.04443359375,-200000,-200000,-200000,665.1640625
0.512,7793.3310546875,-200000,699.61553955078125,8140.70703125,-200000,-200000,-200000,663.75732421875
0.516,7494.68896484375,-200000,699.9969482421875,6923.72412109375,-200000,-200000,-200000,664.71112060546875
0.52,6933.09375,-200000,704.2884521484375,5765.51025390625,-200000,-200000,-200000,665.3070068359375
0.524,7246.18505859375,-200000,704.09783935546875,6855.29833984375,-200000,-200000,-200000,662.94677734375
0.528,7889.48583984375,-200000,701.92822265625,8050.22802734375,-200000,-200000,-200000,664.52032470703125
0.532,7579.27978515625,-200000,700.1400146484375,7213.47412109375,-200000,-200000,-200000,664.85418701171875
0.536,6669.49853515625,-200000,701.47528076171875,6056.26171875,-200000,-200000,-200000,663.9481201171875
0.54,6922.4599609375,-200000,704.1455078125,6826.80712890625,-200000,-200000,-200000,664.28192138671875
0.544,7803.94140625,-200000,702.42889404296875,8020.6875,-200000,-200000,-200000,665.02099609375
0.548,7663.10791015625,-200000,699.49639892578125,7425.18994140625,-200000,-200000,-200000,664.0911865234375
0.552,6675.7919921875,-200000,697.58905029296875,6221.62890625,-200000,-200000,-200000,664.73486328125
0.556,6751.1083984375,-200000,702.42889404296875,6694.24609375,-200000,-200000,-200000,664.0672607421875
0.56,7727.12353515625,-200000,703.0487060546875,7852.5546875,-200000,-200000,-200000,664.92559814453125
0.564,7766.98681640625,-200000,698.92413330078125,7585.26416015625,-200000,-200000,-200000,665.99853515625
0.568,6782.4609375,-200000,700.47381591796875,6401.37255859375,-200000,-200000,-200000,666.49920654296875
0.572,6633.56884765625,-200000,702.1904296875,6534.52978515625,-200000,-200000,-200000,663.32830810546875
0.576,7549.8818359375,-200000,703.81170654296875,7705.73681640625,-200000,-200000,-200000,665.11639404296875
0.58,7849.8125,-200000,699.90167236328125,7726.21728515625,-200000,-200000,-200000,664.97332763671875
0.584,6952.0234375,-200000,699.25799560546875,6587.5537109375,-200000,-200000,-200000,664.54412841796875
0.588,6527.9248046875,-200000,703.12030029296875,6398.58349609375,-200000,-200000,-200000,664.40118408203125
0.592,7389.45068359375,-200000,704.09783935546875,7483.5068359375,-200000,-200000,-200000,664.0911865234375
0.596,7918.76416015625,-200000,700.0208740234375,7844.78271484375,-200000,-200000,-200000,661.92156982421875
0.6,7152.5810546875,-200000,697.61279296875,6794.6201171875,-200000,-200000,-200000,665.8792724609375
0.604,6459.78515625,-200000,701.6658935546875,6272.9599609375,-200000,-200000,-200000,664.40118408203125
0.608,7188.53515625,-200000,704.21710205078125,7282.83056640625,-200000,-200000,-200000,664.40118408203125
0.612,7932.8779296875,-200000,700.25927734375,7950.33056640625,-200000,-200000,-200000,663.01824951171875
0.616,7353.71240234375,-200000,697.27911376953125,6990.1708984375,-200000,-200000,-200000,663.39971923828125
0.62,6490.30322265625,-200000,701.78515625,6154.08447265625,-200000,-200000,-200000,665.974609375
0.624,7015.0859375,-200000,706.00518798828125,7055.90234375,-200000,-200000,-200000,664.591796875
0.628,7880.1875,-200000,701.99969482421875,8014.32177734375,-200000,-200000,-200000,663.5189208984375
0.632,7611.5849609375,-200000,699.138671875,7093.62109375,-200000,-200000,-200000,665.49786376953125
0.636,7065.98828125,-200000,700.47381591796875,5601.69287109375,-200000,-200000,-200000,662.61297607421875
0.64,7363.01025390625,-200000,704.2646484375,6353.66552734375,-200000,-200000,-200000,665.7362060546875
0.644,7936.3115234375,-200000,701.42755126953125,7852.5546875,-200000,-200000,-200000,662.2314453125
0.648,7758.02197265625,-200000,698.11358642578125,7258.13037109375,-200000,-200000,-200000,665.42626953125
0.652,7229.40087890625,-200000,699.49639892578125,5607.1279296875,-200000,-200000,-200000,665.92706298828125
0.656,7385.4921875,-200000,701.92822265625,6033.08740234375,-200000,-200000,-200000,661.0155029296875
0.66,7926.2255859375,-200000,703.26336669921875,7629.84765625,-200000,-200000,-200000,662.99444580078125
0.664,7838.96484375,-200000,699.90167236328125,7442.0693359375,-200000,-200000,-200000,665.21173095703125
0.668,7241.48828125,-200000,698.92413330078125,5875.82666015625,-200000,-200000,-200000,662.94677734375
0.672,7170.01025390625,-200000,704.38397216796875,5972.57666015625,-200000,-200000,-200000,663.9481201171875
0.676,7701.6123046875,-200000,704.8369140625,7532.3349609375,-200000,-200000,-200000,663.39971923828125
0.68,7817.4833984375,-200000,700.33087158203125,7693.171875,-200000,-200000,-200000,664.44873046875
0.684,7278.9912109375,-200000,698.1849365234375,6190.84912109375,-200000,-200000,-200000,666.11767578125
0.688,7056.9521484375,-200000,704.5985107421875,5846.23828125,-200000,-200000,-200000,664.7825927734375
0.692,7555.4140625,-200000,702.4765625,7296.7060546875,-200000,-200000,-200000,663.70977783203125
0.696,7838.10693359375,-200000,699.90167236328125,7867.55078125,-200000,-200000,-200000,663.68585205078125
0.7,7302.2607421875,-200000,697.97052001953125,6564.28369140625,-200000,-200000,-200000,664.01971435546875
0.704,6757.1640625,-200000,703.26336669921875,5950.68994140625,-200000,-200000,-200000,664.73486328125
0.708,7261.92041015625,-200000,706.05291748046875,7191.80224609375,-200000,-200000,-200000,664.47265625
0.712,7795.66796875,-200000,700.06854248046875,8036.5419921875,-200000,-200000,-200000,665.0447998046875
0.716,7406.8544921875,-200000,698.0419921875,6867.2421875,-200000,-200000,-200000,663.56671142578125
0.72,6626.41552734375,-200000,703.71630859375,5974.31640625,-200000,-200000,-200000,663.70977783203125
0.724,7013.4404296875,-200000,703.1917724609375,7038.5693359375,-200000,-200000,-200000,664.13885498046875
0.728,7900.59619140625,-200000,700.5692138671875,7953.8115234375,-200000,-200000,-200000,665.283203125
0.732,7456.3505859375,-200000,698.30419921875,7191.37255859375,-200000,-200000,-200000,663.900390625
0.736,6465.078125,-200000,701.28448486328125,6149.22119140625,-200000,-200000,-200000,664.85418701171875
0.74,6846.85791015625,-200000,702.54815673828125,6844.04443359375,-200000,-200000,-200000,662.6844482421875
0.744,7841.015625,-200000,700.18780517578125,7915.71240234375,-200000,-200000,-200000,663.06591796875
0.748,7583.76171875,-200000,699.63946533203125,7375.4794921875,-200000,-200000,-200000,663.87664794921875
0.752,6537.3427734375,-200000,700.0208740234375,6224.8232421875,-200000,-200000,-200000,664.591796875
0.756,6708.57421875,-200000,703.83563232421875,6678.1044921875,-200000,-200000,-200000,664.0911865234375
0.76,7717.15771484375,-200000,702.69122314453125,7810.6640625,-200000,-200000,-200000,664.591796875
0.764,7699.70458984375,-200000,699.1864013671875,7524.32421875,-200000,-200000,-200000,665.09259033203125
0.768,6680.27490234375,-200000,697.2313232421875,6348.39599609375,-200000,-200000,-200000,665.35479736328125
0.772,6590.15234375,-200000,703.0726318359375,6524.5390625,-200000,-200000,-200000,665.283203125
0.776,7553.93603515625,-200000,704.4554443359375,7658.48291015625,-200000,-200000,-200000,662.94677734375
0.78,7793.85693359375,-200000,698.68572998046875,7660.31787109375,-200000,-200000,-200000,662.6844482421875
0.784,6877.20849609375,-200000,699.37713623046875,6509.3515625,-200000,-200000,-200000,664.2103271484375
0.788,6503.0341796875,-200000,703.7640380859375,6365.6328125,-200000,-200000,-200000,665.66473388671875
0.792,7367.9453125,-200000,703.8831787109375,7466.81787109375,-200000,-200000,-200000,663.32830810546875
0.796,7859.8984375,-200000,700.8314208984375,7788.0146484375,-200000,-200000,-200000,663.63818359375
0.8,7052.1591796875,-200000,696.75457763671875,6737.11328125,-200000,-200000,-200000,663.70977783203125
0.804,6419.11083984375,-200000,703.26336669921875,6253.10009765625,-200000,-200000,-200000,662.63671875
0.808,7181.00146484375,-200000,705.48065185546875,7248.33056640625,-200000,-200000,-200000,663.32830810546875
0.812,7898.49853515625,-200000,701.02227783203125,7872.67724609375,-200000,-200000,-200000,666.04620361328125
0.816,7352.4482421875,-200000,700.59307861328125,6848.88427734375,-200000,-200000,-200000,664.32958984375
0.82,6622.43359375,-200000,703.7640380859375,5934.73974609375,-200000,-200000,-200000,665.92706298828125
0.824,7059.09765625,-200000,705.1468505859375,6974.7216796875,-200000,-200000,-200000,665.23565673828125
0.828,7822.3232421875,-200000,702.8818359375,7980.6328125,-200000,-200000,-200000,665.1640625
0.832,7477.7607421875,-200000,698.6141357421875,7088.61474609375,-200000,-200000,-200000,663.900390625
0.836,6513.90625,-200000,702.3572998046875,6049.7763671875,-200000,-200000,-200000,664.52032470703125
0.84,6839.91943359375,-200000,703.52557373046875,6828.66650390625,-200000,-200000,-200000,663.82891845703125
0.844,7751.03662109375,-200000,702.9295654296875,7957.84130859375,-200000,-200000,-200000,665.54559326171875
0.848,7566.953125,-200000,698.0419921875,7319.04541015625,-200000,-200000,-200000,663.13751220703125
0.852,6597.08984375,-200000,700.1400146484375,6106.75927734375,-200000,-200000,-200000,663.56671142578125
0.856,6761.2412109375,-200000,703.50177001953125,6594.39599609375,-200000,-200000,-200000,664.52032470703125
0.86,7550.74072265625,-200000,705.5283203125,7931.59130859375,-200000,-200000,-200000,661.92156982421875
0.864,7624.62744140625,-200000,698.7333984375,7527.11328125,-200000,-200000,-200000,663.68585205078125
0.868,7051.99365234375,-200000,699.3055419921875,5932.0693359375,-200000,-200000,-200000,665.0447998046875
0.872,7002.04443359375,-200000,704.33624267578125,6080.9140625,-200000,-200000,-200000,663.900390625
0.876,7588.05322265625,-200000,704.8369140625,7597.58984375,-200000,-200000,-200000,663.32830810546875
0.88,7729.38818359375,-200000,699.80633544921875,7654.0234375,-200000,-200000,-200000,663.01824951171875
0.884,7083.75,-200000,699.61553955078125,6239.20068359375,-200000,-200000,-200000,667.30987548828125
0.888,6579.20947265625,-200000,702.81036376953125,6249.546875,-200000,-200000,-200000,664.47265625
0.892,7318.56884765625,-200000,704.47930908203125,7496.57275390625,-200000,-200000,-200000,664.28192138671875
0.896,7777.9296875,-200000,699.06719970703125,7811.76171875,-200000,-200000,-200000,664.44873046875
0.9,7218.31396484375,-200000,699.56787109375,6501.72265625,-200000,-200000,-200000,665.11639404296875
0.904,6586.71875,-200000,700.47381591796875,6040.859375,-200000,-200000,-200000,664.3533935546875
0.908,7173.4912109375,-200000,705.48065185546875,7232.73828125,-200000,-200000,-200000,662.04083251953125
0.912,7871.8427734375,-200000,700.37841796875,7854.65234375,-200000,-200000,-200000,663.2567138671875
0.916,7219.1953125,-200000,696.373046875,6902.31396484375,-200000,-200000,-200000,663.68585205078125
0.92,6377.91259765625,-200000,701.35595703125,6125.3310546875,-200000,-200000,-200000,663.13751220703125
0.924,6977.39208984375,-200000,703.4541015625,7031.4169921875,-200000,-200000,-200000,663.56671142578125
0.928,7838.9169921875,-200000,701.4036865234375,7916.33203125,-200000,-200000,-200000,662.5653076171875
0.932,7417.60791015625,-200000,698.92413330078125,7076.12109375,-200000,-200000,-200000,665.5931396484375
0.936,6543.63671875,-200000,702.2381591796875,5966.6396484375,-200000,-200000,-200000,663.82891845703125
0.94,6841.51708984375,-200000,704.00244140625,6799.57958984375,-200000,-200000,-200000,664.591796875
0.944,7617.68896484375,-200000,702.2381591796875,8058.66796875,-200000,-200000,-200000,662.35076904296875
0.948,7538.46240234375,-200000,698.42352294921875,7280.421875,-200000,-200000,-200000,663.75732421875
0.952,7008.88671875,-200000,699.4486083984375,5639.1484375,-200000,-200000,-200000,664.01971435546875
0.956,7184.19677734375,-200000,704.21710205078125,6146.9794921875,-200000,-200000,-200000,662.2314453125
0.96,7757.6162109375,-200000,701.42755126953125,7708.5732421875,-200000,-200000,-200000,662.99444580078125
0.964,7688.59375,-200000,696.51611328125,7393.38525390625,-200000,-200000,-200000,663.7811279296875
0.968,7127.85791015625,-200000,698.54266357421875,5789.5185546875,-200000,-200000,-200000,667.07147216796875
0.972,6956.00634765625,-200000,703.12030029296875,6103.99365234375,-200000,-200000,-200000,663.75732421875
0.976,7529.3310546875,-200000,703.95477294921875,7629.87255859375,-200000,-200000,-200000,662.37451171875
0.98,7739.06787109375,-200000,698.11358642578125,7584.453125,-200000,-200000,-200000,661.0155029296875
0.984,7122.01708984375,-200000,700.85528564453125,6128.5498046875,-200000,-200000,-200000,664.47265625
0.988,6832.52880859375,-200000,703.5732421875,5975.3662109375,-200000,-200000,-200000,664.6395263671875
0.992,7372.30859375,-200000,702.7625732421875,7419.82568359375,-200000,-200000,-200000,664.25811767578125
0.996,7797.6943359375,-200000,700.521484375,7736.25390625,-200000,-200000,-200000,664.71112060546875
1,7156.30078125,-200000,697.54132080078125,6485.60546875,-200000,-200000,-200000,663.9481201171875
1.004,6568.19384765625,-200000,701.92822265625,6030.51171875,-200000,-200000,-200000,662.37451171875
1.008,7138.7060546875,-200000,703.95477294921875,7237.26806640625,-200000,-200000,-200000,663.06591796875
1.012,7782.86572265625,-200000,699.94940185546875,7888.74755859375,-200000,-200000,-200000,663.18524169921875
1.016,7210.30322265625,-200000,697.5174560546875,6844.97412109375,-200000,-200000,-200000,664.66339111328125
1.02,6405.1630859375,-200000,702.5003662109375,6066.6328125,-200000,-200000,-200000,663.75732421875
1.024,6974.33984375,-200000,703.7640380859375,7014.68115234375,-200000,-200000,-200000,664.01971435546875
1.028,7846.7138671875,-200000,702.9295654296875,7866.3828125,-200000,-200000,-200000,665.35479736328125
1.032,7339.52587890625,-200000,696.27764892578125,7088.9951171875,-200000,-200000,-200000,663.70977783203125
1.036,6364.46484375,-200000,700.33087158203125,6095.671875,-200000,-200000,-200000,663.68585205078125
1.04,6803.27490234375,-200000,703.83563232421875,6807.70947265625,-200000,-200000,-200000,665.283203125
1.044,7787.49072265625,-200000,702.30975341796875,7857.39453125,-200000,-200000,-200000,663.75732421875
1.048,7487.56005859375,-200000,697.97052001953125,7271.57666015625,-200000,-200000,-200000,664.3533935546875
1.052,6628.87109375,-200000,698.3519287109375,5947.13671875,-200000,-200000,-200000,665.42626953125
1.056,6818.62890625,-200000,702.38116455078125,6481.1943359375,-200000,-200000,-200000,663.75732421875
1.06,7566.14306640625,-200000,703.12030029296875,7867.50390625,-200000,-200000,-200000,664.13885498046875
1.064,7604.4560546875,-200000,700.18780517578125,7419.61083984375,-200000,-200000,-200000,665.23565673828125
1.068,6927.7529296875,-200000,698.87646484375,5906.58203125,-200000,-200000,-200000,663.68585205078125
1.072,6812.1435546875,-200000,702.8818359375,6211.7578125,-200000,-200000,-200000,664.0911865234375
1.076,7483.93603515625,-200000,704.5985107421875,7654.11962890625,-200000,-200000,-200000,664.47265625
1.08,7689.35791015625,-200000,700.37841796875,7575.51318359375,-200000,-200000,-200000,666.5706787109375
1.084,6878.6865234375,-200000,698.4710693359375,6288.1953125,-200000,-200000,-200000,663.75732421875
1.088,6510.61572265625,-200000,703.83563232421875,6256.93896484375,-200000,-200000,-200000,664.47265625
1.092,7318.90234375,-200000,702.81036376953125,7451.22509765625,-200000,-200000,-200000,663.208984375
1.096,7769.44287109375,-200000,699.63946533203125,7697.0341796875,-200000,-200000,-200000,663.30438232421875
1.1,7039.9052734375,-200000,699.138671875,6523.70556640625,-200000,-200000,-200000,664.7825927734375
1.104,6588.9599609375,-200000,701.97589111328125,5966.92578125,-200000,-200000,-200000,663.59051513671875
1.108,7181.00146484375,-200000,704.5745849609375,7184.171875,-200000,-200000,-200000,663.01824951171875
1.112,7818.9375,-200000,698.80499267578125,7789.54150390625,-200000,-200000,-200000,663.7811279296875
1.116,7139.61181640625,-200000,698.80499267578125,6832.52880859375,-200000,-200000,-200000,662.61297607421875
1.12,6332.1357421875,-200000,700.2830810546875,6087.70947265625,-200000,-200000,-200000,661.8499755859375
1.124,6960.296875,-200000,705.1468505859375,7009.86474609375,-200000,-200000,-200000,663.13751220703125
1.128,7810.640625,-200000,699.75860595703125,7842.23193359375,-200000,-200000,-200000,662.8037109375
1.132,7306.1708984375,-200000,698.87646484375,7044.79296875,-200000,-200000,-200000,662.18389892578125
1.136,6342.578125,-200000,700.21160888671875,6064.48681640625,-200000,-200000,-200000,665.40252685546875
1.14,6792.47412109375,-200000,705.93359375,6800.48583984375,-200000,-200000,-200000,664.44873046875
1.144,7761.12109375,-200000,704.00244140625,7836.17578125,-200000,-200000,-200000,663.2567138671875
1.148,7459.95166015625,-200000,699.63946533203125,7233.02490234375,-200000,-200000,-200000,663.9481201171875
1.152,6429.74462890625,-200000,700.521484375,6090.140625,-200000,-200000,-200000,664.47265625
1.156,6646.37109375,-200000,703.1917724609375,6623.7451171875,-200000,-200000,-200000,663.06591796875
1.16,7643.4375,-200000,701.47528076171875,7756.49609375,-200000,-200000,-200000,662.35076904296875
1.164,7579.875,-200000,700.64080810546875,7381.41650390625,-200000,-200000,-200000,665.0447998046875
1.168,6583.4052734375,-200000,699.52020263671875,6189.203125,-200000,-200000,-200000,665.0447998046875
1.172,6523.5615234375,-200000,704.4554443359375,6462.43212890625,-200000,-200000,-200000,664.66339111328125
1.176,7498.12255859375,-200000,704.07403564453125,7610.2255859375,-200000,-200000,-200000,663.56671142578125
1.18,7678.5810546875,-200000,699.1864013671875,7526.63671875,-200000,-200000,-200000,664.591796875
1.184,6724.6201171875,-200000,699.4486083984375,6373.54931640625,-200000,-200000,-200000,666.04620361328125
1.188,6418.5625,-200000,702.69122314453125,6319.0458984375,-200000,-200000,-200000,661.61163330078125
1.192,7325.17333984375,-200000,704.33624267578125,7423.78271484375,-200000,-200000,-200000,662.5413818359375
1.196,7750.296875,-200000,700.9744873046875,7659.6982421875,-200000,-200000,-200000,663.1136474609375
1.2,6906.65234375,-200000,697.89892578125,6580.06787109375,-200000,-200000,-200000,665.02099609375
1.204,6334.94921875,-200000,700.2830810546875,6178.9990234375,-200000,-200000,-200000,663.44744873046875
1.208,7137.03759765625,-200000,703.95477294921875,7211.11328125,-200000,-200000,-200000,663.70977783203125
1.212,7797.7421875,-200000,700.64080810546875,7759.54833984375,-200000,-200000,-200000,663.63818359375
1.216,7094.00244140625,-200000,695.681640625,6803.27490234375,-200000,-200000,-200000,663.900390625
1.22,6296.37353515625,-200000,701.212890625,6079.67431640625,-200000,-200000,-200000,663.9481201171875
1.224,6950.90380859375,-200000,702.8818359375,6997.20458984375,-200000,-200000,-200000,662.4222412109375
1.228,7801.93896484375,-200000,702.9295654296875,7821.94140625,-200000,-200000,-200000,662.8275146484375
1.232,7273.12646484375,-200000,695.75323486328125,7011.65234375,-200000,-200000,-200000,664.3533935546875
1.236,6316.90087890625,-200000,701.35595703125,6041.55078125,-200000,-200000,-200000,666.68994140625
1.24,6777.19140625,-200000,702.81036376953125,6786.75244140625,-200000,-200000,-200000,663.56671142578125
1.244,7748.96240234375,-200000,701.92822265625,7822.1328125,-200000,-200000,-200000,662.30303955078125
1.248,7420.99365234375,-200000,697.99432373046875,7204.17578125,-200000,-200000,-200000,665.1640625
1.252,6388.06884765625,-200000,702.61962890625,6079.29296875,-200000,-200000,-200000,666.88067626953125
1.256,6637.88427734375,-200000,703.38262939453125,6619.78759765625,-200000,-200000,-200000,663.56671142578125
1.26,7645.15478515625,-200000,700.25927734375,7737.30322265625,-200000,-200000,-200000,663.56671142578125
1.264,7540.29833984375,-200000,697.73211669921875,7349.7294921875,-200000,-200000,-200000,663.70977783203125
1.268,6526.94775390625,-200000,699.4486083984375,6183.00537109375,-200000,-200000,-200000,661.27783203125
1.272,6510.01953125,-200000,702.9295654296875,6457.54443359375,-200000,-200000,-200000,662.5653076171875
1.276,7491.1357421875,-200000,704.90850830078125,7606.2685546875,-200000,-200000,-200000,666.3084716796875
1.28,7654.59619140625,-200000,698.66192626953125,7493.2578125,-200000,-200000,-200000,662.1123046875
1.284,6714.9169921875,-200000,697.97052001953125,6314.82666015625,-200000,-200000,-200000,662.2314453125
1.288,6418.87255859375,-200000,701.73748779296875,6286.95556640625,-200000,-200000,-200000,662.5653076171875
1.292,7306.95849609375,-200000,703.7640380859375,7425.30859375,-200000,-200000,-200000,663.208984375
1.296,7728.29150390625,-200000,700.59307861328125,7628.79931640625,-200000,-200000,-200000,662.75604248046875
1.3,6928.4443359375,-200000,699.63946533203125,6492.42431640625,-200000,-200000,-200000,665.23565673828125
1.304,6379.31884765625,-200000,704.7176513671875,6120.77734375,-200000,-200000,-200000,665.80780029296875
1.308,7107.09130859375,-200000,701.6658935546875,7227.20703125,-200000,-200000,-200000,663.2567138671875
1.312,7768.53662109375,-200000,699.68701171875,7751.3935546875,-200000,-200000,-200000,664.01971435546875
1.316,7137.8232421875,-200000,699.138671875,6698.7998046875,-200000,-200000,-200000,665.40252685546875
1.32,6403.44677734375,-200000,701.6658935546875,5943.08447265625,-200000,-200000,-200000,664.66339111328125
1.324,6928.8974609375,-200000,701.97589111328125,7000.25634765625,-200000,-200000,-200000,662.61297607421875
1.328,7728.8154296875,-200000,700.95068359375,7855.20166015625,-200000,-200000,-200000,662.61297607421875
1.332,7331.41943359375,-200000,698.8525390625,6894.25537109375,-200000,-200000,-200000,664.13885498046875
1.336,6454.77880859375,-200000,701.04608154296875,5862.7607421875,-200000,-200000,-200000,664.73486328125
1.34,6785.10791015625,-200000,704.47930908203125,6763.7451171875,-200000,-200000,-200000,664.28192138671875
1.344,7650.5185546875,-200000,701.09375,7887.62646484375,-200000,-200000,-200000,662.87530517578125
1.348,7461.6435546875,-200000,700.78387451171875,7102.72900390625,-200000,-200000,-200000,664.52032470703125
1.352,6588.76953125,-200000,699.68701171875,5817.10400390625,-200000,-200000,-200000,664.73486328125
1.356,6715.29833984375,-200000,704.90850830078125,6517.22021484375,-200000,-200000,-200000,662.9228515625
1.36,7534.74365234375,-200000,701.92822265625,7823.0146484375,-200000,-200000,-200000,661.61163330078125
1.364,7524.7763671875,-200000,697.13604736328125,7320.9765625,-200000,-200000,-200000,663.01824951171875
1.368,6578.49365234375,-200000,699.63946533203125,6062.55615234375,-200000,-200000,-200000,664.0911865234375
1.372,6509.42431640625,-200000,704.52703857421875,6432.20068359375,-200000,-200000,-200000,664.13885498046875
1.376,7457.13818359375,-200000,702.73876953125,7620.97900390625,-200000,-200000,-200000,663.3758544921875
1.38,7619.09521484375,-200000,699.75860595703125,7474.42333984375,-200000,-200000,-200000,665.7362060546875
1.384,6701.18359375,-200000,698.30419921875,6261.96875,-200000,-200000,-200000,664.591796875
1.388,6415.67822265625,-200000,702.30975341796875,6270.60009765625,-200000,-200000,-200000,665.35479736328125
1.392,7300.99755859375,-200000,705.1468505859375,7423.44921875,-200000,-200000,-200000,664.25811767578125
1.396,7708.859375,-200000,700.59307861328125,7598.6865234375,-200000,-200000,-200000,664.2103271484375
1.4,6900.5966796875,-200000,698.37579345703125,6440.6640625,-200000,-200000,-200000,662.37451171875
1.404,6363.9404296875,-200000,703.7640380859375,6103.015625,-200000,-200000,-200000,664.9017333984375
1.408,7080.79443359375,-200000,704.64617919921875,7241.9169921875,-200000,-200000,-200000,663.32830810546875
1.412,7696.05712890625,-200000,698.42352294921875,7753.8974609375,-200000,-200000,-200000,664.47265625
1.416,7049.87109375,-200000,697.39825439453125,6713.96337890625,-200000,-200000,-200000,665.66473388671875
1.42,6279.58837890625,-200000,702.85809326171875,6030.75146484375,-200000,-200000,-200000,666.76153564453125
1.424,6933.4990234375,-200000,703.00115966796875,6982.3505859375,-200000,-200000,-200000,662.2552490234375
1.428,7760.69287109375,-200000,699.68701171875,7780.00390625,-200000,-200000,-200000,660.65802001953125
1.432,7206.77490234375,-200000,698.6141357421875,6944.3701171875,-200000,-200000,-200000,664.28192138671875
1.436,6265.76025390625,-200000,701.04608154296875,6000.66259765625,-200000,-200000,-200000,661.1585693359375
1.44,6761.05078125,-200000,702.16668701171875,6774.47412109375,-200000,-200000,-200000,661.96923828125
1.444,7716.32275390625,-200000,700.66455078125,7780.00390625,-200000,-200000,-200000,664.66339111328125
1.448,7361.03125,-200000,697.6605224609375,7136.77490234375,-200000,-200000,-200000,663.75732421875
1.452,6331.58740234375,-200000,700.45001220703125,6018.42431640625,-200000,-200000,-200000,663.44744873046875
1.456,6608.796875,-200000,703.12030029296875,6596.9951171875,-200000,-200000,-200000,664.2103271484375
1.46,7616.59228515625,-200000,701.09375,7710.21875,-200000,-200000,-200000,661.9930419921875
1.464,7487.4638671875,-200000,698.1611328125,7293.9638671875,-200000,-200000,-200000,663.5189208984375
1.468,6453.72900390625,-200000,696.3968505859375,6122.44677734375,-200000,-200000,-200000,664.44873046875
1.472,6476.3076171875,-200000,701.73748779296875,6432.46240234375,-200000,-200000,-200000,663.900390625
1.476,7469.79833984375,-200000,703.69256591796875,7578.0390625,-200000,-200000,-200000,662.04083251953125
1.48,7589.2451171875,-200000,697.85125732421875,7439.47119140625,-200000,-200000,-200000,663.2567138671875
1.484,6621.4091796875,-200000,698.23272705078125,6268.66796875,-200000,-200000,-200000,664.32958984375
1.488,6368.92431640625,-200000,699.94940185546875,6278.0859375,-200000,-200000,-200000,664.52032470703125
1.492,7299.5185546875,-200000,704.19317626953125,7400.203125,-200000,-200000,-200000,662.87530517578125
1.496,7675.26708984375,-200000,699.49639892578125,7571.79296875,-200000,-200000,-200000,664.7825927734375
1.5,6793.2373046875,-200000,699.80633544921875,6478.3818359375,-200000,-200000,-200000,664.2103271484375
1.504,6272.2451171875,-200000,701.42755126953125,6143.26025390625,-200000,-200000,-200000,665.11639404296875
1.508,7106.51953125,-200000,704.4554443359375,7192.08837890625,-200000,-200000,-200000,664.40118408203125
1.512,7727.7421875,-200000,700.85528564453125,7686.2578125,-200000,-200000,-200000,663.9481201171875
1.516,7006.59765625,-200000,696.9691162109375,6681.18115234375,-200000,-200000,-200000,666.04620361328125
1.52,6250.31103515625,-200000,702.30975341796875,6006.83740234375,-200000,-200000,-200000,664.13885498046875
1.524,6908.75146484375,-200000,705.21844482421875,6987.59619140625,-200000,-200000,-200000,663.63818359375
1.528,7705.47509765625,-200000,699.7108154296875,7782.1015625,-200000,-200000,-200000,662.1123046875
1.532,7216.1201171875,-200000,697.39825439453125,6852.84228515625,-200000,-200000,-200000,663.3758544921875
1.536,6334.4482421875,-200000,700.90301513671875,5878.4248046875,-200000,-200000,-200000,663.32830810546875
1.54,6749.9638671875,-200000,703.12030029296875,6756.92578125,-200000,-200000,-200000,662.99444580078125
1.544,7669.8779296875,-200000,701.78515625,7793.18896484375,-200000,-200000,-200000,661.7308349609375
1.548,7349.27734375,-200000,699.830078125,7066.25,-200000,-200000,-200000,664.16259765625
1.552,6351.82958984375,-200000,700.75994873046875,5933.64306640625,-200000,-200000,-200000,661.27783203125
1.556,6600.61865234375,-200000,703.12030029296875,6572.03271484375,-200000,-200000,-200000,663.18524169921875
1.56,7600.92822265625,-200000,701.99969482421875,7699.27587890625,-200000,-200000,-200000,662.4222412109375
1.564,7449.1982421875,-200000,697.85125732421875,7259.4169921875,-200000,-200000,-200000,662.63671875
1.568,6427.59912109375,-200000,698.6141357421875,6077.6240234375,-200000,-200000,-200000,663.44744873046875
1.572,6462.38427734375,-200000,703.00115966796875,6421.92431640625,-200000,-200000,-200000,664.16259765625
1.576,7446.55224609375,-200000,702.81036376953125,7576.3466796875,-200000,-200000,-200000,663.06591796875
1.58,7562.23291015625,-200000,698.80499267578125,7404.56640625,-200000,-200000,-200000,664.28192138671875
1.584,6602.26416015625,-200000,696.2537841796875,6217.14697265625,-200000,-200000,-200000,664.0911865234375
1.588,6356.859375,-200000,702.85809326171875,6262.73193359375,-200000,-200000,-200000,662.87530517578125
1.592,7286.26318359375,-200000,701.4036865234375,7383.39453125,-200000,-200000,-200000,663.32830810546875
1.596,7645.8935546875,-200000,698.28045654296875,7537.10400390625,-200000,-200000,-200000,663.30438232421875
1.6,6759.1669921875,-200000,698.4949951171875,6441.90380859375,-200000,-200000,-200000,664.92559814453125
1.604,6260.2998046875,-200000,703.95477294921875,6129.88525390625,-200000,-200000,-200000,663.900390625
1.608,7095.12353515625,-200000,703.14404296875,7176.23291015625,-200000,-200000,-200000,663.5189208984375
1.612,7702.47021484375,-200000,702.57196044921875,7648.4443359375,-200000,-200000,-200000,662.6844482421875
1.616,6953.00146484375,-200000,699.06719970703125,6659.4130859375,-200000,-200000,-200000,664.44873046875
1.62,6210.8515625,-200000,702.7625732421875,6008.86328125,-200000,-200000,-200000,664.28192138671875
1.624,6900.8115234375,-200000,704.33624267578125,6962.49072265625,-200000,-200000,-200000,664.28192138671875
1.628,7717.44384765625,-200000,702.11895751953125,7724.09521484375,-200000,-200000,-200000,663.13751220703125
1.632,7137.03759765625,-200000,701.92822265625,6874.01416015625,-200000,-200000,-200000,665.78399658203125
1.636,6202.14990234375,-200000,701.42755126953125,5962.58740234375,-200000,-200000,-200000,664.9017333984375
1.64,6728.6015625,-200000,703.7640380859375,6752.13427734375,-200000,-200000,-200000,663.18524169921875
1.644,7685.11328125,-200000,702.3572998046875,7736.58837890625,-200000,-200000,-200000,662.15997314453125
1.648,7289.10009765625,-200000,697.58905029296875,7073.40234375,-200000,-200000,-200000,663.97198486328125
1.652,6258.98828125,-200000,699.61553955078125,5972.72021484375,-200000,-200000,-200000,663.5189208984375
1.656,6578.3984375,-200000,703.26336669921875,6569.26708984375,-200000,-200000,-200000,662.5653076171875
1.66,7596.23046875,-200000,702.4765625,7676.24462890625,-200000,-200000,-200000,662.75604248046875
1.664,7416.9873046875,-200000,699.11492919921875,7235.79052734375,-200000,-200000,-200000,663.01824951171875
1.668,6376.6005859375,-200000,700.0208740234375,6075.3583984375,-200000,-200000,-200000,665.21173095703125
1.672,6447.3154296875,-200000,703.81170654296875,6408.47802734375,-200000,-200000,-200000,661.68310546875
1.676,7458.13916015625,-200000,704.8607177734375,7548.33349609375,-200000,-200000,-200000,663.56671142578125
1.68,7534.6474609375,-200000,700.06854248046875,7380.43896484375,-200000,-200000,-200000,663.82891845703125
1.684,6530.83447265625,-200000,698.7572021484375,6217.31396484375,-200000,-200000,-200000,663.01824951171875
1.688,6336.1171875,-200000,704.4554443359375,6260.37109375,-200000,-200000,-200000,663.68585205078125
1.692,7291.29443359375,-200000,705.67138671875,7380.77197265625,-200000,-200000,-200000,666.4276123046875
1.696,7620.59765625,-200000,699.8778076171875,7514.76416015625,-200000,-200000,-200000,662.49383544921875
1.7,6715.36962890625,-200000,699.4248046875,6415.10546875,-200000,-200000,-200000,664.92559814453125
1.704,6247.1630859375,-200000,701.97589111328125,6124.92578125,-200000,-200000,-200000,664.32958984375
1.708,7105.04150390625,-200000,704.5985107421875,7181.71630859375,-200000,-200000,-200000,664.71112060546875
1.712,7687.97509765625,-200000,701.16534423828125,7630.32568359375,-200000,-200000,-200000,665.35479736328125
1.716,6924.67724609375,-200000,698.0419921875,6635.14208984375,-200000,-200000,-200000,666.04620361328125
1.72,6191.9453125,-200000,700.90301513671875,6009.0546875,-200000,-200000,-200000,662.8037109375
1.724,6918.24072265625,-200000,703.23956298828125,6970.8349609375,-200000,-200000,-200000,662.87530517578125
1.728,7713.03271484375,-200000,701.904296875,7711.3154296875,-200000,-200000,-200000,663.56671142578125
1.732,7116.79541015625,-200000,697.5174560546875,6853.6044921875,-200000,-200000,-200000,662.04083251953125
1.736,6199.19384765625,-200000,702.57196044921875,5952.62109375,-200000,-200000,-200000,663.7811279296875
1.74,6744.74365234375,-200000,704.07403564453125,6763.19677734375,-200000,-200000,-200000,664.54412841796875
1.744,7696.62890625,-200000,699.49639892578125,7742.4052734375,-200000,-200000,-200000,664.40118408203125
1.748,7288.4560546875,-200000,699.63946533203125,7068.61083984375,-200000,-200000,-200000,663.18524169921875
1.752,6257.41552734375,-200000,702.11895751953125,5972.91015625,-200000,-200000,-200000,664.92559814453125
1.756,6600.4755859375,-200000,703.6209716796875,6589.6748046875,-200000,-200000,-200000,664.71112060546875
1.76,7627.41650390625,-200000,703.23956298828125,7705.92822265625,-200000,-200000,-200000,663.39971923828125
1.764,7436.82421875,-200000,697.61279296875,7242.6083984375,-200000,-200000,-200000,663.56671142578125
1.768,6390,-200000,700.64080810546875,6071.30615234375,-200000,-200000,-200000,662.99444580078125
1.772,6481.8623046875,-200000,698.1611328125,6441.92724609375,-200000,-200000,-200000,662.37451171875
1.776,7502.67578125,-200000,702.61962890625,7601.33349609375,-200000,-200000,-200000,663.39971923828125
1.78,7561.51806640625,-200000,698.92413330078125,7410.40771484375,-200000,-200000,-200000,662.75604248046875
1.784,6559.4912109375,-200000,698.80499267578125,6234.40771484375,-200000,-200000,-200000,664.13885498046875
1.788,6373.47802734375,-200000,701.212890625,6293.60791015625,-200000,-200000,-200000,665.6170654296875
1.792,7356.9296875,-200000,702.73876953125,7436.1328125,-200000,-200000,-200000,661.3016357421875
1.796,7673.57421875,-200000,699.80633544921875,7566.953125,-200000,-200000,-200000,665.283203125
1.8,6742.64453125,-200000,698.30419921875,6460.8818359375,-200000,-200000,-200000,664.0911865234375
1.804,6292.22509765625,-200000,703.14404296875,6183.43359375,-200000,-200000,-200000,662.94677734375
1.808,7188.4873046875,-200000,704.5745849609375,7248.73583984375,-200000,-200000,-200000,660.77716064453125
1.812,7753.82568359375,-200000,699.8778076171875,7687.47412109375,-200000,-200000,-200000,664.0672607421875
1.816,6956.26806640625,-200000,699.49639892578125,6686.1875,-200000,-200000,-200000,664.13885498046875
1.82,6240.60693359375,-200000,700.64080810546875,6073.5224609375,-200000,-200000,-200000,664.6395263671875
1.824,7002.8310546875,-200000,702.3572998046875,7039.81005859375,-200000,-200000,-200000,661.8499755859375
1.828,7794.28515625,-200000,699.37713623046875,7778.3349609375,-200000,-200000,-200000,663.44744873046875
1.832,7154.51318359375,-200000,697.15985107421875,6911.2060546875,-200000,-200000,-200000,662.94677734375
1.836,6245.20849609375,-200000,700.75994873046875,6017.70947265625,-200000,-200000,-200000,666.45147705078125
1.84,6830.47802734375,-200000,704.21710205078125,6839.89599609375,-200000,-200000,-200000,663.70977783203125
1.844,7773.4951171875,-200000,700.06854248046875,7807.73291015625,-200000,-200000,-200000,662.1123046875
1.848,7325.00634765625,-200000,697.0882568359375,7114.93603515625,-200000,-200000,-200000,661.96923828125
1.852,6295.25244140625,-200000,699.68701171875,6028.67578125,-200000,-200000,-200000,663.68585205078125
1.856,6668.1630859375,-200000,701.99969482421875,6649.3271484375,-200000,-200000,-200000,662.63671875
1.86,7699.99072265625,-200000,701.02227783203125,7763.52978515625,-200000,-200000,-200000,661.34942626953125
1.864,7466.19775390625,-200000,697.5174560546875,7287.14453125,-200000,-200000,-200000,662.63671875
1.868,6405.71240234375,-200000,701.5228271484375,6123.0185546875,-200000,-200000,-200000,664.97332763671875
1.872,6536.484375,-200000,702.57196044921875,6490.54150390625,-200000,-200000,-200000,664.2103271484375
1.876,7561.73193359375,-200000,701.2366943359375,7634.3779296875,-200000,-200000,-200000,662.49383544921875
1.88,7576.51416015625,-200000,697.73211669921875,7437.13427734375,-200000,-200000,-200000,661.4208984375
1.884,6560.4208984375,-200000,699.8778076171875,6277.7998046875,-200000,-200000,-200000,663.75732421875
1.888,6418.5625,-200000,702.42889404296875,6335.06884765625,-200000,-200000,-200000,663.1136474609375
1.892,7399.17822265625,-200000,703.8831787109375,7461.8583984375,-200000,-200000,-200000,661.1585693359375
1.896,7674.83837890625,-200000,699.830078125,7570.98291015625,-200000,-200000,-200000,664.591796875
1.9,6748.98681640625,-200000,698.30419921875,6451.05859375,-200000,-200000,-200000,666.04620361328125
1.904,6328.75,-200000,702.04736328125,6186.4375,-200000,-200000,-200000,663.87664794921875
1.908,7205.39208984375,-200000,702.2381591796875,7263.13671875,-200000,-200000,-200000,662.75604248046875
1.912,7735.7060546875,-200000,697.58905029296875,7678.3662109375,-200000,-200000,-200000,661.61163330078125
1.916,6942.10546875,-200000,698.42352294921875,6651.87890625,-200000,-200000,-200000,663.5189208984375
1.92,6250.8349609375,-200000,701.5228271484375,6054.02099609375,-200000,-200000,-200000,661.65936279296875
1.924,6988.71728515625,-200000,704.40771484375,7029.98681640625,-200000,-200000,-200000,664.97332763671875
1.928,7737.66162109375,-200000,700.78387451171875,7749.60546875,-200000,-200000,-200000,663.68585205078125
1.932,7191.65869140625,-200000,698.7572021484375,6764.4599609375,-200000,-200000,-200000,664.3533935546875
1.936,6618.8818359375,-200000,701.59442138671875,5577.94677734375,-200000,-200000,-200000,662.94677734375
1.94,7076.5732421875,-200000,701.6658935546875,6506.92041015625,-200000,-200000,-200000,662.87530517578125
1.944,7685.5185546875,-200000,701.16534423828125,7768.703125,-200000,-200000,-200000,663.68585205078125
1.948,7358.2412109375,-200000,700.9744873046875,6937.17041015625,-200000,-200000,-200000,662.15997314453125
1.952,6738.2578125,-200000,699.80633544921875,5469.79931640625,-200000,-200000,-200000,662.49383544921875
1.956,6957.6982421875,-200000,702.04736328125,6255.62744140625,-200000,-200000,-200000,663.18524169921875
1.96,7614.68505859375,-200000,700.21160888671875,7679.01025390625,-200000,-200000,-200000,662.75604248046875
1.964,7433.72509765625,-200000,700.45001220703125,7124.51953125,-200000,-200000,-200000,663.5189208984375
1.968,6754.18359375,-200000,700.0208740234375,5595.27978515625,-200000,-200000,-200000,662.87530517578125
1.972,6945.15771484375,-200000,701.8089599609375,5932.85546875,-200000,-200000,-200000,661.0155029296875
1.976,7599.28271484375,-200000,701.2366943359375,7411.36181640625,-200000,-200000,-200000,660.70556640625
1.98,7514.81103515625,-200000,697.97052001953125,7271.1708984375,-200000,-200000,-200000,662.5653076171875
1.984,6827.02099609375,-200000,697.0882568359375,5787.0390625,-200000,-200000,-200000,662.30303955078125
1.988,6812.8349609375,-200000,703.8831787109375,5770.08837890625,-200000,-200000,-200000,663.39971923828125
1.992,7471.49072265625,-200000,702.54815673828125,7191.4912109375,-200000,-200000,-200000,660.53875732421875
1.996,7552.93359375,-200000,698.7572021484375,7428.07421875,-200000,-200000,-200000,661.7308349609375
2,6874.68115234375,-200000,698.8525390625,6062.8896484375,-200000,-200000,-200000,664.13885498046875
2.004,6601.02490234375,-200000,702.69122314453125,5698.0849609375,-200000,-200000,-200000,664.2103271484375
2.008,7226.0380859375,-200000,704.07403564453125,7015.1328125,-200000,-200000,-200000,661.65936279296875
2.012,7540.32177734375,-200000,698.30419921875,7591.70166015625,-200000,-200000,-200000,663.06591796875
2.016,7007.07421875,-200000,698.68572998046875,6319.9521484375,-200000,-200000,-200000,663.13751220703125
2.02,6582.5224609375,-200000,702.69122314453125,5512.9052734375,-200000,-200000,-200000,665.42626953125
2.024,7113.26708984375,-200000,703.52557373046875,6702.7099609375,-200000,-200000,-200000,662.30303955078125
2.028,7582.0927734375,-200000,697.39825439453125,7650.0654296875,-200000,-200000,-200000,661.8499755859375
2.032,7117.60546875,-200000,697.9227294921875,6582.9755859375,-200000,-200000,-200000,661.46856689453125
2.036,6528.90234375,-200000,701.47528076171875,5462.95703125,-200000,-200000,-200000,663.75732421875
2.04,6949.47265625,-200000,703.26336669921875,6456.11328125,-200000,-200000,-200000,662.4222412109375
2.044,7560.54052734375,-200000,700.521484375,7668.61474609375,-200000,-200000,-200000,663.3758544921875
2.048,7216.93115234375,-200000,699.4486083984375,6847.21484375,-200000,-200000,-200000,662.94677734375
2.052,6439.13818359375,-200000,698.80499267578125,5568.14697265625,-200000,-200000,-200000,662.1123046875
2.056,6697.84619140625,-200000,704.0262451171875,6341.02880859375,-200000,-200000,-200000,662.9228515625
2.06,7469.36865234375,-200000,699.11492919921875,7634.28271484375,-200000,-200000,-200000,661.5400390625
2.064,7300.8544921875,-200000,697.42205810546875,7050.5625,-200000,-200000,-200000,662.73223876953125
2.068,6478.50146484375,-200000,699.06719970703125,5689.5498046875,-200000,-200000,-200000,665.5931396484375
2.072,6570.5068359375,-200000,702.9295654296875,6147.6474609375,-200000,-200000,-200000,662.9228515625
2.076,7357.2880859375,-200000,702.30975341796875,7507.2294921875,-200000,-200000,-200000,663.2567138671875
2.08,7374.3349609375,-200000,698.80499267578125,7240.91650390625,-200000,-200000,-200000,663.208984375
2.084,6614.61474609375,-200000,701.16534423828125,5830.7646484375,-200000,-200000,-200000,664.2103271484375
2.088,6504.34521484375,-200000,702.9295654296875,5938.3154296875,-200000,-200000,-200000,664.2103271484375
2.092,7236.3623046875,-200000,702.61962890625,7303.07177734375,-200000,-200000,-200000,663.06591796875
2.096,7440.99609375,-200000,698.7333984375,7394.02880859375,-200000,-200000,-200000,663.30438232421875
2.1,6728.0771484375,-200000,700.90301513671875,6066.41796875,-200000,-200000,-200000,663.13751220703125
2.104,6395.9599609375,-200000,703.64483642578125,5791.95068359375,-200000,-200000,-200000,664.52032470703125
2.108,7067.7763671875,-200000,702.3572998046875,7078.76806640625,-200000,-200000,-200000,660.77716064453125
2.112,7476.1630859375,-200000,700.1400146484375,7541.3466796875,-200000,-200000,-200000,664.83026123046875
2.116,6884.6708984375,-200000,699.25799560546875,6307.43603515625,-200000,-200000,-200000,664.32958984375
2.12,6371.2841796875,-200000,702.7625732421875,5609.98974609375,-200000,-200000,-200000,662.87530517578125
2.124,6933.90478515625,-200000,704.33624267578125,6801.15234375,-200000,-200000,-200000,663.70977783203125
2.128,7493.16259765625,-200000,700.45001220703125,7638.88427734375,-200000,-200000,-200000,663.97198486328125
2.132,7025.48046875,-200000,699.11492919921875,6556.36865234375,-200000,-200000,-200000,663.900390625
2.136,6340.6708984375,-200000,701.33221435546875,5552.81640625,-200000,-200000,-200000,664.591796875
2.14,6757.8076171875,-200000,703.14404296875,6575.96630859375,-200000,-200000,-200000,661.65936279296875
2.144,7484.8896484375,-200000,703.38262939453125,7662.75,-200000,-200000,-200000,664.52032470703125
2.148,7152.7958984375,-200000,696.1346435546875,6801.41552734375,-200000,-200000,-200000,661.77850341796875
2.152,6349.15869140625,-200000,699.49639892578125,5557.29931640625,-200000,-200000,-200000,663.01824951171875
2.156,6630.27880859375,-200000,702.3572998046875,6342.7685546875,-200000,-200000,-200000,663.9481201171875
2.16,7420.56494140625,-200000,701.6658935546875,7617.52197265625,-200000,-200000,-200000,662.49383544921875
2.164,7250.5,-200000,699.0433349609375,6996.51318359375,-200000,-200000,-200000,664.32958984375
2.168,6427.19384765625,-200000,699.3055419921875,5635.40478515625,-200000,-200000,-200000,662.49383544921875
2.172,6527.32958984375,-200000,703.38262939453125,6144.953125,-200000,-200000,-200000,664.47265625
2.176,7312.27490234375,-200000,702.04736328125,7479.4296875,-200000,-200000,-200000,663.70977783203125
2.18,7324.45703125,-200000,698.1849365234375,7178.49853515625,-200000,-200000,-200000,662.49383544921875
2.184,6504.6552734375,-200000,698.92413330078125,5827.5224609375,-200000,-200000,-200000,662.94677734375
2.188,6379.4375,-200000,702.8818359375,5992.5078125,-200000,-200000,-200000,663.5189208984375
2.192,7167.86474609375,-200000,701.09375,7302.33203125,-200000,-200000,-200000,663.63818359375
2.196,7398.7724609375,-200000,700.78387451171875,7338.83447265625,-200000,-200000,-200000,663.63818359375
2.2,6643.72509765625,-200000,699.4486083984375,6033.6591796875,-200000,-200000,-200000,663.06591796875
2.204,6297.97021484375,-200000,703.26336669921875,5830.43212890625,-200000,-200000,-200000,663.7811279296875
2.208,7009.9833984375,-200000,701.85675048828125,7078.1953125,-200000,-200000,-200000,662.6844482421875
2.212,7443.14306640625,-200000,700.0208740234375,7469.98828125,-200000,-200000,-200000,663.63818359375
2.216,6806.75537109375,-200000,697.5174560546875,6266.47509765625,-200000,-200000,-200000,664.73486328125
2.22,6259.91943359375,-200000,701.59442138671875,5665.63671875,-200000,-200000,-200000,665.11639404296875
2.224,6851.22119140625,-200000,704.52703857421875,6826.47265625,-200000,-200000,-200000,666.07000732421875
2.228,7450.62890625,-200000,701.16534423828125,7587.74365234375,-200000,-200000,-200000,663.2567138671875
2.232,6970.00146484375,-200000,700.78387451171875,6501.74609375,-200000,-200000,-200000,665.09259033203125
2.236,6301.1171875,-200000,700.5692138671875,5506.08740234375,-200000,-200000,-200000,664.71112060546875
2.24,6732.6552734375,-200000,703.0726318359375,6539.15478515625,-200000,-200000,-200000,664.2103271484375
2.244,7427.21630859375,-200000,700.78387451171875,7638.86083984375,-200000,-200000,-200000,662.04083251953125
2.248,7095.4560546875,-200000,699.11492919921875,6744.71875,-200000,-200000,-200000,663.56671142578125
2.252,6311.56005859375,-200000,701.5228271484375,5506.515625,-200000,-200000,-200000,665.42626953125
2.256,6592.4404296875,-200000,703.5732421875,6316.39990234375,-200000,-200000,-200000,663.18524169921875
2.26,7382.1787109375,-200000,699.4486083984375,7579.30322265625,-200000,-200000,-200000,662.8037109375
2.264,7198.78759765625,-200000,697.70819091796875,6945.2763671875,-200000,-200000,-200000,664.9017333984375
2.268,6379.890625,-200000,700.06854248046875,5583.3818359375,-200000,-200000,-200000,665.99853515625
2.272,6505.6328125,-200000,703.64483642578125,6102.18115234375,-200000,-200000,-200000,663.63818359375
2.276,7281.8046875,-200000,702.30975341796875,7447.3388671875,-200000,-200000,-200000,662.63671875
2.28,7278.25244140625,-200000,700.25927734375,7131.1953125,-200000,-200000,-200000,664.28192138671875
2.284,6515.19384765625,-200000,700.64080810546875,5716.13427734375,-200000,-200000,-200000,663.70977783203125
2.288,6434.56103515625,-200000,703.50177001953125,5886.19775390625,-200000,-200000,-200000,664.01971435546875
2.292,7168.10302734375,-200000,702.54815673828125,7250.5234375,-200000,-200000,-200000,662.6844482421875
2.296,7347.34619140625,-200000,699.3055419921875,7298.3740234375,-200000,-200000,-200000,664.52032470703125
2.3,6601.8349609375,-200000,697.73211669921875,5974.10302734375,-200000,-200000,-200000,665.6170654296875
2.304,6281.85302734375,-200000,702.28582763671875,5787.56396484375,-200000,-200000,-200000,663.3758544921875
2.308,6993.1982421875,-200000,703.23956298828125,7052.32666015625,-200000,-200000,-200000,663.01824951171875
2.312,7396.17431640625,-200000,698.92413330078125,7429.55322265625,-200000,-200000,-200000,662.6844482421875
2.316,6761.4794921875,-200000,698.4949951171875,6210.8046875,-200000,-200000,-200000,664.9017333984375
2.32,6249.88134765625,-200000,702.16668701171875,5617.0703125,-200000,-200000,-200000,665.1640625
2.324,6840.56396484375,-200000,704.669921875,6796.21728515625,-200000,-200000,-200000,662.4222412109375
2.328,7412.8388671875,-200000,699.94940185546875,7543.6123046875,-200000,-200000,-200000,663.63818359375
2.332,6921.19677734375,-200000,698.30419921875,6452.5849609375,-200000,-200000,-200000,662.5653076171875
2.336,6247.234375,-200000,699.68701171875,5495.8349609375,-200000,-200000,-200000,663.01824951171875
2.34,6702.56640625,-200000,702.28582763671875,6533.4560546875,-200000,-200000,-200000,663.01824951171875
2.344,7408.5,-200000,702.38116455078125,7590.9375,-200000,-200000,-200000,664.0672607421875
2.348,7055.85546875,-200000,698.54266357421875,6694.9375,-200000,-200000,-200000,664.52032470703125
2.352,6255.0546875,-200000,701.16534423828125,5495.4296875,-200000,-200000,-200000,663.18524169921875
2.356,6552.19677734375,-200000,702.57196044921875,6316.68603515625,-200000,-200000,-200000,664.97332763671875
2.36,7358.6943359375,-200000,699.4248046875,7554.4599609375,-200000,-200000,-200000,661.4208984375
2.364,7164.0732421875,-200000,696.32537841796875,6893.54052734375,-200000,-200000,-200000,661.49237060546875
2.368,6343.12744140625,-200000,699.94940185546875,5542.5888671875,-200000,-200000,-200000,662.8037109375
2.372,6467.70068359375,-200000,702.54815673828125,6088.78125,-200000,-200000,-200000,662.61297607421875
2.376,7259.25,-200000,701.73748779296875,7431.5078125,-200000,-200000,-200000,661.23016357421875
2.38,7247.6865234375,-200000,699.68701171875,7090.02099609375,-200000,-200000,-200000,666.2607421875
2.384,6442.18994140625,-200000,699.11492919921875,5712.67578125,-200000,-200000,-200000,663.44744873046875
2.388,6357.2646484375,-200000,702.9295654296875,5923.4140625,-200000,-200000,-200000,662.8275146484375
2.392,7133.6513671875,-200000,704.5985107421875,7258.2958984375,-200000,-200000,-200000,662.37451171875
2.396,7317.63916015625,-200000,698.1611328125,7256.72265625,-200000,-200000,-200000,663.3758544921875
2.4,6579.61474609375,-200000,698.54266357421875,5916.59619140625,-200000,-200000,-200000,662.75604248046875
2.404,6282.6396484375,-200000,701.33221435546875,5742.64599609375,-200000,-200000,-200000,662.87530517578125
2.408,6984.4248046875,-200000,703.12030029296875,7036.97265625,-200000,-200000,-200000,664.44873046875
2.412,7374.64453125,-200000,699.1864013671875,7392.0966796875,-200000,-200000,-200000,662.1123046875
2.416,6727.93505859375,-200000,696.70684814453125,6161.0224609375,-200000,-200000,-200000,661.9930419921875
2.42,6213.2841796875,-200000,704.21710205078125,5612.75537109375,-200000,-200000,-200000,663.63818359375
2.424,6820.4404296875,-200000,703.12030029296875,6796.7421875,-200000,-200000,-200000,662.49383544921875
2.428,7395.1005859375,-200000,700.45001220703125,7516.52734375,-200000,-200000,-200000,664.3533935546875
2.432,6878.87744140625,-200000,698.80499267578125,6413.984375,-200000,-200000,-200000,663.4951171875
2.436,6203.55712890625,-200000,700.521484375,5494.59521484375,-200000,-200000,-200000,663.9481201171875
2.44,6669.83203125,-200000,701.09375,6537.48583984375,-200000,-200000,-200000,660.70556640625
2.444,7394.45703125,-200000,700.09228515625,7555.1279296875,-200000,-200000,-200000,663.01824951171875
2.448,7018.13818359375,-200000,696.8260498046875,6649.3037109375,-200000,-200000,-200000,663.9481201171875
2.452,6218.31494140625,-200000,702.0950927734375,5472.3984375,-200000,-200000,-200000,664.13885498046875
2.456,6531.52587890625,-200000,702.69122314453125,6309.1044921875,-200000,-200000,-200000,663.87664794921875
2.46,7333.5888671875,-200000,699.90167236328125,7536.45947265625,-200000,-200000,-200000,663.4951171875
2.464,7124.3046875,-200000,697.9227294921875,6857.92041015625,-200000,-200000,-200000,662.35076904296875
2.468,6285.1435546875,-200000,700.64080810546875,5539.10791015625,-200000,-200000,-200000,664.2103271484375
2.472,6377.2919921875,-200000,702.85809326171875,6151.70068359375,-200000,-200000,-200000,664.85418701171875
2.476,7267.78515625,-200000,701.59442138671875,7388.11572265625,-200000,-200000,-200000,662.8037109375
2.48,7215.38134765625,-200000,700.7122802734375,7040.90625,-200000,-200000,-200000,664.85418701171875
2.484,6245.49462890625,-200000,697.80352783203125,5831.62353515625,-200000,-200000,-200000,664.44873046875
2.488,6185.4599609375,-200000,703.5732421875,6050.7060546875,-200000,-200000,-200000,664.7825927734375
2.492,7121.515625,-200000,702.8818359375,7229.328125,-200000,-200000,-200000,664.2103271484375
2.496,7311.0341796875,-200000,696.89764404296875,7188.2255859375,-200000,-200000,-200000,661.9930419921875
2.5,6399.8701171875,-200000,700.18780517578125,6013.48974609375,-200000,-200000,-200000,663.18524169921875
2.504,6082.4873046875,-200000,702.38116455078125,5904.77099609375,-200000,-200000,-200000,665.35479736328125
2.508,6947.5419921875,-200000,699.61553955078125,7034.97021484375,-200000,-200000,-200000,661.20635986328125
2.512,7379.10400390625,-200000,700.45001220703125,7319.9755859375,-200000,-200000,-200000,664.13885498046875
2.516,6576.18115234375,-200000,700.06854248046875,6228.5185546875,-200000,-200000,-200000,665.1640625
2.52,6002.49853515625,-200000,701.5467529296875,5775.4521484375,-200000,-200000,-200000,662.87530517578125
2.524,6765.4130859375,-200000,702.9295654296875,6818.1044921875,-200000,-200000,-200000,664.47265625
2.528,7420.35009765625,-200000,699.75860595703125,7423.11572265625,-200000,-200000,-200000,662.5653076171875
2.532,6761.2412109375,-200000,697.85125732421875,6446.05224609375,-200000,-200000,-200000,663.2567138671875
2.536,5979.94384765625,-200000,700.9744873046875,5663.18115234375,-200000,-200000,-200000,663.68585205078125
2.54,6579.01806640625,-200000,701.02227783203125,6591.13037109375,-200000,-200000,-200000,661.7308349609375
2.544,7414.8896484375,-200000,700.78387451171875,7480.3828125,-200000,-200000,-200000,661.80242919921875
2.548,6933.1171875,-200000,698.23272705078125,6659.31787109375,-200000,-200000,-200000,662.18389892578125
2.552,6003.9287109375,-200000,701.92822265625,5624.34228515625,-200000,-200000,-200000,665.4739990234375
2.556,6423.85546875,-200000,702.61962890625,6386.9482421875,-200000,-200000,-200000,662.1123046875
2.56,7351.04150390625,-200000,700.1400146484375,7473.94677734375,-200000,-200000,-200000,661.0394287109375
2.564,7084.27490234375,-200000,697.89892578125,6838.6318359375,-200000,-200000,-200000,663.39971923828125
2.568,6118.7265625,-200000,701.14141845703125,5630.5888671875,-200000,-200000,-200000,662.37451171875
2.572,6304.16943359375,-200000,703.5732421875,6190.39599609375,-200000,-200000,-200000,663.3758544921875
2.576,7240.93994140625,-200000,704.09783935546875,7388.75927734375,-200000,-200000,-200000,664.01971435546875
2.58,7188.58349609375,-200000,701.212890625,7008.72021484375,-200000,-200000,-200000,663.32830810546875
2.584,6228.63818359375,-200000,698.1849365234375,5774.40234375,-200000,-200000,-200000,663.70977783203125
2.588,6179.14306640625,-200000,702.28582763671875,6028.67578125,-200000,-200000,-200000,662.99444580078125
2.592,7096.8154296875,-200000,703.26336669921875,7230.6396484375,-200000,-200000,-200000,662.49383544921875
2.596,7281.5185546875,-200000,700.1400146484375,7162.83447265625,-200000,-200000,-200000,664.40118408203125
2.6,6390.76318359375,-200000,698.7333984375,5937.50537109375,-200000,-200000,-200000,664.32958984375
2.604,6095.81494140625,-200000,703.1917724609375,5862.16552734375,-200000,-200000,-200000,664.9017333984375
2.608,6931.49609375,-200000,703.38262939453125,7037.73583984375,-200000,-200000,-200000,662.04083251953125
2.612,7336.40234375,-200000,699.11492919921875,7293.17724609375,-200000,-200000,-200000,664.13885498046875
2.616,6572.4140625,-200000,700.9744873046875,6161.16552734375,-200000,-200000,-200000,664.97332763671875
2.62,6033.37353515625,-200000,702.30975341796875,5710.86474609375,-200000,-200000,-200000,663.3758544921875
2.624,6757.26025390625,-200000,703.43017578125,6807.3037109375,-200000,-200000,-200000,663.56671142578125
2.628,7386.9951171875,-200000,702.61962890625,7407.0693359375,-200000,-200000,-200000,663.70977783203125
2.632,6752.5146484375,-200000,699.06719970703125,6386.9716796875,-200000,-200000,-200000,663.06591796875
2.636,6007.1708984375,-200000,701.73748779296875,5600.1904296875,-200000,-200000,-200000,665.0447998046875
2.64,6582.14208984375,-200000,703.4541015625,6583.4052734375,-200000,-200000,-200000,661.9930419921875
2.644,7363.41552734375,-200000,699.80633544921875,7479.4296875,-200000,-200000,-200000,664.6395263671875
2.648,6917.8818359375,-200000,696.84991455078125,6601.1669921875,-200000,-200000,-200000,663.70977783203125
2.652,6022.28759765625,-200000,700.59307861328125,5562.13916015625,-200000,-200000,-200000,662.94677734375
2.656,6417.08447265625,-200000,703.0726318359375,6363.0107421875,-200000,-200000,-200000,662.94677734375
2.66,7328.43994140625,-200000,702.3572998046875,7457.3515625,-200000,-200000,-200000,663.13751220703125
2.664,7051.13525390625,-200000,697.97052001953125,6806.04052734375,-200000,-200000,-200000,662.8275146484375
2.668,6076.9794921875,-200000,699.11492919921875,5616.35546875,-200000,-200000,-200000,663.44744873046875
2.672,6273.6748046875,-200000,701.78515625,6187.4873046875,-200000,-200000,-200000,662.5413818359375
2.676,7226.2294921875,-200000,703.43017578125,7365.6083984375,-200000,-200000,-200000,662.35076904296875
2.68,7153.9169921875,-200000,699.25799560546875,6967.42578125,-200000,-200000,-200000,664.0672607421875
2.684,6205.39306640625,-200000,699.3055419921875,5736.3271484375,-200000,-200000,-200000,663.32830810546875
2.688,6167.2451171875,-200000,701.73748779296875,6017.3271484375,-200000,-200000,-200000,663.2567138671875
2.692,7087.54150390625,-200000,702.0950927734375,7217.45556640625,-200000,-200000,-200000,663.13751220703125
2.696,7248.42578125,-200000,700.25927734375,7127.78662109375,-200000,-200000,-200000,662.2314453125
2.7,6354.42822265625,-200000,698.54266357421875,5917.00146484375,-200000,-200000,-200000,664.66339111328125
2.704,6064.12890625,-200000,701.97589111328125,5856.7763671875,-200000,-200000,-200000,663.06591796875
2.708,6922.57958984375,-200000,703.00115966796875,7024.83740234375,-200000,-200000,-200000,663.75732421875
2.712,7317.54296875,-200000,699.94940185546875,7262.1591796875,-200000,-200000,-200000,662.75604248046875
2.716,6531,-200000,697.73211669921875,6123.82958984375,-200000,-200000,-200000,664.6395263671875
2.72,5998.08740234375,-200000,701.28448486328125,5711.12744140625,-200000,-200000,-200000,663.900390625
2.724,6741.16650390625,-200000,702.73876953125,6805.9443359375,-200000,-200000,-200000,662.6844482421875
2.728,7358.81396484375,-200000,700.78387451171875,7379.36572265625,-200000,-200000,-200000,664.44873046875
2.732,6715.03662109375,-200000,696.89764404296875,6347.39453125,-200000,-200000,-200000,663.44744873046875
2.736,5969.81103515625,-200000,702.69122314453125,5593.87255859375,-200000,-200000,-200000,663.63818359375
2.74,6565.66650390625,-200000,703.31103515625,6576.7763671875,-200000,-200000,-200000,662.37451171875
2.744,7360.26806640625,-200000,702.0950927734375,7435.44140625,-200000,-200000,-200000,665.54559326171875
2.748,6870.96240234375,-200000,697.20751953125,6566.8583984375,-200000,-200000,-200000,662.44610595703125
2.752,6006.2890625,-200000,700.75994873046875,5532.6943359375,-200000,-200000,-200000,664.01971435546875
2.756,6407.78662109375,-200000,701.6181640625,6353.5693359375,-200000,-200000,-200000,665.09259033203125
2.76,7297.08740234375,-200000,700.45001220703125,7450.22412109375,-200000,-200000,-200000,661.65936279296875
2.764,7022.4287109375,-200000,696.63525390625,6759.57275390625,-200000,-200000,-200000,663.68585205078125
2.768,6107.33056640625,-200000,699.11492919921875,5524.0390625,-200000,-200000,-200000,663.18524169921875
2.772,6303.04931640625,-200000,702.69122314453125,6137.5625,-200000,-200000,-200000,662.5413818359375
2.776,7183.09912109375,-200000,702.16668701171875,7377.67333984375,-200000,-200000,-200000,663.82891845703125
2.78,7131.50537109375,-200000,699.138671875,6932.40234375,-200000,-200000,-200000,664.0672607421875
2.784,6328.7021484375,-200000,699.9969482421875,5546.37890625,-200000,-200000,-200000,663.70977783203125
2.788,6345.22509765625,-200000,699.49639892578125,5814.6474609375,-200000,-200000,-200000,662.87530517578125
2.792,7079.83984375,-200000,702.3572998046875,7191.30078125,-200000,-200000,-200000,663.59051513671875
2.796,7191.7060546875,-200000,699.25799560546875,7121.9208984375,-200000,-200000,-200000,663.70977783203125
2.8,6474.9248046875,-200000,699.63946533203125,5725.2412109375,-200000,-200000,-200000,664.9017333984375
2.804,6260.46728515625,-200000,702.8818359375,5640.1015625,-200000,-200000,-200000,664.591796875
2.808,6942.43994140625,-200000,702.11895751953125,6982.30322265625,-200000,-200000,-200000,663.56671142578125
2.812,7248.68896484375,-200000,699.830078125,7277.3935546875,-200000,-200000,-200000,665.80780029296875
2.816,6603.81396484375,-200000,698.8525390625,5979.2998046875,-200000,-200000,-200000,665.4739990234375
2.82,6150.1982421875,-200000,700.25927734375,5529.9287109375,-200000,-200000,-200000,665.40252685546875
2.824,6764.19775390625,-200000,698.4710693359375,6761.59912109375,-200000,-200000,-200000,661.4208984375
2.828,7299.92431640625,-200000,699.68701171875,7385.30224609375,-200000,-200000,-200000,664.01971435546875
2.832,6720.99609375,-200000,699.4486083984375,6275.0107421875,-200000,-200000,-200000,661.92156982421875
2.836,6095.93505859375,-200000,701.4036865234375,5435.65771484375,-200000,-200000,-200000,663.56671142578125
2.84,6623.22119140625,-200000,703.3348388671875,6504.10693359375,-200000,-200000,-200000,664.6395263671875
2.844,7287.5029296875,-200000,701.5228271484375,7468.74853515625,-200000,-200000,-200000,661.77850341796875
2.848,6887.03125,-200000,697.58905029296875,6494.85693359375,-200000,-200000,-200000,661.65936279296875
2.852,6098.8193359375,-200000,700.45001220703125,5392.62353515625,-200000,-200000,-200000,663.4951171875
2.856,6445.2646484375,-200000,703.38262939453125,6301.9755859375,-200000,-200000,-200000,663.75732421875
2.86,7310.20068359375,-200000,700.95068359375,7411.2890625,-200000,-200000,-200000,662.9228515625
2.864,6988.00146484375,-200000,697.13604736328125,6742.21630859375,-200000,-200000,-200000,662.9228515625
2.868,6018.99609375,-200000,699.4486083984375,5565.1669921875,-200000,-200000,-200000,663.97198486328125
2.872,6260.61083984375,-200000,702.54815673828125,6160.3310546875,-200000,-200000,-200000,660.96795654296875
2.876,7178.04541015625,-200000,701.09375,7359.8154296875,-200000,-200000,-200000,661.34942626953125
2.88,7108.47412109375,-200000,699.8778076171875,6902.00390625,-200000,-200000,-200000,663.06591796875
2.884,6241.8466796875,-200000,698.94793701171875,5567.43212890625,-200000,-200000,-200000,663.32830810546875
2.888,6231.38037109375,-200000,704.97998046875,5899.64453125,-200000,-200000,-200000,661.8499755859375
2.892,7056.38037109375,-200000,701.5467529296875,7203.4599609375,-200000,-200000,-200000,662.8275146484375
2.896,7189.2021484375,-200000,698.37579345703125,7066.82275390625,-200000,-200000,-200000,663.70977783203125
2.9,6357.9326171875,-200000,698.87646484375,5772.04296875,-200000,-200000,-200000,664.32958984375
2.904,6085.5390625,-200000,703.52557373046875,5791.04541015625,-200000,-200000,-200000,666.04620361328125
2.908,6894.32666015625,-200000,702.7625732421875,7020.6171875,-200000,-200000,-200000,662.8037109375
2.912,7256.74755859375,-200000,701.42755126953125,7211.13671875,-200000,-200000,-200000,664.92559814453125
2.916,6533.8857421875,-200000,696.01544189453125,5981.8984375,-200000,-200000,-200000,662.87530517578125
2.92,6123.99609375,-200000,703.50177001953125,5526.13818359375,-200000,-200000,-200000,664.44873046875
2.924,6765.3662109375,-200000,705.36151123046875,6759.4765625,-200000,-200000,-200000,663.3758544921875
2.928,7239.27099609375,-200000,697.7796630859375,7387.51953125,-200000,-200000,-200000,661.92156982421875
2.932,6739.3310546875,-200000,696.32537841796875,6188.58447265625,-200000,-200000,-200000,663.7811279296875
2.936,6196.09375,-200000,703.38262939453125,5293.8466796875,-200000,-200000,-200000,664.85418701171875
2.94,6681.72900390625,-200000,702.28582763671875,6430.41162109375,-200000,-200000,-200000,662.99444580078125
2.944,7272.00634765625,-200000,698.0419921875,7441.25927734375,-200000,-200000,-200000,662.5653076171875
2.948,6876.13525390625,-200000,698.7333984375,6445.09912109375,-200000,-200000,-200000,665.21173095703125
2.952,6174.56494140625,-200000,700.25927734375,5276.65625,-200000,-200000,-200000,664.9017333984375
2.956,6533.36083984375,-200000,701.212890625,6202.17431640625,-200000,-200000,-200000,661.34942626953125
2.96,7244.96875,-200000,698.87646484375,7434.13037109375,-200000,-200000,-200000,661.96923828125
2.964,6987.31005859375,-200000,699.0433349609375,6674.26708984375,-200000,-200000,-200000,662.8037109375
2.968,6205.82177734375,-200000,699.56787109375,5323.05322265625,-200000,-200000,-200000,664.71112060546875
2.972,6406.68896484375,-200000,703.1917724609375,5995.8701171875,-200000,-200000,-200000,664.54412841796875
2.976,7170.60693359375,-200000,702.38116455078125,7346.75,-200000,-200000,-200000,663.70977783203125
2.98,7075.57275390625,-200000,700.47381591796875,6876.66015625,-200000,-200000,-200000,664.01971435546875
2.984,6294.03662109375,-200000,699.75860595703125,5459.4521484375,-200000,-200000,-200000,664.591796875
2.988,6302.5234375,-200000,700.521484375,5793.4765625,-200000,-200000,-200000,662.04083251953125
2.992,7060.1708984375,-200000,702.5003662109375,7183.76708984375,-200000,-200000,-200000,662.73223876953125
2.996,7145.50146484375,-200000,699.23406982421875,7058.50244140625,-200000,-200000,-200000,663.208984375
3,6413.9130859375,-200000,698.11358642578125,5657.95947265625,-200000,-200000,-200000,664.9017333984375
3.004,6204.1044921875,-200000,700.45001220703125,5637.0263671875,-200000,-200000,-200000,663.44744873046875
3.008,6917.33447265625,-200000,703.23956298828125,6980.5390625,-200000,-200000,-200000,663.7811279296875
3.012,7195.71240234375,-200000,699.80633544921875,7213.71240234375,-200000,-200000,-200000,663.3758544921875
3.016,6542.9208984375,-200000,697.0882568359375,5901.57568359375,-200000,-200000,-200000,664.13885498046875
3.02,6153.703125,-200000,700.521484375,5465.29296875,-200000,-200000,-200000,661.4208984375
3.024,6771.77978515625,-200000,704.7176513671875,6732.4404296875,-200000,-200000,-200000,661.46856689453125
3.028,7237.36328125,-200000,698.80499267578125,7344.31787109375,-200000,-200000,-200000,661.96923828125
3.032,6693.69775390625,-200000,697.0882568359375,6160.640625,-200000,-200000,-200000,665.4739990234375
3.036,6107.1396484375,-200000,701.92822265625,5351.06640625,-200000,-200000,-200000,663.18524169921875
3.04,6616.68896484375,-200000,704.00244140625,6478.69140625,-200000,-200000,-200000,663.97198486328125
3.044,7244.11083984375,-200000,698.1611328125,7426.78759765625,-200000,-200000,-200000,661.77850341796875
3.048,6838.82275390625,-200000,697.54132080078125,6406.49853515625,-200000,-200000,-200000,664.2103271484375
3.052,6153.60791015625,-200000,702.81036376953125,5254.19775390625,-200000,-200000,-200000,665.92706298828125
3.056,6513.21484375,-200000,703.6209716796875,6202.7216796875,-200000,-200000,-200000,663.5189208984375
3.06,7230.09228515625,-200000,700.8314208984375,7418.44287109375,-200000,-200000,-200000,663.06591796875
3.064,6955.26708984375,-200000,698.7572021484375,6635.9765625,-200000,-200000,-200000,662.75604248046875
3.068,6187.43994140625,-200000,699.49639892578125,5288.1484375,-200000,-200000,-200000,663.39971923828125
3.072,6397.3671875,-200000,703.50177001953125,5975.69921875,-200000,-200000,-200000,663.1136474609375
3.076,7157.25537109375,-200000,702.3572998046875,7334.13818359375,-200000,-200000,-200000,662.87530517578125
3.08,7047.7490234375,-200000,696.63525390625,6836.93994140625,-200000,-200000,-200000,662.5653076171875
3.084,6277.06103515625,-200000,698.92413330078125,5414.96337890625,-200000,-200000,-200000,662.75604248046875
3.088,6308.4609375,-200000,704.2646484375,5787.4208984375,-200000,-200000,-200000,663.9481201171875
3.092,7046.72412109375,-200000,699.94940185546875,7170.17724609375,-200000,-200000,-200000,662.18389892578125
3.096,7120.92041015625,-200000,697.27911376953125,7021.18994140625,-200000,-200000,-200000,661.92156982421875
3.1,6386.39990234375,-200000,697.85125732421875,5617.5234375,-200000,-200000,-200000,661.65936279296875
3.104,6213.18896484375,-200000,703.4541015625,5612.54052734375,-200000,-200000,-200000,663.4951171875
3.108,6915.52197265625,-200000,702.4765625,6975.72265625,-200000,-200000,-200000,663.18524169921875
3.112,7178.640625,-200000,699.06719970703125,7186.4130859375,-200000,-200000,-200000,661.8499755859375
3.116,6517.26806640625,-200000,697.9227294921875,5859.5185546875,-200000,-200000,-200000,665.11639404296875
3.12,6147.12353515625,-200000,701.85675048828125,5450.4873046875,-200000,-200000,-200000,664.13885498046875
3.124,6761.50390625,-200000,702.69122314453125,6726.88525390625,-200000,-200000,-200000,664.73486328125
3.128,7220.79296875,-200000,698.87646484375,7315.70849609375,-200000,-200000,-200000,661.9930419921875
3.132,6672.45458984375,-200000,699.1864013671875,6117.34375,-200000,-200000,-200000,664.13885498046875
3.136,6105.7568359375,-200000,703.38262939453125,5319.16650390625,-200000,-200000,-200000,665.5931396484375
3.14,6607.98583984375,-200000,702.3572998046875,6467.7958984375,-200000,-200000,-200000,663.68585205078125
3.144,7227.06396484375,-200000,699.75860595703125,7401.65771484375,-200000,-200000,-200000,662.5653076171875
3.148,6802.4638671875,-200000,700.1400146484375,6373.47802734375,-200000,-200000,-200000,664.40118408203125
3.152,6091.40478515625,-200000,700.95068359375,5269.4560546875,-200000,-200000,-200000,662.37451171875
3.156,6470.6328125,-200000,704.00244140625,6227.25537109375,-200000,-200000,-200000,663.13751220703125
3.16,7204.8671875,-200000,701.85675048828125,7407.66650390625,-200000,-200000,-200000,662.73223876953125
3.164,6929.32666015625,-200000,701.2366943359375,6616.23583984375,-200000,-200000,-200000,664.0911865234375
3.168,6132.2451171875,-200000,700.45001220703125,5288.48193359375,-200000,-200000,-200000,665.99853515625
3.172,6351.9716796875,-200000,700.9744873046875,6005.21630859375,-200000,-200000,-200000,660.8963623046875
3.176,7135.10546875,-200000,701.33221435546875,7329.4404296875,-200000,-200000,-200000,661.4208984375
3.18,7021.85693359375,-200000,696.56378173828125,6807.375,-200000,-200000,-200000,662.37451171875
3.184,6216.02587890625,-200000,699.75860595703125,5413.55712890625,-200000,-200000,-200000,665.1640625
3.188,6252.98046875,-200000,701.904296875,5817.0078125,-200000,-200000,-200000,663.56671142578125
3.192,7026.74462890625,-200000,702.04736328125,7174.46875,-200000,-200000,-200000,662.35076904296875
3.196,7099.93896484375,-200000,697.58905029296875,6989.14599609375,-200000,-200000,-200000,661.96923828125
3.2,6327.91552734375,-200000,698.4710693359375,5601.8115234375,-200000,-200000,-200000,664.16259765625
3.204,6152.9638671875,-200000,701.5467529296875,5638.31396484375,-200000,-200000,-200000,663.5189208984375
3.208,6883.50244140625,-200000,701.8089599609375,6981.54052734375,-200000,-200000,-200000,661.61163330078125
3.212,7151.9140625,-200000,699.9969482421875,7148.26708984375,-200000,-200000,-200000,665.6884765625
3.216,6475.6630859375,-200000,697.3505859375,5831.95703125,-200000,-200000,-200000,663.70977783203125
3.22,6099.41552734375,-200000,700.521484375,5459.66650390625,-200000,-200000,-200000,663.63818359375
3.224,6740.23681640625,-200000,701.78515625,6732.6552734375,-200000,-200000,-200000,662.87530517578125
3.228,7190.5380859375,-200000,700.90301513671875,7284.37890625,-200000,-200000,-200000,666.3084716796875
3.232,6634.1640625,-200000,698.30419921875,6090.71337890625,-200000,-200000,-200000,663.59051513671875
3.236,6060.52978515625,-200000,703.4541015625,5330.15771484375,-200000,-200000,-200000,662.99444580078125
3.24,6590.60546875,-200000,704.5985107421875,6481.02880859375,-200000,-200000,-200000,663.68585205078125
3.244,7208.70556640625,-200000,698.94793701171875,7367.85009765625,-200000,-200000,-200000,662.75604248046875
3.248,6772.90087890625,-200000,698.11358642578125,6333.23291015625,-200000,-200000,-200000,662.8275146484375
3.252,6060.1474609375,-200000,702.3572998046875,5257.2724609375,-200000,-200000,-200000,663.70977783203125
3.256,6449.77197265625,-200000,702.81036376953125,6226.11083984375,-200000,-200000,-200000,665.09259033203125
3.26,7185.7216796875,-200000,699.830078125,7385.1591796875,-200000,-200000,-200000,662.5653076171875
3.264,6900.5966796875,-200000,699.63946533203125,6578.27978515625,-200000,-200000,-200000,661.8499755859375
3.268,6086.1826171875,-200000,700.521484375,5285.95556640625,-200000,-200000,-200000,663.44744873046875
3.272,6320.6435546875,-200000,702.81036376953125,6010.81884765625,-200000,-200000,-200000,665.42626953125
3.276,7118.296875,-200000,702.38116455078125,7316.23291015625,-200000,-200000,-200000,661.1585693359375
3.28,6992.91259765625,-200000,699.8778076171875,6776.6435546875,-200000,-200000,-200000,660.8963623046875
3.284,6192.49462890625,-200000,699.138671875,5375.671875,-200000,-200000,-200000,663.70977783203125
3.288,6240.63134765625,-200000,702.5003662109375,5796.6953125,-200000,-200000,-200000,664.16259765625
3.292,7009.93603515625,-200000,700.75994873046875,7167.5546875,-200000,-200000,-200000,662.06463623046875
3.296,7065.91650390625,-200000,701.6658935546875,6953.64599609375,-200000,-200000,-200000,662.5653076171875
3.3,6307.125,-200000,698.6141357421875,5563.40234375,-200000,-200000,-200000,662.30303955078125
3.304,6145.19140625,-200000,701.14141845703125,5614.16259765625,-200000,-200000,-200000,662.87530517578125
3.308,6875.15771484375,-200000,702.54815673828125,6972.2177734375,-200000,-200000,-200000,664.28192138671875
3.312,7131.625,-200000,700.45001220703125,7117.7958984375,-200000,-200000,-200000,662.99444580078125
3.316,6435.27587890625,-200000,697.73211669921875,5800.74853515625,-200000,-200000,-200000,662.8275146484375
3.32,6066.7998046875,-200000,702.8818359375,5453.7060546875,-200000,-200000,-200000,663.2567138671875
3.324,6720.59130859375,-200000,703.38262939453125,6731.9873046875,-200000,-200000,-200000,664.52032470703125
3.328,7171.29833984375,-200000,701.78515625,7259.703125,-200000,-200000,-200000,663.9481201171875
3.332,6596.01806640625,-200000,697.80352783203125,6047.79833984375,-200000,-200000,-200000,662.04083251953125
3.336,6011.41552734375,-200000,698.6141357421875,5340.29052734375,-200000,-200000,-200000,662.30303955078125
3.34,6555.24853515625,-200000,703.12030029296875,6497.67041015625,-200000,-200000,-200000,661.77850341796875
3.344,7193.0654296875,-200000,700.59307861328125,7341.2421875,-200000,-200000,-200000,662.18389892578125
3.348,6742.0966796875,-200000,697.73211669921875,6307.4833984375,-200000,-200000,-200000,663.56671142578125
3.352,6006.98046875,-200000,700.40234375,5274.0810546875,-200000,-200000,-200000,664.47265625
3.356,6411.48193359375,-200000,701.14141845703125,6246.82958984375,-200000,-200000,-200000,661.34942626953125
3.36,7171.96484375,-200000,700.5692138671875,7365.41796875,-200000,-200000,-200000,664.71112060546875
3.364,6859.875,-200000,696.89764404296875,6536.84228515625,-200000,-200000,-200000,663.68585205078125
3.368,6045.74755859375,-200000,701.33221435546875,5280.78125,-200000,-200000,-200000,663.9481201171875
3.372,6283.0693359375,-200000,702.69122314453125,6030.48828125,-200000,-200000,-200000,664.28192138671875
3.376,7099.29541015625,-200000,699.0433349609375,7302.9287109375,-200000,-200000,-200000,660.8963623046875
3.38,6965.94775390625,-200000,701.73748779296875,6746.69775390625,-200000,-200000,-200000,664.13885498046875
3.384,6112.57666015625,-200000,698.99560546875,5398.60791015625,-200000,-200000,-200000,664.2103271484375
3.388,6161.40478515625,-200000,701.6181640625,5854.58349609375,-200000,-200000,-200000,663.9481201171875
3.392,6980.42041015625,-200000,701.47528076171875,7169.48583984375,-200000,-200000,-200000,662.94677734375
3.396,7051.30224609375,-200000,698.6141357421875,6919.0029296875,-200000,-200000,-200000,663.75732421875
3.4,6242.5849609375,-200000,698.7333984375,5564.2841796875,-200000,-200000,-200000,662.94677734375
3.404,6079.53125,-200000,701.16534423828125,5661.0107421875,-200000,-200000,-200000,664.13885498046875
3.408,6843.82958984375,-200000,701.212890625,6973.6484375,-200000,-200000,-200000,661.92156982421875
3.412,7117.2958984375,-200000,700.40234375,7081.8193359375,-200000,-200000,-200000,665.283203125
3.416,6392.38427734375,-200000,697.5174560546875,5775.78662109375,-200000,-200000,-200000,661.65936279296875
3.42,6025.88671875,-200000,702.8818359375,5475.85546875,-200000,-200000,-200000,663.13751220703125
3.424,6693.38818359375,-200000,701.73748779296875,6738.94921875,-200000,-200000,-200000,662.5413818359375
3.428,7154.06005859375,-200000,699.56787109375,7222.3427734375,-200000,-200000,-200000,663.4951171875
3.432,6558.3466796875,-200000,697.58905029296875,6022.69287109375,-200000,-200000,-200000,662.1123046875
3.436,5990.6005859375,-200000,699.25799560546875,5329.49072265625,-200000,-200000,-200000,663.900390625
3.44,6546.3779296875,-200000,704.8369140625,6486.4873046875,-200000,-200000,-200000,663.9481201171875
3.444,7170.0341796875,-200000,699.94940185546875,7319.18896484375,-200000,-200000,-200000,663.63818359375
3.448,6702.16162109375,-200000,696.06317138671875,6271.00537109375,-200000,-200000,-200000,663.5189208984375
3.452,5965.40087890625,-200000,698.8525390625,5257.79833984375,-200000,-200000,-200000,662.73223876953125
3.456,6390.35791015625,-200000,701.78515625,6244.51708984375,-200000,-200000,-200000,662.4222412109375
3.46,7156.15869140625,-200000,700.40234375,7339.97900390625,-200000,-200000,-200000,665.23565673828125
3.464,6832.4091796875,-200000,702.4765625,6511.04541015625,-200000,-200000,-200000,664.28192138671875
3.468,5986.2373046875,-200000,701.16534423828125,5281.54443359375,-200000,-200000,-200000,665.7362060546875
3.472,6251.95556640625,-200000,704.0262451171875,6042.29052734375,-200000,-200000,-200000,662.75604248046875
3.476,7087.23193359375,-200000,702.0950927734375,7290.36328125,-200000,-200000,-200000,661.65936279296875
3.48,6937.79052734375,-200000,698.37579345703125,6706.76318359375,-200000,-200000,-200000,662.75604248046875
3.484,6076.21728515625,-200000,699.06719970703125,5363.48828125,-200000,-200000,-200000,661.61163330078125
3.488,6147.52880859375,-200000,702.95343017578125,5842.2333984375,-200000,-200000,-200000,664.73486328125
3.492,6977.24853515625,-200000,701.97589111328125,7157.921875,-200000,-200000,-200000,661.61163330078125
3.496,7022.73828125,-200000,702.0950927734375,6886.125,-200000,-200000,-200000,664.13885498046875
3.5,6218.72021484375,-200000,699.25799560546875,5515.86181640625,-200000,-200000,-200000,664.83026123046875
3.504,6082.7734375,-200000,702.16668701171875,5633.99853515625,-200000,-200000,-200000,664.52032470703125
3.508,6842.92431640625,-200000,700.521484375,6967.1396484375,-200000,-200000,-200000,663.32830810546875
3.512,7083.79833984375,-200000,698.0419921875,7050.7529296875,-200000,-200000,-200000,663.87664794921875
3.516,6363.79833984375,-200000,697.01678466796875,5734.89697265625,-200000,-200000,-200000,662.4222412109375
3.52,6008.29150390625,-200000,701.212890625,5464.7685546875,-200000,-200000,-200000,663.44744873046875
3.524,6687.16552734375,-200000,700.521484375,6738.6630859375,-200000,-200000,-200000,661.20635986328125
3.528,7131.50537109375,-200000,697.99432373046875,7189.6083984375,-200000,-200000,-200000,660.96795654296875
3.532,6510.4482421875,-200000,697.01678466796875,5997.0380859375,-200000,-200000,-200000,663.75732421875
3.536,5937.10009765625,-200000,703.26336669921875,5346.29931640625,-200000,-200000,-200000,663.30438232421875
3.54,6518.65087890625,-200000,703.26336669921875,6497.86083984375,-200000,-200000,-200000,663.75732421875
3.544,7148.57666015625,-200000,698.68572998046875,7285.046875,-200000,-200000,-200000,663.18524169921875
3.548,6668.04296875,-200000,698.30419921875,6238.27099609375,-200000,-200000,-200000,665.21173095703125
3.552,5929.61328125,-200000,701.16534423828125,5261.99365234375,-200000,-200000,-200000,662.2314453125
3.556,6370.3779296875,-200000,703.69256591796875,6253.95849609375,-200000,-200000,-200000,663.4951171875
3.56,7133.57958984375,-200000,700.0208740234375,7325.72119140625,-200000,-200000,-200000,663.9481201171875
3.564,6802.84619140625,-200000,699.0433349609375,6476.3076171875,-200000,-200000,-200000,663.2567138671875
3.568,5967.66552734375,-200000,700.7122802734375,5258.77587890625,-200000,-200000,-200000,664.47265625
3.572,6228.0419921875,-200000,701.02227783203125,6028.390625,-200000,-200000,-200000,660.7293701171875
3.576,7065.43994140625,-200000,701.02227783203125,7284.33203125,-200000,-200000,-200000,662.9228515625
3.58,6912.44677734375,-200000,698.92413330078125,6673.57568359375,-200000,-200000,-200000,661.61163330078125
3.584,6065.36962890625,-200000,697.42205810546875,5329.41796875,-200000,-200000,-200000,664.54412841796875
3.588,6143.5224609375,-200000,702.5003662109375,5826.8310546875,-200000,-200000,-200000,661.8499755859375
3.592,6961.1318359375,-200000,702.04736328125,7150.22119140625,-200000,-200000,-200000,661.7308349609375
3.596,6996.46484375,-200000,697.6605224609375,6858.06396484375,-200000,-200000,-200000,663.06591796875
3.6,6181.57421875,-200000,697.58905029296875,5497.14599609375,-200000,-200000,-200000,663.06591796875
3.604,6051.54150390625,-200000,701.4036865234375,5629.0625,-200000,-200000,-200000,664.01971435546875
3.608,6831.57568359375,-200000,702.7625732421875,6964.4453125,-200000,-200000,-200000,662.8275146484375
3.612,7066.46484375,-200000,699.25799560546875,7020.45068359375,-200000,-200000,-200000,663.3758544921875
3.616,6325.38916015625,-200000,699.52020263671875,5708.50390625,-200000,-200000,-200000,664.01971435546875
3.62,5969.3818359375,-200000,703.12030029296875,5467.2724609375,-200000,-200000,-200000,663.9481201171875
3.624,6670.5234375,-200000,701.85675048828125,6742.28759765625,-200000,-200000,-200000,663.32830810546875
3.628,7108.5693359375,-200000,700.8314208984375,7164.16943359375,-200000,-200000,-200000,664.71112060546875
3.632,6488.109375,-200000,697.20751953125,5944.7294921875,-200000,-200000,-200000,663.82891845703125
3.636,5936.14697265625,-200000,700.5692138671875,5316.4482421875,-200000,-200000,-200000,664.54412841796875
3.64,6516.3857421875,-200000,702.69122314453125,6486.13037109375,-200000,-200000,-200000,662.4222412109375
3.644,7132.5546875,-200000,701.04608154296875,7266.88037109375,-200000,-200000,-200000,663.900390625
3.648,6640.3154296875,-200000,698.92413330078125,6193.0419921875,-200000,-200000,-200000,664.40118408203125
3.652,5943.06103515625,-200000,697.73211669921875,5213.2607421875,-200000,-200000,-200000,664.25811767578125
3.656,6379.3662109375,-200000,701.85675048828125,6224.39453125,-200000,-200000,-200000,662.30303955078125
3.66,7108.88037109375,-200000,699.06719970703125,7311.9404296875,-200000,-200000,-200000,662.1123046875
3.664,6776.81005859375,-200000,698.3519287109375,6437.35009765625,-200000,-200000,-200000,663.18524169921875
3.668,5976.5576171875,-200000,699.80633544921875,5195.78515625,-200000,-200000,-200000,662.04083251953125
3.672,6244.23046875,-200000,702.61962890625,6000.4951171875,-200000,-200000,-200000,661.65936279296875
3.676,7054.37744140625,-200000,700.7122802734375,7265.44921875,-200000,-200000,-200000,661.65936279296875
3.68,6882.33447265625,-200000,696.8260498046875,6638.21728515625,-200000,-200000,-200000,662.44610595703125
3.684,6050.0625,-200000,700.45001220703125,5285.5732421875,-200000,-200000,-200000,664.71112060546875
3.688,6133.34228515625,-200000,703.50177001953125,5804.7294921875,-200000,-200000,-200000,664.591796875
3.692,6941.7958984375,-200000,702.42889404296875,7134.48583984375,-200000,-200000,-200000,662.49383544921875
3.696,6969.28515625,-200000,700.5692138671875,6824.49462890625,-200000,-200000,-200000,664.97332763671875
3.7,6170.56005859375,-200000,699.61553955078125,5444.5263671875,-200000,-200000,-200000,663.01824951171875
3.704,6062.10302734375,-200000,702.3572998046875,5601.93115234375,-200000,-200000,-200000,662.75604248046875
3.708,6819.63037109375,-200000,702.5003662109375,6948.51953125,-200000,-200000,-200000,662.61297607421875
3.712,7034.1826171875,-200000,698.08966064453125,6991.7919921875,-200000,-200000,-200000,664.52032470703125
3.716,6310.84521484375,-200000,699.3055419921875,5650.3779296875,-200000,-200000,-200000,663.70977783203125
3.72,5995.75146484375,-200000,701.16534423828125,5422.92578125,-200000,-200000,-200000,664.25811767578125
3.724,6670.66650390625,-200000,701.85675048828125,6717.96875,-200000,-200000,-200000,662.6844482421875
3.728,7079.26806640625,-200000,700.7122802734375,7137.46630859375,-200000,-200000,-200000,665.09259033203125
3.732,6468.39208984375,-200000,699.25799560546875,5898.5234375,-200000,-200000,-200000,663.13751220703125
3.736,5953.4794921875,-200000,699.0433349609375,5269.02734375,-200000,-200000,-200000,665.35479736328125
3.74,6523.9912109375,-200000,703.26336669921875,6461.90625,-200000,-200000,-200000,662.87530517578125
3.744,7109.30859375,-200000,700.45001220703125,7237.91162109375,-200000,-200000,-200000,664.54412841796875
3.748,6611.3232421875,-200000,699.68701171875,6156.8740234375,-200000,-200000,-200000,664.92559814453125
3.752,5905.08056640625,-200000,701.47528076171875,5201.33984375,-200000,-200000,-200000,664.591796875
3.756,6354.38037109375,-200000,701.04608154296875,6228.56640625,-200000,-200000,-200000,661.96923828125
3.76,7098.2216796875,-200000,700.21160888671875,7285.046875,-200000,-200000,-200000,664.9017333984375
3.764,6747.31787109375,-200000,698.3519287109375,6397.7724609375,-200000,-200000,-200000,662.37451171875
3.768,5923.7958984375,-200000,699.25799560546875,5195.5224609375,-200000,-200000,-200000,661.68310546875
3.772,6217.02734375,-200000,702.8818359375,6008.72119140625,-200000,-200000,-200000,663.3758544921875
3.776,7039.35693359375,-200000,702.61962890625,7253.00390625,-200000,-200000,-200000,664.0911865234375
3.78,6857.1328125,-200000,697.80352783203125,6610.6083984375,-200000,-200000,-200000,664.97332763671875
3.784,6001.01953125,-200000,698.4949951171875,5270.41015625,-200000,-200000,-200000,661.92156982421875
3.788,6105.63818359375,-200000,700.78387451171875,5805.8505859375,-200000,-200000,-200000,659.751953125
3.792,6937.83837890625,-200000,700.7122802734375,7128.54931640625,-200000,-200000,-200000,662.30303955078125
3.796,6943.51318359375,-200000,697.7796630859375,6786.91943359375,-200000,-200000,-200000,662.94677734375
3.8,6110.0966796875,-200000,696.9691162109375,5437.3505859375,-200000,-200000,-200000,662.8275146484375
3.804,6006.4794921875,-200000,703.1917724609375,5632.61572265625,-200000,-200000,-200000,662.37451171875
3.808,6803.8232421875,-200000,700.0208740234375,6952.54833984375,-200000,-200000,-200000,662.63671875
3.812,7006.90869140625,-200000,696.2537841796875,6948.68603515625,-200000,-200000,-200000,661.61163330078125
3.816,6254.7685546875,-200000,699.37713623046875,5635.4765625,-200000,-200000,-200000,662.37451171875
3.82,5940.74755859375,-200000,700.90301513671875,5449.67724609375,-200000,-200000,-200000,660.8963623046875
3.824,6650.94921875,-200000,702.61962890625,6732.79833984375,-200000,-200000,-200000,662.4222412109375
3.828,7063.0078125,-200000,698.23272705078125,7101.8935546875,-200000,-200000,-200000,663.44744873046875
3.832,6421.37646484375,-200000,698.08966064453125,5873.44287109375,-200000,-200000,-200000,662.35076904296875
3.836,5898.64306640625,-200000,702.66729736328125,5291.93896484375,-200000,-200000,-200000,663.4951171875
3.84,6497.43115234375,-200000,703.64483642578125,6478.57275390625,-200000,-200000,-200000,661.9930419921875
3.844,7088.0888671875,-200000,698.99560546875,7212.2099609375,-200000,-200000,-200000,661.5400390625
3.848,6570.86474609375,-200000,697.85125732421875,6127.8349609375,-200000,-200000,-200000,662.9228515625
3.852,5863.16650390625,-200000,701.42755126953125,5214.07177734375,-200000,-200000,-200000,662.2314453125
3.856,6332.18359375,-200000,702.0950927734375,6244.32666015625,-200000,-200000,-200000,661.7308349609375
3.86,7081.4140625,-200000,700.9744873046875,7255.45947265625,-200000,-200000,-200000,662.8037109375
3.864,6715.46484375,-200000,697.42205810546875,6365.0615234375,-200000,-200000,-200000,662.99444580078125
3.868,5884.33837890625,-200000,700.75994873046875,5195.1171875,-200000,-200000,-200000,663.2567138671875
3.872,6183.6005859375,-200000,700.85528564453125,6010.77197265625,-200000,-200000,-200000,663.900390625
3.876,7026.76806640625,-200000,699.94940185546875,7232.88134765625,-200000,-200000,-200000,661.27783203125
3.88,6828.9521484375,-200000,700.33087158203125,6576.65771484375,-200000,-200000,-200000,665.23565673828125
3.884,5952.50244140625,-200000,698.42352294921875,5271.48291015625,-200000,-200000,-200000,664.92559814453125
3.888,6072.1640625,-200000,700.18780517578125,5821.7763671875,-200000,-200000,-200000,662.1123046875
3.892,6921.7919921875,-200000,700.78387451171875,7120.01416015625,-200000,-200000,-200000,662.75604248046875
3.896,6918.45458984375,-200000,700.521484375,6752.2294921875,-200000,-200000,-200000,663.5189208984375
3.9,6075.64453125,-200000,698.37579345703125,5414.41552734375,-200000,-200000,-200000,664.66339111328125
3.904,5976.72509765625,-200000,703.95477294921875,5625.65380859375,-200000,-200000,-200000,665.23565673828125
3.908,6790.68603515625,-200000,699.80633544921875,6946.75537109375,-200000,-200000,-200000,661.3016357421875
3.912,6993.1513671875,-200000,699.4486083984375,6920.81494140625,-200000,-200000,-200000,662.75604248046875
3.916,6215.95458984375,-200000,696.2537841796875,5612.08837890625,-200000,-200000,-200000,662.75604248046875
3.92,5906.9873046875,-200000,700.1400146484375,5455.7802734375,-200000,-200000,-200000,665.0447998046875
3.924,6637.50244140625,-200000,701.4036865234375,6733.87109375,-200000,-200000,-200000,660.65802001953125
3.928,7044.0771484375,-200000,698.92413330078125,7061.24365234375,-200000,-200000,-200000,663.32830810546875
3.932,6376.88671875,-200000,699.25799560546875,5843.56884765625,-200000,-200000,-200000,663.13751220703125
3.936,5855.3935546875,-200000,702.16668701171875,5306.5302734375,-200000,-200000,-200000,663.56671142578125
3.94,6476.06884765625,-200000,702.30975341796875,6490.23046875,-200000,-200000,-200000,663.18524169921875
3.944,7074.0703125,-200000,701.02227783203125,7181.97900390625,-200000,-200000,-200000,662.73223876953125
3.948,6538.86865234375,-200000,697.20751953125,6084.70556640625,-200000,-200000,-200000,665.8792724609375
3.952,5842.4951171875,-200000,701.904296875,5197.5966796875,-200000,-200000,-200000,662.61297607421875
3.956,6321.40625,-200000,703.0726318359375,6241.03662109375,-200000,-200000,-200000,664.28192138671875
3.96,7068.63525390625,-200000,700.5692138671875,7230.95068359375,-200000,-200000,-200000,662.8037109375
3.964,6673.9560546875,-200000,697.4697265625,6332.04052734375,-200000,-200000,-200000,662.49383544921875
3.968,5834.58056640625,-200000,700.40234375,5199.95703125,-200000,-200000,-200000,664.40118408203125
3.972,6161.83349609375,-200000,701.2366943359375,6023.12109375,-200000,-200000,-200000,662.9228515625
3.976,7012.58203125,-200000,702.30975341796875,7215.953125,-200000,-200000,-200000,662.2314453125
3.98,6793.40478515625,-200000,696.2537841796875,6538.2724609375,-200000,-200000,-200000,663.3758544921875
3.984,5907.2255859375,-200000,701.85675048828125,5260.4443359375,-200000,-200000,-200000,664.66339111328125
3.988,6044.38818359375,-200000,702.3572998046875,5826.8076171875,-200000,-200000,-200000,663.32830810546875
3.992,6905.74755859375,-200000,697.97052001953125,7108.45068359375,-200000,-200000,-200000,661.61163330078125
3.996,6896.6630859375,-200000,697.54132080078125,6718.06396484375,-200000,-200000,-200000,662.5653076171875
4,6039.1904296875,-200000,698.68572998046875,5389.31005859375,-200000,-200000,-200000,664.0672607421875
4.004,5955.7919921875,-200000,703.64483642578125,5639.1240234375,-200000,-200000,-200000,665.283203125
4.008,6779.00390625,-200000,701.47528076171875,6937.09912109375,-200000,-200000,-200000,661.8499755859375
4.012,6971.45556640625,-200000,697.5174560546875,6883.02587890625,-200000,-200000,-200000,662.99444580078125
4.016,6176.40087890625,-200000,699.3055419921875,5581.26025390625,-200000,-200000,-200000,664.92559814453125
4.02,5868.9833984375,-200000,704.21710205078125,5474.30615234375,-200000,-200000,-200000,661.68310546875
4.024,6619.3818359375,-200000,702.61962890625,6730.8671875,-200000,-200000,-200000,662.94677734375
4.028,7024.40771484375,-200000,699.68701171875,7032.03759765625,-200000,-200000,-200000,663.32830810546875
4.032,6340.0029296875,-200000,697.73211669921875,5818.1044921875,-200000,-200000,-200000,663.87664794921875
4.036,5816.41259765625,-200000,701.92822265625,5313.9453125,-200000,-200000,-200000,664.97332763671875
4.04,6453.94384765625,-200000,701.78515625,6484.3662109375,-200000,-200000,-200000,663.3758544921875
4.044,7057.78662109375,-200000,698.68572998046875,7146.45458984375,-200000,-200000,-200000,662.5653076171875
4.048,6495.64306640625,-200000,696.58770751953125,6068.2060546875,-200000,-200000,-200000,662.37451171875
4.052,5765.70068359375,-200000,699.830078125,5233.00244140625,-200000,-200000,-200000,662.8037109375
4.056,6287.6943359375,-200000,699.8778076171875,6257.15234375,-200000,-200000,-200000,661.77850341796875
4.06,7052.49365234375,-200000,699.3055419921875,7203.34130859375,-200000,-200000,-200000,663.01824951171875
4.064,6638.38427734375,-200000,697.7796630859375,6304.2880859375,-200000,-200000,-200000,662.6844482421875
4.068,5771.0654296875,-200000,701.2366943359375,5212.71337890625,-200000,-200000,-200000,662.9228515625
4.072,6131.05322265625,-200000,702.16668701171875,6039.52490234375,-200000,-200000,-200000,662.94677734375
4.076,7009.36328125,-200000,703.38262939453125,7193.8515625,-200000,-200000,-200000,663.70977783203125
4.08,6768.72802734375,-200000,699.49639892578125,6513.0234375,-200000,-200000,-200000,663.06591796875
4.084,5850.38671875,-200000,696.3968505859375,5255.4375,-200000,-200000,-200000,663.18524169921875
4.088,6013.56103515625,-200000,701.85675048828125,5839.92041015625,-200000,-200000,-200000,661.46856689453125
4.092,6906.74853515625,-200000,702.16668701171875,7089.4248046875,-200000,-200000,-200000,663.18524169921875
4.096,6867.6474609375,-200000,698.54266357421875,6687.02197265625,-200000,-200000,-200000,662.18389892578125
4.1,5980.08740234375,-200000,698.6141357421875,5378.98583984375,-200000,-200000,-200000,663.2567138671875
4.104,5920.3154296875,-200000,703.12030029296875,5650.33056640625,-200000,-200000,-200000,662.63671875
4.108,6763.86474609375,-200000,700.95068359375,6937.6953125,-200000,-200000,-200000,661.80242919921875
4.112,6941.74853515625,-200000,697.4697265625,6850.45703125,-200000,-200000,-200000,661.96923828125
4.116,6135.9169921875,-200000,696.2537841796875,5562.16259765625,-200000,-200000,-200000,662.6844482421875
4.12,5837.91796875,-200000,701.09375,5478.52587890625,-200000,-200000,-200000,660.77716064453125
4.124,6612.34912109375,-200000,702.3572998046875,6732.0107421875,-200000,-200000,-200000,662.5413818359375
4.128,7006.90869140625,-200000,700.66455078125,6999.23046875,-200000,-200000,-200000,662.63671875
4.132,6284.28515625,-200000,698.08966064453125,5798.578125,-200000,-200000,-200000,663.18524169921875
4.136,5766.9404296875,-200000,701.99969482421875,5340.8388671875,-200000,-200000,-200000,663.39971923828125
4.14,6443.1435546875,-200000,702.85809326171875,6500.9599609375,-200000,-200000,-200000,662.06463623046875
4.144,7039.9765625,-200000,696.8260498046875,7119.3935546875,-200000,-200000,-200000,661.87384033203125
4.148,6462.9560546875,-200000,697.01678466796875,6038.76171875,-200000,-200000,-200000,662.5413818359375
4.152,5748.0341796875,-200000,701.47528076171875,5217.93359375,-200000,-200000,-200000,664.01971435546875
4.156,6278.34912109375,-200000,700.8314208984375,6255.41259765625,-200000,-200000,-200000,662.8037109375
4.16,7038.0927734375,-200000,701.04608154296875,7177.52099609375,-200000,-200000,-200000,662.99444580078125
4.164,6616.1396484375,-200000,697.04052734375,6271.24365234375,-200000,-200000,-200000,664.01971435546875
4.168,5763.60302734375,-200000,697.58905029296875,5186.7724609375,-200000,-200000,-200000,663.70977783203125
4.172,6122.06494140625,-200000,701.5467529296875,6033.35009765625,-200000,-200000,-200000,664.85418701171875
4.176,6992.19775390625,-200000,699.68701171875,7175.1357421875,-200000,-200000,-200000,660.65802001953125
4.18,6742.7880859375,-200000,698.4710693359375,6477.78515625,-200000,-200000,-200000,663.1136474609375
4.184,5829.97900390625,-200000,699.94940185546875,5228.09130859375,-200000,-200000,-200000,662.49383544921875
4.188,5998.9453125,-200000,700.75994873046875,5836.43994140625,-200000,-200000,-200000,662.5413818359375
4.192,6892.41943359375,-200000,700.40234375,7081.1748046875,-200000,-200000,-200000,660.8486328125
4.196,6843.54296875,-200000,698.4710693359375,6655.5498046875,-200000,-200000,-200000,661.77850341796875
4.2,5951.57177734375,-200000,698.8525390625,5358.48193359375,-200000,-200000,-200000,663.01824951171875
4.204,5889.9404296875,-200000,698.3519287109375,5653.4052734375,-200000,-200000,-200000,660.8963623046875
4.208,6759.57275390625,-200000,702.73876953125,6926.48974609375,-200000,-200000,-200000,662.5653076171875
4.212,6927.03759765625,-200000,697.97052001953125,6817.8896484375,-200000,-200000,-200000,662.30303955078125
4.216,6096.26806640625,-200000,697.58905029296875,5540.92041015625,-200000,-200000,-200000,664.83026123046875
4.22,5803.65771484375,-200000,700.90301513671875,5474.59228515625,-200000,-200000,-200000,663.208984375
4.224,6601.26318359375,-200000,702.1904296875,6726.6943359375,-200000,-200000,-200000,661.68310546875
4.228,6987.38134765625,-200000,696.3968505859375,6963.77880859375,-200000,-200000,-200000,663.63818359375
4.232,6264.51953125,-200000,696.46844482421875,5758.73828125,-200000,-200000,-200000,663.32830810546875
4.236,5757.35546875,-200000,701.78515625,5321.16943359375,-200000,-200000,-200000,663.9481201171875
4.24,6431.60400390625,-200000,700.521484375,6489.39697265625,-200000,-200000,-200000,661.0394287109375
4.244,7017.77978515625,-200000,698.94793701171875,7088.70947265625,-200000,-200000,-200000,663.2567138671875
4.248,6418.87255859375,-200000,697.0882568359375,6006.17041015625,-200000,-200000,-200000,664.47265625
4.252,5716.63427734375,-200000,701.16534423828125,5219.19775390625,-200000,-200000,-200000,665.85546875
4.256,6264.63916015625,-200000,701.2366943359375,6252.86181640625,-200000,-200000,-200000,662.06463623046875
4.26,7022.4287109375,-200000,699.32940673828125,7158.11328125,-200000,-200000,-200000,663.06591796875
4.264,6584.95458984375,-200000,699.3055419921875,6234.765625,-200000,-200000,-200000,663.82891845703125
4.268,5738.87890625,-200000,698.37579345703125,5165.29150390625,-200000,-200000,-200000,661.7308349609375
4.272,6110.93115234375,-200000,702.5003662109375,6021.9765625,-200000,-200000,-200000,663.06591796875
4.276,6978.98974609375,-200000,702.1904296875,7155.89599609375,-200000,-200000,-200000,662.30303955078125
4.28,6713.70068359375,-200000,698.0419921875,6444.40771484375,-200000,-200000,-200000,662.2552490234375
4.284,5803.99072265625,-200000,699.06719970703125,5203.4140625,-200000,-200000,-200000,663.44744873046875
4.288,5991.2919921875,-200000,703.43017578125,5827.80859375,-200000,-200000,-200000,665.8792724609375
4.292,6878.35302734375,-200000,700.2830810546875,7063.38916015625,-200000,-200000,-200000,662.15997314453125
4.296,6816.48291015625,-200000,700.33087158203125,6621.38525390625,-200000,-200000,-200000,663.4951171875
4.3,5912.23291015625,-200000,698.42352294921875,5336.9521484375,-200000,-200000,-200000,661.5400390625
4.304,5876.08837890625,-200000,701.97589111328125,5648.04150390625,-200000,-200000,-200000,662.2314453125
4.308,6751.51416015625,-200000,701.73748779296875,6913.3046875,-200000,-200000,-200000,660.2049560546875
4.312,6903.38671875,-200000,699.23406982421875,6789.23193359375,-200000,-200000,-200000,663.32830810546875
4.316,6056.6669921875,-200000,700.37841796875,5519.17578125,-200000,-200000,-200000,665.42626953125
4.32,5788.1591796875,-200000,702.5003662109375,5475.73681640625,-200000,-200000,-200000,664.0672607421875
4.324,6585.3359375,-200000,702.0950927734375,6716.5615234375,-200000,-200000,-200000,663.75732421875
4.328,6961.72802734375,-200000,699.23406982421875,6935.45458984375,-200000,-200000,-200000,661.61163330078125
4.332,6223.15478515625,-200000,697.73211669921875,5732.08447265625,-200000,-200000,-200000,663.75732421875
4.336,5730.72509765625,-200000,699.68701171875,5318.9990234375,-200000,-200000,-200000,661.92156982421875
4.34,6420.66015625,-200000,702.5003662109375,6489.30078125,-200000,-200000,-200000,661.7308349609375
4.344,6996.53662109375,-200000,699.0433349609375,7060.50390625,-200000,-200000,-200000,661.08709716796875
4.348,6390.28662109375,-200000,697.99432373046875,5971.81396484375,-200000,-200000,-200000,661.8499755859375
4.352,5685.04443359375,-200000,700.66455078125,5211.33056640625,-200000,-200000,-200000,663.3758544921875
4.356,6249.33349609375,-200000,702.5003662109375,6254.86474609375,-200000,-200000,-200000,663.900390625
4.36,7021.45166015625,-200000,700.66455078125,7115.9365234375,-200000,-200000,-200000,663.39971923828125
4.364,6533.265625,-200000,699.32940673828125,6224.29931640625,-200000,-200000,-200000,663.44744873046875
4.368,5638.57666015625,-200000,698.7572021484375,5212.3076171875,-200000,-200000,-200000,663.63818359375
4.372,6078.6015625,-200000,701.92822265625,6042.50537109375,-200000,-200000,-200000,661.7308349609375
4.376,6982.8271484375,-200000,699.52020263671875,7117.91552734375,-200000,-200000,-200000,663.4951171875
4.38,6676.7216796875,-200000,698.92413330078125,6427.90869140625,-200000,-200000,-200000,665.42626953125
4.384,5724.64453125,-200000,696.58770751953125,5220.9140625,-200000,-200000,-200000,663.13751220703125
4.388,5958.29541015625,-200000,702.04736328125,5841.51806640625,-200000,-200000,-200000,664.32958984375
4.392,6874.2998046875,-200000,700.7122802734375,7051.54052734375,-200000,-200000,-200000,663.3758544921875
4.396,6785.75146484375,-200000,697.4697265625,6593.0849609375,-200000,-200000,-200000,663.01824951171875
4.4,5860.6865234375,-200000,698.87646484375,5320.45458984375,-200000,-200000,-200000,665.09259033203125
4.404,5851.88916015625,-200000,702.30975341796875,5651.21240234375,-200000,-200000,-200000,662.30303955078125
4.408,6744.9091796875,-200000,700.47381591796875,6904.4833984375,-200000,-200000,-200000,662.75604248046875
4.412,6877.89990234375,-200000,700.18780517578125,6756.2578125,-200000,-200000,-200000,662.8275146484375
4.416,6020.33203125,-200000,697.97052001953125,5484.72509765625,-200000,-200000,-200000,664.92559814453125
4.42,5762.48193359375,-200000,701.2366943359375,5477.52490234375,-200000,-200000,-200000,662.5413818359375
4.424,6586.71875,-200000,701.02227783203125,6713.74853515625,-200000,-200000,-200000,661.87384033203125
4.428,6945.34765625,-200000,698.37579345703125,6899.6669921875,-200000,-200000,-200000,662.99444580078125
4.432,6179.16650390625,-200000,697.5174560546875,5708.7421875,-200000,-200000,-200000,662.49383544921875
4.436,5695.9873046875,-200000,701.78515625,5330.68212890625,-200000,-200000,-200000,663.32830810546875
4.44,6411.4091796875,-200000,701.59442138671875,6484.19921875,-200000,-200000,-200000,661.5400390625
4.444,6989.7412109375,-200000,699.63946533203125,7023.8359375,-200000,-200000,-200000,663.4951171875
4.448,6352.28271484375,-200000,699.56787109375,5951.26171875,-200000,-200000,-200000,664.9017333984375
4.452,5637.4794921875,-200000,698.7333984375,5226.27880859375,-200000,-200000,-200000,663.3758544921875
4.456,6234.7890625,-200000,702.95343017578125,6256.27099609375,-200000,-200000,-200000,663.06591796875
4.46,6995.36865234375,-200000,698.1849365234375,7098.0078125,-200000,-200000,-200000,660.77716064453125
4.464,6508.99462890625,-200000,697.39825439453125,6181.5029296875,-200000,-200000,-200000,664.13885498046875
4.468,5635.9296875,-200000,699.75860595703125,5184.41259765625,-200000,-200000,-200000,664.85418701171875
4.472,6066.1083984375,-200000,700.521484375,6030.46484375,-200000,-200000,-200000,663.44744873046875
4.476,6965.85302734375,-200000,701.71368408203125,7104.1826171875,-200000,-200000,-200000,662.61297607421875
4.48,6649.828125,-200000,697.01678466796875,6390.26171875,-200000,-200000,-200000,662.5653076171875
4.484,5696.13037109375,-200000,699.68701171875,5206.99072265625,-200000,-200000,-200000,664.52032470703125
4.488,5925.72802734375,-200000,701.212890625,5840.32568359375,-200000,-200000,-200000,661.87384033203125
4.492,6872.65478515625,-200000,702.1904296875,7031.01171875,-200000,-200000,-200000,662.87530517578125
4.496,6759.90625,-200000,697.13604736328125,6569.3857421875,-200000,-200000,-200000,662.30303955078125
4.5,5796.95703125,-200000,695.82470703125,5332.89990234375,-200000,-200000,-200000,662.75604248046875
4.504,5802.79931640625,-200000,701.6181640625,5667.51953125,-200000,-200000,-200000,662.94677734375
4.508,6738.75927734375,-200000,700.8314208984375,6883.26416015625,-200000,-200000,-200000,661.5400390625
4.512,6861.35400390625,-200000,701.35595703125,6727.21875,-200000,-200000,-200000,665.7362060546875
4.516,5950.9521484375,-200000,697.6605224609375,5492.92578125,-200000,-200000,-200000,666.04620361328125
4.52,5707.95556640625,-200000,700.66455078125,5506.6591796875,-200000,-200000,-200000,662.94677734375
4.524,6578.66015625,-200000,702.04736328125,6700.6591796875,-200000,-200000,-200000,664.47265625
4.528,6930.7568359375,-200000,697.85125732421875,6861.6396484375,-200000,-200000,-200000,661.61163330078125
4.532,6117.13037109375,-200000,696.63525390625,5700.30322265625,-200000,-200000,-200000,661.27783203125
4.536,5639.74462890625,-200000,702.73876953125,5359.5302734375,-200000,-200000,-200000,663.44744873046875
4.54,6399.8701171875,-200000,701.212890625,6483.9599609375,-200000,-200000,-200000,662.8275146484375
4.544,6975.38916015625,-200000,697.85125732421875,6988.0966796875,-200000,-200000,-200000,661.80242919921875
4.548,6312.49072265625,-200000,697.15985107421875,5926.609375,-200000,-200000,-200000,661.49237060546875
4.552,5619.3828125,-200000,702.9295654296875,5213.5703125,-200000,-200000,-200000,666.64227294921875
4.556,6226.61181640625,-200000,702.42889404296875,6248.37890625,-200000,-200000,-200000,663.32830810546875
4.56,6978.06005859375,-200000,700.90301513671875,7079.69775390625,-200000,-200000,-200000,663.1136474609375
4.564,6479.45458984375,-200000,699.68701171875,6134.48681640625,-200000,-200000,-200000,664.01971435546875
4.568,5646.34912109375,-200000,699.8778076171875,5136.41943359375,-200000,-200000,-200000,662.61297607421875
4.572,6068.2060546875,-200000,702.81036376953125,6018.2578125,-200000,-200000,-200000,663.68585205078125
4.576,6942.65478515625,-200000,698.30419921875,7090.8310546875,-200000,-200000,-200000,661.34942626953125
4.58,6628.08447265625,-200000,698.1611328125,6344.5810546875,-200000,-200000,-200000,664.591796875
4.584,5702.06640625,-200000,700.90301513671875,5150.74755859375,-200000,-200000,-200000,665.35479736328125
4.588,5934.1669921875,-200000,700.8314208984375,5820.03662109375,-200000,-200000,-200000,662.1123046875
4.592,6848.3115234375,-200000,699.830078125,7026.02978515625,-200000,-200000,-200000,662.30303955078125
4.596,6739.3779296875,-200000,698.7333984375,6534.02880859375,-200000,-200000,-200000,664.52032470703125
4.6,5831.83837890625,-200000,698.56640625,5243.75537109375,-200000,-200000,-200000,663.13751220703125
4.604,5839.30078125,-200000,702.73876953125,5624.55712890625,-200000,-200000,-200000,664.2103271484375
4.608,6715.75146484375,-200000,700.21160888671875,6884.50390625,-200000,-200000,-200000,664.7825927734375
4.612,6829.52490234375,-200000,697.73211669921875,6697.82275390625,-200000,-200000,-200000,663.56671142578125
4.616,5936.57568359375,-200000,698.7572021484375,5444.9560546875,-200000,-200000,-200000,663.82891845703125
4.62,5714.8701171875,-200000,701.4036865234375,5480.1708984375,-200000,-200000,-200000,661.7308349609375
4.624,6567.02587890625,-200000,701.42755126953125,6695.17578125,-200000,-200000,-200000,663.44744873046875
4.628,6905.77099609375,-200000,698.4949951171875,6833.7919921875,-200000,-200000,-200000,661.5877685546875
4.632,6094.98046875,-200000,697.27911376953125,5660.0810546875,-200000,-200000,-200000,662.5653076171875
4.636,5630.01708984375,-200000,699.75860595703125,5336.28515625,-200000,-200000,-200000,663.56671142578125
4.64,6389.90478515625,-200000,701.28448486328125,6475.90234375,-200000,-200000,-200000,663.32830810546875
4.644,6952.95458984375,-200000,697.20751953125,6966.6865234375,-200000,-200000,-200000,662.6844482421875
4.648,6281.6865234375,-200000,697.54132080078125,5886.74609375,-200000,-200000,-200000,661.0155029296875
4.652,5587.1015625,-200000,698.11358642578125,5201.33984375,-200000,-200000,-200000,662.04083251953125
4.656,6215,-200000,701.78515625,6244.9453125,-200000,-200000,-200000,663.82891845703125
4.66,6969.4755859375,-200000,699.7108154296875,7048.6552734375,-200000,-200000,-200000,663.44744873046875
4.664,6446.72021484375,-200000,697.3505859375,6118.3935546875,-200000,-200000,-200000,663.01824951171875
4.668,5585.86181640625,-200000,698.80499267578125,5148.5302734375,-200000,-200000,-200000,662.15997314453125
4.672,6046.27197265625,-200000,701.47528076171875,6020.5224609375,-200000,-200000,-200000,662.99444580078125
4.676,6934.6904296875,-200000,701.78515625,7070.44677734375,-200000,-200000,-200000,662.37451171875
4.68,6593.65771484375,-200000,699.63946533203125,6333.42333984375,-200000,-200000,-200000,663.56671142578125
4.684,5634.16552734375,-200000,697.3505859375,5158.1865234375,-200000,-200000,-200000,664.32958984375
4.688,5910.11083984375,-200000,703.26336669921875,5825.87744140625,-200000,-200000,-200000,663.56671142578125
4.692,6850.6005859375,-200000,701.6658935546875,7001.63916015625,-200000,-200000,-200000,660.82489013671875
4.696,6712.77099609375,-200000,698.99560546875,6507.39697265625,-200000,-200000,-200000,662.04083251953125
4.7,5751.46728515625,-200000,699.4248046875,5266.9287109375,-200000,-200000,-200000,663.7811279296875
4.704,5788.66015625,-200000,704.07403564453125,5651.37890625,-200000,-200000,-200000,663.5189208984375
4.708,6718.04052734375,-200000,700.59307861328125,6870.07958984375,-200000,-200000,-200000,662.5653076171875
4.712,6801.60546875,-200000,698.08966064453125,6661.9638671875,-200000,-200000,-200000,663.06591796875
4.716,5902.24365234375,-200000,698.0419921875,5419.3740234375,-200000,-200000,-200000,661.87384033203125
4.72,5688.35791015625,-200000,701.02227783203125,5483.9140625,-200000,-200000,-200000,662.87530517578125
4.724,6559.9443359375,-200000,701.16534423828125,6691.8857421875,-200000,-200000,-200000,661.65936279296875
4.728,6880.95166015625,-200000,698.08966064453125,6808.51953125,-200000,-200000,-200000,663.59051513671875
4.732,6057.76416015625,-200000,698.87646484375,5638.1708984375,-200000,-200000,-200000,663.18524169921875
4.736,5607.05712890625,-200000,700.64080810546875,5339.64697265625,-200000,-200000,-200000,662.2314453125
4.74,6386.11328125,-200000,702.28582763671875,6476.68896484375,-200000,-200000,-200000,662.5413818359375
4.744,6927.89599609375,-200000,696.18231201171875,6936.47900390625,-200000,-200000,-200000,663.4951171875
4.748,6241.72802734375,-200000,697.4697265625,5863.64306640625,-200000,-200000,-200000,662.73223876953125
4.752,5564.64306640625,-200000,700.9744873046875,5207.46728515625,-200000,-200000,-200000,663.900390625
4.756,6208.4443359375,-200000,702.66729736328125,6247.4013671875,-200000,-200000,-200000,665.0447998046875
4.76,6946.51708984375,-200000,699.25799560546875,7025.1943359375,-200000,-200000,-200000,661.77850341796875
4.764,6412.72119140625,-200000,699.52020263671875,6090.42724609375,-200000,-200000,-200000,662.87530517578125
4.768,5558.80078125,-200000,697.39825439453125,5137.39697265625,-200000,-200000,-200000,659.5135498046875
4.772,6035.08984375,-200000,702.66729736328125,6015.34912109375,-200000,-200000,-200000,662.99444580078125
4.776,6922.17431640625,-200000,700.25927734375,7046.67578125,-200000,-200000,-200000,663.3758544921875
4.78,6568.83837890625,-200000,699.23406982421875,6298.16162109375,-200000,-200000,-200000,661.65936279296875
4.784,5620.3125,-200000,699.80633544921875,5140.328125,-200000,-200000,-200000,663.39971923828125
4.788,5898.26171875,-200000,702.2381591796875,5823.20703125,-200000,-200000,-200000,661.7308349609375
4.792,6838.13134765625,-200000,698.6141357421875,6988.43115234375,-200000,-200000,-200000,661.4208984375
4.796,6685.18603515625,-200000,700.7122802734375,6478.52490234375,-200000,-200000,-200000,662.8275146484375
4.8,5723.4765625,-200000,700.33087158203125,5244.30322265625,-200000,-200000,-200000,662.99444580078125
4.804,5770.23046875,-200000,701.85675048828125,5639.8154296875,-200000,-200000,-200000,664.0911865234375
4.808,6707.8359375,-200000,700.0208740234375,6858.70703125,-200000,-200000,-200000,662.61297607421875
4.812,6788.51708984375,-200000,698.1849365234375,6636.6201171875,-200000,-200000,-200000,663.87664794921875
4.816,5867.1953125,-200000,697.9227294921875,5396.00927734375,-200000,-200000,-200000,663.208984375
4.82,5669.61865234375,-200000,700.7122802734375,5467.12890625,-200000,-200000,-200000,662.1123046875
4.824,6552.05322265625,-200000,703.00115966796875,6684.7802734375,-200000,-200000,-200000,660.77716064453125
4.828,6864.61962890625,-200000,698.1611328125,6782.6513671875,-200000,-200000,-200000,662.75604248046875
4.832,6027.12744140625,-200000,697.7796630859375,5604.00537109375,-200000,-200000,-200000,666.4276123046875
4.836,5592.27490234375,-200000,701.73748779296875,5326.29541015625,-200000,-200000,-200000,662.61297607421875
4.84,6374.7412109375,-200000,700.21160888671875,6471.18212890625,-200000,-200000,-200000,661.08709716796875
4.844,6911.06396484375,-200000,698.54266357421875,6910.58740234375,-200000,-200000,-200000,663.900390625
4.848,6211.35302734375,-200000,699.1864013671875,5826.68896484375,-200000,-200000,-200000,664.01971435546875
4.852,5541.18212890625,-200000,700.64080810546875,5196.09521484375,-200000,-200000,-200000,660.92022705078125
4.856,6195.8076171875,-200000,700.45001220703125,6241.72802734375,-200000,-200000,-200000,660.3240966796875
4.86,6932.95068359375,-200000,701.16534423828125,7001.49609375,-200000,-200000,-200000,662.73223876953125
4.864,6380.7255859375,-200000,696.63525390625,6053.2568359375,-200000,-200000,-200000,662.35076904296875
4.868,5537.70166015625,-200000,699.25799560546875,5123.80712890625,-200000,-200000,-200000,661.92156982421875
4.872,6025.3388671875,-200000,701.5228271484375,6015.8974609375,-200000,-200000,-200000,663.87664794921875
4.876,6900.50244140625,-200000,700.33087158203125,7032.75244140625,-200000,-200000,-200000,662.1123046875
4.88,6534.1708984375,-200000,697.13604736328125,6259.06103515625,-200000,-200000,-200000,662.18389892578125
4.884,5598.76025390625,-200000,701.5228271484375,5113.67431640625,-200000,-200000,-200000,664.0672607421875
4.888,5889.51171875,-200000,701.8089599609375,5807.9482421875,-200000,-200000,-200000,662.15997314453125
4.892,6822.5625,-200000,699.63946533203125,6977.12890625,-200000,-200000,-200000,663.5189208984375
4.896,6659.31787109375,-200000,698.30419921875,6448.0068359375,-200000,-200000,-200000,662.49383544921875
4.9,5695.86865234375,-200000,697.39825439453125,5207.7529296875,-200000,-200000,-200000,661.68310546875
4.904,5756.87890625,-200000,700.47381591796875,5630.1123046875,-200000,-200000,-200000,662.5413818359375
4.908,6686.73583984375,-200000,700.8314208984375,6847.97802734375,-200000,-200000,-200000,660.08575439453125
4.912,6757.9990234375,-200000,696.44464111328125,6611.25244140625,-200000,-200000,-200000,661.7308349609375
4.916,5852.72412109375,-200000,696.44464111328125,5353.0458984375,-200000,-200000,-200000,662.30303955078125
4.92,5669.95166015625,-200000,700.0208740234375,5456.54296875,-200000,-200000,-200000,662.8037109375
4.924,6535.36328125,-200000,703.00115966796875,6682.56396484375,-200000,-200000,-200000,661.7308349609375
4.928,6831.0498046875,-200000,700.21160888671875,6753.8984375,-200000,-200000,-200000,663.1136474609375
4.932,6008.64990234375,-200000,698.87646484375,5559.82666015625,-200000,-200000,-200000,663.5189208984375
4.936,5584.7412109375,-200000,701.28448486328125,5307.62744140625,-200000,-200000,-200000,664.16259765625
4.94,6362.9873046875,-200000,701.35595703125,6466.60400390625,-200000,-200000,-200000,663.2567138671875
4.944,6878.35302734375,-200000,699.90167236328125,6896.78271484375,-200000,-200000,-200000,663.18524169921875
4.948,6205.34521484375,-200000,698.11358642578125,5774.02197265625,-200000,-200000,-200000,663.56671142578125
4.952,5556.03515625,-200000,696.9691162109375,5151.5341796875,-200000,-200000,-200000,661.80242919921875
4.956,6192.66015625,-200000,703.4541015625,6237.7216796875,-200000,-200000,-200000,665.283203125
4.96,6897.640625,-200000,697.9227294921875,6992.76953125,-200000,-200000,-200000,660.4671630859375
4.964,6372.7138671875,-200000,698.80499267578125,6008.38671875,-200000,-200000,-200000,663.18524169921875
4.968,5551.5771484375,-200000,699.49639892578125,5074.8349609375,-200000,-200000,-200000,663.5189208984375
4.972,6027.53271484375,-200000,702.4765625,6000.08984375,-200000,-200000,-200000,662.49383544921875
4.976,6877.0654296875,-200000,700.1400146484375,7025.12353515625,-200000,-200000,-200000,662.15997314453125
4.98,6522.08447265625,-200000,698.37579345703125,6226.9208984375,-200000,-200000,-200000,663.32830810546875
4.984,5601.02490234375,-200000,697.97052001953125,5063.20068359375,-200000,-200000,-200000,662.61297607421875
4.988,5881.38134765625,-200000,703.50177001953125,5799.81884765625,-200000,-200000,-200000,662.9228515625
4.992,6814.60009765625,-200000,699.4486083984375,6965.3037109375,-200000,-200000,-200000,661.1585693359375
4.996,6630.27880859375,-200000,698.30419921875,6414.6279296875,-200000,-200000,-200000,663.2567138671875
5,5660.390625,-200000,697.3505859375,5192.68603515625,-200000,-200000,-200000,661.80242919921875
5.004,5753.68505859375,-200000,702.8818359375,5633.06884765625,-200000,-200000,-200000,662.8037109375
5.008,6689.93115234375,-200000,702.54815673828125,6840.87353515625,-200000,-200000,-200000,663.63818359375
5.012,6734.20458984375,-200000,696.58770751953125,6585.90869140625,-200000,-200000,-200000,662.49383544921875
5.016,5801.7490234375,-200000,698.6141357421875,5346.32275390625,-200000,-200000,-200000,662.35076904296875
5.02,5641.8896484375,-200000,700.8314208984375,5466.65234375,-200000,-200000,-200000,662.2552490234375
5.024,6537.1513671875,-200000,701.47528076171875,6676.53125,-200000,-200000,-200000,662.61297607421875
5.028,6822.7294921875,-200000,698.08966064453125,6734.22900390625,-200000,-200000,-200000,660.77716064453125
5.032,5971.55078125,-200000,698.42352294921875,5545.09228515625,-200000,-200000,-200000,662.61297607421875
5.036,5563.1162109375,-200000,701.04608154296875,5308.8427734375,-200000,-200000,-200000,662.8037109375
5.04,6366.2529296875,-200000,701.5467529296875,6467.4140625,-200000,-200000,-200000,661.5400390625
5.044,6874.15625,-200000,698.8525390625,6859.54150390625,-200000,-200000,-200000,663.900390625
5.048,6158.61474609375,-200000,696.44464111328125,5768.84765625,-200000,-200000,-200000,663.2567138671875
5.052,5511.78515625,-200000,703.3348388671875,5185.67578125,-200000,-200000,-200000,665.42626953125
5.056,6188.75146484375,-200000,701.14141845703125,6241.44140625,-200000,-200000,-200000,661.61163330078125
5.06,6902.2177734375,-200000,698.3519287109375,6961.703125,-200000,-200000,-200000,661.27783203125
5.064,6338.54931640625,-200000,697.39825439453125,6003.64306640625,-200000,-200000,-200000,664.32958984375
5.068,5507.08837890625,-200000,699.75860595703125,5102.82568359375,-200000,-200000,-200000,662.73223876953125
5.072,6015.30078125,-200000,701.02227783203125,6013.03662109375,-200000,-200000,-200000,662.18389892578125
5.076,6889.9638671875,-200000,700.40234375,7006.0732421875,-200000,-200000,-200000,662.06463623046875
5.08,6496.73974609375,-200000,698.6141357421875,6224.41796875,-200000,-200000,-200000,661.23016357421875
5.084,5543.56640625,-200000,700.45001220703125,5100.34619140625,-200000,-200000,-200000,663.44744873046875
5.088,5861.1875,-200000,701.28448486328125,5808.6162109375,-200000,-200000,-200000,664.28192138671875
5.092,6814.76708984375,-200000,700.45001220703125,6969.6904296875,-200000,-200000,-200000,662.75604248046875
5.096,6622.1474609375,-200000,698.0419921875,6402.75537109375,-200000,-200000,-200000,665.21173095703125
5.1,5648.25634765625,-200000,699.68701171875,5170.4169921875,-200000,-200000,-200000,663.06591796875
5.104,5738.54541015625,-200000,703.4541015625,5628.46728515625,-200000,-200000,-200000,663.06591796875
5.108,6697.29833984375,-200000,701.8089599609375,6847.3583984375,-200000,-200000,-200000,663.70977783203125
5.112,6728.5302734375,-200000,697.9227294921875,6567.14453125,-200000,-200000,-200000,661.5400390625
5.116,5782.8427734375,-200000,698.80499267578125,5319.11962890625,-200000,-200000,-200000,662.18389892578125
5.12,5639.5537109375,-200000,698.99560546875,5452.37109375,-200000,-200000,-200000,662.8037109375
5.124,6536.6513671875,-200000,701.97589111328125,6689.26318359375,-200000,-200000,-200000,661.96923828125
5.128,6810.37890625,-200000,697.39825439453125,6717.87353515625,-200000,-200000,-200000,664.97332763671875
5.132,5945.75390625,-200000,697.0882568359375,5513.3583984375,-200000,-200000,-200000,663.82891845703125
5.136,5535.67431640625,-200000,700.1400146484375,5308.10400390625,-200000,-200000,-200000,662.61297607421875
5.14,6353.1162109375,-200000,701.73748779296875,6475.06787109375,-200000,-200000,-200000,660.2049560546875
5.144,6862.3544921875,-200000,699.4486083984375,6851.86474609375,-200000,-200000,-200000,663.30438232421875
5.148,6126.7138671875,-200000,697.7796630859375,5730.98681640625,-200000,-200000,-200000,663.9481201171875
5.152,5483.74755859375,-200000,701.35595703125,5163.90869140625,-200000,-200000,-200000,662.75604248046875
5.156,6166.5537109375,-200000,700.64080810546875,6242.87109375,-200000,-200000,-200000,661.61163330078125
5.16,6880.66552734375,-200000,699.7108154296875,6952.4765625,-200000,-200000,-200000,662.8275146484375
5.164,6312.15625,-200000,696.3968505859375,5948.06787109375,-200000,-200000,-200000,662.49383544921875
5.168,5513.16796875,-200000,699.68701171875,5053.37744140625,-200000,-200000,-200000,662.5413818359375
5.172,6012.79833984375,-200000,703.3348388671875,6023.69384765625,-200000,-200000,-200000,662.94677734375
5.176,6868.7919921875,-200000,697.58905029296875,7018.328125,-200000,-200000,-200000,660.8486328125
5.18,6501.53271484375,-200000,694.79949951171875,6195.1162109375,-200000,-200000,-200000,660.13348388671875
5.184,5576.39697265625,-200000,699.52020263671875,5059.81494140625,-200000,-200000,-200000,662.4222412109375
5.188,5886.17431640625,-200000,700.1400146484375,5833.76953125,-200000,-200000,-200000,662.2314453125
5.192,6808.94921875,-200000,699.32940673828125,7013.4404296875,-200000,-200000,-200000,662.2314453125
5.196,6656.79052734375,-200000,697.85125732421875,6409.86083984375,-200000,-200000,-200000,662.8037109375
5.2,5724.19140625,-200000,698.4949951171875,5138.58837890625,-200000,-200000,-200000,663.75732421875
5.204,5803.1083984375,-200000,699.9969482421875,5659.58056640625,-200000,-200000,-200000,660.92022705078125
5.208,6706.453125,-200000,701.04608154296875,6930.7568359375,-200000,-200000,-200000,662.73223876953125
5.212,6778.43212890625,-200000,697.6605224609375,6611.18115234375,-200000,-200000,-200000,662.18389892578125
5.216,5907.96484375,-200000,697.9227294921875,5301.18994140625,-200000,-200000,-200000,664.7825927734375
5.22,5751.39599609375,-200000,703.3348388671875,5489.27880859375,-200000,-200000,-200000,664.32958984375
5.224,6583.4287109375,-200000,701.09375,6788.37353515625,-200000,-200000,-200000,661.61163330078125
5.228,6872.7734375,-200000,697.42205810546875,6796.43212890625,-200000,-200000,-200000,661.87384033203125
5.232,6077.60009765625,-200000,697.6605224609375,5549.02587890625,-200000,-200000,-200000,660.39569091796875
5.236,5673.4091796875,-200000,701.47528076171875,5386.49609375,-200000,-200000,-200000,661.80242919921875
5.24,6447.05322265625,-200000,701.2366943359375,6602.7880859375,-200000,-200000,-200000,662.30303955078125
5.244,6965.66162109375,-200000,700.21160888671875,6964.30322265625,-200000,-200000,-200000,662.30303955078125
5.248,6270.60009765625,-200000,698.7333984375,5829.23974609375,-200000,-200000,-200000,663.59051513671875
5.252,5630.3505859375,-200000,699.25799560546875,5296.54052734375,-200000,-200000,-200000,664.73486328125
5.256,6303.5966796875,-200000,699.90167236328125,6398.9404296875,-200000,-200000,-200000,661.8499755859375
5.26,7022.71484375,-200000,701.14141845703125,7084.99072265625,-200000,-200000,-200000,663.56671142578125
5.264,6463.4091796875,-200000,697.80352783203125,6096.86474609375,-200000,-200000,-200000,662.30303955078125
5.268,5653.04833984375,-200000,699.138671875,5226.97021484375,-200000,-200000,-200000,661.65936279296875
5.272,6149.33984375,-200000,699.94940185546875,6190.9677734375,-200000,-200000,-200000,661.8499755859375
5.276,7012.60693359375,-200000,699.75860595703125,7162.38134765625,-200000,-200000,-200000,661.9930419921875
5.28,6657.98291015625,-200000,699.25799560546875,6330.7763671875,-200000,-200000,-200000,661.80242919921875
5.284,5727.22021484375,-200000,699.61553955078125,5216.64697265625,-200000,-200000,-200000,662.4222412109375
5.288,6026.67431640625,-200000,700.521484375,6010.08056640625,-200000,-200000,-200000,661.87384033203125
5.292,6956.50634765625,-200000,700.7122802734375,7154.32275390625,-200000,-200000,-200000,660.8963623046875
5.296,6806.421875,-200000,697.0882568359375,6550.19384765625,-200000,-200000,-200000,661.65936279296875
5.3,5855.8701171875,-200000,700.47381591796875,5298.2568359375,-200000,-200000,-200000,663.5189208984375
5.304,5941.8203125,-200000,701.4036865234375,5859.0888671875,-200000,-200000,-200000,662.5653076171875
5.308,6866.19384765625,-200000,699.1864013671875,7084.3701171875,-200000,-200000,-200000,660.92022705078125
5.312,6933.16552734375,-200000,696.18231201171875,6746.53125,-200000,-200000,-200000,660.8486328125
5.316,6036.32958984375,-200000,697.70819091796875,5482.91259765625,-200000,-200000,-200000,663.3758544921875
5.32,5847.5498046875,-200000,701.212890625,5696.0107421875,-200000,-200000,-200000,662.15997314453125
5.324,6719.04150390625,-200000,701.73748779296875,6916.21337890625,-200000,-200000,-200000,661.08709716796875
5.328,7001.63916015625,-200000,697.58905029296875,6882.9296875,-200000,-200000,-200000,661.39697265625
5.332,6155.4912109375,-200000,696.7783203125,5681.42041015625,-200000,-200000,-200000,662.37451171875
5.336,5744.1240234375,-200000,700.1400146484375,5536.77197265625,-200000,-200000,-200000,662.04083251953125
5.34,6525.8271484375,-200000,699.7108154296875,6693.22119140625,-200000,-200000,-200000,660.13348388671875
5.344,7031.4169921875,-200000,696.8260498046875,7008.26708984375,-200000,-200000,-200000,662.1123046875
5.348,6343.79443359375,-200000,696.51611328125,5891.18115234375,-200000,-200000,-200000,661.65936279296875
5.352,5704.21240234375,-200000,700.40234375,5386.85400390625,-200000,-200000,-200000,663.18524169921875
5.356,6349.6591796875,-200000,699.9969482421875,6472.37353515625,-200000,-200000,-200000,663.63818359375
5.36,7058.0966796875,-200000,700.25927734375,7115.0546875,-200000,-200000,-200000,663.63818359375
5.364,6519.27099609375,-200000,695.3001708984375,6128.24072265625,-200000,-200000,-200000,660.3240966796875
5.368,5695.65380859375,-200000,698.0419921875,5299.49755859375,-200000,-200000,-200000,660.7293701171875
5.372,6177.92724609375,-200000,701.16534423828125,6243.9208984375,-200000,-200000,-200000,661.77850341796875
5.376,7029.00927734375,-200000,699.0433349609375,7169.77197265625,-200000,-200000,-200000,661.20635986328125
5.38,6673.67041015625,-200000,697.3505859375,6343.9609375,-200000,-200000,-200000,662.61297607421875
5.384,5759.5966796875,-200000,700.8314208984375,5257.55859375,-200000,-200000,-200000,662.99444580078125
5.388,6028.890625,-200000,700.9744873046875,6025.88671875,-200000,-200000,-200000,661.65936279296875
5.392,6945.42041015625,-200000,700.45001220703125,7153.43994140625,-200000,-200000,-200000,662.04083251953125
5.396,6807.61328125,-200000,698.1611328125,6527.32958984375,-200000,-200000,-200000,662.18389892578125
5.4,5875.35009765625,-200000,697.27911376953125,5287.07568359375,-200000,-200000,-200000,662.30303955078125
5.404,5930.82958984375,-200000,702.3572998046875,5844.90380859375,-200000,-200000,-200000,661.39697265625
5.408,6817.6513671875,-200000,699.1864013671875,7061.5771484375,-200000,-200000,-200000,660.51495361328125
5.412,6892.87255859375,-200000,698.8525390625,6691.83837890625,-200000,-200000,-200000,664.7825927734375
5.416,6029.58203125,-200000,694.27490234375,5402.18359375,-200000,-200000,-200000,662.94677734375
5.42,5846.78759765625,-200000,701.35595703125,5626.79833984375,-200000,-200000,-200000,663.06591796875
5.424,6661.7734375,-200000,701.47528076171875,6886.1005859375,-200000,-200000,-200000,662.1123046875
5.428,6942.10546875,-200000,697.42205810546875,6831.98046875,-200000,-200000,-200000,660.82489013671875
5.432,6153.4169921875,-200000,696.7783203125,5580.44921875,-200000,-200000,-200000,663.32830810546875
5.436,5745.2919921875,-200000,699.0433349609375,5449.3427734375,-200000,-200000,-200000,661.23016357421875
5.44,6486.56005859375,-200000,700.90301513671875,6659.60400390625,-200000,-200000,-200000,662.30303955078125
5.444,6969.0703125,-200000,700.37841796875,6956.125,-200000,-200000,-200000,663.900390625
5.448,6291.1279296875,-200000,698.87646484375,5789.87646484375,-200000,-200000,-200000,664.01971435546875
5.452,5678.63037109375,-200000,701.904296875,5297.23193359375,-200000,-200000,-200000,662.8037109375
5.456,6314.80322265625,-200000,702.54815673828125,6416.94140625,-200000,-200000,-200000,661.9930419921875
5.46,6997.609375,-200000,700.521484375,7070.16015625,-200000,-200000,-200000,661.0394287109375
5.464,6454.75390625,-200000,697.15985107421875,6034.63671875,-200000,-200000,-200000,662.1123046875
5.468,5661.05859375,-200000,699.3055419921875,5193.59130859375,-200000,-200000,-200000,664.01971435546875
5.472,6166.69775390625,-200000,702.54815673828125,6188.60791015625,-200000,-200000,-200000,661.27783203125
5.476,7001.9013671875,-200000,698.42352294921875,7134.48583984375,-200000,-200000,-200000,662.2314453125
5.48,6613.4453125,-200000,696.44464111328125,6275.67822265625,-200000,-200000,-200000,662.04083251953125
5.484,5695.86865234375,-200000,699.830078125,5172.37255859375,-200000,-200000,-200000,662.2314453125
5.488,6043.19677734375,-200000,700.95068359375,5991.93603515625,-200000,-200000,-200000,661.5400390625
5.492,6990.6474609375,-200000,698.94793701171875,7161.04541015625,-200000,-200000,-200000,662.4222412109375
5.496,6778.86083984375,-200000,698.99560546875,6524.75390625,-200000,-200000,-200000,662.63671875
5.5,5792.7373046875,-200000,698.6141357421875,5248.78515625,-200000,-200000,-200000,663.01824951171875
5.504,5967.49853515625,-200000,702.7625732421875,5843.8779296875,-200000,-200000,-200000,664.32958984375
5.508,6956.74462890625,-200000,700.33087158203125,7127.8818359375,-200000,-200000,-200000,661.0155029296875
5.512,6928.0625,-200000,697.3505859375,6746.36474609375,-200000,-200000,-200000,663.87664794921875
5.516,5932.5693359375,-200000,697.9227294921875,5421.49609375,-200000,-200000,-200000,662.9228515625
5.52,5892.4912109375,-200000,701.73748779296875,5671.97900390625,-200000,-200000,-200000,662.5653076171875
5.524,6873.8935546875,-200000,698.7333984375,7028.3896484375,-200000,-200000,-200000,661.77850341796875
5.528,7064.53369140625,-200000,696.9691162109375,6975.57958984375,-200000,-200000,-200000,661.23016357421875
5.532,6099.58203125,-200000,697.7796630859375,5624.24755859375,-200000,-200000,-200000,662.44610595703125
5.536,5808.04443359375,-200000,699.8778076171875,5519.98681640625,-200000,-200000,-200000,662.44610595703125
5.54,6804.70556640625,-200000,701.14141845703125,6900.8349609375,-200000,-200000,-200000,663.3758544921875
5.544,7236.79150390625,-200000,699.11492919921875,7221.6513671875,-200000,-200000,-200000,661.5400390625
5.548,6308.77099609375,-200000,697.58905029296875,5888.3193359375,-200000,-200000,-200000,663.18524169921875
5.552,5751.4912109375,-200000,700.1400146484375,5378.08056640625,-200000,-200000,-200000,663.2567138671875
5.556,6740.7373046875,-200000,702.73876953125,6760.40771484375,-200000,-200000,-200000,661.23016357421875
5.56,7462.74072265625,-200000,700.1400146484375,7496.046875,-200000,-200000,-200000,663.44744873046875
5.564,6521.79833984375,-200000,697.99432373046875,5986.046875,-200000,-200000,-200000,661.08709716796875
5.568,5403.92431640625,-200000,699.06719970703125,4863,-200000,-200000,-200000,662.94677734375
5.572,6379.72412109375,-200000,700.59307861328125,6342.0771484375,-200000,-200000,-200000,661.23016357421875
5.576,7393.79052734375,-200000,697.13604736328125,7393.9326171875,-200000,-200000,-200000,660.77716064453125
5.58,6443.1904296875,-200000,697.01678466796875,6111.0498046875,-200000,-200000,-200000,661.27783203125
5.584,4751.32568359375,-200000,699.68701171875,4371.23828125,-200000,-200000,-200000,662.5653076171875
5.588,5420.5419921875,-200000,700.521484375,5218.1005859375,-200000,-200000,-200000,660.8963623046875
5.592,6545.2099609375,-200000,700.78387451171875,6548.57275390625,-200000,-200000,-200000,660.63409423828125
5.596,5477.9296875,-200000,699.75860595703125,5154.2998046875,-200000,-200000,-200000,665.09259033203125
5.6,3671.431640625,-200000,699.4486083984375,2836.13232421875,-200000,-200000,-200000,662.04083251953125
5.604,3881.884033203125,-200000,703.26336669921875,3596.115234375,-200000,-200000,-200000,663.56671142578125
5.608,5104.49462890625,-200000,699.80633544921875,5220.53271484375,-200000,-200000,-200000,662.2314453125
5.612,4253.5546875,-200000,700.78387451171875,4322.52978515625,-200000,-200000,-200000,663.13751220703125
5.616,2513.552001953125,-200000,701.02227783203125,2199.220703125,-200000,-200000,-200000,663.97198486328125
5.62,2773.49951171875,-200000,700.59307861328125,2612.54296875,-200000,-200000,-200000,661.65936279296875
5.624,4408.3359375,-200000,701.28448486328125,4511.76171875,-200000,-200000,-200000,661.08709716796875
5.628,4204.48828125,-200000,699.1864013671875,4264.66552734375,-200000,-200000,-200000,664.13885498046875
5.632,2466.297607421875,-200000,699.68701171875,2147.531982421875,-200000,-200000,-200000,662.5413818359375
5.636,2190.470703125,-200000,703.4541015625,1839.6617431640625,-200000,-200000,-200000,662.94677734375
5.64,3730.655029296875,-200000,704.2884521484375,3866.60107421875,-200000,-200000,-200000,662.30303955078125
5.644,4122.9248046875,-200000,698.54266357421875,4071.83203125,-200000,-200000,-200000,663.06591796875
5.648,2761.721923828125,-200000,699.94940185546875,1705.98046875,-200000,-200000,-200000,665.09259033203125
5.652,2510.71484375,-200000,702.5003662109375,25.987625122070312,-200000,-200000,-200000,663.44744873046875
5.656,1215.0048828125,-200000,703.4541015625,-1588.2017822265625,-200000,-200000,-200000,661.96923828125
5.66,-1970.6490478515625,-200000,700.8314208984375,-2704.716064453125,-200000,-200000,-200000,661.0155029296875
5.664,-5743.81396484375,-200000,696.32537841796875,-6171.53759765625,-200000,-200000,-200000,661.20635986328125
5.668,-9930.46875,-200000,704.07403564453125,-10407.138671875,-200000,-200000,-200000,664.85418701171875
5.672,-13046.3623046875,-200000,705.9813232421875,-13898.326171875,-200000,-200000,-200000,663.39971923828125
5.676,-18683.21875,-200000,701.47528076171875,-19836.212890625,-200000,-200000,-200000,665.42626953125
5.68,-33245.63671875,-200000,695.3001708984375,-35499.07421875,-200000,-200000,-200000,668.07275390625
5.684,-53601.3125,-200000,708.15087890625,-57903.41796875,-200000,-200000,-200000,666.5706787109375
5.688,-71269.125,-200000,722.7659912109375,-72459.671875,-200000,-200000,-200000,666.64227294921875
5.692,-73718.9609375,-200000,711.82257080078125,-74188.734375,-200000,-200000,-200000,669.93243408203125
5.696,-78306.671875,-200000,689.91192626953125,-80007.5859375,-200000,-200000,-200000,672.79345703125
5.7,-82542.4609375,-200000,692.77294921875,-85825.046875,-200000,-200000,-200000,670.8861083984375
5.704,-81828.8359375,-200000,731.84979248046875,-86678.671875,-200000,-200000,-200000,672.6741943359375
5.708,-80746.609375,-200000,727.53436279296875,-88955.3125,-200000,-200000,-200000,671.31524658203125
5.712,-83522.875,-200000,677.8240966796875,-100483.421875,-200000,-200000,-200000,673.86639404296875
5.716,-86419.875,-200000,677.56182861328125,-102564.75,-200000,-200000,-200000,673.3656005859375
5.72,-86246.6484375,-200000,758.3857421875,-102233.9765625,-200000,-200000,-200000,674.2000732421875
5.724,-85090.921875,-200000,767.08807373046875,-99785.8125,-200000,-200000,-200000,671.7205810546875
5.728,-86217.0390625,-200000,649.83380126953125,-98879.2734375,-200000,-200000,-200000,672.34051513671875
5.732,-88559.7265625,-200000,613.4033203125,-99988.2109375,-200000,-200000,-200000,671.5775146484375
5.736,-89280.4375,-200000,770.44970703125,-99377,-200000,-200000,-200000,672.17352294921875
5.74,-88175.75,-200000,832.12860107421875,-96927.3984375,-200000,-200000,-200000,670.24237060546875
5.744,-89077.9140625,-200000,647.1634521484375,-95205.671875,-200000,-200000,-200000,672.078125
5.748,-92026.1875,-200000,561.64276123046875,-95356.8984375,-200000,-200000,-200000,673.31787109375
5.752,-93496.5234375,-200000,782.03692626953125,-94979.484375,-200000,-200000,-200000,674.00946044921875
5.756,-92413.3359375,-200000,897.43145751953125,-92767.7265625,-200000,-200000,-200000,672.60272216796875
5.76,-91832.859375,-200000,712.3470458984375,-91584.546875,-200000,-200000,-200000,671.45831298828125
5.764,-93097.6484375,-200000,583.72021484375,-93023.546875,-200000,-200000,-200000,673.48486328125
5.768,-93957.2734375,-200000,736.57049560546875,-94108.7109375,-200000,-200000,-200000,673.67559814453125
5.772,-92620.046875,-200000,860.9295654296875,-92630.125,-200000,-200000,-200000,672.03057861328125
5.776,-91475.2890625,-200000,725.74627685546875,-91272.625,-200000,-200000,-200000,671.38671875
5.78,-92554.6484375,-200000,535.0828857421875,-92448.046875,-200000,-200000,-200000,673.98553466796875
5.784,-93829.4765625,-200000,652.88555908203125,-93817.4765625,-200000,-200000,-200000,673.03192138671875
5.788,-92696.484375,-200000,876.64141845703125,-92649.625,-200000,-200000,-200000,672.9364013671875
5.792,-91236.734375,-200000,790.61993408203125,-91100.2734375,-200000,-200000,-200000,671.958984375
5.796,-92057.734375,-200000,557.7802734375,-91944.5859375,-200000,-200000,-200000,671.45831298828125
5.8,-93609.8984375,-200000,595.23583984375,-93567.546875,-200000,-200000,-200000,673.3656005859375
5.804,-92802.6015625,-200000,863.1468505859375,-92725.8125,-200000,-200000,-200000,671.267578125
5.808,-91167.4140625,-200000,870.68084716796875,-91033.25,-200000,-200000,-200000,670.1947021484375
5.812,-91556.0859375,-200000,542.25927734375,-91431.4609375,-200000,-200000,-200000,672.60272216796875
5.816,-93098.6875,-200000,490.21249389648438,-93022.1484375,-200000,-200000,-200000,671.91131591796875
5.82,-92663.7265625,-200000,839.18585205078125,-92581.8984375,-200000,-200000,-200000,670.0516357421875
5.824,-90960.8125,-200000,903.15350341796875,-90834.5390625,-200000,-200000,-200000,670.95770263671875
5.828,-91013.546875,-200000,605.01104736328125,-90888.2734375,-200000,-200000,-200000,671.33917236328125
5.832,-92556.0859375,-200000,529.14630126953125,-92468.1875,-200000,-200000,-200000,673.29412841796875
5.836,-92535.0234375,-200000,803.32763671875,-92455.171875,-200000,-200000,-200000,670.76690673828125
5.84,-90796.1875,-200000,867.91522216796875,-90677.0390625,-200000,-200000,-200000,670.3138427734375
5.844,-90310.359375,-200000,612.09210205078125,-90180.609375,-200000,-200000,-200000,672.10205078125
5.848,-91622.6484375,-200000,535.7265625,-91524.4140625,-200000,-200000,-200000,672.6741943359375
5.852,-91911.484375,-200000,743.31768798828125,-91829.25,-200000,-200000,-200000,671.07684326171875
5.856,-90103.2734375,-200000,825.8343505859375,-89992.9375,-200000,-200000,-200000,672.91259765625
5.86,-89003.734375,-200000,622.63018798828125,-88874.171875,-200000,-200000,-200000,672.650390625
5.864,-90000.5390625,-200000,458.90811157226562,-89898.4765625,-200000,-200000,-200000,672.22119140625
5.868,-90607.7265625,-200000,661.49237060546875,-90525.125,-200000,-200000,-200000,671.1483154296875
5.872,-88777.2734375,-200000,773.88299560546875,-88659.6484375,-200000,-200000,-200000,669.93243408203125
5.876,-87096.5859375,-200000,631.2132568359375,-86943.9375,-200000,-200000,-200000,670.6953125
5.88,-87706.3125,-200000,457.072265625,-87583.921875,-200000,-200000,-200000,671.88751220703125
5.884,-88484.0390625,-200000,578.95196533203125,-88408.1875,-200000,-200000,-200000,671.7205810546875
5.888,-86942.484375,-200000,753.2835693359375,-86808.4765625,-200000,-200000,-200000,670.81463623046875
5.892,-85132.0859375,-200000,687.43243408203125,-84933.734375,-200000,-200000,-200000,669.6224365234375
5.896,-85559.25,-200000,564.12225341796875,-85430.5,-200000,-200000,-200000,672.5311279296875
5.9,-86752.796875,-200000,582.3612060546875,-86736.6015625,-200000,-200000,-200000,671.4105224609375
5.904,-85594.734375,-200000,768.73309326171875,-85560.484375,-200000,-200000,-200000,669.50323486328125
5.908,-83865.671875,-200000,752.83056640625,-83382.6640625,-200000,-200000,-200000,670.00390625
5.912,-84452.4375,-200000,571.9661865234375,-83225.25,-200000,-200000,-200000,668.5257568359375
5.916,-85557.25,-200000,541.2578125,-84964.234375,-200000,-200000,-200000,669.55096435546875
5.92,-84243.3515625,-200000,857.4486083984375,-85128.7890625,-200000,-200000,-200000,668.97882080078125
5.924,-82269.046875,-200000,880.861328125,-83469.375,-200000,-200000,-200000,670.576171875
5.928,-82783.484375,-200000,546.00244140625,-82925.4375,-200000,-200000,-200000,670.81463623046875
5.932,-84343.5859375,-200000,458.09750366210938,-84403.609375,-200000,-200000,-200000,670.50469970703125
5.936,-84323.9375,-200000,850.43914794921875,-84332.7109375,-200000,-200000,-200000,670.62384033203125
5.94,-82581.4609375,-200000,1041.1978759765625,-82476.2265625,-200000,-200000,-200000,672.29278564453125
5.944,-82081.3359375,-200000,569.15283203125,-81982.0234375,-200000,-200000,-200000,671.91131591796875
5.948,-83481.8125,-200000,336.83779907226562,-83424.6015625,-200000,-200000,-200000,670.76690673828125
5.952,-83934.5390625,-200000,787.87811279296875,-83886.3125,-200000,-200000,-200000,671.7919921875
5.956,-82325.1640625,-200000,1037.2164306640625,-82227.875,-200000,-200000,-200000,670.8861083984375
5.96,-81491.4140625,-200000,683.02166748046875,-81380.4765625,-200000,-200000,-200000,671.91131591796875
5.964,-82848,-200000,358.77230834960938,-82765.5234375,-200000,-200000,-200000,671.45831298828125
5.968,-83879.546875,-200000,689.07745361328125,-83834.8984375,-200000,-200000,-200000,670.38543701171875
5.972,-82608.75,-200000,1046.5384521484375,-82526.9765625,-200000,-200000,-200000,670.8861083984375
5.976,-81383,-200000,898.26593017578125,-81289.5234375,-200000,-200000,-200000,669.24102783203125
5.98,-82397.25,-200000,361.561767578125,-82340.5,-200000,-200000,-200000,669.98016357421875
5.984,-83648.1640625,-200000,544.61962890625,-83635.734375,-200000,-200000,-200000,669.4793701171875
5.988,-82528.4765625,-200000,1059.293701171875,-82476.359375,-200000,-200000,-200000,669.86083984375
5.992,-81018.7890625,-200000,1029.062255859375,-80929.921875,-200000,-200000,-200000,671.07684326171875
5.996,-81740.2265625,-200000,318.52725219726562,-81694.0234375,-200000,-200000,-200000,671.45831298828125
6,-83204.171875,-200000,335.50262451171875,-83198.4375,-200000,-200000,-200000,671.33917236328125
6.004,-82413.0390625,-200000,1076.29296875,-82395.7265625,-200000,-200000,-200000,669.3125
6.008,-80809.5859375,-200000,1140.8330078125,-80731.8515625,-200000,-200000,-200000,667.78662109375
6.012,-81243.3515625,-200000,470.82904052734375,-81192.859375,-200000,-200000,-200000,671.76824951171875
6.016,-82778.9609375,-200000,267.55337524414062,-82780,-200000,-200000,-200000,671.5775146484375
6.02,-82418.4375,-200000,990.70086669921875,-82390.625,-200000,-200000,-200000,669.5986328125
6.024,-80825.4609375,-200000,1157.9039306640625,-80738.6015625,-200000,-200000,-200000,668.45428466796875
6.028,-80905.875,-200000,554.51397705078125,-80833.125,-200000,-200000,-200000,670.24237060546875
6.032,-82498.1015625,-200000,196.05160522460938,-82473.0625,-200000,-200000,-200000,671.33917236328125
6.036,-82581.9765625,-200000,910.4251708984375,-82551,-200000,-200000,-200000,670.00390625
6.04,-81051.9765625,-200000,1313.9488525390625,-80970.1015625,-200000,-200000,-200000,668.14434814453125
6.044,-80703.7890625,-200000,660.08575439453125,-80624.3359375,-200000,-200000,-200000,670.83837890625
6.048,-82063.109375,-200000,49.352649688720703,-82037.6015625,-200000,-200000,-200000,671.1483154296875
6.052,-82543.0625,-200000,690.79412841796875,-82523.2109375,-200000,-200000,-200000,669.2171630859375
6.056,-81158.875,-200000,1131.153076171875,-81085.734375,-200000,-200000,-200000,670.0516357421875
6.06,-80391.7734375,-200000,709.9866943359375,-80304.8515625,-200000,-200000,-200000,670.38543701171875
6.064,-81587.2265625,-200000,172.42431640625,-81543.0234375,-200000,-200000,-200000,669.3602294921875
6.068,-82473.109375,-200000,576.71075439453125,-82450.3515625,-200000,-200000,-200000,670.7430419921875
6.072,-81260.109375,-200000,1266.884765625,-81191.75,-200000,-200000,-200000,669.3602294921875
6.076,-80148.109375,-200000,859.73748779296875,-80058.359375,-200000,-200000,-200000,671.6966552734375
6.08,-81110.0390625,-200000,378.632568359375,-81067.8515625,-200000,-200000,-200000,670.24237060546875
6.084,-82329.0625,-200000,544.02362060546875,-82319.859375,-200000,-200000,-200000,669.0263671875
6.088,-81356.2265625,-200000,1200.5806884765625,-81298.921875,-200000,-200000,-200000,667.71514892578125
6.092,-79984.171875,-200000,936.34130859375,-79889.6875,-200000,-200000,-200000,670.1707763671875
6.096,-80659.2265625,-200000,371.71844482421875,-80606.984375,-200000,-200000,-200000,669.3602294921875
6.1,-82075.5390625,-200000,445.72357177734375,-82071.875,-200000,-200000,-200000,672.4119873046875
6.104,-81389.6484375,-200000,1031.7564697265625,-81345.484375,-200000,-200000,-200000,669.98016357421875
6.108,-79884.8125,-200000,1042.5806884765625,-79793.8984375,-200000,-200000,-200000,668.7879638671875
6.112,-80256.625,-200000,462.03140258789062,-80199.8125,-200000,-200000,-200000,671.19610595703125
6.116,-81742.1875,-200000,289.53555297851562,-81731.375,-200000,-200000,-200000,670.38543701171875
6.12,-81422.375,-200000,961.44677734375,-81383.1640625,-200000,-200000,-200000,671.1483154296875
6.124,-79897.234375,-200000,1018.8103637695312,-79804.6015625,-200000,-200000,-200000,668.85955810546875
6.128,-79912.0234375,-200000,478.12466430664062,-79844.4609375,-200000,-200000,-200000,670.62384033203125
6.132,-81358.8125,-200000,202.7750244140625,-81345.484375,-200000,-200000,-200000,669.4793701171875
6.136,-81425.9375,-200000,865.43572998046875,-81403.1484375,-200000,-200000,-200000,669.81329345703125
6.14,-79967.734375,-200000,1049.208740234375,-79879.9375,-200000,-200000,-200000,669.2171630859375
6.144,-79607.0625,-200000,564.5751953125,-79535.484375,-200000,-200000,-200000,668.47802734375
6.148,-80942.109375,-200000,319.31405639648438,-80933.6484375,-200000,-200000,-200000,669.16943359375
6.152,-81445.9140625,-200000,777.07781982421875,-81435.7109375,-200000,-200000,-200000,669.09796142578125
6.156,-80106.1484375,-200000,1065.5404052734375,-80032.4140625,-200000,-200000,-200000,669.86083984375
6.16,-79374.5390625,-200000,671.8397216796875,-79286.9140625,-200000,-200000,-200000,668.3587646484375
6.164,-80547.7734375,-200000,405.09707641601562,-80534.5859375,-200000,-200000,-200000,669.3602294921875
6.168,-81471.609375,-200000,697.85125732421875,-81483.5234375,-200000,-200000,-200000,669.78936767578125
6.172,-80314.4140625,-200000,961.66143798828125,-80249.125,-200000,-200000,-200000,669.98016357421875
6.176,-79227.9140625,-200000,728.2972412109375,-79122.0234375,-200000,-200000,-200000,672.3642578125
6.18,-80203.609375,-200000,441.43203735351562,-80169.375,-200000,-200000,-200000,670.64764404296875
6.184,-81442.625,-200000,619.76922607421875,-81452.5234375,-200000,-200000,-200000,673.17498779296875
6.188,-80505.1875,-200000,937.81964111328125,-80452.046875,-200000,-200000,-200000,670.0516357421875
6.192,-79176.2890625,-200000,829.38671875,-79061.375,-200000,-200000,-200000,671.7919921875
6.196,-79895.0625,-200000,421.905517578125,-79837.9765625,-200000,-200000,-200000,671.958984375
6.2,-81341.8515625,-200000,494.051025390625,-81342.2265625,-200000,-200000,-200000,669.74169921875
6.204,-80674.625,-200000,948.23846435546875,-80622.609375,-200000,-200000,-200000,668.71649169921875
6.208,-79190.4609375,-200000,882.125,-79081.8515625,-200000,-200000,-200000,670.3138427734375
6.212,-79613.2890625,-200000,534.55841064453125,-79545.2265625,-200000,-200000,-200000,670.0516357421875
6.216,-81132.2109375,-200000,535.01141357421875,-81111.2265625,-200000,-200000,-200000,671.64910888671875
6.22,-80817.25,-200000,848.91326904296875,-80768.25,-200000,-200000,-200000,669.43182373046875
6.224,-79280.421875,-200000,856.11358642578125,-79180.546875,-200000,-200000,-200000,669.28875732421875
6.228,-79343.296875,-200000,577.42608642578125,-79260.9765625,-200000,-200000,-200000,669.05029296875
6.232,-80845.7890625,-200000,498.15179443359375,-80808,-200000,-200000,-200000,672.22119140625
6.236,-80931.625,-200000,845.2415771484375,-80879.1875,-200000,-200000,-200000,669.78936767578125
6.24,-79431.2109375,-200000,946.71258544921875,-79337.2265625,-200000,-200000,-200000,669.55096435546875
6.244,-79111.9609375,-200000,585.17462158203125,-79023.7109375,-200000,-200000,-200000,669.50323486328125
6.248,-80510.4609375,-200000,499.033935546875,-80453.2890625,-200000,-200000,-200000,672.72198486328125
6.252,-81020,-200000,771.54638671875,-80971.3984375,-200000,-200000,-200000,668.9072265625
6.256,-79634.234375,-200000,869.96563720703125,-79544.046875,-200000,-200000,-200000,667.33367919921875
6.26,-78902.3515625,-200000,647.544921875,-78808.7265625,-200000,-200000,-200000,668.40655517578125
6.264,-80149.3984375,-200000,541.37713623046875,-80081.8984375,-200000,-200000,-200000,669.3602294921875
6.268,-81073.484375,-200000,734.35321044921875,-81015.2109375,-200000,-200000,-200000,668.71649169921875
6.272,-79846.4140625,-200000,892.80615234375,-79764.5234375,-200000,-200000,-200000,667.2620849609375
6.276,-78747.7890625,-200000,701.59442138671875,-78654.625,-200000,-200000,-200000,671.60137939453125
6.28,-79793.9609375,-200000,532.0311279296875,-79721.171875,-200000,-200000,-200000,671.33917236328125
6.284,-81053.7734375,-200000,701.28448486328125,-80993.421875,-200000,-200000,-200000,669.81329345703125
6.288,-80061.5859375,-200000,854.63525390625,-79980.9140625,-200000,-200000,-200000,668.47802734375
6.292,-78671.9375,-200000,741.83953857421875,-78578.171875,-200000,-200000,-200000,669.78936767578125
6.296,-79452.2890625,-200000,584.6024169921875,-79375,-200000,-200000,-200000,670.576171875
6.3,-80946.5,-200000,649.3807373046875,-80884.7109375,-200000,-200000,-200000,672.14971923828125
6.304,-80217.484375,-200000,820.49383544921875,-80140.9609375,-200000,-200000,-200000,669.28875732421875
6.308,-78677.9375,-200000,801.4202880859375,-78586.25,-200000,-200000,-200000,669.4793701171875
6.312,-79155.875,-200000,603.1751708984375,-79078.5625,-200000,-200000,-200000,670.62384033203125
6.316,-80729.9375,-200000,572.77685546875,-80663.8515625,-200000,-200000,-200000,670.50469970703125
6.32,-80359.609375,-200000,814.22332763671875,-80285.8984375,-200000,-200000,-200000,670.12322998046875
6.324,-78773.4140625,-200000,805.18731689453125,-78683.3359375,-200000,-200000,-200000,669.86083984375
6.328,-78890.2109375,-200000,633.0013427734375,-78805.046875,-200000,-200000,-200000,668.740234375
6.332,-80441.546875,-200000,602.03076171875,-80375.7109375,-200000,-200000,-200000,670.62384033203125
6.336,-80482.75,-200000,804.42431640625,-80408.4609375,-200000,-200000,-200000,669.50323486328125
6.34,-78927.5234375,-200000,860.9295654296875,-78838.75,-200000,-200000,-200000,669.81329345703125
6.344,-78634.5390625,-200000,634.07421875,-78548.8125,-200000,-200000,-200000,670.00390625
6.348,-80103.546875,-200000,560.3074951171875,-80031.234375,-200000,-200000,-200000,668.54962158203125
6.352,-80577.4765625,-200000,763.58331298828125,-80504.796875,-200000,-200000,-200000,670.43310546875
6.356,-79117.4375,-200000,826.40655517578125,-79034.1484375,-200000,-200000,-200000,669.09796142578125
6.36,-78402.8359375,-200000,668.85955810546875,-78313.859375,-200000,-200000,-200000,669.05029296875
6.364,-79733.1640625,-200000,593.11395263671875,-79656.609375,-200000,-200000,-200000,670.8861083984375
6.368,-80651.7890625,-200000,737.57177734375,-80584.1875,-200000,-200000,-200000,669.28875732421875
6.372,-79334.421875,-200000,814.3187255859375,-79251.2265625,-200000,-200000,-200000,666.546875
6.376,-78235.8125,-200000,706.2435302734375,-78142.6875,-200000,-200000,-200000,668.2158203125
6.38,-79375.5859375,-200000,630.6409912109375,-79295.875,-200000,-200000,-200000,670.3138427734375
6.384,-80663.1015625,-200000,703.38262939453125,-80596.9765625,-200000,-200000,-200000,671.45831298828125
6.388,-79576.359375,-200000,786.23309326171875,-79498.5390625,-200000,-200000,-200000,671.02911376953125
6.392,-78174.671875,-200000,725.8177490234375,-78084.2890625,-200000,-200000,-200000,667.38134765625
6.396,-79051.3359375,-200000,617.98095703125,-78970.5859375,-200000,-200000,-200000,669.4793701171875
6.4,-80594.875,-200000,660.13348388671875,-80526.9609375,-200000,-200000,-200000,671.02911376953125
6.404,-79773.7890625,-200000,793.52862548828125,-79698.1875,-200000,-200000,-200000,669.86083984375
6.408,-78192.6015625,-200000,761.67596435546875,-78102.046875,-200000,-200000,-200000,670.8861083984375
6.412,-78754.1484375,-200000,604.4388427734375,-78670.3984375,-200000,-200000,-200000,672.4119873046875
6.416,-80401.234375,-200000,622.9638671875,-80331.234375,-200000,-200000,-200000,668.59735107421875
6.42,-79956.3984375,-200000,788.83184814453125,-79881.3125,-200000,-200000,-200000,667.8343505859375
6.424,-78296.609375,-200000,787.87811279296875,-78209.9140625,-200000,-200000,-200000,671.8397216796875
6.428,-78481.7265625,-200000,652.24169921875,-78398.6875,-200000,-200000,-200000,669.50323486328125
6.432,-80132.5859375,-200000,627.20782470703125,-80057.484375,-200000,-200000,-200000,670.0516357421875
6.436,-80100.7109375,-200000,780.3201904296875,-80029.75,-200000,-200000,-200000,671.45831298828125
6.44,-78434.375,-200000,826.97882080078125,-78351.2734375,-200000,-200000,-200000,671.02911376953125
6.444,-78181.75,-200000,620.91357421875,-78097.421875,-200000,-200000,-200000,668.7879638671875
6.448,-79752.2109375,-200000,584.36395263671875,-79675.3125,-200000,-200000,-200000,670.55224609375
6.452,-80200.171875,-200000,754.88104248046875,-80127.1484375,-200000,-200000,-200000,670.95770263671875
6.456,-78628.921875,-200000,788.40264892578125,-78546.5,-200000,-200000,-200000,669.6224365234375
6.46,-77924.7890625,-200000,674.39093017578125,-77836.296875,-200000,-200000,-200000,670.7430419921875
6.464,-79337.796875,-200000,579.90557861328125,-79261.4765625,-200000,-200000,-200000,671.52978515625
6.468,-80247.421875,-200000,726.41375732421875,-80174.1640625,-200000,-200000,-200000,671.07684326171875
6.472,-78844.6875,-200000,797.1048583984375,-78764.9375,-200000,-200000,-200000,669.28875732421875
6.476,-77730.3515625,-200000,697.5174560546875,-77641.921875,-200000,-200000,-200000,671.21990966796875
6.48,-78938.0859375,-200000,625.2288818359375,-78855.3515625,-200000,-200000,-200000,669.74169921875
6.484,-80239.796875,-200000,703.50177001953125,-80165.2734375,-200000,-200000,-200000,669.2171630859375
6.488,-79064.0390625,-200000,789.09405517578125,-78982.6875,-200000,-200000,-200000,668.5257568359375
6.492,-77628.421875,-200000,724.48260498046875,-77538.421875,-200000,-200000,-200000,670.43310546875
6.496,-78552.984375,-200000,629.42510986328125,-78470.75,-200000,-200000,-200000,668.85955810546875
6.5,-80126.546875,-200000,669.12176513671875,-80057.6875,-200000,-200000,-200000,669.67022705078125
6.504,-79252.6640625,-200000,778.5321044921875,-79175.8125,-200000,-200000,-200000,668.28741455078125
6.508,-77621.3125,-200000,747.8714599609375,-77535.0234375,-200000,-200000,-200000,669.12176513671875
6.512,-78234.9140625,-200000,643.15802001953125,-78151.8984375,-200000,-200000,-200000,667.38134765625
6.516,-79911.8359375,-200000,635.40948486328125,-79835.9765625,-200000,-200000,-200000,669.6224365234375
6.52,-79407.1484375,-200000,779.2235107421875,-79331.046875,-200000,-200000,-200000,670.95770263671875
6.524,-77706.671875,-200000,769.18603515625,-77619.75,-200000,-200000,-200000,669.05029296875
6.528,-77932.171875,-200000,659.1796875,-77845.1484375,-200000,-200000,-200000,669.86083984375
6.532,-79623.125,-200000,650.28680419921875,-79547.2734375,-200000,-200000,-200000,669.5986328125
6.536,-79571.2265625,-200000,760.26922607421875,-79495.7734375,-200000,-200000,-200000,669.5986328125
6.54,-77876.359375,-200000,773.00079345703125,-77793.859375,-200000,-200000,-200000,670.43310546875
6.544,-77683.625,-200000,669.93243408203125,-77596.1015625,-200000,-200000,-200000,668.97882080078125
6.548,-79296.9609375,-200000,639.22412109375,-79219.125,-200000,-200000,-200000,668.71649169921875
6.552,-79728.6640625,-200000,739.62225341796875,-79655.75,-200000,-200000,-200000,670.26611328125
6.556,-78141.0390625,-200000,778.22216796875,-78058.6640625,-200000,-200000,-200000,670.36163330078125
6.56,-77463.984375,-200000,679.1591796875,-77375.8125,-200000,-200000,-200000,671.21990966796875
6.564,-78907.5234375,-200000,630.3787841796875,-78825.421875,-200000,-200000,-200000,669.40789794921875
6.568,-79802.2109375,-200000,731.18212890625,-79726.359375,-200000,-200000,-200000,668.47802734375
6.572,-78377.3515625,-200000,779.03271484375,-78296.4609375,-200000,-200000,-200000,670.38543701171875
6.576,-77275.7109375,-200000,699.8778076171875,-77186.484375,-200000,-200000,-200000,670.576171875
6.58,-78506.1484375,-200000,652.384765625,-78426.4375,-200000,-200000,-200000,670.62384033203125
6.584,-79798.109375,-200000,708.65167236328125,-79723.546875,-200000,-200000,-200000,669.93243408203125
6.588,-78606.5234375,-200000,761.0560302734375,-78525.2734375,-200000,-200000,-200000,668.5257568359375
6.592,-77160.6484375,-200000,713.9921875,-77070.7265625,-200000,-200000,-200000,669.67022705078125
6.596,-78114.5625,-200000,634.69415283203125,-78032.0234375,-200000,-200000,-200000,669.12176513671875
6.6,-79697.375,-200000,683.80841064453125,-79622.5625,-200000,-200000,-200000,670.00390625
6.604,-78806.5625,-200000,768.923828125,-78726.984375,-200000,-200000,-200000,671.5775146484375
6.608,-77162.609375,-200000,731.42059326171875,-77076.8125,-200000,-200000,-200000,668.3349609375
6.612,-77800.3515625,-200000,655.6273193359375,-77715.375,-200000,-200000,-200000,670.38543701171875
6.616,-79515.359375,-200000,667.4051513671875,-79437.046875,-200000,-200000,-200000,670.8861083984375
6.62,-79014.5625,-200000,749.01593017578125,-78933.9140625,-200000,-200000,-200000,670.83837890625
6.624,-77309.6875,-200000,742.91241455078125,-77225.1484375,-200000,-200000,-200000,670.6953125
6.628,-77549.4609375,-200000,664.0911865234375,-77464.2109375,-200000,-200000,-200000,670.4569091796875
6.632,-79236.609375,-200000,656.39031982421875,-79158.5234375,-200000,-200000,-200000,670.62384033203125
6.636,-79189.7890625,-200000,748.32452392578125,-79114.7109375,-200000,-200000,-200000,670.38543701171875
6.64,-77515.796875,-200000,755.83465576171875,-77430.609375,-200000,-200000,-200000,670.8861083984375
6.644,-77285.484375,-200000,677.2518310546875,-77200.796875,-200000,-200000,-200000,670.38543701171875
6.648,-78882.125,-200000,637.50750732421875,-78800.0859375,-200000,-200000,-200000,670.6953125
6.652,-79289.875,-200000,737.64337158203125,-79210.9765625,-200000,-200000,-200000,671.5775146484375
6.656,-77724.3125,-200000,762.31964111328125,-77639.125,-200000,-200000,-200000,672.10205078125
6.66,-77079.0859375,-200000,678.01483154296875,-76991.6640625,-200000,-200000,-200000,669.09796142578125
6.664,-78520.3359375,-200000,641.1790771484375,-78434.7109375,-200000,-200000,-200000,672.22119140625
6.668,-79399.796875,-200000,725.9368896484375,-79319.625,-200000,-200000,-200000,669.81329345703125
6.672,-77994.1484375,-200000,756.21612548828125,-77910.4140625,-200000,-200000,-200000,668.40655517578125
6.676,-76927.7734375,-200000,688.64825439453125,-76839.109375,-200000,-200000,-200000,668.2158203125
6.68,-78162.9375,-200000,639.98712158203125,-78082.296875,-200000,-200000,-200000,669.8846435546875
6.684,-79430.0859375,-200000,707.7216796875,-79351.6015625,-200000,-200000,-200000,668.7879638671875
6.688,-78250.984375,-200000,762.8203125,-78167.9765625,-200000,-200000,-200000,666.80908203125
6.692,-76856.1015625,-200000,711.89404296875,-76767.1015625,-200000,-200000,-200000,667.5244140625
6.696,-77814.109375,-200000,656.62872314453125,-77730.296875,-200000,-200000,-200000,669.09796142578125
6.7,-79374.1640625,-200000,691.17559814453125,-79296.6015625,-200000,-200000,-200000,668.7879638671875
6.704,-78479.671875,-200000,746.44091796875,-78398.1640625,-200000,-200000,-200000,667.57208251953125
6.708,-76872.6015625,-200000,729.89471435546875,-76785.5625,-200000,-200000,-200000,671.07684326171875
6.712,-77529.0390625,-200000,667.07147216796875,-77446.609375,-200000,-200000,-200000,668.71649169921875
6.716,-79209.4140625,-200000,676.798828125,-79131.921875,-200000,-200000,-200000,669.86083984375
6.72,-78681.734375,-200000,746.2978515625,-78601.4140625,-200000,-200000,-200000,670.00390625
6.724,-77000.9375,-200000,743.4368896484375,-76914.4140625,-200000,-200000,-200000,667.19061279296875
6.728,-77277.5,-200000,668.16815185546875,-77190.1484375,-200000,-200000,-200000,668.5257568359375
6.732,-78971.9375,-200000,656.7001953125,-78889.796875,-200000,-200000,-200000,669.40789794921875
6.736,-78882.7734375,-200000,743.67529296875,-78803.796875,-200000,-200000,-200000,670.576171875
6.74,-77195.9609375,-200000,749.99346923828125,-77112.0859375,-200000,-200000,-200000,668.740234375
6.744,-77043.1640625,-200000,675.5828857421875,-76958.796875,-200000,-200000,-200000,668.14434814453125
6.748,-78674.2265625,-200000,658.03533935546875,-78597.2265625,-200000,-200000,-200000,669.67022705078125
6.752,-79049.1484375,-200000,731.99285888671875,-78971.5859375,-200000,-200000,-200000,668.97882080078125
6.756,-77437.2265625,-200000,755.78692626953125,-77356.75,-200000,-200000,-200000,669.69403076171875
6.76,-76834.25,-200000,682.64013671875,-76746.421875,-200000,-200000,-200000,669.74169921875
6.764,-78347.5,-200000,653.2669677734375,-78267.0859375,-200000,-200000,-200000,671.88751220703125
6.768,-79207.9140625,-200000,726.58074951171875,-79134.5625,-200000,-200000,-200000,669.98016357421875
6.772,-77708.5234375,-200000,754.88104248046875,-77633.125,-200000,-200000,-200000,670.07550048828125
6.776,-76630.6015625,-200000,697.4697265625,-76548.3515625,-200000,-200000,-200000,668.5257568359375
6.78,-77980.609375,-200000,658.48828125,-77898.4375,-200000,-200000,-200000,670.50469970703125
6.784,-79360.421875,-200000,707.84100341796875,-79287.5390625,-200000,-200000,-200000,672.60272216796875
6.788,-78023.25,-200000,761.81903076171875,-77944.7890625,-200000,-200000,-200000,668.85955810546875
6.792,-76460.4609375,-200000,714.3021240234375,-76370.2734375,-200000,-200000,-200000,665.974609375
6.796,-79557.3984375,-200000,653.3861083984375,-79619.2734375,-200000,-200000,-200000,671.33917236328125
6.8,-91799.984375,-200000,690.46026611328125,-92155.9375,-200000,-200000,-200000,671.91131591796875
6.804,-109931.671875,-200000,765.68133544921875,-110608.8515625,-200000,-200000,-200000,670.24237060546875
6.808,-135954.671875,-200000,738.04864501953125,-136836.375,-200000,-200000,-200000,674.6292724609375
6.812,-157503.71875,-200000,668.7879638671875,-157899,-200000,-200000,-200000,676.46514892578125
6.816,-173891.09375,-200000,672.91259765625,-174073.34375,-200000,-200000,-200000,679.3260498046875
6.82,-181989.796875,-200000,768.42315673828125,-182175.34375,-200000,-200000,-200000,680.80438232421875
6.824,-185901.328125,-200000,764.17919921875,-185837.828125,-200000,-200000,-200000,678.44403076171875
6.828,-188529.671875,-200000,665.40252685546875,-188423.96875,-200000,-200000,-200000,681.06658935546875
6.832,-192310.96875,-200000,662.18389892578125,-192302.125,-200000,-200000,-200000,684.5712890625
6.836,-193190.328125,-200000,766.46807861328125,-193295.296875,-200000,-200000,-200000,680.68505859375
6.84,-192378.71875,-200000,778.60369873046875,-192434.421875,-200000,-200000,-200000,683.3553466796875
6.844,-193493.578125,-200000,674.0570068359375,-193675.296875,-200000,-200000,-200000,683.0931396484375
6.848,-196046.75,-200000,647.61651611328125,-196665.546875,-200000,-200000,-200000,682.75927734375
6.852,-196907.078125,-200000,761.79510498046875,-197402.953125,-200000,-200000,-200000,681.5672607421875
6.856,-195528.25,-200000,797.6771240234375,-195767.828125,-200000,-200000,-200000,683.73681640625
6.86,-195277.703125,-200000,689.8880615234375,-195076.34375,-200000,-200000,-200000,681.90106201171875
6.864,-196918.25,-200000,641.0599365234375,-196992.078125,-200000,-200000,-200000,683.73681640625
6.868,-197281.09375,-200000,746.44091796875,-198510.328125,-200000,-200000,-200000,681.94873046875
6.872,-195362.578125,-200000,811.33856201171875,-197083.671875,-200000,-200000,-200000,682.5208740234375
6.876,-194473.625,-200000,704.78924560546875,-195650.328125,-200000,-200000,-200000,680.0413818359375
6.88,-196055.71875,-200000,627.82763671875,-197003.84375,-200000,-200000,-200000,681.99639892578125
6.884,-196873.296875,-200000,723.09979248046875,-198849.171875,-200000,-200000,-200000,683.02166748046875
6.888,-195223.796875,-200000,806.06951904296875,-197583.75,-200000,-200000,-200000,682.06787109375
6.892,-194621.671875,-200000,730.58612060546875,-195140.5,-200000,-200000,-200000,680.7327880859375
6.896,-196211.5,-200000,643.1103515625,-196040.671875,-200000,-200000,-200000,682.64013671875
6.9,-197535.546875,-200000,694.0364990234375,-198279.296875,-200000,-200000,-200000,683.0931396484375
6.904,-196547.328125,-200000,789.6185302734375,-197416.25,-200000,-200000,-200000,682.97393798828125
6.908,-195483.578125,-199896.921875,757.1220703125,-195444.796875,-200000,-199948.953125,-200000,683.61767578125
6.912,-196630,-199932.203125,653.00469970703125,-196413.34375,-200000,-199953.421875,-200000,684.23760986328125
6.916,-198223.171875,-200000,660.4671630859375,-198711.375,-200000,-200000,-200000,685.7156982421875
6.92,-197458.921875,-200000,793.7908935546875,-198254.671875,-200000,-200000,-200000,683.97528076171875
6.924,-196167.796875,-199341.171875,787.37744140625,-196049.375,-200000,-199229.046875,-200000,682.4017333984375
6.928,-196786,-199331,652.71856689453125,-196483.796875,-200000,-199219.578125,-200000,683.04541015625
6.932,-198377.46875,-199960.59375,644.44549560546875,-198684.703125,-200000,-199891.25,-200000,685.2626953125
6.936,-198064.96875,-200000,782.6805419921875,-198498.84375,-200000,-199970.953125,-200000,682.59246826171875
6.94,-196456.953125,-199213.921875,799.7274169921875,-196218.46875,-200000,-198972.34375,-200000,683.3553466796875
6.944,-196538.203125,-199147.96875,662.6844482421875,-195956.75,-200000,-199045.296875,-200000,683.474609375
6.948,-198007.546875,-199880.328125,625.68194580078125,-198119.421875,-200000,-199838.59375,-200000,683.80841064453125
6.952,-198025.46875,-200000,769.56756591796875,-198598.046875,-200000,-200000,-200000,683.0931396484375
6.956,-196687,-199533.46875,820.18389892578125,-196244.625,-200000,-199352.703125,-200000,682.64013671875
6.96,-196317.046875,-199223.09375,686.66943359375,-195491.5,-200000,-199137,-200000,683.8798828125
6.964,-197612.046875,-199900.625,625.87274169921875,-197540.09375,-200000,-199825.796875,-200000,683.9276123046875
6.968,-198146.953125,-200000,746.4886474609375,-198628.921875,-200000,-200000,-200000,682.97393798828125
6.972,-196913.546875,-199733.5,813.57958984375,-196690.078125,-200000,-199610.59375,-200000,684.30908203125
6.976,-196189.21875,-199130.546875,711.89404296875,-195374.84375,-200000,-199022.84375,-200000,682.13946533203125
6.98,-197423.953125,-199842.046875,648.33172607421875,-197212.125,-200000,-199730.796875,-200000,685.19122314453125
6.984,-198515.578125,-200000,729.7039794921875,-198939.46875,-200000,-200000,-200000,684.1898193359375
6.988,-197297.453125,-199915.09375,780.439453125,-197161.453125,-200000,-199833.171875,-200000,682.90234375
6.992,-196214.578125,-199065,716.54327392578125,-195249.953125,-200000,-198973.578125,-200000,681.37646484375
6.996,-197169.25,-199677.09375,649.26153564453125,-197030.46875,-200000,-199557.5,-200000,683.59375
7,-198633.5,-200000,707.7216796875,-199202.96875,-200000,-200000,-200000,684.38067626953125
7.004,-197791.453125,-199998.203125,792.646484375,-197765.09375,-200000,-199955.796875,-200000,681.51953125
7.008,-196365.296875,-199135.578125,754.8094482421875,-195457.828125,-200000,-198986.953125,-200000,683.14080810546875
7.012,-197088.625,-199645.578125,655.6273193359375,-196577.296875,-200000,-199453.078125,-200000,683.3553466796875
7.016,-198514.46875,-200000,670.1707763671875,-199180.921875,-200000,-199992.875,-200000,683.99920654296875
7.02,-197960.078125,-200000,803.13690185546875,-198393.296875,-200000,-200000,-200000,684.5712890625
7.024,-196757.625,-199347.96875,803.51837158203125,-195763.09375,-200000,-199217.046875,-200000,682.83087158203125
7.028,-197170.796875,-199577.828125,654.9119873046875,-196270.34375,-200000,-199414.046875,-200000,683.54620361328125
7.032,-198405,-200000,647.23504638671875,-199002.921875,-200000,-199977.34375,-200000,684.69061279296875
7.036,-198090.953125,-200000,793.3616943359375,-198938.546875,-200000,-200000,-200000,685.0242919921875
7.04,-196961.421875,-199589.546875,817.7757568359375,-196272.375,-200000,-199486.84375,-200000,684.49981689453125
7.044,-197025.375,-199508.375,656.05645751953125,-196158.625,-200000,-199349.625,-200000,682.2586669921875
7.048,-198216.078125,-199998.796875,629.87811279296875,-198769.796875,-200000,-199967.21875,-200000,683.04541015625
7.052,-198398.875,-200000,799.91827392578125,-199245.421875,-200000,-200000,-200000,683.04541015625
7.056,-197273.5,-199762.171875,843.50115966796875,-196762.171875,-200000,-199702.59375,-200000,683.474609375
7.06,-196892,-199393.578125,675.0345458984375,-196151.375,-200000,-199272.625,-200000,684.54754638671875
7.064,-198133.96875,-199965.375,614.19012451171875,-198378.875,-200000,-199901.71875,-200000,686.86016845703125
7.068,-198970.828125,-200000,756.7406005859375,-199259.96875,-200000,-200000,-200000,685.9541015625
7.072,-197790.21875,-199744.71875,803.85223388671875,-197368.125,-200000,-199808.046875,-200000,683.73681640625
7.076,-197332.5,-198503.921875,701.71368408203125,-197103.421875,-200000,-198610.375,-200000,683.0931396484375
7.08,-198700.703125,-199309.953125,619.6976318359375,-199055.84375,-200000,-199126.328125,-200000,684.30908203125
7.084,-199944.328125,-200000,729.46551513671875,-199999.21875,-200000,-199933.59375,-200000,684.7620849609375
7.088,-198955.671875,-199496.125,824.2607421875,-198469,-200000,-199261.625,-200000,684.7620849609375
7.092,-197761.671875,-198574.875,730.72918701171875,-196915.046875,-200000,-198463.125,-200000,682.783203125
7.096,-198533.96875,-199249.421875,633.16827392578125,-198610.921875,-200000,-199059.875,-200000,686.02569580078125
7.1,-199924.09375,-199994.078125,702.11895751953125,-200000,-200000,-199951,-200000,685.40576171875
7.104,-199388.328125,-199717.171875,802.1116943359375,-199004.328125,-200000,-199526.046875,-200000,683.59375
7.108,-197818.96875,-198639.546875,765.03759765625,-197193.453125,-200000,-198531.671875,-200000,682.44940185546875
7.112,-198388.828125,-199130.875,638.07977294921875,-198408.953125,-200000,-198944.828125,-200000,683.3553466796875
7.116,-199838.5,-199973.34375,654.29217529296875,-199949,-200000,-199896.921875,-200000,684.8812255859375
7.12,-199731.921875,-199893.46875,810.50408935546875,-199333.5,-200000,-199759.21875,-200000,684.6190185546875
7.124,-198153.328125,-198778.828125,818.7294921875,-197324.25,-200000,-198675.296875,-200000,685.0242919921875
7.128,-198286.75,-199049.09375,652.64715576171875,-198184.34375,-200000,-198868.34375,-200000,683.54620361328125
7.132,-199653.171875,-199886.046875,638.4134521484375,-199835.703125,-200000,-199791.921875,-200000,686.1448974609375
7.136,-199872.796875,-199995.171875,791.45440673828125,-199691.953125,-200000,-199932.046875,-200000,685.52508544921875
7.14,-198413.203125,-198975.875,808.09600830078125,-197629.828125,-200000,-198870.296875,-200000,683.99920654296875
7.144,-198192.125,-198976.5,661.80242919921875,-197945.46875,-200000,-198797.796875,-200000,683.0931396484375
7.148,-199493.5,-199806.375,630.45037841796875,-199679.09375,-200000,-199689.953125,-200000,686.5263671875
7.152,-199992.46875,-200000,780.55859375,-199844.203125,-200000,-200000,-200000,683.66534423828125
7.156,-198635.453125,-199298.125,813.4365234375,-197995.59375,-200000,-199144.34375,-200000,684.166015625
7.16,-197990.375,-198919.078125,681.8294677734375,-197757.21875,-200000,-198765.671875,-200000,683.16473388671875
7.164,-199255.796875,-199732,634.31268310546875,-199373.71875,-200000,-199575.375,-200000,684.95281982421875
7.168,-200000,-200000,758.31427001953125,-199953.75,-200000,-200000,-200000,684.69061279296875
7.172,-198944.203125,-199586.71875,829.07684326171875,-198219.453125,-200000,-199463.578125,-200000,685.8349609375
7.176,-197872.203125,-198898.71875,700.7122802734375,-197422.046875,-200000,-198764.46875,-200000,683.61767578125
7.18,-198870.34375,-199659.171875,615.42999267578125,-199106.953125,-200000,-199501.453125,-200000,683.97528076171875
7.184,-199991.96875,-200000,728.41650390625,-199997.671875,-200000,-200000,-200000,685.3104248046875
7.188,-199150.375,-199825.625,811.5291748046875,-198495.046875,-200000,-199732.59375,-200000,683.80841064453125
7.192,-197795.171875,-198955.96875,729.89471435546875,-197175.703125,-200000,-198826.21875,-200000,684.95281982421875
7.196,-198571.96875,-199582.625,637.6982421875,-198599.953125,-200000,-199414.796875,-200000,685.19122314453125
7.2,-199762.046875,-200000,687.28936767578125,-199994.375,-200000,-200000,-200000,685.19122314453125
7.204,-199255.453125,-199991.96875,811.6722412109375,-198768.71875,-200000,-199938.96875,-200000,683.0931396484375
7.208,-197944.203125,-199061.953125,779.17578125,-196868.46875,-200000,-198927.921875,-200000,684.42822265625
7.212,-198275.703125,-199507.375,637.0068359375,-198168.34375,-200000,-199333.953125,-200000,685.11962890625
7.216,-199156.421875,-199998.328125,640.55926513671875,-199944.5,-200000,-199992.546875,-200000,685.5726318359375
7.22,-198633.921875,-200000,801.18194580078125,-199611.328125,-200000,-200000,-200000,685.50115966796875
7.224,-197833.796875,-199295.5,813.81805419921875,-197163.125,-200000,-199134.375,-200000,683.52227783203125
7.228,-198122.421875,-199447.296875,660.58642578125,-197840.5,-200000,-199271.453125,-200000,683.40313720703125
7.232,-199014.296875,-199987.671875,632.92987060546875,-199794.328125,-200000,-199958.453125,-200000,684.11834716796875
7.236,-198693.953125,-200000,800.0374755859375,-199861.5,-200000,-200000,-200000,681.44805908203125
7.24,-197817.796875,-199509.59375,845.17010498046875,-197555.25,-200000,-199377.84375,-200000,684.35675048828125
7.244,-197995.828125,-199382.671875,666.61846923828125,-197433.421875,-200000,-199212.546875,-200000,683.99920654296875
7.248,-198876,-199960.296875,608.46807861328125,-199510.21875,-200000,-199895.953125,-200000,684.8812255859375
7.252,-198710.96875,-200000,779.17578125,-199980.328125,-200000,-200000,-200000,682.83087158203125
7.256,-197858.125,-199721.71875,835.63330078125,-197904.296875,-200000,-199623.671875,-200000,683.0931396484375
7.26,-197802.078125,-199344.375,679.1591796875,-197122.953125,-200000,-199172.09375,-200000,684.11834716796875
7.264,-198702.21875,-199957.34375,612.13983154296875,-199157.46875,-200000,-199885.875,-200000,684.11834716796875
7.268,-199012.421875,-200000,758.93408203125,-199991.796875,-200000,-200000,-200000,681.63885498046875
7.272,-198125.84375,-199898.546875,832.00946044921875,-198092.75,-200000,-199835.546875,-200000,683.85614013671875
7.276,-197722.546875,-199325.296875,698.99560546875,-196770.421875,-200000,-199176.421875,-200000,682.4017333984375
7.28,-198468.703125,-199921.671875,606.34619140625,-198675.296875,-200000,-199816.21875,-200000,685.3104248046875
7.284,-198832.375,-200000,723.29052734375,-200000,-200000,-200000,-200000,683.14080810546875
7.288,-197999.59375,-199998.71875,805.64031982421875,-198738.5,-200000,-199984.703125,-200000,683.52227783203125
7.292,-197484.875,-199378.84375,727.65362548828125,-196717.203125,-200000,-199229.328125,-200000,683.474609375
7.296,-198171.5,-199865.625,646.54364013671875,-198245.921875,-200000,-199760.625,-200000,684.95281982421875
7.3,-198734.796875,-200000,699.4486083984375,-199975.25,-200000,-200000,-200000,684.0467529296875
7.304,-197960.796875,-200000,804.92510986328125,-199237.96875,-200000,-200000,-200000,683.61767578125
7.308,-197260.328125,-199541,768.6854248046875,-196842.125,-200000,-199392.546875,-200000,684.23760986328125
7.312,-197867.796875,-199824.21875,661.5877685546875,-197910.296875,-200000,-199704.125,-200000,686.4071044921875
7.316,-198572.96875,-200000,664.28192138671875,-199906.171875,-200000,-200000,-200000,683.0931396484375
7.32,-197917.21875,-200000,795.07843017578125,-199637.921875,-200000,-200000,-200000,683.33154296875
7.324,-197101.171875,-199662.5,808.28680419921875,-197224.796875,-200000,-199552.953125,-200000,684.69061279296875
7.328,-197555.25,-199775.953125,655.7464599609375,-197821.578125,-200000,-199617,-200000,685.2626953125
7.332,-198387.21875,-200000,642.60968017578125,-199798.21875,-200000,-200000,-200000,684.69061279296875
7.336,-198153.671875,-200000,776.50555419921875,-199857.875,-200000,-200000,-200000,684.0467529296875
7.34,-197304.75,-199779.078125,811.10009765625,-197576.703125,-200000,-199700.203125,-200000,683.42694091796875
7.344,-197557.296875,-199708.21875,663.900390625,-197474.21875,-200000,-199528.703125,-200000,683.54620361328125
7.348,-198360.84375,-200000,628.78143310546875,-199524.875,-200000,-199989.875,-200000,684.8812255859375
7.352,-198160.59375,-200000,765.4906005859375,-199999.375,-200000,-200000,-200000,684.166015625
7.356,-197243.96875,-199897.84375,797.03338623046875,-198220.046875,-200000,-199846.09375,-200000,681.49578857421875
7.36,-197273.078125,-199638.328125,680.61358642578125,-197510.125,-200000,-199458.921875,-200000,683.3553466796875
7.364,-198097.46875,-200000,626.70721435546875,-199436.578125,-200000,-199987,-200000,684.11834716796875
7.368,-198180.453125,-200000,761.10369873046875,-200000,-200000,-200000,-200000,684.5712890625
7.372,-197346.078125,-199993.875,823.8792724609375,-198932.703125,-200000,-199971.625,-200000,683.40313720703125
7.376,-197157.828125,-199596.09375,705.67138671875,-197428.578125,-200000,-199435.703125,-200000,682.3778076171875
7.38,-197940.75,-199994.96875,638.34197998046875,-199195.34375,-200000,-199933.5,-200000,685.3104248046875
7.384,-198374.328125,-200000,734.9730224609375,-200000,-200000,-200000,-200000,684.80975341796875
7.388,-197736.546875,-200000,802.32635498046875,-199205.59375,-200000,-200000,-200000,682.783203125
7.392,-197327.5,-199652.953125,726.7713623046875,-197231.546875,-200000,-199493.953125,-200000,681.75799560546875
7.396,-197978.078125,-199956.453125,628.09002685546875,-198778.25,-200000,-199871.296875,-200000,686.2879638671875
7.4,-198540.375,-200000,688.0760498046875,-199999.46875,-200000,-200000,-200000,684.23760986328125
7.404,-197903.578125,-200000,795.50750732421875,-199674.875,-200000,-200000,-200000,684.54754638671875
7.408,-197283.34375,-199681.171875,768.1131591796875,-197681.875,-200000,-199554.703125,-200000,683.33154296875
7.412,-197898.75,-199903.796875,662.5653076171875,-198814.046875,-200000,-199786.171875,-200000,686.5501708984375
7.416,-198618.421875,-200000,665.02099609375,-199996.25,-200000,-200000,-200000,684.30908203125
7.42,-197983.828125,-200000,793.6239013671875,-200000,-200000,-200000,-200000,683.7845458984375
7.424,-197413.25,-199735.328125,797.6771240234375,-198258.328125,-200000,-199629.46875,-200000,685.38201904296875
7.428,-197849.96875,-199825.21875,667.07147216796875,-198818,-200000,-199686.953125,-200000,687.17010498046875
7.432,-198554.296875,-200000,641.25067138671875,-199993.953125,-200000,-200000,-200000,685.21502685546875
7.436,-198203.84375,-200000,779.98651123046875,-200000,-200000,-200000,-200000,682.33026123046875
7.44,-197397.875,-199816.34375,801.5394287109375,-198972.046875,-200000,-199743.25,-200000,683.66534423828125
7.444,-197667.203125,-199744.21875,665.02099609375,-198853.59375,-200000,-199573.296875,-200000,683.59375
7.448,-198450.421875,-200000,620.84210205078125,-199977.171875,-200000,-199999.875,-200000,685.1435546875
7.452,-198214.75,-200000,770.1873779296875,-200000,-200000,-200000,-200000,683.80841064453125
7.456,-197403.59375,-199927.71875,812.9359130859375,-199407.84375,-200000,-199868.546875,-200000,684.95281982421875
7.46,-197550.625,-199681.671875,682.2109375,-198639.046875,-200000,-199518.125,-200000,684.69061279296875
7.464,-198291.25,-200000,631.52325439453125,-199902.375,-200000,-199978.578125,-200000,683.68914794921875
7.468,-198317.703125,-200000,762.8203125,-200000,-200000,-200000,-200000,681.06658935546875
7.472,-197656.296875,-199999.078125,828.8861083984375,-199592.59375,-200000,-199983.5,-200000,683.3553466796875
7.476,-197497.328125,-199661.203125,703.3348388671875,-198381.5,-200000,-199497.578125,-200000,684.69061279296875
7.48,-198302.921875,-199997.921875,615.14385986328125,-199657.71875,-200000,-199957.453125,-200000,684.26141357421875
7.484,-198825.546875,-200000,728.48809814453125,-200000,-200000,-200000,-200000,682.5208740234375
7.488,-198172.96875,-200000,820.75604248046875,-199583.921875,-200000,-200000,-200000,683.66534423828125
7.492,-197846.84375,-199725.546875,733.82861328125,-197826.5,-200000,-199584.21875,-200000,684.11834716796875
7.496,-198466.953125,-199981.5,639.3670654296875,-199049.578125,-200000,-199927.5,-200000,683.61767578125
7.5,-198985.953125,-200000,691.48553466796875,-200000,-200000,-200000,-200000,680.61358642578125
7.504,-198358.296875,-200000,805.87872314453125,-199761.453125,-200000,-200000,-200000,685.69189453125
7.508,-197756.421875,-199804.96875,766.4442138671875,-197832.671875,-200000,-199673.828125,-200000,684.7381591796875
7.512,-198282.453125,-199950.921875,648.61785888671875,-198708.96875,-200000,-199886.75,-200000,685.8349609375
7.516,-198937.96875,-200000,660.82489013671875,-199985.953125,-200000,-200000,-200000,683.04541015625
7.52,-198418.171875,-200000,802.82696533203125,-199906.09375,-200000,-200000,-200000,683.28387451171875
7.524,-197761.296875,-199878.09375,780.82098388671875,-197946.828125,-200000,-199796.671875,-200000,684.80975341796875
7.528,-198161.046875,-199926.59375,653.6484375,-198334.796875,-200000,-199837.171875,-200000,684.54754638671875
7.532,-198889.84375,-200000,646.5911865234375,-199857.296875,-200000,-200000,-200000,684.6190185546875
7.536,-198593.46875,-200000,775.02734375,-199942.203125,-200000,-200000,-200000,684.30908203125
7.54,-197956.96875,-199957.453125,796.0081787109375,-197986.34375,-200000,-199897.328125,-200000,684.80975341796875
7.544,-198137.5,-199896.09375,665.0447998046875,-197896.546875,-200000,-199785.34375,-200000,684.166015625
7.548,-198876.203125,-200000,634.71807861328125,-199609.5,-200000,-200000,-200000,683.73681640625
7.552,-198794.84375,-200000,769.68682861328125,-199974.84375,-200000,-200000,-200000,683.3553466796875
7.556,-198094.71875,-199999.921875,803.66143798828125,-198158.296875,-200000,-199992.953125,-200000,683.99920654296875
7.56,-198085.71875,-199853.59375,675.20147705078125,-197546,-200000,-199738.546875,-200000,683.80841064453125
7.564,-198718.703125,-200000,606.56072998046875,-199291.59375,-200000,-199999.921875,-200000,685.7156982421875
7.568,-198697.59375,-200000,756.78839111328125,-200000,-200000,-200000,-200000,682.5208740234375
7.572,-197923.921875,-200000,840.091796875,-198794.84375,-200000,-200000,-200000,685.1435546875
7.576,-197756.25,-199926.75,706.9349365234375,-197533.953125,-200000,-199793.046875,-200000,685.9541015625
7.58,-198383.09375,-200000,630.18798828125,-199032.5,-200000,-199987.25,-200000,685.59649658203125
7.584,-198593.296875,-200000,727.91583251953125,-200000,-200000,-200000,-200000,682.5208740234375
7.588,-197874.796875,-200000,786.3759765625,-199246.453125,-200000,-200000,-200000,682.13946533203125
7.592,-197505.375,-199975.578125,726.15155029296875,-197532.625,-200000,-199860.71875,-200000,682.4017333984375
7.596,-198044.296875,-200000,649.26153564453125,-198780.46875,-200000,-199992.796875,-200000,683.85614013671875
7.6,-198500.125,-200000,706.625,-199997.09375,-200000,-200000,-200000,684.23760986328125
7.604,-198063.84375,-200000,789.54705810546875,-199895.703125,-200000,-200000,-200000,682.71173095703125
7.608,-197762.796875,-199563.203125,754.2371826171875,-198070,-200000,-199496.328125,-200000,684.07061767578125
7.612,-198265.328125,-199850.875,666.76153564453125,-198918.71875,-200000,-199722.453125,-200000,684.49981689453125
7.616,-198913.84375,-200000,682.85467529296875,-199990.625,-200000,-200000,-200000,684.30908203125
7.62,-198489.296875,-200000,766.89727783203125,-199941.25,-200000,-200000,-200000,683.3553466796875
7.624,-197912.5,-199683.921875,760.53155517578125,-198029.078125,-200000,-199611.328125,-200000,684.95281982421875
7.628,-198266.25,-199803.375,671.7205810546875,-198438.796875,-200000,-199656.25,-200000,684.7381591796875
7.632,-198875.71875,-200000,653.45770263671875,-199880,-200000,-200000,-200000,683.66534423828125
7.636,-198629.71875,-200000,775.81414794921875,-199988.84375,-200000,-200000,-200000,683.73681640625
7.64,-197940.875,-199795.671875,789.66632080078125,-198205.171875,-200000,-199762.578125,-200000,683.8798828125
7.644,-198138.21875,-199740.453125,681.8294677734375,-198116.171875,-200000,-199578.59375,-200000,683.2122802734375
7.648,-198847.921875,-200000,648.18865966796875,-199710.34375,-200000,-199999.703125,-200000,684.80975341796875
7.652,-198937.375,-200000,763.89324951171875,-199990.625,-200000,-200000,-200000,682.2109375
7.656,-198335.75,-199856.09375,801.4202880859375,-198291.296875,-200000,-199825.59375,-200000,682.0916748046875
7.66,-198313.828125,-199557.96875,687.86151123046875,-197714.328125,-200000,-199411.84375,-200000,684.30908203125
7.664,-198894.71875,-200000,648.1170654296875,-199413.96875,-200000,-199956.953125,-200000,683.3553466796875
7.668,-198921.46875,-200000,752.47296142578125,-200000,-200000,-200000,-200000,683.16473388671875
7.672,-198239.078125,-199966.453125,787.06756591796875,-198866.953125,-200000,-199972.828125,-200000,685.52508544921875
7.676,-198024.21875,-199519.453125,705.36151123046875,-197642.75,-200000,-199416.84375,-200000,683.9276123046875
7.68,-198615.421875,-199977,649.02313232421875,-199144.625,-200000,-199926.75,-200000,686.07342529296875
7.684,-198948,-200000,731.0390625,-200000,-200000,-200000,-200000,682.83087158203125
7.688,-198319.21875,-200000,814.7001953125,-199150.84375,-200000,-200000,-200000,682.97393798828125
7.692,-197950.59375,-199610.875,724.74493408203125,-197480.875,-200000,-199473.703125,-200000,682.59246826171875
7.696,-198470,-199974.078125,623.7030029296875,-198708.96875,-200000,-199867.171875,-200000,683.2122802734375
7.7,-199032.921875,-200000,701.8089599609375,-199996.25,-200000,-200000,-200000,683.14080810546875
7.704,-198650.703125,-200000,802.63623046875,-199162.421875,-200000,-200000,-200000,682.59246826171875
7.708,-198106.046875,-199659.375,751.13787841796875,-197202.671875,-200000,-199625.578125,-200000,684.1898193359375
7.712,-198462.96875,-199950,668.3349609375,-198155.796875,-200000,-199812.953125,-200000,685.3104248046875
7.716,-198963.125,-200000,680.23211669921875,-199888.34375,-200000,-200000,-200000,683.61767578125
7.72,-198464.96875,-200000,776.1240234375,-199576.671875,-200000,-200000,-200000,682.5208740234375
7.724,-197834.546875,-199779.75,780.67791748046875,-197515.84375,-200000,-199729.203125,-200000,684.166015625
7.728,-198142,-199902.875,665.7362060546875,-197975.84375,-200000,-199782.546875,-200000,685.2626953125
7.732,-198816.453125,-200000,648.33172607421875,-199731.578125,-200000,-200000,-200000,682.783203125
7.736,-198658.796875,-200000,787.2581787109375,-199612.375,-200000,-200000,-200000,684.54754638671875
7.74,-197993.875,-199891.96875,807.97686767578125,-197534.953125,-200000,-199849.328125,-200000,681.75799560546875
7.744,-198125.921875,-199839.46875,669.8846435546875,-197519.703125,-200000,-199711.25,-200000,685.4534912109375
7.748,-198693.171875,-200000,637.19757080078125,-199400.328125,-200000,-200000,-200000,682.83087158203125
7.752,-198452.171875,-200000,772.35711669921875,-199906.09375,-200000,-200000,-200000,683.42694091796875
7.756,-197756.828125,-199973.796875,801.87335205078125,-198027.453125,-200000,-199957.578125,-200000,684.23760986328125
7.76,-197771.59375,-199806.46875,686.66943359375,-197437.921875,-200000,-199676.796875,-200000,683.474609375
7.764,-198393.546875,-200000,653.4100341796875,-199184.25,-200000,-199999.46875,-200000,684.0467529296875
7.768,-198475.125,-200000,756.8359375,-199979.421875,-200000,-200000,-200000,683.474609375
7.772,-197834.703125,-200000,807.9052734375,-198297.59375,-200000,-200000,-200000,685.19122314453125
7.776,-197654.21875,-199780.25,700.85528564453125,-197185.34375,-200000,-199731.453125,-200000,684.1898193359375
7.78,-198199.625,-200000,646.09063720703125,-198775.953125,-200000,-200000,-200000,684.166015625
7.784,-198370.703125,-200000,732.421875,-200000,-200000,-200000,-200000,681.94873046875
7.788,-197692.625,-200000,798.6307373046875,-198862.828125,-200000,-200000,-200000,683.99920654296875
7.792,-197384.796875,-199854.296875,723.52899169921875,-197218.171875,-200000,-199774.203125,-200000,685.21502685546875
7.796,-197912.21875,-199999.21875,649.40460205078125,-198455.921875,-200000,-199981.703125,-200000,683.66534423828125
7.8,-198349.125,-200000,706.88739013671875,-199970,-200000,-200000,-200000,682.6639404296875
7.804,-197799.59375,-200000,792.28887939453125,-199150.671875,-200000,-200000,-200000,684.54754638671875
7.808,-197286.34375,-199878,749.349609375,-197156.796875,-200000,-199868.953125,-200000,683.54620361328125
7.812,-197741.84375,-199999.921875,666.9521484375,-198048.796875,-200000,-199935.75,-200000,683.8798828125
7.816,-198352.921875,-200000,688.00457763671875,-199857.703125,-200000,-200000,-200000,683.3553466796875
7.82,-197974.25,-200000,771.54638671875,-199259.921875,-200000,-200000,-200000,682.97393798828125
7.824,-197457.09375,-199648.421875,764.34619140625,-197658.34375,-200000,-199667.453125,-200000,684.0467529296875
7.828,-197825.21875,-199838.921875,679.77911376953125,-198164.875,-200000,-199673.34375,-200000,684.69061279296875
7.832,-198417.296875,-200000,661.68310546875,-199814.34375,-200000,-200000,-200000,685.2626953125
7.836,-198055.203125,-200000,767.20721435546875,-199901.953125,-200000,-200000,-200000,682.6639404296875
7.84,-197405.203125,-199791.59375,776.5770263671875,-197941.5,-200000,-199748.703125,-200000,681.75799560546875
7.844,-197644.578125,-199768.96875,678.82550048828125,-197865.328125,-200000,-199616.546875,-200000,683.61767578125
7.848,-198400.5,-200000,656.96240234375,-199579.375,-200000,-200000,-200000,683.99920654296875
7.852,-198590.171875,-200000,763.9647216796875,-199677.078125,-200000,-200000,-200000,683.99920654296875
7.856,-197999.953125,-199913.703125,788.71258544921875,-197614.703125,-200000,-199873,-200000,684.0467529296875
7.86,-197905.296875,-199695.703125,688.6243896484375,-197193.421875,-200000,-199541.078125,-200000,682.5208740234375
7.864,-198521.421875,-200000,641.82293701171875,-199069.5,-200000,-199975.578125,-200000,682.56866455078125
7.868,-198745.875,-200000,753.04522705078125,-199724.25,-200000,-200000,-200000,684.0467529296875
7.872,-198033,-199988,798.70233154296875,-197997.21875,-200000,-199980.875,-200000,682.02032470703125
7.876,-197728.25,-199621.34375,700.78387451171875,-197048.671875,-200000,-199503.25,-200000,681.90106201171875
7.88,-198335.703125,-200000,651.693359375,-198623.078125,-200000,-199954.34375,-200000,684.95281982421875
7.884,-198834.046875,-200000,734.7822265625,-199713.296875,-200000,-200000,-200000,684.5712890625
7.888,-198221.578125,-200000,800.27587890625,-198229.59375,-200000,-200000,-200000,685.33428955078125
7.892,-197735.875,-199569.21875,719.7142333984375,-196904.953125,-200000,-199531.5,-200000,682.83087158203125
7.896,-198151.59375,-199966.921875,655.8895263671875,-198298.953125,-200000,-199882.546875,-200000,685.52508544921875
7.9,-198841.125,-200000,711.01202392578125,-199779.546875,-200000,-200000,-200000,682.783203125
7.904,-198413.59375,-200000,774.02606201171875,-198444.421875,-200000,-200000,-200000,683.474609375
7.908,-197758.578125,-199659.453125,738.66845703125,-196734.921875,-200000,-199608.875,-200000,683.80841064453125
7.912,-198081.34375,-199925.578125,670.8861083984375,-197835.578125,-200000,-199829.578125,-200000,685.4534912109375
7.916,-198573.375,-200000,691.8192138671875,-199791.5,-200000,-200000,-200000,683.42694091796875
7.92,-198036.75,-200000,768.6614990234375,-199228.296875,-200000,-200000,-200000,683.40313720703125
7.924,-197410.46875,-199721.546875,756.716796875,-197194.828125,-200000,-199709.078125,-200000,682.02032470703125
7.928,-197759.25,-199765.75,679.92218017578125,-197996.796875,-200000,-199656.171875,-200000,684.4520263671875
7.932,-198552.125,-200000,678.3724365234375,-199720.796875,-200000,-200000,-200000,683.3553466796875
7.936,-198247.921875,-200000,760.10235595703125,-199633.421875,-200000,-200000,-200000,682.97393798828125
7.94,-197663.703125,-199681,774.7889404296875,-197468.828125,-200000,-199683.71875,-200000,684.1898193359375
7.944,-197810.578125,-199659.84375,675.08233642578125,-197521.375,-200000,-199514.75,-200000,683.68914794921875
7.948,-198409.34375,-200000,649.95294189453125,-199443.828125,-200000,-199995.84375,-200000,683.80841064453125
7.952,-198160.828125,-200000,759.84014892578125,-199905.875,-200000,-200000,-200000,684.166015625
7.956,-197522.578125,-199797.71875,773.31072998046875,-197937.953125,-200000,-199796.75,-200000,684.1898193359375
7.96,-197572.078125,-199543.703125,690.2933349609375,-197412.75,-200000,-199421.625,-200000,681.90106201171875
7.964,-198204.171875,-199999.421875,663.87664794921875,-199177,-200000,-199951.546875,-200000,682.85467529296875
7.968,-198222.171875,-200000,742.48321533203125,-199967.59375,-200000,-200000,-200000,682.85467529296875
7.972,-197666,-199936.671875,773.33447265625,-198152,-200000,-199931.421875,-200000,684.0467529296875
7.976,-197491.5,-199492.421875,703.5732421875,-197112.21875,-200000,-199360.84375,-200000,684.7620849609375
7.98,-198139.71875,-199985,655.3173828125,-198680.375,-200000,-199902.171875,-200000,684.7620849609375
7.984,-198771.59375,-200000,734.47235107421875,-199622.046875,-200000,-200000,-200000,683.61767578125
7.988,-198295.078125,-199999.71875,794.6253662109375,-197893.46875,-200000,-199999.5,-200000,681.94873046875
7.992,-197685.59375,-199516.046875,723.29052734375,-196645.96875,-200000,-199399.46875,-200000,684.49981689453125
7.996,-198091.921875,-199947.125,651.693359375,-198116.875,-200000,-199819.796875,-200000,685.40576171875
8,-198635.84375,-200000,712.58544921875,-199724.21875,-200000,-200000,-200000,685.07208251953125
8.004,-198092.75,-200000,767.77947998046875,-198435.921875,-200000,-200000,-200000,680.68505859375
8.008,-197516.125,-199442.34375,734.0908203125,-196811.34375,-200000,-199533.34375,-200000,683.02166748046875
8.012,-197967.5,-199727.578125,675.9881591796875,-198148.96875,-200000,-199636.578125,-200000,682.783203125
8.016,-198696.296875,-200000,696.9691162109375,-199888.25,-200000,-200000,-200000,685.5726318359375
8.02,-198692.21875,-200000,774.8603515625,-199119.203125,-200000,-200000,-200000,683.61767578125
8.024,-198039.25,-198994.921875,772.9530029296875,-197337.171875,-200000,-199071,-200000,683.80841064453125
8.028,-198258.375,-199268.125,672.98419189453125,-198196.046875,-200000,-199099.375,-200000,682.44940185546875
8.032,-199038.21875,-199979.171875,680.23211669921875,-199830,-200000,-199900.953125,-200000,686.59796142578125
8.036,-198879.203125,-200000,761.81903076171875,-199605.625,-200000,-200000,-200000,684.6190185546875
8.04,-198177,-199140.5,764.98992919921875,-197530.828125,-200000,-199068.96875,-200000,684.23760986328125
8.044,-198244.703125,-199185.453125,677.2518310546875,-197748.171875,-200000,-198975.59375,-200000,683.85614013671875
8.048,-199010.875,-199916.21875,661.7308349609375,-199524.578125,-200000,-199806.96875,-200000,685.4534912109375
8.052,-199136.875,-200000,754.9525146484375,-199604.21875,-200000,-200000,-200000,682.97393798828125
8.056,-198280,-199348.46875,772.16632080078125,-197689.046875,-200000,-199345.59375,-200000,683.59375
8.06,-198031.46875,-199066.203125,691.62860107421875,-197528.328125,-200000,-198936.875,-200000,683.28387451171875
8.064,-198667.921875,-199876.328125,660.77716064453125,-199294.703125,-200000,-199691.21875,-200000,684.8812255859375
8.068,-199098.46875,-200000,749.96954345703125,-199715.59375,-200000,-200000,-200000,685.00048828125
8.072,-198514.046875,-199588.453125,794.95916748046875,-197813.96875,-200000,-199585.71875,-200000,684.42822265625
8.076,-198129.046875,-198988.078125,699.90167236328125,-197030.96875,-200000,-198891.328125,-200000,680.9949951171875
8.08,-198653.328125,-199763.34375,651.62188720703125,-198755.84375,-200000,-199594.296875,-200000,683.85614013671875
8.084,-198931.71875,-200000,732.1357421875,-199985.59375,-200000,-200000,-200000,684.69061279296875
8.088,-198314.09375,-199814.71875,775.86181640625,-198412.578125,-200000,-199768.46875,-200000,685.7156982421875
8.092,-197879.203125,-198969.671875,715.70880126953125,-197006.71875,-200000,-198874.71875,-200000,685.07208251953125
8.096,-198363.375,-199677.546875,663.30438232421875,-198424.21875,-200000,-199454.21875,-200000,685.78729248046875
8.1,-198817.375,-200000,714.87432861328125,-199963.921875,-200000,-199998.296875,-200000,682.6639404296875
8.104,-198262.09375,-199962.328125,772.73858642578125,-198903.953125,-200000,-199937.328125,-200000,683.02166748046875
8.108,-197726.453125,-198973.46875,736.52276611328125,-196997.875,-200000,-198944.296875,-200000,684.30908203125
8.112,-198128.078125,-199574.96875,672.29278564453125,-198076.21875,-200000,-199327.09375,-200000,686.21649169921875
8.116,-198773.953125,-200000,696.20623779296875,-199894.09375,-200000,-199984.703125,-200000,684.7620849609375
8.12,-198405.703125,-200000,768.30401611328125,-199058.84375,-200000,-199999.828125,-200000,684.1898193359375
8.124,-197716.578125,-199120.421875,757.47979736328125,-197008.84375,-200000,-199095.078125,-200000,683.0931396484375
8.128,-197965.703125,-199439.953125,681.5672607421875,-197736.453125,-200000,-199253.625,-200000,680.92352294921875
8.132,-198690.625,-199999.21875,681.71026611328125,-199628.5,-200000,-199942.5,-200000,684.35675048828125
8.136,-198491.046875,-200000,762.51043701171875,-199219.625,-200000,-200000,-200000,683.85614013671875
8.14,-197775.828125,-199311.828125,766.77813720703125,-197118.59375,-200000,-199312.078125,-200000,682.2586669921875
8.144,-197780.171875,-199318.25,690.60333251953125,-197449.296875,-200000,-199165.375,-200000,682.83087158203125
8.148,-198632.328125,-199978.296875,674.12860107421875,-199278.21875,-200000,-199886.84375,-200000,684.7620849609375
8.152,-198708.453125,-200000,755.02392578125,-199167.75,-200000,-200000,-200000,682.83087158203125
8.156,-197986.625,-199498.75,775.98095703125,-197181.25,-200000,-199529.625,-200000,683.7845458984375
8.16,-197830.75,-199222.875,693.79815673828125,-196964.328125,-200000,-199117.796875,-200000,683.23614501953125
8.164,-198448.546875,-199935.578125,680.66131591796875,-198877.71875,-200000,-199814.46875,-200000,683.80841064453125
8.168,-198595.796875,-200000,744.19989013671875,-199479.453125,-200000,-200000,-200000,684.07061767578125
8.172,-197939.96875,-199638.546875,768.73309326171875,-197683.875,-200000,-199694.078125,-200000,685.19122314453125
8.176,-197593.625,-199039.84375,702.54815673828125,-197006.046875,-200000,-198983.046875,-200000,682.0916748046875
8.18,-198173.421875,-199832.375,669.43182373046875,-198698.96875,-200000,-199638.328125,-200000,683.99920654296875
8.184,-198499.578125,-200000,734.52001953125,-199900.421875,-200000,-200000,-200000,685.07208251953125
8.188,-197971.046875,-199795.546875,768.04168701171875,-198201.171875,-200000,-199799.96875,-200000,683.9276123046875
8.192,-197629.46875,-198864,713.94451904296875,-196829.078125,-200000,-198970.46875,-200000,684.35675048828125
8.196,-198163.125,-199607.09375,659.56121826171875,-198354.546875,-200000,-199447.34375,-200000,684.8812255859375
8.2,-199027.34375,-200000,718.3314208984375,-199588.578125,-200000,-200000,-200000,683.73681640625
8.204,-198592.171875,-199908.5,760.7459716796875,-198159.546875,-200000,-199875.71875,-200000,683.14080810546875
8.208,-197773.921875,-198889.671875,727.67742919921875,-196671.75,-200000,-198859.421875,-200000,682.6639404296875
8.212,-198043.703125,-199493.75,682.33026123046875,-197914.828125,-200000,-199250,-200000,683.9276123046875
8.216,-198661.671875,-199999.078125,705.48065185546875,-199827.046875,-200000,-199988.46875,-200000,685.76348876953125
8.22,-198510.703125,-199974.875,752.7113037109375,-198705.328125,-200000,-199966.328125,-200000,684.7620849609375
8.224,-197706,-198787.625,744.08056640625,-196958.875,-200000,-198935.921875,-200000,682.90234375
8.228,-197911.296875,-199149.84375,685.9541015625,-197873.921875,-200000,-199050.21875,-200000,682.13946533203125
8.232,-198823.546875,-199963.625,688.17138671875,-199652.59375,-200000,-199850.296875,-200000,684.26141357421875
8.236,-198673.671875,-200000,752.7113037109375,-199071.046875,-200000,-199933.75,-200000,682.783203125
8.24,-197849.546875,-198939.671875,757.8134765625,-197130.96875,-200000,-198969,-200000,683.14080810546875
8.244,-197801,-199047.921875,689.84033203125,-197523.96875,-200000,-198906.078125,-200000,683.02166748046875
8.248,-198498.046875,-199912.875,683.80841064453125,-199462.46875,-200000,-199749.796875,-200000,685.2626953125
8.252,-198410.84375,-200000,751.25701904296875,-199639.25,-200000,-199999.875,-200000,684.95281982421875
8.256,-197742.828125,-199204.09375,763.84552001953125,-197495.578125,-200000,-199125.21875,-200000,685.19122314453125
8.26,-197629.328125,-198905.453125,699.830078125,-197291.703125,-200000,-198880.921875,-200000,683.33154296875
8.264,-198353,-199815.25,678.96856689453125,-199103.71875,-200000,-199650.21875,-200000,686.2879638671875
8.268,-198759.453125,-200000,739.74139404296875,-199432.796875,-200000,-200000,-200000,684.1898193359375
8.272,-198132.875,-199436.078125,761.8665771484375,-197511.84375,-200000,-199399.59375,-200000,682.71173095703125
8.276,-197701.296875,-198832.953125,703.31103515625,-196840.703125,-200000,-198788.125,-200000,684.0467529296875
8.28,-198281.5,-199704.703125,671.6966552734375,-198577.375,-200000,-199492.953125,-200000,683.85614013671875
8.284,-198739.953125,-200000,733.47100830078125,-199606.34375,-200000,-200000,-200000,684.23760986328125
8.288,-198190.625,-199658.875,762.31964111328125,-197828.171875,-200000,-199618.25,-200000,683.73681640625
8.292,-197656.46875,-198755.046875,714.06378173828125,-196610.21875,-200000,-198801.5,-200000,682.97393798828125
8.296,-198146.171875,-199584.078125,674.4384765625,-198110.421875,-200000,-199334.296875,-200000,683.3553466796875
8.3,-198747.875,-200000,720.85870361328125,-199613.46875,-200000,-199999.875,-200000,683.474609375
8.304,-198186.84375,-199856.078125,766.39666748046875,-198221.453125,-200000,-199767.375,-200000,683.8798828125
8.308,-197446.96875,-198759.671875,725.00714111328125,-196663.828125,-200000,-198830.046875,-200000,681.44805908203125
8.312,-197791.5,-199431.203125,680.61358642578125,-197893.296875,-200000,-199206.75,-200000,683.28387451171875
8.316,-198580.046875,-200000,703.26336669921875,-199622.078125,-200000,-199974.25,-200000,685.2626953125
8.32,-198239.46875,-199978.921875,750.87548828125,-198511.203125,-200000,-199930.546875,-200000,684.5712890625
8.324,-197431.796875,-198836.671875,741.1956787109375,-196683.09375,-200000,-198906.875,-200000,683.9276123046875
8.328,-197613.953125,-199294.171875,685.78729248046875,-197571.953125,-200000,-199093.671875,-200000,681.94873046875
8.332,-198397.34375,-199986,688.38604736328125,-199478.34375,-200000,-199896.046875,-200000,684.11834716796875
8.336,-198282.328125,-200000,749.15899658203125,-198778.96875,-200000,-199995.25,-200000,683.474609375
8.34,-197572.96875,-199055.84375,751.0185546875,-196740.96875,-200000,-199028.171875,-200000,683.0931396484375
8.344,-197724.75,-199013.25,692.55841064453125,-197205.46875,-200000,-198962.328125,-200000,681.49578857421875
8.348,-198477.09375,-199904.546875,686.4071044921875,-199138.71875,-200000,-199768.203125,-200000,683.28387451171875
8.352,-198628.828125,-200000,747.82373046875,-198876.421875,-200000,-199991.046875,-200000,684.26141357421875
8.356,-197814.546875,-199200.078125,760.29315185546875,-196963.921875,-200000,-199084.71875,-200000,681.4241943359375
8.36,-197752.96875,-198959.25,696.51611328125,-196725.375,-200000,-198805.5,-200000,682.97393798828125
8.364,-198377.796875,-199814.328125,677.32342529296875,-198672.421875,-200000,-199628.5,-200000,684.38067626953125
8.368,-198747.59375,-200000,746.22637939453125,-199144.546875,-200000,-199998.421875,-200000,683.14080810546875
8.372,-198047.578125,-199144,761.81903076171875,-197441.171875,-200000,-199193.21875,-200000,682.4017333984375
8.376,-197618.421875,-198613.5,702.3572998046875,-196805.375,-200000,-198674.078125,-200000,685.0242919921875
8.38,-198205.796875,-199581.421875,670.12322998046875,-198579.046875,-200000,-199351.203125,-200000,685.8349609375
8.384,-198828.125,-200000,734.5438232421875,-199392.21875,-200000,-199991.96875,-200000,685.50115966796875
8.388,-198155.625,-199448.84375,762.5579833984375,-197709.953125,-200000,-199340.71875,-200000,683.54620361328125
8.392,-197301.09375,-198527.953125,712.41864013671875,-196833.59375,-200000,-198697.921875,-200000,683.73681640625
8.396,-198038.171875,-199386.546875,669.86083984375,-198127.625,-200000,-199232.328125,-200000,684.42822265625
8.4,-198907.421875,-200000,721.95538330078125,-199314.421875,-200000,-199946.421875,-200000,685.52508544921875
8.404,-198353.203125,-199743.75,770.13983154296875,-197918.625,-200000,-199457.453125,-200000,684.6190185546875
8.408,-197546.828125,-198595.71875,730.60986328125,-196432,-200000,-198649.375,-200000,681.49578857421875
8.412,-197852.796875,-199281.5,674.7723388671875,-197717.21875,-200000,-199034.21875,-200000,681.30499267578125
8.416,-198782.296875,-199986.5,699.3055419921875,-199297.421875,-200000,-199912.296875,-200000,684.49981689453125
8.42,-198404.84375,-199899.09375,756.52606201171875,-198215.46875,-200000,-199651.125,-200000,684.7620849609375
8.424,-197455.953125,-198658.453125,740.00372314453125,-196512.21875,-200000,-198741.828125,-200000,681.75799560546875
8.428,-197650.125,-199104.21875,692.0576171875,-197419.828125,-200000,-198923.25,-200000,684.26141357421875
8.432,-198554.09375,-199945.59375,694.65643310546875,-199231,-200000,-199827.421875,-200000,683.9276123046875
8.436,-198381.5,-199986.25,752.47296142578125,-198519.84375,-200000,-199829.671875,-200000,681.8294677734375
8.44,-197556.203125,-198800.796875,755.6439208984375,-196581.71875,-200000,-198872.34375,-200000,683.02166748046875
8.444,-197573.46875,-198986.21875,693.0828857421875,-197032.625,-200000,-198848.34375,-200000,681.87725830078125
8.448,-198411.75,-199882.953125,686.45489501953125,-198919.453125,-200000,-199715.25,-200000,683.85614013671875
8.452,-198437.046875,-200000,751.3046875,-198755.046875,-200000,-199971.453125,-200000,683.66534423828125
8.456,-197616.328125,-199060.375,764.6083984375,-196835.34375,-200000,-198980.296875,-200000,681.87725830078125
8.46,-197293,-198892.828125,698.3519287109375,-196896.671875,-200000,-198710.875,-200000,683.04541015625
8.464,-198291.75,-199800.703125,680.9949951171875,-198519.46875,-200000,-199554.203125,-200000,683.42694091796875
8.468,-198696.75,-200000,742.79315185546875,-198727.796875,-200000,-199956.84375,-200000,684.0467529296875
8.472,-197731.078125,-199332,763.20184326171875,-197074.96875,-200000,-199197.25,-200000,683.3553466796875
8.476,-197093.171875,-198719,703.23956298828125,-196710.59375,-200000,-198750.578125,-200000,681.94873046875
8.48,-197941.578125,-199654.125,678.84930419921875,-198245.625,-200000,-199434.203125,-200000,685.2626953125
8.484,-198597.21875,-200000,735.49755859375,-198960.34375,-200000,-200000,-200000,682.06787109375
8.488,-197898.046875,-199534.796875,757.36053466796875,-197316.296875,-200000,-199484.203125,-200000,682.4017333984375
8.492,-197212.421875,-198611.5,714.63592529296875,-196294.59375,-200000,-198784.96875,-200000,683.474609375
8.496,-197724.046875,-199485.578125,679.7314453125,-197835.375,-200000,-199317.34375,-200000,685.50115966796875
8.5,-198611.875,-200000,719.404296875,-198977.921875,-200000,-199996.5,-200000,682.2109375
8.504,-198032.171875,-199769.328125,766.4442138671875,-197554.078125,-200000,-199641.046875,-200000,683.9276123046875
8.508,-197160.09375,-198656.078125,725.9608154296875,-196174.703125,-200000,-198766.671875,-200000,685.38201904296875
8.512,-197487.671875,-199353.125,684.6190185546875,-197476.421875,-200000,-199128.21875,-200000,684.0467529296875
8.516,-198380.5,-199999.796875,709.36688232421875,-199080.296875,-200000,-199949.453125,-200000,684.38067626953125
8.52,-198010.59375,-199961,754.04656982421875,-197936.578125,-200000,-199719.21875,-200000,682.56866455078125
8.524,-197170.46875,-198737.59375,742.1494140625,-196160.09375,-200000,-198830.71875,-200000,684.54754638671875
8.528,-197304.21875,-199166.703125,689.578125,-197132.796875,-200000,-199069.421875,-200000,683.02166748046875
8.532,-198430.078125,-199961.875,697.2313232421875,-198722.71875,-200000,-199890.46875,-200000,684.49981689453125
8.536,-198283.84375,-199998.578125,748.1336669921875,-197957.578125,-200000,-199958.171875,-200000,684.30908203125
8.54,-197246.84375,-198914.34375,751.82928466796875,-196240.078125,-200000,-198956.171875,-200000,685.19122314453125
8.544,-197188.203125,-199104.59375,692.82061767578125,-196784.171875,-200000,-198917,-200000,684.166015625
8.548,-198061.96875,-199907.296875,688.69598388671875,-198637.078125,-200000,-199800.546875,-200000,684.23760986328125
8.552,-198276.5,-200000,745.7733154296875,-198236.46875,-200000,-199999.71875,-200000,683.9276123046875
8.556,-197354.953125,-199165.84375,755.88232421875,-196389.453125,-200000,-199136.328125,-200000,681.5672607421875
8.56,-197138.046875,-198954.453125,698.4949951171875,-196386.125,-200000,-198877.921875,-200000,681.8294677734375
8.564,-197771.203125,-199828.953125,676.2982177734375,-198383.46875,-200000,-199642.296875,-200000,685.52508544921875
8.568,-197871.671875,-200000,745.6064453125,-198849.25,-200000,-200000,-200000,683.85614013671875
8.572,-197164.578125,-199435.171875,765.8958740234375,-196937.84375,-200000,-199329.375,-200000,685.78729248046875
8.576,-196886.796875,-198857.921875,699.49639892578125,-196250.25,-200000,-198825.421875,-200000,682.6639404296875
8.58,-197567.34375,-199729.375,667.19061279296875,-197966.703125,-200000,-199525.921875,-200000,682.5208740234375
8.584,-197984.125,-200000,739.6697998046875,-198889.5,-200000,-200000,-200000,683.474609375
8.588,-197309.5,-199653.671875,771.04571533203125,-197188.09375,-200000,-199562.09375,-200000,683.16473388671875
8.592,-196798.34375,-198787.375,716.42413330078125,-196028.796875,-200000,-198813.25,-200000,683.40313720703125
8.596,-197375.125,-199508.203125,677.5140380859375,-197685.328125,-200000,-199364.5,-200000,683.85614013671875
8.6,-198240.25,-200000,722.3367919921875,-199279.703125,-200000,-199989.671875,-200000,685.19122314453125
8.604,-197927.09375,-198965.625,763.01104736328125,-198243.71875,-200000,-199287.546875,-200000,681.30499267578125
8.608,-197487.71875,-197641.25,725.3885498046875,-197091,-200000,-198055.34375,-200000,682.64013671875
8.612,-198043.875,-198483.59375,689.64971923828125,-198220.296875,-200000,-198301.328125,-200000,683.85614013671875
8.616,-198923.078125,-199798.953125,711.13116455078125,-199526.375,-200000,-199307.296875,-200000,684.49981689453125
8.62,-198569.84375,-198988.84375,747.06085205078125,-198524.203125,-200000,-198963.921875,-200000,682.4017333984375
8.624,-197746.75,-197611.296875,734.5438232421875,-197161.71875,-200000,-197864.25,-200000,682.59246826171875
8.628,-198063.671875,-198126.671875,692.9398193359375,-198082.921875,-200000,-197971.328125,-200000,682.783203125
8.632,-199230.421875,-199308.703125,697.58905029296875,-199619.828125,-200000,-198949.5,-200000,682.6639404296875
8.636,-199059.828125,-198954.546875,747.1800537109375,-198852.375,-200000,-198811.09375,-200000,683.16473388671875
8.64,-198033.125,-197807.046875,750.75634765625,-197094.046875,-200000,-197855.671875,-200000,684.7381591796875
8.644,-197962.078125,-198028.796875,692.6298828125,-197716.09375,-200000,-197876.296875,-200000,683.7845458984375
8.648,-198849.96875,-199196.34375,689.22052001953125,-199535.046875,-200000,-198802.203125,-200000,683.33154296875
8.652,-199000.453125,-199120.796875,749.96954345703125,-199161.421875,-200000,-198929.21875,-200000,683.3553466796875
8.656,-198110.578125,-197997.578125,752.5921630859375,-197276.828125,-200000,-198025.875,-200000,683.40313720703125
8.66,-197836.09375,-197917.328125,700.521484375,-197390.171875,-200000,-197787.71875,-200000,682.44940185546875
8.664,-198652.328125,-199030.421875,685.9541015625,-199189.25,-200000,-198653.71875,-200000,683.7845458984375
8.668,-198961.921875,-199292.5,741.72021484375,-199420.421875,-200000,-199024.671875,-200000,681.87725830078125
8.672,-198198.71875,-198222.921875,755.26251220703125,-197535.375,-200000,-198196.453125,-200000,681.61492919921875
8.676,-197779.953125,-197817.59375,705.02764892578125,-197043.96875,-200000,-197712.34375,-200000,681.8294677734375
8.68,-198444.21875,-198824.59375,681.1142578125,-198773.703125,-200000,-198502.875,-200000,684.1898193359375
8.684,-199168.296875,-199396.296875,735.73602294921875,-199373.671875,-200000,-199116.296875,-200000,683.28387451171875
8.688,-198359.875,-198452.96875,759.31561279296875,-197782.171875,-200000,-198409.671875,-200000,682.59246826171875
8.692,-197507.296875,-197740.953125,713.11004638671875,-196983.546875,-200000,-197716.625,-200000,682.02032470703125
8.696,-198198.34375,-198605.578125,679.2069091796875,-198398.671875,-200000,-198330.71875,-200000,681.8056640625
8.7,-199004.25,-199495.953125,723.21905517578125,-199578.703125,-200000,-199142.34375,-200000,683.61767578125
8.704,-198469.296875,-198665.703125,760.4837646484375,-198057.671875,-200000,-198592.921875,-200000,684.1898193359375
8.708,-197635.5,-197739.203125,723.07598876953125,-196673.078125,-200000,-197737.625,-200000,682.06787109375
8.712,-197992.796875,-198426.625,690.9847412109375,-198019.953125,-200000,-198190.328125,-200000,682.5208740234375
8.716,-198969.578125,-199462.421875,711.2503662109375,-199499.078125,-200000,-199148.546875,-200000,685.38201904296875
8.72,-198618.953125,-198884.078125,751.51934814453125,-198281.796875,-200000,-198773.203125,-200000,681.06658935546875
8.724,-197612.96875,-197804.09375,736.83270263671875,-196659,-200000,-197793.75,-200000,683.14080810546875
8.728,-197802.5,-198281.71875,694.53729248046875,-197673.46875,-200000,-198030.5,-200000,683.73681640625
8.732,-198972.953125,-199437,697.3505859375,-199209.828125,-200000,-199060.75,-200000,685.5726318359375
8.736,-198714.25,-199053.828125,745.6541748046875,-198477.21875,-200000,-198893.59375,-200000,683.52227783203125
8.74,-197726.96875,-197895.84375,745.53497314453125,-196699.09375,-200000,-197966.421875,-200000,681.2333984375
8.744,-197707.34375,-198114.796875,696.89764404296875,-197285.953125,-200000,-197988.171875,-200000,685.4534912109375
8.748,-198459.25,-199291.078125,690.10272216796875,-199288.34375,-200000,-198937.375,-200000,682.783203125
8.752,-198546.34375,-199210.21875,745.41583251953125,-198903.84375,-200000,-199032.671875,-200000,681.90106201171875
8.756,-197742.21875,-198087.375,752.78289794921875,-196941.296875,-200000,-198113.96875,-200000,682.3778076171875
8.76,-197567.546875,-198010.953125,694.27490234375,-196987.078125,-200000,-197893,-200000,682.02032470703125
8.764,-198347.921875,-199146.546875,684.64288330078125,-198862.125,-200000,-198763.296875,-200000,683.59375
8.768,-198635.71875,-199390.09375,740.83819580078125,-199042.46875,-200000,-199098.875,-200000,683.66534423828125
8.772,-197890.921875,-198286.171875,755.52471923828125,-197145.171875,-200000,-198302.625,-200000,682.5208740234375
8.776,-197468.203125,-197874.375,703.38262939453125,-196682.828125,-200000,-197874.578125,-200000,684.0467529296875
8.78,-198075.125,-198922.09375,686.6455078125,-198531.453125,-200000,-198602.421875,-200000,683.80841064453125
8.784,-198489.625,-199519.46875,732.0643310546875,-199355.921875,-200000,-199176.125,-200000,684.7620849609375
8.788,-197960,-198515.75,753.80810546875,-197478.71875,-200000,-198506.828125,-200000,683.02166748046875
8.792,-197360.671875,-197789.375,712.80010986328125,-196495.171875,-200000,-197854.46875,-200000,684.5712890625
8.796,-197925.203125,-198683.796875,688.88671875,-198067.625,-200000,-198434.203125,-200000,683.02166748046875
8.8,-198737.828125,-199512.421875,722.83758544921875,-199203.703125,-200000,-199277.328125,-200000,683.474609375
8.804,-198155.203125,-198668.21875,754.3564453125,-197753.59375,-200000,-198670.171875,-200000,684.23760986328125
8.808,-197249.71875,-197724.046875,721.5023193359375,-196530.171875,-200000,-197799.296875,-200000,683.28387451171875
8.812,-197690.625,-198388.203125,691.98614501953125,-197901.25,-200000,-198195.203125,-200000,682.90234375
8.816,-198718.328125,-199507.5,712.7762451171875,-199239.796875,-200000,-199155.078125,-200000,683.73681640625
8.82,-198369.546875,-198679.25,745.53497314453125,-198242.578125,-200000,-198714.578125,-200000,682.75927734375
8.824,-197577.71875,-197327.75,732.25506591796875,-196984.328125,-200000,-197483.953125,-200000,682.4017333984375
8.828,-197897.71875,-197984.84375,701.04608154296875,-197786.796875,-200000,-197682.328125,-200000,683.97528076171875
8.832,-198566.078125,-199490.703125,704.1455078125,-199313.171875,-200000,-198839.421875,-200000,684.42822265625
8.836,-198150.59375,-199000.921875,742.10174560546875,-198623.875,-200000,-198840.078125,-200000,682.9500732421875
8.84,-197490.125,-197530.546875,739.6937255859375,-196967.171875,-200000,-197801.5,-200000,683.42694091796875
8.844,-197733.5,-197771.375,698.23272705078125,-197462.453125,-200000,-197684.21875,-200000,681.2333984375
8.848,-198493.328125,-199055.125,694.6087646484375,-199335.203125,-200000,-198619.828125,-200000,683.2122802734375
8.852,-198482.75,-199004.625,737.47637939453125,-198911.59375,-200000,-198804.09375,-200000,683.04541015625
8.856,-197691.84375,-197721.328125,747.06085205078125,-197057.125,-200000,-197879.71875,-200000,683.97528076171875
8.86,-197630.625,-197547.75,701.47528076171875,-197260.078125,-200000,-197569.75,-200000,681.6864013671875
8.864,-198488.171875,-198822,689.22052001953125,-198922.875,-200000,-198424.828125,-200000,682.83087158203125
8.868,-198818.703125,-199086.421875,737.57177734375,-198920.21875,-200000,-198833.96875,-200000,682.28253173828125
8.872,-197919.625,-197957.84375,754.69024658203125,-197230.453125,-200000,-197983.5,-200000,681.8294677734375
8.876,-197459.171875,-197551.171875,706.00518798828125,-196951.328125,-200000,-197471.5,-200000,681.5672607421875
8.88,-198292.25,-198581.421875,686.2640380859375,-198573.5,-200000,-198234.46875,-200000,681.90106201171875
8.884,-198880.921875,-199164.46875,734.32928466796875,-199210.796875,-200000,-198802.96875,-200000,685.11962890625
8.888,-198105,-198150.171875,752.8543701171875,-197549.171875,-200000,-198121.09375,-200000,684.49981689453125
8.892,-197405.34375,-197447.296875,712.15643310546875,-196682.921875,-200000,-197475.046875,-200000,684.07061767578125
8.896,-198022.421875,-198375.078125,690.6748046875,-198209.546875,-200000,-198070.921875,-200000,685.8349609375
8.9,-198756.421875,-199257.171875,726.58074951171875,-199397.453125,-200000,-198815.296875,-200000,683.9276123046875
8.904,-198152.875,-198385.953125,749.42120361328125,-197884.25,-200000,-198282.84375,-200000,684.80975341796875
8.908,-197377.59375,-197465.046875,718.76055908203125,-196509.59375,-200000,-197457.75,-200000,681.94873046875
8.912,-197779.671875,-198189.5,689.84033203125,-197868.296875,-200000,-197916.71875,-200000,682.71173095703125
8.916,-198581.59375,-199236.96875,714.4451904296875,-199485.59375,-200000,-198838.09375,-200000,682.75927734375
8.92,-198308.375,-198601.546875,744.8197021484375,-198117.578125,-200000,-198455.796875,-200000,682.4017333984375
8.924,-197359.453125,-197483.046875,731.80206298828125,-196469.171875,-200000,-197533.34375,-200000,682.02032470703125
8.928,-197614.046875,-198013.921875,700.21160888671875,-197498.84375,-200000,-197799.703125,-200000,681.8294677734375
8.932,-198536.25,-199118.5,703.95477294921875,-199258.75,-200000,-198827.34375,-200000,684.38067626953125
8.936,-198420.59375,-198749.203125,741.14813232421875,-198323.25,-200000,-198641.953125,-200000,684.6190185546875
8.94,-197390.625,-197652.828125,738.8592529296875,-196575.578125,-200000,-197607.203125,-200000,681.49578857421875
8.944,-197387.75,-197891.71875,698.0419921875,-197232.171875,-200000,-197680.203125,-200000,682.71173095703125
8.948,-198451.328125,-199055.421875,694.91876220703125,-198936.375,-200000,-198639.046875,-200000,684.7620849609375
8.952,-198572.5,-198918.078125,739.5506591796875,-198437.203125,-200000,-198735.21875,-200000,682.18719482421875
8.956,-197502.34375,-197809.328125,744.58135986328125,-196735.453125,-200000,-197776.71875,-200000,682.783203125
8.96,-197207.96875,-197772.953125,702.04736328125,-196984.328125,-200000,-197593.421875,-200000,683.2122802734375
8.964,-198324.25,-198789,693.46435546875,-198541.703125,-200000,-198574.421875,-200000,684.38067626953125
8.968,-198705.625,-199023.625,738.47784423828125,-198546.203125,-200000,-198869.75,-200000,683.0931396484375
8.972,-197603.125,-198026.46875,751.51934814453125,-196989.546875,-200000,-197947.453125,-200000,683.33154296875
8.976,-197041.578125,-197670.125,707.12579345703125,-196741.828125,-200000,-197510,-200000,682.28253173828125
8.98,-197993.875,-198614.796875,687.6707763671875,-198258.171875,-200000,-198365.875,-200000,682.02032470703125
8.984,-198526.546875,-199133.96875,735.9266357421875,-198906.171875,-200000,-198960.296875,-200000,683.474609375
8.988,-197792.71875,-198234.171875,746.53631591796875,-197217.71875,-200000,-198157.828125,-200000,681.49578857421875
8.992,-197078.46875,-197598.84375,710.8211669921875,-196378.375,-200000,-197472.546875,-200000,680.37518310546875
8.996,-197758.125,-198425.75,690.10272216796875,-197876.703125,-200000,-198170.09375,-200000,680.5657958984375
9,-198668.953125,-199209.375,725.2454833984375,-198852.375,-200000,-199000.71875,-200000,683.73681640625
9.004,-197981.328125,-198452.375,750.61328125,-197416.671875,-200000,-198351.953125,-200000,682.44940185546875
9.008,-197201.25,-197588.671875,718.06915283203125,-196059.75,-200000,-197472.421875,-200000,678.44403076171875
9.012,-197576.46875,-198239.703125,688.45751953125,-197461.34375,-200000,-198002.921875,-200000,683.42694091796875
9.016,-198257.203125,-199217.625,712.27557373046875,-199164.953125,-200000,-198997.875,-200000,685.76348876953125
9.02,-197863.953125,-198646.5,741.98260498046875,-197944.71875,-200000,-198535.453125,-200000,683.54620361328125
9.024,-196992.046875,-197612.828125,729.7039794921875,-196211.5,-200000,-197523.921875,-200000,680.68505859375
9.028,-197269.96875,-198074.21875,694.53729248046875,-197243.375,-200000,-197868.703125,-200000,684.1898193359375
9.032,-198118.375,-199160.34375,698.3519287109375,-199095.171875,-200000,-198916.828125,-200000,684.26141357421875
9.036,-197823.875,-198798.796875,747.0130615234375,-198273.171875,-200000,-198689.171875,-200000,682.783203125
9.04,-197044.96875,-197724.546875,742.29248046875,-196297.046875,-200000,-197648.09375,-200000,680.1605224609375
9.044,-197186.96875,-197814.34375,696.01544189453125,-197058.84375,-200000,-197663.078125,-200000,683.14080810546875
9.048,-198124.09375,-198864.453125,689.8880615234375,-199009.96875,-200000,-198634.828125,-200000,684.0467529296875
9.052,-198325.59375,-198771.546875,748.77752685546875,-198399.796875,-200000,-198649.125,-200000,684.30908203125
9.056,-197395.953125,-197678.296875,747.39453125,-196619.453125,-200000,-197592.171875,-200000,681.6864013671875
9.06,-197192.5,-197616.828125,701.8089599609375,-196803.296875,-200000,-197442.625,-200000,679.3499755859375
9.064,-198101.578125,-198667.328125,691.3662109375,-198617.453125,-200000,-198420.921875,-200000,682.4017333984375
9.068,-198454.5,-198863.71875,735.87908935546875,-198601.453125,-200000,-198719,-200000,683.40313720703125
9.072,-197564.046875,-197863.546875,745.6541748046875,-196793.078125,-200000,-197786.5,-200000,682.2109375
9.076,-197145.578125,-197523.796875,701.59442138671875,-196477.453125,-200000,-197365.5,-200000,681.06658935546875
9.08,-198084.203125,-198474.796875,685.50115966796875,-198014.5,-200000,-198229.84375,-200000,681.87725830078125
9.084,-198692.078125,-198987.84375,730.96759033203125,-198559.5,-200000,-198791,-200000,683.73681640625
9.088,-197679.171875,-198073.546875,750.80401611328125,-197093.671875,-200000,-197987.546875,-200000,679.77911376953125
9.092,-196835.578125,-197452.796875,710.89276123046875,-196467.203125,-200000,-197310.703125,-200000,684.69061279296875
9.096,-197633.953125,-198274.75,691.29473876953125,-197854.75,-200000,-198030.25,-200000,683.16473388671875
9.1,-198671.34375,-199046.84375,726.15155029296875,-198684.046875,-200000,-198847.171875,-200000,683.52227783203125
9.104,-197852.078125,-198275.828125,746.53631591796875,-197346.5,-200000,-198182.84375,-200000,681.1142578125
9.108,-196900.671875,-197417.296875,723.21905517578125,-196171.71875,-200000,-197310.671875,-200000,682.0916748046875
9.112,-197477.75,-198090.71875,696.3968505859375,-197428.84375,-200000,-197854.921875,-200000,681.87725830078125
9.116,-198429.078125,-199052.46875,717.7591552734375,-198850.46875,-200000,-198836.203125,-200000,684.7381591796875
9.12,-197930.328125,-198469.96875,743.24609375,-197649.796875,-200000,-198363.703125,-200000,683.3553466796875
9.124,-196867.625,-197458.203125,728.1781005859375,-196163.328125,-200000,-197378.296875,-200000,682.02032470703125
9.128,-197184.671875,-197929.703125,699.1864013671875,-197176.703125,-200000,-197715.296875,-200000,678.65850830078125
9.132,-198370.703125,-199003.953125,706.1004638671875,-198683.59375,-200000,-198774.703125,-200000,683.85614013671875
9.136,-198110.125,-198634.59375,741.2196044921875,-197787.5,-200000,-198519.25,-200000,683.7845458984375
9.14,-197016.5,-197563.5,738.40625,-196133.5,-200000,-197477.71875,-200000,683.8798828125
9.144,-197034.5,-197797.578125,699.7108154296875,-196836.46875,-200000,-197594.21875,-200000,683.7845458984375
9.148,-197926.46875,-198887.671875,693.53594970703125,-198714.46875,-200000,-198639.71875,-200000,680.61358642578125
9.152,-198062.875,-198783.796875,742.67401123046875,-198126.71875,-200000,-198650.203125,-200000,682.71173095703125
9.156,-197150.578125,-197699.71875,746.7508544921875,-196235.25,-200000,-197640.125,-200000,681.06658935546875
9.16,-196894.625,-197682.921875,699.1864013671875,-196530.21875,-200000,-197507.828125,-200000,681.1142578125
9.164,-197946.875,-198737.328125,690.7225341796875,-198184.625,-200000,-198474.59375,-200000,683.04541015625
9.168,-198277.71875,-198921.46875,736.68963623046875,-198175.703125,-200000,-198763.296875,-200000,682.2109375
9.172,-197140.046875,-197905.453125,751.9007568359375,-196592.421875,-200000,-197823.296875,-200000,681.04278564453125
9.176,-196643.375,-197584.75,707.0780029296875,-196376.671875,-200000,-197421.09375,-200000,682.4017333984375
9.18,-197692.75,-198547.046875,686.45489501953125,-197844.25,-200000,-198279.296875,-200000,682.44940185546875
9.184,-198378.59375,-199040.75,731.3489990234375,-198263.5,-200000,-198852.296875,-200000,682.71173095703125
9.188,-197403.046875,-198105,745.86865234375,-196740.84375,-200000,-198042.25,-200000,683.02166748046875
9.192,-196706.21875,-197498.578125,713.92071533203125,-195979.703125,-200000,-197381.25,-200000,683.61767578125
9.196,-197317.046875,-198346.703125,694.79949951171875,-197586.125,-200000,-198090.84375,-200000,682.18719482421875
9.2,-198168.953125,-199110.21875,723.21905517578125,-198569.34375,-200000,-198898.421875,-200000,683.40313720703125
9.204,-197556.375,-198333.21875,745.15350341796875,-196995.71875,-200000,-198231.671875,-200000,680.37518310546875
9.208,-196614.71875,-197476.046875,717.1630859375,-195854.5,-200000,-197371.953125,-200000,682.75927734375
9.212,-197081.171875,-198162,691.50927734375,-197240.96875,-200000,-197936.625,-200000,682.783203125
9.216,-198073.421875,-199124.453125,715.47039794921875,-198603.671875,-200000,-198888.703125,-200000,685.7156982421875
9.22,-197629.875,-198526.5,743.9375,-197312.5,-200000,-198413.546875,-200000,682.59246826171875
9.224,-196625.796875,-197502.25,731.42059326171875,-195772.59375,-200000,-197418.875,-200000,681.75799560546875
9.228,-196893.453125,-197991.59375,699.0433349609375,-196876.21875,-200000,-197790.453125,-200000,682.64013671875
9.232,-198018.828125,-199070.796875,706.69659423828125,-198425.953125,-200000,-198823.125,-200000,683.23614501953125
9.236,-197797.46875,-198681.21875,739.88446044921875,-197487.203125,-200000,-198566.96875,-200000,682.33026123046875
9.24,-196686.34375,-197599.421875,735.3544921875,-195824.203125,-200000,-197531.953125,-200000,681.90106201171875
9.244,-196743.375,-197866.875,697.97052001953125,-196547.328125,-200000,-197674.875,-200000,682.02032470703125
9.248,-197802.59375,-198941.203125,698.87646484375,-198257.921875,-200000,-198710.296875,-200000,683.80841064453125
9.252,-197804.828125,-198830.46875,740.00372314453125,-197750.171875,-200000,-198703.296875,-200000,681.63885498046875
9.256,-196831.75,-197744.046875,740.33740234375,-195940.921875,-200000,-197706.578125,-200000,683.3553466796875
9.26,-196664.296875,-197746.046875,704.97998046875,-196179.171875,-200000,-197559.796875,-200000,683.04541015625
9.264,-197684.921875,-198812.578125,697.42205810546875,-197864.921875,-200000,-198521,-200000,684.54754638671875
9.268,-198018.84375,-198983.625,733.51873779296875,-197793.5,-200000,-198793.453125,-200000,682.9500732421875
9.272,-196810.453125,-197917.078125,742.1732177734375,-196307.046875,-200000,-197914.25,-200000,682.28253173828125
9.276,-196327.5,-197625.96875,708.6038818359375,-196098.25,-200000,-197502.578125,-200000,681.25732421875
9.28,-197430.703125,-198619.625,693.0828857421875,-197530.71875,-200000,-198334.296875,-200000,680.5657958984375
9.284,-198042.71875,-199082.375,731.68292236328125,-197978.578125,-200000,-198897.453125,-200000,683.52227783203125
9.288,-197030.96875,-198155.203125,744.84356689453125,-196486.875,-200000,-198084.796875,-200000,683.02166748046875
9.292,-196191.59375,-197550.625,713.11004638671875,-195891.375,-200000,-197444.046875,-200000,681.6864013671875
9.296,-197111.171875,-198407.71875,694.27490234375,-197227.875,-200000,-198155.578125,-200000,682.2586669921875
9.3,-197968.046875,-199166.96875,725.88934326171875,-198165.71875,-200000,-198947.09375,-200000,684.92901611328125
9.304,-197259.171875,-198369.125,746.4886474609375,-196670.078125,-200000,-198273.796875,-200000,682.2109375
9.308,-196411.078125,-197526.09375,718.0213623046875,-195452.703125,-200000,-197422.828125,-200000,681.75799560546875
9.312,-196855.828125,-198220.671875,698.92413330078125,-196876.953125,-200000,-197976.25,-200000,681.94873046875
9.316,-197891.21875,-199197.171875,719.0228271484375,-198179.421875,-200000,-198918.171875,-200000,683.73681640625
9.32,-197367.296875,-198568.875,737.0234375,-196973.953125,-200000,-198460.71875,-200000,682.2109375
9.324,-196201.375,-197559.96875,727.10528564453125,-195585.171875,-200000,-197467.25,-200000,681.49578857421875
9.328,-196546,-198053.453125,699.830078125,-196633.671875,-200000,-197827.828125,-200000,681.71026611328125
9.332,-197774.453125,-199141.625,708.2939453125,-198100.875,-200000,-198858.125,-200000,682.97393798828125
9.336,-197512.171875,-198721.953125,739.86065673828125,-197142,-200000,-198634.421875,-200000,683.9276123046875
9.34,-196366.59375,-197645.796875,738.74005126953125,-195530.25,-200000,-197582.34375,-200000,683.80841064453125
9.344,-196407.125,-197912.5,704.07403564453125,-196289.203125,-200000,-197719,-200000,682.6639404296875
9.348,-197356.25,-199006.828125,702.4765625,-198124.59375,-200000,-198759.828125,-200000,684.26141357421875
9.352,-197418.375,-198872.96875,737.1903076171875,-197523.578125,-200000,-198745.453125,-200000,683.66534423828125
9.356,-196443.453125,-197790.625,737.1903076171875,-195694.578125,-200000,-197744.34375,-200000,681.99639892578125
9.36,-196228.625,-197794.46875,702.11895751953125,-196013.828125,-200000,-197614.921875,-200000,680.23211669921875
9.364,-197302.078125,-198852.546875,697.58905029296875,-197686.5,-200000,-198602.421875,-200000,683.42694091796875
9.368,-197644.078125,-199010.84375,733.20880126953125,-197564.171875,-200000,-198840.421875,-200000,683.2122802734375
9.372,-196594.46875,-197985.921875,743.31768798828125,-195878.59375,-200000,-197910.421875,-200000,684.42822265625
9.376,-196109.828125,-197706.828125,704.2646484375,-195733.796875,-200000,-197533.578125,-200000,681.18585205078125
9.38,-197023.828125,-198676.59375,688.1953125,-197379.921875,-200000,-198409.125,-200000,683.02166748046875
9.384,-197532.375,-199137.5,730.6575927734375,-197884.578125,-200000,-198926.578125,-200000,682.783203125
9.388,-196768.171875,-198166.34375,745.39190673828125,-196116.921875,-200000,-198133.5,-200000,682.06787109375
9.392,-196086.203125,-197622.625,708.9853515625,-195420.5,-200000,-197488.125,-200000,681.94873046875
9.396,-196852.078125,-198465.75,696.9691162109375,-196921.46875,-200000,-198208.328125,-200000,682.83087158203125
9.4,-197725.375,-199210.546875,725.3885498046875,-197799.171875,-200000,-198993.84375,-200000,685.1435546875
9.404,-196928.921875,-198378.59375,747.25164794921875,-196381.21875,-200000,-198320.625,-200000,682.64013671875
9.408,-196002,-197543.875,718.52215576171875,-195268.96875,-200000,-197504.375,-200000,681.25732421875
9.412,-196488.078125,-198275,694.10809326171875,-196676.671875,-200000,-198038.71875,-200000,683.40313720703125
9.416,-197404.296875,-199214.453125,717.63995361328125,-198086.203125,-200000,-199001.796875,-200000,684.8812255859375
9.42,-196977.875,-198596.21875,738.93084716796875,-196732.09375,-200000,-198491.21875,-200000,682.5208740234375
9.424,-195936.75,-197595.5,726.7713623046875,-195256.578125,-200000,-197509.328125,-200000,683.04541015625
9.428,-196304.125,-198106.59375,699.8778076171875,-196312.421875,-200000,-197889.828125,-200000,681.25732421875
9.432,-197543.703125,-199199.625,707.197265625,-197767.5,-200000,-198923.171875,-200000,681.61492919921875
9.436,-197233.046875,-198758.75,738.8592529296875,-196815.125,-200000,-198648.125,-200000,683.23614501953125
9.44,-196041.125,-197701.5,738.1678466796875,-195262.046875,-200000,-197607.796875,-200000,682.56866455078125
9.444,-196127.953125,-197966.828125,700.1400146484375,-196005.75,-200000,-197761.84375,-200000,684.49981689453125
9.448,-197437.796875,-199069.09375,695.681640625,-197483.96875,-200000,-198803.59375,-200000,682.71173095703125
9.452,-197356.34375,-198914.453125,737.3333740234375,-197001.703125,-200000,-198781.203125,-200000,682.47314453125
9.456,-196019.59375,-197833.875,745.53497314453125,-195513.21875,-200000,-197757.921875,-200000,682.2586669921875
9.46,-195926.921875,-197841.125,701.71368408203125,-195760.453125,-200000,-197666.703125,-200000,682.59246826171875
9.464,-197119.203125,-198916.671875,689.07745361328125,-197317.203125,-200000,-198627.796875,-200000,682.85467529296875
9.468,-197458.5,-199046.203125,737.07110595703125,-197175.71875,-200000,-198883.34375,-200000,683.2122802734375
9.472,-196311.5,-197986.328125,746.82244873046875,-195568.046875,-200000,-197959.671875,-200000,680.9949951171875
9.476,-195778.875,-197728.375,706.36279296875,-195499.875,-200000,-197575.296875,-200000,682.3778076171875
9.48,-196719,-198716.796875,691.2470703125,-197133.171875,-200000,-198443.25,-200000,682.2109375
9.484,-197358.375,-199173.71875,732.63653564453125,-197490.875,-200000,-198962.703125,-200000,683.59375
9.488,-196409.21875,-198193.046875,743.9375,-195869.671875,-200000,-198148.296875,-200000,681.06658935546875
9.492,-195677.578125,-197637.75,713.11004638671875,-195264.84375,-200000,-197524.71875,-200000,680.37518310546875
9.496,-196600.921875,-198531.96875,694.990234375,-196629.921875,-200000,-198225.828125,-200000,683.474609375
9.5,-197503.578125,-199272.703125,726.72381591796875,-197478.578125,-200000,-198998.296875,-200000,683.85614013671875
9.504,-196585.671875,-198405.203125,746.4886474609375,-196122.09375,-200000,-198348,-200000,682.33026123046875
9.508,-195577.953125,-197577.71875,716.3525390625,-195119.625,-200000,-197527.921875,-200000,682.33026123046875
9.512,-196283.84375,-198321.625,693.58349609375,-196353.625,-200000,-198076.25,-200000,681.8294677734375
9.516,-197318.453125,-199257.453125,717.80694580078125,-197623.953125,-200000,-199019.5,-200000,684.5712890625
9.52,-196767.46875,-198604.34375,745.58270263671875,-196351.296875,-200000,-198523.875,-200000,684.6190185546875
9.524,-195635.25,-197609.171875,727.3436279296875,-194974.59375,-200000,-197543.875,-200000,682.06787109375
9.528,-196073.828125,-198160.5,699.61553955078125,-196022.328125,-200000,-197919.546875,-200000,681.37646484375
9.532,-197276.828125,-199209.203125,709.74835205078125,-197476.21875,-200000,-198965.59375,-200000,685.11962890625
9.536,-196967.5,-198776.328125,740.83819580078125,-196501.25,-200000,-198675.25,-200000,683.04541015625
9.54,-195722.328125,-197715.71875,737.07110595703125,-194984.71875,-200000,-197629.875,-200000,682.6639404296875
9.544,-195843.328125,-198010.703125,701.47528076171875,-195757.171875,-200000,-197795.96875,-200000,684.26141357421875
9.548,-197120.21875,-199094.828125,702.2381591796875,-197263.125,-200000,-198854.34375,-200000,683.59375
9.552,-197054.046875,-198923.59375,734.9730224609375,-196716.46875,-200000,-198794.25,-200000,682.59246826171875
9.556,-195816.078125,-197834.046875,735.85516357421875,-195128.296875,-200000,-197804.96875,-200000,682.28253173828125
9.56,-195646.328125,-197876.046875,702.3572998046875,-195490.625,-200000,-197693.671875,-200000,681.30499267578125
9.564,-196869.703125,-198940.34375,696.56378173828125,-197037.21875,-200000,-198685.453125,-200000,682.59246826171875
9.568,-197161.828125,-199065.96875,734.71075439453125,-196866.84375,-200000,-198901.671875,-200000,683.02166748046875
9.572,-195923.578125,-198019.125,739.1214599609375,-195375.96875,-200000,-197988.453125,-200000,681.94873046875
9.576,-195486.421875,-197763.046875,711.6556396484375,-195242.375,-200000,-197616.75,-200000,683.9276123046875
9.58,-196622.953125,-198772.375,700.5692138671875,-196689.25,-200000,-198472.09375,-200000,681.75799560546875
9.584,-197219.453125,-199182.546875,728.89337158203125,-197048.59375,-200000,-198990.078125,-200000,681.6864013671875
9.588,-196110.953125,-198233.21875,742.6024169921875,-195581.421875,-200000,-198165.375,-200000,682.56866455078125
9.592,-195389.328125,-197669.09375,710.8211669921875,-194987.71875,-200000,-197560.125,-200000,683.80841064453125
9.596,-196229.546875,-198544.921875,699.37713623046875,-196457.953125,-200000,-198302.125,-200000,684.8812255859375
9.6,-197236.296875,-199264.953125,724.1248779296875,-197167.046875,-200000,-199049.46875,-200000,684.38067626953125
9.604,-196283,-198444.75,740.69512939453125,-195844.34375,-200000,-198360.546875,-200000,684.80975341796875
9.608,-195238.703125,-197622.96875,718.21221923828125,-194888.921875,-200000,-197541.375,-200000,682.97393798828125
9.612,-196004.125,-198347.21875,699.75860595703125,-196083.71875,-200000,-198119.078125,-200000,682.783203125
9.616,-197176.59375,-199281.71875,719.09442138671875,-197212.953125,-200000,-199044.703125,-200000,685.19122314453125
9.62,-196503.921875,-198643.796875,741.95867919921875,-196037.953125,-200000,-198561.703125,-200000,681.4241943359375
9.624,-195406.21875,-197655.546875,722.5989990234375,-194641.875,-200000,-197560.875,-200000,680.5419921875
9.628,-195752.953125,-198172.703125,703.31103515625,-195778.96875,-200000,-197975.84375,-200000,683.85614013671875
9.632,-197033.296875,-199247.21875,710.89276123046875,-197176.84375,-200000,-198991.953125,-200000,681.30499267578125
9.636,-196615.421875,-198809.203125,737.21417236328125,-196255.75,-200000,-198683.296875,-200000,683.40313720703125
9.64,-195341.46875,-197723.828125,731.18212890625,-194787.5,-200000,-197673.71875,-200000,682.2109375
9.644,-195529.453125,-198021.84375,701.09375,-195543,-200000,-197830.875,-200000,681.71026611328125
9.648,-196754,-199135.59375,701.5228271484375,-197120.796875,-200000,-198872.578125,-200000,684.30908203125
9.652,-196715.078125,-198935.921875,737.38104248046875,-196499.84375,-200000,-198817.546875,-200000,681.87725830078125
9.656,-195637.21875,-197853.84375,739.24072265625,-194752.09375,-200000,-197794.546875,-200000,681.2333984375
9.66,-195490.21875,-197902.796875,703.52557373046875,-195120.203125,-200000,-197714.09375,-200000,682.02032470703125
9.664,-196551.96875,-198990.546875,696.51611328125,-196841.71875,-200000,-198696.921875,-200000,682.75927734375
9.668,-196719.953125,-199071.21875,734.90155029296875,-196754.453125,-200000,-198911.125,-200000,683.0931396484375
9.672,-195682.828125,-198025.21875,742.98388671875,-195036.59375,-200000,-197984.625,-200000,680.68505859375
9.676,-195235.125,-197794.578125,707.0780029296875,-194973.5,-200000,-197629.875,-200000,683.28387451171875
9.68,-196346.703125,-198787.59375,693.96502685546875,-196463.875,-200000,-198509.203125,-200000,684.7381591796875
9.684,-196919.296875,-199200.625,731.611328125,-196797.078125,-200000,-199007.953125,-200000,679.92218017578125
9.688,-195852.296875,-198235.546875,741.72021484375,-195281.046875,-200000,-198170.375,-200000,682.64013671875
9.692,-195119.296875,-197699.078125,709.93914794921875,-194737.25,-200000,-197575.703125,-200000,681.37646484375
9.696,-196118.46875,-198585.625,697.04052734375,-196070.59375,-200000,-198312.078125,-200000,683.474609375
9.7,-197037.25,-199271.578125,726.34228515625,-196826,-200000,-199072.59375,-200000,683.9276123046875
9.704,-195987.828125,-198424.046875,738.66845703125,-195564.453125,-200000,-198383.078125,-200000,682.71173095703125
9.708,-194956.578125,-197631.375,716.99627685546875,-194660.25,-200000,-197581.25,-200000,681.8294677734375
9.712,-195797.453125,-198375.84375,699.06719970703125,-195794.453125,-200000,-198140.84375,-200000,681.8294677734375
9.716,-196868.578125,-199302.546875,720.59637451171875,-196984.34375,-200000,-199065.203125,-200000,685.1435546875
9.72,-196186.46875,-198646.328125,739.8128662109375,-195802.578125,-200000,-198550.96875,-200000,681.51953125
9.724,-195007.59375,-197632.125,721.81231689453125,-194501.34375,-200000,-197596.296875,-200000,680.61358642578125
9.728,-195563.09375,-198200.34375,702.38116455078125,-195481.703125,-200000,-197989.875,-200000,680.68505859375
9.732,-196783.875,-199264.921875,709.9866943359375,-196905.375,-200000,-199019.09375,-200000,683.2122802734375
9.736,-196358.078125,-198806.46875,738.04864501953125,-195978.828125,-200000,-198688.84375,-200000,682.02032470703125
9.74,-195164.84375,-197719.421875,735.87908935546875,-194431.59375,-200000,-197695.375,-200000,682.64013671875
9.744,-195307.96875,-198050.578125,704.4554443359375,-195229.21875,-200000,-197859.71875,-200000,681.44805908203125
9.748,-196550.875,-199169.578125,703.38262939453125,-196800.75,-200000,-198872.875,-200000,682.2109375
9.752,-196468.875,-198966.203125,731.99285888671875,-196176.828125,-200000,-198823.71875,-200000,682.2109375
9.756,-195350.84375,-197872.09375,734.42462158203125,-194467.171875,-200000,-197805.5,-200000,684.42822265625
9.76,-195150.34375,-197938.84375,704.8369140625,-194943.71875,-200000,-197743.21875,-200000,681.94873046875
9.764,-196215.75,-199022.5,699.4248046875,-196645.921875,-200000,-198715.578125,-200000,684.42822265625
9.768,-196535.796875,-199092.421875,734.47235107421875,-196398.671875,-200000,-198943.25,-200000,681.49578857421875
9.772,-195338.125,-198038.75,740.12286376953125,-194820.96875,-200000,-197991.125,-200000,682.4017333984375
9.776,-194934.578125,-197817.34375,706.505859375,-194735.125,-200000,-197646.875,-200000,683.61767578125
9.78,-196035.546875,-198826.09375,691.98614501953125,-196268.46875,-200000,-198535.703125,-200000,682.59246826171875
9.784,-196687.828125,-199213.828125,728.05889892578125,-196480.34375,-200000,-199015.796875,-200000,685.4534912109375
9.788,-195611.203125,-198255.203125,741.26727294921875,-194952.453125,-200000,-198173.125,-200000,681.44805908203125
9.792,-194909.328125,-197731.421875,710.5589599609375,-194414.875,-200000,-197581.59375,-200000,681.87725830078125
9.796,-195844.25,-198599.203125,698.08966064453125,-195838.828125,-200000,-198356.953125,-200000,681.44805908203125
9.8,-196764.25,-199289.34375,726.27081298828125,-196569.546875,-200000,-199087.09375,-200000,683.66534423828125
9.804,-195755.953125,-198465.84375,741.14813232421875,-195236.296875,-200000,-198354,-200000,682.2586669921875
9.808,-194707.625,-197683.875,716.4716796875,-194353.75,-200000,-197550.25,-200000,682.56866455078125
9.812,-195549.34375,-198407.84375,697.20751953125,-195552.96875,-200000,-198187.796875,-200000,684.7381591796875
9.816,-196725.34375,-199292.59375,719.0228271484375,-196593.21875,-200000,-199102.875,-200000,683.9276123046875
9.82,-195930,-198660.703125,743.31768798828125,-195500.203125,-200000,-198549.921875,-200000,684.35675048828125
9.824,-194699.828125,-197689.84375,723.91046142578125,-194252.171875,-200000,-197576.921875,-200000,680.27978515625
9.828,-195275.671875,-198226.421875,699.63946533203125,-195233.078125,-200000,-198002.125,-200000,681.1380615234375
9.832,-196501.46875,-199276.375,711.6556396484375,-196678.703125,-200000,-199046.203125,-200000,683.0931396484375
9.836,-196067.203125,-198814.375,734.2816162109375,-195719.625,-200000,-198708.046875,-200000,682.33026123046875
9.84,-194734,-197756.71875,731.611328125,-194284.75,-200000,-197667.421875,-200000,682.13946533203125
9.844,-195078.703125,-198090.453125,701.28448486328125,-194958.25,-200000,-197888.34375,-200000,681.8294677734375
9.848,-196302.25,-199156.703125,705.05145263671875,-196533.625,-200000,-198935.671875,-200000,682.47314453125
9.852,-196215.578125,-198959.578125,735.16375732421875,-195878.59375,-200000,-198834.203125,-200000,683.28387451171875
9.856,-194976.09375,-197885.96875,734.73468017578125,-194266.46875,-200000,-197798.546875,-200000,680.8519287109375
9.86,-194890.828125,-197969,707.31640625,-194685,-200000,-197769.296875,-200000,683.7845458984375
9.864,-195964.703125,-199021.75,699.56787109375,-196409.328125,-200000,-198769.578125,-200000,682.59246826171875
9.868,-196269.34375,-199095.21875,731.9212646484375,-196117.078125,-200000,-198944.171875,-200000,682.0916748046875
9.872,-195137.46875,-198065.09375,741.0765380859375,-194440.625,-200000,-197972.34375,-200000,681.71026611328125
9.876,-194667.046875,-197850.375,708.9853515625,-194479.34375,-200000,-197668.5,-200000,681.49578857421875
9.88,-195853,-198831.671875,699.830078125,-195963.625,-200000,-198574.09375,-200000,683.7845458984375
9.884,-196426.671875,-199209.421875,730.72918701171875,-196210.203125,-200000,-199037.21875,-200000,682.2109375
9.888,-195290.5,-198257.578125,740.1943359375,-194707.875,-200000,-198170.96875,-200000,679.8505859375
9.892,-194621.34375,-197758.84375,711.27423095703125,-194183.34375,-200000,-197593.421875,-200000,682.47314453125
9.896,-195623.59375,-198606.59375,697.6605224609375,-195571.921875,-200000,-198378.078125,-200000,682.85467529296875
9.9,-196547.171875,-199230.296875,724.5540771484375,-196368.421875,-200000,-199063.96875,-200000,682.90234375
9.904,-195488.421875,-198404.046875,741.79180908203125,-195064.703125,-200000,-198303.328125,-200000,683.04541015625
9.908,-194478.453125,-197638.71875,715.06512451171875,-194172.703125,-200000,-197511.125,-200000,680.1605224609375
9.912,-195338.25,-198345.796875,698.92413330078125,-195379.078125,-200000,-198151.34375,-200000,681.61492919921875
9.916,-196513.171875,-199244.796875,721.43084716796875,-196412.34375,-200000,-199062.125,-200000,683.8798828125
9.92,-195723.71875,-198614,739.47918701171875,-195270.671875,-200000,-198480.953125,-200000,682.47314453125
9.924,-194516.59375,-197635.71875,722.1937255859375,-194015.5,-200000,-197525.328125,-200000,682.5208740234375
9.928,-195071.71875,-198179.328125,700.40234375,-195066.21875,-200000,-197972.75,-200000,682.9500732421875
9.932,-196433.59375,-199230.203125,710.6781005859375,-196368.828125,-200000,-198999.59375,-200000,682.56866455078125
9.936,-195852.59375,-198769.921875,736.30810546875,-195500.84375,-200000,-198649.203125,-200000,683.16473388671875
9.94,-194550.25,-197694.046875,732.0404052734375,-194029.296875,-200000,-197611.5,-200000,680.92352294921875
9.944,-194872.703125,-198036.71875,702.1904296875,-194773.84375,-200000,-197839.703125,-200000,682.18719482421875
9.948,-196249.421875,-199127.453125,704.64617919921875,-196220.5,-200000,-198895.796875,-200000,682.97393798828125
9.952,-196002.5,-198902.453125,737.5955810546875,-195676.796875,-200000,-198767.46875,-200000,684.0467529296875
9.956,-194643.875,-197833.25,734.8060302734375,-194167.875,-200000,-197745.96875,-200000,680.8758544921875
9.96,-194641.671875,-197906.75,704.5985107421875,-194536.75,-200000,-197726.375,-200000,678.94464111328125
9.964,-195914.828125,-198957.75,701.78515625,-196096.203125,-200000,-198749.078125,-200000,683.68914794921875
9.968,-196113.46875,-199042.328125,733.3994140625,-195848.046875,-200000,-198883.84375,-200000,681.99639892578125
9.972,-194771.75,-198002.34375,739.35986328125,-194368.5,-200000,-197906.375,-200000,681.99639892578125
9.976,-194461.875,-197801.703125,705.93359375,-194298.59375,-200000,-197622.625,-200000,680.8758544921875
9.98,-195671.828125,-198780.125,698.80499267578125,-195770.125,-200000,-198564.328125,-200000,683.73681640625
9.984,-196223.578125,-199143.828125,730.77685546875,-195990.796875,-200000,-198982.09375,-200000,681.44805908203125
9.988,-195020.125,-198199.828125,741.83953857421875,-194530.328125,-200000,-198088.59375,-200000,681.49578857421875
9.992,-194312.21875,-197699.296875,711.3934326171875,-194082.796875,-200000,-197552.375,-200000,683.54620361328125
9.996,-195420.5,-198581.25,696.9691162109375,-195407.046875,-200000,-198348.296875,-200000,682.02032470703125
10,-196236.953125,-199227.71875,726.27081298828125,-196155.46875,-200000,-199053.796875,-200000,683.99920654296875
10.004,-195218.09375,-198385.296875,742.24481201171875,-194772.34375,-200000,-198310.578125,-200000,681.75799560546875
10.008,-194222.96875,-197657.953125,714.68359375,-193924.203125,-200000,-197509.703125,-200000,682.64013671875
10.012,-195077.953125,-198375.75,696.89764404296875,-195138,-200000,-198165.71875,-200000,681.75799560546875
10.016,-196142.421875,-199246.375,719.45196533203125,-196265.671875,-200000,-199053.375,-200000,684.4520263671875
10.02,-195462.75,-198593.671875,739.31231689453125,-194962.375,-200000,-198473.5,-200000,682.783203125
10.024,-194264.21875,-197631.21875,722.21759033203125,-193761.703125,-200000,-197536.875,-200000,681.61492919921875
10.028,-194928.84375,-198133.578125,700.521484375,-194830.453125,-200000,-197933.5,-200000,680.80438232421875
10.032,-196201.34375,-199138.5,711.6556396484375,-196264.84375,-200000,-198930.125,-200000,683.42694091796875
10.036,-195708.046875,-198664.421875,735.8074951171875,-195292.328125,-200000,-198546.25,-200000,682.83087158203125
10.04,-194390.171875,-197611.296875,729.5609130859375,-193860.453125,-200000,-197517.578125,-200000,679.99365234375
10.044,-194696.078125,-197952.34375,703.7640380859375,-194626.171875,-200000,-197749.203125,-200000,681.5672607421875
10.048,-196066.09375,-199031.203125,702.7625732421875,-196098.96875,-200000,-198814.46875,-200000,683.85614013671875
10.052,-195857.046875,-198787.203125,735.42608642578125,-195522.09375,-200000,-198660.453125,-200000,681.90106201171875
10.056,-194482.671875,-197717.375,735.99822998046875,-194036.84375,-200000,-197626.421875,-200000,680.08905029296875
10.06,-194545.578125,-197800.25,704.90850830078125,-194370.125,-200000,-197605.171875,-200000,679.6121826171875
10.064,-195898.828125,-198861.546875,701.8089599609375,-195839.328125,-200000,-198639.546875,-200000,682.02032470703125
10.068,-195974.375,-198917.828125,733.90020751953125,-195689.625,-200000,-198769,-200000,681.75799560546875
10.072,-194678.203125,-197882.078125,741.14813232421875,-194156.046875,-200000,-197785.59375,-200000,681.61492919921875
10.076,-194328.21875,-197701.828125,704.8369140625,-194173.953125,-200000,-197521.46875,-200000,681.06658935546875
10.08,-195472.546875,-198682.921875,695.82470703125,-195704.75,-200000,-198439.953125,-200000,681.87725830078125
10.084,-195993.078125,-199033.71875,729.58477783203125,-195930.546875,-200000,-198874.578125,-200000,683.73681640625
10.088,-194922.34375,-198084.875,742.1732177734375,-194326.328125,-200000,-197976.75,-200000,681.51953125
10.092,-194192.5,-197598.921875,710.89276123046875,-193928.09375,-200000,-197440.828125,-200000,681.75799560546875
10.096,-195127.171875,-198474.34375,697.20751953125,-195430.796875,-200000,-198235.796875,-200000,681.94873046875
10.1,-196068.5,-199121.328125,724.22039794921875,-196044.078125,-200000,-198940.09375,-200000,683.40313720703125
10.104,-195114.453125,-198284.34375,739.47918701171875,-194566.578125,-200000,-198179.34375,-200000,680.4228515625
10.108,-194135.328125,-197543.796875,715.6611328125,-193698.875,-200000,-197401.703125,-200000,680.7327880859375
10.112,-194944.703125,-198269.671875,702.42889404296875,-195013.203125,-200000,-198059.375,-200000,681.99639892578125
10.116,-196001.546875,-199140.5,718.37908935546875,-196147.046875,-200000,-198953.078125,-200000,683.61767578125
10.12,-195321.875,-198476.71875,737.71484375,-194811.578125,-200000,-198354.71875,-200000,682.2586669921875
10.124,-194193.5,-197527.75,719.47589111328125,-193525.453125,-200000,-197410.953125,-200000,681.87725830078125
10.128,-194699.953125,-198096.203125,702.3572998046875,-194706.125,-200000,-197895.59375,-200000,683.02166748046875
10.132,-195964.953125,-199108.71875,714.13525390625,-196053.953125,-200000,-198912.328125,-200000,681.61492919921875
10.136,-195459.125,-198645,731.68292236328125,-195049.59375,-200000,-198512.046875,-200000,680.92352294921875
10.14,-194090.171875,-197597.625,730.08544921875,-193664.703125,-200000,-197484.078125,-200000,679.8505859375
10.144,-194465.84375,-197935.84375,703.8831787109375,-194417.296875,-200000,-197744.75,-200000,681.6864013671875
10.148,-195731.203125,-199029.203125,705.33758544921875,-195978.21875,-200000,-198791.921875,-200000,683.80841064453125
10.152,-195563.578125,-198785.375,733.90020751953125,-195286.875,-200000,-198654.34375,-200000,681.8294677734375
10.156,-194240,-197711.171875,733.5662841796875,-193731.46875,-200000,-197625.578125,-200000,680.9949951171875
10.16,-194288.296875,-197814.75,706.05291748046875,-194158.546875,-200000,-197619.34375,-200000,682.783203125
10.164,-195619.046875,-198818.796875,701.28448486328125,-195768.078125,-200000,-198578.703125,-200000,680.9949951171875
10.168,-195803.125,-198785.921875,732.0643310546875,-195558.546875,-200000,-198652.046875,-200000,681.06658935546875
10.172,-194554.703125,-197731.921875,735.1160888671875,-194030.578125,-200000,-197658.078125,-200000,681.71026611328125
10.176,-194242.71875,-197560.421875,708.4608154296875,-194030.796875,-200000,-197379.5,-200000,681.06658935546875
10.18,-195380.921875,-198562.71875,702.04736328125,-195603.375,-200000,-198297.59375,-200000,684.166015625
10.184,-195933.34375,-198882.84375,732.302734375,-195736.21875,-200000,-198724,-200000,683.73681640625
10.188,-194784.296875,-197915.171875,738.0247802734375,-194216.578125,-200000,-197852.078125,-200000,682.2109375
10.192,-194106.453125,-197448.375,710.89276123046875,-193794.34375,-200000,-197308.296875,-200000,681.44805908203125
10.196,-195120.875,-198349.96875,697.9227294921875,-195253.875,-200000,-198102.71875,-200000,681.2333984375
10.2,-195965.953125,-198985.046875,722.7659912109375,-195911.09375,-200000,-198772.703125,-200000,681.49578857421875
10.204,-195041.125,-198127.34375,735.87908935546875,-194408.625,-200000,-198031.671875,-200000,681.49578857421875
10.208,-194063.078125,-197400,714.51678466796875,-193563.21875,-200000,-197268.34375,-200000,680.49444580078125
10.212,-194823.84375,-198144.546875,699.4248046875,-194938.203125,-200000,-197918.21875,-200000,682.783203125
10.216,-195896.921875,-199010.25,720.28643798828125,-196024.375,-200000,-198792.328125,-200000,684.30908203125
10.22,-195162.453125,-198314.828125,739.04998779296875,-194717.328125,-200000,-198234.828125,-200000,681.04278564453125
10.224,-193975.828125,-197378.46875,724.10107421875,-193499.296875,-200000,-197279.625,-200000,680.8758544921875
10.228,-194608.21875,-197955.671875,701.5228271484375,-194584.75,-200000,-197742.71875,-200000,682.2586669921875
10.232,-195845.96875,-198971.453125,714.82666015625,-195986.953125,-200000,-198763.625,-200000,682.02032470703125
10.236,-195372.171875,-198479.421875,734.71075439453125,-194903.203125,-200000,-198360.046875,-200000,679.80291748046875
10.24,-194106.921875,-197418.875,729.06024169921875,-193428.34375,-200000,-197343.84375,-200000,680.92352294921875
10.244,-194411.75,-197772.5,704.1455078125,-194333.59375,-200000,-197577,-200000,681.99639892578125
10.248,-195718.84375,-198865.078125,704.78924560546875,-195883.046875,-200000,-198623.375,-200000,680.7327880859375
10.252,-195505.546875,-198586.84375,734.35321044921875,-195151.328125,-200000,-198473.203125,-200000,682.33026123046875
10.256,-194132.96875,-197533.296875,735.56903076171875,-193658.5,-200000,-197438.5,-200000,679.65997314453125
10.26,-194169.46875,-197641.453125,706.19580078125,-194104.953125,-200000,-197460.96875,-200000,682.75927734375
10.264,-195461.125,-198701.59375,699.49639892578125,-195698.71875,-200000,-198491.59375,-200000,681.90106201171875
10.268,-195609.09375,-198727.453125,733.9716796875,-195362.375,-200000,-198579.328125,-200000,680.5419921875
10.272,-194317.25,-197699.46875,736.6419677734375,-193807.046875,-200000,-197582.671875,-200000,680.49444580078125
10.276,-194008.671875,-197516.375,708.27020263671875,-193855.703125,-200000,-197345.59375,-200000,682.75927734375
10.28,-195207.46875,-198507.703125,698.6141357421875,-195401.71875,-200000,-198311.09375,-200000,682.59246826171875
10.284,-195718.953125,-198825.703125,730.20458984375,-195528.671875,-200000,-198672.046875,-200000,683.14080810546875
10.288,-194528.078125,-197879.59375,742.05401611328125,-193989.046875,-200000,-197773.453125,-200000,682.4017333984375
10.292,-193898.453125,-197413.171875,711.6556396484375,-193588.171875,-200000,-197263.203125,-200000,681.06658935546875
10.296,-194926.796875,-198318.59375,696.9691162109375,-195058.078125,-200000,-198093.125,-200000,681.61492919921875
10.3,-195751.5,-198919.71875,726.0799560546875,-195694.25,-200000,-198746.34375,-200000,682.18719482421875
10.304,-194728.203125,-198073.71875,736.0697021484375,-194235.96875,-200000,-197974.703125,-200000,680.49444580078125
10.308,-193741.578125,-197363.96875,714.58819580078125,-193447.84375,-200000,-197230.421875,-200000,680.47052001953125
10.312,-194620.46875,-198089.84375,701.09375,-194749.96875,-200000,-197898.421875,-200000,682.33026123046875
10.316,-195751.796875,-198978.328125,718.76055908203125,-195749.671875,-200000,-198767.421875,-200000,683.8798828125
10.32,-194953.84375,-198277.875,739.24072265625,-194458.578125,-200000,-198152.34375,-200000,680.92352294921875
10.324,-193772.828125,-197348.46875,719.9764404296875,-193255.578125,-200000,-197233.328125,-200000,681.94873046875
10.328,-194385.34375,-197929.125,703.31103515625,-194392.375,-200000,-197712.171875,-200000,684.0467529296875
10.332,-195672.171875,-198939.296875,714.3021240234375,-195736.953125,-200000,-198731.796875,-200000,685.0242919921875
10.336,-195153.59375,-198442.046875,732.94647216796875,-194671.375,-200000,-198334.09375,-200000,680.1605224609375
10.34,-193862.84375,-197408.546875,728.10662841796875,-193189.09375,-200000,-197302.421875,-200000,681.71026611328125
10.344,-194128.296875,-197774.25,704.33624267578125,-194146.625,-200000,-197574.921875,-200000,681.18585205078125
10.348,-195336.21875,-198846.046875,708.84228515625,-195796.046875,-200000,-198627.09375,-200000,682.59246826171875
10.352,-195226.375,-198581,729.75164794921875,-194940.296875,-200000,-198457.828125,-200000,682.75927734375
10.356,-193920.09375,-197519.796875,730.99139404296875,-193327.296875,-200000,-197422.59375,-200000,680.7327880859375
10.36,-193923.96875,-197646.46875,706.05291748046875,-193872.203125,-200000,-197451.078125,-200000,682.4017333984375
10.364,-195101.421875,-198704.34375,703.00115966796875,-195589.46875,-200000,-198471.203125,-200000,683.54620361328125
10.368,-195340.578125,-198714.59375,728.5595703125,-195137.46875,-200000,-198574.75,-200000,682.4017333984375
10.372,-194118.328125,-197682.875,731.0867919921875,-193445.09375,-200000,-197572.171875,-200000,678.70623779296875
10.376,-193770.09375,-197521.171875,709.10467529296875,-193576.59375,-200000,-197353.828125,-200000,682.4017333984375
10.38,-194992.875,-198527,700.75994873046875,-195154.203125,-200000,-198293.875,-200000,682.3778076171875
10.384,-195450.671875,-198826.328125,727.03369140625,-195305.578125,-200000,-198677.34375,-200000,682.90234375
10.388,-194231.546875,-197860.546875,736.6419677734375,-193732.71875,-200000,-197771.125,-200000,680.7327880859375
10.392,-193600.078125,-197423.328125,710.43975830078125,-193363.59375,-200000,-197277.078125,-200000,680.9949951171875
10.396,-194662.375,-198325.453125,699.63946533203125,-194864.796875,-200000,-198089.71875,-200000,681.75799560546875
10.4,-195408.171875,-198923.34375,723.52899169921875,-195548.171875,-200000,-198741.84375,-200000,682.59246826171875
10.404,-194464.34375,-198054.328125,735.8074951171875,-193958.671875,-200000,-197955.75,-200000,680.11297607421875
10.408,-193522.296875,-197363.421875,712.7762451171875,-193131.921875,-200000,-197231.21875,-200000,680.49444580078125
10.412,-194343.078125,-198135.875,701.97589111328125,-194569.84375,-200000,-197901.46875,-200000,681.44805908203125
10.416,-195490,-198963.421875,722.52764892578125,-195547.421875,-200000,-198734.703125,-200000,681.06658935546875
10.42,-194687.625,-198250.96875,736.0697021484375,-194183.578125,-200000,-198154.71875,-200000,682.6639404296875
10.424,-193495.84375,-197334.203125,719.64276123046875,-192982.953125,-200000,-197248.84375,-200000,681.8294677734375
10.428,-194139.84375,-197945.46875,706.69659423828125,-194170.21875,-200000,-197714.421875,-200000,682.6639404296875
10.432,-195340.203125,-198955.546875,715.9710693359375,-195614.203125,-200000,-198699.375,-200000,683.2122802734375
10.436,-194866.296875,-198413.59375,732.44580078125,-194419.09375,-200000,-198314.625,-200000,682.71173095703125
10.44,-193547.328125,-197387.453125,726.72381591796875,-192936.171875,-200000,-197289.671875,-200000,682.5208740234375
10.444,-193871.875,-197790.421875,706.2435302734375,-193924,-200000,-197592.21875,-200000,682.2586669921875
10.448,-195210.21875,-198853.296875,708.38934326171875,-195475.453125,-200000,-198618.578125,-200000,681.30499267578125
10.452,-194993.578125,-198569.046875,728.82177734375,-194647.59375,-200000,-198444.75,-200000,681.71026611328125
10.456,-193665.625,-197496.96875,729.84698486328125,-193025.796875,-200000,-197419.09375,-200000,680.9949951171875
10.46,-193660,-197652.046875,707.38800048828125,-193634.625,-200000,-197453.796875,-200000,682.13946533203125
10.464,-194897.671875,-198723.84375,706.05291748046875,-195342.453125,-200000,-198466.453125,-200000,680.66131591796875
10.468,-195123.421875,-198700.921875,728.5595703125,-194845.328125,-200000,-198553.25,-200000,682.4017333984375
10.472,-193774.078125,-197668.09375,734.9730224609375,-193243.84375,-200000,-197572.25,-200000,681.04278564453125
10.476,-193475.34375,-197527.34375,708.9853515625,-193361,-200000,-197353.25,-200000,681.18585205078125
10.48,-194773.171875,-198533.25,704.2646484375,-194908.375,-200000,-198289.25,-200000,682.02032470703125
10.484,-195244.59375,-198810.71875,727.10528564453125,-195006.546875,-200000,-198649.046875,-200000,682.5208740234375
10.488,-194059.703125,-197849.125,735.68829345703125,-193370.75,-200000,-197750.421875,-200000,679.27850341796875
10.492,-193367.84375,-197432.796875,711.44110107421875,-193082.09375,-200000,-197265.625,-200000,681.51953125
10.496,-194469.328125,-198337.25,703.00115966796875,-194592.078125,-200000,-198082.75,-200000,681.75799560546875
10.5,-195312.59375,-198904.796875,722.78985595703125,-195165.453125,-200000,-198716.09375,-200000,681.51953125
10.504,-194208.71875,-198031.328125,732.994140625,-193700.703125,-200000,-197946.703125,-200000,680.5657958984375
10.508,-193263.71875,-197359.96875,715.20819091796875,-192879.46875,-200000,-197223,-200000,680.35137939453125
10.512,-194175.125,-198094.375,702.5003662109375,-194316.328125,-200000,-197878.046875,-200000,683.23614501953125
10.516,-195358.96875,-198819.703125,719.404296875,-195382.796875,-200000,-198670.453125,-200000,681.04278564453125
10.52,-194586.078125,-198040.625,734.35321044921875,-194142.5,-200000,-197955.296875,-200000,681.37646484375
10.524,-193408.21875,-197142.84375,719.66650390625,-192936.375,-200000,-197036.34375,-200000,681.25732421875
10.528,-194108.046875,-197740.171875,702.57196044921875,-194104.75,-200000,-197529.625,-200000,681.5672607421875
10.532,-195422.71875,-198752.125,717.0439453125,-195441.828125,-200000,-198508.59375,-200000,683.59375
10.536,-194755.75,-198211.09375,733.82861328125,-194392.34375,-200000,-198100.875,-200000,681.99639892578125
10.54,-193392.703125,-197164.671875,727.8681640625,-192963,-200000,-197107.953125,-200000,682.3778076171875
10.544,-193877.25,-197588.546875,708.4608154296875,-193808.953125,-200000,-197377.25,-200000,681.61492919921875
10.548,-195269.46875,-198668.953125,711.01202392578125,-195314.796875,-200000,-198408.96875,-200000,680.66131591796875
10.552,-194941.5,-198352.296875,728.36883544921875,-194577.453125,-200000,-198237.75,-200000,681.71026611328125
10.556,-193549.84375,-197300.671875,730.15704345703125,-193000.046875,-200000,-197199.671875,-200000,681.87725830078125
10.56,-193661.796875,-197447.25,707.6502685546875,-193535.34375,-200000,-197281.453125,-200000,683.0931396484375
10.564,-195014.421875,-198507.921875,705.05145263671875,-195152.71875,-200000,-198297.296875,-200000,682.64013671875
10.568,-195059.796875,-198480.171875,731.37286376953125,-194782.875,-200000,-198340.796875,-200000,681.1142578125
10.572,-193655.703125,-197456.953125,732.7557373046875,-193206.296875,-200000,-197363.671875,-200000,681.2333984375
10.576,-193460.671875,-197336.84375,708.79473876953125,-193286.953125,-200000,-197155.703125,-200000,682.4017333984375
10.58,-194800.703125,-198338.125,701.97589111328125,-194813.75,-200000,-198104.5,-200000,681.37646484375
10.584,-195209.921875,-198599.421875,729.17950439453125,-194934.71875,-200000,-198441.953125,-200000,682.2109375
10.588,-193968.46875,-197615.625,735.9266357421875,-193314.09375,-200000,-197558.421875,-200000,680.23211669921875
10.592,-193320.046875,-197235.375,712.2039794921875,-193051.046875,-200000,-197086.046875,-200000,682.783203125
10.596,-194414.59375,-198133.25,704.52703857421875,-194589.421875,-200000,-197903.296875,-200000,682.90234375
10.6,-195259.125,-198691.578125,724.88787841796875,-195114.59375,-200000,-198519.953125,-200000,681.18585205078125
10.604,-194128.546875,-197815.546875,735.28302001953125,-193631.25,-200000,-197742.171875,-200000,681.37646484375
10.608,-193211.625,-197165.453125,713.30078125,-192860.546875,-200000,-197034.046875,-200000,682.18719482421875
10.612,-194032.046875,-197922.203125,700.9744873046875,-194355.578125,-200000,-197720.75,-200000,679.58837890625
10.616,-195040.71875,-198730.171875,720.73944091796875,-195427.171875,-200000,-198551.171875,-200000,681.71026611328125
10.62,-194359.84375,-198026.546875,735.04461669921875,-193881.671875,-200000,-197907.171875,-200000,681.49578857421875
10.624,-193180.078125,-197145.46875,720.28643798828125,-192728.09375,-200000,-197017.453125,-200000,681.61492919921875
10.628,-193846.21875,-197733.796875,703.7640380859375,-193940.09375,-200000,-197535.703125,-200000,682.13946533203125
10.632,-195186.5,-198715,714.5643310546875,-195240.921875,-200000,-198525.21875,-200000,681.37646484375
10.636,-194564.75,-198191.296875,732.11199951171875,-194113.09375,-200000,-198081.5,-200000,681.63885498046875
10.64,-193259.828125,-197192.375,725.9608154296875,-192665.25,-200000,-197059.671875,-200000,680.08905029296875
10.644,-193592.328125,-197577.59375,707.24493408203125,-193672.875,-200000,-197393.125,-200000,681.5672607421875
10.648,-194859.046875,-198633.921875,711.13116455078125,-195301.328125,-200000,-198432.875,-200000,682.85467529296875
10.652,-194709.953125,-198343.703125,730.15704345703125,-194347.703125,-200000,-198207.703125,-200000,681.63885498046875
10.656,-193266.71875,-197281.125,733.0179443359375,-192835.421875,-200000,-197170.875,-200000,681.1380615234375
10.66,-193436.796875,-197439.421875,707.5072021484375,-193354.078125,-200000,-197262.421875,-200000,682.02032470703125
10.664,-194788.296875,-198482.203125,705.05145263671875,-194959.171875,-200000,-198286.421875,-200000,681.1142578125
10.668,-194867.296875,-198470.421875,729.5609130859375,-194550.75,-200000,-198321.75,-200000,682.64013671875
10.672,-193489.296875,-197429.671875,734.5438232421875,-192956.578125,-200000,-197320.046875,-200000,681.94873046875
10.676,-193249.546875,-197320.921875,707.43572998046875,-193123.21875,-200000,-197139.09375,-200000,681.37646484375
10.68,-194474.828125,-198320.84375,700.90301513671875,-194745.59375,-200000,-198108.34375,-200000,682.75927734375
10.684,-194958.421875,-198576.796875,729.0125732421875,-194743.625,-200000,-198422.953125,-200000,680.947265625
10.688,-193746.875,-197613.21875,738.2392578125,-193136.203125,-200000,-197496.75,-200000,681.8294677734375
10.692,-193150.375,-197209.625,711.89404296875,-192852.921875,-200000,-197045.59375,-200000,684.11834716796875
10.696,-194291.921875,-198112.578125,700.64080810546875,-194319.46875,-200000,-197901.046875,-200000,683.02166748046875
10.7,-195036.671875,-198674.875,725.626953125,-194877.71875,-200000,-198501.703125,-200000,682.13946533203125
10.704,-193938.96875,-197812.046875,734.47235107421875,-193418.546875,-200000,-197686.71875,-200000,680.47052001953125
10.708,-193036.171875,-197136.078125,714.06378173828125,-192680.625,-200000,-196987.828125,-200000,680.68505859375
10.712,-193941.578125,-197906.078125,700.33087158203125,-194058.453125,-200000,-197710.453125,-200000,681.04278564453125
10.716,-194957.796875,-198706.625,721.57391357421875,-195032.625,-200000,-198544,-200000,682.4017333984375
10.72,-194181.453125,-197996.46875,736.30810546875,-193640.75,-200000,-197877.328125,-200000,682.97393798828125
10.724,-193093.046875,-197047,720.73944091796875,-192581.625,-200000,-196918.71875,-200000,681.6864013671875
10.728,-193851.078125,-197570.796875,702.9295654296875,-193841.203125,-200000,-197388.046875,-200000,683.59375
10.732,-195097.25,-198516.96875,714.58819580078125,-195208.59375,-200000,-198317.421875,-200000,681.90106201171875
10.736,-194572.203125,-197882.21875,732.0643310546875,-194225.09375,-200000,-197777.328125,-200000,681.06658935546875
10.74,-193353.078125,-196794.21875,724.10107421875,-192904.421875,-200000,-196677.703125,-200000,680.23211669921875
10.744,-193869.578125,-197122.71875,705.05145263671875,-193854.625,-200000,-196954.046875,-200000,680.7327880859375
10.748,-195237.921875,-198146.046875,709.22381591796875,-195368.625,-200000,-197954.21875,-200000,681.63885498046875
10.752,-194922.25,-197834.453125,731.42059326171875,-194600.125,-200000,-197701.828125,-200000,679.8505859375
10.756,-193594.71875,-196740.21875,731.3489990234375,-193130.96875,-200000,-196641.375,-200000,682.59246826171875
10.76,-193777.796875,-196916.171875,705.2421875,-193616.421875,-200000,-196736.09375,-200000,679.92218017578125
10.764,-195176.921875,-197978.296875,707.26885986328125,-195047.421875,-200000,-197781.796875,-200000,681.63885498046875
10.768,-195101.5,-197939.078125,728.8695068359375,-194765.171875,-200000,-197789.59375,-200000,682.97393798828125
10.772,-193798.296875,-196917.84375,732.302734375,-193219.46875,-200000,-196799.25,-200000,680.9949951171875
10.776,-193530.21875,-196792.171875,706.17205810546875,-193386.21875,-200000,-196621.046875,-200000,680.49444580078125
10.78,-194803.796875,-197803.671875,703.23956298828125,-194853.375,-200000,-197591.375,-200000,681.1380615234375
10.784,-195185,-198053.34375,727.53436279296875,-194902.25,-200000,-197906.921875,-200000,682.4017333984375
10.788,-193953.578125,-197074.546875,734.99688720703125,-193379.375,-200000,-196959.375,-200000,681.18585205078125
10.792,-193356.96875,-196697.203125,709.81982421875,-193130.34375,-200000,-196530.578125,-200000,681.32879638671875
10.796,-194515.46875,-197596.453125,702.3572998046875,-194489.953125,-200000,-197400.875,-200000,681.49578857421875
10.8,-195232.75,-198143.546875,724.60186767578125,-195009.5,-200000,-197981.046875,-200000,679.99365234375
10.804,-194104.546875,-197272.59375,732.82733154296875,-193628.71875,-200000,-197164.171875,-200000,681.18585205078125
10.808,-193188.921875,-196611.328125,716.16180419921875,-192917.546875,-200000,-196465.296875,-200000,680.61358642578125
10.812,-194165.75,-197392.46875,704.00244140625,-194150.75,-200000,-197187.171875,-200000,682.02032470703125
10.816,-195194.21875,-198187.96875,720.97784423828125,-195068.546875,-200000,-198017.875,-200000,682.13946533203125
10.82,-194257.09375,-197472.203125,734.59161376953125,-193847.875,-200000,-197352,-200000,681.18585205078125
10.824,-193116.21875,-196581.421875,718.52215576171875,-192733.125,-200000,-196448.875,-200000,679.80291748046875
10.828,-193868.578125,-197189.078125,703.83563232421875,-193795.203125,-200000,-197000.09375,-200000,680.47052001953125
10.832,-195125.578125,-198142.84375,718.83203125,-195094.125,-200000,-197952.046875,-200000,683.33154296875
10.836,-194443.078125,-197604.75,730.96759033203125,-194096.84375,-200000,-197468.578125,-200000,682.18719482421875
10.84,-193158.171875,-196560.203125,723.09979248046875,-192696.875,-200000,-196437.828125,-200000,680.5657958984375
10.844,-193615.34375,-196986,707.43572998046875,-193529.25,-200000,-196790.84375,-200000,682.02032470703125
10.848,-194940.203125,-198063.5,708.22247314453125,-194977.21875,-200000,-197863.25,-200000,680.9949951171875
10.852,-194586.453125,-197714.203125,729.84698486328125,-194232.34375,-200000,-197594.296875,-200000,678.58709716796875
10.856,-193210.71875,-196635.421875,728.82177734375,-192791.046875,-200000,-196516.46875,-200000,679.65997314453125
10.86,-193371.71875,-196764.453125,707.84100341796875,-193350.453125,-200000,-196591.25,-200000,681.63885498046875
10.864,-194700,-197821.5,706.36279296875,-194896.578125,-200000,-197619.46875,-200000,681.94873046875
10.868,-194744.75,-197733.21875,729.32257080078125,-194496.171875,-200000,-197603.46875,-200000,681.5672607421875
10.872,-193442.328125,-196671.625,730.77685546875,-192951.21875,-200000,-196569.578125,-200000,680.8758544921875
10.876,-193259.046875,-196575.625,706.8157958984375,-193070.25,-200000,-196408.125,-200000,680.61358642578125
10.88,-194530.546875,-197592.578125,705.62371826171875,-194528.953125,-200000,-197383.59375,-200000,681.30499267578125
10.884,-194859.703125,-197823.21875,727.53436279296875,-194585.796875,-200000,-197677.171875,-200000,678.7777099609375
10.888,-193643.21875,-196845.953125,732.80340576171875,-193051.09375,-200000,-196721.953125,-200000,680.8519287109375
10.892,-193038.125,-196471.328125,709.93914794921875,-192807.5,-200000,-196305.578125,-200000,680.1605224609375
10.896,-194170.46875,-197387.203125,701.16534423828125,-194171.546875,-200000,-197173.21875,-200000,680.8758544921875
10.9,-194880.71875,-197929.046875,724.05352783203125,-194672.96875,-200000,-197756.625,-200000,682.90234375
10.904,-193764.671875,-197043.796875,733.90020751953125,-193257.09375,-200000,-196936.546875,-200000,680.18438720703125
10.908,-192876.671875,-196397.59375,713.7537841796875,-192537.09375,-200000,-196243.21875,-200000,681.71026611328125
10.912,-193790.84375,-197186.171875,702.3572998046875,-193831.671875,-200000,-196985.34375,-200000,681.6864013671875
10.916,-194768.296875,-197971.078125,719.66650390625,-194771,-200000,-197804.625,-200000,681.30499267578125
10.92,-193904.59375,-197257.203125,732.49346923828125,-193465.09375,-200000,-197127.84375,-200000,680.49444580078125
10.924,-192794.578125,-196381.328125,719.09442138671875,-192346.5,-200000,-196231.921875,-200000,680.8758544921875
10.928,-193438.453125,-197002.546875,703.1917724609375,-193519.875,-200000,-196810.671875,-200000,682.13946533203125
10.932,-194659.578125,-198003.453125,715.89959716796875,-194762.96875,-200000,-197795.953125,-200000,682.4017333984375
10.936,-194084.875,-197442.328125,729.84698486328125,-193638.703125,-200000,-197317.453125,-200000,679.6121826171875
10.94,-192809.328125,-196423.5,724.10107421875,-192256.71875,-200000,-196297.84375,-200000,681.49578857421875
10.944,-193182.09375,-196843.546875,708.4608154296875,-193174.59375,-200000,-196666.84375,-200000,680.23211669921875
10.948,-194504.5,-197938.578125,710.74969482421875,-194625.171875,-200000,-197740.328125,-200000,682.4017333984375
10.952,-194175.921875,-197608.75,727.67742919921875,-193816.796875,-200000,-197468.921875,-200000,680.7327880859375
10.956,-192871.203125,-196533.25,729.1317138671875,-192266.046875,-200000,-196419.125,-200000,680.92352294921875
10.96,-192944.921875,-196729.09375,708.38934326171875,-192865.375,-200000,-196545.71875,-200000,682.783203125
10.964,-194243.703125,-197810.5,709.1761474609375,-194382,-200000,-197597.703125,-200000,682.4017333984375
10.968,-194247.046875,-197739.203125,725.5078125,-193961.421875,-200000,-197603.34375,-200000,682.2109375
10.972,-192942.328125,-196679.421875,730.41925048828125,-192402.046875,-200000,-196570.453125,-200000,681.4241943359375
10.976,-192718.046875,-196605.453125,710.29669189453125,-192567.046875,-200000,-196423.328125,-200000,681.30499267578125
10.98,-194029.96875,-197627.71875,706.8157958984375,-193978.59375,-200000,-197403.21875,-200000,682.44940185546875
10.984,-194333.5,-197854.25,727.10528564453125,-194040.578125,-200000,-197700.625,-200000,684.30908203125
10.988,-193033.328125,-196859.71875,732.82733154296875,-192546.625,-200000,-196747.203125,-200000,680.35137939453125
10.992,-192474.921875,-196497.125,712.2279052734375,-192276.125,-200000,-196326.5,-200000,680.27978515625
10.996,-193624.703125,-197430.875,701.6658935546875,-193644.71875,-200000,-197222.796875,-200000,681.30499267578125
11,-194286.875,-197941.796875,721.57391357421875,-194134.078125,-200000,-197782.171875,-200000,681.30499267578125
11.004,-193202.203125,-197052.453125,733.3994140625,-192684.71875,-200000,-196947.5,-200000,682.06787109375
11.008,-192304.75,-196423.046875,711.84649658203125,-191991.171875,-200000,-196272.59375,-200000,681.25732421875
11.012,-193258.796875,-197222.09375,704.52703857421875,-193253.34375,-200000,-197020.84375,-200000,683.66534423828125
11.016,-194257.46875,-197998.96875,719.0228271484375,-194120.296875,-200000,-197824.796875,-200000,683.2122802734375
11.02,-193334.21875,-197240.328125,731.3489990234375,-192907.21875,-200000,-197114.796875,-200000,679.39764404296875
11.024,-192371.21875,-196122.59375,717.1630859375,-192084.59375,-200000,-196046.828125,-200000,679.27850341796875
11.028,-193380.296875,-196487,703.64483642578125,-193442.375,-200000,-196324.796875,-200000,680.75665283203125
11.032,-194648.296875,-197439.703125,716.04266357421875,-194668.21875,-200000,-197248.046875,-200000,682.71173095703125
11.036,-194036.046875,-196880.828125,728.41650390625,-193582.578125,-200000,-196758.46875,-200000,681.44805908203125
11.04,-192771.09375,-195862.75,722.0745849609375,-192201.578125,-200000,-195727.75,-200000,681.30499267578125
11.044,-193145.796875,-196272.09375,708.9853515625,-193183.078125,-200000,-196099.171875,-200000,681.63885498046875
11.048,-194433.71875,-197321.453125,713.8251953125,-194636.453125,-200000,-197128.46875,-200000,683.14080810546875
11.052,-194156.125,-196970.953125,724.86407470703125,-193808.671875,-200000,-196832.96875,-200000,678.6346435546875
11.056,-193911.828125,-196352.203125,719.404296875,-193546.328125,-200000,-196219.796875,-200000,681.18585205078125
11.06,-194194.953125,-196437.59375,716.04266357421875,-194078,-200000,-196272.296875,-200000,682.13946533203125
11.064,-194183.5,-197061.703125,713.7537841796875,-194147.703125,-200000,-196868.453125,-200000,681.1142578125
11.068,-194161.578125,-197143.34375,723.21905517578125,-193902.203125,-200000,-196990.171875,-200000,683.3553466796875
11.072,-194202.578125,-196559.046875,723.98193359375,-193764.828125,-200000,-196419.625,-200000,680.92352294921875
11.076,-194178.75,-196396.796875,713.6107177734375,-193970.625,-200000,-196226.546875,-200000,679.39764404296875
11.08,-194147.46875,-196961.21875,710.9404296875,-194051.84375,-200000,-196771.046875,-200000,680.8758544921875
11.084,-194104.703125,-197208.921875,720.095703125,-193851.078125,-200000,-197052.09375,-200000,681.94873046875
11.088,-194088.125,-196679.828125,721.74072265625,-193704.84375,-200000,-196548.21875,-200000,679.80291748046875
11.092,-194120.203125,-196370.421875,715.85186767578125,-193885.59375,-200000,-196209.546875,-200000,682.5208740234375
11.096,-194067.828125,-196850.546875,713.11004638671875,-194042.25,-200000,-196673.96875,-200000,681.51953125
11.1,-194024.375,-197263.796875,718.0213623046875,-193845.453125,-200000,-197088.21875,-200000,681.63885498046875
11.104,-194020.171875,-196815.59375,725.8177490234375,-193656.375,-200000,-196683.84375,-200000,683.28387451171875
11.108,-194072.671875,-196360.75,717.42547607421875,-193766.203125,-200000,-196202.203125,-200000,682.2586669921875
11.112,-194036.25,-196749.875,713.68231201171875,-193922.5,-200000,-196569.671875,-200000,681.5672607421875
11.116,-193932.328125,-197284.71875,717.4969482421875,-193831.34375,-200000,-197108.84375,-200000,678.65850830078125
11.12,-193982,-196951.453125,723.1474609375,-193585.875,-200000,-196807.421875,-200000,680.49444580078125
11.124,-194020.328125,-196377.59375,718.11688232421875,-193642.96875,-200000,-196229.671875,-200000,681.44805908203125
11.128,-193949,-196655.296875,711.08349609375,-193868.171875,-200000,-196484.671875,-200000,682.783203125
11.132,-193876.5,-197281.71875,717.95001220703125,-193775.96875,-200000,-197100.25,-200000,681.8056640625
11.136,-193858.84375,-197065.171875,721.95538330078125,-193537.578125,-200000,-196921.75,-200000,679.54071044921875
11.14,-193906,-196431.078125,720.93017578125,-193552.671875,-200000,-196285.21875,-200000,680.8758544921875
11.144,-193903.96875,-196575.46875,715.7802734375,-193767.5,-200000,-196405.328125,-200000,679.96990966796875
11.148,-193782.96875,-197235.96875,713.25311279296875,-193732.59375,-200000,-197051.328125,-200000,681.49578857421875
11.152,-193745.375,-197160.84375,722.02685546875,-193450.078125,-200000,-197007.046875,-200000,680.68505859375
11.156,-193823.75,-196520.171875,724.935546875,-193425.21875,-200000,-196389.578125,-200000,680.80438232421875
11.16,-193849.953125,-196515.546875,716.04266357421875,-193675.171875,-200000,-196350.09375,-200000,683.0931396484375
11.164,-193701.046875,-197153.203125,713.1815185546875,-193733.21875,-200000,-196978.296875,-200000,681.94873046875
11.168,-193640.171875,-197228.203125,720.31024169921875,-193391.953125,-200000,-197077.84375,-200000,680.23211669921875
11.172,-193727.671875,-196637.328125,723.74346923828125,-193309.328125,-200000,-196487.875,-200000,680.9949951171875
11.176,-193778.953125,-196472.875,715.73260498046875,-193589.921875,-200000,-196315.34375,-200000,682.02032470703125
11.18,-193673.671875,-197047.75,709.1522216796875,-193634.34375,-200000,-196872.921875,-200000,680.23211669921875
11.184,-193551.796875,-197286.046875,720.21484375,-193344.078125,-200000,-197138.828125,-200000,682.2586669921875
11.188,-193643.703125,-196705.671875,725.57940673828125,-193269.046875,-200000,-196565.84375,-200000,679.92218017578125
11.192,-193796.078125,-196330.21875,715.85186767578125,-193621.046875,-200000,-196178,-200000,681.5672607421875
11.196,-193781.671875,-196785.921875,712.2039794921875,-193706.84375,-200000,-196608.078125,-200000,682.64013671875
11.2,-193661.375,-197176.5,718.76055908203125,-193473.5,-200000,-197021.921875,-200000,678.7777099609375
11.204,-193670.25,-196709.578125,725.626953125,-193306.171875,-200000,-196565.578125,-200000,683.42694091796875
11.208,-193802,-196256.421875,715.47039794921875,-193541.21875,-200000,-196106.09375,-200000,682.13946533203125
11.212,-193737.828125,-196649.71875,711.08349609375,-193680.703125,-200000,-196474.21875,-200000,681.25732421875
11.216,-193529.578125,-197190.078125,718.49835205078125,-193526.59375,-200000,-197020.953125,-200000,682.2586669921875
11.22,-193615.125,-196839.875,724.36346435546875,-193263.625,-200000,-196694.671875,-200000,681.94873046875
11.224,-193783.71875,-196269.21875,717.3538818359375,-193352.078125,-200000,-196126.171875,-200000,680.1605224609375
11.228,-193666.5,-196546.34375,714.18292236328125,-193591.296875,-200000,-196372.46875,-200000,681.8294677734375
11.232,-193506.453125,-197174.453125,716.4716796875,-193451.125,-200000,-197002.125,-200000,681.71026611328125
11.236,-193516.84375,-196960.078125,722.38458251953125,-193229.75,-200000,-196813.96875,-200000,681.49578857421875
11.24,-193658.96875,-196319.71875,721.04931640625,-193285.75,-200000,-196177.59375,-200000,681.37646484375
11.244,-193587.453125,-196453.96875,714.32598876953125,-193523.21875,-200000,-196284.25,-200000,680.4228515625
11.248,-193390.671875,-197116.703125,713.0384521484375,-193461.546875,-200000,-196940.171875,-200000,679.4691162109375
11.252,-193448.421875,-197051.328125,721.00177001953125,-193186.921875,-200000,-196904.578125,-200000,678.89697265625
11.256,-193611.453125,-196406.421875,723.48126220703125,-193193.921875,-200000,-196263.71875,-200000,682.59246826171875
11.26,-193571.421875,-196391.328125,713.419921875,-193441.578125,-200000,-196225.796875,-200000,678.20556640625
11.264,-193426.96875,-197010.671875,711.01202392578125,-193372.46875,-200000,-196836.5,-200000,680.11297607421875
11.268,-193414.671875,-197110.078125,720.5487060546875,-193163.078125,-200000,-196956.546875,-200000,681.44805908203125
11.272,-193549.578125,-196511.09375,724.4349365234375,-193166.46875,-200000,-196370.328125,-200000,680.8758544921875
11.276,-193563.625,-196337.828125,713.6107177734375,-193381.875,-200000,-196175.71875,-200000,680.8758544921875
11.28,-193379.828125,-196897.546875,710.9404296875,-193352.671875,-200000,-196724.171875,-200000,680.92352294921875
11.284,-193336.21875,-197175.796875,721.12091064453125,-193113.84375,-200000,-197016.875,-200000,683.33154296875
11.288,-193441.71875,-196633.453125,726.46142578125,-193089.21875,-200000,-196495.546875,-200000,680.61358642578125
11.292,-193490.5,-196298.421875,714.75518798828125,-193297.84375,-200000,-196141.71875,-200000,680.4228515625
11.296,-193357.09375,-196771.84375,711.70343017578125,-193259.703125,-200000,-196602.328125,-200000,680.08905029296875
11.3,-193247.25,-197220.34375,721.00177001953125,-193051.953125,-200000,-197054,-200000,683.59375
11.304,-193341,-196759.84375,725.8177490234375,-192995.328125,-200000,-196627.203125,-200000,681.94873046875
11.308,-193461.96875,-196286.625,718.40283203125,-193175,-200000,-196132.578125,-200000,682.0916748046875
11.312,-193336.46875,-196673.171875,714.51678466796875,-193189.546875,-200000,-196489.59375,-200000,681.49578857421875
11.316,-193168.296875,-197211.453125,717.11553955078125,-193001.578125,-200000,-197049.578125,-200000,680.5657958984375
11.32,-193255.421875,-196890.5,724.02960205078125,-192932.96875,-200000,-196740.078125,-200000,682.28253173828125
11.324,-193372.046875,-196298.296875,719.59503173828125,-193080.09375,-200000,-196147.96875,-200000,679.4691162109375
11.328,-193286.34375,-196563.328125,714.18292236328125,-193146.953125,-200000,-196392.078125,-200000,682.64013671875
11.332,-193124.21875,-197186.46875,717.42547607421875,-192948.5,-200000,-197021.921875,-200000,681.25732421875
11.336,-193164.671875,-196986.25,722.52764892578125,-192868.875,-200000,-196843.59375,-200000,680.47052001953125
11.34,-193289.171875,-196348.125,720.04803466796875,-192988.546875,-200000,-196204.09375,-200000,680.47052001953125
11.344,-193257.875,-196475.453125,713.9921875,-193071.921875,-200000,-196304.25,-200000,680.11297607421875
11.348,-193083.71875,-197124.71875,714.32598876953125,-192931.828125,-200000,-196956.078125,-200000,679.92218017578125
11.352,-193086.046875,-197067.21875,721.57391357421875,-192808.171875,-200000,-196912.046875,-200000,680.9949951171875
11.356,-193234.25,-196420.703125,722.21759033203125,-192888.875,-200000,-196289.046875,-200000,680.27978515625
11.36,-193213.75,-196405.71875,714.5643310546875,-193045.46875,-200000,-196235.171875,-200000,680.35137939453125
11.364,-193039.078125,-197026.84375,711.3934326171875,-192927.703125,-200000,-196854.671875,-200000,681.8294677734375
11.368,-193018.453125,-197125.09375,719.9764404296875,-192751.125,-200000,-196971.25,-200000,679.8505859375
11.372,-193156.546875,-196525.796875,722.1937255859375,-192806.25,-200000,-196390.546875,-200000,681.06658935546875
11.376,-193183.796875,-196337.046875,714.75518798828125,-192968.578125,-200000,-196174.046875,-200000,680.1605224609375
11.38,-193049,-196911.046875,713.11004638671875,-192869.703125,-200000,-196724.078125,-200000,680.92352294921875
11.384,-192956.171875,-197168,718.37908935546875,-192700.546875,-200000,-197015.21875,-200000,681.06658935546875
11.388,-193059.203125,-196634.328125,725.1263427734375,-192755.421875,-200000,-196489.703125,-200000,681.06658935546875
11.392,-193149.296875,-196288.375,717.87841796875,-192913.25,-200000,-196131.953125,-200000,681.44805908203125
11.396,-193010.828125,-196766.828125,710.7020263671875,-192861.328125,-200000,-196596.921875,-200000,680.66131591796875
11.4,-192888.328125,-197180.328125,717.4969482421875,-192691.078125,-200000,-197028.09375,-200000,681.25732421875
11.404,-193007.875,-196742.953125,724.935546875,-192698.59375,-200000,-196593.71875,-200000,681.4241943359375
11.408,-193113.203125,-196251.375,718.40283203125,-192866.84375,-200000,-196099.578125,-200000,679.8505859375
11.412,-193007.203125,-196627.828125,713.94451904296875,-192839.203125,-200000,-196451.671875,-200000,680.68505859375
11.416,-192866.96875,-197176.34375,716.2332763671875,-192640.875,-200000,-197011.578125,-200000,680.61358642578125
11.42,-192928.703125,-196839.546875,721.7646484375,-192639.375,-200000,-196699.125,-200000,679.3499755859375
11.424,-193052.34375,-196257,717.42547607421875,-192778.703125,-200000,-196109.546875,-200000,679.27850341796875
11.428,-192984.25,-196520.078125,712.2039794921875,-192793.84375,-200000,-196352.84375,-200000,679.96990966796875
11.432,-192804.09375,-197154.625,715.92333984375,-192626,-200000,-196986.421875,-200000,680.5419921875
11.436,-192844.125,-196947.84375,720.85870361328125,-192556,-200000,-196801.25,-200000,679.2069091796875
11.44,-193004.96875,-196297.09375,718.1883544921875,-192667.046875,-200000,-196154.578125,-200000,681.71026611328125
11.444,-192933.328125,-196435.09375,712.01336669921875,-192764.078125,-200000,-196261.71875,-200000,680.18438720703125
11.448,-192759.203125,-197091.921875,713.8729248046875,-192600.46875,-200000,-196924.328125,-200000,682.97393798828125
11.452,-192761.875,-197023.84375,720.28643798828125,-192480.453125,-200000,-196872.796875,-200000,681.1380615234375
11.456,-192901.25,-196382.078125,722.1937255859375,-192596.09375,-200000,-196237.5,-200000,680.68505859375
11.46,-192903,-196363.078125,714.89825439453125,-192717.921875,-200000,-196202.453125,-200000,682.2586669921875
11.464,-192706.046875,-196988.96875,712.2279052734375,-192589.671875,-200000,-196818.796875,-200000,682.90234375
11.468,-192679.921875,-197087.453125,719.78582763671875,-192434.328125,-200000,-196936.078125,-200000,680.61358642578125
11.472,-192841.34375,-196476.546875,722.50372314453125,-192503.203125,-200000,-196341.703125,-200000,681.30499267578125
11.476,-192864.84375,-196297.421875,714.89825439453125,-192677.09375,-200000,-196134.96875,-200000,681.6864013671875
11.48,-192688.953125,-196874.125,713.419921875,-192582.453125,-200000,-196695.96875,-200000,682.56866455078125
11.484,-192623.328125,-197126.578125,719.78582763671875,-192386.671875,-200000,-196972.796875,-200000,679.08770751953125
11.488,-192771.421875,-196584.75,724.2918701171875,-192427.453125,-200000,-196443.078125,-200000,680.1605224609375
11.492,-192845.171875,-196249.921875,713.8729248046875,-192616.421875,-200000,-196087.296875,-200000,679.96990966796875
11.496,-192675.421875,-196718.328125,713.94451904296875,-192534.671875,-200000,-196552.84375,-200000,683.61767578125
11.5,-192574.546875,-197168.203125,719.21356201171875,-192342.921875,-200000,-197007.625,-200000,680.18438720703125
11.504,-192678.203125,-196695.5,722.00311279296875,-192356.671875,-200000,-196554,-200000,680.49444580078125
11.508,-192805,-196230.25,717.95001220703125,-192540.703125,-200000,-196075.46875,-200000,680.8758544921875
11.512,-192651.96875,-196605.703125,712.84783935546875,-192529.953125,-200000,-196427.71875,-200000,680.61358642578125
11.516,-192525.09375,-197147.375,717.23468017578125,-192316.453125,-200000,-196989.953125,-200000,679.96990966796875
11.52,-192621.078125,-196795.25,725.31707763671875,-192311.046875,-200000,-196651.671875,-200000,680.23211669921875
11.524,-192787.421875,-196213.25,718.0213623046875,-192474.125,-200000,-196060.125,-200000,680.92352294921875
11.528,-192655.453125,-196469.328125,714.06378173828125,-192522.796875,-200000,-196302.46875,-200000,680.68505859375
11.532,-192478.375,-197097.046875,716.40020751953125,-192326.578125,-200000,-196932.828125,-200000,680.3035888671875
11.536,-192548.296875,-196893.5,721.12091064453125,-192257.421875,-200000,-196744.96875,-200000,681.8294677734375
11.54,-192712.828125,-196245.59375,722.69451904296875,-192405.25,-200000,-196102.796875,-200000,681.5672607421875
11.544,-192642.921875,-196379.75,716.2332763671875,-192468.125,-200000,-196207.125,-200000,681.4241943359375
11.548,-192448.578125,-197039.078125,713.53924560546875,-192291.328125,-200000,-196864.25,-200000,678.96856689453125
11.552,-192470.421875,-196969.84375,719.5234375,-192198.953125,-200000,-196822.296875,-200000,681.06658935546875
11.556,-192634.84375,-196321.21875,721.45458984375,-192311.546875,-200000,-196174.59375,-200000,680.49444580078125
11.56,-192609.828125,-196306.546875,713.80145263671875,-192438.25,-200000,-196138.625,-200000,680.92352294921875
11.564,-192386,-196938.34375,712.46630859375,-192304.375,-200000,-196772.046875,-200000,680.7327880859375
11.568,-192389.96875,-197027.59375,718.83203125,-192130.96875,-200000,-196871.171875,-200000,679.99365234375
11.572,-192546.546875,-196433.421875,724.6971435546875,-192239.625,-200000,-196289.59375,-200000,681.25732421875
11.576,-192589.421875,-196252.171875,715.32733154296875,-192379.328125,-200000,-196089.5,-200000,679.3499755859375
11.58,-192394.25,-196824.09375,713.30078125,-192258.046875,-200000,-196642.078125,-200000,680.35137939453125
11.584,-192327.09375,-197085.71875,720.69171142578125,-192079.203125,-200000,-196939.375,-200000,681.49578857421875
11.588,-192477.578125,-196536.703125,723.21905517578125,-192136.796875,-200000,-196392.625,-200000,681.25732421875
11.592,-192558.046875,-196203.203125,716.4716796875,-192332,-200000,-196044.25,-200000,681.49578857421875
11.596,-192331.921875,-196696.578125,712.46630859375,-192291.421875,-200000,-196520.25,-200000,680.92352294921875
11.6,-192245.546875,-197117.375,719.404296875,-192054.546875,-200000,-196957.578125,-200000,681.99639892578125
11.604,-192403.453125,-196649.046875,724.2918701171875,-192050.84375,-200000,-196513.453125,-200000,682.33026123046875
11.608,-192526.671875,-196188.328125,717.37774658203125,-192249.34375,-200000,-196030.71875,-200000,680.49444580078125
11.612,-192355.125,-196579.84375,709.79608154296875,-192236.796875,-200000,-196395.375,-200000,682.2109375
11.616,-192183.34375,-197115.078125,717.11553955078125,-192024.078125,-200000,-196953.125,-200000,683.40313720703125
11.62,-192317.34375,-196766.421875,722.02685546875,-192009.671875,-200000,-196629.59375,-200000,681.49578857421875
11.624,-192474.84375,-196167.09375,719.45196533203125,-192188.796875,-200000,-196019.671875,-200000,679.13543701171875
11.628,-192370.578125,-196438.703125,710.8211669921875,-192231.25,-200000,-196272.078125,-200000,679.70751953125
11.632,-192188.59375,-197048.171875,716.61474609375,-192033.75,-200000,-196880.671875,-200000,681.75799560546875
11.636,-192282.421875,-196810.828125,721.69317626953125,-192007.078125,-200000,-196672.078125,-200000,680.11297607421875
11.64,-192464.375,-196152.328125,720.42950439453125,-192186.828125,-200000,-196009.09375,-200000,680.35137939453125
11.644,-192423.75,-196285.96875,713.1815185546875,-192265.125,-200000,-196116.296875,-200000,681.8294677734375
11.648,-192222.5,-196927.328125,711.89404296875,-192095.671875,-200000,-196740.671875,-200000,680.8758544921875
11.652,-192261.25,-196844.5,719.73809814453125,-191990.34375,-200000,-196708.34375,-200000,679.39764404296875
11.656,-192450.203125,-196196.171875,723.8626708984375,-192101.796875,-200000,-196055.421875,-200000,682.75927734375
11.66,-192422.34375,-196192.203125,715.85186767578125,-192238.171875,-200000,-196026.796875,-200000,678.7777099609375
11.664,-192230.171875,-196811.25,713.56298828125,-192091.046875,-200000,-196642.078125,-200000,681.1142578125
11.668,-192224,-196884.125,719.8572998046875,-191953.875,-200000,-196725.46875,-200000,679.8983154296875
11.672,-192408.96875,-196267.671875,722.0745849609375,-192068.546875,-200000,-196137.421875,-200000,679.96990966796875
11.676,-192425.34375,-196097.703125,715.70880126953125,-192223.71875,-200000,-195931.921875,-200000,681.04278564453125
11.68,-192235.296875,-196670.25,712.0848388671875,-192108.125,-200000,-196495.046875,-200000,679.92218017578125
11.684,-192161.375,-196924.578125,721.43084716796875,-191930,-200000,-196755.921875,-200000,680.11297607421875
11.688,-192348.921875,-196370.125,723.48126220703125,-191973.203125,-200000,-196241.21875,-200000,683.16473388671875
11.692,-192393.453125,-196049.796875,716.61474609375,-192177.578125,-200000,-195892.703125,-200000,679.96990966796875
11.696,-192186.703125,-196534.703125,714.3974609375,-192107.046875,-200000,-196360.96875,-200000,681.49578857421875
11.7,-192087.34375,-196945.59375,717.95001220703125,-191937.25,-200000,-196791.5,-200000,681.1142578125
11.704,-192271.203125,-196455.328125,723.33819580078125,-191956.96875,-200000,-196314.125,-200000,679.1591796875
11.708,-192396.09375,-195977.296875,717.68768310546875,-192151.921875,-200000,-195828.625,-200000,681.8294677734375
11.712,-192211,-196376.203125,712.3470458984375,-192145.875,-200000,-196198.875,-200000,681.75799560546875
11.716,-192068.59375,-196905.796875,715.16046142578125,-191956.578125,-200000,-196740.828125,-200000,679.58837890625
11.72,-192238,-196533.34375,725.84161376953125,-191932.171875,-200000,-196396.96875,-200000,682.2109375
11.724,-192382.328125,-195948.828125,717.23468017578125,-192096,-200000,-195800.671875,-200000,679.70751953125
11.728,-192264.96875,-196238.25,713.49151611328125,-192134.375,-200000,-196058.328125,-200000,680.3035888671875
11.732,-192104.34375,-196855.171875,712.41864013671875,-191938.375,-200000,-196679.828125,-200000,679.27850341796875
11.736,-192187.21875,-196625.078125,722.9090576171875,-191900.796875,-200000,-196478.828125,-200000,680.61358642578125
11.74,-192343.828125,-195981.21875,721.5023193359375,-192027.921875,-200000,-195837.375,-200000,681.5672607421875
11.744,-192258.203125,-196124.84375,713.49151611328125,-192109.546875,-200000,-195957.46875,-200000,680.11297607421875
11.748,-192068.546875,-196796.671875,715.2796630859375,-191993.421875,-200000,-196616.921875,-200000,681.25732421875
11.752,-192140.453125,-196687.34375,720.28643798828125,-191862.125,-200000,-196543.296875,-200000,679.8983154296875
11.756,-192318.46875,-196040.625,722.52764892578125,-191949.875,-200000,-195901.25,-200000,679.4691162109375
11.76,-192249.296875,-196038.5,715.58966064453125,-192093.75,-200000,-195869.375,-200000,681.37646484375
11.764,-192065.296875,-196682.921875,712.609375,-191961,-200000,-196495.046875,-200000,682.2586669921875
11.768,-192072.46875,-196746.046875,719.9764404296875,-191812.171875,-200000,-196601.328125,-200000,679.4691162109375
11.772,-192221.921875,-196127.671875,723.1474609375,-191895,-200000,-195992,-200000,681.87725830078125
11.776,-192238.09375,-195982.125,717.37774658203125,-192060.75,-200000,-195823.5,-200000,680.08905029296875
11.78,-192046.078125,-196559.046875,710.74969482421875,-191964.421875,-200000,-196376.046875,-200000,678.96856689453125
11.784,-192018.125,-196791.5,719.90496826171875,-191812.25,-200000,-196638.046875,-200000,680.08905029296875
11.788,-192193.078125,-196229.328125,723.6004638671875,-191831.796875,-200000,-196096.46875,-200000,679.96990966796875
11.792,-192245.546875,-195924.703125,714.89825439453125,-192027,-200000,-195765.421875,-200000,679.92218017578125
11.796,0,0,0,0,0,0,0,0
