Time, Ch01, Ch02, Ch03, Ch04, Ch05, Ch06, Ch07, Ch08
0,7901.64599609375,9.9299555586185306e-05,9.8604004961089231e-09,1.9720799993017124e-10,-0.36082473397254944,2.5811061859130859,2.3169796466827393,0
0.004,8142.85400390625,0.0014807585394009948,2.1926457520748954e-06,4.4050118219729484e-08,-0.36082467436790466,1181.1705322265625,16.300258636474609,0
0.008,7690.7880859375,0.010862951166927814,0.00011800371430581436,2.4041244159889175e-06,-0.36082229018211365,2991.294189453125,54.965373992919922,0
0.012,7378.2919921875,0.052696187049150467,0.0027768884319812059,5.7941895647672936e-05,-0.36076498031616211,42592.39453125,121.29892730712891,0
0.016,7828.0927734375,0.19159135222434998,0.03670724481344223,0.00079208676470443606,-0.36000815033912659,65625.5390625,200.93721008300781,0
0.02,8203.029296875,0.56059980392456055,0.31427210569381714,0.0070775290951132774,-0.35352835059165955,65625.5390625,268.80145263671875,0
0.024,7828.59375,1.3829288482666016,1.9124921560287476,0.045327376574277878,-0.31409549713134766,65625.5390625,302.78109741210938,0
0.028,7438.47021484375,2.9722087383270264,8.8340253829956055,0.2220078706741333,-0.13195066154003143,65625.5390625,296.89837646484375,0
0.032,7836.19921875,5.7027359008789062,32.521198272705078,0.87243193387985229,0.53858965635299683,65625.5390625,263.82391357421875,0
0.036,8289.4580078125,9.9529924392700195,99.062057495117188,2.8536732196807861,2.5811061859130859,65625.5390625,223.15072631835938,0
0.04,7985.11572265625,16.035961151123047,257.15203857421875,7.9967141151428223,7.8832106590270996,65625.5390625,188.00920104980469,0
0.044,7524.7529296875,24.132793426513672,582.39178466796875,19.644552230834961,19.891290664672852,65625.5390625,162.50996398925781,0
0.048,7863.3076171875,34.24224853515625,1172.5316162109375,43.095176696777344,44.067188262939453,65625.5390625,146.381591796875,0
0.052,8398.1533203125,46.151775360107422,2129.986328125,85.694908142089844,87.98443603515625,65625.5390625,137.13681030273438,0
0.056,8149.93505859375,59.430591583251953,3531.995361328125,156.33480834960938,160.80905151367188,65625.5390625,129.83674621582031,0
0.06,7564.25927734375,73.441917419433594,5393.71484375,264.20913696289062,272.01968383789062,65625.5390625,119.67478942871094,0
0.064,7708.7880859375,87.369834899902344,7633.48828125,416.87884521484375,429.4111328125,65625.5390625,105.69818115234375,0
0.068,8242.9189453125,100.25675964355469,10051.4189453125,617.9072265625,636.65692138671875,65625.5390625,90.28900146484375,0
0.072,8135.70068359375,111.04869079589844,12331.810546875,864.54345703125,890.92108154296875,65625.5390625,75.501670837402344,0
0.076,7603.3115234375,118.64689636230469,14077.0859375,1146.0853271484375,1181.1705322265625,65625.5390625,61.635089874267578,0
0.08,7705.73681640625,121.96466064453125,14875.3798828125,1443.5927734375,1487.87890625,65625.5390625,48.690166473388672,0
0.084,7435.32275390625,119.98690032958984,14396.8564453125,1731.5299072265625,1784.721435546875,65625.5390625,37.118152618408203,0
0.088,7293.0341796875,111.82994079589844,12505.935546875,1981.6488037109375,2042.575927734375,65625.5390625,26.938247680664062,0
0.092,7818.4130859375,96.798995971679688,9370.044921875,2169.049560546875,2235.772705078125,65625.5390625,17.431835174560547,0
0.096,8096.91015625,74.43951416015625,5541.2412109375,2279.874267578125,2350.02490234375,65625.5390625,8.0157880783081055,0
0.1,7673.59765625,44.579540252685547,1987.3355712890625,2319.62109375,2391.001220703125,65625.5390625,-1.2449328899383545,0
0.104,7196.68994140625,7.3611297607421875,54.186229705810547,2320.70458984375,2392.117919921875,65625.5390625,-10.06452751159668,0
0.108,7554.76953125,-36.739673614501953,1349.803466796875,2347.70068359375,2419.94873046875,65625.5390625,-18.400869369506836,0
0.112,8016.37255859375,-86.904640197753906,7552.41650390625,2498.749267578125,2575.669189453125,65625.5390625,-26.420080184936523,0
0.116,7646.03662109375,-141.97824096679688,20157.822265625,2901.905517578125,2991.294189453125,65625.5390625,-34.249805450439453,0
0.12,6912.73291015625,-200.48759460449219,40195.2734375,3705.811279296875,3820.063232421875,65625.5390625,-41.789215087890625,0
0.124,7207.96630859375,-260.67764282226562,67952.8359375,5064.8671875,5221.1513671875,65625.5390625,-48.7432861328125,0
0.128,7859.70703125,-320.56045532226562,102759,7120.04833984375,7339.89453125,65625.5390625,-55.008026123046875,0
0.132,7702.87646484375,-377.97738647460938,142866.921875,9977.3876953125,10285.6064453125,65625.5390625,-60.898124694824219,0
0.136,7266.88037109375,-430.67007446289062,185476.71875,13686.919921875,14109.865234375,65625.5390625,-66.666343688964844,0
0.14,7588.41162109375,-476.35922241210938,226918.09375,18225.28125,18788.587890625,65625.5390625,-72.047630310058594,0
0.144,8160.35400390625,-512.8260498046875,262990.59375,23485.09375,24211.07421875,65625.5390625,-76.760780334472656,0
0.148,8006.8828125,-537.99432373046875,289437.90625,29273.853515625,30178.869140625,65625.5390625,-81.154273986816406,0
0.152,7486.0810546875,-550.0086669921875,302509.5,35324.04296875,36416.17578125,65625.5390625,-85.704383850097656,0
0.156,7671.38134765625,-547.30841064453125,299546.5,41314.96875,42592.39453125,65625.5390625,-90.139305114746094,0
0.16,8207.8701171875,-528.69354248046875,279516.90625,46905.3125,48355.625,65625.5390625,-93.834922790527344,0
0.164,8131.6708984375,-493.384033203125,243427.796875,51773.8671875,53374.76171875,65625.5390625,-96.864707946777344,0
0.168,7588.50634765625,-441.06634521484375,194539.5,55664.65625,57385.88671875,65625.5390625,-99.814369201660156,0
0.172,7599.6875,-371.92864990234375,138330.921875,58431.2734375,60238.0625,65625.5390625,-102.72621917724609,0
0.176,8139.42041015625,-286.68148803710938,82186.2734375,60075,61932.625,65625.5390625,-105.13187408447266,0
0.18,8205.6767578125,-186.5621337890625,34805.4296875,60771.11328125,62650.26953125,65625.5390625,-107.04201507568359,0
0.184,7697.89306640625,-73.322227478027344,5376.1484375,60878.63671875,62761.1171875,65625.5390625,-108.98299407958984,0
0.188,7538.65234375,50.802143096923828,2580.857421875,60930.25,62814.33203125,65625.5390625,-111.03176116943359,0
0.192,8012.60546875,183.13676452636719,33539.07421875,61601.03125,63505.85546875,65625.5390625,-112.67344665527344,0
0.196,8219.3857421875,320.63101196289062,102804.234375,63657.1171875,65625.5390625,261559.5,-113.74888610839844,0
0.2,7781.38671875,459.93350219726562,211538.828125,67887.8984375,69987.1640625,261559.5,-114.74338531494141,0
0.204,7416.17724609375,597.4788818359375,356981,75027.5234375,77347.6015625,261559.5,-115.8695068359375,0
0.208,7692.60009765625,729.58477783203125,532293.875,85673.3984375,88322.7265625,261559.5,-116.63536071777344,0
0.212,8075.54833984375,852.5521240234375,726845.1875,100210.296875,103309.2265625,261559.5,-116.72190856933594,0
0.216,7701.51708984375,962.77215576171875,926930.3125,118748.8984375,122421.171875,261559.5,-116.56451416015625,0
0.22,7144.5234375,1056.8291015625,1116887.75,141086.625,145449.75,261559.5,-116.58809661865234,0
0.224,7448.2919921875,1131.603515625,1280526.625,166697.125,171852.34375,261559.5,-116.54179382324219,0
0.228,8019.99609375,1184.365966796875,1402722.75,194751.421875,200774.296875,261559.5,-116.11995697021484,0
0.232,7699.25244140625,1212.8629150390625,1471036.625,224171.5,231104.25,261559.5,-115.62729644775391,0
0.236,6782.98583984375,1215.3916015625,1477176.75,253713.078125,261559.5,261559.5,-115.4229736328125,0
0.24,6958.22265625,1190.860107421875,1418147.75,282070.90625,290794.34375,261559.5,-115.17465972900391,0
0.244,7861.7099609375,1138.8316650390625,1296937.625,307997.9375,317523.25,261559.5,-114.2962646484375,0
0.248,7785.4873046875,1059.5521240234375,1122650.75,330427.5,340646.5,261559.5,-112.81375885009766,0
0.252,6807.68603515625,953.95831298828125,910036.375,348585.65625,359366.25,261559.5,-111.21478271484375,0
0.256,6813.38427734375,823.66680908203125,678427,362083.59375,373281.65625,261559.5,-109.69126892089844,0
0.26,7705.9990234375,670.9453125,450167.65625,370979,382452.1875,261559.5,-108.09775543212891,0
0.264,7896.18603515625,498.665771484375,248667.546875,375799.6875,387421.9375,261559.5,-106.45591735839844,0
0.268,7305.14599609375,310.240966796875,96249.4609375,377523.6875,389199.25,261559.5,-104.94419097900391,0
0.272,7250.26171875,109.54661560058594,12000.4609375,377517.09375,389192.4375,261559.5,-103.48503112792969,0
0.276,7677.17431640625,-99.169532775878906,9834.5966796875,377432.1875,389104.9375,389104.9375,-101.77852630615234,0
0.28,7954.90869140625,-311.3896484375,96963.5234375,379073.9375,390797.4375,389104.9375,-99.725204467773438,0
0.284,7194.37646484375,-522.43536376953125,272938.6875,384244.84375,396128.34375,389104.9375,-97.512916564941406,0
0.288,6762.1953125,-727.58203125,529375.6875,394582.1875,406785.40625,389104.9375,-95.286422729492188,0
0.292,7420.70703125,-922.17657470703125,850409.6875,411403,424126.40625,389104.9375,-92.997459411621094,0
0.296,8001.2568359375,-1101.754638671875,1213863.375,435569.4375,449040.25,389104.9375,-90.620834350585938,0
0.3,7272.88818359375,-1262.156005859375,1593037.75,467390.4375,481845.40625,389104.9375,-88.286155700683594,0
0.304,6552.74462890625,-1399.6314697265625,1958968.375,506568.6875,522235.34375,389104.9375,-86.103477478027344,0
0.308,7226.9443359375,-1510.9398193359375,2282939.25,552200.5,569278.375,389104.9375,-84.000160217285156,0
0.312,7997.22802734375,-1593.431396484375,2539023.5,602829.875,621473.6875,676860,-81.787948608398438,0
0.316,7568.59765625,-1645.1126708984375,2706395.5,656554.6875,676860,676860,-79.330787658691406,0
0.32,6829.4765625,-1664.695068359375,2771209.5,711175,733169.6875,676860,-76.649757385253906,0
0.324,7190.3466796875,-1651.625,2727865.25,764373.3125,788013.3125,676860,-73.86920166015625,0
0.328,7831.40771484375,-1606.092529296875,2579533.25,813908.6875,839080.6875,676860,-71.07037353515625,0
0.332,7645.98974609375,-1529.0224609375,2337909.5,857809.5,884339.3125,676860,-68.254112243652344,0
0.336,7190.5615234375,-1422.0478515625,2022220,894544.375,922210.3125,676860,-65.436256408691406,0
0.34,7443.4755859375,-1287.464599609375,1657565,923157.375,951708.1875,676860,-62.702934265136719,0
0.344,7954.7646484375,-1128.1712646484375,1272770.375,943352.875,972528.3125,676860,-60.107738494873047,0
0.348,7798.31494140625,-947.5946044921875,897935.5,955522.875,985074.6875,676860,-57.54827880859375,0
0.352,7066.75146484375,-749.60400390625,561906.1875,960710.875,990423.1875,676860,-54.878288269042969,0
0.356,7070.44677734375,-538.41387939453125,289889.5,960517.6875,990224,990224,-52.123210906982422,0
0.36,7780.4091796875,-318.48086547851562,101430.0625,956956,986552.1875,990224,-49.405021667480469,0
0.364,7844.09130859375,-94.396156311035156,8910.6357421875,952265.6875,981716.8125,990224,-46.695671081542969,0
0.368,6982.04150390625,129.22128295898438,16698.140625,948708.8125,978049.875,990224,-43.862724304199219,0
0.372,6779.55224609375,347.83074951171875,120986.2265625,948361.875,977692.3125,990224,-40.928630828857422,0
0.376,7533.38427734375,557.07147216796875,310328.65625,952924.8125,982396.3125,990224,-38.046794891357422,0
0.38,7853.07958984375,752.85821533203125,566795.5,963564.5,993365,990224,-35.216026306152344,0
0.384,7289.79150390625,931.46942138671875,867635.3125,980809.8125,1011143.6875,990224,-32.285564422607422,0
0.388,6940.74755859375,1089.6253662109375,1187283.625,1004503.8125,1035570.5,990224,-29.290979385375977,0
0.392,7474.20849609375,1224.553466796875,1499531.375,1033823.6875,1065797,990224,-26.4896240234375,0
0.396,7929.23046875,1334.043701171875,1779672.625,1067361,1100371.75,1100371.75,-23.959243774414062,0
0.4,7445.43115234375,1416.4853515625,2006430.75,1103258.75,1137379.75,1100371.75,-21.456020355224609,0
0.404,6920.95849609375,1470.8922119140625,2163524,1139389.75,1174628,1100371.75,-18.80853271484375,0
0.408,7346.4638671875,1496.91015625,2240740,1173558.625,1209853.75,1100371.75,-16.145595550537109,0
0.412,7908.86962890625,1494.8099365234375,2234456.75,1203710.75,1240938.625,1100371.75,-13.573840141296387,0
0.416,7531.6435546875,1465.4609375,2147575.5,1228123.75,1266106.625,1100371.75,-10.954388618469238,0
0.42,6798.6015625,1410.2962646484375,1988935.625,1245564.75,1284086.75,1100371.75,-8.1961488723754883,0
0.424,7117.48681640625,1331.2581787109375,1772248.375,1255399,1294225.375,1100371.75,-5.4939370155334473,0
0.428,7907.93994140625,1230.73828125,1514716.75,1257639,1296534.625,1280885.75,-3.0538463592529297,0
0.432,7649.77978515625,1111.505615234375,1235444.75,1252927.375,1291677.375,1280885.75,-0.78625041246414185,0
0.436,6857.25244140625,976.62872314453125,953803.6875,1242459.75,1280885.75,1280885.75,1.4945100545883179,0
0.44,6996.3701171875,829.39324951171875,687893.1875,1227854.625,1265829,1280885.75,3.7532532215118408,0
0.444,7843.37646484375,673.21826171875,453222.84375,1210980.375,1248432.75,1280885.75,5.8852834701538086,0
0.448,7708.00244140625,511.57122802734375,261705.125,1193761.625,1230681.625,1280885.75,8.008636474609375,0
0.452,6738.2099609375,347.88705444335938,121025.4140625,1177981.375,1214413.375,1280885.75,10.304054260253906,0
0.456,6775.92822265625,185.48910522460938,34406.20703125,1165100.75,1201134.375,1280885.75,12.694598197937012,0
0.46,7742.50146484375,27.517898559570312,757.2347412109375,1156112.625,1191868.375,1280885.75,14.976643562316895,0
0.464,7805.5380859375,-123.13444519042969,15162.091796875,1151442.625,1187053.75,1280885.75,17.151453018188477,0
0.468,6854.01025390625,-263.88027954101562,69632.796875,1150910,1186504.75,1280885.75,19.339626312255859,0
0.472,6663.48974609375,-392.48275756835938,154042.71875,1153751,1189433.625,1280885.75,21.474166870117188,0
0.476,7564.71240234375,-507.09140014648438,257141.703125,1158697,1194532.625,1194532.625,23.3770751953125,0
0.48,7885.4091796875,-606.26513671875,367557.40625,1164109,1200111.75,1194532.625,25.080724716186523,0
0.484,7056.38037109375,-688.98504638671875,474700.40625,1168144.375,1204272,1194532.625,26.797710418701172,0
0.488,6603.9560546875,-754.65399169921875,569502.6875,1168946.75,1205099.375,1194532.625,28.601114273071289,0
0.492,7376.60009765625,-803.08740234375,644949.375,1164837.625,1200863,1194532.625,30.363739013671875,0
0.496,7927.87109375,-834.4935302734375,696379.375,1154487.75,1190193,1194532.625,32.006549835205078,0
0.5,7241.2021484375,-849.44451904296875,721556,1137058.375,1172224.75,1194532.625,33.617851257324219,0
0.504,6577.015625,-848.84002685546875,720529.375,1112289.625,1146689.75,1194532.625,35.276172637939453,0
0.508,7173.87255859375,-833.86474609375,695330.375,1080537.375,1113955.625,1194532.625,36.90814208984375,0
0.512,7793.3310546875,-805.94171142578125,649542,1042747.6875,1074997,1031314.8125,38.424072265625,0
0.516,7494.68896484375,-766.67999267578125,587798.1875,1000375.8125,1031314.8125,1031314.8125,39.858989715576172,0
0.52,6933.09375,-717.8231201171875,515270,955256.875,984800.5,1031314.8125,41.270671844482422,0
0.524,7246.18505859375,-661.19598388671875,437180.15625,909443.3125,937570,1031314.8125,42.615863800048828,0
0.528,7889.48583984375,-598.6517333984375,358383.90625,865020.3125,891773,1031314.8125,43.822784423828125,0
0.532,7579.27978515625,-532.02294921875,283048.40625,823923,849404.8125,1031314.8125,44.919780731201172,0
0.536,6669.49853515625,-463.07415771484375,214437.671875,787767.375,812130.875,1031314.8125,46.001396179199219,0
0.54,6922.4599609375,-393.45962524414062,154810.46875,757712.3125,781146.3125,1031314.8125,47.090404510498047,0
0.544,7803.94140625,-324.68765258789062,105422.0625,734365.3125,757077.3125,1031314.8125,48.136127471923828,0
0.548,7663.10791015625,-258.09213256835938,66611.546875,717738.875,739936.5,723536.375,49.128612518310547,0
0.552,6675.7919921875,-194.81169128417969,37951.59375,707259.8125,729133.375,723536.375,50.102226257324219,0
0.556,6751.1083984375,-135.776611328125,18435.291015625,701830.6875,723536.375,723536.375,51.050464630126953,0
0.56,7727.12353515625,-81.702186584472656,6675.24755859375,699935.5,721582.5,723536.375,51.924522399902344,0
0.564,7766.98681640625,-33.087909698486328,1094.8099365234375,699779.3125,721421.5,723536.375,52.706809997558594,0
0.568,6782.4609375,9.7774839401245117,95.59918212890625,699447.1875,721079.1875,723536.375,53.445213317871094,0
0.572,6633.56884765625,46.805858612060547,2190.788330078125,697071.3125,718629.8125,723536.375,54.199024200439453,0
0.576,7549.8818359375,78.094566345214844,6098.7607421875,690986.6875,712357,723536.375,54.952472686767578,0
0.58,7849.8125,103.90682220458984,10796.6279296875,679866.8125,700893.1875,723536.375,55.615692138671875,0
0.584,6952.0234375,124.64836120605469,15537.2138671875,662824.8125,683324.1875,723536.375,56.118457794189453,0
0.588,6527.9248046875,140.84086608886719,19836.150390625,639475.8125,659253,723536.375,56.47332763671875,0
0.592,7389.45068359375,153.093505859375,23437.62109375,609953.875,628818,723536.375,56.7509765625,0
0.596,7918.76416015625,162.07365417480469,26267.869140625,574885.875,592665.375,592665.375,56.997386932373047,0
0.6,7152.5810546875,168.47726440429688,28384.587890625,535324.875,551880.875,592665.375,57.190868377685547,0
0.604,6459.78515625,173.0009765625,29929.337890625,492653,507889.25,592665.375,57.326770782470703,0
0.608,7188.53515625,176.31526184082031,31087.072265625,448459.9375,462329.4375,592665.375,57.482250213623047,0
0.612,7932.8779296875,179.04045104980469,32055.48046875,404411.9375,416919.15625,592665.375,57.71142578125,0
0.616,7353.71240234375,181.72592163085938,33024.3125,362120.9375,373320.15625,592665.375,57.948436737060547,0
0.62,6490.30322265625,184.83248901367188,34163.05078125,323025.4375,333015.5,592665.375,58.095447540283203,0
0.624,7015.0859375,188.71896362304688,35614.84375,288292.84375,297208.6875,223316.71875,58.153648376464844,0
0.628,7880.1875,193.63278198242188,37493.6484375,258748.34375,266750.4375,223316.71875,58.186767578125,0
0.632,7611.5849609375,199.70500183105469,39882.0859375,234837.09375,242099.71875,223316.71875,58.204631805419922,0
0.636,7065.98828125,206.94990539550781,42828.26171875,216617.578125,223316.71875,223316.71875,58.174480438232422,0
0.64,7363.01025390625,215.26863098144531,46340.58203125,203786.546875,210088.84375,223316.71875,58.087604522705078,0
0.644,7936.3115234375,224.45698547363281,50380.9375,195729.703125,201782.828125,223316.71875,57.940521240234375,0
0.648,7758.02197265625,234.21728515625,54857.73828125,191592.71875,197517.875,223316.71875,57.704399108886719,0
0.652,7229.40087890625,244.17366027832031,59620.7734375,190364.671875,196251.875,223316.71875,57.384075164794922,0
0.656,7385.4921875,253.88972473144531,64459.9921875,190965.71875,196871.5,223316.71875,57.061149597167969,0
0.66,7926.2255859375,262.88735961914062,69109.7734375,192332.796875,198280.84375,223316.71875,56.775104522705078,0
0.664,7838.96484375,270.66522216796875,73259.6640625,193494.71875,199478.71875,223316.71875,56.438488006591797,0
0.668,7241.48828125,276.71719360351562,76572.4140625,193633.5,199621.796875,223316.71875,55.974082946777344,0
0.672,7170.01025390625,280.54940795898438,78707.9765625,192126.828125,198068.546875,194402.796875,55.433757781982422,0
0.676,7701.6123046875,281.69744873046875,79353.4609375,188571.078125,194402.796875,194402.796875,54.923999786376953,0
0.68,7817.4833984375,279.741943359375,78255.546875,182785,188437.796875,194402.796875,54.481742858886719,0
0.684,7278.9912109375,274.32284545898438,75253.0234375,174796.078125,180201.75,194402.796875,54.06170654296875,0
0.688,7056.9521484375,265.152099609375,70305.625,164812.125,169909.046875,194402.796875,53.638477325439453,0
0.692,7555.4140625,252.0245361328125,63516.3671875,153183.46875,157920.71875,194402.796875,53.242115020751953,0
0.696,7838.10693359375,234.82675170898438,55143.60546875,140358.75,144699.375,194402.796875,52.84967041015625,0
0.7,7302.2607421875,213.54341125488281,45600.79296875,126839.6640625,130762.171875,194402.796875,52.340770721435547,0
0.704,6757.1640625,188.26176452636719,35442.4921875,113137.9140625,116636.6640625,194402.796875,51.631011962890625,0
0.708,7261.92041015625,159.173095703125,25336.07421875,99738.0390625,102822.359375,194402.796875,50.786457061767578,0
0.712,7795.66796875,126.57159423828125,16020.3671875,87067.6015625,89760.046875,77810.671875,49.947772979736328,0
0.716,7406.8544921875,90.850013732910156,8253.724609375,75476.7109375,77810.671875,77810.671875,49.183097839355469,0
0.72,6626.41552734375,52.492450714111328,2755.45703125,65226.41796875,67243.359375,77810.671875,48.462085723876953,0
0.724,7013.4404296875,12.064480781555176,145.55171203613281,56485.73046875,58232.34375,77810.671875,47.733112335205078,0
0.728,7900.59619140625,-29.798807144165039,887.96893310546875,49335.8046875,50861.29296875,77810.671875,46.968193054199219,0
0.732,7456.3505859375,-72.406349182128906,5242.6787109375,43779.6875,45133.3359375,77810.671875,46.1522216796875,0
0.736,6465.078125,-115.02596282958984,13230.9716796875,39755.5546875,40984.7421875,77810.671875,45.290374755859375,0
0.74,6846.85791015625,-156.90031433105469,24617.708984375,37151.70703125,38300.3671875,77810.671875,44.423511505126953,0
0.744,7841.015625,-197.2637939453125,38913,35821.51953125,36929.04296875,77810.671875,43.569652557373047,0
0.748,7583.76171875,-235.35983276367188,55394.25,35597.17578125,36697.76171875,77810.671875,42.666313171386719,0
0.752,6537.3427734375,-270.45858764648438,73147.8515625,36301.10546875,37423.45703125,77810.671875,41.656299591064453,0
0.756,6708.57421875,-301.87411499023438,91127.984375,37754.95703125,38922.2734375,38922.2734375,40.602336883544922,0
0.76,7717.15771484375,-328.98114013671875,108228.6015625,39786.0234375,41016.15625,38922.2734375,39.62921142578125,0
0.764,7699.70458984375,-351.22998046875,123362.5,42231.375,43537.13671875,38922.2734375,38.779552459716797,0
0.768,6680.27490234375,-368.15951538085938,135541.421875,44940.29296875,46329.8359375,38922.2734375,37.996257781982422,0
0.772,6590.15234375,-379.40859985351562,143950.875,47775.4921875,49252.71875,38922.2734375,37.218975067138672,0
0.776,7553.93603515625,-384.72503662109375,148013.34375,50613.78125,52178.79296875,38922.2734375,36.419078826904297,0
0.78,7793.85693359375,-383.97210693359375,147434.578125,53346.54296875,54996.07421875,38922.2734375,35.538440704345703,0
0.784,6877.20849609375,-377.13250732421875,142228.921875,55880.375,57608.26953125,38922.2734375,34.488697052001953,0
0.788,6503.0341796875,-364.30941772460938,132721.34375,58138.08203125,59935.8046875,38922.2734375,33.267692565917969,0
0.792,7367.9453125,-345.72509765625,119525.8515625,60059.84375,61917,38922.2734375,32.008594512939453,0
0.796,7859.8984375,-321.71664428710938,103501.6015625,61604.5234375,63509.45703125,63509.45703125,30.855062484741211,0
0.8,7052.1591796875,-292.72866821289062,85690.0625,62750.63671875,64691.01953125,63509.45703125,29.836956024169922,0
0.804,6419.11083984375,-259.3037109375,67238.4140625,63496.8125,65460.26953125,63509.45703125,28.885082244873047,0
0.808,7181.00146484375,-222.07064819335938,49315.3671875,63861.375,65836.109375,63509.45703125,27.904855728149414,0
0.812,7898.49853515625,-181.7305908203125,33026.01171875,63880.79296875,65856.125,63509.45703125,26.848501205444336,0
0.816,7352.4482421875,-139.04191589355469,19332.65234375,63606.95703125,65573.8125,63509.45703125,25.767196655273438,0
0.82,6622.43359375,-94.80322265625,8987.6513671875,63103.44921875,65054.73828125,63509.45703125,24.764968872070312,0
0.824,7059.09765625,-49.836162567138672,2483.643310546875,62440.82421875,64371.6171875,63509.45703125,23.894073486328125,0
0.828,7822.3232421875,-4.967041015625,24.671499252319336,61691.44921875,63599.07421875,63509.45703125,23.116455078125,0
0.832,7477.7607421875,38.991363525390625,1520.3265380859375,60924.2109375,62808.10546875,63509.45703125,22.332468032836914,0
0.836,6513.90625,81.257789611816406,6602.828125,60199.69921875,62061.1796875,62061.1796875,21.434738159179688,0
0.84,6839.91943359375,121.09916687011719,14665.0078125,59566.1875,61408.08203125,62061.1796875,20.369405746459961,0
0.844,7751.03662109375,157.84555053710938,24915.21875,59056.875,60883.01171875,62061.1796875,19.166925430297852,0
0.848,7566.953125,190.9027099609375,36443.84375,58688.59375,60503.34375,62061.1796875,17.919857025146484,0
0.852,6597.08984375,219.76252746582031,48295.57421875,58462.09375,60269.8359375,62061.1796875,16.7181396484375,0
0.856,6761.2412109375,244.01127624511719,59541.5,58363.71875,60168.41796875,62061.1796875,15.596555709838867,0
0.86,7550.74072265625,263.33602905273438,69345.859375,58368.44921875,60173.30078125,62061.1796875,14.53740406036377,0
0.864,7624.62744140625,277.52899169921875,77022.3515625,58443.69921875,60250.875,62061.1796875,13.494816780090332,0
0.868,7051.99365234375,286.49014282226562,82076.6015625,58553.78125,60364.36328125,62061.1796875,12.439008712768555,0
0.872,7002.04443359375,290.22671508789062,84231.546875,58664.25,60478.2421875,62061.1796875,11.40247631072998,0
0.876,7588.05322265625,288.85122680664062,83435.0390625,58745.88671875,60562.40625,60562.40625,10.43842601776123,0
0.88,7729.38818359375,282.57723999023438,79849.8984375,58777.7734375,60595.28125,60562.40625,9.5439815521240234,0
0.884,7083.75,271.71240234375,73827.625,58749.26953125,60565.89453125,60562.40625,8.6785717010498047,0
0.888,6579.20947265625,256.65081787109375,65869.6484375,58660.54296875,60474.42578125,60562.40625,7.831812858581543,0
0.892,7318.56884765625,237.86213684082031,56578.39453125,58521.78125,60331.3671875,60562.40625,7.0166525840759277,0
0.896,7777.9296875,215.87873840332031,46603.625,58350.98828125,60155.30078125,60562.40625,6.2216124534606934,0
0.9,7218.31396484375,191.28059387207031,36588.26953125,58170.73828125,59969.46875,60562.40625,5.4158492088317871,0
0.904,6586.71875,164.67826843261719,27118.931640625,58004.26953125,59797.85546875,60562.40625,4.5653319358825684,0
0.908,7173.4912109375,136.69612121582031,18685.828125,57871.26171875,59660.73046875,60562.40625,3.6297569274902344,0
0.912,7871.8427734375,107.95611572265625,11654.521484375,57783.9375,59570.70703125,60562.40625,2.5926234722137451,0
0.916,7219.1953125,79.063392639160156,6251.01953125,57743.88671875,59529.41796875,59529.41796875,1.4971942901611328,0
0.92,6377.91259765625,50.593578338623047,2559.710205078125,57739.96875,59525.375,59529.41796875,0.41400283575057983,0
0.924,6977.39208984375,23.081747055053711,532.7669677734375,57747.71875,59533.3671875,59529.41796875,-0.61429023742675781,0
0.928,7838.9169921875,-2.9872276782989502,8.9235286712646484,57730.13671875,59515.2421875,59529.41796875,-1.5589364767074585,0
0.932,7417.60791015625,-27.187231063842773,739.1455078125,57640.0625,59422.38671875,59529.41796875,-2.3789839744567871,0
0.936,6543.63671875,-49.158092498779297,2416.518310546875,57423.7734375,59199.3984375,59529.41796875,-3.0625648498535156,0
0.94,6841.51708984375,-68.610946655273438,4707.46240234375,57025.57421875,58788.89453125,59529.41796875,-3.6640009880065918,0
0.944,7617.68896484375,-85.331321716308594,7281.43505859375,56392.9375,58136.6875,59529.41796875,-4.2611212730407715,0
0.948,7538.46240234375,-99.179527282714844,9836.578125,55481.78125,57197.35546875,59529.41796875,-4.9002585411071777,0
0.952,7008.88671875,-110.08905029296875,12119.5986328125,54261.21875,55939.04296875,54347.51171875,-5.6060523986816406,0
0.956,7184.19677734375,-118.063232421875,13938.9267578125,52717.4375,54347.51171875,54347.51171875,-6.4004049301147461,0
0.96,7757.6162109375,-123.17024993896484,15170.9111328125,50856.28125,52428.79296875,54347.51171875,-7.2719306945800781,0
0.964,7688.59375,-125.53703308105469,15759.546875,48704.23046875,50210.1796875,54347.51171875,-8.145533561706543,0
0.968,7127.85791015625,-125.34147644042969,15710.484375,46307.61328125,47739.44921875,54347.51171875,-8.9156036376953125,0
0.972,6956.00634765625,-122.80375671386719,15080.7626953125,43730.20703125,45082.32421875,54347.51171875,-9.5186357498168945,0
0.976,7529.3310546875,-118.17722320556641,13965.8564453125,41049.26171875,42318.4609375,54347.51171875,-9.9760770797729492,0
0.98,7739.06787109375,-111.74017333984375,12485.865234375,38350.28125,39536.01171875,54347.51171875,-10.388552665710449,0
0.984,7122.01708984375,-103.78861999511719,10772.078125,35721.14453125,36825.5625,54347.51171875,-10.892173767089844,0
0.988,6832.52880859375,-94.630149841308594,8954.865234375,33245.8125,34273.67578125,54347.51171875,-11.573969841003418,0
0.992,7372.30859375,-84.578231811523438,7153.47802734375,30998.369140625,31956.71875,54347.51171875,-12.382057189941406,0
0.996,7797.6943359375,-73.94659423828125,5468.09912109375,29037.69921875,29935.412109375,29935.412109375,-13.131121635437012,0
1,7156.30078125,-63.043231964111328,3974.44873046875,27403.38671875,28250.552734375,29935.412109375,-13.650299072265625,0
1.004,6568.19384765625,-52.164234161376953,2721.107421875,26113.041015625,26920.296875,29935.412109375,-13.957644462585449,0
1.008,7138.7060546875,-41.587451934814453,1729.5162353515625,25161.32421875,25939.146484375,29935.412109375,-14.256016731262207,0
1.012,7782.86572265625,-31.566463470458984,996.44158935546875,24520.73046875,25278.740234375,29935.412109375,-14.721494674682617,0
1.016,7210.30322265625,-22.325357437133789,498.42156982421875,24144.046875,24890.40625,29935.412109375,-15.341593742370605,0
1.02,6405.1630859375,-14.054496765136719,197.52888488769531,23968.244140625,24709.16796875,29935.412109375,-15.981636047363281,0
1.024,6974.33984375,-6.9073591232299805,47.71160888671875,23919.52734375,24658.943359375,29935.412109375,-16.531545639038086,0
1.028,7846.7138671875,-0.99812334775924683,0.99625015258789062,23919.052734375,24658.453125,29935.412109375,-16.947322845458984,0
1.032,7339.52587890625,3.5999846458435059,12.95988941192627,23888.90625,24627.375,29935.412109375,-17.225244522094727,0
1.036,6364.46484375,6.855555534362793,46.998645782470703,23757.791015625,24492.203125,24492.203125,-17.417705535888672,0
1.04,6803.27490234375,8.7790327072143555,77.0714111328125,23466.02734375,24191.41796875,24492.203125,-17.630044937133789,0
1.044,7787.49072265625,9.4219131469726562,88.772445678710938,22969.5,23679.537109375,24492.203125,-17.930868148803711,0
1.048,7487.56005859375,8.8749418258666992,78.76458740234375,22242.19921875,22929.740234375,24492.203125,-18.303396224975586,0
1.052,6628.87109375,7.2650594711303711,52.781089782714844,21277.34375,21935.04296875,24492.203125,-18.693328857421875,0
1.056,6818.62890625,4.7511281967163086,22.573221206665039,20086.96484375,20707.849609375,24492.203125,-19.051717758178711,0
1.06,7566.14306640625,1.5187280178070068,2.306535005569458,18700.09375,19278.083984375,24492.203125,-19.357589721679688,0
1.064,7604.4560546875,-2.225623607635498,4.9534010887145996,17159.74609375,17690.099609375,24492.203125,-19.626811981201172,0
1.068,6927.7529296875,-6.2606992721557617,39.19635009765625,15518.998046875,15998.6064453125,24492.203125,-19.881479263305664,0
1.072,6812.1435546875,-10.357276916503906,107.27317810058594,13836.5126953125,14264.083984375,24492.203125,-20.13189697265625,0
1.076,7483.93603515625,-14.285324096679688,204.07048034667969,12171.8935546875,12547.982421875,12547.982421875,-20.386175155639648,0
1.08,7689.35791015625,-17.821405410766602,317.60247802734375,10581.2470703125,10908.140625,12547.982421875,-20.635778427124023,0
1.084,6878.6865234375,-20.755931854248047,430.80874633789062,9113.310546875,9394.8046875,12547.982421875,-20.844095230102539,0
1.088,6510.61572265625,-22.900079727172852,524.41357421875,7806.40625,8047.4794921875,12547.982421875,-20.985113143920898,0
1.092,7318.90234375,-24.092172622680664,580.43280029296875,6686.44775390625,6892.88427734375,12547.982421875,-21.084264755249023,0
1.096,7769.44287109375,-24.203695297241211,585.81884765625,5766.09130859375,5944.0625,12547.982421875,-21.210857391357422,0
1.1,7039.9052734375,-23.14459228515625,535.67218017578125,5045.0390625,5200.7099609375,12547.982421875,-21.428243637084961,0
1.104,6588.9599609375,-20.867431640625,435.44970703125,4511.36962890625,4650.53515625,12547.982421875,-21.724376678466797,0
1.108,7181.00146484375,-17.369869232177734,301.71234130859375,4143.6865234375,4271.48046875,12547.982421875,-22.007354736328125,0
1.112,7818.9375,-12.695089340209961,161.165283203125,3913.81982421875,4034.504638671875,3906.608642578125,-22.199325561523438,0
1.116,7139.61181640625,-6.9300894737243652,48.026142120361328,3789.760498046875,3906.608642578125,3906.608642578125,-22.303924560546875,0
1.12,6332.1357421875,-0.20219695568084717,0.040883611887693405,3738.567138671875,3853.83154296875,3906.608642578125,-22.37896728515625,0
1.124,6960.296875,7.3256478309631348,53.665119171142578,3728.985107421875,3843.953125,3906.608642578125,-22.474020004272461,0
1.128,7810.640625,15.460325241088867,239.02165222167969,3733.586669921875,3848.697265625,3906.608642578125,-22.590744018554688,0
1.132,7306.1708984375,23.984329223632812,575.248046875,3730.30859375,3845.31787109375,3906.608642578125,-22.697595596313477,0
1.136,6342.578125,32.661857604980469,1066.796875,3703.31396484375,3817.48828125,3906.608642578125,-22.757492065429688,0
1.14,6792.47412109375,41.245391845703125,1701.182373046875,3643.188720703125,3755.50341796875,3906.608642578125,-22.714178085327148,0
1.144,7761.12109375,49.48297119140625,2448.564453125,3546.53125,3655.856689453125,3906.608642578125,-22.518407821655273,0
1.148,7459.95166015625,57.125988006591797,3263.37841796875,3415.067626953125,3520.327392578125,3167.490234375,-22.210399627685547,0
1.152,6429.74462890625,63.937339782714844,4087.983642578125,3254.43505859375,3354.7265625,3167.490234375,-21.904287338256836,0
1.156,6646.37109375,69.699241638183594,4857.984375,3072.81591796875,3167.490234375,3167.490234375,-21.685785293579102,0
1.16,7643.4375,74.220321655273438,5508.65625,2879.571044921875,2968.26904296875,3167.490234375,-21.584070205688477,0
1.164,7579.875,77.34185791015625,5981.76318359375,2684.01513671875,2766.665283203125,3167.490234375,-21.592584609985352,0
1.168,6583.4052734375,78.942672729492188,6231.9453125,2494.444580078125,2571.231689453125,3167.490234375,-21.645416259765625,0
1.172,6523.5615234375,78.942733764648438,6231.95556640625,2317.46826171875,2388.78125,3167.490234375,-21.625905990600586,0
1.176,7498.12255859375,77.305519104003906,5976.14306640625,2157.674560546875,2224.046142578125,3167.490234375,-21.460058212280273,0
1.18,7678.5810546875,74.038780212402344,5481.7412109375,2017.591552734375,2079.63037109375,3167.490234375,-21.177303314208984,0
1.184,6724.6201171875,69.194313049316406,4787.85302734375,1897.9072265625,1956.2445068359375,3167.490234375,-20.86297607421875,0
1.188,6418.5625,62.866252899169922,3952.16552734375,1797.853271484375,1853.0960693359375,3167.490234375,-20.590265274047852,0
1.192,7325.17333984375,55.188343048095703,3045.753173828125,1715.6988525390625,1768.4007568359375,1699.912841796875,-20.416152954101562,0
1.196,7750.296875,46.329761505126953,2146.44677734375,1649.265625,1699.912841796875,1699.912841796875,-20.376256942749023,0
1.2,6906.65234375,36.490142822265625,1331.5306396484375,1596.4072265625,1645.419677734375,1699.912841796875,-20.43560791015625,0
1.204,6334.94921875,25.893716812133789,670.48455810546875,1555.3948974609375,1603.1390380859375,1699.912841796875,-20.488430023193359,0
1.208,7137.03759765625,14.782829284667969,218.53205871582031,1525.1751708984375,1571.9847412109375,1699.912841796875,-20.426448822021484,0
1.212,7797.7421875,3.4110953807830811,11.635571479797363,1505.4791259765625,1551.679443359375,1699.912841796875,-20.196893692016602,0
1.216,7094.00244140625,-7.9636483192443848,63.419696807861328,1496.779052734375,1542.7103271484375,1699.912841796875,-19.828582763671875,0
1.22,6296.37353515625,-19.086309432983398,364.28720092773438,1500.1142578125,1546.1484375,1699.912841796875,-19.422527313232422,0
1.224,6950.90380859375,-29.711284637451172,882.76043701171875,1516.815185546875,1563.365966796875,1699.912841796875,-19.083934783935547,0
1.228,7801.93896484375,-39.608818054199219,1568.8583984375,1548.1724853515625,1595.693115234375,1699.912841796875,-18.849752426147461,0
1.232,7273.12646484375,-48.570789337158203,2359.121826171875,1595.095703125,1644.0677490234375,1699.912841796875,-18.687616348266602,0
1.236,6316.90087890625,-56.415729522705078,3182.734375,1657.810302734375,1708.7216796875,1708.7216796875,-18.529424667358398,0
1.24,6777.19140625,-62.993022918701172,3968.12060546875,1735.6314697265625,1788.9498291015625,1708.7216796875,-18.291936874389648,0
1.244,7748.96240234375,-68.186141967773438,4649.35009765625,1826.8427734375,1882.982177734375,1708.7216796875,-17.925638198852539,0
1.248,7420.99365234375,-71.914894104003906,5171.75244140625,1928.7027587890625,1987.9925537109375,1708.7216796875,-17.471883773803711,0
1.252,6388.06884765625,-74.136558532714844,5496.2294921875,2037.5716552734375,2100.22802734375,1708.7216796875,-17.026159286499023,0
1.256,6637.88427734375,-74.845993041992188,5601.92333984375,2149.158935546875,2215.266845703125,1708.7216796875,-16.646511077880859,0
1.26,7645.15478515625,-74.074813842773438,5487.078125,2258.854248046875,2328.354736328125,1708.7216796875,-16.329824447631836,0
1.264,7540.29833984375,-71.889427185058594,5168.08984375,2362.11669921875,2434.810546875,1708.7216796875,-16.046981811523438,0
1.268,6526.94775390625,-68.388328552246094,4676.96337890625,2454.872314453125,2530.43505859375,1708.7216796875,-15.79621410369873,0
1.272,6510.01953125,-63.698505401611328,4057.49951171875,2533.87646484375,2611.8828125,1708.7216796875,-15.639712333679199,0
1.276,7491.1357421875,-57.971210479736328,3360.661376953125,2597.008544921875,2676.967529296875,2676.967529296875,-15.611180305480957,0
1.28,7654.59619140625,-51.377105712890625,2639.60693359375,2643.448486328125,2724.84375,2676.967529296875,-15.586919784545898,0
1.284,6714.9169921875,-44.101226806640625,1944.9183349609375,2673.73046875,2756.06201171875,2676.967529296875,-15.392087936401367,0
1.288,6418.87255859375,-36.337505340576172,1320.4144287109375,2689.651123046875,2772.475341796875,2676.967529296875,-15.013107299804688,0
1.292,7306.95849609375,-28.283382415771484,799.94970703125,2694.041015625,2777.001220703125,2676.967529296875,-14.580288887023926,0
1.296,7728.29150390625,-20.134454727172852,405.396240234375,2690.432861328125,2773.28125,2676.967529296875,-14.20124340057373,0
1.3,6928.4443359375,-12.079363822937012,145.9110107421875,2682.637451171875,2765.244873046875,2676.967529296875,-13.880108833312988,0
1.304,6379.31884765625,-4.2950806617736816,18.447717666625977,2674.297607421875,2756.646484375,2676.967529296875,-13.532514572143555,0
1.308,7107.09130859375,3.0573189258575439,9.347198486328125,2668.450439453125,2750.61865234375,2676.967529296875,-13.064129829406738,0
1.312,7768.53662109375,9.8362150192260742,96.751136779785156,2667.16162109375,2749.290283203125,2753.52685546875,-12.47962760925293,0
1.316,7137.8232421875,15.922338485717773,253.52084350585938,2671.271484375,2753.52685546875,2753.52685546875,-11.886075019836426,0
1.32,6403.44677734375,21.220932006835938,450.32797241210938,2680.27734375,2762.811767578125,2753.52685546875,-11.378005981445312,0
1.324,6928.8974609375,25.663125991821289,658.59600830078125,2692.376220703125,2775.28466796875,2753.52685546875,-10.982847213745117,0
1.328,7728.8154296875,29.206521987915039,853.0208740234375,2704.65576171875,2787.944091796875,2753.52685546875,-10.704055786132812,0
1.332,7331.41943359375,31.835000991821289,1013.46728515625,2713.420654296875,2796.97998046875,2753.52685546875,-10.532376289367676,0
1.336,6454.77880859375,33.557819366455078,1126.1273193359375,2714.60693359375,2798.20263671875,2753.52685546875,-10.411654472351074,0
1.34,6785.10791015625,34.407981872558594,1183.9091796875,2704.26123046875,2787.537109375,2753.52685546875,-10.247883796691895,0
1.344,7650.5185546875,34.439990997314453,1186.113037109375,2679.012451171875,2761.50732421875,2573.90576171875,-9.9682645797729492,0
1.348,7461.6435546875,33.727020263671875,1137.51171875,2636.495361328125,2717.67529296875,2573.90576171875,-9.5657501220703125,0
1.352,6588.76953125,32.357738494873047,1047.023193359375,2575.67578125,2654.974609375,2573.90576171875,-9.0921964645385742,0
1.356,6715.29833984375,30.432794570922852,926.15496826171875,2497.0390625,2573.90576171875,2573.90576171875,-8.6235179901123047,0
1.36,7534.74365234375,28.061197280883789,787.43084716796875,2402.61474609375,2476.561767578125,2573.90576171875,-8.2327938079833984,0
1.364,7524.7763671875,25.356607437133789,642.95751953125,2295.839111328125,2366.483642578125,2573.90576171875,-7.9618444442749023,0
1.368,6578.49365234375,22.433736801147461,503.27255249023438,2181.26513671875,2248.365966796875,2573.90576171875,-7.7907090187072754,0
1.372,6509.42431640625,19.404901504516602,376.55020141601562,2064.157470703125,2127.63623046875,2573.90576171875,-7.6434593200683594,0
1.376,7457.13818359375,16.376705169677734,268.19647216796875,1949.9984130859375,2009.9466552734375,2573.90576171875,-7.4288063049316406,0
1.38,7619.09521484375,13.446882247924805,180.81864929199219,1843.9798583984375,1900.649169921875,1618.25390625,-7.0750784873962402,0
1.384,6701.18359375,10.701316833496094,114.51817321777344,1750.5133056640625,1804.2919921875,1618.25390625,-6.5584397315979004,0
1.388,6415.67822265625,8.211644172668457,67.43109130859375,1672.818359375,1724.194091796875,1618.25390625,-5.9346084594726562,0
1.392,7300.99755859375,6.0336675643920898,36.405143737792969,1612.6314697265625,1662.1458740234375,1618.25390625,-5.3201103210449219,0
1.396,7708.859375,4.2066903114318848,17.696243286132812,1570.056396484375,1618.25390625,1618.25390625,-4.8107795715332031,0
1.4,6900.5966796875,2.7535750865936279,7.5821752548217773,1543.5775146484375,1590.9560546875,1618.25390625,-4.4441924095153809,0
1.404,6363.9404296875,1.6813894510269165,2.8270702362060547,1530.224365234375,1577.1900634765625,1618.25390625,-4.2280759811401367,0
1.408,7080.79443359375,0.98252123594284058,0.96534806489944458,1525.873046875,1572.7041015625,1618.25390625,-4.1350784301757812,0
1.412,7696.05712890625,0.63619840145111084,0.40474838018417358,1525.6484375,1572.472412109375,1618.25390625,-4.0772185325622559,0
1.416,7049.87109375,0.61024028062820435,0.37239322066307068,1524.387451171875,1571.1724853515625,1618.25390625,-3.9375102519989014,0
1.42,6279.58837890625,0.86289012432098389,0.74457931518554688,1517.1165771484375,1563.6767578125,1618.25390625,-3.6276619434356689,0
1.424,6933.4990234375,1.344684362411499,1.8081760406494141,1499.4976806640625,1545.5130615234375,1618.25390625,-3.1403801441192627,0
1.428,7760.69287109375,2.0003764629364014,4.0015058517456055,1468.2005615234375,1513.247802734375,1618.25390625,-2.5959067344665527,0
1.432,7206.77490234375,2.7709357738494873,7.6780843734741211,1421.171630859375,1464.764404296875,1399.4075927734375,-2.1927032470703125,0
1.436,6265.76025390625,3.5956363677978516,12.928601264953613,1357.775390625,1399.4075927734375,1399.4075927734375,-2.0505061149597168,0
1.44,6761.05078125,4.4142599105834961,19.485692977905273,1278.802734375,1317.9925537109375,1399.4075927734375,-2.1317622661590576,0
1.444,7716.32275390625,5.1693625450134277,26.722311019897461,1186.3502197265625,1222.680419921875,1399.4075927734375,-2.2852363586425781,0
1.448,7361.03125,5.8083839416503906,33.737323760986328,1083.58984375,1116.741943359375,1399.4075927734375,-2.3044390678405762,0
1.452,6331.58740234375,6.2853918075561523,39.506153106689453,974.4554443359375,1004.2322998046875,1399.4075927734375,-2.0394222736358643,0
1.456,6608.796875,6.5623793601989746,43.0648193359375,863.2781982421875,889.6165771484375,1399.4075927734375,-1.5135523080825806,0
1.46,7616.59228515625,6.6101851463317871,43.694549560546875,754.4105224609375,777.3818359375,1399.4075927734375,-0.88438862562179565,0
1.464,7487.4638671875,6.4090943336486816,41.076488494873047,651.87030029296875,671.6702880859375,1399.4075927734375,-0.3228766918182373,0
1.468,6453.72900390625,5.9490981101989746,35.391773223876953,559.03887939453125,575.96795654296875,1399.4075927734375,0.065790891647338867,0
1.472,6476.3076171875,5.2298340797424316,27.351161956787109,478.43594360351562,492.8720703125,1399.4075927734375,0.28749465942382812,0
1.476,7469.79833984375,4.2602438926696777,18.149679183959961,411.585693359375,423.95428466796875,423.95428466796875,0.43558827042579651,0
1.48,7589.2451171875,3.0579860210418701,9.3512783050537109,358.98062133789062,369.72225952148438,423.95428466796875,0.59540891647338867,0
1.484,6621.4091796875,1.6485888957977295,2.7178454399108887,320.13656616210938,329.67684936523438,423.95428466796875,0.79110938310623169,0
1.488,6368.92431640625,0.064378261566162109,0.0041445605456829071,293.72836303710938,302.45184326171875,423.95428466796875,1.0183343887329102,0
1.492,7299.5185546875,-1.6567856073379517,2.7449386119842529,277.78427124023438,286.0146484375,423.95428466796875,1.2809829711914062,0
1.496,7675.26708984375,-3.4728813171386719,12.060903549194336,269.91757202148438,277.90469360351562,423.95428466796875,1.5844476222991943,0
1.5,6793.2373046875,-5.3391532897949219,28.506557464599609,267.56948852539062,275.48397827148438,423.95428466796875,1.9191856384277344,0
1.504,6272.2451171875,-7.2095441818237305,51.977527618408203,268.24008178710938,276.17529296875,423.95428466796875,2.2576186656951904,0
1.508,7106.51953125,-9.038121223449707,81.687644958496094,269.68692016601562,277.66690063476562,276.00869750976562,2.5689747333526611,0
1.512,7727.7421875,-10.780448913574219,116.21807861328125,270.076171875,278.06820678710938,276.00869750976562,2.8431708812713623,0
1.516,7006.59765625,-12.394879341125488,153.63302612304688,268.07846069335938,276.00869750976562,276.00869750976562,3.0894961357116699,0
1.52,6250.31103515625,-13.843694686889648,191.64790344238281,262.90487670898438,270.67514038085938,276.00869750976562,3.3164169788360596,0
1.524,6908.75146484375,-15.094100952148438,227.83187866210938,254.28959655761719,261.79336547851562,276.00869750976562,3.5169041156768799,0
1.528,7705.47509765625,-16.118968963623047,259.82119750976562,242.42558288574219,249.56245422363281,276.00869750976562,3.6638801097869873,0
1.532,7216.1201171875,-16.897319793701172,285.51943969726562,227.86662292480469,234.55319213867188,276.00869750976562,3.7258155345916748,0
1.536,6334.4482421875,-17.414590835571289,303.26797485351562,211.409423828125,217.58700561523438,276.00869750976562,3.6957480907440186,0
1.54,6749.9638671875,-17.662685394287109,311.970458984375,193.97065734863281,199.60893249511719,276.00869750976562,3.6121044158935547,0
1.544,7669.8779296875,-17.639959335327148,311.16815185546875,176.47177124023438,181.56881713867188,276.00869750976562,3.5474066734313965,0
1.548,7349.27734375,-17.350872039794922,301.052734375,159.74259948730469,164.322265625,276.00869750976562,3.5659060478210449,0
1.552,6351.82958984375,-16.8055419921875,282.42620849609375,144.45065307617188,148.557373046875,276.00869750976562,3.6850616931915283,0
1.556,6600.61865234375,-16.019083023071289,256.61102294921875,131.05976867675781,134.7523193359375,134.7523193359375,3.8641045093536377,0
1.56,7600.92822265625,-15.010998725891113,225.330078125,119.8177490234375,123.16262054443359,134.7523193359375,4.0428342819213867,0
1.564,7449.1982421875,-13.804661750793457,190.56867980957031,110.76998138427734,113.83502197265625,134.7523193359375,4.1997146606445312,0
1.568,6427.59912109375,-12.42674732208252,154.42404174804688,103.79300689697266,106.64227294921875,134.7523193359375,4.3495407104492188,0
1.572,6462.38427734375,-10.90662670135498,118.95450592041016,98.641090393066406,101.33101654052734,134.7523193359375,4.5132589340209961,0
1.576,7446.55224609375,-9.2756576538085938,86.037826538085938,94.997909545898438,97.575157165527344,134.7523193359375,4.7137107849121094,0
1.58,7562.23291015625,-7.566408634185791,57.250537872314453,92.52655029296875,95.027366638183594,134.7523193359375,4.9614043235778809,0
1.584,6602.26416015625,-5.8118324279785156,33.777397155761719,90.9117431640625,93.36260986328125,134.7523193359375,5.2376441955566406,0
1.588,6356.859375,-4.0444145202636719,16.357290267944336,89.8902587890625,92.309547424316406,134.7523193359375,5.5021390914916992,0
1.592,7286.26318359375,-2.2953104972839355,5.2684502601623535,89.267539978027344,91.667564392089844,134.7523193359375,5.7052140235900879,0
1.596,7645.8935546875,-0.5934985876083374,0.35224056243896484,88.920654296875,91.3099365234375,91.3099365234375,5.8106675148010254,0
1.6,6759.1669921875,1.0350173711776733,1.0712610483169556,88.790443420410156,91.175704956054688,91.3099365234375,5.8298516273498535,0
1.604,6260.2998046875,2.5679008960723877,6.5941147804260254,88.865768432617188,91.25335693359375,91.3099365234375,5.8257322311401367,0
1.608,7095.12353515625,3.9869918823242188,15.896102905273438,89.164390563964844,91.56121826171875,91.3099365234375,5.8684029579162598,0
1.612,7702.47021484375,5.2785797119140625,27.8634033203125,89.71356201171875,92.12738037109375,91.3099365234375,5.9754056930541992,0
1.616,6953.00146484375,6.4334402084350586,41.389152526855469,90.533897399902344,92.97308349609375,91.3099365234375,6.099970817565918,0
1.62,6210.8515625,7.4466934204101562,55.453239440917969,91.628074645996094,94.101112365722656,91.3099365234375,6.1875700950622559,0
1.624,6900.8115234375,8.3175182342529297,69.181114196777344,92.97552490234375,95.490219116210938,91.3099365234375,6.234036922454834,0
1.628,7717.44384765625,9.0487947463989258,81.88067626953125,94.533119201660156,97.095993041992188,91.3099365234375,6.2760725021362305,0
1.632,7137.03759765625,9.6466751098632812,93.058334350585938,96.240707397460938,98.85638427734375,91.3099365234375,6.3433051109313965,0
1.636,6202.14990234375,10.120109558105469,102.41661071777344,98.030479431152344,100.70152282714844,100.70152282714844,6.4426512718200684,0
1.64,6728.6015625,10.480268478393555,109.83603668212891,99.837486267089844,102.56441497802734,100.70152282714844,6.5625357627868652,0
1.644,7685.11328125,10.73991870880127,115.34586334228516,101.60996246337891,104.39170837402344,100.70152282714844,6.6598548889160156,0
1.648,7289.10009765625,10.91273021697998,119.08768463134766,103.31695556640625,106.1514892578125,100.70152282714844,6.6722869873046875,0
1.652,6258.98828125,11.012603759765625,121.27744293212891,104.952392578125,107.83750915527344,100.70152282714844,6.5716171264648438,0
1.656,6578.3984375,11.052999496459961,122.16880035400391,106.53446960449219,109.46852874755859,100.70152282714844,6.3888869285583496,0
1.66,7596.23046875,11.046310424804688,122.02097320556641,108.10099792480469,111.08349609375,100.70152282714844,6.1908202171325684,0
1.664,7416.9873046875,11.003316879272461,121.07298278808594,109.700927734375,112.73291015625,100.70152282714844,6.0468854904174805,0
1.668,6376.6005859375,10.932744026184082,119.52488708496094,111.38359069824219,114.46761322021484,100.70152282714844,5.9993195533752441,0
1.672,6447.3154296875,10.840914726257324,117.52542877197266,113.18707275390625,116.32688140869141,100.70152282714844,6.0434865951538086,0
1.676,7458.13916015625,10.731542587280273,115.16600036621094,115.12740325927734,118.32720947265625,118.32720947265625,6.1349639892578125,0
1.68,7534.6474609375,10.60560417175293,112.47884368896484,117.18994140625,120.45353698730469,118.32720947265625,6.2271003723144531,0
1.684,6530.83447265625,10.46135425567627,109.43992614746094,119.32438659667969,122.65399169921875,118.32720947265625,6.2971563339233398,0
1.688,6336.1171875,10.294461250305176,105.97592926025391,121.44383239746094,124.8389892578125,118.32720947265625,6.3268651962280273,0
1.692,7291.29443359375,10.098278999328613,101.97524261474609,123.42844390869141,126.88498687744141,118.32720947265625,6.3164472579956055,0
1.696,7620.59765625,9.8641738891601562,97.301925659179688,125.13326263427734,128.64253234863281,118.32720947265625,6.3241004943847656,0
1.7,6715.36962890625,9.5819759368896484,91.814254760742188,126.3994140625,129.94784545898438,118.32720947265625,6.4005889892578125,0
1.704,6247.1630859375,9.2404861450195312,85.386581420898438,127.06758880615234,130.63668823242188,118.32720947265625,6.5114340782165527,0
1.708,7105.04150390625,8.828033447265625,77.934181213378906,126.99253082275391,130.55929565429688,118.32720947265625,6.5888457298278809,0
1.712,7687.97509765625,8.3330764770507812,69.440162658691406,126.05696868896484,129.59480285644531,118.32720947265625,6.6070280075073242,0
1.716,6924.67724609375,7.7447891235351562,59.981761932373047,124.18393707275391,127.66385650634766,127.66385650634766,6.591273307800293,0
1.72,6191.9453125,7.0536637306213379,49.754173278808594,121.34605407714844,124.73819732666016,127.66385650634766,6.5818290710449219,0
1.724,6918.24072265625,6.252100944519043,39.088768005371094,117.57120513916016,120.84659576416016,127.66385650634766,6.5683698654174805,0
1.728,7713.03271484375,5.3349523544311523,28.461715698242188,112.94401550292969,116.0762939453125,127.66385650634766,6.4773712158203125,0
1.732,7116.79541015625,4.3000059127807617,18.49005126953125,107.60343170166016,110.57054138183594,127.66385650634766,6.2500791549682617,0
1.736,6199.19384765625,3.1483757495880127,9.9122695922851562,101.73631286621094,104.52195739746094,127.66385650634766,5.9067292213439941,0
1.74,6744.74365234375,1.8847663402557373,3.5523440837860107,95.567955017089844,98.162826538085938,127.66385650634766,5.5483260154724121,0
1.744,7696.62890625,0.51761740446090698,0.26792779564857483,89.349952697753906,91.752525329589844,127.66385650634766,5.3117551803588867,0
1.748,7288.4560546875,-0.94087731838226318,0.88525009155273438,83.346595764160156,85.563499450683594,127.66385650634766,5.274409294128418,0
1.752,6257.41552734375,-2.4748637676239014,6.1249504089355469,77.820579528808594,79.866561889648438,127.66385650634766,5.3943214416503906,0
1.756,6600.4755859375,-4.0650396347045898,16.524547576904297,73.018836975097656,74.91632080078125,74.91632080078125,5.5669164657592773,0
1.76,7627.41650390625,-5.6889824867248535,32.364521026611328,69.159530639648438,70.937660217285156,74.91632080078125,5.7026700973510742,0
1.764,7436.82421875,-7.3215889930725098,53.605670928955078,66.420265197753906,68.113670349121094,74.91632080078125,5.7383904457092285,0
1.768,6390,-8.9356107711791992,79.845138549804688,64.928688049316406,66.575965881347656,74.91632080078125,5.6430487632751465,0
1.772,6481.8623046875,-10.502279281616211,110.29787445068359,64.75555419921875,66.397483825683594,74.91632080078125,5.4335775375366211,0
1.776,7502.67578125,-11.991973876953125,143.80744934082031,65.91094970703125,67.588607788085938,74.91632080078125,5.1532659530639648,0
1.78,7561.51806640625,-13.37494945526123,178.88925170898438,68.343727111816406,70.09661865234375,74.91632080078125,4.851839542388916,0
1.784,6559.4912109375,-14.622062683105469,213.80473327636719,71.944259643554688,73.808509826660156,74.91632080078125,4.5943899154663086,0
1.788,6373.47802734375,-15.705538749694824,246.6639404296875,76.550399780273438,78.557106018066406,74.91632080078125,4.4565649032592773,0
1.792,7356.9296875,-16.599697113037109,275.54995727539062,81.956031799316406,84.129928588867188,74.91632080078125,4.4758644104003906,0
1.796,7673.57421875,-17.281713485717773,298.65762329101562,87.922142028808594,90.280555725097656,90.280555725097656,4.5958037376403809,0
1.8,6742.64453125,-17.732250213623047,314.43270874023438,94.189369201660156,96.741615295410156,90.280555725097656,4.7083959579467773,0
1.804,6292.22509765625,-17.936111450195312,321.7041015625,100.49156188964844,103.23870849609375,90.280555725097656,4.7491316795349121,0
1.808,7188.4873046875,-17.882671356201172,319.78994750976562,106.56944274902344,109.50457763671875,90.280555725097656,4.6888418197631836,0
1.812,7753.82568359375,-17.566238403320312,308.57269287109375,112.18363189697266,115.29239654541016,90.280555725097656,4.4997901916503906,0
1.816,6956.26806640625,-16.986309051513672,288.53466796875,117.12654876708984,120.38818359375,90.280555725097656,4.2098898887634277,0
1.82,6240.60693359375,-16.147674560546875,260.74740600585938,121.232421875,124.62105560302734,90.280555725097656,3.9288780689239502,0
1.824,7002.8310546875,-15.060386657714844,226.81526184082031,124.38510894775391,127.87125396728516,90.280555725097656,3.7662405967712402,0
1.828,7794.28515625,-13.739590644836426,188.77633666992188,126.52303314208984,130.07528686523438,90.280555725097656,3.7441985607147217,0
1.832,7154.51318359375,-12.20521354675293,148.96723937988281,127.64119720458984,131.22802734375,131.38156127929688,3.7934672832489014,0
1.836,6245.20849609375,-10.481564521789551,109.86319732666016,127.79013824462891,131.38156127929688,131.38156127929688,3.8188743591308594,0
1.84,6830.47802734375,-8.5968227386474609,73.905372619628906,127.07151794433594,130.64071655273438,131.38156127929688,3.7852389812469482,0
1.844,7773.4951171875,-6.5824570655822754,43.3287353515625,125.63118743896484,129.15585327148438,131.38156127929688,3.7334232330322266,0
1.848,7325.00634765625,-4.4725151062011719,20.003393173217773,123.64949798583984,127.11287689208984,131.38156127929688,3.6895523071289062,0
1.852,6295.25244140625,-2.3028964996337891,5.3033323287963867,121.33000183105469,124.72164154052734,131.38156127929688,3.5997765064239502,0
1.856,6668.1630859375,-0.11056073755025864,0.012223675847053528,118.88687896728516,122.20296478271484,131.38156127929688,3.3937575817108154,0
1.86,7699.99072265625,2.0672621726989746,4.2735733985900879,116.53192138671875,119.77516937255859,131.38156127929688,3.0809319019317627,0
1.864,7466.19775390625,4.1938614845275879,17.588476181030273,114.46224212646484,117.6414794921875,131.38156127929688,2.7555084228515625,0
1.868,6405.71240234375,6.2338018417358398,38.860282897949219,112.84893798828125,115.978271484375,131.38156127929688,2.5229957103729248,0
1.872,6536.484375,8.1536540985107422,66.482078552246094,111.82808685302734,114.92586517333984,131.38156127929688,2.4358081817626953,0
1.876,7561.73193359375,9.9226760864257812,98.459510803222656,111.49394226074219,114.58138275146484,114.58138275146484,2.4810359477996826,0
1.88,7576.51416015625,11.513453483581543,132.55961608886719,111.89556884765625,114.99542236328125,114.58138275146484,2.5985641479492188,0
1.884,6560.4208984375,12.902445793151855,166.47311401367188,113.03623199462891,116.17136383056641,114.58138275146484,2.6975033283233643,0
1.888,6418.5625,14.070452690124512,197.97763061523438,114.87626647949219,118.06829833984375,114.58138275146484,2.6828932762145996,0
1.892,7399.17822265625,15.002958297729492,225.0887451171875,117.33853912353516,120.60673522949219,114.58138275146484,2.5087635517120361,0
1.896,7674.83837890625,15.690342903137207,246.18685913085938,120.31622314453125,123.676513671875,114.58138275146484,2.2285361289978027,0
1.9,6748.98681640625,16.127965927124023,260.11126708984375,123.68217468261719,127.14656829833984,114.58138275146484,1.9926328659057617,0
1.904,6328.75,16.316156387329102,266.21694946289062,127.29878997802734,130.87504577636719,114.58138275146484,1.9422096014022827,0
1.908,7205.39208984375,16.260122299194336,264.39154052734375,131.02792358398438,134.719482421875,114.58138275146484,2.0723750591278076,0
1.912,7735.7060546875,15.969708442687988,255.03158569335938,134.73974609375,138.54611206054688,114.58138275146484,2.2418467998504639,0
1.916,6942.10546875,15.459098815917969,238.98373413085938,138.31979370117188,142.23689270019531,142.23689270019531,2.3011405467987061,0
1.92,6250.8349609375,14.746365547180176,217.45529174804688,141.67379760742188,145.69462585449219,142.23689270019531,2.1661300659179688,0
1.924,6988.71728515625,13.852910041809082,191.90312194824219,144.7301025390625,148.845458984375,142.23689270019531,1.8405174016952515,0
1.928,7737.66162109375,12.802818298339844,163.91215515136719,147.43913269042969,151.63827514648438,142.23689270019531,1.4533882141113281,0
1.932,7191.65869140625,11.622134208679199,135.07402038574219,149.77079772949219,154.04206848144531,142.23689270019531,1.2090896368026733,0
1.936,6618.8818359375,10.338093757629395,106.87618255615234,151.71005249023438,156.041259765625,142.23689270019531,1.2086395025253296,0
1.94,7076.5732421875,8.9784088134765625,80.61181640625,153.25126647949219,157.63017272949219,142.23689270019531,1.3545894622802734,0
1.944,7685.5185546875,7.57080078125,57.317028045654297,154.39225769042969,158.80644226074219,142.23689270019531,1.4659726619720459,0
1.948,7358.2412109375,6.1429314613342285,37.735607147216797,155.12924194335938,159.56623840332031,142.23689270019531,1.4376637935638428,0
1.952,6738.2578125,4.7226958274841309,22.303857803344727,155.45283508300781,159.89982604980469,159.78890991210938,1.2675437927246094,0
1.956,6957.6982421875,3.3384807109832764,11.145452499389648,155.34526062011719,159.78890991210938,159.78890991210938,1.0035295486450195,0
1.96,7614.68505859375,2.0188491344451904,4.0757513046264648,154.77946472167969,159.20564270019531,159.78890991210938,0.72079020738601685,0
1.964,7433.72509765625,0.79146754741668701,0.62642085552215576,153.71989440917969,158.11328125,159.78890991210938,0.50087958574295044,0
1.968,6754.18359375,-0.31853073835372925,0.10146182775497437,152.125,156.46907043457031,159.78890991210938,0.38929000496864319,0
1.972,6945.15771484375,-1.2903751134872437,1.6650680303573608,149.95236206054688,154.22921752929688,159.78890991210938,0.37086838483810425,0
1.976,7599.28271484375,-2.1093478202819824,4.4493484497070312,147.16520690917969,151.35588073730469,159.78890991210938,0.36734867095947266,0
1.98,7514.81103515625,-2.7681059837341309,7.6624107360839844,143.74067687988281,147.825439453125,159.78890991210938,0.27738538384437561,0
1.984,6827.02099609375,-3.2674040794372559,10.675929069519043,139.67807006835938,143.63717651367188,127.60319519042969,0.065875567495822906,0
1.988,6812.8349609375,-3.6161074638366699,13.07623291015625,135.00631713867188,138.8209228515625,127.60319519042969,-0.18815012276172638,0
1.992,7471.49072265625,-3.8305733203887939,14.67329216003418,129.78878784179688,133.44206237792969,127.60319519042969,-0.35704979300498962,0
1.996,7552.93359375,-3.9336750507354736,15.473798751831055,124.12510681152344,127.60319519042969,127.60319519042969,-0.38841733336448669,0
2,6874.68115234375,-3.9537310600280762,15.631988525390625,118.14909362792969,121.44235992431641,127.60319519042969,-0.34198275208473206,0
2.004,6601.02490234375,-3.9233927726745605,15.393011093139648,112.02287292480469,115.12667083740234,127.60319519042969,-0.28622213006019592,0
2.008,7226.0380859375,-3.8784148693084717,15.042101860046387,105.92791748046875,108.84320068359375,127.60319519042969,-0.21970292925834656,0
2.012,7540.32177734375,-3.8562674522399902,14.87079906463623,100.05387878417969,102.78749847412109,127.60319519042969,-0.12750764191150665,0
2.016,7007.07421875,-3.8946571350097656,15.168354988098145,94.586570739746094,97.151100158691406,127.60319519042969,-0.042137019336223602,0
2.02,6582.5224609375,-4.0299949645996094,16.240859985351562,89.696434020996094,92.109718322753906,127.60319519042969,-0.0095163015648722649,0
2.024,7113.26708984375,-4.2957367897033691,18.453353881835938,85.529197692871094,87.8135986328125,127.60319519042969,-0.031979192048311234,0
2.028,7582.0927734375,-4.7204575538635254,22.282720565795898,82.199317932128906,84.3807373046875,127.60319519042969,-0.078816689550876617,0
2.032,7117.60546875,-5.3257155418395996,28.363246917724609,79.7872314453125,81.89404296875,127.60319519042969,-0.14782924950122833,0
2.036,6528.90234375,-6.1239423751831055,37.502674102783203,78.34002685546875,80.402084350585938,80.402084350585938,-0.27813506126403809,0
2.04,6949.47265625,-7.1166243553161621,50.646343231201172,77.874855041503906,79.922523498535156,80.402084350585938,-0.48727616667747498,0
2.044,7560.54052734375,-8.293004035949707,68.773910522460938,78.383750915527344,80.447166442871094,80.402084350585938,-0.71996009349822998,0
2.048,7216.93115234375,-9.6295289993286133,92.727828979492188,79.838241577148438,81.946640014648438,80.402084350585938,-0.87526309490203857,0
2.052,6439.13818359375,-11.090139389038086,122.99118804931641,82.191993713378906,84.373191833496094,80.402084350585938,-0.89487981796264648,0
2.056,6697.84619140625,-12.627362251281738,159.45027160644531,85.380760192871094,87.660568237304688,80.402084350585938,-0.82748240232467651,0
2.06,7469.36865234375,-14.183965682983398,201.18489074707031,89.318992614746094,91.720603942871094,80.402084350585938,-0.78359973430633545,0
2.064,7300.8544921875,-15.695116996765137,246.33671569824219,93.893959045410156,96.437057495117188,80.402084350585938,-0.8313477635383606,0
2.068,6478.50146484375,-17.090906143188477,292.09906005859375,98.958724975585938,101.65847015380859,80.402084350585938,-0.94471186399459839,0
2.072,6570.5068359375,-18.299234390258789,334.86196899414062,104.32633209228516,107.19207763671875,112.80141448974609,-1.0303571224212646,0
2.076,7357.2880859375,-19.248682022094727,370.51171875,109.76737213134766,112.80141448974609,112.80141448974609,-1.0158860683441162,0
2.08,7374.3349609375,-19.871196746826172,394.86444091796875,115.01346588134766,118.20975494384766,112.80141448974609,-0.91623342037200928,0
2.084,6614.61474609375,-20.104574203491211,404.19393920898438,119.76786804199219,123.11119079589844,112.80141448974609,-0.80218160152435303,0
2.088,6504.34521484375,-19.894725799560547,395.80014038085938,123.72432708740234,127.19002532958984,112.80141448974609,-0.73645097017288208,0
2.092,7236.3623046875,-19.197769165039062,368.55435180664062,126.59365081787109,130.1480712890625,112.80141448974609,-0.74418246746063232,0
2.096,7440.99609375,-17.981817245483398,323.34579467773438,128.13681030273438,131.73896789550781,112.80141448974609,-0.81184244155883789,0
2.1,6728.0771484375,-16.228460311889648,263.36294555664062,128.20185852050781,131.8060302734375,112.80141448974609,-0.90924072265625,0
2.104,6395.9599609375,-13.933990478515625,194.15609741210938,126.76064300537109,130.32023620605469,112.80141448974609,-1.0160853862762451,0
2.108,7067.7763671875,-11.110267639160156,123.43804931640625,123.94156646728516,127.41397857666016,112.80141448974609,-1.1303367614746094,0
2.112,7476.1630859375,-7.7852859497070312,60.610675811767578,120.05314636230469,123.40529632568359,112.80141448974609,-1.2569907903671265,0
2.116,6884.6708984375,-4.0033559799194336,16.026861190795898,115.59401702880859,118.80826568603516,118.80826568603516,-1.3748811483383179,0
2.12,6371.2841796875,0.17514297366142273,0.030675062909722328,111.24552154541016,114.32527923583984,118.80826568603516,-1.435114860534668,0
2.124,6933.90478515625,4.6745214462280273,21.851150512695312,107.844482421875,110.81905364990234,118.80826568603516,-1.4242944717407227,0
2.128,7493.16259765625,9.405125617980957,88.456398010253906,106.33536529541016,109.26326751708984,118.80826568603516,-1.3798377513885498,0
2.132,7025.48046875,14.265304565429688,203.4989013671875,107.703857421875,110.674072265625,118.80826568603516,-1.3364864587783813,0
2.136,6340.6708984375,19.143917083740234,366.48959350585938,112.89614105224609,116.02693939208984,118.80826568603516,-1.3105281591415405,0
2.14,6757.8076171875,23.923229217529297,572.32098388671875,122.73032379150391,126.16526794433594,118.80826568603516,-1.314444899559021,0
2.144,7484.8896484375,28.482030868530273,811.22607421875,137.8084716796875,141.70976257324219,118.80826568603516,-1.3581075668334961,0
2.148,7152.7958984375,32.698841094970703,1069.2142333984375,158.43806457519531,162.97737121582031,118.80826568603516,-1.4454761743545532,0
2.152,6349.15869140625,36.455150604248047,1328.9781494140625,184.571533203125,189.91911315917969,222.08561706542969,-1.5783828496932983,0
2.156,6630.27880859375,39.63861083984375,1571.219482421875,215.77304077148438,222.08561706542969,222.08561706542969,-1.7463022470474243,0
2.16,7420.56494140625,42.146209716796875,1776.3031005859375,251.21757507324219,258.62637329101562,222.08561706542969,-1.8996528387069702,0
2.164,7250.5,43.887260437011719,1926.091552734375,289.72689819335938,298.32666015625,222.08561706542969,-1.9769710302352905,0
2.168,6427.19384765625,44.786273956298828,2005.810302734375,329.841064453125,339.68148803710938,222.08561706542969,-1.9642801284790039,0
2.172,6527.32958984375,44.785480499267578,2005.7392578125,369.92254638671875,381.00259399414062,222.08561706542969,-1.8939346075057983,0
2.176,7312.27490234375,43.847007751464844,1922.5601806640625,408.28475952148438,420.55126953125,222.08561706542969,-1.8028475046157837,0
2.18,7324.45703125,41.954509735107422,1760.1810302734375,443.33514404296875,456.68569946289062,222.08561706542969,-1.7192065715789795,0
2.184,6504.6552734375,39.11419677734375,1529.9205322265625,473.72006225585938,488.01034545898438,222.08561706542969,-1.6792011260986328,0
2.188,6379.4375,35.355426788330078,1250.0062255859375,498.45864868164062,513.5140380859375,222.08561706542969,-1.7118066549301147,0
2.192,7167.86474609375,30.730493545532227,944.3631591796875,517.05242919921875,532.68292236328125,545.57598876953125,-1.8003756999969482,0
2.196,7398.7724609375,25.313812255859375,640.7890625,529.55877685546875,545.57598876953125,545.57598876953125,-1.8938796520233154,0
2.2,6643.72509765625,19.200418472290039,368.65609741210938,536.619140625,552.85479736328125,545.57598876953125,-1.947864294052124,0
2.204,6297.97021484375,12.503911018371582,156.3477783203125,539.43829345703125,555.7611083984375,545.57598876953125,-1.9424375295639038,0
2.208,7009.9833984375,5.3539900779724121,28.665206909179688,539.71075439453125,556.0419921875,545.57598876953125,-1.8895061016082764,0
2.212,7443.14306640625,-2.1064083576202393,4.4369568824768066,539.50213623046875,555.82696533203125,545.57598876953125,-1.8354917764663696,0
2.216,6806.75537109375,-9.7242412567138672,94.560874938964844,541.09002685546875,557.4638671875,545.57598876953125,-1.8215929269790649,0
2.22,6259.91943359375,-17.339736938476562,300.66644287109375,546.77850341796875,563.32830810546875,545.57598876953125,-1.8236221075057983,0
2.224,6851.22119140625,-24.789968490600586,614.54248046875,558.7001953125,575.61865234375,545.57598876953125,-1.7648121118545532,0
2.228,7450.62890625,-31.912612915039062,1018.4148559570312,578.62286376953125,596.15753173828125,545.57598876953125,-1.6042188405990601,0
2.232,6970.00146484375,-38.549797058105469,1486.0869140625,607.77734375,626.21368408203125,666.36553955078125,-1.3935184478759766,0
2.236,6301.1171875,-44.551872253417969,1984.869140625,646.724609375,666.36553955078125,666.36553955078125,-1.2310396432876587,0
2.24,6732.6552734375,-49.781028747558594,2478.151123046875,695.2747802734375,716.41729736328125,666.36553955078125,-1.1786823272705078,0
2.244,7427.21630859375,-54.114707946777344,2928.401611328125,752.46728515625,775.37860107421875,666.36553955078125,-1.2494373321533203,0
2.248,7095.4560546875,-57.448638916015625,3300.346435546875,816.61962890625,841.5150146484375,666.36553955078125,-1.4335619211196899,0
2.252,6311.56005859375,-59.699382781982422,3564.016357421875,885.44024658203125,912.46417236328125,666.36553955078125,-1.6825330257415771,0
2.256,6592.4404296875,-60.806415557861328,3697.419921875,956.1995849609375,985.41192626953125,666.36553955078125,-1.9021289348602295,0
2.26,7382.1787109375,-60.733745574951172,3688.587890625,1025.9476318359375,1057.3170166015625,666.36553955078125,-2.0191702842712402,0
2.264,7198.78759765625,-59.471057891845703,3536.806640625,1091.7572021484375,1125.161865234375,666.36553955078125,-2.0293292999267578,0
2.268,6379.890625,-57.034324645996094,3252.9140625,1150.973388671875,1186.2095947265625,666.36553955078125,-1.953516960144043,0
2.272,6505.6328125,-53.465770721435547,2858.588623046875,1201.4478759765625,1238.2451171875,666.36553955078125,-1.8096843957901001,0
2.276,7281.8046875,-48.833049774169922,2384.666748046875,1241.7310791015625,1279.774169921875,1279.774169921875,-1.6481781005859375,0
2.28,7278.25244140625,-43.227867126464844,1868.6484375,1271.2066650390625,1310.1614990234375,1279.774169921875,-1.5433330535888672,0
2.284,6515.19384765625,-36.763847351074219,1351.5804443359375,1290.154296875,1329.695068359375,1279.774169921875,-1.5340011119842529,0
2.288,6434.56103515625,-29.573787689208984,874.60888671875,1299.73046875,1339.5673828125,1279.774169921875,-1.6140149831771851,0
2.292,7168.10302734375,-21.806447982788086,475.52117919921875,1301.869873046875,1341.7730712890625,1279.774169921875,-1.7527303695678711,0
2.296,7347.34619140625,-13.623003959655762,185.58625793457031,1299.1148681640625,1338.9326171875,1279.774169921875,-1.8870738744735718,0
2.3,6601.8349609375,-5.1931867599487305,26.969188690185547,1294.38671875,1334.058349609375,1279.774169921875,-1.9361470937728882,0
2.304,6281.85302734375,3.3087520599365234,10.947840690612793,1290.72265625,1330.281005859375,1279.774169921875,-1.8655370473861694,0
2.308,6993.1982421875,11.708137512207031,137.08049011230469,1290.9954833984375,1330.562255859375,1279.774169921875,-1.7255427837371826,0
2.312,7396.17431640625,19.833812713623047,393.380126953125,1297.6510009765625,1337.423583984375,1279.774169921875,-1.6047964096069336,0
2.316,6761.4794921875,27.5218505859375,757.45233154296875,1312.479248046875,1352.7105712890625,1352.7105712890625,-1.5600258111953735,0
2.32,6249.88134765625,34.618999481201172,1198.4752197265625,1336.4482421875,1377.420654296875,1352.7105712890625,-1.593946099281311,0
2.324,6840.56396484375,40.985881805419922,1679.842529296875,1369.608154296875,1411.606201171875,1352.7105712890625,-1.6627410650253296,0
2.328,7412.8388671875,46.500072479248047,2162.257080078125,1411.083984375,1454.3648681640625,1352.7105712890625,-1.7020359039306641,0
2.332,6921.19677734375,51.058868408203125,2607.0078125,1459.154296875,1503.921875,1352.7105712890625,-1.6798007488250732,0
2.336,6247.234375,54.581676483154297,2979.159423828125,1511.4078369140625,1557.7916259765625,1352.7105712890625,-1.6399228572845459,0
2.34,6702.56640625,57.011890411376953,3250.35546875,1564.9683837890625,1613.008544921875,1352.7105712890625,-1.6658656597137451,0
2.344,7408.5,58.318084716796875,3400.999267578125,1616.7640380859375,1666.406005859375,1352.7105712890625,-1.7677494287490845,0
2.348,7055.85546875,58.494476318359375,3421.603515625,1663.8115234375,1714.9088134765625,1352.7105712890625,-1.8444690704345703,0
2.352,6255.0546875,57.5606689453125,3313.23046875,1703.4967041015625,1755.8212890625,1352.7105712890625,-1.7979209423065186,0
2.356,6552.19677734375,55.560699462890625,3086.991455078125,1733.8121337890625,1787.07421875,1787.07421875,-1.6373271942138672,0
2.36,7358.6943359375,52.561485290527344,2762.709716796875,1753.5404052734375,1807.4127197265625,1787.07421875,-1.4429690837860107,0
2.364,7164.0732421875,48.650634765625,2366.88427734375,1762.356201171875,1816.5009765625,1787.07421875,-1.301805853843689,0
2.368,6343.12744140625,43.933795928955078,1930.178466796875,1760.843505859375,1814.9417724609375,1787.07421875,-1.2946841716766357,0
2.372,6467.70068359375,38.53155517578125,1484.6806640625,1750.4224853515625,1804.1982421875,1787.07421875,-1.4499692916870117,0
2.376,7259.25,32.57611083984375,1061.202880859375,1733.195068359375,1786.4381103515625,1787.07421875,-1.6962690353393555,0
2.38,7247.6865234375,26.207784652709961,686.84796142578125,1711.728515625,1764.3076171875,1787.07421875,-1.8966567516326904,0
2.384,6442.18994140625,19.571466445922852,383.04232788085938,1688.791015625,1740.6607666015625,1787.07421875,-1.9151237010955811,0
2.388,6357.2646484375,12.813122749328613,164.17611694335938,1667.07421875,1718.272216796875,1787.07421875,-1.7009731531143188,0
2.392,7133.6513671875,6.0763006210327148,36.921428680419922,1648.925537109375,1699.562255859375,1787.07421875,-1.3511241674423218,0
2.396,7317.63916015625,-0.50123244524002075,0.25123396515846252,1636.1148681640625,1686.35546875,1686.35546875,-1.0393474102020264,0
2.4,6579.61474609375,-6.7906723022460938,46.113231658935547,1629.663818359375,1679.704833984375,1686.35546875,-0.88616961240768433,0
2.404,6282.6396484375,-12.675053596496582,160.656982421875,1629.75,1679.793701171875,1686.35546875,-0.91059654951095581,0
2.408,6984.4248046875,-18.05169677734375,325.86376953125,1635.694091796875,1685.921630859375,1686.35546875,-1.0394303798675537,0
2.412,7374.64453125,-22.834157943725586,521.39874267578125,1646.033203125,1696.5806884765625,1686.35546875,-1.1466207504272461,0
2.416,6727.93505859375,-26.953619003295898,726.49755859375,1658.671875,1709.610107421875,1686.35546875,-1.1532653570175171,0
2.42,6213.2841796875,-30.359752655029297,921.71466064453125,1671.0931396484375,1722.4156494140625,1686.35546875,-1.0900923013687134,0
2.424,6820.4404296875,-33.021068572998047,1090.3909912109375,1680.6099853515625,1732.2265625,1686.35546875,-1.0251195430755615,0
2.428,7395.1005859375,-34.92474365234375,1219.7376708984375,1684.636474609375,1736.377685546875,1686.35546875,-0.97822988033294678,0
2.432,6878.87744140625,-36.076038360595703,1301.48046875,1680.9443359375,1732.5712890625,1686.35546875,-0.92351329326629639,0
2.436,6203.55712890625,-36.497245788574219,1332.048828125,1667.8880615234375,1719.111328125,1719.111328125,-0.8256409764289856,0
2.44,6669.83203125,-36.226348876953125,1312.348388671875,1644.5718994140625,1695.073974609375,1719.111328125,-0.68393552303314209,0
2.444,7394.45703125,-35.315238952636719,1247.166015625,1610.947021484375,1660.4091796875,1719.111328125,-0.56365537643432617,0
2.448,7018.13818359375,-33.827587127685547,1144.3056640625,1567.826171875,1615.9547119140625,1719.111328125,-0.54345685243606567,0
2.452,6218.31494140625,-31.836532592773438,1013.5648193359375,1516.817138671875,1563.367919921875,1719.111328125,-0.61445540189743042,0
2.456,6531.52587890625,-29.422195434570312,865.66552734375,1460.1822509765625,1504.9814453125,1719.111328125,-0.67274177074432373,0
2.46,7333.5888671875,-26.669103622436523,711.2410888671875,1400.6353759765625,1443.5931396484375,1719.111328125,-0.61936843395233154,0
2.464,7124.3046875,-23.663690567016602,559.97021484375,1341.098388671875,1382.214599609375,1719.111328125,-0.4528505802154541,0
2.468,6285.1435546875,-20.491897583007812,419.91787719726562,1284.4384765625,1323.802490234375,1719.111328125,-0.26933926343917847,0
2.472,6377.2919921875,-17.237010955810547,297.114501953125,1233.208984375,1270.9886474609375,1225.8489990234375,-0.16157528758049011,0
2.476,7267.78515625,-13.977663993835449,195.37509155273438,1189.4234619140625,1225.8489990234375,1225.8489990234375,-0.13107709586620331,0
2.48,7215.38134765625,-10.786100387573242,116.33995056152344,1154.376953125,1189.7183837890625,1225.8489990234375,-0.12154047191143036,0
2.484,6245.49462890625,-7.7267279624938965,59.702323913574219,1128.5396728515625,1163.08203125,1225.8489990234375,-0.087847709655761719,0
2.488,6185.4599609375,-4.8549323081970215,23.570367813110352,1111.5189208984375,1145.534912109375,1225.8489990234375,-0.011982711963355541,0
2.492,7121.515625,-2.2162489891052246,4.9117598533630371,1102.1064453125,1135.8314208984375,1225.8489990234375,0.096260510385036469,0
2.496,7311.0341796875,0.15406282246112823,0.023735353723168373,1098.395263671875,1132.0054931640625,1225.8489990234375,0.19722029566764832,0
2.5,6399.8701171875,2.2310218811035156,4.9774580001831055,1097.9556884765625,1131.5521240234375,1225.8489990234375,0.23188269138336182,0
2.504,6082.4873046875,3.9996013641357422,15.996810913085938,1098.056396484375,1131.656005859375,1225.8489990234375,0.16217176616191864,0
2.508,6947.5419921875,5.4542984962463379,29.749370574951172,1095.909912109375,1129.443115234375,1225.8489990234375,0.013732699677348137,0
2.512,7379.10400390625,6.5987191200256348,43.5430908203125,1088.9130859375,1122.2298583984375,1225.8489990234375,-0.14902949333190918,0
2.516,6576.18115234375,7.445157527923584,55.430370330810547,1074.8726806640625,1107.7552490234375,1107.7552490234375,-0.25862479209899902,0
2.52,6002.49853515625,8.0140151977539062,64.224449157714844,1052.1875,1084.3685302734375,1107.7552490234375,-0.25416836142539978,0
2.524,6765.4130859375,8.3329744338989258,69.438461303710938,1019.9796752929688,1051.1646728515625,1107.7552490234375,-0.13503412902355194,0
2.528,7420.35009765625,8.4359130859375,71.164634704589844,978.15771484375,1008.0491333007812,1107.7552490234375,0.022714763879776001,0
2.532,6761.2412109375,8.3615798950195312,69.916015625,927.4158935546875,955.73797607421875,1107.7552490234375,0.1393313854932785,0
2.536,5979.94384765625,8.1520767211914062,66.456344604492188,869.16192626953125,895.68231201171875,1107.7552490234375,0.17514877021312714,0
2.54,6579.01806640625,7.8512253761291504,61.641742706298828,805.3875732421875,829.935546875,1107.7552490234375,0.12238049507141113,0
2.544,7414.8896484375,7.5029373168945312,56.2940673828125,738.49346923828125,760.9725341796875,1107.7552490234375,-0.005692711565643549,0
2.548,6933.1171875,7.1496343612670898,51.117271423339844,671.08380126953125,691.47802734375,1107.7552490234375,-0.17676170170307159,0
2.552,6003.9287109375,6.8307828903198242,46.659595489501953,605.7523193359375,624.1259765625,561.36981201171875,-0.33100667595863342,0
2.556,6423.85546875,6.5815277099609375,43.316509246826172,544.8787841796875,561.36981201171875,561.36981201171875,-0.39313450455665588,0
2.56,7351.04150390625,6.431459903717041,41.363677978515625,490.451904296875,505.25967407226562,561.36981201171875,-0.33141723275184631,0
2.564,7084.27490234375,6.4035835266113281,41.005882263183594,443.934326171875,457.30337524414062,561.36981201171875,-0.19428963959217072,0
2.568,6118.7265625,6.5135297775268555,42.426074981689453,406.17929077148438,418.38070678710938,561.36981201171875,-0.061773680150508881,0
2.572,6304.16943359375,6.7690291404724121,45.819755554199219,377.40203857421875,388.71337890625,561.36981201171875,0.010715879499912262,0
2.576,7240.93994140625,7.1696548461914062,51.403949737548828,357.2060546875,367.89276123046875,561.36981201171875,0.019405325874686241,0
2.58,7188.58349609375,7.7068777084350586,59.395965576171875,344.65707397460938,354.95571899414062,561.36981201171875,0.032248873263597488,0
2.584,6228.63818359375,8.3644256591796875,69.963607788085938,338.39544677734375,348.50042724609375,561.36981201171875,0.13106159865856171,0
2.588,6179.14306640625,9.118927001953125,83.154830932617188,336.77505493164062,346.82992553710938,561.36981201171875,0.30860733985900879,0
2.592,7096.8154296875,9.9407176971435547,98.81787109375,338.01303100585938,348.10614013671875,561.36981201171875,0.47096046805381775,0
2.596,7281.5185546875,10.794769287109375,116.52703857421875,340.33853149414062,350.50360107421875,350.50360107421875,0.54075813293457031,0
2.6,6390.76318359375,11.641752243041992,135.5303955078125,342.12686157226562,352.34725952148438,350.50360107421875,0.53074854612350464,0
2.604,6095.81494140625,12.439292907714844,154.73600769042969,342.00845336914062,352.22518920898438,350.50360107421875,0.51669871807098389,0
2.608,6931.49609375,13.143407821655273,172.74919128417969,338.94613647460938,349.068115234375,350.50360107421875,0.55562669038772583,0
2.612,7336.40234375,13.710034370422363,187.96504211425781,332.27749633789062,342.19326782226562,350.50360107421875,0.63895213603973389,0
2.616,6572.4140625,14.096661567687988,198.71586608886719,321.72183227539062,331.31112670898438,350.50360107421875,0.71943521499633789,0
2.62,6033.37353515625,14.263992309570312,203.46147155761719,307.35678100585938,316.50180053710938,350.50360107421875,0.76409578323364258,0
2.624,6757.26025390625,14.177493095397949,201.00131225585938,289.56900024414062,298.16390991210938,350.50360107421875,0.76638060808181763,0
2.628,7386.9951171875,13.808784484863281,190.68254089355469,268.98788452148438,276.94622802734375,350.50360107421875,0.73848676681518555,0
2.632,6752.5146484375,13.136822700500488,172.57612609863281,246.40975952148438,253.66984558105469,229.24812316894531,0.70200097560882568,0
2.636,6007.1708984375,12.148846626281738,147.59445190429688,222.72067260742188,229.24812316894531,229.24812316894531,0.6626666784286499,0
2.64,6582.14208984375,10.841131210327148,117.53012847900391,198.82431030273438,204.6126708984375,229.24812316894531,0.61504906415939331,0
2.644,7363.41552734375,9.219447135925293,84.998207092285156,175.58097839355469,180.65048217773438,229.24812316894531,0.57080823183059692,0
2.648,6917.8818359375,7.2992234230041504,53.278667449951172,153.76045227050781,158.15510559082031,229.24812316894531,0.55410832166671753,0
2.652,6022.28759765625,5.1054091453552246,26.065200805664062,134.01045227050781,137.79426574707031,229.24812316894531,0.57027989625930786,0
2.656,6417.08447265625,2.6719925403594971,7.1395440101623535,116.83992767333984,120.09269714355469,229.24812316894531,0.58811843395233154,0
2.66,7328.43994140625,0.041232269257307053,0.0017001001397147775,102.61513519287109,105.42796325683594,229.24812316894531,0.57212609052658081,0
2.664,7051.13525390625,-2.7373881340026855,7.4932937622070312,91.565589904785156,94.03668212890625,229.24812316894531,0.51979237794876099,0
2.668,6076.9794921875,-5.6084051132202148,31.454208374023438,83.796310424804688,86.027122497558594,229.24812316894531,0.44665518403053284,0
2.672,6273.6748046875,-8.5117673873901367,72.450180053710938,79.303024291992188,81.394874572753906,229.24812316894531,0.37040844559669495,0
2.676,7226.2294921875,-11.384343147277832,129.603271484375,77.987594604492188,80.038742065429688,80.038742065429688,0.31489109992980957,0
2.68,7153.9169921875,-14.161544799804688,200.54936218261719,79.671791076660156,81.775047302246094,80.038742065429688,0.29629817605018616,0
2.684,6205.39306640625,-16.779022216796875,281.53558349609375,84.108444213867188,86.348915100097656,80.038742065429688,0.31420111656188965,0
2.688,6167.2451171875,-19.174392700195312,367.65737915039062,90.990196228027344,93.443504333496094,80.038742065429688,0.36375117301940918,0
2.692,7087.54150390625,-21.288904190063477,453.21743774414062,99.956298828125,102.6868896484375,80.038742065429688,0.44082656502723694,0
2.696,7248.42578125,-23.069011688232422,532.17938232421875,110.59941101074219,113.6591796875,80.038742065429688,0.5287134051322937,0
2.7,6354.42822265625,-24.467800140380859,598.6732177734375,122.47332763671875,125.90032958984375,80.038742065429688,0.59001368284225464,0
2.704,6064.12890625,-25.446191787719727,647.5086669921875,135.10356140136719,138.92118835449219,80.038742065429688,0.60125732421875,0
2.708,6922.57958984375,-25.973958969116211,674.646484375,148.00151062011719,152.21806335449219,80.038742065429688,0.58862131834030151,0
2.712,7317.54296875,-26.030529022216797,677.58837890625,160.68241882324219,165.2911376953125,177.666748046875,0.59597748517990112,0
2.716,6531,-25.605617523193359,655.64764404296875,172.686767578125,177.666748046875,177.666748046875,0.63398438692092896,0
2.72,5998.08740234375,-24.699569702148438,610.0687255859375,183.6036376953125,188.9212646484375,177.666748046875,0.68481051921844482,0
2.724,6741.16650390625,-23.323501586914062,543.9857177734375,193.09457397460938,198.70573425292969,177.666748046875,0.73298108577728271,0
2.728,7358.81396484375,-21.499109268188477,462.211669921875,200.91552734375,206.7685546875,177.666748046875,0.76991111040115356,0
2.732,6715.03662109375,-19.258209228515625,370.87860107421875,206.93478393554688,212.9739990234375,177.666748046875,0.79025048017501831,0
2.736,5969.81103515625,-16.64202880859375,276.95712280273438,211.14482116699219,217.31425476074219,177.666748046875,0.79144793748855591,0
2.74,6565.66650390625,-13.70024585723877,187.69673156738281,213.6658935546875,219.91328430175781,177.666748046875,0.76641845703125,0
2.744,7360.26806640625,-10.489812850952148,110.03617095947266,214.74072265625,221.02133178710938,177.666748046875,0.71664255857467651,0
2.748,6870.96240234375,-7.0736374855041504,50.036346435546875,214.7191162109375,220.99906921386719,177.666748046875,0.67015981674194336,0
2.752,6006.2890625,-3.5190958976745605,12.384036064147949,214.03361511230469,220.2923583984375,177.666748046875,0.65217721462249756,0
2.756,6407.78662109375,0.10349325090646744,0.010710853151977062,213.16748046875,219.39945983886719,219.39945983886719,0.66209536790847778,0
2.76,7297.08740234375,3.7224833965301514,13.85688304901123,212.61735534667969,218.83232116699219,219.39945983886719,0.69563120603561401,0
2.764,7022.4287109375,7.2665266990661621,52.802410125732422,212.853271484375,219.07553100585938,219.39945983886719,0.7314828634262085,0
2.768,6107.33056640625,10.666180610656738,113.76741790771484,214.28012084960938,220.5465087890625,219.39945983886719,0.72106152772903442,0
2.772,6303.04931640625,13.855451583862305,191.97355651855469,217.20320129394531,223.55998229980469,219.39945983886719,0.64261388778686523,0
2.776,7183.09912109375,16.77325439453125,281.342041015625,221.80195617675781,228.30097961425781,219.39945983886719,0.52285516262054443,0
2.78,7131.50537109375,19.364755630493164,374.99380493164062,228.1138916015625,234.80810546875,219.39945983886719,0.41286534070968628,0
2.784,6328.7021484375,21.582586288452148,465.80804443359375,236.03080749511719,242.96989440917969,219.39945983886719,0.36960142850875854,0
2.788,6345.22509765625,23.387859344482422,546.99200439453125,245.30754089355469,252.53353881835938,219.39945983886719,0.41889652609825134,0
2.792,7079.83984375,24.750982284545898,612.61114501953125,255.58341979980469,263.127197265625,274.29241943359375,0.52433347702026367,0
2.796,7191.7060546875,25.652263641357422,658.03857421875,266.41366577148438,274.29241943359375,274.29241943359375,0.6162068247795105,0
2.8,6474.9248046875,26.0823974609375,680.2913818359375,277.308837890625,285.52456665039062,274.29241943359375,0.65430152416229248,0
2.804,6260.46728515625,26.042699813842773,678.22216796875,287.778564453125,296.31805419921875,274.29241943359375,0.66076076030731201,0
2.808,6942.43994140625,25.544988632202148,652.54638671875,297.37451171875,306.21084594726562,274.29241943359375,0.68866968154907227,0
2.812,7248.68896484375,24.610912322998047,605.69708251953125,305.72915649414062,314.82388305664062,274.29241943359375,0.76147019863128662,0
2.816,6603.81396484375,23.270797729492188,541.53009033203125,312.58544921875,321.89218139648438,274.29241943359375,0.86423158645629883,0
2.82,6150.1982421875,21.562219619750977,464.92935180664062,317.81484985351562,327.28335571289062,274.29241943359375,0.9784734845161438,0
2.824,6764.19775390625,19.528438568115234,381.35995483398438,321.42202758789062,331.00204467773438,274.29241943359375,1.077989935874939,0
2.828,7299.92431640625,17.216867446899414,296.42056274414062,323.53677368164062,333.18222045898438,274.29241943359375,1.1007286310195923,0
2.832,6720.99609375,14.677571296691895,215.43110656738281,324.393798828125,334.06576538085938,274.29241943359375,0.97716313600540161,0
2.836,6095.93505859375,11.961883544921875,143.08663940429688,324.30364990234375,333.97280883789062,333.97280883789062,0.69470584392547607,0
2.84,6623.22119140625,9.1211833953857422,83.19598388671875,323.61703491210938,333.26498413085938,333.97280883789062,0.3329738974571228,0
2.844,7287.5029296875,6.2058782577514648,38.512928009033203,322.687255859375,332.306396484375,333.97280883789062,0.039796561002731323,0
2.848,6887.03125,3.2646098136901855,10.657676696777344,321.83486938476562,331.42767333984375,333.97280883789062,-0.081223033368587494,0
2.852,6098.8193359375,0.34360519051551819,0.1180645227432251,321.31591796875,330.89266967773438,333.97280883789062,-0.064570464193820953,0
2.856,6445.2646484375,-2.5138049125671387,6.3192152976989746,321.29949951171875,330.875732421875,333.97280883789062,-0.01402147114276886,0
2.86,7310.20068359375,-5.2674741744995117,27.746286392211914,321.85443115234375,331.44784545898438,333.97280883789062,0.018465215340256691,0
2.864,6988.00146484375,-7.8805899620056152,62.10369873046875,322.94662475585938,332.57382202148438,333.97280883789062,0.048013139516115189,0
2.868,6018.99609375,-10.319760322570801,106.49745941162109,324.447509765625,334.12109375,333.97280883789062,0.1042395606637001,0
2.872,6260.61083984375,-12.555107116699219,157.63070678710938,326.15106201171875,335.87734985351562,333.97280883789062,0.18203870952129364,0
2.876,7178.04541015625,-14.560345649719238,212.003662109375,327.799072265625,337.57632446289062,337.57632446289062,0.2176748514175415,0
2.88,7108.47412109375,-16.312921524047852,266.11141967773438,329.1103515625,338.92816162109375,337.57632446289062,0.14272734522819519,0
2.884,6241.8466796875,-17.794286727905273,316.63662719726562,329.81240844726562,339.65194702148438,337.57632446289062,-0.018032804131507874,0
2.888,6231.38037109375,-18.990163803100586,360.62631225585938,329.67178344726562,339.50698852539062,337.57632446289062,-0.15990936756134033,0
2.892,7056.38037109375,-19.890609741210938,395.63638305664062,328.52017211914062,338.31973266601562,337.57632446289062,-0.20913371443748474,0
2.896,7189.2021484375,-20.489696502685547,419.82763671875,326.27310180664062,336.003173828125,337.57632446289062,-0.1580432653427124,0
2.9,6357.9326171875,-20.784841537475586,432.00967407226562,322.93984985351562,332.56683349609375,337.57632446289062,-0.021132111549377441,0
2.904,6085.5390625,-20.776092529296875,431.64599609375,318.62255859375,328.115966796875,337.57632446289062,0.18398325145244598,0
2.908,6894.32666015625,-20.465663909912109,418.84341430664062,313.50650024414062,322.84170532226562,337.57632446289062,0.4318358302116394,0
2.912,7256.74755859375,-19.857845306396484,394.333984375,307.84146118164062,317.00146484375,337.57632446289062,0.6830323338508606,0
2.916,6533.8857421875,-18.959360122680664,359.45736694335938,301.91763305664062,310.89443969726562,310.89443969726562,0.87865352630615234,0
2.92,6123.99609375,-17.779933929443359,316.12606811523438,296.03875732421875,304.833740234375,310.89443969726562,0.95338314771652222,0
2.924,6765.3662109375,-16.332876205444336,266.76284790039062,290.49429321289062,299.11782836914062,310.89443969726562,0.87526082992553711,0
2.928,7239.27099609375,-14.635421752929688,214.195556640625,285.53402709960938,294.00408935546875,310.89443969726562,0.68083429336547852,0
2.932,6739.3310546875,-12.708745956420898,161.51220703125,281.34661865234375,289.68719482421875,310.89443969726562,0.45012441277503967,0
2.936,6196.09375,-10.57770824432373,111.88791656494141,278.04531860351562,286.28384399414062,310.89443969726562,0.25550523400306702,0
2.94,6681.72900390625,-8.2705259323120117,68.401596069335938,275.65936279296875,283.82406616210938,310.89443969726562,0.14467549324035645,0
2.944,7272.00634765625,-5.8184804916381836,33.854717254638672,274.1357421875,282.25332641601562,310.89443969726562,0.129214808344841,0
2.948,6876.13525390625,-3.2556662559509277,10.599362373352051,273.34701538085938,281.440185546875,310.89443969726562,0.1845545768737793,0
2.952,6174.56494140625,-0.61865359544754028,0.38273230195045471,273.10693359375,281.19271850585938,310.89443969726562,0.28189778327941895,0
2.956,6533.36083984375,2.0538668632507324,4.2183685302734375,273.19110107421875,281.27944946289062,281.27944946289062,0.38782086968421936,0
2.96,7244.96875,4.7214264869689941,22.291866302490234,273.35980224609375,281.453369140625,281.27944946289062,0.4365440309047699,0
2.964,6987.31005859375,7.3420400619506836,53.905548095703125,273.38192749023438,281.47622680664062,281.27944946289062,0.36857208609580994,0
2.968,6205.82177734375,9.8724346160888672,97.4649658203125,273.05584716796875,281.14004516601562,281.27944946289062,0.19643077254295349,0
2.972,6406.68896484375,12.268368721008301,150.51289367675781,272.22665405273438,280.28515625,281.27944946289062,0.0024096400011330843,0
2.976,7170.60693359375,14.485119819641113,209.81869506835938,270.796142578125,278.81045532226562,281.27944946289062,-0.10363546758890152,0
2.98,7075.57275390625,16.47821044921875,271.53143310546875,268.72695922851562,276.67724609375,281.27944946289062,-0.038632214069366455,0
2.984,6294.03662109375,18.204351425170898,331.39837646484375,266.03872680664062,273.90591430664062,281.27944946289062,0.18402035534381866,0
2.988,6302.5234375,19.622549057006836,385.04443359375,262.79974365234375,270.56674194335938,281.27944946289062,0.43359223008155823,0
2.992,7060.1708984375,20.695333480834961,428.29681396484375,259.11346435546875,266.76644897460938,281.27944946289062,0.54528969526290894,0
2.996,7145.50146484375,21.390060424804688,457.53466796875,255.1033935546875,262.63232421875,262.63232421875,0.45212197303771973,0
3,6413.9130859375,21.680154800415039,470.02914428710938,250.89816284179688,258.29705810546875,262.63232421875,0.23142619431018829,0
3.004,6204.1044921875,21.546276092529297,464.24203491210938,246.61857604980469,253.88510131835938,262.63232421875,0.019785603508353233,0
3.008,6917.33447265625,20.977350234985352,440.04922485351562,242.36862182617188,249.50373840332031,262.63232421875,-0.08754333108663559,0
3.012,7195.71240234375,19.971414566040039,398.85736083984375,238.2318115234375,245.23896789550781,262.63232421875,-0.062153749167919159,0
3.016,6542.9208984375,18.536230087280273,343.591796875,234.27304077148438,241.15776062011719,262.63232421875,0.063280798494815826,0
3.02,6153.703125,16.689647674560547,278.54434204101562,230.54536437988281,237.31478881835938,262.63232421875,0.19551952183246613,0
3.024,6771.77978515625,14.459668159484863,209.08200073242188,227.09980773925781,233.76266479492188,262.63232421875,0.21754845976829529,0
3.028,7237.36328125,11.88422679901123,141.23483276367188,223.99606323242188,230.56294250488281,262.63232421875,0.07112719863653183,0
3.032,6693.69775390625,9.0107316970825195,81.193283081054688,221.31132507324219,227.795166015625,225.5615234375,-0.18701061606407166,0
3.036,6107.1396484375,5.8952970504760742,34.754528045654297,219.14469909667969,225.5615234375,225.5615234375,-0.41598266363143921,0
3.04,6616.68896484375,2.6017336845397949,6.7690186500549316,217.61616516113281,223.9857177734375,225.5615234375,-0.48421630263328552,0
3.044,7244.11083984375,-0.79975718259811401,0.63961154222488403,216.85868835449219,223.20480346679688,225.5615234375,-0.35234284400939941,0
3.048,6838.82275390625,-4.2341346740722656,17.927896499633789,217.00407409667969,223.35470581054688,225.5615234375,-0.10032366216182709,0
3.052,6153.60791015625,-7.6233162879943848,58.114952087402344,218.16401672363281,224.55050659179688,225.5615234375,0.13038325309753418,0
3.056,6513.21484375,-10.888157844543457,118.55197906494141,220.40866088867188,226.86459350585938,225.5615234375,0.25847497582435608,0
3.06,7230.09228515625,-13.950503349304199,194.61654663085938,223.74606323242188,230.30522155761719,225.5615234375,0.30863165855407715,0
3.064,6955.26708984375,-16.735210418701172,280.06729125976562,228.1053466796875,234.79931640625,225.5615234375,0.32733845710754395,0
3.068,6187.43994140625,-19.172088623046875,367.56900024414062,233.3267822265625,240.18222045898438,225.5615234375,0.30364856123924255,0
3.072,6397.3671875,-21.197738647460938,449.34414672851562,239.16105651855469,246.19694519042969,225.5615234375,0.19455511868000031,0
3.076,7157.25537109375,-22.757293701171875,517.8944091796875,245.27888488769531,252.50399780273438,252.50399780273438,0.0071038738824427128,0
3.08,7047.7490234375,-23.806127548217773,566.73175048828125,251.291259765625,258.70230102539062,252.50399780273438,-0.18076105415821075,0
3.084,6277.06103515625,-24.311330795288086,591.04083251953125,256.77938842773438,264.36019897460938,252.50399780273438,-0.29629883170127869,0
3.088,6308.4609375,-24.253030776977539,588.20947265625,261.33099365234375,269.05258178710938,252.50399780273438,-0.33402556180953979,0
3.092,7046.72412109375,-23.625274658203125,558.15362548828125,264.58139038085938,272.40347290039062,252.50399780273438,-0.32553380727767944,0
3.096,7120.92041015625,-22.436550140380859,503.39877319335938,266.25277709960938,274.12655639648438,252.50399780273438,-0.29640096426010132,0
3.1,6386.39990234375,-20.709804534912109,428.89599609375,266.19052124023438,274.06234741210938,252.50399780273438,-0.27520641684532166,0
3.104,6213.18896484375,-18.482019424438477,341.58505249023438,264.38931274414062,272.20547485351562,252.50399780273438,-0.29628458619117737,0
3.108,6915.52197265625,-15.803347587585449,249.74580383300781,261.00732421875,268.71890258789062,252.50399780273438,-0.36193054914474487,0
3.112,7178.640625,-12.735936164855957,162.20407104492188,256.36474609375,263.93270874023438,252.50399780273438,-0.42648211121559143,0
3.116,6517.26806640625,-9.3523769378662109,87.466957092285156,250.9249267578125,258.32464599609375,258.32464599609375,-0.43012204766273499,0
3.12,6147.12353515625,-5.7339034080505371,32.877647399902344,245.25996398925781,252.48446655273438,258.32464599609375,-0.33013749122619629,0
3.124,6761.50390625,-1.9682897329330444,3.8741645812988281,240.002197265625,247.0640869140625,258.32464599609375,-0.12429019063711166,0
3.128,7220.79296875,1.8524414300918579,3.4315390586853027,235.78691101074219,242.71846008300781,258.32464599609375,0.12528030574321747,0
3.132,6672.45458984375,5.6344733238220215,31.747289657592773,233.19161987304688,240.04289245605469,258.32464599609375,0.32009434700012207,0
3.136,6105.7568359375,9.2847194671630859,86.206016540527344,232.677978515625,239.51338195800781,258.32464599609375,0.40263128280639648,0
3.14,6607.98583984375,12.713346481323242,161.62919616699219,234.54252624511719,241.43559265136719,258.32464599609375,0.39205321669578552,0
3.144,7227.06396484375,15.836210250854492,250.78556823730469,238.88114929199219,245.90840148925781,258.32464599609375,0.33387041091918945,0
3.148,6802.4638671875,18.577129364013672,345.10977172851562,245.57136535644531,252.80551147460938,258.32464599609375,0.25465622544288635,0
3.152,6091.40478515625,20.869930267333984,435.553955078125,254.2747802734375,261.778076171875,258.32464599609375,0.17432768642902374,0
3.156,6470.6328125,22.660150527954102,513.482421875,264.46005249023438,272.27841186523438,272.27841186523438,0.093736447393894196,0
3.16,7204.8671875,23.906412124633789,571.5164794921875,275.44451904296875,283.6025390625,272.27841186523438,-0.018764695152640343,0
3.164,6929.32666015625,24.581390380859375,604.24481201171875,286.45132446289062,294.94979858398438,272.27841186523438,-0.16476961970329285,0
3.168,6132.2451171875,24.672418594360352,608.72821044921875,296.67660522460938,305.49130249023438,272.27841186523438,-0.26919889450073242,0
3.172,6351.9716796875,24.181671142578125,584.75323486328125,305.36141967773438,314.44473266601562,272.27841186523438,-0.25053787231445312,0
3.176,7135.10546875,23.126031875610352,534.8133544921875,311.86126708984375,321.14559936523438,272.27841186523438,-0.13929252326488495,0
3.18,7021.85693359375,21.536525726318359,463.82192993164062,315.70712280273438,325.11044311523438,272.27841186523438,-0.072480656206607819,0
3.184,6216.02587890625,19.457422256469727,378.59124755859375,316.65097045898438,326.08343505859375,272.27841186523438,-0.14153692126274109,0
3.188,6252.98046875,16.944925308227539,287.13052368164062,314.69271850585938,324.06463623046875,272.27841186523438,-0.29571789503097534,0
3.192,7026.74462890625,14.065585136413574,197.84066772460938,310.08358764648438,319.31292724609375,312.32632446289062,-0.40849432349205017,0
3.196,7099.93896484375,10.89435863494873,118.68704986572266,303.30657958984375,312.32632446289062,312.32632446289062,-0.40107440948486328,0
3.2,6327.91552734375,7.5125036239624023,56.437705993652344,295.03482055664062,303.79876708984375,312.32632446289062,-0.30012482404708862,0
3.204,6152.9638671875,4.0053443908691406,16.042781829833984,286.07080078125,294.55752563476562,312.32632446289062,-0.1957738846540451,0
3.208,6883.50244140625,0.45995229482650757,0.21155612170696259,277.27407836914062,285.48870849609375,312.32632446289062,-0.15682239830493927,0
3.212,7151.9140625,-3.0371718406677246,9.2244138717651367,269.48138427734375,277.45501708984375,312.32632446289062,-0.17652742564678192,0
3.216,6475.6630859375,-6.4023795127868652,40.990467071533203,263.42935180664062,271.21575927734375,312.32632446289062,-0.18061256408691406,0
3.22,6099.41552734375,-9.557032585144043,91.336875915527344,259.68521118164062,267.35586547851562,312.32632446289062,-0.1113712415099144,0
3.224,6740.23681640625,-12.429478645324707,154.491943359375,258.59341430664062,266.23031616210938,312.32632446289062,0.00021178877796046436,0
3.228,7190.5380859375,-14.956771850585938,223.70503234863281,260.24282836914062,267.93075561523438,312.32632446289062,0.094236873090267181,0
3.232,6634.1640625,-17.086090087890625,291.93447875976562,264.45767211914062,272.27587890625,312.32632446289062,0.16689285635948181,0
3.236,6060.52978515625,-18.775781631469727,352.52996826171875,270.81314086914062,278.82797241210938,278.82797241210938,0.22872252762317657,0
3.24,6590.60546875,-19.99609375,399.84375,278.67465209960938,286.93255615234375,278.82797241210938,0.24749216437339783,0
3.244,7208.70556640625,-20.729579925537109,429.71548461914062,287.25619506835938,295.779541015625,278.82797241210938,0.1942393034696579,0
3.248,6772.90087890625,-20.971197128295898,439.79110717773438,295.69345092773438,304.47772216796875,278.82797241210938,0.075273275375366211,0
3.252,6060.1474609375,-20.728113174438477,429.65469360351562,303.12420654296875,312.13833618164062,278.82797241210938,-0.094305038452148438,0
3.256,6449.77197265625,-20.019231796264648,400.76968383789062,308.7685546875,317.95721435546875,278.82797241210938,-0.26811504364013672,0
3.26,7185.7216796875,-18.874414443969727,356.24356079101562,312.00112915039062,321.289794921875,278.82797241210938,-0.35393849015235901,0
3.264,6900.5966796875,-17.333450317382812,300.448486328125,312.40878295898438,321.71005249023438,278.82797241210938,-0.31139183044433594,0
3.268,6086.1826171875,-15.444819450378418,238.54244995117188,309.82821655273438,319.04971313476562,278.82797241210938,-0.2211989164352417,0
3.272,6320.6435546875,-13.264203071594238,175.9390869140625,304.360107421875,313.41244506835938,305.16275024414062,-0.18222352862358093,0
3.276,7118.296875,-10.852895736694336,117.78533935546875,296.35791015625,305.16275024414062,305.16275024414062,-0.19971048831939697,0
3.28,6992.91259765625,-8.276087760925293,68.493629455566406,286.39315795898438,294.88983154296875,305.16275024414062,-0.24263986945152283,0
3.284,6192.49462890625,-5.6011161804199219,31.372503280639648,275.19979858398438,283.35028076171875,305.16275024414062,-0.32095447182655334,0
3.288,6240.63134765625,-2.8957221508026123,8.3852062225341797,263.603271484375,271.39511108398438,305.16275024414062,-0.43221411108970642,0
3.292,7009.93603515625,-0.22630421817302704,0.051213603466749191,252.44125366210938,259.88784790039062,305.16275024414062,-0.52262181043624878,0
3.296,7065.91650390625,2.3437590599060059,5.4932060241699219,242.483154296875,249.62179565429688,305.16275024414062,-0.54706889390945435,0
3.3,6307.125,4.7557120323181152,22.616796493530273,234.35758972167969,241.24491882324219,305.16275024414062,-0.50322675704956055,0
3.304,6145.19140625,6.9568777084350586,48.398151397705078,228.49385070800781,235.1998291015625,305.16275024414062,-0.42012876272201538,0
3.308,6875.15771484375,8.9018917083740234,79.243675231933594,225.08378601074219,231.68429565429688,305.16275024414062,-0.34938153624534607,0
3.312,7131.625,10.553634643554688,111.37919616699219,224.06730651855469,230.63639831542969,305.16275024414062,-0.3190402090549469,0
3.316,6435.27587890625,11.883857727050781,141.22607421875,225.1424560546875,231.74479675292969,231.74479675292969,-0.29333752393722534,0
3.32,6066.7998046875,12.873538017272949,165.72798156738281,227.79948425292969,234.48397827148438,231.74479675292969,-0.22519123554229736,0
3.324,6720.59130859375,13.512969970703125,182.600341796875,231.37399291992188,238.16903686523438,231.74479675292969,-0.12579914927482605,0
3.328,7171.29833984375,13.801658630371094,190.48579406738281,235.11508178710938,242.02584838867188,231.74479675292969,-0.042263299226760864,0
3.332,6596.01806640625,13.747955322265625,189.00627136230469,238.26025390625,245.26828002929688,231.74479675292969,0.0072749927639961243,0
3.336,6011.41552734375,13.368507385253906,178.71699523925781,240.1104736328125,247.17573547363281,231.74479675292969,0.031850915402173996,0
3.34,6555.24853515625,12.687527656555176,160.97335815429688,240.09736633300781,247.16220092773438,231.74479675292969,0.014122858643531799,0
3.344,7193.0654296875,11.735913276672363,137.73165893554688,237.83627319335938,244.8311767578125,231.74479675292969,-0.095302782952785492,0
3.348,6742.0966796875,10.550224304199219,111.30723571777344,233.16024780273438,240.01054382324219,231.74479675292969,-0.30397218465805054,0
3.352,6006.98046875,9.1715545654296875,84.117416381835938,226.13151550292969,232.76445007324219,223.38203430175781,-0.50969380140304565,0
3.356,6411.48193359375,7.6442899703979492,58.435169219970703,217.03056335449219,223.38203430175781,223.38203430175781,-0.56653356552124023,0
3.36,7171.96484375,6.0148468017578125,36.178386688232422,206.32380676269531,212.3441162109375,223.38203430175781,-0.43794664740562439,0
3.364,6859.875,4.3304076194763184,18.752431869506836,194.61396789550781,200.27214050292969,223.38203430175781,-0.21681101620197296,0
3.368,6045.74755859375,2.6376814842224121,6.9573631286621094,182.57853698730469,187.86445617675781,223.38203430175781,-0.0040974915027618408,0
3.372,6283.0693359375,0.98170375823974609,0.96374225616455078,170.90275573730469,175.82759094238281,223.38203430175781,0.1582464873790741,0
3.376,7099.29541015625,-0.59529197216033936,0.35437250137329102,160.21357727050781,164.80781555175781,223.38203430175781,0.25731372833251953,0
3.38,6965.94775390625,-2.0549025535583496,4.2226243019104004,151.02157592773438,155.33151245117188,223.38203430175781,0.26718679070472717,0
3.384,6112.57666015625,-3.3634662628173828,11.312904357910156,143.67599487304688,147.75874328613281,223.38203430175781,0.17229971289634705,0
3.388,6161.40478515625,-4.492823600769043,20.185464859008789,138.33711242675781,142.25473022460938,223.38203430175781,0.02676917240023613,0
3.392,6980.42041015625,-5.4209074974060059,29.386240005493164,134.968017578125,138.78144836425781,223.38203430175781,-0.07171630859375,0
3.396,7051.30224609375,-6.1321501731872559,37.603263854980469,133.34635925292969,137.109619140625,137.109619140625,-0.069717526435852051,0
3.4,6242.5849609375,-6.6177139282226562,43.794139862060547,133.09347534179688,136.84895324707031,137.109619140625,0.0049364990554749966,0
3.404,6079.53125,-6.8755288124084473,47.272899627685547,133.71809387207031,137.49287414550781,137.109619140625,0.075721248984336853,0
3.408,6843.82958984375,-6.9101066589355469,47.74957275390625,134.6688232421875,138.47299194335938,137.109619140625,0.084143482148647308,0
3.412,7117.2958984375,-6.7321653366088867,45.322052001953125,135.39079284667969,139.21728515625,137.109619140625,0.03512263298034668,0
3.416,6392.38427734375,-6.3580193519592285,40.424407958984375,135.37947082519531,139.20564270019531,137.109619140625,-0.023365184664726257,0
3.42,6025.88671875,-5.8088316917419434,33.742523193359375,134.22758483886719,138.01814270019531,137.109619140625,-0.066425621509552002,0
3.424,6693.38818359375,-5.1097478866577148,26.109523773193359,131.65995788574219,135.37106323242188,137.109619140625,-0.11409648507833481,0
3.428,7154.06005859375,-4.2889847755432129,18.395391464233398,127.55374908447266,131.13789367675781,137.109619140625,-0.17714834213256836,0
3.432,6558.3466796875,-3.3768794536590576,11.403315544128418,121.943115234375,125.35372161865234,118.20432281494141,-0.2349851131439209,0
3.436,5990.6005859375,-2.4049499034881592,5.7837843894958496,115.00820159912109,118.20432281494141,118.20432281494141,-0.27351370453834534,0
3.44,6546.3779296875,-1.4049679040908813,1.9739347696304321,107.05080413818359,110.00083160400391,118.20432281494141,-0.28361505270004272,0
3.444,7170.0341796875,-0.40808677673339844,0.16653482615947723,98.459823608398438,101.14414215087891,118.20432281494141,-0.23712606728076935,0
3.448,6702.16162109375,0.55597895383834839,0.30911263823509216,89.670188903808594,92.082664489746094,118.20432281494141,-0.12110845744609833,0
3.452,5965.40087890625,1.4596990346908569,2.1307213306427002,81.119712829589844,83.267738342285156,118.20432281494141,0.021273389458656311,0
3.456,6390.35791015625,2.2783787250518799,5.191009521484375,73.2081298828125,75.111473083496094,118.20432281494141,0.11500410735607147,0
3.46,7156.15869140625,2.9906895160675049,8.9442243576049805,66.26214599609375,67.950660705566406,118.20432281494141,0.11579281091690063,0
3.464,6832.4091796875,3.5790538787841797,12.809626579284668,60.509361267089844,62.01995849609375,118.20432281494141,0.054940395057201385,0
3.468,5986.2373046875,4.0298910140991211,16.240020751953125,56.063316345214844,57.4364013671875,118.20432281494141,0.020708784461021423,0
3.472,6251.95556640625,4.3337516784667969,18.781402587890625,52.920166015625,54.196044921875,118.20432281494141,0.084978625178337097,0
3.476,7087.23193359375,4.4853668212890625,20.118515014648438,50.966827392578125,52.182292938232422,52.182292938232422,0.22978198528289795,0
3.48,6937.79052734375,4.4836311340332031,20.102947235107422,49.999015808105469,51.184551239013672,52.182292938232422,0.33376067876815796,0
3.484,6076.21728515625,4.3314881324768066,18.761789321899414,49.746795654296875,50.924530029296875,52.182292938232422,0.26274022459983826,0
3.488,6147.52880859375,4.0357275009155273,16.287094116210938,49.904838562011719,51.087455749511719,52.182292938232422,-0.0020792093127965927,0
3.492,6977.24853515625,3.6067161560058594,13.008402824401855,50.163982391357422,51.3546142578125,52.182292938232422,-0.32936161756515503,0
3.496,7022.73828125,3.0580661296844482,9.3517684936523438,50.24114990234375,51.434173583984375,52.182292938232422,-0.54136389493942261,0
3.5,6218.72021484375,2.4062602519989014,5.7900876998901367,49.904621124267578,51.087238311767578,52.182292938232422,-0.54634332656860352,0
3.504,6082.7734375,1.6702260971069336,2.7896552085876465,48.992450714111328,50.1468505859375,52.182292938232422,-0.36335420608520508,0
3.508,6842.92431640625,0.8708643913269043,0.75840473175048828,47.422748565673828,48.528606414794922,52.182292938232422,-0.074878834187984467,0
3.512,7083.79833984375,0.03053458034992218,0.00093236053362488747,45.195178985595703,46.232139587402344,52.182292938232422,0.21306228637695312,0
3.516,6363.79833984375,-0.82747495174407959,0.68471479415893555,42.384349822998047,43.334373474121094,43.334373474121094,0.4014836847782135,0
3.52,6008.29150390625,-1.6794952154159546,2.8207042217254639,39.126209259033203,39.975475311279297,43.334373474121094,0.42066067457199097,0
3.524,6687.16552734375,-2.5020606517791748,6.2603073120117188,35.599407196044922,36.339591979980469,43.334373474121094,0.25616422295570374,0
3.528,7131.50537109375,-3.2725405693054199,10.70952320098877,32.003875732421875,32.632862091064453,43.334373474121094,-0.036789089441299438,0
3.532,6510.4482421875,-3.9697945117950439,15.759267807006836,28.538936614990234,29.060756683349609,43.334373474121094,-0.3614463210105896,0
3.536,5937.10009765625,-4.5747900009155273,20.928705215454102,25.383172988891602,25.807394027709961,43.334373474121094,-0.61505591869354248,0
3.54,6518.65087890625,-5.0711669921875,25.716732025146484,22.67803955078125,23.018596649169922,43.334373474121094,-0.71501815319061279,0
3.544,7148.57666015625,-5.4456963539123535,29.655609130859375,20.516519546508789,20.790227890014648,43.334373474121094,-0.62599790096282959,0
3.548,6668.04296875,-5.6886467933654785,32.360706329345703,18.937587738037109,19.162460327148438,43.334373474121094,-0.37064188718795776,0
3.552,5929.61328125,-5.7940430641174316,33.570934295654297,17.926660537719727,18.120265960693359,43.334373474121094,-0.033596057444810867,0
3.556,6370.3779296875,-5.7597951889038086,33.175243377685547,17.421459197998047,17.599441528320312,17.599441528320312,0.24762940406799316,0
3.56,7133.57958984375,-5.5876679420471191,31.222030639648438,17.322336196899414,17.49725341796875,17.599441528320312,0.36192458868026733,0
3.564,6802.84619140625,-5.2830848693847656,27.910985946655273,17.505504608154297,17.686086654663086,17.599441528320312,0.31568393111228943,0
3.568,5967.66552734375,-4.8548188209533691,23.569265365600586,17.837743759155273,18.028600692749023,17.599441528320312,0.2012990266084671,0
3.572,6228.0419921875,-4.3145890235900879,18.615676879882812,18.190780639648438,18.392557144165039,17.599441528320312,0.091641105711460114,0
3.576,7065.43994140625,-3.6766078472137451,13.51744556427002,18.45404052734375,18.663955688476562,17.599441528320312,-0.0044528236612677574,0
3.58,6912.44677734375,-2.9570972919464111,8.7444257736206055,18.544479370117188,18.757196426391602,17.599441528320312,-0.11067698895931244,0
3.584,6065.36962890625,-2.1738090515136719,4.7254462242126465,18.412729263305664,18.621368408203125,17.599441528320312,-0.23402926325798035,0
3.588,6143.5224609375,-1.3455476760864258,1.8104985952377319,18.045232772827148,18.242507934570312,17.599441528320312,-0.34567442536354065,0
3.592,6961.1318359375,-0.49169462919235229,0.24176359176635742,17.46234130859375,17.641586303710938,16.869058609008789,-0.40383639931678772,0
3.596,6996.46484375,0.36829519271850586,0.13564133644104004,16.712987899780273,16.869058609008789,16.869058609008789,-0.39309325814247131,0
3.6,6181.57421875,1.2154178619384766,1.4772405624389648,15.866650581359863,15.996546745300293,16.869058609008789,-0.33457779884338379,0
3.604,6051.54150390625,2.0316379070281982,4.1275520324707031,15.003743171691895,15.106951713562012,16.869058609008789,-0.26134437322616577,0
3.608,6831.57568359375,2.8003401756286621,7.8419051170349121,14.205589294433594,14.284111022949219,16.869058609008789,-0.18526172637939453,0
3.612,7066.46484375,3.5066726207733154,12.2967529296875,13.545084953308105,13.603179931640625,16.869058609008789,-0.088885188102722168,0
3.616,6325.38916015625,4.1377739906311035,17.121175765991211,13.079020500183105,13.122700691223145,16.869058609008789,0.037082850933074951,0
3.62,5969.3818359375,4.6829185485839844,21.929727554321289,12.842763900756836,12.879137992858887,16.869058609008789,0.16448470950126648,0
3.624,6670.5234375,5.133608341217041,26.353937149047852,12.847651481628418,12.884176254272461,16.869058609008789,0.25383943319320679,0
3.628,7108.5693359375,5.4836034774780273,30.069906234741211,13.081143379211426,13.124890327453613,16.869058609008789,0.29870906472206116,0
3.632,6488.109375,5.7289199829101562,32.820518493652344,13.509486198425293,13.566479682922363,16.869058609008789,0.33007955551147461,0
3.636,5936.14697265625,5.8677663803100586,34.430683135986328,14.082425117492676,14.157139778137207,14.157139778137207,0.37176960706710815,0
3.64,6516.3857421875,5.9004426002502441,34.815227508544922,14.739250183105469,14.83427906036377,14.157139778137207,0.40761294960975647,0
3.644,7132.5546875,5.8292250633239746,33.979869842529297,15.41551685333252,15.531460762023926,14.157139778137207,0.4033866822719574,0
3.648,6640.3154296875,5.6582503318786621,32.015796661376953,16.049648284912109,16.185205459594727,14.157139778137207,0.34911268949508667,0
3.652,5943.06103515625,5.3933959007263184,29.088720321655273,16.588811874389648,16.741043090820312,14.157139778137207,0.27259603142738342,0
3.656,6379.3662109375,5.0421371459960938,25.423147201538086,16.993453979492188,17.158199310302734,14.157139778137207,0.20896558463573456,0
3.66,7108.88037109375,4.6133856773376465,21.2833251953125,17.240234375,17.412609100341797,14.157139778137207,0.16074654459953308,0
3.664,6776.81005859375,4.1172866821289062,16.952051162719727,17.323083877563477,17.498025894165039,14.157139778137207,0.097667895257472992,0
3.668,5976.5576171875,3.5649921894073486,12.709170341491699,17.252466201782227,17.425222396850586,14.157139778137207,-0.01005835086107254,0
3.672,6244.23046875,2.9683852195739746,8.811309814453125,17.053064346313477,17.219655990600586,14.157139778137207,-0.16831409931182861,0
3.676,7054.37744140625,2.339789867401123,5.4746160507202148,16.760187149047852,16.917718887329102,16.917718887329102,-0.35311594605445862,0
3.68,6882.33447265625,1.6916507482528687,2.8616821765899658,16.415359497070312,16.562225341796875,16.917718887329102,-0.51553773880004883,0
3.684,6050.0625,1.0362157821655273,1.0737432241439819,16.061599731445312,16.197525024414062,16.917718887329102,-0.6019781231880188,0
3.688,6133.34228515625,0.38523572683334351,0.14840658009052277,15.738827705383301,15.864771842956543,16.917718887329102,-0.56597602367401123,0
3.692,6941.7958984375,-0.25029692053794861,0.062648557126522064,15.479911804199219,15.597845077514648,16.917718887329102,-0.38054141402244568,0
3.696,6969.28515625,-0.86036604642868042,0.74022978544235229,15.307681083679199,15.4202880859375,16.917718887329102,-0.076273061335086823,0
3.7,6170.56005859375,-1.4361085891723633,2.0624079704284668,15.233128547668457,15.343429565429688,16.917718887329102,0.24965925514698029,0
3.704,6062.10302734375,-1.9699456691741943,3.8806858062744141,15.254948616027832,15.365925788879395,16.917718887329102,0.47573241591453552,0
3.708,6819.63037109375,-2.4556593894958496,6.0302634239196777,15.360384941101074,15.47462272644043,16.917718887329102,0.51422911882400513,0
3.712,7034.1826171875,-2.8884060382843018,8.342890739440918,15.527224540710449,15.646621704101562,16.917718887329102,0.37375730276107788,0
3.716,6310.84521484375,-3.2646591663360596,10.657999992370605,15.726690292358398,15.852256774902344,15.852256774902344,0.16620080173015594,0
3.72,5995.75146484375,-3.5820930004119873,12.831390380859375,15.926902770996094,16.058664321899414,15.852256774902344,0.021325657144188881,0
3.724,6670.66650390625,-3.839430570602417,14.741226196289062,16.096521377563477,16.233526229858398,15.852256774902344,0.00028285439475439489,0
3.728,7079.26806640625,-4.036313533782959,16.291824340820312,16.208169937133789,16.348627090454102,15.852256774902344,0.084606729447841644,0
3.732,6468.39208984375,-4.1731910705566406,17.415523529052734,16.241292953491211,16.382776260375977,15.852256774902344,0.21321249008178711,0
3.736,5953.4794921875,-4.251248836517334,18.073116302490234,16.184183120727539,16.323898315429688,15.852256774902344,0.32257097959518433,0
3.74,6523.9912109375,-4.2723250389099121,18.252761840820312,16.034902572631836,16.170003890991211,15.852256774902344,0.37988018989562988,0
3.744,7109.30859375,-4.2388405799865723,17.967769622802734,15.801145553588867,15.92901611328125,15.852256774902344,0.39024418592453003,0
3.748,6611.3232421875,-4.1537070274353027,17.253280639648438,15.498997688293457,15.617521286010742,15.852256774902344,0.37404212355613708,0
3.752,5905.08056640625,-4.0202240943908691,16.162200927734375,15.150822639465332,15.258580207824707,14.878901481628418,0.35451173782348633,0
3.756,6354.38037109375,-3.8419833183288574,14.760836601257324,14.782534599304199,14.878901481628418,14.878901481628418,0.34600648283958435,0
3.76,7098.2216796875,-3.6227984428405762,13.124669075012207,14.420585632324219,14.505757331848145,14.878901481628418,0.33270588517189026,0
3.764,6747.31787109375,-3.3666834831237793,11.334556579589844,14.089057922363281,14.163976669311523,14.878901481628418,0.28337264060974121,0
3.768,5923.7958984375,-3.077897310256958,9.4734525680541992,13.80714225769043,13.87334156036377,14.878901481628418,0.17417550086975098,0
3.772,6217.02734375,-2.7610030174255371,7.6231374740600586,13.58729076385498,13.646690368652344,14.878901481628418,-0.0050642192363739014,0
3.776,7039.35693359375,-2.4208807945251465,5.8606634140014648,13.434155464172363,13.48882007598877,14.878901481628418,-0.21630749106407166,0
3.78,6857.1328125,-2.0626564025878906,4.2545509338378906,13.344358444213867,13.396245002746582,14.878901481628418,-0.36433610320091248,0
3.784,6001.01953125,-1.6915775537490845,2.8614344596862793,13.30707836151123,13.357810974121094,14.878901481628418,-0.37091207504272461,0
3.788,6105.63818359375,-1.3128728866577148,1.7236353158950806,13.305340766906738,13.356020927429199,14.878901481628418,-0.25864219665527344,0
3.792,6937.83837890625,-0.93160742521286011,0.86789244413375854,13.317863464355469,13.368931770324707,14.878901481628418,-0.15570080280303955,0
3.796,6943.51318359375,-0.55254429578781128,0.30530518293380737,13.321256637573242,13.372428894042969,13.372428894042969,-0.19443289935588837,0
3.8,6110.0966796875,-0.18003392219543457,0.032412212342023849,13.2923583984375,13.342636108398438,13.372428894042969,-0.38813066482543945,0
3.804,6006.4794921875,0.1820656955242157,0.033147919923067093,13.210472106933594,13.258216857910156,13.372428894042969,-0.61147433519363403,0
3.808,6803.8232421875,0.5304301381111145,0.2813560962677002,13.059260368347168,13.102330207824707,13.372428894042969,-0.70258837938308716,0
3.812,7006.90869140625,0.86227309703826904,0.74351489543914795,12.82819652557373,12.864118576049805,13.372428894042969,-0.60679548978805542,0
3.816,6254.7685546875,1.1753231287002563,1.3813844919204712,12.513400077819824,12.539587020874023,13.372428894042969,-0.42630642652511597,0
3.82,5940.74755859375,1.4677823781967163,2.1543853282928467,12.117894172668457,12.13184928894043,13.372428894042969,-0.30647516250610352,0
3.824,6650.94921875,1.7382780313491821,3.0216102600097656,11.651247978210449,11.65077018737793,13.372428894042969,-0.29942789673805237,0
3.828,7063.0078125,1.9858112335205078,3.9434463977813721,11.128718376159668,11.112080574035645,13.372428894042969,-0.35763797163963318,0
3.832,6421.37646484375,2.2097182273864746,4.8828544616699219,10.569964408874512,10.536046028137207,13.372428894042969,-0.40696439146995544,0
3.836,5898.64306640625,2.4096419811248779,5.8063750267028809,9.9974794387817383,9.9458541870117188,9.9458541870117188,-0.39193743467330933,0
3.84,6497.43115234375,2.5855116844177246,6.684870719909668,9.434870719909668,9.3658447265625,9.9458541870117188,-0.2847602367401123,0
3.844,7088.0888671875,2.7375056743621826,7.4939374923706055,8.9051513671875,8.8197431564331055,9.9458541870117188,-0.11202148348093033,0
3.848,6570.86474609375,2.8660099506378174,8.2140121459960938,8.4291152954101562,8.328984260559082,9.9458541870117188,0.030189728364348412,0
3.852,5863.16650390625,2.9715545177459717,8.8301362991333008,8.0239458084106445,7.9112844467163086,9.9458541870117188,0.057179480791091919,0
3.856,6332.18359375,3.0547282695770264,9.331364631652832,7.7021093368530273,7.579493522644043,9.9458541870117188,-0.017365977168083191,0
3.86,7081.4140625,3.116055965423584,9.7098054885864258,7.4706382751464844,7.3408637046813965,9.9458541870117188,-0.11608666181564331,0
3.864,6715.46484375,3.1558525562286377,9.9594039916992188,7.3307862281799316,7.1966872215270996,9.9458541870117188,-0.1753961592912674,0
3.868,5884.33837890625,3.1740772724151611,10.074766159057617,7.2780981063842773,7.1423683166503906,9.9458541870117188,-0.16564373672008514,0
3.872,6183.6005859375,3.1702251434326172,10.050328254699707,7.3028783798217773,7.1679153442382812,9.9458541870117188,-0.077560208737850189,0
3.876,7026.76806640625,3.143287181854248,9.8802547454833984,7.3909912109375,7.258753776550293,7.258753776550293,0.075419507920742035,0
3.88,6828.9521484375,3.0917923450469971,9.5591793060302734,7.5249404907226562,7.396845817565918,7.258753776550293,0.24393443763256073,0
3.884,5952.50244140625,3.0139083862304688,9.083643913269043,7.6851387023925781,7.5619988441467285,7.258753776550293,0.37983497977256775,0
3.888,6072.1640625,2.9075725078582764,8.4539775848388672,7.8512511253356934,7.7332487106323242,7.258753776550293,0.48169580101966858,0
3.892,6921.7919921875,2.7706332206726074,7.6764082908630371,8.0035247802734375,7.8902311325073242,7.258753776550293,0.55420094728469849,0
3.896,6918.45458984375,2.6010112762451172,6.7652602195739746,8.1240262985229492,8.014460563659668,7.258753776550293,0.5721898078918457,0
3.9,6075.64453125,2.3968665599822998,5.7449698448181152,8.1976776123046875,8.0903902053833008,7.258753776550293,0.52360868453979492,0
3.904,5976.72509765625,2.1567797660827637,4.6516990661621094,8.2130966186523438,8.1062850952148438,7.258753776550293,0.44363078474998474,0
3.908,6790.68603515625,1.8799329996109009,3.5341479778289795,8.1631755828857422,8.0548200607299805,7.258753776550293,0.39312878251075745,0
3.912,6993.1513671875,1.5662755966186523,2.4532191753387451,8.0453824996948242,7.9333839416503906,7.258753776550293,0.39923739433288574,0
3.916,6215.95458984375,1.2166767120361328,1.4803022146224976,7.8618278503417969,7.7441520690917969,7.7441520690917969,0.41658228635787964,0
3.92,5906.9873046875,0.83306264877319336,0.69399338960647583,7.61907958984375,7.4938955307006836,7.7441520690917969,0.37262400984764099,0
3.924,6637.50244140625,0.41851180791854858,0.17515213787555695,7.3277587890625,7.1935653686523438,7.7441520690917969,0.24769739806652069,0
3.928,7044.0771484375,-0.022710632532835007,0.00051577284466475248,7.0019326210021973,6.8576622009277344,7.7441520690917969,0.094069458544254303,0
3.932,6376.88671875,-0.4851774275302887,0.23539714515209198,6.6583304405212402,6.5034332275390625,7.7441520690917969,-0.011928923428058624,0
3.936,5855.3935546875,-0.96236449480056763,0.92614543437957764,6.3153905868530273,6.1498870849609375,7.7441520690917969,-0.035462230443954468,0
3.94,6476.06884765625,-1.4467614889144897,2.0931186676025391,5.9921975135803223,5.8166985511779785,7.7441520690917969,-0.0076485960744321346,0
3.944,7074.0703125,-1.9300305843353271,3.7250182628631592,5.7073426246643066,5.5230331420898438,7.7441520690917969,0.032736562192440033,0
3.948,6538.86865234375,-2.4032065868377686,5.7754020690917969,5.477785587310791,5.286376953125,7.7441520690917969,0.1002262681722641,0
3.952,5842.4951171875,-2.8569183349609375,8.161982536315918,5.3177809715270996,5.1214241981506348,7.7441520690917969,0.22169387340545654,0
3.956,6321.40625,-3.2816340923309326,10.769122123718262,5.2379469871520996,5.039121150970459,5.039121150970459,0.36051696538925171,0
3.96,7068.63525390625,-3.6679103374481201,13.45356559753418,5.2445244789123535,5.0459012985229492,5.039121150970459,0.44543394446372986,0
3.964,6673.9560546875,-4.0066518783569336,16.053258895874023,5.338897705078125,5.1431937217712402,5.039121150970459,0.45328760147094727,0
3.968,5834.58056640625,-4.2893691062927246,18.398687362670898,5.5174026489257812,5.3272194862365723,5.039121150970459,0.39817732572555542,0
3.972,6161.83349609375,-4.5084357261657715,20.325994491577148,5.7714600563049316,5.5891332626342773,5.039121150970459,0.28862881660461426,0
3.976,7012.58203125,-4.6573615074157715,21.691019058227539,6.0880675315856934,5.9155335426330566,5.039121150970459,0.14670760929584503,0
3.98,6793.40478515625,-4.7310705184936523,22.383026123046875,6.4506368637084961,6.2893166542053223,5.039121150970459,0.021905606612563133,0
3.984,5907.2255859375,-4.7261838912963867,22.336816787719727,6.840144157409668,6.6908698081970215,5.039121150970459,-0.03705635666847229,0
3.988,6044.38818359375,-4.6412353515625,21.541067123413086,7.2364935874938965,7.0994782447814941,5.039121150970459,-0.017554342746734619,0
3.992,6905.74755859375,-4.4767904281616211,20.041652679443359,7.6199684143066406,7.49481201171875,5.039121150970459,0.045170586556196213,0
3.996,6896.6630859375,-4.2354226112365723,17.938806533813477,7.9726386070251465,7.8583898544311523,7.8583898544311523,0.095320664346218109,0
4,6039.1904296875,-3.9215843677520752,15.378825187683105,8.279566764831543,8.1748104095458984,7.8583898544311523,0.097743593156337738,0
4.004,5955.7919921875,-3.5413830280303955,12.541394233703613,8.5297317504882812,8.432713508605957,7.8583898544311523,0.057548325508832932,0
4.008,6779.00390625,-3.1023178100585938,9.6243743896484375,8.7165908813476562,8.6253509521484375,7.8583898544311523,0.014359064400196075,0
4.012,6971.45556640625,-2.612992525100708,6.8277297019958496,8.8382768630981445,8.7507991790771484,7.8583898544311523,0.01287958025932312,0
4.016,6176.40087890625,-2.0828101634979248,4.3380980491638184,8.8974103927612305,8.811762809753418,7.8583898544311523,0.068887948989868164,0
4.02,5868.9833984375,-1.5216758251190186,2.3154976367950439,8.9006328582763672,8.8150844573974609,7.8583898544311523,0.15052509307861328,0
4.024,6619.3818359375,-0.93972814083099365,0.88308894634246826,8.8578624725341797,8.7709932327270508,7.8583898544311523,0.18184170126914978,0
4.028,7024.40771484375,-0.34713459014892578,0.12050243467092514,8.781402587890625,8.6921672821044922,7.8583898544311523,0.1140701025724411,0
4.032,6340.0029296875,0.24605707824230194,0.060544084757566452,8.6849575042724609,8.5927400588989258,7.8583898544311523,-5.9255940868752077e-05,0
4.036,5816.41259765625,0.83003884553909302,0.68896454572677612,8.5826091766357422,8.4872255325317383,8.4872255325317383,-0.064248427748680115,0
4.04,6453.94384765625,1.3953577280044556,1.9470231533050537,8.4878520965576172,8.3895387649536133,8.4872255325317383,-0.036668229848146439,0
4.044,7057.78662109375,1.9330421686172485,3.7366518974304199,8.4127073287963867,8.3120698928833008,8.4872255325317383,0.063540041446685791,0
4.048,6495.64306640625,2.4347469806671143,5.9279928207397461,8.3669862747192383,8.2649335861206055,8.4872255325317383,0.18064539134502411,0
4.052,5765.70068359375,2.8929076194763184,8.3689146041870117,8.357762336730957,8.2554244995117188,8.4872255325317383,0.23222121596336365,0
4.056,6287.6943359375,3.3008792400360107,10.895803451538086,8.3890504837036133,8.2876796722412109,8.4872255325317383,0.1477399617433548,0
4.06,7052.49365234375,3.6530342102050781,13.344657897949219,8.4617462158203125,8.3626232147216797,8.4872255325317383,-0.067025646567344666,0
4.064,6638.38427734375,3.9448096752166748,15.5615234375,8.5737895965576172,8.4781322479248047,8.4872255325317383,-0.310863196849823,0
4.068,5771.0654296875,4.1726903915405273,17.411342620849609,8.72052001953125,8.6294021606445312,8.4872255325317383,-0.46071195602416992,0
4.072,6131.05322265625,4.3341813087463379,18.785125732421875,8.8952159881591797,8.8094997406005859,9.0100173950195312,-0.46863570809364319,0
4.076,7009.36328125,4.4277815818786621,19.605249404907227,9.089716911315918,9.0100173950195312,9.0100173950195312,-0.36910319328308105,0
4.08,6768.72802734375,4.4529876708984375,19.829097747802734,9.2951154708862305,9.2217683792114258,9.0100173950195312,-0.21694560348987579,0
4.084,5850.38671875,4.4103078842163086,19.450815200805664,9.5024595260620117,9.4355239868164062,9.0100173950195312,-0.05745234340429306,0
4.088,6013.56103515625,4.3012709617614746,18.500930786132812,9.7033977508544922,9.6426773071289062,9.0100173950195312,0.061824638396501541,0
4.092,6906.74853515625,4.1284551620483398,17.044139862060547,9.8907527923583984,9.8358278274536133,9.0100173950195312,0.093497000634670258,0
4.096,6867.6474609375,3.8955264091491699,15.175125122070312,10.05894947052002,10.00922679901123,9.0100173950195312,0.021819761022925377,0
4.1,5980.08740234375,3.6072509288787842,13.012258529663086,10.204297065734863,10.159070014953613,9.0100173950195312,-0.11554893106222153,0
4.104,5920.3154296875,3.2694625854492188,10.689384460449219,10.325048446655273,10.283554077148438,9.0100173950195312,-0.24371941387653351,0
4.108,6763.86474609375,2.8889758586883545,8.3461818695068359,10.421290397644043,10.382772445678711,9.0100173950195312,-0.29827055335044861,0
4.112,6941.74853515625,2.4734363555908203,6.1178879737854004,10.494583129882812,10.458333015441895,9.0100173950195312,-0.27931037545204163,0
4.116,6135.9169921875,2.0311446189880371,4.1255483627319336,10.547488212585449,10.512873649597168,10.512873649597168,-0.24743683636188507,0
4.12,5837.91796875,1.5708566904067993,2.4675910472869873,10.58296012878418,10.549443244934082,10.512873649597168,-0.25394168496131897,0
4.124,6612.34912109375,1.1015586853027344,1.213431715965271,10.603726387023926,10.57085132598877,10.512873649597168,-0.3017582893371582,0
4.128,7006.90869140625,0.63222044706344604,0.39970269799232483,10.611709594726562,10.579081535339355,10.512873649597168,-0.36257562041282654,0
4.132,6284.28515625,0.17155015468597412,0.02942945621907711,10.607589721679688,10.574833869934082,10.512873649597168,-0.3967856764793396,0
4.136,5766.9404296875,-0.27222165465354919,0.074104629456996918,10.590550422668457,10.557269096374512,10.512873649597168,-0.36404266953468323,0
4.14,6443.1435546875,-0.6915363073348999,0.47822245955467224,10.558250427246094,10.523968696594238,10.512873649597168,-0.24072575569152832,0
4.144,7039.9765625,-1.0796941518783569,1.1657394170761108,10.507064819335938,10.471199035644531,10.512873649597168,-0.057517677545547485,0
4.148,6462.9560546875,-1.4310357570648193,2.0478630065917969,10.432515144348145,10.394345283508301,10.512873649597168,0.090372584760189056,0
4.152,5748.0341796875,-1.741101861000061,3.0314357280731201,10.32990550994873,10.288561820983887,10.512873649597168,0.12444359064102173,0
4.156,6278.34912109375,-2.0067362785339355,4.0269904136657715,10.195060729980469,10.14954662322998,10.14954662322998,0.072037681937217712,0
4.16,7038.0927734375,-2.2261154651641846,4.9555907249450684,10.025100708007812,9.974329948425293,10.14954662322998,0.029765760526061058,0
4.164,6616.1396484375,-2.3986854553222656,5.7536916732788086,9.8191118240356445,9.7619705200195312,10.14954662322998,0.057359617203474045,0
4.168,5763.60302734375,-2.5250506401062012,6.375880241394043,9.5786542892456055,9.5140762329101562,10.14954662322998,0.14775165915489197,0
4.172,6122.06494140625,-2.6068389415740967,6.7956099510192871,9.3080472946166992,9.2350997924804688,10.14954662322998,0.27161988615989685,0
4.176,6992.19775390625,-2.6465656757354736,7.0043096542358398,9.014312744140625,8.9322795867919922,10.14954662322998,0.39867329597473145,0
4.18,6742.7880859375,-2.6475040912628174,7.00927734375,8.7068376541137695,8.61529541015625,10.14954662322998,0.47409018874168396,0
4.184,5829.97900390625,-2.6135687828063965,6.8307418823242188,8.3967161178588867,8.2955837249755859,10.14954662322998,0.43268078565597534,0
4.188,5998.9453125,-2.5491938591003418,6.4983892440795898,8.0958614349365234,7.9854240417480469,10.14954662322998,0.26563763618469238,0
4.192,6892.41943359375,-2.4591948986053467,6.0476393699645996,7.8159818649291992,7.6968879699707031,10.14954662322998,0.032825440168380737,0
4.196,6843.54296875,-2.3486073017120361,5.515955924987793,7.5675253868103027,7.4407477378845215,7.4407477378845215,-0.19241523742675781,0
4.2,5951.57177734375,-2.2225069999694824,4.9395370483398438,7.3587403297424316,7.2255048751831055,7.4407477378845215,-0.35868757963180542,0
4.204,5889.9404296875,-2.0858299732208252,4.3506865501403809,7.1949257850646973,7.0566244125366211,7.4407477378845215,-0.44173836708068848,0
4.208,6759.57275390625,-1.9431928396224976,3.7759983539581299,7.0779585838317871,6.9360389709472656,7.4407477378845215,-0.44986581802368164,0
4.212,6927.03759765625,-1.79874587059021,3.2354865074157715,7.0061135292053223,6.8619718551635742,7.4407477378845215,-0.40600720047950745,0
4.216,6096.26806640625,-1.6560440063476562,2.7424819469451904,6.9742002487182617,6.8290724754333496,7.4407477378845215,-0.31296691298484802,0
4.22,5803.65771484375,-1.5179424285888672,2.3041491508483887,6.9739737510681152,6.8288383483886719,7.4407477378845215,-0.15820951759815216,0
4.224,6601.26318359375,-1.3865261077880859,1.9224545955657959,6.9947609901428223,6.8502683639526367,7.4407477378845215,0.045374076813459396,0
4.228,6987.38134765625,-1.2630780935287476,1.5953662395477295,7.024259090423584,6.8806791305541992,6.9147567749023438,0.24200308322906494,0
4.232,6264.51953125,-1.1480823755264282,1.3180930614471436,7.0494093894958496,6.9066071510314941,6.9147567749023438,0.3703056275844574,0
4.236,5757.35546875,-1.0412585735321045,1.0842195749282837,7.057314395904541,6.9147567749023438,6.9147567749023438,0.40682324767112732,0
4.24,6431.60400390625,-0.94161891937255859,0.88664615154266357,7.0361075401306152,6.8928937911987305,6.9147567749023438,0.36647820472717285,0
4.244,7017.77978515625,-0.84754407405853271,0.71833103895187378,6.975740909576416,6.830660343170166,6.9147567749023438,0.28270959854125977,0
4.248,6418.87255859375,-0.75687199831008911,0.57285529375076294,6.8686370849609375,6.7202444076538086,6.9147567749023438,0.1965307742357254,0
4.252,5716.63427734375,-0.66700237989425659,0.44489216804504395,6.7101578712463379,6.5568642616271973,6.9147567749023438,0.15519258379936218,0
4.256,6264.63916015625,-0.57503509521484375,0.33066534996032715,6.4988546371459961,6.3390250205993652,6.9147567749023438,0.19877104461193085,0
4.26,7022.4287109375,-0.47795048356056213,0.2284366637468338,6.2365303039550781,6.0685873031616211,6.9147567749023438,0.32508048415184021,0
4.264,6584.95458984375,-0.37282174825668335,0.13899604976177216,5.9280800819396973,5.7505979537963867,6.9147567749023438,0.47308516502380371,0
4.268,5738.87890625,-0.25703564286231995,0.066067323088645935,5.581174373626709,5.3929624557495117,6.9147567749023438,0.54698723554611206,0
4.272,6110.93115234375,-0.12847587466239929,0.016506051644682884,5.2058014869689941,5.0059804916381836,6.9147567749023438,0.46698746085166931,0
4.276,6978.98974609375,0.014365705661475658,0.00020637348643504083,4.8137006759643555,4.6017532348632812,4.6017532348632812,0.24373054504394531,0
4.28,6713.70068359375,0.17234762012958527,0.02970370277762413,4.4177131652832031,4.1935186386108398,4.6017532348632812,-0.0091374441981315613,0
4.284,5803.99072265625,0.34566760063171387,0.11948609352111816,4.0310859680175781,3.7949333190917969,4.6017532348632812,-0.1841767281293869,0
4.288,5991.2919921875,0.53385162353515625,0.28499755263328552,3.6667678356170654,3.4193477630615234,4.6017532348632812,-0.2467786967754364,0
4.292,6878.35302734375,0.73573589324951172,0.54130733013153076,3.3367111682891846,3.0790836811065674,4.6017532348632812,-0.1831853836774826,0
4.296,6816.48291015625,0.94944703578948975,0.90144968032836914,3.0512378215789795,2.7847812175750732,4.6017532348632812,0.0039655365981161594,0
4.3,5912.23291015625,1.1723928451538086,1.3745048046112061,2.8184826374053955,2.5448272228240967,4.6017532348632812,0.23373822867870331,0
4.304,5876.08837890625,1.4012752771377563,1.9635722637176514,2.6439661979675293,2.3649134635925293,4.6017532348632812,0.36212268471717834,0
4.308,6751.51416015625,1.6321313381195068,2.6638526916503906,2.5303199291229248,2.2477524280548096,4.6017532348632812,0.27922740578651428,0
4.312,6903.38671875,1.8604017496109009,3.4610946178436279,2.4771838188171387,2.1929728984832764,2.197202205657959,-0.0049393242225050926,0
4.316,6056.6669921875,2.0810229778289795,4.3306565284729004,2.4812862873077393,2.197202205657959,2.197202205657959,-0.34130686521530151,0
4.32,5788.1591796875,2.2885582447052002,5.2374982833862305,2.5366840362548828,2.2543132305145264,2.197202205657959,-0.51931792497634888,0
4.324,6585.3359375,2.4773635864257812,6.1373305320739746,2.6351618766784668,2.3558368682861328,2.197202205657959,-0.41459441184997559,0
4.328,6961.72802734375,2.6417770385742188,6.9789862632751465,2.7667477130889893,2.4914925098419189,2.197202205657959,-0.081217683851718903,0
4.332,6223.15478515625,2.7763137817382812,7.707918643951416,2.9203174114227295,2.6498115062713623,2.197202205657959,0.29145678877830505,0
4.336,5730.72509765625,2.8758559226989746,8.2705459594726562,3.0842463970184326,2.8188107013702393,2.197202205657959,0.5018736720085144,0
4.34,6420.66015625,2.9358203411102295,8.6190414428710938,3.2470626831054688,2.9866626262664795,2.197202205657959,0.44769993424415588,0
4.344,6996.53662109375,2.9523162841796875,8.7161712646484375,3.3980712890625,3.142341136932373,2.197202205657959,0.16741451621055603,0
4.348,6390.28662109375,2.9222979545593262,8.539825439453125,3.5279109477996826,3.2761967182159424,2.197202205657959,-0.20127074420452118,0
4.352,5685.04443359375,2.8437080383300781,8.0866756439208984,3.6290156841278076,3.3804283142089844,2.197202205657959,-0.51114922761917114,0
4.356,6249.33349609375,2.7156021595001221,7.3744950294494629,3.6959655284881592,3.449448823928833,3.449448823928833,-0.66509228944778442,0
4.36,7021.45166015625,2.5382339954376221,6.4426321983337402,3.7257061004638672,3.4801089763641357,3.449448823928833,-0.61646777391433716,0
4.364,6533.265625,2.3130843639373779,5.3503594398498535,3.7176394462585449,3.4717929363250732,3.449448823928833,-0.3720906674861908,0
4.368,5638.57666015625,2.0428345203399658,4.1731734275817871,3.6735854148864746,3.4263763427734375,3.449448823928833,-0.014828030951321125,0
4.372,6078.6015625,1.7312980890274048,2.9973933696746826,3.5976212024688721,3.3480625152587891,3.449448823928833,0.30794572830200195,0
4.376,6982.8271484375,1.3833160400390625,1.9135633707046509,3.4958064556121826,3.2430992126464844,3.449448823928833,0.45655363798141479,0
4.38,6676.7216796875,1.0046050548553467,1.0092313289642334,3.3758056163787842,3.1193866729736328,3.449448823928833,0.40352320671081543,0
4.384,5724.64453125,0.6015436053276062,0.36185470223426819,3.2464275360107422,2.9860072135925293,3.449448823928833,0.26381650567054749,0
4.388,5958.29541015625,0.18095068633556366,0.032743148505687714,3.1171145439147949,2.8526949882507324,3.449448823928833,0.18024007976055145,0
4.392,6874.2998046875,-0.25006318092346191,0.062531590461730957,2.9974124431610107,2.7292912006378174,2.6252110004425049,0.20285694301128387,0
4.396,6785.75146484375,-0.68414211273193359,0.46805042028427124,2.8964545726776123,2.6252110004425049,2.6252110004425049,0.28828445076942444,0
4.4,5860.6865234375,-1.1136710643768311,1.2402633428573608,2.8224689960479736,2.5489368438720703,2.6252110004425049,0.36021780967712402,0
4.404,5851.88916015625,-1.5307776927947998,2.3432803153991699,2.7823207378387451,2.5075469017028809,2.6252110004425049,0.36967840790748596,0
4.408,6744.9091796875,-1.9274041652679443,3.7148869037628174,2.7810986042022705,2.5062873363494873,2.6252110004425049,0.31279444694519043,0
4.412,6877.89990234375,-2.2954573631286621,5.2691245079040527,2.8217711448669434,2.5482172966003418,2.6252110004425049,0.20180578529834747,0
4.416,6020.33203125,-2.6270079612731934,6.9011712074279785,2.904944896697998,2.6339638233184814,2.6252110004425049,0.060891836881637573,0
4.42,5762.48193359375,-2.9145023822784424,8.49432373046875,3.0287487506866455,2.7615962028503418,2.6252110004425049,-0.0607009157538414,0
4.424,6586.71875,-3.1509914398193359,9.9287471771240234,3.1888744831085205,2.9266746044158936,2.6252110004425049,-0.12221275269985199,0
4.428,6945.34765625,-3.3303656578063965,11.091336250305176,3.3787937164306641,3.1224677562713623,2.6252110004425049,-0.133941650390625,0
4.432,6179.16650390625,-3.4475784301757812,11.885798454284668,3.5901482105255127,3.3403587341308594,2.6252110004425049,-0.14167189598083496,0
4.436,5695.9873046875,-3.4988479614257812,12.241935729980469,3.8133022785186768,3.5704143047332764,3.5704143047332764,-0.1816839724779129,0
4.44,6411.4091796875,-3.4818427562713623,12.123228073120117,4.0380339622497559,3.8020966053009033,3.5704143047332764,-0.25407567620277405,0
4.444,6989.7412109375,-3.3958568572998047,11.531843185424805,4.2543044090270996,4.0250563621520996,3.5704143047332764,-0.32394137978553772,0
4.448,6352.28271484375,-3.2419521808624268,10.51025390625,4.4530515670776367,4.229949951171875,3.5704143047332764,-0.34416669607162476,0
4.452,5637.4794921875,-3.0230262279510498,9.1386871337890625,4.6269278526306152,4.4092040061950684,3.5704143047332764,-0.2813720703125,0
4.456,6234.7890625,-2.7438106536865234,7.5284972190856934,4.7708845138549805,4.557612419128418,3.5704143047332764,-0.14050778746604919,0
4.46,6995.36865234375,-2.410797119140625,5.8119421005249023,4.8825554847717285,4.6727371215820312,3.5704143047332764,0.02219485305249691,0
4.464,6508.99462890625,-2.0320937633514404,4.1294050216674805,4.9623632431030273,4.7550139427185059,3.5704143047332764,0.11856739223003387,0
4.468,5635.9296875,-1.6172361373901367,2.6154530048370361,5.0133504867553711,4.8075776100158691,3.5704143047332764,0.092847742140293121,0
4.472,6066.1083984375,-1.1769469976425171,1.3852040767669678,5.0407247543334961,4.8357987403869629,4.8465676307678223,-0.012572631239891052,0
4.476,6965.85302734375,-0.72283726930618286,0.52249372005462646,5.0511703491210938,4.8465676307678223,4.8465676307678223,-0.088314756751060486,0
4.48,6649.828125,-0.26705679297447205,0.071319326758384705,5.0520033836364746,4.8474259376525879,4.8465676307678223,-0.069145657122135162,0
4.484,5696.13037109375,0.17809502780437469,0.031717836856842041,5.0502471923828125,4.8456153869628906,4.8465676307678223,0.0078328447416424751,0
4.488,5925.72802734375,0.60057991743087769,0.3606962263584137,5.0517606735229492,4.8471755981445312,4.8465676307678223,0.053748965263366699,0
4.492,6872.65478515625,0.98904609680175781,0.97821217775344849,5.0604996681213379,4.8561849594116211,4.8465676307678223,0.016383707523345947,0
4.496,6759.90625,1.3332456350326538,1.7775437831878662,5.0780210494995117,4.8742485046386719,4.8465676307678223,-0.082660473883152008,0
4.5,5796.95703125,1.6244068145751953,2.6386973857879639,5.1033048629760742,4.9003143310546875,4.8465676307678223,-0.18842780590057373,0
4.504,5802.79931640625,1.8555402755737305,3.4430294036865234,5.1328949928283691,4.9308195114135742,4.8465676307678223,-0.27532306313514709,0
4.508,6738.75927734375,2.0216541290283203,4.0870847702026367,5.1613593101501465,4.9601645469665527,4.8465676307678223,-0.34709063172340393,0
4.512,6861.35400390625,2.1198787689208984,4.4938864707946777,5.1820144653320312,4.9814581871032715,4.8465676307678223,-0.38653987646102905,0
4.516,5950.9521484375,2.1495139598846436,4.6204099655151367,5.1878104209899902,4.9874334335327148,4.9874334335327148,-0.33323240280151367,0
4.52,5707.95556640625,2.1120204925537109,4.4606308937072754,5.1722731590270996,4.9714155197143555,4.9874334335327148,-0.13668844103813171,0
4.524,6578.66015625,2.0109679698944092,4.0439925193786621,5.1304054260253906,4.9282522201538086,4.9874334335327148,0.16173891723155975,0
4.528,6930.7568359375,1.8519340753555298,3.4296600818634033,5.0594191551208496,4.8550710678100586,4.9874334335327148,0.43832772970199585,0
4.532,6117.13037109375,1.6423591375350952,2.6973433494567871,4.9592080116271973,4.7517609596252441,4.9874334335327148,0.557220458984375,0
4.536,5639.74462890625,1.3913329839706421,1.9358075857162476,4.8325133323669434,4.6211471557617188,4.9874334335327148,0.42413988709449768,0
4.54,6399.8701171875,1.1093076467514038,1.2305635213851929,4.6847434043884277,4.4688072204589844,4.9874334335327148,0.067135907709598541,0
4.544,6975.38916015625,0.80772846937179565,0.65242528915405273,4.523468017578125,4.3025436401367188,4.9874334335327148,-0.34070849418640137,0
4.548,6312.49072265625,0.49861130118370056,0.24861320853233337,4.3576445579528809,4.131591796875,4.9874334335327148,-0.61674612760543823,0
4.552,5619.3828125,0.19410471618175507,0.037676643580198288,4.1966643333435059,3.9656329154968262,4.9874334335327148,-0.69029128551483154,0
4.556,6226.61181640625,-0.093936845660209656,0.0088241305202245712,4.0493507385253906,3.8137633800506592,3.8137633800506592,-0.57309961318969727,0
4.56,6978.06005859375,-0.35434356331825256,0.12555937469005585,3.9230093955993652,3.6835143566131592,3.8137633800506592,-0.31326675415039062,0
4.564,6479.45458984375,-0.57696771621704102,0.33289170265197754,3.822659969329834,3.580061674118042,3.8137633800506592,-0.00083347008330747485,0
4.568,5646.34912109375,-0.75297802686691284,0.56697589159011841,3.7505359649658203,3.505706787109375,3.8137633800506592,0.25930866599082947,0
4.572,6068.2060546875,-0.87513160705566406,0.76585531234741211,3.7059054374694824,3.4596958160400391,3.8137633800506592,0.38278284668922424,0
4.576,6942.65478515625,-0.93803530931472778,0.87991029024124146,3.6852321624755859,3.4383831024169922,3.8137633800506592,0.32373061776161194,0
4.58,6628.08447265625,-0.93836814165115356,0.880534827709198,3.6826584339141846,3.43572998046875,3.8137633800506592,0.11655030399560928,0
4.584,5702.06640625,-0.87504053115844727,0.76569592952728271,3.69073486328125,3.4440562725067139,3.8137633800506592,-0.10695348680019379,0
4.588,5934.1669921875,-0.74927234649658203,0.56140899658203125,3.7013084888458252,3.4549572467803955,3.8137633800506592,-0.20212464034557343,0
4.592,6848.3115234375,-0.56459474563598633,0.31876721978187561,3.7064335346221924,3.4602406024932861,3.8137633800506592,-0.1443682461977005,0
4.596,6739.3779296875,-0.32678046822547913,0.10678547620773315,3.6992080211639404,3.4527912139892578,3.4527912139892578,-0.030838554725050926,0
4.6,5831.83837890625,-0.043707352131605148,0.001910332590341568,3.6744410991668701,3.4272587299346924,3.4527912139892578,0.050525110214948654,0
4.604,5839.30078125,0.27485078573226929,0.075542964041233063,3.6290862560272217,3.3805007934570312,3.4527912139892578,0.077390313148498535,0
4.608,6715.75146484375,0.61750507354736328,0.38131251931190491,3.5624148845672607,3.311767578125,3.4527912139892578,0.066385984420776367,0
4.612,6829.52490234375,0.97160816192626953,0.94402247667312622,3.4759128093719482,3.2225902080535889,3.4527912139892578,0.067109927535057068,0
4.616,5936.57568359375,1.3236900568008423,1.7521553039550781,3.372931957244873,3.1164240837097168,3.4527912139892578,0.12290950864553452,0
4.62,5714.8701171875,1.6599490642547607,2.7554309368133545,3.2581546306610107,2.9980971813201904,3.4527912139892578,0.20265765488147736,0
4.624,6567.02587890625,1.96673583984375,3.8680496215820312,3.1369407176971436,2.8731346130371094,3.4527912139892578,0.21639974415302277,0
4.628,6905.77099609375,2.2309615612030029,4.9771895408630371,3.0146574974060059,2.7470695972442627,3.4527912139892578,0.10563572496175766,0
4.632,6094.98046875,2.4404253959655762,5.9556760787963867,2.896054744720459,2.6247985363006592,3.4527912139892578,-0.10818395763635635,0
4.636,5630.01708984375,2.5841193199157715,6.6776723861694336,2.7847697734832764,2.5100719928741455,2.5100719928741455,-0.34806203842163086,0
4.64,6389.90478515625,2.6525580883026123,7.0360641479492188,2.6830265522003174,2.405181884765625,2.5100719928741455,-0.51876926422119141,0
4.644,6952.95458984375,2.6381618976593018,6.9598984718322754,2.5915877819061279,2.3109149932861328,2.5100719928741455,-0.55189931392669678,0
4.648,6281.6865234375,2.5356342792510986,6.429440975189209,2.5099711418151855,2.2267742156982422,2.5100719928741455,-0.46010208129882812,0
4.652,5587.1015625,2.342299222946167,5.4863653182983398,2.4369251728057861,2.1514689922332764,2.5100719928741455,-0.33757990598678589,0
4.656,6215,2.0583529472351074,4.23681640625,2.371091365814209,2.0835990905761719,2.5100719928741455,-0.28221306204795837,0
4.66,6969.4755859375,1.6870365142822266,2.8460922241210938,2.3117744922637939,2.0224475860595703,2.5100719928741455,-0.31008687615394592,0
4.664,6446.72021484375,1.2347002029418945,1.5244846343994141,2.2596759796142578,1.9687379598617554,2.5100719928741455,-0.3527587354183197,0
4.668,5585.86181640625,0.71074503660202026,0.50515842437744141,2.2174696922302246,1.9252262115478516,2.5100719928741455,-0.33171296119689941,0
4.672,6046.27197265625,0.12742769718170166,0.016237819567322731,2.1900908946990967,1.8970009088516235,2.5100719928741455,-0.23089151084423065,0
4.676,6934.6904296875,-0.50044423341751099,0.25044441223144531,2.1846497058868408,1.891391396522522,1.891391396522522,-0.11247523874044418,0
4.68,6593.65771484375,-1.1559232473373413,1.3361585140228271,2.2099463939666748,1.9174703359603882,1.891391396522522,-0.0592154860496521,0
4.684,5634.16552734375,-1.8204371929168701,3.3139915466308594,2.2755920886993408,1.9851462841033936,1.891391396522522,-0.080751404166221619,0
4.688,5910.11083984375,-2.4743850231170654,6.1225805282592773,2.3908298015594482,2.1039481163024902,1.891391396522522,-0.092879496514797211,0
4.692,6850.6005859375,-3.0977675914764404,9.5961637496948242,2.5631885528564453,2.2816371917724609,1.891391396522522,-0.028727686032652855,0
4.696,6712.77099609375,-3.6708292961120605,13.474987983703613,2.7971374988555908,2.5228221416473389,1.891391396522522,0.05554475262761116,0
4.7,5751.46728515625,-4.1746854782104492,17.427999496459961,3.092923641204834,2.8277561664581299,1.891391396522522,0.050856262445449829,0
4.704,5788.66015625,-4.5919303894042969,21.085824966430664,3.4457793235778809,3.1915245056152344,1.891391396522522,-0.055409342050552368,0
4.708,6718.04052734375,-4.907193660736084,24.080547332763672,3.8456490039825439,3.6037616729736328,4.5077018737792969,-0.17115373909473419,0
4.712,6801.60546875,-5.1076345443725586,26.087930679321289,4.2775297164916992,4.0489997863769531,4.5077018737792969,-0.21079464256763458,0
4.716,5902.24365234375,-5.1833839416503906,26.867471694946289,4.722470760345459,4.5077018737792969,4.5077018737792969,-0.16190004348754883,0
4.72,5688.35791015625,-5.1278939247131348,26.295297622680664,5.1591644287109375,4.9579010009765625,4.5077018737792969,-0.078057214617729187,0
4.724,6559.9443359375,-4.9382157325744629,24.385976791381836,5.5660042762756348,5.3773231506347656,4.5077018737792969,-0.035989176481962204,0
4.728,6880.95166015625,-4.6151952743530273,21.300027847290039,5.9234113693237305,5.7457847595214844,4.5077018737792969,-0.072425581514835358,0
4.732,6057.76416015625,-4.1635351181030273,17.33502197265625,6.2161650657653809,6.0475921630859375,4.5077018737792969,-0.14762099087238312,0
4.736,5607.05712890625,-3.5917301177978516,12.900525093078613,6.4354591369628906,6.2736687660217285,4.5077018737792969,-0.18602117896080017,0
4.74,6386.11328125,-2.9118754863739014,8.4790191650390625,6.5804281234741211,6.423121452331543,4.5077018737792969,-0.15686795115470886,0
4.744,6927.89599609375,-2.1393661499023438,4.5768876075744629,6.6589179039001465,6.5040388107299805,4.5077018737792969,-0.089312002062797546,0
4.748,6241.72802734375,-1.2925084829330444,1.6705780029296875,6.6873574256896973,6.533358097076416,4.5077018737792969,-0.019612902775406837,0
4.752,5564.64306640625,-0.39203876256942749,0.15369439125061035,6.6896772384643555,6.5357499122619629,4.5077018737792969,0.03755757212638855,0
4.756,6208.4443359375,0.53943604230880737,0.29099124670028687,6.6953201293945312,6.541567325592041,6.541567325592041,0.093160904943943024,0
4.76,6946.51708984375,1.4780769348144531,2.1847114562988281,6.7365036010742188,6.5840239524841309,6.541567325592041,0.17730578780174255,0
4.764,6412.72119140625,2.3995108604431152,5.7576522827148438,6.844998836517334,6.6958746910095215,6.541567325592041,0.28493461012840271,0
4.768,5558.80078125,3.2795524597167969,10.755465507507324,7.0487685203552246,6.905947208404541,6.541567325592041,0.33826416730880737,0
4.772,6035.08984375,4.0949134826660156,16.768316268920898,7.3688178062438965,7.2358946800231934,6.541567325592041,0.24454291164875031,0
4.776,6922.17431640625,4.8238768577575684,23.269786834716797,7.816615104675293,7.6975417137145996,6.541567325592041,-0.00074957485776394606,0
4.78,6568.83837890625,5.4469056129455566,29.668783187866211,8.3923797607421875,8.2911128997802734,6.541567325592041,-0.28092089295387268,0
4.784,5620.3125,5.947176456451416,35.368907928466797,9.0844449996948242,9.004582405090332,6.541567325592041,-0.44885960221290588,0
4.788,5898.26171875,6.3110184669494629,39.828948974609375,9.8697948455810547,9.8142213821411133,6.541567325592041,-0.43514475226402283,0
4.792,6838.13134765625,6.5282812118530273,42.618457794189453,10.715787887573242,10.686378479003906,11.580314636230469,-0.28299817442893982,0
4.796,6685.18603515625,6.5926270484924316,43.462730407714844,11.582906723022461,11.580314636230469,11.580314636230469,-0.11669974029064178,0
4.8,5723.4765625,6.5017309188842773,42.272510528564453,12.428319931030273,12.451876640319824,11.580314636230469,-0.03763502836227417,0
4.804,5770.23046875,6.2573637962341309,39.15460205078125,13.20989990234375,13.257627487182617,11.580314636230469,-0.034105055034160614,0
4.808,6707.8359375,5.8653173446655273,34.401947021484375,13.890315055847168,13.959088325500488,11.580314636230469,-0.017959455028176308,0
4.812,6788.51708984375,5.3351926803588867,28.464279174804688,14.440717697143555,14.526512145996094,11.580314636230469,0.070104286074638367,0
4.816,5867.1953125,4.6800627708435059,21.902990341186523,14.843734741210938,14.941993713378906,11.580314636230469,0.21462030708789825,0
4.82,5669.61865234375,3.9160385131835938,15.335357666015625,15.095334053039551,15.201375007629395,11.580314636230469,0.35430997610092163,0
4.824,6552.05322265625,3.0617935657501221,9.3745784759521484,15.205465316772461,15.314910888671875,11.580314636230469,0.41613095998764038,0
4.828,6864.61962890625,2.1380321979522705,4.5711812973022461,15.197344779968262,15.306539535522461,11.580314636230469,0.34553289413452148,0
4.832,6027.12744140625,1.1669461727142334,1.3617633581161499,15.105466842651367,15.211820602416992,11.580314636230469,0.16631691157817841,0
4.836,5592.27490234375,0.17165617644786835,0.029465844854712486,14.972501754760742,15.074743270874023,15.074743270874023,0.0045739174820482731,0
4.84,6374.7412109375,-0.82436227798461914,0.67957323789596558,14.845372200012207,14.943682670593262,15.074743270874023,-0.016277506947517395,0
4.844,6911.06396484375,-1.7978706359863281,3.2323391437530518,14.770820617675781,14.866826057434082,15.074743270874023,0.10229682922363281,0
4.848,6211.35302734375,-2.7264602184295654,7.4335851669311523,14.79090404510498,14.887530326843262,15.074743270874023,0.26190894842147827,0
4.852,5541.18212890625,-3.5891132354736328,12.881733894348145,14.938810348510742,15.040008544921875,15.074743270874023,0.35843604803085327,0
4.856,6195.8076171875,-4.3667168617248535,19.068216323852539,15.235440254211426,15.34581470489502,15.074743270874023,0.31985181570053101,0
4.86,6932.95068359375,-5.0425009727478027,25.426815032958984,15.687054634094238,15.811396598815918,15.074743270874023,0.1437050998210907,0
4.864,6380.7255859375,-5.6023941040039062,31.386819839477539,16.284297943115234,16.427108764648438,15.074743270874023,-0.089144527912139893,0
4.868,5537.70166015625,-6.0353026390075684,36.424877166748047,17.002695083618164,17.167724609375,15.074743270874023,-0.29025712609291077,0
4.872,6025.3388671875,-6.3332939147949219,40.110614776611328,17.804580688476562,17.994411468505859,15.074743270874023,-0.40922784805297852,0
4.876,6900.50244140625,-6.4917082786560059,42.14227294921875,18.642419815063477,18.858163833618164,18.858163833618164,-0.3903961181640625,0
4.88,6534.1708984375,-6.5091843605041504,42.369476318359375,19.463085174560547,19.704208374023438,18.858163833618164,-0.20771916210651398,0
4.884,5598.76025390625,-6.3876204490661621,40.80169677734375,20.212839126586914,20.477151870727539,18.858163833618164,0.046097248792648315,0
4.888,5889.51171875,-6.1320638656616211,37.602203369140625,20.842432022094727,21.126216888427734,18.858163833618164,0.23038287460803986,0
4.892,6822.5625,-5.7505254745483398,33.06854248046875,21.311880111694336,21.610183715820312,18.858163833618164,0.30143985152244568,0
4.896,6659.31787109375,-5.2537102699279785,27.601470947265625,21.594411849975586,21.901454925537109,18.858163833618164,0.31220373511314392,0
4.9,5695.86865234375,-4.6546630859375,21.665887832641602,21.679164886474609,21.988826751708984,18.858163833618164,0.30366230010986328,0
4.904,5756.87890625,-3.9683737754821777,15.747990608215332,21.572412490844727,21.878774642944336,18.858163833618164,0.25559797883033752,0
4.908,6686.73583984375,-3.211348295211792,10.31275749206543,21.297054290771484,21.594900131225586,18.858163833618164,0.14305467903614044,0
4.912,6757.9990234375,-2.4012062549591064,5.7657914161682129,20.890609741210938,21.175884246826172,18.858163833618164,-0.01850835420191288,0
4.916,5852.72412109375,-1.556296706199646,2.4220595359802246,20.401702880859375,20.671855926513672,20.671855926513672,-0.19388537108898163,0
4.92,5669.95166015625,-0.6953272819519043,0.4834800660610199,19.885467529296875,20.139657974243164,20.671855926513672,-0.33780393004417419,0
4.924,6535.36328125,0.1630103588104248,0.026572376489639282,19.398279190063477,19.637399673461914,20.671855926513672,-0.39371338486671448,0
4.928,6831.0498046875,1.0004373788833618,1.0008751153945923,18.992294311523438,19.218856811523438,20.671855926513672,-0.32460913062095642,0
4.932,6008.64990234375,1.799518346786499,3.2382659912109375,18.710363388061523,18.928207397460938,20.671855926513672,-0.1427200585603714,0
4.936,5584.7412109375,2.5441069602966309,6.4724798202514648,18.581798553466797,18.795665740966797,20.671855926513672,0.097539700567722321,0
4.94,6362.9873046875,3.2197432518005371,10.366747856140137,18.619552612304688,18.834589004516602,20.671855926513672,0.33334961533546448,0
4.944,6878.35302734375,3.8139553070068359,14.546255111694336,18.818939208984375,19.040142059326172,20.671855926513672,0.52342730760574341,0
4.948,6205.34521484375,4.3164472579956055,18.631719589233398,19.158166885375977,19.389862060546875,20.671855926513672,0.64940661191940308,0
4.952,5556.03515625,4.7192130088806152,22.270971298217773,19.600509643554688,19.845882415771484,20.671855926513672,0.69370746612548828,0
4.956,6192.66015625,5.016596794128418,25.166240692138672,20.098016738891602,20.358779907226562,20.358779907226562,0.63930881023406982,0
4.96,6897.640625,5.2053589820861816,27.095760345458984,20.596237182617188,20.872406005859375,20.358779907226562,0.5076136589050293,0
4.964,6372.7138671875,5.2847189903259277,27.928253173828125,21.039648056030273,21.329534530639648,20.358779907226562,0.35536637902259827,0
4.968,5551.5771484375,5.2563858032226562,27.629589080810547,21.377130508422852,21.677453994750977,20.358779907226562,0.22616061568260193,0
4.972,6027.53271484375,5.124506950378418,26.260570526123047,21.566976547241211,21.8731689453125,20.358779907226562,0.1396816223859787,0
4.976,6877.0654296875,4.8955183029174805,23.966100692749023,21.580902099609375,21.887527465820312,20.358779907226562,0.095198296010494232,0
4.98,6522.08447265625,4.5778923034667969,20.957098007202148,21.406667709350586,21.707901000976562,20.358779907226562,0.077932752668857574,0
4.984,5601.02490234375,4.1818046569824219,17.48748779296875,21.049037933349609,21.339212417602539,20.358779907226562,0.085363388061523438,0
4.988,5881.38134765625,3.7187609672546387,13.829183578491211,20.529047012329102,20.803140640258789,20.358779907226562,0.11465732008218765,0
4.992,6814.60009765625,3.2012195587158203,10.247807502746582,19.881631851196289,20.135702133178711,20.358779907226562,0.13270926475524902,0
4.996,6630.27880859375,2.6422367095947266,6.981414794921875,19.152004241943359,19.383508682250977,19.383508682250977,0.10498809814453125,0
5,5660.390625,2.055128812789917,4.2235550880432129,18.391027450561523,18.598995208740234,19.383508682250977,0.041152257472276688,0
5.004,5753.68505859375,1.4531402587890625,2.111616849899292,17.650167465209961,17.835226058959961,19.383508682250977,-0.023742720484733582,0
5.008,6689.93115234375,0.84912282228469849,0.72100955247879028,16.976547241210938,17.140771865844727,19.383508682250977,-0.068767130374908447,0
5.012,6734.20458984375,0.25520205497741699,0.065128087997436523,16.408565521240234,16.555221557617188,19.383508682250977,-0.074236951768398285,0
5.016,5801.7490234375,-0.31755232810974121,0.10083948075771332,15.972521781921387,16.105691909790039,19.383508682250977,-0.018339565023779869,0
5.02,5641.8896484375,-0.8594014048576355,0.7385706901550293,15.680585861206055,15.804728507995605,19.383508682250977,0.079153157770633698,0
5.024,6537.1513671875,-1.3621013164520264,1.8553199768066406,15.53020191192627,15.649693489074707,19.383508682250977,0.15186262130737305,0
5.028,6822.7294921875,-1.8189496994018555,3.3085780143737793,15.504948616027832,15.6236572265625,19.383508682250977,0.14052212238311768,0
5.032,5971.55078125,-2.2247383594512939,4.9494614601135254,15.576703071594238,15.6976318359375,19.383508682250977,0.03824317455291748,0
5.036,5563.1162109375,-2.5756480693817139,6.6339631080627441,15.708791732788086,15.833806037902832,15.833806037902832,-0.10205201804637909,0
5.04,6366.2529296875,-2.8691139221191406,8.2318143844604492,15.859837532043457,15.989522933959961,15.833806037902832,-0.20605063438415527,0
5.044,6874.15625,-3.1036772727966309,9.6328125,15.987846374511719,16.121490478515625,15.833806037902832,-0.23509141802787781,0
5.048,6158.61474609375,-3.2788360118865967,10.750765800476074,16.054193496704102,16.189889907836914,15.833806037902832,-0.18239705264568329,0
5.052,5511.78515625,-3.3949191570281982,11.525477409362793,16.027065277099609,16.161922454833984,15.833806037902832,-0.036094497889280319,0
5.056,6188.75146484375,-3.4529776573181152,11.923054695129395,15.884160995483398,16.014598846435547,15.833806037902832,0.19527769088745117,0
5.06,6902.2177734375,-3.4546942710876465,11.934911727905273,15.614324569702148,15.736416816711426,15.833806037902832,0.42813602089881897,0
5.064,6338.54931640625,-3.4022948741912842,11.575610160827637,15.218099594116211,15.327937126159668,15.833806037902832,0.53788071870803833,0
5.068,5507.08837890625,-3.2984771728515625,10.879951477050781,14.707201957702637,14.801237106323242,15.833806037902832,0.47691291570663452,0
5.072,6015.30078125,-3.1463541984558105,9.8995437622070312,14.10297966003418,14.178327560424805,15.833806037902832,0.30787476897239685,0
5.076,6889.9638671875,-2.949399471282959,8.6989574432373047,13.434112548828125,13.488775253295898,13.488775253295898,0.12028954923152924,0
5.08,6496.73974609375,-2.711402416229248,7.3517026901245117,12.733757019042969,12.766758918762207,13.488775253295898,-0.028432294726371765,0
5.084,5543.56640625,-2.436439037322998,5.9362349510192871,12.036450386047363,12.047886848449707,13.488775253295898,-0.12281286716461182,0
5.088,5861.1875,-2.1288654804229736,4.5320687294006348,11.375045776367188,11.366025924682617,13.488775253295898,-0.17029008269309998,0
5.092,6814.76708984375,-1.793323278427124,3.2160084247589111,10.777997016906738,10.750511169433594,13.488775253295898,-0.15725958347320557,0
5.096,6622.1474609375,-1.4347549676895142,2.0585219860076904,10.267135620117188,10.223851203918457,13.488775253295898,-0.048136435449123383,0
5.1,5648.25634765625,-1.0584189891815186,1.1202507019042969,9.8562240600585938,9.8002300262451172,13.488775253295898,0.16432039439678192,0
5.104,5738.54541015625,-0.66990888118743896,0.44877791404724121,9.5502395629882812,9.4847822189331055,13.488775253295898,0.41497582197189331,0
5.108,6697.29833984375,-0.27515396475791931,0.075709700584411621,9.3454999923706055,9.2737102508544922,13.488775253295898,0.58668267726898193,0
5.112,6728.5302734375,0.11961785703897476,0.014308433048427105,9.23046875,9.155120849609375,13.488775253295898,0.60099446773529053,0
5.116,5782.8427734375,0.50796347856521606,0.25802692770957947,9.1871871948242188,9.1105022430419922,9.1105022430419922,0.46258974075317383,0
5.12,5639.5537109375,0.88335150480270386,0.78030985593795776,9.1931257247924805,9.1166229248046875,9.1105022430419922,0.22251471877098083,0
5.124,6536.6513671875,1.2393026351928711,1.535871148109436,9.2233104705810547,9.1477413177490234,9.1105022430419922,-0.047289948910474777,0
5.128,6810.37890625,1.5695234537124634,2.4634037017822266,9.2525615692138672,9.1778993606567383,9.1105022430419922,-0.25981679558753967,0
5.132,5945.75390625,1.8680276870727539,3.4895274639129639,9.2575864791870117,9.183079719543457,9.1105022430419922,-0.32921308279037476,0
5.136,5535.67431640625,2.1292610168457031,4.53375244140625,9.21881103515625,9.1431026458740234,9.1105022430419922,-0.21507164835929871,0
5.14,6353.1162109375,2.348212718963623,5.5141029357910156,9.121760368347168,9.0430507659912109,9.1105022430419922,0.012253413908183575,0
5.144,6862.3544921875,2.5205090045928955,6.3529653549194336,8.9578933715820312,8.8741178512573242,9.1105022430419922,0.18732449412345886,0
5.148,6126.7138671875,2.6424899101257324,6.982752799987793,8.72491455078125,8.6339321136474609,9.1105022430419922,0.18687836825847626,0
5.152,5483.74755859375,2.7112834453582764,7.3510580062866211,8.4265165328979492,8.3263063430786133,9.1105022430419922,0.038337904959917068,0
5.156,6166.5537109375,2.7248797416687012,7.4249701499938965,8.071690559387207,7.960505485534668,7.960505485534668,-0.1300557404756546,0
5.16,6880.66552734375,2.6822235584259033,7.1943230628967285,7.6736617088317871,7.550166130065918,7.960505485534668,-0.21573719382286072,0
5.164,6312.15625,2.5833187103271484,6.6735358238220215,7.248568058013916,7.1119256019592285,7.960505485534668,-0.20870177447795868,0
5.168,5513.16796875,2.4293448925018311,5.9017167091369629,6.8140096664428711,6.6639275550842285,7.960505485534668,-0.17190802097320557,0
5.172,6012.79833984375,2.2227504253387451,4.9406194686889648,6.3876104354858398,6.2243409156799316,7.960505485534668,-0.16272549331188202,0
5.176,6868.7919921875,1.9673236608505249,3.8703625202178955,5.9856963157653809,5.8099961280822754,7.960505485534668,-0.17561264336109161,0
5.18,6501.53271484375,1.6682485342025757,2.7830531597137451,5.6222152709960938,5.4352736473083496,7.960505485534668,-0.19586677849292755,0
5.184,5576.39697265625,1.3321396112442017,1.7745959758758545,5.3079581260681152,5.1112966537475586,7.960505485534668,-0.26578226685523987,0
5.188,5886.17431640625,0.96702367067337036,0.93513476848602295,5.050076961517334,4.8454399108886719,7.960505485534668,-0.41490119695663452,0
5.192,6808.94921875,0.58223819732666016,0.33900132775306702,4.851900577545166,4.6411347389221191,4.4979186058044434,-0.57284325361251831,0
5.196,6656.79052734375,0.1882317066192627,0.035431176424026489,4.7129807472229004,4.4979186058044434,4.4979186058044434,-0.62551677227020264,0
5.2,5724.19140625,-0.20372781157493591,0.04150502011179924,4.6293396949768066,4.4116897583007812,4.4979186058044434,-0.52016669511795044,0
5.204,5803.1083984375,-0.58192092180252075,0.33863195776939392,4.5938796997070312,4.3751335144042969,4.4979186058044434,-0.29632863402366638,0
5.208,6706.453125,-0.93459540605545044,0.87346857786178589,4.5969290733337402,4.3782768249511719,4.4979186058044434,-0.057904802262783051,0
5.212,6778.43212890625,-1.250396728515625,1.5634918212890625,4.6268959045410156,4.4091711044311523,4.4979186058044434,0.091992244124412537,0
5.216,5907.96484375,-1.5187746286392212,2.3066763877868652,4.6710128784179688,4.4546523094177246,4.4979186058044434,0.12292633205652237,0
5.22,5751.39599609375,-1.7303609848022461,2.9941494464874268,4.7161245346069336,4.5011587142944336,4.4979186058044434,0.095587708055973053,0
5.224,6583.4287109375,-1.8773441314697266,3.5244209766387939,4.749506950378418,4.5355744361877441,4.4979186058044434,0.10617333650588989,0
5.228,6872.7734375,-1.9538352489471436,3.817471981048584,4.7596845626831055,4.5460662841796875,4.4979186058044434,0.18783256411552429,0
5.232,6077.60009765625,-1.9561889171600342,3.8266749382019043,4.7372283935546875,4.522916316986084,4.4979186058044434,0.26332584023475647,0
5.236,5673.4091796875,-1.8832452297210693,3.5466125011444092,4.6754822731018066,4.4592604637145996,4.4592604637145996,0.21011149883270264,0
5.24,6447.05322265625,-1.7365051507949829,3.0154502391815186,4.5711545944213867,4.3517060279846191,4.4592604637145996,-0.018250053748488426,0
5.244,6965.66162109375,-1.5202634334564209,2.3112006187438965,4.4247231483459473,4.2007460594177246,4.4592604637145996,-0.32490205764770508,0
5.248,6270.60009765625,-1.2416849136352539,1.5417814254760742,4.2405424118041992,4.0108680725097656,4.4592604637145996,-0.53386467695236206,0
5.252,5630.3505859375,-0.9107634425163269,0.829490065574646,4.0266227722167969,3.7903323173522949,4.4592604637145996,-0.51943814754486084,0
5.256,6303.5966796875,-0.54010474681854248,0.29171314835548401,3.7939963340759277,3.5505115985870361,4.4592604637145996,-0.27958917617797852,0
5.26,7022.71484375,-0.14453065395355225,0.02088911272585392,3.5557155609130859,3.3048610687255859,4.4592604637145996,0.070403978228569031,0
5.264,6463.4091796875,0.25945726037025452,0.067318066954612732,3.3255496025085449,3.0675766468048096,4.4592604637145996,0.3721713125705719,0
5.268,5653.04833984375,0.65429574251174927,0.42810291051864624,3.1165130138397217,2.8520750999450684,4.4592604637145996,0.51017510890960693,0
5.272,6149.33984375,1.0220401287078857,1.0445659160614014,2.9394130706787109,2.6694977283477783,4.4592604637145996,0.44073313474655151,0
5.276,7012.60693359375,1.3450925350189209,1.8092740774154663,2.8016197681427002,2.5274429321289062,2.5274429321289062,0.1993459165096283,0
5.28,6657.98291015625,1.6069307327270508,2.5822265148162842,2.7062301635742188,2.4291031360626221,2.5274429321289062,-0.103823222219944,0
5.284,5727.22021484375,1.7927799224853516,3.2140598297119141,2.6517868041992188,2.3729758262634277,2.5274429321289062,-0.34420743584632874,0
5.288,6026.67431640625,1.8902053833007812,3.5728766918182373,2.6326026916503906,2.3531985282897949,2.5274429321289062,-0.45226168632507324,0
5.292,6956.50634765625,1.8896442651748657,3.5707557201385498,2.6396975517272949,2.3605129718780518,2.5274429321289062,-0.43471536040306091,0
5.296,6806.421875,1.7848678827285767,3.1857535839080811,2.6622424125671387,2.3837547302246094,2.5274429321289062,-0.35618329048156738,0
5.3,5855.8701171875,1.5733461380004883,2.4754180908203125,2.6893458366394043,2.4116966724395752,2.5274429321289062,-0.28540849685668945,0
5.304,5941.8203125,1.2564786672592163,1.578738808631897,2.7119452953338623,2.4349949359893799,2.5274429321289062,-0.23700201511383057,0
5.308,6866.19384765625,0.83968496322631836,0.7050708532333374,2.7245323657989502,2.4479713439941406,2.5274429321289062,-0.18318831920623779,0
5.312,6933.16552734375,0.33234930038452148,0.11045604944229126,2.7264552116394043,2.4499537944793701,2.5274429321289062,-0.12036578357219696,0
5.316,6036.32958984375,-0.25236958265304565,0.063690409064292908,2.7225685119628906,2.4459469318389893,2.4459469318389893,-0.083244062960147858,0
5.32,5847.5498046875,-0.89785242080688477,0.80613899230957031,2.7230849266052246,2.4464790821075439,2.4459469318389893,-0.091976664960384369,0
5.324,6719.04150390625,-1.5844523906707764,2.5104897022247314,2.7425773143768311,2.4665744304656982,2.4459469318389893,-0.12800581753253937,0
5.328,7001.63916015625,-2.2900581359863281,5.2443656921386719,2.7981963157653809,2.5239136219024658,2.4459469318389893,-0.16196513175964355,0
5.332,6155.4912109375,-2.9907925128936768,8.9448394775390625,2.9073028564453125,2.6363945007324219,2.4459469318389893,-0.17474429309368134,0
5.336,5744.1240234375,-3.6618411540985107,13.409080505371094,3.0848095417022705,2.8193907737731934,2.4459469318389893,-0.16526532173156738,0
5.34,6525.8271484375,-4.2783956527709961,18.304668426513672,3.340620756149292,3.0831139087677002,2.4459469318389893,-0.1571454256772995,0
5.344,7031.4169921875,-4.816680908203125,23.200414657592773,3.6775698661804199,3.4304840564727783,2.4459469318389893,-0.17569074034690857,0
5.348,6343.79443359375,-5.2549924850463867,27.614944458007812,4.0902137756347656,3.8558897972106934,2.4459469318389893,-0.2096710205078125,0
5.352,5704.21240234375,-5.5746269226074219,31.076467514038086,4.5647215843200684,4.3450736999511719,4.8762030601501465,-0.22227557003498077,0
5.356,6349.6591796875,-5.7606201171875,33.184745788574219,5.0799169540405273,4.8762030601501465,4.8762030601501465,-0.18550440669059753,0
5.36,7058.0966796875,-5.8021993637084961,33.665515899658203,5.6093406677246094,5.4219999313354492,4.8762030601501465,-0.071040377020835876,0
5.364,6519.27099609375,-5.6929588317871094,32.409778594970703,6.1240653991699219,5.9526443481445312,4.8762030601501465,0.13556191325187683,0
5.368,5695.65380859375,-5.4308090209960938,29.493688583374023,6.5959053039550781,6.4390778541564941,4.8762030601501465,0.35865497589111328,0
5.372,6177.92724609375,-5.017763614654541,25.177953720092773,7.0006523132324219,6.8563423156738281,4.8762030601501465,0.44338291883468628,0
5.376,7029.00927734375,-4.4596405029296875,19.888393402099609,7.3210129737854004,7.1866111755371094,4.8762030601501465,0.30162057280540466,0
5.38,6673.67041015625,-3.7657363414764404,14.180768966674805,7.5489668846130371,7.4216146469116211,4.8762030601501465,0.0074840737506747246,0
5.384,5759.5966796875,-2.9484794139862061,8.6935319900512695,7.6873459815979004,7.5642738342285156,4.8762030601501465,-0.25843930244445801,0
5.388,6028.890625,-2.0230896472930908,4.0928916931152344,7.7505011558532715,7.6293821334838867,4.8762030601501465,-0.34039872884750366,0
5.392,6945.42041015625,-1.0071876049041748,1.0144268274307251,7.764009952545166,7.6433091163635254,4.8762030601501465,-0.21735568344593048,0
5.396,6807.61328125,0.079652048647403717,0.0063444487750530243,7.763427734375,7.6427092552185059,7.6427092552185059,0.00093573238700628281,0
5.4,5875.35009765625,1.2163877487182617,1.4795989990234375,7.7921895980834961,7.672360897064209,7.6427092552185059,0.18499314785003662,0
5.404,5930.82958984375,2.3810164928436279,5.6692390441894531,7.8988022804260254,7.7822709083557129,7.6427092552185059,0.2697041928768158,0
5.408,6817.6513671875,3.5510680675506592,12.610084533691406,8.1335344314575195,8.024261474609375,7.6427092552185059,0.24675989151000977,0
5.412,6892.87255859375,4.7040839195251465,22.128402709960938,8.5448331832885742,8.4482803344726562,7.6427092552185059,0.14214532077312469,0
5.416,6029.58203125,5.8180708885192871,33.849945068359375,9.1756973266601562,9.0986557006835938,7.6427092552185059,0.032037436962127686,0
5.42,5846.78759765625,6.871915340423584,47.223224639892578,10.060277938842773,10.010595321655273,7.6427092552185059,0.018356868997216225,0
5.424,6661.7734375,7.8457236289978027,61.555377960205078,11.220898628234863,11.207112312316895,7.6427092552185059,0.14092719554901123,0
5.428,6942.10546875,8.7210817337036133,76.057273864746094,12.665693283081055,12.696591377258301,7.6427092552185059,0.33271998167037964,0
5.432,6153.4169921875,9.4812526702880859,89.894149780273438,14.387043952941895,14.471179008483887,7.6427092552185059,0.46334332227706909,0
5.436,5745.2919921875,10.111356735229492,102.23954010009766,16.36090087890625,16.506082534790039,16.506082534790039,0.43872490525245667,0
5.44,6486.56005859375,10.598462104797363,112.327392578125,18.547143936157227,18.759943008422852,16.506082534790039,0.27613124251365662,0
5.444,6969.0703125,10.931637763977051,119.50070953369141,20.89093017578125,21.176218032836914,16.506082534790039,0.084665223956108093,0
5.448,6291.1279296875,11.101919174194336,123.25260925292969,23.325145721435547,23.685714721679688,16.506082534790039,-0.009867730550467968,0
5.452,5678.63037109375,11.102300643920898,123.26108551025391,25.773778915405273,26.210079193115234,16.506082534790039,0.056709639728069305,0
5.456,6314.80322265625,10.927762031555176,119.41599273681641,28.156265258789062,28.666254043579102,16.506082534790039,0.24547632038593292,0
5.46,6997.609375,10.575390815734863,111.83889007568359,30.392623901367188,30.971776962280273,16.506082534790039,0.4414481520652771,0
5.464,6454.75390625,10.044537544250488,100.89273834228516,32.409137725830078,33.050651550292969,16.506082534790039,0.51619845628738403,0
5.468,5661.05859375,9.3370285034179688,87.180099487304688,34.144176483154297,34.83935546875,16.506082534790039,0.40588554739952087,0
5.472,6166.69775390625,8.457423210144043,71.527999877929688,35.553844451904297,36.292621612548828,16.506082534790039,0.1741776168346405,0
5.476,7001.9013671875,7.4132742881774902,54.956634521484375,36.616790771484375,37.388446807861328,37.388446807861328,-0.034204941242933273,0
5.48,6613.4453125,6.2153677940368652,38.63079833984375,37.337760925292969,38.131706237792969,37.388446807861328,-0.12164348363876343,0
5.484,5695.86865234375,4.8778548240661621,23.793468475341797,37.749347686767578,38.556022644042969,37.388446807861328,-0.10077100992202759,0
5.488,6043.19677734375,3.4182815551757812,11.684649467468262,37.911582946777344,38.723278045654297,37.388446807861328,-0.05133138969540596,0
5.492,6990.6474609375,1.8575074672698975,3.4503340721130371,37.909172058105469,38.720794677734375,37.388446807861328,-0.034431248903274536,0
5.496,6778.86083984375,0.21950995922088623,0.048184622079133987,37.846424102783203,38.656108856201172,37.388446807861328,-0.045282058417797089,0
5.5,5792.7373046875,-1.4689521789550781,2.157820463180542,37.840076446533203,38.649559020996094,37.388446807861328,-0.044557761400938034,0
5.504,5967.49853515625,-3.1787810325622559,10.104649543762207,38.010589599609375,38.825347900390625,37.388446807861328,-0.0044116862118244171,0
5.508,6956.74462890625,-4.8790550231933594,23.80517578125,38.472587585449219,39.3016357421875,37.388446807861328,0.085657872259616852,0
5.512,6928.0625,-6.5376143455505371,42.740406036376953,39.325187683105469,40.18060302734375,37.388446807861328,0.21045315265655518,0
5.516,5932.5693359375,-8.121739387512207,65.962646484375,40.643177032470703,41.539356231689453,41.539356231689453,0.32346361875534058,0
5.52,5892.4912109375,-9.598902702331543,92.138938903808594,42.469829559326172,43.422504425048828,41.539356231689453,0.37776288390159607,0
5.524,6873.8935546875,-10.937586784362793,119.63079833984375,44.812236785888672,45.837360382080078,41.539356231689453,0.35221761465072632,0
5.528,7064.53369140625,-12.108161926269531,146.60758972167969,47.639495849609375,48.752056121826172,41.539356231689453,0.25389400124549866,0
5.532,6099.58203125,-13.083799362182617,171.185791015625,50.884319305419922,52.09722900390625,41.539356231689453,0.10713795572519302,0
5.536,5808.04443359375,-13.841398239135742,191.58430480957031,54.447826385498047,55.770954132080078,41.539356231689453,-0.058472435921430588,0
5.54,6804.70556640625,-14.362424850463867,206.27925109863281,58.207317352294922,59.646717071533203,41.539356231689453,-0.19911091029644012,0
5.544,7236.79150390625,-14.633651733398438,214.14376831054688,62.026176452636719,63.58367919921875,41.539356231689453,-0.25614771246910095,0
5.548,6308.77099609375,-14.647709846496582,214.55538940429688,65.764991760253906,67.438133239746094,41.539356231689453,-0.1997499018907547,0
5.552,5751.4912109375,-14.403440475463867,207.45907592773438,69.292640686035156,71.074874877929688,41.539356231689453,-0.063892744481563568,0
5.556,6740.7373046875,-13.905985832214355,193.37643432617188,72.496482849121094,74.3778076171875,74.3778076171875,0.07620452344417572,0
5.56,7462.74072265625,-13.166608810424805,173.35958862304688,75.290367126464844,77.258102416992188,74.3778076171875,0.15254859626293182,0
5.564,6521.79833984375,-12.202319145202637,148.89657592773438,77.620094299316406,79.659889221191406,74.3778076171875,0.14521817862987518,0
5.568,5403.92431640625,-11.035346984863281,121.77889251708984,79.465797424316406,81.562667846679688,74.3778076171875,0.079543814063072205,0
5.572,6379.72412109375,-9.6924896240234375,93.944358825683594,80.84112548828125,82.98052978515625,74.3778076171875,-0.016528407111763954,0
5.576,7393.79052734375,-8.2044706344604492,67.313339233398438,81.789634704589844,83.9583740234375,74.3778076171875,-0.13044151663780212,0
5.58,6443.1904296875,-6.6055436134338379,43.633201599121094,82.378662109375,84.565635681152344,74.3778076171875,-0.25473707914352417,0
5.584,4751.32568359375,-4.9335012435913086,24.339431762695312,82.69158935546875,84.888229370117188,85.046981811523438,-0.37289205193519592,0
5.588,5420.5419921875,-3.2299647331237793,10.432673454284668,82.818382263183594,85.018943786621094,85.046981811523438,-0.45651164650917053,0
5.592,6545.2099609375,-1.5406904220581055,2.3737270832061768,82.845565795898438,85.046974182128906,85.046981811523438,-0.49115142226219177,0
5.596,5477.9296875,0.084136828780174255,0.0070790066383779049,82.8455810546875,85.046981811523438,85.046981811523438,-0.47721785306930542,0
5.6,3671.431640625,1.5895181894302368,2.5265681743621826,82.86651611328125,85.068565368652344,85.046981811523438,-0.39164704084396362,0
5.604,3881.884033203125,2.9151394367218018,8.4980373382568359,82.923095703125,85.12689208984375,85.046981811523438,-0.21188075840473175,0
5.608,5104.49462890625,3.9950058460235596,15.96007251739502,82.990097045898438,85.195968627929688,85.046981811523438,0.026129866018891335,0
5.612,4253.5546875,4.7576355934143066,22.635095596313477,83.000228881835938,85.206405639648438,85.046981811523438,0.2493741512298584,0
5.616,2513.552001953125,5.127199649810791,26.288173675537109,82.8489990234375,85.050514221191406,85.046981811523438,0.40047121047973633,0
5.62,2773.49951171875,5.0259323120117188,25.259994506835938,82.40972900390625,84.59765625,85.046981811523438,0.4540504515171051,0
5.624,4408.3359375,4.3779959678649902,19.166849136352539,81.561973571777344,83.723678588867188,85.046981811523438,0.40796145796775818,0
5.628,4204.48828125,3.115027904510498,9.7033977508544922,80.234886169433594,82.355552673339844,85.046981811523438,0.28050151467323303,0
5.632,2466.297607421875,1.1835699081420898,1.4008376598358154,78.465011596679688,80.530929565429688,78.465988159179688,0.12481313943862915,0
5.636,2190.470703125,-1.4456958770751953,2.0900363922119141,76.462020874023438,78.465988159179688,78.465988159179688,0.0072963596321642399,0
5.64,3730.655029296875,-4.7675819396972656,22.729837417602539,74.670082092285156,76.618637084960938,78.465988159179688,-0.03664354607462883,0
5.644,4122.9248046875,-8.7322893142700195,76.25286865234375,73.80511474609375,75.726913452148438,78.465988159179688,-0.0057002655230462551,0
5.648,2761.721923828125,-13.237327575683594,175.22685241699219,74.8446044921875,76.798561096191406,78.465988159179688,0.080139204859733582,0
5.652,2510.71484375,-18.123149871826172,328.44857788085938,78.948348999023438,81.029220581054688,78.465988159179688,0.1914953738451004,0
5.656,1215.0048828125,-23.173360824584961,537.00469970703125,87.300132751464844,89.639305114746094,78.465988159179688,0.30285391211509705,0
5.66,-1970.6490478515625,-28.119583129882812,790.7109375,100.8775634765625,103.63665771484375,78.465988159179688,0.37904652953147888,0
5.664,-5743.81396484375,-32.651294708251953,1066.1070556640625,120.18186187744141,123.53800201416016,78.465988159179688,0.3563188910484314,0
5.668,-9930.46875,-36.432731628417969,1327.3441162109375,144.98515319824219,149.1083984375,78.465988159179688,0.18367727100849152,0
5.672,-13046.3623046875,-39.131175994873047,1531.248779296875,174.17953491210938,179.2056884765625,78.465988159179688,-0.083196386694908142,0
5.676,-18683.21875,-40.459522247314453,1636.9730224609375,205.81990051269531,211.82463073730469,211.82463073730469,-0.26877197623252869,0
5.68,-33245.63671875,-40.232109069824219,1618.6226806640625,237.41972351074219,244.40177917480469,211.82463073730469,-0.19586849212646484,0
5.684,-53601.3125,-38.427734375,1476.6907958984375,266.47769165039062,274.3583984375,211.82463073730469,0.1903509795665741,0
5.688,-71269.125,-35.254295349121094,1242.865234375,291.10125732421875,299.74356079101562,211.82463073730469,0.78087347745895386,0
5.692,-73718.9609375,-31.21514892578125,974.38555908203125,310.51995849609375,319.76284790039062,211.82463073730469,1.3775333166122437,0
5.696,-78306.671875,-27.182861328125,738.90802001953125,325.29721069335938,334.9970703125,211.82463073730469,1.8546899557113647,0
5.7,-82542.4609375,-24.480295181274414,599.28485107421875,337.23968505859375,347.30892944335938,211.82463073730469,2.2278053760528564,0
5.704,-81828.8359375,-24.947109222412109,622.3582763671875,349.48480224609375,359.93276977539062,211.82463073730469,2.5606570243835449,0
5.708,-80746.609375,-30.943675994873047,957.5111083984375,368.15887451171875,379.184326171875,211.82463073730469,2.875159740447998,0
5.712,-83522.875,-45.236438751220703,2046.3355712890625,408.23080444335938,420.49560546875,211.82463073730469,3.1420435905456543,0
5.716,-86419.875,-70.732284545898438,5003.05615234375,506.97265625,522.2913818359375,522.2913818359375,3.3031229972839355,0
5.72,-86246.6484375,-110.07796478271484,12117.1591796875,747.4730224609375,770.2298583984375,522.2913818359375,3.3233363628387451,0
5.724,-85090.921875,-165.18832397460938,27287.181640625,1290.823974609375,1330.385498046875,522.2913818359375,3.2309298515319824,0
5.728,-86217.0390625,-236.79196166992188,56070.4296875,2409.30029296875,2483.453857421875,522.2913818359375,3.0709445476531982,0
5.732,-88559.7265625,-324.07415771484375,105024.0625,4506.35791015625,4645.36865234375,522.2913818359375,2.8351280689239502,0
5.736,-89280.4375,-424.46713256835938,180172.34375,8105.97265625,8356.3125,522.2913818359375,2.4845061302185059,0
5.74,-88175.75,-533.60400390625,284733.1875,13796.5126953125,14222.8486328125,522.2913818359375,2.0280799865722656,0
5.744,-89077.9140625,-645.42694091796875,416575.9375,22123.74609375,22807.62109375,522.2913818359375,1.5390008687973022,0
5.748,-92026.1875,-752.4248046875,566143,33442.3125,34476.25,522.2913818359375,1.1096735000610352,0
5.752,-93496.5234375,-845.97607421875,715675.5,47751.67578125,49228.16796875,66553.4375,0.8197752833366394,0
5.756,-92413.3359375,-916.77081298828125,840468.8125,64557.1875,66553.4375,66553.4375,0.71539437770843506,0
5.76,-91832.859375,-955.29473876953125,912588,82805.4765625,85366.109375,66553.4375,0.77113801240921021,0
5.764,-93097.6484375,-952.353515625,906977.1875,100942.046875,104063.6015625,66553.4375,0.87747704982757568,0
5.768,-93957.2734375,-899.61505126953125,809307.3125,117125.75,120747.8359375,66553.4375,0.90614557266235352,0
5.772,-92620.046875,-790.14013671875,624321.375,129610.296875,133618.5,66553.4375,0.79786765575408936,0
5.776,-91475.2890625,-618.87481689453125,383006,137269.078125,141514.125,66553.4375,0.57515513896942139,0
5.78,-92554.6484375,-383.07357788085938,146745.34375,140203.09375,144538.921875,66553.4375,0.30115684866905212,0
5.784,-93829.4765625,-82.633216857910156,6828.24853515625,140339.203125,144679.21875,66553.4375,0.046264540404081345,0
5.788,-92696.484375,279.68057250976562,78221.2265625,141903.421875,146291.828125,66553.4375,-0.14480705559253693,0
5.792,-91236.734375,698.12078857421875,487372.65625,151650.828125,156340.703125,66553.4375,-0.270732581615448,0
5.796,-92057.734375,1163.966796875,1354818.75,178747.203125,184275.09375,184275.09375,-0.35731834173202515,0
5.8,-93609.8984375,1665.6510009765625,2774393.25,234235,241479,184275.09375,-0.4458407461643219,0
5.804,-92802.6015625,2189.00537109375,4791744,330069.6875,340277.65625,184275.09375,-0.58202999830245972,0
5.808,-91167.4140625,2717.621826171875,7385468,477778.75,492555,184275.09375,-0.78905951976776123,0
5.812,-91556.0859375,3233.3125,10454310,686864.5,708107.3125,184275.09375,-1.047154426574707,0
5.816,-93098.6875,3716.671875,13813651,963137,992924.3125,184275.09375,-1.2936843633651733,0
5.82,-92663.7265625,4147.69921875,17203408,1307204.625,1347633,184275.09375,-1.4739748239517212,0
5.824,-90960.8125,4506.48583984375,20308412,1713372.625,1766363,184275.09375,-1.5983632802963257,0
5.828,-91013.546875,4773.92041015625,22790316,2169178.75,2236266.75,184275.09375,-1.703535795211792,0
5.832,-92556.0859375,4932.4140625,24328710,2655752.75,2737889.25,184275.09375,-1.7838665246963501,0
5.836,-92535.0234375,4966.58447265625,24666960,3149092,3246486,3246486,-1.8087486028671265,0
5.84,-90796.1875,4863.90869140625,23657610,3622243.5,3734271.25,3246486,-1.7809520959854126,0
5.844,-90310.359375,4615.29541015625,21300954,4048261.25,4173464.75,3246486,-1.7405736446380615,0
5.848,-91622.6484375,4215.5703125,17771034,4403678.5,4539874.5,3246486,-1.7171663045883179,0
5.852,-91911.484375,3663.84912109375,13423790,4672147,4816645.5,3246486,-1.7118518352508545,0
5.856,-90103.2734375,2963.781982421875,8784005,4847817.5,4997749.5,3246486,-1.7150113582611084,0
5.86,-89003.734375,2123.662109375,4509941.5,4938000,5090721.5,3246486,-1.6985238790512085,0
5.864,-90000.5390625,1156.3970947265625,1337254.375,4964724,5118271,3246486,-1.6280152797698975,0
5.868,-90607.7265625,79.323387145996094,6292.19921875,4964823,5118373.5,3246486,-1.5244108438491821,0
5.872,-88777.2734375,-1086.1109619140625,1179637,4988385.5,5142664,3246486,-1.4697223901748657,0
5.876,-87096.5859375,-2314.80810546875,5358336,5095519,5253111,5253111,-1.5355575084686279,0
5.88,-87706.3125,-3578.602783203125,12806398,5351615,5517128,5253111,-1.7266174554824829,0
5.884,-88484.0390625,-4846.95458984375,23492970,5821444,6001488,5253111,-1.9730821847915649,0
5.888,-86942.484375,-6087.7333984375,37060500,6562630.5,6765597.5,5253111,-2.1641495227813721,0
5.892,-85132.0859375,-7268.06884765625,52824824,7619107,7854748,5253111,-2.2214484214782715,0
5.896,-85559.25,-8355.2470703125,69810152,9015294,9294117,5253111,-2.1589488983154297,0
5.9,-86752.796875,-9317.623046875,86818096,10751645,11084168,5253111,-2.0526359081268311,0
5.904,-85594.734375,-10125.5283203125,102526320,12802158,13198101,5253111,-1.9648014307022095,0
5.908,-83865.671875,-10752.130859375,115608320,15114307,15581758,5253111,-1.923575758934021,0
5.912,-84452.4375,-11174.2607421875,124864104,17611548,18156234,5253111,-1.9460169076919556,0
5.916,-85557.25,-11373.1201171875,129347864,20198406,20823098,20823098,-2.0530490875244141,0
5.92,-84243.3515625,-11334.90625,128480104,22767766,23471920,20823098,-2.2476584911346436,0
5.924,-82269.046875,-11051.3095703125,122131440,25209850,25989532,20823098,-2.4672636985778809,0
5.928,-82783.484375,-10519.841796875,110667072,27422070,28270172,20823098,-2.5914413928985596,0
5.932,-84343.5859375,-9744.0498046875,94946496,29318896,30225664,20823098,-2.528822660446167,0
5.936,-84323.9375,-8733.53125,76274560,30840784,31794620,20823098,-2.2885074615478516,0
5.94,-82581.4609375,-7503.80859375,56307148,31961232,32949722,20823098,-1.9552047252655029,0
5.944,-82081.3359375,-6076.03271484375,36918168,32691264,33702328,20823098,-1.6124519109725952,0
5.948,-83481.8125,-4476.53271484375,20039344,33080730,34103840,20823098,-1.3139384984970093,0
5.952,-83934.5390625,-2736.23779296875,7486997.5,33216156,34243456,20823098,-1.0974870920181274,0
5.956,-82325.1640625,-889.9696044921875,792045.875,33215184,34242456,34242456,-0.97909927368164062,0
5.96,-81491.4140625,1024.376708984375,1049347.625,33217920,34245272,34242456,-0.94784963130950928,0
5.964,-82848,2966.729736328125,8801485,33375814,34408052,34242456,-0.97780865430831909,0
5.968,-83879.546875,4895.80615234375,23968918,33839000,34885560,34242456,-1.0292844772338867,0
5.972,-82608.75,6770.11083984375,45834400,34743200,35817728,34242456,-1.0642354488372803,0
5.976,-81383,8548.9453125,73084464,36197236,37316736,34242456,-1.0840991735458374,0
5.98,-82397.25,10193.3935546875,103905264,38272404,39456084,34242456,-1.1338275671005249,0
5.984,-83648.1640625,11667.2685546875,136125152,40994772,42262648,34242456,-1.2466510534286499,0
5.988,-82528.4765625,12937.9794921875,167391312,44341036,45712404,34242456,-1.3937804698944092,0
5.992,-81018.7890625,13977.3125,195365248,48238592,49730508,34242456,-1.5067609548568726,0
5.996,-81740.2265625,14762.0986328125,217919568,52569888,54195756,54195756,-1.5252962112426758,0
6,-83204.171875,15274.748046875,233317936,57180756,58949228,54195756,-1.4121072292327881,0
6.004,-82413.0390625,15503.662109375,240363520,61892192,63806380,54195756,-1.172032356262207,0
6.008,-80809.5859375,15443.4658203125,238500656,66514496,68571632,54195756,-0.89446038007736206,0
6.012,-81243.3515625,15095.1142578125,227862480,70862656,73054272,54195756,-0.72894752025604248,0
6.016,-82778.9609375,14465.828125,209260160,74771584,77084096,54195756,-0.74602776765823364,0
6.02,-82418.4375,13568.880859375,184114528,78109808,80525568,54195756,-0.85512858629226685,0
6.024,-80825.4609375,12423.2314453125,154336688,80790376,83289048,54195756,-0.91786706447601318,0
6.028,-80905.875,11053.029296875,122169456,82777960,85338096,54195756,-0.89101827144622803,0
6.032,-82498.1015625,9487.0107421875,90003376,84091456,86692208,54195756,-0.82079821825027466,0
6.036,-82581.9765625,7757.76953125,60182988,84801776,87424496,87424496,-0.75400334596633911,0
6.04,-81051.9765625,5900.97021484375,34821452,85025048,87654680,87424496,-0.69783765077590942,0
6.044,-80703.7890625,3954.483642578125,15637941,84911792,87537920,87424496,-0.64112836122512817,0
6.048,-82063.109375,1957.4947509765625,3831785.5,84633008,87250520,87424496,-0.57552194595336914,0
6.052,-82543.0625,-50.403221130371094,2540.484375,84364584,86973800,87424496,-0.50471991300582886,0
6.056,-81158.875,-2030.1103515625,4121348,84271336,86877672,87424496,-0.44329142570495605,0
6.06,-80391.7734375,-3943.885498046875,15554232,84492208,87105368,87424496,-0.38501295447349548,0
6.064,-81587.2265625,-5756.1591796875,33133370,85128128,87760944,87424496,-0.30583328008651733,0
6.068,-82473.109375,-7434.27587890625,55268460,86233384,88900392,87424496,-0.22290432453155518,0
6.072,-81260.109375,-8949.146484375,80087216,87811520,90527336,87424496,-0.18029582500457764,0
6.076,-80148.109375,-10275.802734375,105592112,89816216,92594032,92594032,-0.16591222584247589,0
6.08,-81110.0390625,-11393.8330078125,129819432,92156464,95006656,92594032,-0.11442802101373672,0
6.084,-82329.0625,-12287.6982421875,150987520,94706352,97635416,92594032,-0.0025331061333417892,0
6.088,-81356.2265625,-12946.9345703125,167623120,97317608,100327424,92594032,0.10209115594625473,0
6.092,-79984.171875,-13366.21875,178655824,99834224,102921880,92594032,0.11160707473754883,0
6.096,-80659.2265625,-13545.3095703125,183475408,102107544,105265512,92594032,0.015063981525599957,0
6.1,-82075.5390625,-13488.8798828125,181949904,104010160,107226968,92594032,-0.11220602691173553,0
6.104,-81389.6484375,-13206.2392578125,174404736,105447744,108709016,92594032,-0.15797848999500275,0
6.108,-79884.8125,-12710.943359375,161568080,106366936,109656624,92594032,-0.043773941695690155,0
6.112,-80256.625,-12020.341796875,144488624,106759424,110061248,92594032,0.2002236396074295,0
6.116,-81742.1875,-11155.0283203125,124434664,106661160,109959960,109959960,0.45276346802711487,0
6.12,-81422.375,-10138.2529296875,102784176,106147240,109430128,109959960,0.61037063598632812,0
6.124,-79897.234375,-8995.2998046875,80915416,105322920,108580328,109959960,0.65732800960540771,0
6.128,-79912.0234375,-7752.82568359375,60106304,104311704,107537832,109959960,0.64260798692703247,0
6.132,-81358.8125,-6438.21337890625,41450592,103241792,106434840,109959960,0.61146390438079834,0
6.136,-81425.9375,-5078.92578125,25795488,102232216,105394032,109959960,0.56718635559082031,0
6.14,-79967.734375,-3701.897216796875,13704043,101380144,104515608,109959960,0.49760913848876953,0
6.144,-79607.0625,-2332.95849609375,5442695,100750640,103866624,109959960,0.41618743538856506,0
6.148,-80942.109375,-996.326171875,992665.8125,100369704,103473904,109959960,0.34806221723556519,0
6.152,-81445.9140625,285.85205078125,81711.3984375,100221608,103321240,109959960,0.29365062713623047,0
6.156,-80106.1484375,1493.870849609375,2231650,100250392,103350912,103350912,0.24476687610149384,0
6.16,-79374.5390625,2610.765625,6816097.5,100365736,103469824,103350912,0.22093383967876434,0
6.164,-80547.7734375,3622.525390625,13122691,100452144,103558896,103350912,0.25275102257728577,0
6.168,-81471.609375,4518.2216796875,20414330,100381056,103485616,103350912,0.33923029899597168,0
6.172,-80314.4140625,5290.0537109375,27984668,100024064,103117592,103350912,0.44939073920249939,0
6.176,-79227.9140625,5933.3154296875,35204236,99266456,102336552,103350912,0.5680464506149292,0
6.18,-80203.609375,6446.28515625,41554592,98019440,101050968,103350912,0.72744876146316528,0
6.184,-81442.625,6830.0458984375,46649528,96229928,99206104,103350912,0.97145873308181763,0
6.188,-80505.1875,7088.25146484375,50243308,93886960,96790680,103350912,1.2853116989135742,0
6.192,-79176.2890625,7226.8388671875,52227200,91024216,93839400,103350912,1.5792070627212524,0
6.196,-79895.0625,7253.703125,52616212,87718144,90431080,90431080,1.7551391124725342,0
6.2,-81341.8515625,7178.34619140625,51528660,84082352,86682840,90431080,1.7831296920776367,0
6.204,-80674.625,7011.5,49161132,80258304,82740520,90431080,1.6821050643920898,0
6.208,-79190.4609375,6764.76416015625,45762036,76403544,78766528,90431080,1.4651200771331787,0
6.212,-79613.2890625,6450.22265625,41605368,72678384,74926168,90431080,1.1650346517562866,0
6.216,-81132.2109375,6080.09765625,36967584,69232552,71373760,90431080,0.87256258726119995,0
6.22,-80817.25,5666.41943359375,32108310,66192416,68239600,90431080,0.69805365800857544,0
6.224,-79280.421875,5220.72265625,27255946,63650804,65619380,90431080,0.69007903337478638,0
6.228,-79343.296875,4753.79541015625,22598570,61659384,63566368,90431080,0.78892409801483154,0
6.232,-80845.7890625,4275.45556640625,18279520,60224908,62087532,61143500,0.88136595487594604,0
6.236,-80931.625,3794.389892578125,14397395,59309196,61143500,61143500,0.91199225187301636,0
6.24,-79431.2109375,3318.030029296875,11009323,58832952,60652524,61143500,0.91001683473587036,0
6.244,-79111.9609375,2852.48583984375,8136675,58682932,60497868,61143500,0.9155658483505249,0
6.248,-80510.4609375,2402.522216796875,5772113.5,58721740,60537876,61143500,0.93597573041915894,0
6.252,-81020,1971.5823974609375,3887137.25,58799424,60617964,61143500,0.96642005443572998,0
6.256,-79634.234375,1561.8568115234375,2439396.75,58765784,60583284,61143500,0.9880034327507019,0
6.26,-78902.3515625,1174.383544921875,1379176.75,58482292,60291020,61143500,0.95177924633026123,0
6.264,-80149.3984375,809.18438720703125,654779.375,57832716,59621356,61143500,0.81778562068939209,0
6.268,-81073.484375,465.42202758789062,216617.671875,56731680,58486264,61143500,0.59939718246459961,0
6.272,-79846.4140625,141.57861328125,20044.505859375,55130336,56835392,61143500,0.35642790794372559,0
6.276,-78747.7890625,-164.35664367675781,27013.10546875,53019032,54658796,54658796,0.18026669323444366,0
6.28,-79793.9609375,-454.69573974609375,206748.21875,50426776,51986360,54658796,0.1759011447429657,0
6.284,-81053.7734375,-731.86297607421875,535623.375,47417748,48884276,54658796,0.38750538229942322,0
6.288,-80061.5859375,-998.21533203125,996433.875,44085208,45448664,54658796,0.73009908199310303,0
6.292,-78671.9375,-1255.878662109375,1577231.375,40543636,41797560,54658796,1.0470911264419556,0
6.296,-79452.2890625,-1506.6038818359375,2269855.25,36919532,38061368,54658796,1.2252868413925171,0
6.3,-80946.5,-1751.646240234375,3068264.75,33341894,34373080,54658796,1.2408052682876587,0
6.304,-80217.484375,-1991.6763916015625,3966774.75,29933132,30858896,54658796,1.1560173034667969,0
6.308,-78677.9375,-2226.715576171875,4958262.5,26800938,27629834,54658796,1.0800132751464844,0
6.312,-79155.875,-2456.10693359375,6032461.5,24031814,24775066,54658796,1.0780528783798218,0
6.316,-80729.9375,-2678.515625,7174446.5,21686608,22357324,22357324,1.1180045604705811,0
6.32,-80359.609375,-2891.95703125,8363415,19798192,20410506,22357324,1.125165581703186,0
6.324,-78773.4140625,-3093.857421875,9571955,18371324,18939510,22357324,1.0789775848388672,0
6.328,-78890.2109375,-3281.13818359375,10765869,17384518,17922182,22357324,1.0224978923797607,0
6.332,-80441.546875,-3450.319091796875,11904702,16793600,17312988,22357324,0.97608441114425659,0
6.336,-80482.75,-3597.643798828125,12943040,16536550,17047990,22357324,0.90880680084228516,0
6.34,-78927.5234375,-3719.217529296875,13832579,16539120,17050636,22357324,0.81104344129562378,0
6.344,-78634.5390625,-3811.14990234375,14524864,16720765,17237900,22357324,0.72957009077072144,0
6.348,-80103.546875,-3869.704345703125,14974613,17000406,17526188,22357324,0.70637816190719604,0
6.352,-80577.4765625,-3891.44482421875,15143342,17301638,17836742,22357324,0.71899920701980591,0
6.356,-79117.4375,-3873.376220703125,15003043,17557066,18100070,18100070,0.71594256162643433,0
6.36,-78402.8359375,-3813.0703125,14539504,17711532,18259308,18100070,0.6830560564994812,0
6.364,-79733.1640625,-3708.781982421875,13755064,17724182,18272352,18100070,0.64242875576019287,0
6.368,-80651.7890625,-3559.542236328125,12670341,17569302,18112682,18100070,0.62244528532028198,0
6.372,-79334.421875,-3365.23046875,11324776,17236102,17769178,18100070,0.62550628185272217,0
6.376,-78235.8125,-3126.625,9775784,16727533,17244876,18100070,0.59932154417037964,0
6.38,-79375.5859375,-2845.423095703125,8096432,16058368,16555019,18100070,0.49010318517684937,0
6.384,-80663.1015625,-2524.240966796875,6371792,15252814,15724550,18100070,0.33686137199401855,0
6.388,-79576.359375,-2166.584716796875,4694089.5,14341830,14785390,18100070,0.26481238007545471,0
6.392,-78174.671875,-1776.7962646484375,3157005.25,13360427,13773635,12726899,0.37073031067848206,0
6.396,-79051.3359375,-1359.976318359375,1849535.625,12345093,12726899,12726899,0.61543941497802734,0
6.4,-80594.875,-921.8876953125,849876.875,11331517,11681976,12726899,0.84602469205856323,0
6.404,-79773.7890625,-468.838134765625,219809.203125,10352691,10672877,12726899,0.93520736694335938,0
6.408,-78192.6015625,-7.5496611595153809,56.997386932373047,9437451,9729331,12726899,0.88050651550292969,0
6.412,-78754.1484375,454.98348999023438,207009.96875,8609485,8875757,12726899,0.79498022794723511,0
6.416,-80401.234375,911.6444091796875,831095.5,7886754.5,8130674.5,12726899,0.80748015642166138,0
6.42,-79956.3984375,1355.3466796875,1836964.625,7281327,7506522.5,12726899,0.91352605819702148,0
6.424,-78296.609375,1779.186279296875,3165503.5,6799518.5,7009812,12726899,0.96821421384811401,0
6.428,-78481.7265625,2176.588623046875,4737538.5,6442298.5,6641544,12726899,0.87871837615966797,0
6.432,-80132.5859375,2541.44677734375,6458951,6205886.5,6397820,12726899,0.7041056752204895,0
6.436,-80100.7109375,2868.248779296875,8226851,6082475,6270592,6270592,0.55618637800216675,0
6.44,-78434.375,3152.188720703125,9936294,6061015,6248468,6270592,0.51277923583984375,0
6.444,-78181.75,3389.259033203125,11487077,6128023,6317548,6270592,0.58600443601608276,0
6.448,-79752.2109375,3576.326904296875,12790115,6268383,6462249.5,6270592,0.70255172252655029,0
6.452,-80200.171875,3711.184326171875,13772888,6466098.5,6666080,6270592,0.76768714189529419,0
6.456,-78628.921875,3792.581298828125,14383672,6704983,6912352,6270592,0.75103425979614258,0
6.46,-77924.7890625,3820.231689453125,14594171,6969283,7184827,6270592,0.67361819744110107,0
6.464,-79337.796875,3794.802001953125,14400523,7244198.5,7468245.5,6270592,0.57489192485809326,0
6.468,-80247.421875,3717.87451171875,13822590,7516318.5,7748781.5,6270592,0.51778668165206909,0
6.472,-78844.6875,3591.895751953125,12901715,7773951,8014381.5,6270592,0.54309737682342529,0
6.476,-77730.3515625,3420.100341796875,11697086,8007352,8255001.5,8255001.5,0.60869294404983521,0
6.48,-78938.0859375,3206.426513671875,10281171,8208841.5,8462723,8255001.5,0.63375264406204224,0
6.484,-80239.796875,2955.414794921875,8734477,8372818.5,8631771,8255001.5,0.57884359359741211,0
6.488,-79064.0390625,2672.095703125,7140095,8495691,8758445,8255001.5,0.44451680779457092,0
6.492,-77628.421875,2361.875,5578453.5,8575717,8840944,8255001.5,0.24557654559612274,0
6.496,-78552.984375,2030.4117431640625,4122571.5,8612771,8879144,8255001.5,0.022657623514533043,0
6.5,-80126.546875,1683.4947509765625,2834154.75,8608088,8874317,8255001.5,-0.16135700047016144,0
6.504,-79252.6640625,1326.9261474609375,1760733,8563966,8828830,8255001.5,-0.26037120819091797,0
6.508,-77621.3125,966.4046630859375,933938,8483480,8745854,8255001.5,-0.27789568901062012,0
6.512,-78234.9140625,607.42138671875,368960.75,8370210.5,8629083,8255001.5,-0.26889052987098694,0
6.516,-79911.8359375,255.16122436523438,65107.25,8228024,8482499,8482499,-0.29805654287338257,0
6.52,-79407.1484375,-85.58038330078125,7324.00244140625,8060902.5,8310208,8482499,-0.36686700582504272,0
6.524,-77706.671875,-410.46932983398438,168485.078125,7872832,8116320,8482499,-0.39755314588546753,0
6.528,-77932.171875,-715.68963623046875,512211.65625,7667759,7904905.5,8482499,-0.32392582297325134,0
6.532,-79623.125,-997.9852294921875,995974.5,7449585.5,7679984,8482499,-0.16448919475078583,0
6.536,-79571.2265625,-1254.6875,1574240.75,7222209.5,7445576,8482499,0.010394953191280365,0
6.54,-77876.359375,-1483.7255859375,2201441.5,6989586.5,7205758.5,8482499,0.13448114693164825,0
6.544,-77683.625,-1683.624755859375,2834592,6755781.5,6964722.5,8482499,0.17445468902587891,0
6.548,-79296.9609375,-1853.4898681640625,3435424.75,6524997.5,6726800,8482499,0.13677377998828888,0
6.552,-79728.6640625,-1992.9765625,3971955.5,6301569.5,6496462.5,8482499,0.051600437611341476,0
6.556,-78141.0390625,-2102.25390625,4419471,6089898.5,6278245.5,6278245.5,-0.040347535163164139,0
6.56,-77463.984375,-2181.95458984375,4760926.5,5894326.5,6076624,6278245.5,-0.092898234724998474,0
6.564,-78907.5234375,-2233.12060546875,4986827,5718961.5,5895836,6278245.5,-0.068069145083427429,0
6.568,-79802.2109375,-2257.145263671875,5094704,5567449.5,5739638.5,6278245.5,0.032104026526212692,0
6.572,-78377.3515625,-2255.705810546875,5088208,5442717.5,5611048,6278245.5,0.1404908150434494,0
6.576,-77275.7109375,-2230.703857421875,4976039,5346722.5,5512084,6278245.5,0.17108246684074402,0
6.58,-78506.1484375,-2184.197998046875,4770721.5,5280208,5443512,6278245.5,0.10755646228790283,0
6.584,-79798.109375,-2118.344482421875,4487383,5242520,5404659,6278245.5,0.021336814388632774,0
6.588,-78606.5234375,-2035.3388671875,4142604,5231490.5,5393288,6278245.5,-0.0095192985609173775,0
6.592,-77160.6484375,-1937.3648681640625,3753382.75,5243418.5,5405585.5,6278245.5,0.0073380796238780022,0
6.596,-78114.5625,-1826.5472412109375,3336274.75,5273153.5,5436240,5436240,-0.0095347361639142036,0
6.6,-79697.375,-1704.916015625,2906738.75,5314290.5,5478649.5,5436240,-0.10925775766372681,0
6.604,-78806.5625,-1574.3743896484375,2478654.75,5359467,5525223,5436240,-0.24025508761405945,0
6.608,-77162.609375,-1436.677734375,2064042.75,5400746.5,5567779,5436240,-0.30045533180236816,0
6.612,-77800.3515625,-1293.4195556640625,1672934,5430065.5,5598005.5,5436240,-0.25311151146888733,0
6.616,-79515.359375,-1146.0247802734375,1313372.75,5439710.5,5607948,5436240,-0.15359970927238464,0
6.62,-79014.5625,-995.75177001953125,991521.5,5422802.5,5590517.5,5436240,-0.058916639536619186,0
6.624,-77309.6875,-843.70001220703125,711829.6875,5373728,5539925.5,5436240,0.02167394757270813,0
6.628,-77549.4609375,-690.8232421875,477236.75,5288522.5,5452084,5436240,0.094188392162322998,0
6.632,-79236.609375,-537.9486083984375,289388.6875,5165131,5324876,5158320,0.15319307148456573,0
6.636,-79189.7890625,-385.79721069335938,148839.46875,5003571,5158320,5158320,0.18063327670097351,0
6.64,-77515.796875,-235.00888061523438,55229.17578125,4805949.5,4954586.5,5158320,0.15989653766155243,0
6.644,-77285.484375,-86.166732788085938,7424.7060546875,4576356,4717892,5158320,0.098938226699829102,0
6.648,-78882.125,60.178150177001953,3621.40966796875,4320626.5,4454253.5,5158320,0.029758492484688759,0
6.652,-79289.875,203.4835205078125,41405.54296875,4045997.25,4171130.75,5158320,-0.018771225586533546,0
6.656,-77724.3125,343.19515991210938,117782.9140625,3760679.25,3876988.75,5158320,-0.029450943693518639,0
6.66,-77079.0859375,478.72918701171875,229181.625,3473379.5,3580803.25,5158320,0.0056741675361990929,0
6.664,-78520.3359375,609.45867919921875,371439.90625,3192797.5,3291543.5,5158320,0.066578827798366547,0
6.668,-79399.796875,734.70379638671875,539789.6875,2927141.5,3017671.25,5158320,0.10718730837106705,0
6.672,-77994.1484375,853.72802734375,728851.5,2683684.75,2766685.25,5158320,0.07810511440038681,0
6.676,-76927.7734375,965.73828125,932650.375,2468395.5,2544737.25,2544737.25,-0.065712198615074158,0
6.68,-78162.9375,1069.889404296875,1144663.375,2285665.5,2356355.5,2544737.25,-0.33064556121826172,0
6.684,-79430.0859375,1165.294677734375,1357911.625,2138134,2204261.5,2544737.25,-0.65106391906738281,0
6.688,-78250.984375,1251.0400390625,1565101,2026634.625,2089313.625,2544737.25,-0.93868100643157959,0
6.692,-76856.1015625,1326.2017822265625,1758811,1950241.625,2010557.75,2544737.25,-1.1507457494735718,0
6.696,-77814.109375,1389.8677978515625,1931732.625,1906424.75,1965385.75,2544737.25,-1.2826324701309204,0
6.7,-79374.1640625,1441.161865234375,2076947.625,1891280.625,1949773.375,2544737.25,-1.3344688415527344,0
6.704,-78479.671875,1479.2698974609375,2188239.5,1899830.75,1958587.75,2544737.25,-1.3164565563201904,0
6.708,-76872.6015625,1503.464599609375,2260405.5,1926360,1985937.625,2071071.375,-1.23944091796875,0
6.712,-77529.0390625,1513.133544921875,2289573.25,1964772.375,2025538,2071071.375,-1.0838800668716431,0
6.716,-79209.4140625,1507.8031005859375,2273470,2008939.625,2071071.375,2071071.375,-0.84549462795257568,0
6.72,-78681.734375,1487.1617431640625,2211650,2053026,2116521.25,2071071.375,-0.59200030565261841,0
6.724,-77000.9375,1451.080078125,2105633.5,2091769,2156462.75,2071071.375,-0.40590566396713257,0
6.728,-77277.5,1399.62890625,1958961,2120704,2186292.75,2071071.375,-0.32689899206161499,0
6.732,-78971.9375,1333.089599609375,1777127.75,2136327.25,2202398.75,2071071.375,-0.36811098456382751,0
6.736,-78882.7734375,1251.963623046875,1567412.75,2136190.75,2202258,2071071.375,-0.50414848327636719,0
6.74,-77195.9609375,1156.974365234375,1338589.625,2118933.5,2184467.25,2071071.375,-0.64356023073196411,0
6.744,-77043.1640625,1049.0657958984375,1100539,2084252.625,2148713.5,2071071.375,-0.68187409639358521,0
6.748,-78674.2265625,929.39337158203125,863772,2032819.625,2095689.75,2071071.375,-0.59842491149902344,0
6.752,-79049.1484375,799.31317138671875,638901.5,1966158.375,2026966.75,2071071.375,-0.47240105271339417,0
6.756,-77437.2265625,660.36212158203125,436078.15625,1886490.625,1944835.375,1944835.375,-0.39619007706642151,0
6.76,-76834.25,514.2373046875,264440,1796560.75,1852124,1944835.375,-0.3839021623134613,0
6.764,-78347.5,362.76873779296875,131601.171875,1699456.375,1752016.375,1944835.375,-0.36495488882064819,0
6.768,-79207.9140625,207.89022827148438,43218.34375,1598426.625,1647862,1944835.375,-0.2665250301361084,0
6.772,-77708.5234375,51.606586456298828,2663.23974609375,1496715.75,1543005.625,1944835.375,-0.094046831130981445,0
6.776,-76630.6015625,-104.04061126708984,10824.4501953125,1397411.375,1440629.75,1944835.375,0.076847635209560394,0
6.78,-77980.609375,-257.00863647460938,66053.4375,1303318,1343626.375,1944835.375,0.16705271601676941,0
6.784,-79360.421875,-405.28939819335938,164259.5,1216855.625,1254489.75,1944835.375,0.14964291453361511,0
6.788,-78023.25,-546.94512939453125,299148.9375,1139986.625,1175243.625,1944835.375,0.068100988864898682,0
6.792,-76460.4609375,-680.14190673828125,462593,1074170.625,1107392,1944835.375,-0.018516262993216515,0
6.796,-79557.3984375,-803.1815185546875,645100.5,1020347.1875,1051903.75,1051903.75,-0.1076682060956955,0
6.8,-91799.984375,-914.53143310546875,836367.8125,978939.8125,1009215.875,1051903.75,-0.21583923697471619,0
6.804,-109931.671875,-1012.8518676757812,1025868.875,949884,979261.375,1051903.75,-0.30870914459228516,0
6.808,-135954.671875,-1097.030029296875,1203474.75,932672.6875,961517.8125,1051903.75,-0.3063596785068512,0
6.812,-157503.71875,-1166.232177734375,1360097.625,926415.875,955067.5,1051903.75,-0.097688734531402588,0
6.816,-173891.09375,-1220.0015869140625,1488403.75,929916.5,958676.375,1051903.75,0.40959739685058594,0
6.82,-181989.796875,-1258.417724609375,1583615,941758.375,970884.5,1051903.75,1.1914047002792358,0
6.824,-185901.328125,-1282.3193359375,1644342.75,960408.6875,990111.6875,1051903.75,2.1104788780212402,0
6.828,-188529.671875,-1293.5361328125,1673235.75,984328.6875,1014771.375,1051903.75,2.9987246990203857,0
6.832,-192310.96875,-1295.043701171875,1677138.375,1012083.6875,1043384.8125,1051903.75,3.7065150737762451,0
6.836,-193190.328125,-1290.9381103515625,1666521.375,1042437.3125,1074677.375,1074677.375,4.1370162963867188,0
6.84,-192378.71875,-1286.1669921875,1654225.625,1074417.375,1107646.375,1074677.375,4.2736701965332031,0
6.844,-193493.578125,-1286.017333984375,1653840.625,1107345.625,1141593,1074677.375,4.1943259239196777,0
6.848,-196046.75,-1295.4322509765625,1678144.75,1140836,1176119,1074677.375,4.0276060104370117,0
6.852,-196907.078125,-1318.2744140625,1737847.375,1174764.75,1211097.375,1074677.375,3.8305919170379639,0
6.856,-195528.25,-1356.657958984375,1840520.75,1209219.625,1246617.75,1074677.375,3.5651736259460449,0
6.86,-195277.703125,-1410.4371337890625,1989332.75,1244422.625,1282909.625,1074677.375,3.2224204540252686,0
6.864,-196918.25,-1476.9111328125,2181266.75,1280619.375,1320225.75,1074677.375,2.8651607036590576,0
6.868,-197281.09375,-1550.75390625,2404837.5,1317920,1358680,1074677.375,2.5420303344726562,0
6.872,-195362.578125,-1624.1536865234375,2637875.25,1356100.625,1398041.375,1074677.375,2.2478537559509277,0
6.876,-194473.625,-1687.133544921875,2846419.5,1394376,1437500.625,1437500.625,1.9546686410903931,0
6.88,-196055.71875,-1728.0230712890625,2986063.5,1431204,1475467.625,1437500.625,1.6287288665771484,0
6.884,-196873.296875,-1734.0478515625,3006922,1464184.375,1509468,1437500.625,1.2515523433685303,0
6.888,-195223.796875,-1692.019287109375,2862929.25,1490140.75,1536227,1437500.625,0.86246538162231445,0
6.892,-194621.671875,-1589.0872802734375,2525198.75,1505468.625,1552029,1437500.625,0.53837442398071289,0
6.896,-196211.5,-1413.5283203125,1998062.375,1506795,1553396.625,1437500.625,0.31572765111923218,0
6.9,-197535.546875,-1155.5328369140625,1335256,1491961.375,1538104,1437500.625,0.17382356524467468,0
6.904,-196547.328125,-807.95147705078125,652785.5,1461252.375,1506445.375,1437500.625,0.080175504088401794,0
6.908,-195483.578125,-366.95819091796875,134658.328125,1418737.375,1462615.375,1437500.625,0.017107158899307251,0
6.912,-196630,167.4019775390625,28023.421875,1373506.375,1415985.625,1437500.625,-0.014029396697878838,0
6.916,-198223.171875,790.81768798828125,625392.6875,1340544.75,1382004.625,1382004.625,0.002616220386698842,0
6.92,-197458.921875,1494.4876708984375,2233493.5,1340981.625,1382454.75,1382004.625,0.071114279329776764,0
6.924,-196167.796875,2265.087890625,5130623,1401481.375,1444825.75,1382004.625,0.14638225734233856,0
6.928,-196786,3084.936767578125,9516835,1552638.75,1600658,1382004.625,0.13431033492088318,0
6.932,-198377.46875,3932.35302734375,15463400,1826364.375,1882849.375,1382004.625,-0.03505285456776619,0
6.936,-198064.96875,4782.20703125,22869504,2252406,2322067.5,1382004.625,-0.33635109663009644,0
6.94,-196456.953125,5606.6318359375,31434320,2854320.75,2942598,1382004.625,-0.6802489161491394,0
6.944,-196538.203125,6375.89208984375,40652000,3645350,3758092,1382004.625,-0.98660677671432495,0
6.948,-198007.546875,7059.3544921875,49834484,4624764,4767797.5,1382004.625,-1.2092632055282593,0
6.952,-198025.46875,7626.55859375,58164396,5775274.5,5953890.5,7280473.5,-1.3441095352172852,0
6.956,-196687,8048.3154296875,64775380,7062060,7280473.5,7280473.5,-1.431818962097168,0
6.96,-196317.046875,8297.8203125,68853824,8433848,8694688,7280473.5,-1.5219161510467529,0
6.964,-197612.046875,8351.7265625,69751336,9826243,10130147,7280473.5,-1.6283594369888306,0
6.968,-198146.953125,8191.1484375,67094912,11167277,11512656,7280473.5,-1.7315219640731812,0
6.972,-196913.546875,7802.53515625,60879552,12384814,12767848,7280473.5,-1.8121204376220703,0
6.976,-196189.21875,7178.42041015625,51529720,13415192,13830094,7280473.5,-1.8677059412002563,0
6.98,-197423.953125,6317.97509765625,39916812,14212206,14651758,7280473.5,-1.9116857051849365,0
6.984,-198515.578125,5227.375,27325450,14755430,15211782,7280473.5,-1.9540431499481201,0
6.988,-197297.453125,3919.94287109375,15365952,15056766,15522438,7280473.5,-1.9827077388763428,0
6.992,-196214.578125,2416.07373046875,5837412,15164262,15633259,7280473.5,-2.0012874603271484,0
6.996,-197169.25,742.92706298828125,551940.6875,15162400,15631339,15631339,-2.0613322257995605,0
7,-198633.5,-1066.098388671875,1136565.75,15168405,15637531,15631339,-2.2012341022491455,0
7.004,-197791.453125,-2972.100341796875,8833381,15324555,15798509,15631339,-2.384354829788208,0
7.008,-196365.296875,-4931.59375,24320618,15786896,16275150,15631339,-2.5406546592712402,0
7.012,-197088.625,-6897.6044921875,47576948,16711235,17228076,15631339,-2.6291911602020264,0
7.016,-198514.46875,-8820.8798828125,77807920,18237626,18801676,15631339,-2.6425051689147949,0
7.02,-197960.078125,-10651.2109375,113448296,20474918,21108160,15631339,-2.5909817218780518,0
7.024,-196757.625,-12338.8095703125,152246224,23486956,24213356,15631339,-2.4886353015899658,0
7.028,-197170.796875,-13835.6953125,191426480,27282022,28125792,15631339,-2.3561034202575684,0
7.032,-198405,-15097.0751953125,227921664,31806912,32790630,15631339,-2.2346642017364502,0
7.036,-198090.953125,-16082.6376953125,258651232,36946604,38089280,38089280,-2.1600883007049561,0
7.04,-196961.421875,-16757.775390625,280823040,42529976,43845332,38089280,-2.1232428550720215,0
7.044,-197025.375,-17094.630859375,292226400,48341432,49836524,38089280,-2.0893185138702393,0
7.048,-198216.078125,-17073.009765625,291487648,54137624,55811980,38089280,-2.0599129199981689,0
7.052,-198398.875,-16681.0625,278257856,59668024,61513428,38089280,-2.0876686573028564,0
7.056,-197273.5,-15915.78125,253312096,64697460,66698412,38089280,-2.2137069702148438,0
7.06,-196892,-14783.2236328125,218543696,69028544,71163440,38089280,-2.4015514850616455,0
7.064,-198133.96875,-13298.5263671875,176850784,72521944,74764888,38089280,-2.5302577018737793,0
7.068,-198970.828125,-11485.669921875,131920616,75112240,77435304,38089280,-2.4617526531219482,0
7.072,-197790.21875,-9376.990234375,87927936,76818048,79193856,38089280,-2.1607818603515625,0
7.076,-197332.5,-7012.48583984375,49174956,77744616,80149096,80149096,-1.7611739635467529,0
7.08,-198700.703125,-4438.90478515625,19703878,78078976,80493784,80149096,-1.4786107540130615,0
7.084,-199944.328125,-1708.659912109375,2919518.75,78077232,80491992,80149096,-1.4451872110366821,0
7.088,-198955.671875,1121.4130859375,1257567.375,78045120,80458880,80149096,-1.6291364431381226,0
7.092,-197761.671875,3991.416015625,15931403,78313256,80735320,80149096,-1.8871803283691406,0
7.096,-198533.96875,6839.82958984375,46783264,79208944,81658712,80149096,-2.0716681480407715,0
7.1,-199924.09375,9604.9921875,92255872,81027368,83533360,80149096,-2.1003482341766357,0
7.104,-199388.328125,12226.6064453125,149489888,84004096,86602152,80149096,-1.9792181253433228,0
7.108,-197818.96875,14647.177734375,214539824,88292208,91022888,80149096,-1.8002538681030273,0
7.112,-198388.828125,16813.416015625,282690976,93945456,96850984,80149096,-1.6854276657104492,0
7.116,-199838.5,18677.51171875,348849408,100909936,104030848,104030848,-1.7012240886688232,0
7.12,-199731.921875,20198.275390625,407970304,109024680,112396568,104030848,-1.8215227127075195,0
7.124,-198153.328125,21342.09375,455484928,118031768,121682224,104030848,-1.9466724395751953,0
7.128,-198286.75,22083.73046875,487691168,127595248,131541488,104030848,-1.9604383707046509,0
7.132,-199653.171875,22406.865234375,502067616,137327328,141574576,104030848,-1.8141912221908569,0
7.136,-199872.796875,22304.416015625,497487008,146819680,151360480,104030848,-1.5638631582260132,0
7.14,-198413.203125,21778.68359375,474311072,155677232,160491984,104030848,-1.313399076461792,0
7.144,-198192.125,20841.18359375,434354944,163551280,168609536,104030848,-1.1439651250839233,0
7.148,-199493.5,19512.333984375,380731136,170169216,175432160,104030848,-1.0851755142211914,0
7.152,-199992.46875,17820.853515625,317582784,175357568,180781008,104030848,-1.1157951354980469,0
7.156,-198635.453125,15803.0517578125,249736448,179056816,184594640,184594640,-1.1953773498535156,0
7.16,-197990.375,13501.8701171875,182300496,181325744,186933728,184594640,-1.2881412506103516,0
7.164,-199255.796875,10965.826171875,120249344,182335696,187974912,184594640,-1.3546730279922485,0
7.168,-200000,8247.828125,68026672,182354352,187994160,184594640,-1.3659778833389282,0
7.172,-198944.203125,5403.89306640625,29202060,181720784,187341008,184594640,-1.3220402002334595,0
7.176,-197872.203125,2491.834716796875,6209240,180814384,186406576,184594640,-1.2255827188491821,0
7.18,-198870.34375,-430.07440185546875,184963.96875,180019760,185587376,184594640,-1.0769462585449219,0
7.184,-199991.96875,-3304.42529296875,10919227,179691616,185249072,184594640,-0.91364449262619019,0
7.188,-199150.375,-6075.94140625,36917068,180122624,185693408,184594640,-0.80369406938552856,0
7.192,-197795.171875,-8692.6669921875,75562456,181517136,187131056,184594640,-0.78224515914916992,0
7.196,-198571.96875,-11107.046875,123366488,183973424,189663312,189663312,-0.80946445465087891,0
7.2,-199762.046875,-13276.8857421875,176275680,187476192,193274416,189663312,-0.80149537324905396,0
7.204,-199255.453125,-15166.130859375,230011520,191899776,197834832,189663312,-0.72052973508834839,0
7.208,-197944.203125,-16745.515625,280412320,197021616,203115056,189663312,-0.61724376678466797,0
7.212,-198275.703125,-17993.009765625,323748448,202545024,208809296,189663312,-0.55844056606292725,0
7.216,-199156.421875,-18894.083984375,356986368,208128608,214565584,189663312,-0.54424399137496948,0
7.22,-198633.921875,-19441.796875,377983424,213419312,220019920,189663312,-0.52064073085784912,0
7.224,-197833.796875,-19636.703125,385600096,218086368,224831312,189663312,-0.4438474178314209,0
7.228,-198122.421875,-19486.57421875,379726528,221852384,228713808,189663312,-0.32777276635169983,0
7.232,-199014.296875,-19005.98046875,361227264,224518496,231462352,189663312,-0.2442285567522049,0
7.236,-198693.953125,-18215.69921875,331811744,225981696,232970800,232970800,-0.26951354742050171,0
7.24,-197817.796875,-17142.03125,293849248,226242256,233239424,232970800,-0.42324724793434143,0
7.244,-197995.828125,-15816.0048828125,250146016,225400624,232371760,232970800,-0.63622796535491943,0
7.248,-198876,-14272.474609375,203703520,223644928,230561760,232970800,-0.77841711044311523,0
7.252,-198710.96875,-12549.21875,157482880,221229440,228071552,232970800,-0.7557220458984375,0
7.256,-197858.125,-10685.958984375,114189720,218446976,225203040,232970800,-0.58211648464202881,0
7.26,-197802.078125,-8723.4091796875,76097856,215598080,222266064,232970800,-0.35425987839698792,0
7.264,-198702.21875,-6702.3193359375,44921080,212959488,219545856,232970800,-0.17211055755615234,0
7.268,-199012.421875,-4662.58447265625,21739692,210755888,217274080,232970800,-0.085730433464050293,0
7.272,-198125.84375,-2642.39453125,6982249.5,209136976,215605120,214600656,-0.090102717280387878,0
7.276,-197722.546875,-677.4852294921875,458986.25,208162640,214600656,214600656,-0.14004513621330261,0
7.28,-198468.703125,1199.530029296875,1438872.375,207797328,214224048,214600656,-0.18204636871814728,0
7.284,-198832.375,2959.70849609375,8759875,207914160,214344496,214600656,-0.17779171466827393,0
7.288,-197999.59375,4578.2138671875,20960042,208308192,214750688,214600656,-0.09783385694026947,0
7.292,-197484.875,6034.62744140625,36416728,208717904,215173088,214600656,0.064416468143463135,0
7.296,-198171.5,7313.13525390625,53481944,208851888,215311200,214600656,0.26498612761497498,0
7.3,-198734.796875,8402.5986328125,70603672,208418816,214864736,214600656,0.43598073720932007,0
7.304,-197960.796875,9296.4970703125,86424856,207157504,213564416,214600656,0.54829788208007812,0
7.308,-197260.328125,9992.7685546875,99855424,204863840,211199824,214600656,0.62678700685501099,0
7.312,-197867.796875,10493.546875,110114536,201412304,207641552,214600656,0.70767134428024292,0
7.316,-198572.96875,10804.810546875,116743920,196770176,202855856,202855856,0.80187386274337769,0
7.32,-197917.21875,10935.9560546875,119595136,191002704,196910000,202855856,0.89006263017654419,0
7.324,-197101.171875,10899.3076171875,118794904,184268896,189967920,202855856,0.94624584913253784,0
7.328,-197555.25,10709.5986328125,114695512,176808960,182277248,202855856,0.96784055233001709,0
7.332,-198387.21875,10383.419921875,107815408,168923952,174148400,202855856,0.97018337249755859,0
7.336,-198153.671875,9938.65625,98776880,160949728,165927552,202855856,0.97356432676315308,0
7.34,-197304.75,9393.935546875,88246016,153228416,157967440,202855856,1.0044208765029907,0
7.344,-197557.296875,8768.0966796875,76879528,146078928,150596832,202855856,1.0600717067718506,0
7.348,-198360.84375,8079.69140625,65281408,139769936,144092720,202855856,1.082467794418335,0
7.352,-198160.59375,7346.54443359375,53971712,134497712,138657408,134402400,1.0297559499740601,0
7.356,-197243.96875,6585.3505859375,43366840,130370328,134402400,134402400,0.94182568788528442,0
7.36,-197273.078125,5811.35400390625,33771832,127399744,131339944,134402400,0.8743012547492981,0
7.364,-198097.46875,5038.08740234375,25382326,125502400,129383912,134402400,0.82300233840942383,0
7.368,-198180.453125,4277.18994140625,18294352,124507760,128358512,134402400,0.76796472072601318,0
7.372,-197346.078125,3538.296142578125,12519541,124174104,128014528,134402400,0.73963308334350586,0
7.376,-197157.828125,2829.001953125,8003252,124209984,128051520,134402400,0.78943556547164917,0
7.38,-197940.75,2154.891845703125,4643559,124299160,128143464,134402400,0.91373765468597412,0
7.384,-198374.328125,1519.6334228515625,2309285.5,124126960,127965928,134402400,1.0542627573013306,0
7.388,-197736.546875,925.12237548828125,855851.375,123405736,127222400,134402400,1.1637516021728516,0
7.392,-197327.5,371.67724609375,138143.96875,121897256,125667264,134402400,1.2252130508422852,0
7.396,-197978.078125,-141.73193359375,20087.943359375,119430320,123124032,123124032,1.2359323501586914,0
7.4,-198540.375,-617.22686767578125,380969,115912424,119497328,123124032,1.216486930847168,0
7.404,-197903.578125,-1057.746826171875,1118828.375,111334576,114777904,123124032,1.2054519653320312,0
7.408,-197283.34375,-1466.7689208984375,2151411.25,105769344,109040552,123124032,1.2346904277801514,0
7.412,-197898.75,-1848.0299072265625,3415214.75,99362688,102435752,123124032,1.3270699977874756,0
7.416,-198618.421875,-2205.26123046875,4863177.5,92320232,95175488,123124032,1.4801477193832397,0
7.42,-197983.828125,-2541.9453125,6461486.5,84889792,87515248,123124032,1.6317317485809326,0
7.424,-197413.25,-2861.096923828125,8185875,77341504,79733504,123124032,1.7019144296646118,0
7.428,-197849.96875,-3165.083984375,10017757,69947328,72110640,123124032,1.6979852914810181,0
7.432,-198554.296875,-3455.486328125,11940387,62961592,64908856,58354688,1.709620475769043,0
7.436,-198203.84375,-3732.997314453125,13935269,56604056,58354688,58354688,1.7714942693710327,0
7.44,-197397.875,-3997.371826171875,15978982,51046656,52625420,58354688,1.8059098720550537,0
7.444,-197667.203125,-4247.4208984375,18040586,46404544,47839732,58354688,1.7247982025146484,0
7.448,-198450.421875,-4481.0458984375,20079772,42732076,44053684,58354688,1.5213562250137329,0
7.452,-198214.75,-4695.32177734375,22046044,40023340,41261172,58354688,1.2626644372940063,0
7.456,-197403.59375,-4886.6015625,23878874,38217120,39399092,58354688,1.0555263757705688,0
7.46,-197550.625,-5050.67578125,25509324,37205344,38356024,58354688,1.0009276866912842,0
7.464,-198291.25,-5182.93505859375,26862816,36844184,37983692,58354688,1.1147447824478149,0
7.468,-198317.703125,-5278.56494140625,27863248,36966656,38109952,58354688,1.2827421426773071,0
7.472,-197656.296875,-5332.75,28438220,37395768,38552340,39131028,1.3370141983032227,0
7.476,-197497.328125,-5340.8828125,28525030,37957100,39131028,39131028,1.2078254222869873,0
7.48,-198302.921875,-5298.76953125,28076956,38489856,39680256,39131028,0.9827612042427063,0
7.484,-198825.546875,-5202.828125,27069420,38856052,40057784,39131028,0.80796957015991211,0
7.488,-198172.96875,-5050.26953125,25505222,38946956,40151500,39131028,0.7659916877746582,0
7.492,-197846.84375,-4839.25244140625,23418364,38686988,39883488,39131028,0.84667235612869263,0
7.496,-198466.953125,-4569.02099609375,20875952,38034868,39211200,39131028,0.97891843318939209,0
7.5,-198985.953125,-4240,17977600,36982336,38126112,39131028,1.0707643032073975,0
7.504,-198358.296875,-3853.862060546875,14852253,35550892,36650400,39131028,1.0653562545776367,0
7.508,-197756.421875,-3413.552001953125,11652336,33786828,34831776,39131028,0.99634885787963867,0
7.512,-198282.453125,-2923.27734375,8545550,31755450,32737578,30448108,0.96217185258865356,0
7.516,-198937.96875,-2388.45849609375,5704734.5,29534666,30448108,30448108,1.0337833166122437,0
7.52,-198418.171875,-1815.6402587890625,3296549.5,27208694,28050198,30448108,1.2035150527954102,0
7.524,-197761.296875,-1212.369873046875,1469840.75,24862192,25631126,30448108,1.3891754150390625,0
7.528,-198161.046875,-587.04901123046875,344626.5,22575174,23273372,30448108,1.4799697399139404,0
7.532,-198889.84375,51.243488311767578,2625.895263671875,20418918,21050428,30448108,1.4282357692718506,0
7.536,-198593.46875,692.94500732421875,480172.75,18452986,19023696,30448108,1.3053493499755859,0
7.54,-197956.96875,1328.216796875,1764159.75,16723347,17240560,30448108,1.2309890985488892,0
7.544,-198137.5,1947.1605224609375,3791434,15261584,15733590,30448108,1.2421795129776001,0
7.548,-198876.203125,2540.033203125,6451768,14084992,14520608,30448108,1.2728468179702759,0
7.552,-198794.84375,3097.464111328125,9594285,13197445,13605613,30448108,1.2562938928604126,0
7.556,-198094.71875,3610.655029296875,13036830,12590845,12980253,12980253,1.1860021352767944,0
7.56,-198085.71875,4071.573486328125,16577710,12246960,12625731,12980253,1.0775384902954102,0
7.564,-198718.703125,4473.1201171875,20008806,12139491,12514939,12980253,0.94894343614578247,0
7.568,-198697.59375,4809.28125,23129184,12236187,12614624,12980253,0.85187035799026489,0
7.572,-197923.921875,5075.2421875,25758086,12500958,12887584,12980253,0.84223538637161255,0
7.576,-197756.25,5267.484375,27746394,12895821,13294661,12980253,0.91553258895874023,0
7.58,-198383.09375,5383.8466796875,28985804,13382667,13796563,12980253,1.0288419723510742,0
7.584,-198593.296875,5423.5498046875,29414892,13924779,14355440,12980253,1.1491180658340454,0
7.588,-197874.796875,5387.19775390625,29021900,14488099,14936184,12980253,1.2303777933120728,0
7.592,-197505.375,5276.73974609375,27843980,15042216,15507438,12980253,1.1878318786621094,0
7.596,-198044.296875,5095.4052734375,25963152,15561077,16042347,16042347,0.95601654052734375,0
7.6,-198500.125,4847.61572265625,23499376,16023445,16519014,16042347,0.5860479474067688,0
7.604,-198063.84375,4538.85546875,20601210,16413093,16920714,16042347,0.24983112514019012,0
7.608,-197762.796875,4175.5458984375,17435184,16718768,17235840,16042347,0.10866556316614151,0
7.612,-198265.328125,3764.876220703125,14174293,16933948,17457676,16042347,0.18986165523529053,0
7.616,-198913.84375,3314.638671875,10986830,17056426,17583946,16042347,0.40109843015670776,0
7.62,-198489.296875,2833.05224609375,8026185.5,17087718,17616204,16042347,0.62329071760177612,0
7.624,-197912.5,2328.57958984375,5422283,17032444,17559222,16042347,0.77970075607299805,0
7.628,-198266.25,1809.7447509765625,3275176,16897594,17420202,16042347,0.85594922304153442,0
7.632,-198875.71875,1284.9619140625,1651127,16691808,17208048,16042347,0.87180215120315552,0
7.636,-198629.71875,762.37176513671875,581210.6875,16424726,16932704,16932704,0.8393896222114563,0
7.64,-197940.875,249.6925048828125,62346.34375,16106395,16604531,16932704,0.76476985216140747,0
7.644,-198138.21875,-245.90878295898438,60471.125,15746792,16233805,16932704,0.66625136137008667,0
7.648,-198847.921875,-717.9266357421875,515418.65625,15355504,15830416,16932704,0.56199920177459717,0
7.652,-198937.375,-1160.60546875,1347005,14941525,15403632,16932704,0.46091079711914062,0
7.656,-198335.75,-1569.006591796875,2461781.5,14513182,14962043,16932704,0.36385664343833923,0
7.66,-198313.828125,-1939.053466796875,3759928,14078195,14513603,16932704,0.26343703269958496,0
7.664,-198894.71875,-2267.5546875,5141804,13643774,14065747,16932704,0.16536049544811249,0
7.668,-198921.46875,-2552.208984375,6513770.5,13216784,13625550,12795459,0.093108296394348145,0
7.672,-198239.078125,-2791.587890625,7792963,12803880,13199877,12795459,0.070449039340019226,0
7.676,-198024.21875,-2985.09912109375,8910816,12411595,12795459,12795459,0.12829931080341339,0
7.68,-198615.421875,-3132.938232421875,9815302,12046363,12418931,12795459,0.28624820709228516,0
7.684,-198948,-3236.018798828125,10471819,11714411,12076712,12795459,0.5035858154296875,0
7.688,-198319.21875,-3295.893310546875,10862912,11421565,11774808,12795459,0.68102580308914185,0
7.692,-197950.59375,-3314.66552734375,10987008,11172936,11518491,12795459,0.71822136640548706,0
7.696,-198470,-3294.89794921875,10856352,10972544,11311901,12795459,0.57620275020599365,0
7.7,-199032.921875,-3239.515625,10494461,10822883,11157611,12795459,0.29837217926979065,0
7.704,-198650.703125,-3151.71240234375,9933291,10724502,11056187,12795459,-0.015419210307300091,0
7.708,-198106.046875,-3034.86328125,9210395,10675664,11005838,12795459,-0.25058692693710327,0
7.712,-198462.96875,-2892.436279296875,8366187,10672077,11002141,12795459,-0.31832361221313477,0
7.716,-198963.125,-2727.915283203125,7441522.5,10706813,11037950,11037950,-0.19666481018066406,0
7.72,-198464.96875,-2544.73388671875,6475670.5,10770395,11103499,11037950,0.04065278172492981,0
7.724,-197834.546875,-2346.211669921875,5504709.5,10851093,11186693,11037950,0.26109996438026428,0
7.728,-198142,-2135.50390625,4560377.5,10935406,11273614,11037950,0.37327566742897034,0
7.732,-198816.453125,-1915.5638427734375,3669384.75,11008742,11349219,11037950,0.37325453758239746,0
7.736,-198658.796875,-1689.1090087890625,2853089.25,11056200,11398144,11037950,0.30058759450912476,0
7.74,-197993.875,-1458.604248046875,2127526,11063469,11405638,11037950,0.20037452876567841,0
7.744,-198125.921875,-1226.2513427734375,1503692.375,11017712,11358464,11037950,0.1104159951210022,0
7.748,-198693.171875,-993.98992919921875,988016,10908438,11245813,11037950,0.043201416730880737,0
7.752,-198452.171875,-763.51123046875,582949.375,10728213,11060013,11037950,-0.011590644717216492,0
7.756,-197756.828125,-536.2757568359375,287591.6875,10473227,10797141,10797141,-0.058082245290279388,0
7.76,-197771.59375,-313.53897094726562,98306.6875,10143638,10457358,10797141,-0.076773762702941895,0
7.764,-198393.546875,-96.380836486816406,9289.265625,9743648,10044997,10797141,-0.05705498531460762,0
7.768,-198475.125,114.26418304443359,13056.302734375,9281326,9568376,10797141,-0.026936179026961327,0
7.772,-197834.703125,317.57626342773438,100854.671875,8768181,9039360,10797141,-0.011563872918486595,0
7.776,-197654.21875,512.82000732421875,262984.40625,8218513.5,8472694,10797141,0.0074626817367970943,0
7.78,-198199.625,699.31561279296875,489042.34375,7648578.5,7885131,10797141,0.055866289883852005,0
7.784,-198370.703125,876.4114990234375,768097.1875,7075642.5,7294476,10797141,0.11116933822631836,0
7.788,-197692.625,1043.4609375,1088810.75,6516980,6718535,10797141,0.11191704124212265,0
7.792,-197384.796875,1199.8021240234375,1439525,5988891,6174113.5,10797141,0.027519103139638901,0
7.796,-197912.21875,1344.743896484375,1808336,5505795,5676076,5676076,-0.098184108734130859,0
7.8,-198349.125,1477.561279296875,2183187.25,5079471,5236567,5676076,-0.1937381774187088,0
7.804,-197799.59375,1597.4921875,2551981.25,4718486.5,4864418.5,5676076,-0.22788310050964355,0
7.808,-197286.34375,1703.7451171875,2902747.5,4427837.5,4564780,5676076,-0.21472461521625519,0
7.812,-197741.84375,1795.5111083984375,3223860,4208829.5,4338998.5,5676076,-0.19240124523639679,0
7.816,-198352.921875,1871.9798583984375,3504308.75,4059178.75,4184720,5676076,-0.19751136004924774,0
7.82,-197974.25,1932.359375,3734012.75,3973335.25,4096221.5,5676076,-0.23251418769359589,0
7.824,-197457.09375,1975.9019775390625,3904188.75,3942973.25,4064920.75,5676076,-0.27754014730453491,0
7.828,-197825.21875,2001.927490234375,4007713.5,3957624,4080024,5676076,-0.32265815138816833,0
7.832,-198417.296875,2009.8541259765625,4039513.5,4005391.5,4129269.25,4199695,-0.34930691123008728,0
7.836,-198055.203125,1999.224609375,3996899.25,4073705.5,4199695,4199695,-0.31601491570472717,0
7.84,-197405.203125,1969.736328125,3879861.25,4150055.5,4278407,4199695,-0.22364410758018494,0
7.844,-197644.578125,1921.266357421875,3691264.75,4222671,4353268,4199695,-0.16373848915100098,0
7.848,-198400.5,1853.896484375,3436932,4281102.5,4413507,4199695,-0.23111875355243683,0
7.852,-198590.171875,1767.9332275390625,3125588,4316673.5,4450178.5,4199695,-0.40588775277137756,0
7.856,-197999.953125,1663.9254150390625,2768647.5,4322811,4456505.5,4199695,-0.56631165742874146,0
7.86,-197905.296875,1542.67578125,2379848.75,4295209.5,4428050.5,4199695,-0.60598593950271606,0
7.864,-198521.421875,1405.245849609375,1974715.75,4231867,4362748,4199695,-0.5317656397819519,0
7.868,-198745.875,1252.9527587890625,1569890.625,4132990,4260813.5,4199695,-0.44718599319458008,0
7.872,-198033,1087.359130859375,1182349.75,4000777.5,4124512.75,4199695,-0.44029870629310608,0
7.876,-197728.25,910.25927734375,828571.875,3839132.75,3957868,3957868,-0.52058792114257812,0
7.88,-198335.703125,723.65447998046875,523675.84375,3653300,3766288,3957868,-0.64376038312911987,0
7.884,-198834.046875,529.7294921875,280613.34375,3449476,3556160.75,3957868,-0.73474681377410889,0
7.888,-198221.578125,330.82244873046875,109443.484375,3234406.75,3334439.5,3957868,-0.7136266827583313,0
7.892,-197735.875,129.39035034179688,16741.865234375,3015001.5,3108248.75,3957868,-0.54983460903167725,0
7.896,-198151.59375,-72.028076171875,5188.04443359375,2797978,2884513.25,3957868,-0.28898072242736816,0
7.9,-198841.125,-270.8544921875,73362.1640625,2589556,2669645.25,3957868,-0.032360810786485672,0
7.904,-198413.59375,-464.51571655273438,215774.84375,2395206,2469284,3957868,0.10191702842712402,0
7.908,-197758.578125,-650.48992919921875,423137.15625,2219460.75,2288103.5,3957868,0.044533204287290573,0
7.912,-198081.34375,-826.35369873046875,682860.375,2065794.375,2129684.75,1996451.75,-0.15080472826957703,0
7.916,-198573.375,-989.82696533203125,979757.375,1936558.75,1996451.75,1996451.75,-0.33848661184310913,0
7.92,-198036.75,-1138.8157958984375,1296901.375,1832983.625,1889673.375,1996451.75,-0.42113646864891052,0
7.924,-197410.46875,-1271.4515380859375,1616589,1755221,1809505.75,1996451.75,-0.42164358496665955,0
7.928,-197759.25,-1386.1243896484375,1921340.75,1702440.375,1755092.75,1996451.75,-0.41745805740356445,0
7.932,-198552.125,-1481.5120849609375,2194878,1672950.375,1724690.625,1996451.75,-0.45370340347290039,0
7.936,-198247.921875,-1556.6009521484375,2423006.75,1664348.625,1715822.75,1996451.75,-0.52712821960449219,0
7.94,-197663.703125,-1610.7015380859375,2594359.5,1673685.375,1725448.375,1996451.75,-0.60710382461547852,0
7.944,-197810.578125,-1643.4580078125,2700954,1697630.625,1750134.375,1996451.75,-0.64577692747116089,0
7.948,-198409.34375,-1654.8525390625,2738537.25,1732641,1786227.375,1996451.75,-0.61075639724731445,0
7.952,-198160.828125,-1645.201904296875,2706689.25,1775115.75,1830015.75,1996451.75,-0.52438992261886597,0
7.956,-197522.578125,-1615.1513671875,2608714,1821538.375,1877874,1877874,-0.43278774619102478,0
7.96,-197572.078125,-1565.656982421875,2451281.5,1868597.75,1926389,1877874,-0.36117357015609741,0
7.964,-198204.171875,-1497.9652099609375,2243899.5,1913289.75,1972463,1877874,-0.33708637952804565,0
7.968,-198222.171875,-1413.5806884765625,1998210.375,1952993,2013394.375,1877874,-0.40198025107383728,0
7.972,-197666,-1314.232421875,1727206.75,1985520,2046927.375,1877874,-0.55521506071090698,0
7.976,-197491.5,-1201.8333740234375,1444403.625,2009148.375,2071286.625,1877874,-0.71742916107177734,0
7.98,-198139.71875,-1078.4365234375,1163025.375,2022628,2085183,1877874,-0.77311182022094727,0
7.984,-198771.59375,-946.19451904296875,895284,2025171.75,2087805.375,1877874,-0.65815865993499756,0
7.988,-198295.078125,-807.31298828125,651754.3125,2016430.625,2078794,1877874,-0.42638912796974182,0
7.992,-197685.59375,-664.0106201171875,440910.09375,1996458.375,2058204,2026461.375,-0.2241208553314209,0
7.996,-198091.921875,-518.47705078125,268818.4375,1965668,2026461.375,2026461.375,-0.16366522014141083,0
8,-198635.84375,-372.83529663085938,139006.171875,1924784.375,1984313.375,2026461.375,-0.22047924995422363,0
8.004,-198092.75,-229.10603332519531,52489.57421875,1874794.625,1932777.625,2026461.375,-0.28825774788856506,0
8.008,-197516.125,-89.175132751464844,7952.20458984375,1816898.625,1873090.75,2026461.375,-0.32187002897262573,0
8.012,-197967.5,45.236309051513672,2046.3236083984375,1752462.375,1806661.75,2026461.375,-0.37484830617904663,0
8.016,-198696.296875,172.59835815429688,29790.193359375,1682972,1735022.375,2026461.375,-0.49997013807296753,0
8.02,-198692.21875,291.59414672851562,85027.1484375,1609992.375,1659785.625,2026461.375,-0.65428638458251953,0
8.024,-198039.25,401.13565063476562,160909.828125,1535126.75,1582604.375,2026461.375,-0.72070246934890747,0
8.028,-198258.375,500.37200927734375,250372.125,1459979.75,1505133.375,2026461.375,-0.63175994157791138,0
8.032,-199038.21875,588.69073486328125,346556.75,1386120.75,1428990,2026461.375,-0.44829902052879333,0
8.036,-198879.203125,665.7099609375,443169.75,1315046,1355717,1355717,-0.27881479263305664,0
8.04,-198177,731.2666015625,534750.8125,1248144,1286746,1355717,-0.16123218834400177,0
8.044,-198244.703125,785.3978271484375,616849.8125,1186655.625,1223355.75,1355717,-0.07077094167470932,0
8.048,-199010.875,828.32110595703125,686115.875,1131639.375,1166638,1355717,0.0030044384766370058,0
8.052,-199136.875,860.4129638671875,740310.375,1083933.75,1117457,1355717,0.029524251818656921,0
8.056,-198280,882.1859130859375,778252,1044125.875,1076418,1355717,-0.030288523063063622,0
8.06,-198031.46875,894.26513671875,799710.1875,1012523.1875,1043837.875,1355717,-0.17312490940093994,0
8.064,-198667.921875,897.3641357421875,805262.375,989134,1019725.3125,1355717,-0.34109491109848022,0
8.068,-199098.46875,892.25909423828125,796126.3125,973658.8125,1003771.5,1355717,-0.46602815389633179,0
8.072,-198514.046875,879.76416015625,773985,965491.375,995351.5,1355717,-0.50515067577362061,0
8.076,-198129.046875,860.70770263671875,740817.8125,963736.375,993542.3125,993542.3125,-0.45367550849914551,0
8.08,-198653.328125,835.9090576171875,698743.875,967237.8125,997151.875,993542.3125,-0.36854690313339233,0
8.084,-198931.71875,806.15899658203125,649892.3125,974623.3125,1004765.875,993542.3125,-0.34326690435409546,0
8.088,-198314.09375,772.20068359375,596293.875,984360.3125,1014804,993542.3125,-0.41004124283790588,0
8.092,-197879.203125,734.7138671875,539804.375,994821.5,1025588.8125,993542.3125,-0.48717612028121948,0
8.096,-198363.375,694.30303955078125,482056.6875,1004358.875,1035421,993542.3125,-0.44453445076942444,0
8.1,-198817.375,651.48846435546875,424437.1875,1011380.375,1042659.8125,993542.3125,-0.23684056103229523,0
8.104,-198262.09375,606.7030029296875,368088.5,1014426.8125,1045800.375,993542.3125,0.013456940650939941,0
8.108,-197726.453125,560.2923583984375,313927.5,1012242.5,1043548.5,993542.3125,0.10801640897989273,0
8.112,-198128.078125,512.5189208984375,262675.65625,1003838.8125,1034884.875,993542.3125,-0.021352183073759079,0
8.116,-198773.953125,463.56777954101562,214895.09375,988541.5,1019114.5,1019114.5,-0.24270284175872803,0
8.12,-198405.703125,413.55557250976562,171028.21875,966024.1875,995900.8125,1019114.5,-0.37393635511398315,0
8.124,-197716.578125,362.54159545898438,131436.421875,936321,965278.875,1019114.5,-0.3530983030796051,0
8.128,-197965.703125,310.53988647460938,96435.0234375,899822.875,927652,1019114.5,-0.26909604668617249,0
8.132,-198690.625,257.53311157226562,66323.296875,857251.875,883764.375,1019114.5,-0.27305236458778381,0
8.136,-198491.046875,203.48713684082031,41407.01953125,809619.875,834659.3125,1019114.5,-0.43606981635093689,0
8.14,-197775.828125,148.36674499511719,22012.693359375,758172.875,781621.1875,1019114.5,-0.6808735728263855,0
8.144,-197780.171875,92.151206970214844,8491.84375,704323.6875,726106.5,1019114.5,-0.87478256225585938,0
8.148,-198632.328125,34.849784851074219,1214.5074462890625,649577.3125,669666.875,1019114.5,-0.94214904308319092,0
8.152,-198708.453125,-23.483850479125977,551.4912109375,595454.5,613870.1875,1019114.5,-0.87854987382888794,0
8.156,-197986.625,-82.738792419433594,6845.70849609375,543417.1875,560223.5,560223.5,-0.73260003328323364,0
8.16,-197830.75,-142.73612976074219,20373.603515625,494798.9375,510101.59375,560223.5,-0.57551461458206177,0
8.164,-198448.546875,-203.22099304199219,41298.7734375,450746.9375,464687.15625,560223.5,-0.45279040932655334,0
8.168,-198595.796875,-263.85757446289062,69620.8125,412175.15625,424922.4375,560223.5,-0.37486791610717773,0
8.172,-197939.96875,-324.22744750976562,105123.4375,379733.5,391477.4375,560223.5,-0.33172312378883362,0
8.176,-197593.625,-383.83071899414062,147326,353791.9375,364733.59375,560223.5,-0.29730463027954102,0
8.18,-198173.421875,-442.08999633789062,195443.578125,334440.34375,344783.4375,560223.5,-0.25595307350158691,0
8.184,-198499.578125,-498.35662841796875,248359.328125,321501.84375,331444.84375,560223.5,-0.21848952770233154,0
8.188,-197971.046875,-551.92022705078125,304615.9375,314559,324287.25,560223.5,-0.19271087646484375,0
8.192,-197629.46875,-602.0205078125,362428.6875,312989.40625,322669.09375,560223.5,-0.17049534618854523,0
8.196,-198163.125,-647.86297607421875,419726.4375,316007.59375,325780.65625,325780.65625,-0.13626143336296082,0
8.2,-199027.34375,-688.63623046875,474219.84375,322711.84375,332692.1875,325780.65625,-0.072835072875022888,0
8.204,-198592.171875,-723.53399658203125,523501.4375,332132.09375,342403.84375,325780.65625,0.0030381265096366405,0
8.208,-197773.921875,-751.7767333984375,565168.3125,343276.40625,353892.84375,325780.65625,0.023964311927556992,0
8.212,-198043.703125,-772.6365966796875,596967.3125,355174.84375,366159.25,325780.65625,-0.063219465315341949,0
8.216,-198661.671875,-785.46160888671875,616949.875,366918,378265.59375,325780.65625,-0.22255308926105499,0
8.22,-198510.703125,-789.6981201171875,623623.1875,377689.9375,389370.6875,325780.65625,-0.34090337157249451,0
8.224,-197706,-784.91162109375,616086.3125,386793.4375,398755.6875,325780.65625,-0.32635268568992615,0
8.228,-197911.296875,-770.80206298828125,594135.8125,393668.75,405843.6875,325780.65625,-0.19919872283935547,0
8.232,-198823.546875,-747.21502685546875,558330.3125,397904.1875,410210.09375,325780.65625,-0.07538614422082901,0
8.236,-198673.671875,-714.14990234375,510010.09375,399241,411588.25,411588.25,-0.061829883605241776,0
8.24,-197849.546875,-671.76434326171875,451267.34375,397571.34375,409866.9375,411588.25,-0.17930266261100769,0
8.244,-197801,-620.3759765625,384866.34375,392931.6875,405083.84375,411588.25,-0.36174574494361877,0
8.248,-198498.046875,-560.46405029296875,314119.9375,385491.75,397413.75,411588.25,-0.49988406896591187,0
8.252,-198410.84375,-492.66494750976562,242718.75,375539.9375,387154.1875,411588.25,-0.50442779064178467,0
8.256,-197742.828125,-417.76742553710938,174529.625,363465.4375,374706.25,411588.25,-0.35408633947372437,0
8.26,-197629.328125,-336.70101928710938,113367.5859375,349738.65625,360554.90625,411588.25,-0.09603496640920639,0
8.264,-198353,-250.52119445800781,62760.8671875,334888.59375,345245.59375,411588.25,0.18544788658618927,0
8.268,-198759.453125,-160.3909912109375,25725.271484375,319480.59375,329361,411588.25,0.4060308039188385,0
8.272,-198132.875,-67.559494018554688,4564.28515625,304092.15625,313496.6875,411588.25,0.50112199783325195,0
8.276,-197701.296875,26.66046142578125,710.7801513671875,289290,298236.6875,298236.6875,0.43832367658615112,0
8.28,-198281.5,120.9149169921875,14620.4169921875,275607.59375,284131.15625,298236.6875,0.24914109706878662,0
8.284,-198739.953125,213.8314208984375,45723.875,263524.1875,271674,298236.6875,0.022201115265488625,0
8.288,-198190.625,304.04168701171875,92441.3515625,253447.125,261285.328125,298236.6875,-0.16033768653869629,0
8.292,-197656.46875,390.20498657226562,152259.953125,245696.25,253294.71875,298236.6875,-0.25688546895980835,0
8.296,-198146.171875,471.031982421875,221871.125,240492.546875,247930.09375,298236.6875,-0.26628789305686951,0
8.3,-198747.875,545.3094482421875,297362.40625,237951.046875,245309.96875,298236.6875,-0.23037059605121613,0
8.304,-198186.84375,611.9241943359375,374451.1875,238078.296875,245441.171875,298236.6875,-0.20761378109455109,0
8.308,-197446.96875,669.88525390625,448746.25,240774.671875,248220.953125,298236.6875,-0.22582328319549561,0
8.312,-197791.5,718.34423828125,516018.4375,245841.546875,253444.5,298236.6875,-0.27696743607521057,0
8.316,-198580.046875,756.611328125,572460.6875,252992.84375,260816.96875,260816.96875,-0.3359430730342865,0
8.32,-198239.46875,784.16864013671875,614920.375,261870.671875,269969.40625,260816.96875,-0.3566226065158844,0
8.324,-197431.796875,800.68035888671875,641089,272063.6875,280477.65625,260816.96875,-0.28681492805480957,0
8.328,-197613.953125,805.99786376953125,649632.5,283127.6875,291883.84375,260816.96875,-0.12186616659164429,0
8.332,-198397.34375,800.16192626953125,640259.1875,294606.40625,303717.59375,260816.96875,0.065225385129451752,0
8.336,-198282.328125,783.3997802734375,613715.1875,306052.59375,315517.75,260816.96875,0.16751997172832489,0
8.34,-197572.96875,756.11865234375,571715.375,317046.65625,326851.84375,260816.96875,0.12999267876148224,0
8.344,-197724.75,718.89453125,516809.34375,327212.9375,337332.5,260816.96875,-0.013640835881233215,0
8.348,-198477.09375,672.45819091796875,452200,336232.6875,346631.25,260816.96875,-0.18406717479228973,0
8.352,-198628.828125,617.67803955078125,381526.15625,343852.15625,354486.40625,260816.96875,-0.31457319855690002,0
8.356,-197814.546875,555.54034423828125,308625.09375,349887.75,360708.65625,360708.65625,-0.37574967741966248,0
8.36,-197752.96875,487.12744140625,237293.125,354226.15625,365181.1875,360708.65625,-0.37545251846313477,0
8.364,-198377.796875,413.59423828125,171060.203125,356821.40625,367856.6875,360708.65625,-0.32952046394348145,0
8.368,-198747.59375,336.14437866210938,112993.046875,357688.84375,368751,360708.65625,-0.23730640113353729,0
8.372,-198047.578125,256.00701904296875,65539.6015625,356897.15625,367934.84375,360708.65625,-0.11683976650238037,0
8.376,-197618.421875,174.41471862792969,30420.494140625,354559,365524.34375,360708.65625,-0.013311502523720264,0
8.38,-198205.796875,92.582260131835938,8571.474609375,350821.59375,361671.34375,360708.65625,0.073956310749053955,0
8.384,-198828.125,11.688044548034668,136.61039733886719,345857.15625,356553.40625,360708.65625,0.20558047294616699,0
8.388,-198155.625,-67.143638610839844,4508.26806640625,339854.9375,350365.5,360708.65625,0.4104151725769043,0
8.392,-197301.09375,-142.8580322265625,20408.41796875,333014.59375,343313.65625,360708.65625,0.63229167461395264,0
8.396,-198038.171875,-214.48385620117188,46003.32421875,325540.15625,335608,335608,0.77635747194290161,0
8.4,-198907.421875,-281.14501953125,79042.5234375,317636.59375,327460,335608,0.78208434581756592,0
8.404,-198353.203125,-342.07049560546875,117012.2265625,309506.75,319078.6875,335608,0.66819465160369873,0
8.408,-197546.828125,-396.60171508789062,157292.921875,301349.25,310668.9375,335608,0.51608657836914062,0
8.412,-197852.796875,-444.19833374023438,197312.171875,293356.1875,302428.65625,335608,0.37828198075294495,0
8.416,-198782.296875,-484.4423828125,234684.421875,285710.90625,294546.9375,335608,0.22209124267101288,0
8.42,-198404.84375,-517.04022216796875,267330.59375,278585,287200.65625,335608,0.014031949453055859,0
8.424,-197455.953125,-541.82305908203125,293572.1875,272134.6875,280550.84375,335608,-0.18590347468852997,0
8.428,-197650.125,-558.74493408203125,312195.90625,266495.9375,274737.6875,335608,-0.27392753958702087,0
8.432,-198554.09375,-567.87823486328125,322485.6875,261779.046875,269874.90625,335608,-0.20606918632984161,0
8.436,-198381.5,-569.40673828125,324224,258063.328125,266044.25,266044.25,-0.040738951414823532,0
8.44,-197556.203125,-563.61688232421875,317664,255391.25,263289.59375,266044.25,0.093593813478946686,0
8.444,-197573.46875,-550.8876953125,303477.25,253763.46875,261611.453125,266044.25,0.10486308485269547,0
8.448,-198411.75,-531.67987060546875,282683.5,253134.71875,260963.25,266044.25,0.0096348049119114876,0
8.452,-198437.046875,-506.5244140625,256566.96875,253411.703125,261248.796875,266044.25,-0.1139097660779953,0
8.456,-197616.328125,-476.01165771484375,226587.09375,254452.84375,262322.15625,266044.25,-0.19677373766899109,0
8.46,-197293,-440.77969360351562,194286.71875,256071.21875,263990.59375,266044.25,-0.20587155222892761,0
8.464,-198291.75,-401.50311279296875,161204.75,258040.09375,266020.34375,266044.25,-0.14556710422039032,0
8.468,-198696.75,-358.88153076171875,128795.9609375,260101.546875,268145.5,266044.25,-0.04706617072224617,0
8.472,-197731.078125,-313.62783813476562,98362.421875,261977.46875,270079.4375,271528.6875,0.053052645176649094,0
8.476,-197093.171875,-266.45639038085938,70999,263383.25,271528.6875,271528.6875,0.13604207336902618,0
8.48,-197941.578125,-218.07272338867188,47555.7109375,264041.9375,272207.75,271528.6875,0.20143778622150421,0
8.484,-198597.21875,-169.1630859375,28616.150390625,263699.84375,271855.15625,271528.6875,0.24992544949054718,0
8.488,-197898.046875,-120.38542175292969,14492.6484375,262140.828125,270247.90625,271528.6875,0.26550111174583435,0
8.492,-197212.421875,-72.360923767089844,5236.10400390625,259200.34375,267216.4375,271528.6875,0.22667725384235382,0
8.496,-197724.046875,-25.666158676147461,658.75177001953125,254776.09375,262655.40625,271528.6875,0.15917441248893738,0
8.5,-198611.875,19.173595428466797,367.62680053710938,248836.21875,256531.828125,271528.6875,0.132825568318367,0
8.504,-198032.171875,61.6895751953125,3805.603515625,241423.296875,248889.625,271528.6875,0.17945346236228943,0
8.508,-197160.09375,101.47304534912109,10296.779296875,232654.328125,239849.453125,271528.6875,0.27690833806991577,0
8.512,-197487.671875,138.17732238769531,19092.974609375,222715.796875,229603.546875,271528.6875,0.40506386756896973,0
8.516,-198380.5,171.51864624023438,29418.646484375,211854.96875,218406.828125,218406.828125,0.54247665405273438,0
8.52,-198010.59375,201.27641296386719,40512.19921875,200366.796875,206563.34375,218406.828125,0.64333468675613403,0
8.524,-197170.46875,227.29232788085938,51661.80078125,188578.25,194410.203125,218406.828125,0.67094343900680542,0
8.528,-197304.21875,249.46931457519531,62234.9375,176830.296875,182298.921875,218406.828125,0.6196478009223938,0
8.532,-198430.078125,267.76937866210938,71700.4375,165459.125,170576.046875,218406.828125,0.50155019760131836,0
8.536,-198283.84375,282.21078491210938,79642.921875,154777.703125,159564.296875,218406.828125,0.35858973860740662,0
8.54,-197246.84375,292.86367797851562,85769.125,145058.75,149544.71875,218406.828125,0.27458047866821289,0
8.544,-197188.203125,299.84490966796875,89906.9765625,136520.703125,140742.625,218406.828125,0.31280669569969177,0
8.548,-198061.96875,303.31137084960938,91997.7890625,129316.6640625,133315.796875,218406.828125,0.44269007444381714,0
8.552,-198276.5,303.45278930664062,92083.6015625,123527.8125,127347.8984375,122846.171875,0.5717315673828125,0
8.556,-197354.953125,300.4853515625,90291.4375,119161.1484375,122846.171875,122846.171875,0.62410163879394531,0
8.56,-197138.046875,294.645751953125,86816.109375,116151.6015625,119743.546875,122846.171875,0.54793244600296021,0
8.564,-197771.203125,286.18563842773438,81902.2265625,114368.4375,117905.234375,122846.171875,0.32056745886802673,0
8.568,-197871.671875,275.36709594726562,75827.0390625,113625.125,117138.9375,122846.171875,0.020841222256422043,0
8.572,-197164.578125,262.45843505859375,68884.421875,113692.0234375,117207.9140625,122846.171875,-0.17632266879081726,0
8.576,-196886.796875,247.73019409179688,61370.25,114311.0234375,117846.046875,122846.171875,-0.14193172752857208,0
8.58,-197567.34375,231.45089721679688,53569.51953125,115210.9765625,118773.8359375,122846.171875,0.085246190428733826,0
8.584,-197984.125,213.88424682617188,45746.46875,116123.171875,119714.234375,122846.171875,0.32463893294334412,0
8.588,-197309.5,195.28657531738281,38136.84375,116795.734375,120407.609375,122846.171875,0.4063866138458252,0
8.592,-196798.34375,175.90402221679688,30942.224609375,117006.421875,120624.8125,122846.171875,0.2957269549369812,0
8.596,-197375.125,155.96965026855469,24326.53125,116572.875,120177.859375,120177.859375,0.086347900331020355,0
8.6,-198240.25,135.69978332519531,18414.431640625,115360.3125,118927.7890625,120177.859375,-0.078599259257316589,0
8.604,-197927.09375,115.29107666015625,13292.03125,113285.9140625,116789.234375,120177.859375,-0.10266578197479248,0
8.608,-197487.71875,94.917808532714844,9009.390625,110320.25,113731.8515625,120177.859375,-0.015347096137702465,0
8.612,-198043.875,74.730003356933594,5584.5732421875,106485.6875,109778.6875,120177.859375,0.065227366983890533,0
8.616,-198923.078125,54.852214813232422,3008.76513671875,101852.171875,105001.875,120177.859375,0.069841325283050537,0
8.62,-198569.84375,35.382469177246094,1251.9189453125,96530.609375,99515.7265625,120177.859375,0.028156187385320663,0
8.624,-197746.75,16.391689300537109,268.68743896484375,90664.5390625,93468.234375,120177.859375,-0.0090355230495333672,0
8.628,-198063.671875,-2.0757930278778076,4.3089165687561035,84420.7109375,87031.296875,120177.859375,-0.028467282652854919,0
8.632,-199230.421875,-19.999893188476562,399.99575805664062,77978.984375,80390.3515625,73734.125,-0.04642491415143013,0
8.636,-199059.828125,-37.379791259765625,1397.248779296875,71522.4609375,73734.125,73734.125,-0.086825057864189148,0
8.64,-198033.125,-54.226421356201172,2940.505126953125,65227.98828125,67244.984375,73734.125,-0.14486153423786163,0
8.644,-197962.078125,-70.5531005859375,4977.74072265625,59257.9921875,61090.35546875,73734.125,-0.15891680121421814,0
8.648,-198849.96875,-86.366012573242188,7459.08837890625,53753.51171875,55415.625,73734.125,-0.066682256758213043,0
8.652,-199000.453125,-101.65531921386719,10333.802734375,48828.84375,50338.6484375,73734.125,0.10758654773235321,0
8.656,-198110.578125,-116.38773345947266,13546.1044921875,44568.0234375,45946.0546875,73734.125,0.2667897641658783,0
8.66,-197836.09375,-130.5003662109375,17030.34375,41022.8984375,42291.28125,73734.125,0.32886210083961487,0
8.664,-198652.328125,-143.89645385742188,20706.1875,38212.92578125,39394.40625,73734.125,0.27644199132919312,0
8.668,-198961.921875,-156.4429931640625,24474.412109375,36126.4921875,37243.44921875,73734.125,0.14844195544719696,0
8.672,-198198.71875,-167.97135925292969,28214.375,34723.53125,35797.09375,73734.125,-0.0039380183443427086,0
8.676,-197779.953125,-178.28097534179688,31784.10546875,33939.23828125,34988.54296875,34988.54296875,-0.15842628479003906,0
8.68,-198444.21875,-187.14582824707031,35023.5625,33688.59375,34730.1484375,34988.54296875,-0.30331277847290039,0
8.684,-199168.296875,-194.32328796386719,37761.54296875,33871.5,34918.7109375,34988.54296875,-0.39413794875144958,0
8.688,-198359.875,-199.56510925292969,39826.23828125,34378.17578125,35441.0546875,34988.54296875,-0.37529000639915466,0
8.692,-197507.296875,-202.62956237792969,41058.73828125,35094.625,36179.66796875,34988.54296875,-0.24634130299091339,0
8.696,-198198.34375,-203.29414367675781,41328.51171875,35908.0234375,37018.21875,34988.54296875,-0.081625662744045258,0
8.7,-199004.25,-201.36836242675781,40549.21875,36711.6484375,37846.69921875,34988.54296875,0.020246813073754311,0
8.704,-198469.296875,-196.70541381835938,38693.01953125,37409.3984375,38566.0234375,34988.54296875,0.019276004284620285,0
8.708,-197635.5,-189.21244812011719,35801.35546875,37919.4921875,39091.8984375,34988.54296875,-0.028241937980055809,0
8.712,-197992.796875,-178.85861206054688,31990.40234375,38177.4375,39357.82421875,34988.54296875,-0.037771452218294144,0
8.716,-198969.578125,-165.68159484863281,27450.390625,38138.08203125,39317.25,39317.25,0.020080491900444031,0
8.72,-198618.953125,-149.79158020019531,22437.515625,37776.58203125,38944.57421875,39317.25,0.11731046438217163,0
8.724,-197612.96875,-131.373779296875,17259.072265625,37088.5234375,38235.23046875,39317.25,0.19555029273033142,0
8.728,-197802.5,-110.68813323974609,12251.8642578125,36088.8671875,37204.65625,39317.25,0.21091961860656738,0
8.732,-198972.953125,-88.066551208496094,7755.71728515625,34809.96875,35886.20703125,39317.25,0.19265858829021454,0
8.736,-198714.25,-63.907073974609375,4084.114013671875,33298.80078125,34328.30078125,39317.25,0.21326145529747009,0
8.74,-197726.96875,-38.665393829345703,1495.0126953125,31613.3125,32590.681640625,39317.25,0.29275998473167419,0
8.744,-197707.34375,-12.843673706054688,164.9599609375,29818.474609375,30740.333984375,39317.25,0.38209566473960876,0
8.748,-198459.25,13.022435188293457,169.58381652832031,27981.912109375,28846.96875,39317.25,0.43308943510055542,0
8.752,-198546.34375,38.378398895263672,1472.9013671875,26169.697265625,26978.708984375,25198,0.41980990767478943,0
8.756,-197742.21875,62.666534423828125,3927.094482421875,24442.412109375,25198,25198,0.31527671217918396,0
8.76,-197567.546875,85.342613220214844,7283.36181640625,22851.755859375,23558.150390625,25198,0.13099920749664307,0
8.764,-198347.921875,105.89268493652344,11213.2607421875,21437.974609375,22100.640625,25198,-0.063323996961116791,0
8.768,-198635.71875,123.8497314453125,15338.755859375,20228.208984375,20853.462890625,25198,-0.20042876899242401,0
8.772,-197890.921875,138.80854797363281,19267.8125,19235.875,19830.4375,25198,-0.24477498233318329,0
8.776,-197468.203125,150.43820190429688,22631.65234375,18461.10546875,19031.703125,25198,-0.17857261002063751,0
8.78,-198075.125,158.49198913574219,25119.712890625,17892.109375,18445.109375,17685.646484375,-0.012371140532195568,0
8.784,-198489.625,162.81401062011719,26508.40234375,17507.349609375,18048.44921875,17685.646484375,0.19689068198204041,0
8.788,-197960,163.343505859375,26681.103515625,17278.23046875,17812.24609375,17685.646484375,0.37321910262107849,0
8.792,-197360.671875,160.11698913574219,25637.44921875,17172.13671875,17702.87109375,17685.646484375,0.47875142097473145,0
8.796,-197925.203125,153.26750183105469,23490.927734375,17155.427734375,17685.646484375,17685.646484375,0.52364140748977661,0
8.8,-198737.828125,143.02226257324219,20455.369140625,17196.244140625,17727.724609375,17685.646484375,0.51557290554046631,0
8.804,-198155.203125,129.69706726074219,16821.328125,17266.828125,17800.494140625,17685.646484375,0.4429931640625,0
8.808,-197249.71875,113.68801116943359,12924.9638671875,17345.140625,17881.228515625,17685.646484375,0.32568660378456116,0
8.812,-197690.625,95.4603271484375,9112.6748046875,17415.703125,17953.96875,17685.646484375,0.2205251008272171,0
8.816,-198718.328125,75.534690856933594,5705.48974609375,17469.63671875,18009.572265625,17685.646484375,0.15675529837608337,0
8.82,-198369.546875,54.471996307373047,2967.198486328125,17503.943359375,18044.9375,17685.646484375,0.11656186729669571,0
8.824,-197577.71875,32.857505798339844,1079.6158447265625,17520.162109375,18061.662109375,17685.646484375,0.071396447718143463,0
8.828,-197897.71875,11.284876823425293,127.34843444824219,17522.62109375,18064.197265625,17685.646484375,0.0086671160534024239,0
8.832,-198566.078125,-9.6599092483520508,93.3138427734375,17516.490234375,18057.875,17685.646484375,-0.051584988832473755,0
8.836,-198150.59375,-29.414514541625977,865.21368408203125,17505.849609375,18046.90625,18046.90625,-0.065924741327762604,0
8.84,-197490.125,-47.455841064453125,2252.056640625,17492.078125,18032.708984375,18046.90625,-0.016576554626226425,0
8.844,-197733.5,-63.31439208984375,4008.712158203125,17472.69921875,18012.73046875,18046.90625,0.058621875941753387,0
8.848,-198493.328125,-76.586402893066406,5865.4765625,17440.82421875,17979.869140625,18046.90625,0.087798319756984711,0
8.852,-198482.75,-86.943099975585938,7559.10302734375,17385.333984375,17922.662109375,18046.90625,0.021078133955597878,0
8.856,-197691.84375,-94.1373291015625,8861.8359375,17291.650390625,17826.083984375,18046.90625,-0.11562267690896988,0
8.86,-197630.625,-98.008140563964844,9605.5966796875,17143.15234375,17672.990234375,18046.90625,-0.23604683578014374,0
8.864,-198488.171875,-98.483863830566406,9699.0703125,16923.009765625,17446.041015625,18046.90625,-0.27613893151283264,0
8.868,-198818.703125,-95.583763122558594,9136.255859375,16616.24609375,17129.791015625,18046.90625,-0.24622137844562531,0
8.872,-197919.625,-89.417892456054688,7995.56005859375,16211.8720703125,16712.90625,18046.90625,-0.20880706608295441,0
8.876,-197459.171875,-80.184486389160156,6429.55224609375,15704.779296875,16190.1328125,16190.1328125,-0.22673317790031433,0
8.88,-198292.25,-68.16485595703125,4646.44775390625,15097.2373046875,15563.8017578125,16190.1328125,-0.31723827123641968,0
8.884,-198880.921875,-53.715831756591797,2885.390625,14399.7158203125,14844.7080078125,16190.1328125,-0.42881050705909729,0
8.888,-198105,-37.25946044921875,1388.267333984375,13630.9560546875,14052.169921875,16190.1328125,-0.4618380069732666,0
8.892,-197405.34375,-19.270736694335938,371.36126708984375,12817.2080078125,13213.255859375,16190.1328125,-0.33545294404029846,0
8.896,-198022.421875,-0.26346078515052795,0.069411575794219971,11990.638671875,12361.1220703125,16190.1328125,-0.0453464575111866,0
8.9,-198756.421875,19.224697113037109,369.58901977539062,11187.044921875,11532.6748046875,16190.1328125,0.34015578031539917,0
8.904,-198152.875,38.647296905517578,1493.6136474609375,10443.0576171875,10765.677734375,16190.1328125,0.70403099060058594,0
8.908,-197377.59375,57.464042663574219,3302.116455078125,9793.0732421875,10095.5908203125,16190.1328125,0.91001451015472412,0
8.912,-197779.671875,75.155311584472656,5648.3203125,9266.2314453125,9552.4560546875,16190.1328125,0.87035053968429565,0
8.916,-198581.59375,91.23577880859375,8323.966796875,8883.703125,9158.0966796875,9158.0966796875,0.60243463516235352,0
8.92,-198308.375,105.26683044433594,11081.1064453125,8656.5751953125,8923.943359375,9158.0966796875,0.21212637424468994,0
8.924,-197359.453125,116.86734771728516,13657.9765625,8584.552734375,8849.693359375,9158.0966796875,-0.17653632164001465,0
8.928,-197614.046875,125.72251129150391,15806.1484375,8655.638671875,8922.9765625,9158.0966796875,-0.47342199087142944,0
8.932,-198536.25,131.59049987792969,17316.05859375,8846.8466796875,9120.099609375,9158.0966796875,-0.62515097856521606,0
8.936,-198420.59375,134.30705261230469,18038.384765625,9125.9296875,9407.8154296875,9158.0966796875,-0.60529649257659912,0
8.94,-197390.625,133.78767395019531,17899.140625,9454.013671875,9746.044921875,9158.0966796875,-0.43174400925636292,0
8.944,-197387.75,130.02754211425781,16907.162109375,9788.857421875,10091.2451171875,9158.0966796875,-0.19030734896659851,0
8.948,-198451.328125,123.0997314453125,15153.5439453125,10088.537109375,10400.1923828125,9158.0966796875,0.010291065089404583,0
8.952,-198572.5,113.15142822265625,12803.2470703125,10315.1435546875,10633.8076171875,10760.669921875,0.11419162899255753,0
8.956,-197502.34375,100.39874267578125,10079.90625,10438.2001953125,10760.669921875,10760.669921875,0.11482422053813934,0
8.96,-197207.96875,85.120155334472656,7245.4404296875,10437.4423828125,10759.888671875,10760.669921875,0.032307345420122147,0
8.964,-198324.25,67.648704528808594,4576.3466796875,10304.703125,10623.0439453125,10760.669921875,-0.067926228046417236,0
8.968,-198705.625,48.362945556640625,2338.974609375,10044.7080078125,10355.0078125,10760.669921875,-0.10932513326406479,0
8.972,-197603.125,27.677349090576172,766.03564453125,9674.671875,9973.5283203125,10760.669921875,-0.076405882835388184,0
8.976,-197041.578125,6.0319137573242188,36.383983612060547,9222.765625,9507.6455078125,10760.669921875,-0.010208089835941792,0
8.98,-197993.875,-16.11822509765625,259.79721069335938,8725.568359375,8995.0703125,10760.669921875,0.0383637435734272,0
8.984,-198526.546875,-38.313190460205078,1467.900390625,8224.7578125,8478.7705078125,10760.669921875,0.023060029372572899,0
8.988,-197792.71875,-60.098308563232422,3611.806640625,7763.37255859375,8003.11572265625,10760.669921875,-0.078006207942962646,0
8.992,-197078.46875,-81.033370971679688,6566.40771484375,7381.95166015625,7609.8974609375,10760.669921875,-0.24157068133354187,0
8.996,-197758.125,-100.70111083984375,10140.7138671875,7114.94775390625,7334.6357421875,7334.6357421875,-0.42889666557312012,0
9,-198668.953125,-118.7149658203125,14093.2421875,6987.70458984375,7203.45849609375,7334.6357421875,-0.61270177364349365,0
9.004,-197981.328125,-134.72624206542969,18151.162109375,7014.30078125,7230.87646484375,7334.6357421875,-0.75217998027801514,0
9.008,-197201.25,-148.43095397949219,22031.74609375,7196.4365234375,7418.64599609375,7334.6357421875,-0.79720991849899292,0
9.012,-197576.46875,-159.5758056640625,25464.4375,7523.4716796875,7755.79541015625,7334.6357421875,-0.74512702226638794,0
9.016,-198257.203125,-167.96334838867188,28211.68359375,7973.59619140625,8219.841796875,7334.6357421875,-0.62618255615234375,0
9.02,-197863.953125,-173.45516967773438,30086.697265625,8515.9873046875,8779.0078125,7334.6357421875,-0.43989747762680054,0
9.024,-196992.046875,-175.9737548828125,30966.76171875,9113.7294921875,9395.2373046875,7334.6357421875,-0.18573272228240967,0
9.028,-197269.96875,-175.50199890136719,30800.94921875,9727.201171875,10027.6826171875,7334.6357421875,0.085464641451835632,0
9.032,-198118.375,-172.08056640625,29611.71875,10317.568359375,10636.3076171875,11185.2919921875,0.30667656660079956,0
9.036,-197823.875,-165.80380249023438,27490.900390625,10850.0830078125,11185.2919921875,11185.2919921875,0.42695397138595581,0
9.04,-197044.96875,-156.81462097167969,24590.82421875,11296.857421875,11645.8828125,11185.2919921875,0.40843337774276733,0
9.044,-197186.96875,-145.2994384765625,21111.927734375,11638.921875,11998.5283203125,11185.2919921875,0.26200652122497559,0
9.048,-198124.09375,-131.48359680175781,17287.93359375,11867.3720703125,12234.0439453125,11185.2919921875,0.070737645030021667,0
9.052,-198325.59375,-115.62664794921875,13369.521484375,11983.5810546875,12353.8466796875,11185.2919921875,-0.071952223777770996,0
9.056,-197395.953125,-98.018112182617188,9607.5517578125,11998.4951171875,12369.2216796875,11185.2919921875,-0.12098423391580582,0
9.06,-197192.5,-78.97308349609375,6236.74853515625,11931.1171875,12299.7607421875,11185.2919921875,-0.07899019867181778,0
9.064,-198101.578125,-58.827960968017578,3460.729248046875,11806.349609375,12171.1328125,11185.2919921875,-0.0080485418438911438,0
9.068,-198454.5,-37.935791015625,1439.1243896484375,11652.4091796875,12012.4326171875,11185.2919921875,-0.018014019355177879,0
9.072,-197564.046875,-16.660909652709961,277.58587646484375,11498.0498046875,11853.2998046875,11185.2919921875,-0.15910057723522186,0
9.076,-197145.578125,4.6274018287658691,21.412847518920898,11369.8857421875,11721.169921875,11721.169921875,-0.34324994683265686,0
9.08,-198084.203125,25.562225341796875,653.42742919921875,11290.0263671875,11638.841796875,11721.169921875,-0.42854952812194824,0
9.084,-198692.078125,45.787067413330078,2096.455810546875,11274.2470703125,11622.5751953125,11721.169921875,-0.37085002660751343,0
9.088,-197679.171875,64.964035034179688,4220.32568359375,11330.8876953125,11680.966796875,11721.169921875,-0.25608143210411072,0
9.092,-196835.578125,82.781593322753906,6852.7919921875,11460.515625,11814.6044921875,11721.169921875,-0.18380610644817352,0
9.096,-197633.953125,98.961265563964844,9793.3330078125,11656.380859375,12016.5263671875,11721.169921875,-0.14342746138572693,0
9.1,-198671.34375,113.26353454589844,12828.6279296875,11905.5625,12273.4140625,11721.169921875,-0.049693167209625244,0
9.104,-197852.078125,125.49271392822266,15748.419921875,12190.6591796875,12567.328125,11721.169921875,0.1081029549241066,0
9.108,-196900.671875,135.50114440917969,18360.55859375,12491.826171875,12877.810546875,11721.169921875,0.23991136252880096,0
9.112,-197477.75,143.1923828125,20504.05859375,12788.9423828125,13184.115234375,13467.3095703125,0.26690492033958435,0
9.116,-198429.078125,148.5225830078125,22058.958984375,13063.640625,13467.3095703125,13467.3095703125,0.18801386654376984,0
9.12,-197930.328125,151.49967956542969,22952.15234375,13301.0625,13712.0751953125,13467.3095703125,0.071227297186851501,0
9.124,-196867.625,152.18061828613281,23158.943359375,13491.0830078125,13907.9716796875,13467.3095703125,0.013914346694946289,0
9.128,-197184.671875,150.66694641113281,22700.52734375,13628.96875,14050.1220703125,13467.3095703125,0.053586523979902267,0
9.132,-198370.703125,147.099609375,21638.29296875,13715.4140625,14139.240234375,13467.3095703125,0.10648773610591888,0
9.136,-198110.125,141.65292358398438,20065.552734375,13755.9580078125,14181.0390625,13467.3095703125,0.06612696498632431,0
9.14,-197016.5,134.52839660644531,18097.88671875,13759.9326171875,14185.1376953125,13467.3095703125,-0.046797387301921844,0
9.144,-197034.5,125.94755554199219,15862.787109375,13739.044921875,14163.6015625,13467.3095703125,-0.096905052661895752,0
9.148,-197926.46875,116.14495849609375,13489.6513671875,13705.7685546875,14129.296875,13467.3095703125,0.014478109776973724,0
9.152,-198062.875,105.36039733886719,11100.8125,13671.71875,14094.193359375,13467.3095703125,0.22926735877990723,0
9.156,-197150.578125,93.831687927246094,8804.3857421875,13646.2080078125,14067.8955078125,14067.8955078125,0.370921790599823,0
9.16,-196894.625,81.788131713867188,6689.29833984375,13635.0859375,14056.427734375,14067.8955078125,0.30502423644065857,0
9.164,-197946.875,69.44525146484375,4822.64306640625,13640.0126953125,14061.5078125,14067.8955078125,0.051188617944717407,0
9.168,-198277.71875,57.000572204589844,3249.065185546875,13658.2138671875,14080.271484375,14067.8955078125,-0.23653511703014374,0
9.172,-197140.046875,44.630271911621094,1991.861083984375,13682.7294921875,14105.544921875,14067.8955078125,-0.39934253692626953,0
9.176,-196643.375,32.486259460449219,1055.3570556640625,13703.109375,14126.5546875,14067.8955078125,-0.40098652243614197,0
9.18,-197692.75,20.69378662109375,428.23281860351562,13706.4765625,14130.0283203125,14067.8955078125,-0.30756944417953491,0
9.184,-198378.59375,9.3501710891723633,87.425697326660156,13678.8671875,14101.5625,14067.8955078125,-0.18182845413684845,0
9.188,-197403.046875,-1.4749332666397095,2.1754279136657715,13606.6767578125,14027.140625,14067.8955078125,-0.0478355772793293,0
9.192,-196706.21875,-11.73774242401123,137.77461242675781,13478.1044921875,13894.591796875,13694.9638671875,0.08468262106180191,0
9.196,-197317.046875,-21.417383193969727,458.70428466796875,13284.4638671875,13694.9638671875,13694.9638671875,0.20549623668193817,0
9.2,-198168.953125,-30.512310028076172,931.0009765625,13021.216796875,13423.5751953125,13694.9638671875,0.30208835005760193,0
9.204,-197556.375,-39.036487579345703,1523.847412109375,12688.671875,13080.7451171875,13694.9638671875,0.35754665732383728,0
9.208,-196614.71875,-47.015216827392578,2210.430908203125,12292.2451171875,12672.0576171875,13694.9638671875,0.3419288694858551,0
9.212,-197081.171875,-54.480609893798828,2968.13671875,11842.318359375,12208.2158203125,13694.9638671875,0.23202812671661377,0
9.216,-198073.421875,-61.466693878173828,3778.154296875,11353.6484375,11704.4326171875,13694.9638671875,0.076190449297428131,0
9.22,-197629.875,-68.004615783691406,4624.6279296875,10844.40625,11179.4404296875,13694.9638671875,0.0026667057536542416,0
9.224,-196625.796875,-74.11834716796875,5493.52978515625,10334.943359375,10654.21875,13694.9638671875,0.099012099206447601,0
9.228,-196893.453125,-79.82122802734375,6371.42822265625,9846.3515625,10150.515625,13694.9638671875,0.29755392670631409,0
9.232,-198018.828125,-85.113487243652344,7244.30615234375,9399.0048828125,9689.333984375,13694.9638671875,0.43793168663978577,0
9.236,-197797.46875,-89.980751037597656,8096.53515625,9011.1171875,9289.4501953125,9289.4501953125,0.42616215348243713,0
9.24,-196686.34375,-94.393539428710938,8910.140625,8697.5029296875,8966.1376953125,9289.4501953125,0.29096359014511108,0
9.244,-196743.375,-98.30780029296875,9664.4248046875,8468.552734375,8730.1064453125,9289.4501953125,0.11716479063034058,0
9.248,-197802.59375,-101.66618347167969,10336.0126953125,8329.513671875,8586.765625,9289.4501953125,-0.027705132961273193,0
9.252,-197804.828125,-104.40018463134766,10899.3984375,8280.1123046875,8535.8388671875,9289.4501953125,-0.10996434837579727,0
9.256,-196831.75,-106.43251800537109,11327.880859375,8314.5185546875,8571.3076171875,9289.4501953125,-0.11937657743692398,0
9.26,-196664.296875,-107.68009185791016,11595.0029296875,8421.6845703125,8681.787109375,9289.4501953125,-0.061111588031053543,0
9.264,-197684.921875,-108.05706787109375,11676.3310546875,8585.9970703125,8851.1826171875,9289.4501953125,0.049632709473371506,0
9.268,-198018.84375,-107.478271484375,11551.578125,8788.2451171875,9059.685546875,9289.4501953125,0.18740558624267578,0
9.272,-196810.453125,-105.86289215087891,11206.951171875,9006.8330078125,9285.0341796875,9503.921875,0.31687584519386292,0
9.276,-196327.5,-103.13863372802734,10637.578125,9219.154296875,9503.921875,9503.921875,0.39204192161560059,0
9.28,-197430.703125,-99.245849609375,9849.7392578125,9403.0830078125,9693.5390625,9503.921875,0.35325884819030762,0
9.284,-198042.71875,-94.141464233398438,8862.615234375,9538.404296875,9833.044921875,9503.921875,0.16068859398365021,0
9.288,-197030.96875,-87.80194091796875,7709.18115234375,9608.1826171875,9904.982421875,9503.921875,-0.13003258407115936,0
9.292,-196191.59375,-80.225563049316406,6436.140625,9599.849609375,9896.390625,9503.921875,-0.36697286367416382,0
9.296,-197111.171875,-71.433799743652344,5102.78759765625,9506.037109375,9799.677734375,9503.921875,-0.43065518140792847,0
9.3,-197968.046875,-61.472759246826172,3778.89990234375,9325.0439453125,9613.0859375,9503.921875,-0.32305368781089783,0
9.304,-197259.171875,-50.414012908935547,2541.572998046875,9060.90625,9340.779296875,9503.921875,-0.11961837857961655,0
9.308,-196411.078125,-38.355182647705078,1471.119873046875,8723.1171875,8992.5439453125,9503.921875,0.090049788355827332,0
9.312,-196855.828125,-25.419830322265625,646.16778564453125,8325.958984375,8583.1015625,9503.921875,0.22125442326068878,0
9.316,-197891.21875,-11.756627082824707,138.21826171875,7887.54541015625,8131.12890625,8131.12890625,0.23139044642448425,0
9.32,-197367.296875,2.462005615234375,6.0614714622497559,7428.62353515625,7658.01416015625,8131.12890625,0.14294669032096863,0
9.324,-196201.375,17.041946411132812,290.42791748046875,6971.2529296875,7186.49755859375,8131.12890625,0.011123992502689362,0
9.328,-196546,31.770330429077148,1009.3538818359375,6537.4296875,6739.2568359375,8131.12890625,-0.11301807314157486,0
9.332,-197774.453125,46.419578552246094,2154.77734375,6147.75927734375,6337.53515625,8131.12890625,-0.19376298785209656,0
9.336,-197512.171875,60.752593994140625,3690.877685546875,5820.265625,5999.91259765625,8131.12890625,-0.21688215434551239,0
9.34,-196366.59375,74.528602600097656,5554.51318359375,5569.3984375,5741.28662109375,8131.12890625,-0.17997300624847412,0
9.344,-196407.125,87.50921630859375,7657.8623046875,5405.2998046875,5572.1123046875,8131.12890625,-0.071010567247867584,0
9.348,-197356.25,99.464340209960938,9893.154296875,5333.3701171875,5497.95849609375,8131.12890625,0.11399130523204803,0
9.352,-197418.375,110.17704010009766,12138.9814453125,5354.1328125,5519.36328125,8131.12890625,0.33012890815734863,0
9.356,-196443.453125,119.44821929931641,14267.8779296875,5463.40380859375,5632.01416015625,5632.01416015625,0.48666709661483765,0
9.36,-196228.625,127.10085296630859,16154.6279296875,5652.7099609375,5827.1748046875,5632.01416015625,0.49762219190597534,0
9.364,-197302.078125,132.98408508300781,17684.765625,5909.9521484375,6092.37353515625,5632.01416015625,0.33963814377784729,0
9.368,-197644.078125,136.9774169921875,18762.8125,6220.2265625,6412.24365234375,5632.01416015625,0.076539196074008942,0
9.372,-196594.46875,138.99398803710938,19319.328125,6566.7763671875,6769.5107421875,5632.01416015625,-0.17353090643882751,0
9.376,-196109.828125,138.98258972167969,19316.162109375,6931.9921875,7146.0224609375,5632.01416015625,-0.30008140206336975,0
9.38,-197023.828125,136.928466796875,18749.40234375,7298.41650390625,7523.77978515625,5632.01416015625,-0.25613722205162048,0
9.384,-197532.375,132.85299682617188,17649.91796875,7649.66650390625,7885.89306640625,5632.01416015625,-0.092563509941101074,0
9.388,-196768.171875,126.8125,16081.4111328125,7971.25,8217.421875,5632.01416015625,0.062774062156677246,0
9.392,-196086.203125,118.89697265625,14136.490234375,8251.224609375,8506.0576171875,5632.01416015625,0.093776129186153412,0
9.396,-196852.078125,109.22880554199219,11930.9326171875,8480.669921875,8742.5986328125,8742.5986328125,-0.0067761754617094994,0
9.4,-197725.375,97.961097717285156,9596.3779296875,8653.9765625,8921.263671875,8742.5986328125,-0.13311703503131866,0
9.404,-196928.921875,85.275352478027344,7271.8857421875,8768.9375,9039.78125,8742.5986328125,-0.17157284915447235,0
9.408,-196002,71.378219604492188,5094.85009765625,8826.625,9099.2529296875,8742.5986328125,-0.1021139994263649,0
9.412,-196488.078125,56.497325897216797,3191.947998046875,8831.1015625,9103.8671875,8742.5986328125,0.0090904207900166512,0
9.416,-197404.296875,40.876323699951172,1670.873779296875,8788.9580078125,9060.419921875,8742.5986328125,0.099017024040222168,0
9.42,-196977.875,24.770004272460938,613.5531005859375,8708.734375,8977.7158203125,8742.5986328125,0.15007603168487549,0
9.424,-195936.75,8.4396944046020508,71.228439331054688,8600.2890625,8865.9169921875,8742.5986328125,0.16110165417194366,0
9.428,-196304.125,-7.8507833480834961,61.634796142578125,8474.09375,8735.818359375,8742.5986328125,0.13920113444328308,0
9.432,-197543.703125,-23.838817596435547,568.28924560546875,8340.5732421875,8598.1689453125,8742.5986328125,0.091532528400421143,0
9.436,-197233.046875,-39.266929626464844,1541.8916015625,8209.4814453125,8463.021484375,8463.021484375,-0.0077763264998793602,0
9.44,-196041.125,-53.887287139892578,2903.83935546875,8089.35400390625,8339.1796875,8463.021484375,-0.17597469687461853,0
9.444,-196127.953125,-67.4669189453125,4551.78515625,7987.1015625,8233.763671875,8463.021484375,-0.3403715193271637,0
9.448,-197437.796875,-79.793502807617188,6367.0029296875,7907.72119140625,8151.9287109375,8463.021484375,-0.37357607483863831,0
9.452,-197356.34375,-90.680831909179688,8223.013671875,7854.19384765625,8096.7451171875,8463.021484375,-0.23230667412281036,0
9.456,-196019.59375,-99.973350524902344,9994.669921875,7827.52978515625,8069.2568359375,8463.021484375,-0.020144190639257431,0
9.46,-195926.921875,-107.54930114746094,11566.8515625,7826.96630859375,8068.67578125,8463.021484375,0.11456339061260223,0
9.464,-197119.203125,-113.32236480712891,12841.9580078125,7850.27880859375,8092.70947265625,8463.021484375,0.10872121900320053,0
9.468,-197458.5,-117.24186706542969,13745.654296875,7894.16015625,8137.9482421875,8463.021484375,0.002666860818862915,0
9.472,-196311.5,-119.29216003417969,14230.6201171875,7954.63427734375,8200.2939453125,8463.021484375,-0.12405495345592499,0
9.476,-195778.875,-119.49098968505859,14278.0966796875,8027.4443359375,8275.3564453125,8275.3564453125,-0.22028537094593048,0
9.48,-196719,-117.88761138916016,13897.4892578125,8108.3984375,8358.8125,8275.3564453125,-0.28237342834472656,0
9.484,-197358.375,-114.56087493896484,13124.193359375,8193.630859375,8446.6826171875,8275.3564453125,-0.32107251882553101,0
9.488,-196409.21875,-109.61696624755859,12015.8798828125,8279.763671875,8535.4765625,8275.3564453125,-0.33242973685264587,0
9.492,-195677.578125,-103.18681335449219,10647.5185546875,8363.9921875,8622.310546875,8275.3564453125,-0.31752127408981323,0
9.496,-196600.921875,-95.422714233398438,9105.4951171875,8444.044921875,8704.8408203125,8275.3564453125,-0.30774301290512085,0
9.5,-197503.578125,-86.494430541992188,7481.28662109375,8518.09375,8781.177734375,8275.3564453125,-0.32465505599975586,0
9.504,-196585.671875,-76.585006713867188,5865.26318359375,8584.568359375,8849.708984375,8275.3564453125,-0.33290958404541016,0
9.508,-195577.953125,-65.886940002441406,4341.0888671875,8641.966796875,8908.8828125,8275.3564453125,-0.27685022354125977,0
9.512,-196283.84375,-54.598838806152344,2981.033203125,8688.6640625,8957.0234375,8992.162109375,-0.14977514743804932,0
9.516,-197318.453125,-42.922294616699219,1842.3232421875,8722.7470703125,8992.162109375,8992.162109375,-0.0095259547233581543,0
9.52,-196767.46875,-31.058746337890625,964.64581298828125,8741.9189453125,9011.9267578125,8992.162109375,0.084424123167991638,0
9.524,-195635.25,-19.206014633178711,368.87100219726562,8743.4873046875,9013.5439453125,8992.162109375,0.14165766537189484,0
9.528,-196073.828125,-7.5544929504394531,57.070362091064453,8724.4423828125,8993.9091796875,8992.162109375,0.20293800532817841,0
9.532,-197276.828125,3.7166633605957031,13.813586235046387,8681.6220703125,8949.763671875,8992.162109375,0.25729435682296753,0
9.536,-196967.5,14.442906379699707,208.5975341796875,8611.9765625,8877.9658203125,8992.162109375,0.26190081238746643,0
9.54,-195722.328125,24.476903915405273,599.11883544921875,8512.8701171875,8775.7939453125,8992.162109375,0.20969197154045105,0
9.544,-195843.328125,33.690319061279297,1135.0377197265625,8382.412109375,8641.3017578125,8992.162109375,0.14334757626056671,0
9.548,-197120.21875,41.974895477294922,1761.8919677734375,8219.787109375,8473.646484375,8992.162109375,0.12623019516468048,0
9.552,-197054.046875,49.243186950683594,2424.891357421875,8025.50537109375,8273.3564453125,8992.162109375,0.1762821227312088,0
9.556,-195816.078125,55.42901611328125,3072.375732421875,7801.59521484375,8042.52099609375,8042.52099609375,0.22854585945606232,0
9.56,-195646.328125,60.487804412841797,3658.774658203125,7551.67822265625,7784.8740234375,8042.52099609375,0.20335972309112549,0
9.564,-196869.703125,64.396713256835938,4146.9365234375,7280.9208984375,7505.7421875,8042.52099609375,0.080396749079227448,0
9.568,-197161.828125,67.154624938964844,4509.74365234375,6995.86083984375,7211.8662109375,8042.52099609375,-0.10713636875152588,0
9.572,-195923.578125,68.781471252441406,4730.890625,6704.09130859375,6911.0732421875,8042.52099609375,-0.29811373353004456,0
9.576,-195486.421875,69.317222595214844,4804.87744140625,6413.86572265625,6611.87109375,8042.52099609375,-0.41748994588851929,0
9.58,-196622.953125,68.820236206054688,4736.22509765625,6133.6015625,6322.93994140625,8042.52099609375,-0.40851587057113647,0
9.584,-197219.453125,67.365234375,4538.07421875,5871.36572265625,6052.5927734375,8042.52099609375,-0.28962555527687073,0
9.588,-196110.953125,65.040756225585938,4230.2998046875,5634.3427734375,5808.23974609375,8042.52099609375,-0.16181337833404541,0
9.592,-195389.328125,61.946613311767578,3837.3828125,5428.36083984375,5595.88671875,8042.52099609375,-0.1101713627576828,0
9.596,-196229.546875,58.190818786621094,3386.17138671875,5257.46630859375,5419.70703125,5419.70703125,-0.11396694183349609,0
9.6,-197236.296875,53.886798858642578,2903.787109375,5123.61328125,5281.7138671875,5419.70703125,-0.078331016004085541,0
9.604,-196283,49.150371551513672,2415.759033203125,5026.4912109375,5181.58837890625,5419.70703125,0.071610972285270691,0
9.608,-195238.703125,44.097038269042969,1944.548828125,4963.48583984375,5116.63525390625,5419.70703125,0.3249870240688324,0
9.612,-196004.125,38.839458465576172,1508.5035400390625,4929.81640625,5081.92431640625,5419.70703125,0.57377082109451294,0
9.616,-197176.59375,33.485187530517578,1121.2578125,4918.82421875,5070.59228515625,5419.70703125,0.68212783336639404,0
9.62,-196503.921875,28.134634017944336,791.5576171875,4922.38427734375,5074.26171875,5419.70703125,0.60195672512054443,0
9.624,-195406.21875,22.879217147827148,523.45849609375,4931.4287109375,5083.5859375,5419.70703125,0.38291001319885254,0
9.628,-195752.953125,17.799646377563477,316.827392578125,4936.53271484375,5088.84765625,5419.70703125,0.087517261505126953,0
9.632,-197033.296875,12.964428901672363,168.076416015625,4928.52880859375,5080.59619140625,5419.70703125,-0.22430086135864258,0
9.636,-196615.421875,8.4286088943481445,71.04144287109375,4899.11181640625,5050.26953125,5050.26953125,-0.47647109627723694,0
9.64,-195341.46875,4.2329292297363281,17.917690277099609,4841.39306640625,4990.765625,5050.26953125,-0.60279595851898193,0
9.644,-195529.453125,0.40362301468849182,0.16291153430938721,4750.36083984375,4896.91796875,5050.26953125,-0.58107167482376099,0
9.648,-196754,-3.0469772815704346,9.2840709686279297,4623.2060546875,4765.83056640625,5050.26953125,-0.45400509238243103,0
9.652,-196715.078125,-6.1190237998962402,37.442455291748047,4459.49462890625,4597.05615234375,5050.26953125,-0.29998007416725159,0
9.656,-195637.21875,-8.8232088088989258,77.849021911621094,4261.15869140625,4392.5859375,5050.26953125,-0.18107326328754425,0
9.66,-195490.21875,-11.178632736206055,124.96183013916016,4032.3203125,4156.67041015625,5050.26953125,-0.13624422252178192,0
9.664,-196551.96875,-13.210821151733398,174.52580261230469,3778.971923828125,3895.486328125,5050.26953125,-0.17791613936424255,0
9.668,-196719.953125,-14.950094223022461,223.50532531738281,3508.52880859375,3616.678955078125,5050.26953125,-0.27386355400085449,0
9.672,-195682.828125,-16.430395126342773,269.95791625976562,3229.315673828125,3328.830078125,5050.26953125,-0.36200866103172302,0
9.676,-195235.125,-17.68829345703125,312.875732421875,2950.01123046875,3040.887939453125,3040.887939453125,-0.39315757155418396,0
9.68,-196346.703125,-18.761800765991211,352.005126953125,2679.1015625,2761.59912109375,3040.887939453125,-0.34741583466529846,0
9.684,-196919.296875,-19.688625335693359,387.64199829101562,2424.37060546875,2498.990234375,3040.887939453125,-0.23352703452110291,0
9.688,-195852.296875,-20.504055023193359,420.416259765625,2192.4609375,2259.90771484375,3040.887939453125,-0.10818129777908325,0
9.692,-195119.296875,-21.2388916015625,451.09051513671875,1988.5328369140625,2049.673095703125,3040.887939453125,-0.046201497316360474,0
9.696,-196118.46875,-21.917928695678711,480.39559936523438,1816.0308837890625,1871.835693359375,3040.887939453125,-0.070500634610652924,0
9.7,-197037.25,-22.559194564819336,508.917236328125,1676.5833740234375,1728.0755615234375,3040.887939453125,-0.14352774620056152,0
9.704,-195987.828125,-23.173782348632812,537.02423095703125,1570.0185546875,1618.21484375,3040.887939453125,-0.19120427966117859,0
9.708,-194956.578125,-23.766036987304688,564.82452392578125,1494.4931640625,1540.353515625,3040.887939453125,-0.14337193965911865,0
9.712,-195797.453125,-24.333892822265625,592.13836669921875,1446.7154541015625,1491.0982666015625,3040.887939453125,-0.01004384458065033,0
9.716,-196868.578125,-24.869287490844727,618.4814453125,1422.2386474609375,1465.8646240234375,1465.8646240234375,0.11330699920654297,0
9.72,-196186.46875,-25.358425140380859,643.0496826171875,1415.806640625,1459.2333984375,1465.8646240234375,0.15318258106708527,0
9.724,-195007.59375,-25.782012939453125,664.71221923828125,1421.723388671875,1465.3333740234375,1465.8646240234375,0.1177135705947876,0
9.728,-195563.09375,-26.115478515625,682.01824951171875,1434.222412109375,1478.21875,1465.8646240234375,0.033869527280330658,0
9.732,-196783.875,-26.329629898071289,693.2493896484375,1447.8111572265625,1492.2279052734375,1465.8646240234375,-0.098683036863803864,0
9.736,-196358.078125,-26.391855239868164,696.53009033203125,1457.5697021484375,1502.2880859375,1465.8646240234375,-0.26910895109176636,0
9.74,-195164.84375,-26.267894744873047,690.0023193359375,1459.387451171875,1504.162109375,1465.8646240234375,-0.41663780808448792,0
9.744,-195307.96875,-25.923910140991211,672.04913330078125,1450.127685546875,1494.615966796875,1465.8646240234375,-0.45518127083778381,0
9.748,-196550.875,-25.328634262084961,641.53973388671875,1427.720458984375,1471.5159912109375,1465.8646240234375,-0.35172027349472046,0
9.752,-196468.875,-24.45538330078125,598.0657958984375,1391.1842041015625,1433.849609375,1465.8646240234375,-0.17738668620586395,0
9.756,-195350.84375,-23.283639907836914,542.1278076171875,1340.5791015625,1381.679443359375,1381.679443359375,-0.039579641073942184,0
9.76,-195150.34375,-21.800182342529297,475.24795532226562,1276.9085693359375,1316.0396728515625,1381.679443359375,0.0367140993475914,0
9.764,-196215.75,-19.999767303466797,399.99066162109375,1201.9697265625,1238.782958984375,1381.679443359375,0.11160409450531006,0
9.768,-196535.796875,-17.885446548461914,319.88916015625,1118.172607421875,1152.394287109375,1381.679443359375,0.22615060210227966,0
9.772,-195338.125,-15.468742370605469,239.281982421875,1028.3404541015625,1059.783935546875,1381.679443359375,0.33805927634239197,0
9.776,-194934.578125,-12.769587516784668,163.06234741210938,935.50408935546875,964.07635498046875,1381.679443359375,0.37064680457115173,0
9.78,-196035.546875,-9.8159208297729492,96.352294921875,842.70672607421875,868.40899658203125,1381.679443359375,0.31253618001937866,0
9.784,-196687.828125,-6.6429176330566406,44.128349304199219,752.82781982421875,775.75030517578125,1381.679443359375,0.23614546656608582,0
9.788,-195611.203125,-3.2919723987579346,10.837081909179688,668.4384765625,688.7509765625,1381.679443359375,0.22096522152423859,0
9.792,-194909.328125,0.19030901789665222,0.036217521876096725,591.69158935546875,609.63037109375,1381.679443359375,0.27358046174049377,0
9.796,-195844.25,3.7528376579284668,14.08379077911377,524.24981689453125,540.10284423828125,540.10284423828125,0.31691631674766541,0
9.8,-196764.25,7.3404998779296875,53.8829345703125,467.251708984375,481.34194946289062,540.10284423828125,0.27062615752220154,0
9.804,-195755.953125,10.894521713256836,118.69059753417969,421.310302734375,433.97964477539062,540.10284423828125,0.13313281536102295,0
9.808,-194707.625,14.353055000305176,206.01020812988281,386.53955078125,398.13348388671875,540.10284423828125,-0.025625983253121376,0
9.812,-195549.34375,17.652231216430664,311.60125732421875,362.60150146484375,373.455078125,540.10284423828125,-0.11576360464096069,0
9.816,-196725.34375,20.727798461914062,429.6416015625,348.76919555664062,359.19500732421875,540.10284423828125,-0.066503427922725677,0
9.82,-195930,23.517364501953125,553.06640625,343.99942016601562,354.27774047851562,540.10284423828125,0.12908431887626648,0
9.824,-194699.828125,25.962917327880859,674.07305908203125,347.01165771484375,357.38314819335938,540.10284423828125,0.38328975439071655,0
9.828,-195275.671875,28.013326644897461,784.7464599609375,356.37005615234375,367.03094482421875,540.10284423828125,0.54797393083572388,0
9.832,-196501.46875,29.626321792602539,877.71893310546875,370.56289672851562,381.66275024414062,399.71932983398438,0.50604581832885742,0
9.836,-196067.203125,30.769872665405273,946.7850341796875,388.07778930664062,399.71932983398438,399.71932983398438,0.25802096724510193,0
9.84,-194734,31.423009872436523,987.40557861328125,407.467529296875,419.708740234375,399.71932983398438,-0.077820286154747009,0
9.844,-195078.703125,31.576299667358398,997.06268310546875,427.405517578125,440.26336669921875,399.71932983398438,-0.34513655304908752,0
9.848,-196302.25,31.232009887695312,975.4383544921875,446.72860717773438,460.18408203125,399.71932983398438,-0.43745684623718262,0
9.852,-196215.578125,30.403940200805664,924.39959716796875,464.46771240234375,478.47183227539062,399.71932983398438,-0.35592260956764221,0
9.856,-194976.09375,29.116888046264648,847.79315185546875,479.86663818359375,494.34701538085938,399.71932983398438,-0.19700038433074951,0
9.86,-194890.828125,27.405664443969727,751.07049560546875,492.38882446289062,507.25650024414062,399.71932983398438,-0.064902938902378082,0
9.864,-195964.703125,25.313671112060547,640.78192138671875,501.71395874023438,516.8699951171875,399.71932983398438,0.012291374616324902,0
9.868,-196269.34375,22.891201019287109,524.00714111328125,507.72396850585938,523.06591796875,399.71932983398438,0.064509138464927673,0
9.872,-195137.46875,20.193511962890625,407.77792358398438,510.48037719726562,525.90753173828125,525.61248779296875,0.094216510653495789,0
9.876,-194667.046875,17.279083251953125,298.56674194335938,510.19418334960938,525.61248779296875,525.61248779296875,0.069944500923156738,0
9.88,-195853,14.208064079284668,201.86909484863281,507.19149780273438,522.5169677734375,525.61248779296875,-0.0059932805597782135,0
9.884,-196426.671875,11.041035652160645,121.90446472167969,501.876708984375,517.03778076171875,525.61248779296875,-0.08124774694442749,0
9.888,-195290.5,7.8378219604492188,61.431449890136719,494.697021484375,509.63607788085938,525.61248779296875,-0.11488697677850723,0
9.892,-194621.34375,4.656153678894043,21.679769515991211,486.10882568359375,500.7822265625,525.61248779296875,-0.12503969669342041,0
9.896,-195623.59375,1.5501432418823242,2.4029440879821777,476.54898071289062,490.92669677734375,525.61248779296875,-0.14446528255939484,0
9.9,-196547.171875,-1.4312359094619751,2.0484364032745361,466.41156005859375,480.47576904296875,525.61248779296875,-0.16363994777202606,0
9.904,-195488.421875,-4.2454490661621094,18.023839950561523,456.03158569335938,469.77481079101562,525.61248779296875,-0.1468958854675293,0
9.908,-194478.453125,-6.8573064804077148,47.022655487060547,445.675537109375,459.09848022460938,525.61248779296875,-0.0721115842461586,0
9.912,-195338.25,-9.2394084930419922,85.366676330566406,435.54013061523438,448.64956665039062,525.61248779296875,0.032581649720668793,0
9.916,-196513.171875,-11.372123718261719,129.3251953125,425.75698852539062,438.56387329101562,438.56387329101562,0.091166459023952484,0
9.92,-195723.71875,-13.243095397949219,175.37959289550781,416.403564453125,428.921142578125,438.56387329101562,0.064764820039272308,0
9.924,-194516.59375,-14.846341133117676,220.41386413574219,407.517578125,419.76034545898438,438.56387329101562,0.0069404602982103825,0
9.928,-195071.71875,-16.181163787841797,261.83001708984375,399.11386108398438,411.09677124023438,438.56387329101562,0.005593406967818737,0
9.932,-196433.59375,-17.251129150390625,297.60147094726562,391.20086669921875,402.93896484375,438.56387329101562,0.094046495854854584,0
9.936,-195852.59375,-18.063196182250977,326.279052734375,383.79583740234375,395.304931640625,438.56387329101562,0.22177739441394806,0
9.94,-194550.25,-18.627044677734375,346.966796875,376.93515014648438,388.23208618164062,438.56387329101562,0.30658331513404846,0
9.944,-194872.703125,-18.954437255859375,359.27069091796875,370.67959594726562,381.78305053710938,438.56387329101562,0.30398601293563843,0
9.948,-196249.421875,-19.058568954467773,363.22909545898438,365.11337280273438,376.044677734375,438.56387329101562,0.22359545528888702,0
9.952,-196002.5,-18.953363418579102,359.22998046875,360.336669921875,371.12026977539062,438.56387329101562,0.11416225135326385,0
9.956,-194643.875,-18.65283203125,347.92813110351562,356.45263671875,367.11611938476562,367.11611938476562,0.039053641259670258,0
9.96,-194641.671875,-18.170572280883789,330.169677734375,353.55111694335938,364.12484741210938,367.11611938476562,0.021222975105047226,0
9.964,-195914.828125,-17.519414901733398,306.92987060546875,351.68988037109375,362.20599365234375,367.11611938476562,0.010765287093818188,0
9.968,-196113.46875,-16.7113037109375,279.26766967773438,350.87744140625,361.36849975585938,367.11611938476562,-0.050371401011943817,0
9.972,-194771.75,-15.757247924804688,248.29086303710938,351.0576171875,361.55419921875,367.11611938476562,-0.15413844585418701,0
9.976,-194461.875,-14.667366027832031,215.13163757324219,352.09902954101562,362.62783813476562,367.11611938476562,-0.24044403433799744,0
9.98,-195671.828125,-13.450993537902832,180.92924499511719,353.79052734375,364.37167358398438,367.11611938476562,-0.24626386165618896,0
9.984,-196223.578125,-12.116910934448242,146.81953430175781,355.84439086914062,366.489013671875,367.11611938476562,-0.15327112376689911,0
9.988,-195020.125,-10.673774719238281,113.92946624755859,357.90618896484375,368.61459350585938,367.11611938476562,-0.021251494064927101,0
9.992,-194312.21875,-9.1307706832885742,83.3709716796875,359.57290649414062,370.33285522460938,367.11611938476562,0.06676076352596283,0
9.996,-195420.5,-7.4984159469604492,56.226245880126953,360.415771484375,371.20181274414062,371.20181274414062,0.1045040488243103,0
10,-196236.953125,-5.7894020080566406,33.517173767089844,360.00845336914062,370.78189086914062,371.20181274414062,0.14602434635162354,0
10.004,-195218.09375,-4.0192794799804688,16.154607772827148,357.95770263671875,368.66766357421875,371.20181274414062,0.2130490243434906,0
10.008,-194222.96875,-2.206892728805542,4.8703756332397461,353.93496704101562,364.5205078125,371.20181274414062,0.28291955590248108,0
10.012,-195077.953125,-0.37445059418678284,0.1402132511138916,347.70571899414062,358.0986328125,371.20181274414062,0.32873624563217163,0
10.016,-196142.421875,1.4527784585952759,2.110565185546875,339.15512084960938,349.28359985351562,371.20181274414062,0.33611339330673218,0
10.02,-195462.75,3.2470741271972656,10.543490409851074,328.30462646484375,338.09756469726562,371.20181274414062,0.31345599889755249,0
10.024,-194264.21875,4.9790854454040527,24.791290283203125,315.31900024414062,324.71029663085938,371.20181274414062,0.29028263688087463,0
10.028,-194928.84375,6.6187758445739746,43.808189392089844,300.500244140625,309.43319702148438,371.20181274414062,0.27765455842018127,0
10.032,-196201.34375,8.1363554000854492,66.200279235839844,284.26986694335938,292.70086669921875,371.20181274414062,0.24528010189533234,0
10.036,-195708.046875,9.503021240234375,90.307411193847656,267.14031982421875,275.04150390625,275.04150390625,0.16652576625347137,0
10.04,-194390.171875,10.691429138183594,114.30666351318359,249.67831420898438,257.03945922851562,275.04150390625,0.058067880570888519,0
10.044,-194696.078125,11.675936698913574,136.32748413085938,232.463623046875,239.29240417480469,275.04150390625,-0.048252332955598831,0
10.048,-196066.09375,12.432858467102051,154.57597351074219,216.04638671875,222.36740112304688,275.04150390625,-0.12914431095123291,0
10.052,-195857.046875,12.940956115722656,167.46833801269531,200.90776062011719,206.76057434082031,275.04150390625,-0.16022384166717529,0
10.056,-194482.671875,13.182299613952637,173.77302551269531,187.42733764648438,192.86323547363281,275.04150390625,-0.13982038199901581,0
10.06,-194545.578125,13.143461227416992,172.75057983398438,175.8609619140625,180.93913269042969,275.04150390625,-0.1144988164305687,0
10.064,-195898.828125,12.816937446594238,164.27388000488281,166.33078002929688,171.11421203613281,275.04150390625,-0.14205105602741241,0
10.068,-195974.375,12.20245361328125,148.89987182617188,158.82865905761719,163.38005065917969,275.04150390625,-0.2402719259262085,0
10.072,-194678.203125,11.308021545410156,127.87136077880859,153.23051452636719,157.6087646484375,275.04150390625,-0.37213820219039917,0
10.076,-194328.21875,10.150439262390137,103.03141784667969,149.31979370117188,153.57710266113281,153.57710266113281,-0.45917811989784241,0
10.08,-195472.546875,8.7553081512451172,76.655418395996094,146.81552124023438,150.995361328125,153.57710266113281,-0.42889031767845154,0
10.084,-195993.078125,7.156646728515625,51.21759033203125,145.40180969238281,149.53793334960938,153.57710266113281,-0.27772372961044312,0
10.088,-194922.34375,5.3962469100952148,29.119482040405273,144.75556945800781,148.8717041015625,153.57710266113281,-0.07258354127407074,0
10.092,-194192.5,3.5229237079620361,12.410992622375488,144.5701904296875,148.68061828613281,153.57710266113281,0.1119789332151413,0
10.096,-195127.171875,1.5915944576263428,2.533172607421875,144.57279968261719,148.68330383300781,153.57710266113281,0.23895616829395294,0
10.1,-196068.5,-0.33796828985214233,0.11422256380319595,144.53410339355469,148.64340209960938,153.57710266113281,0.30380931496620178,0
10.104,-195114.453125,-2.2029013633728027,4.8527746200561523,144.27070617675781,148.37187194824219,153.57710266113281,0.30699557065963745,0
10.108,-194135.328125,-3.9395091533660889,15.519732475280762,143.640625,147.7222900390625,153.57710266113281,0.24256369471549988,0
10.112,-194944.703125,-5.4858436584472656,30.094478607177734,142.53520202636719,146.58268737792969,153.57710266113281,0.12129426002502441,0
10.116,-196001.546875,-6.7843918800354004,46.027973175048828,140.86923217773438,144.86518859863281,144.86518859863281,-0.006043456494808197,0
10.12,-195321.875,-7.7846770286560059,60.6011962890625,138.57368469238281,142.49862670898438,144.86518859863281,-0.072412170469760895,0
10.124,-194193.5,-8.4456462860107422,71.328941345214844,135.59196472167969,139.4246826171875,144.86518859863281,-0.040518343448638916,0
10.128,-194699.953125,-8.7376556396484375,76.34661865234375,131.88229370117188,135.60029602050781,144.86518859863281,0.083237051963806152,0
10.132,-195964.953125,-8.6439619064331055,74.71807861328125,127.42464447021484,131.0047607421875,144.86518859863281,0.25345197319984436,0
10.136,-195459.125,-8.1616621017456055,66.61273193359375,122.23130798339844,125.65081787109375,144.86518859863281,0.38281407952308655,0
10.14,-194090.171875,-7.302095890045166,53.320606231689453,116.35838317871094,119.59627532958984,144.86518859863281,0.3753926157951355,0
10.144,-194465.84375,-6.0906715393066406,37.096275329589844,109.91489410400391,112.9534912109375,144.86518859863281,0.20435580611228943,0
10.148,-195731.203125,-4.5661101341247559,20.849361419677734,103.06729888916016,105.89412689208984,144.86518859863281,-0.049503616988658905,0
10.152,-195563.578125,-2.7789943218231201,7.722808837890625,96.037155151367188,98.64654541015625,91.485633850097656,-0.24452264606952667,0
10.156,-194240,-0.78970611095428467,0.62363576889038086,89.091064453125,91.485633850097656,91.485633850097656,-0.27597349882125854,0
10.16,-194288.296875,1.3340156078338623,1.7795976400375366,82.523277282714844,84.714706420898438,91.485633850097656,-0.14309081435203552,0
10.164,-195619.046875,3.5196006298065186,12.387588500976562,76.632423400878906,78.64166259765625,91.485633850097656,0.064642712473869324,0
10.168,-195803.125,5.6920294761657715,32.399200439453125,71.695053100585938,73.551597595214844,91.485633850097656,0.22014710307121277,0
10.172,-194554.703125,7.7759804725646973,60.465873718261719,67.938560485839844,69.678932189941406,91.485633850097656,0.23295240104198456,0
10.176,-194242.71875,9.6976728439331055,94.04486083984375,65.516822814941406,67.182289123535156,91.485633850097656,0.11928193271160126,0
10.18,-195380.921875,11.386439323425293,129.6510009765625,64.491249084472656,66.124984741210938,91.485633850097656,-0.021663378924131393,0
10.184,-195933.34375,12.776164054870605,163.2303466796875,64.8194580078125,66.463356018066406,91.485633850097656,-0.084586009383201599,0
10.188,-194784.296875,13.806765556335449,190.62678527832031,66.353416442871094,68.044761657714844,91.485633850097656,-0.00025461069890297949,0
10.192,-194106.453125,14.4259033203125,208.106689453125,68.848129272460938,70.616622924804688,91.485633850097656,0.22220976650714874,0
10.196,-195120.875,14.590937614440918,212.89546203613281,71.98150634765625,73.846908569335938,73.846908569335938,0.46658629179000854,0
10.2,-195965.953125,14.270994186401367,203.6612548828125,75.384384155273438,77.355026245117188,73.846908569335938,0.57139384746551514,0
10.204,-195041.125,13.448974609375,180.87492370605469,78.678810119628906,80.7513427734375,73.846908569335938,0.45439767837524414,0
10.208,-194063.078125,12.123212814331055,146.9722900390625,81.520851135253906,83.6812744140625,73.846908569335938,0.1769363135099411,0
10.212,-194823.84375,10.308576583862305,106.26676177978516,83.64337158203125,85.86944580078125,73.846908569335938,-0.11621759831905365,0
10.216,-195896.921875,8.0368547439575195,64.591041564941406,84.892982482910156,87.157699584960938,73.846908569335938,-0.29075217247009277,0
10.22,-195162.453125,5.3563752174377441,28.690755844116211,85.25592041015625,87.531883239746094,73.846908569335938,-0.27120852470397949,0
10.224,-193975.828125,2.3310031890869141,5.4335761070251465,84.8687744140625,87.13275146484375,73.846908569335938,-0.081492044031620026,0
10.228,-194608.21875,-0.96137857437133789,0.92424869537353516,84.011093139648438,86.24853515625,73.846908569335938,0.15313085913658142,0
10.232,-195845.96875,-4.4307875633239746,19.631877899169922,83.079734802246094,85.288375854492188,73.846908569335938,0.29531440138816833,0
10.236,-195372.171875,-7.9774503707885742,63.63970947265625,82.546371459960938,84.738525390625,84.738525390625,0.2795981764793396,0
10.24,-194106.921875,-11.494588851928711,132.12557983398438,82.902748107910156,85.105918884277344,84.738525390625,0.12062134593725204,0
10.244,-194411.75,-14.871772766113281,221.16963195800781,84.599594116210938,86.855247497558594,84.738525390625,-0.10373024642467499,0
10.248,-195718.84375,-17.998764038085938,323.95550537109375,87.9871826171875,90.34759521484375,84.738525390625,-0.29194149374961853,0
10.252,-195505.546875,-20.769683837890625,431.37979125976562,93.265419006347656,95.789085388183594,84.738525390625,-0.38343876600265503,0
10.256,-194132.96875,-23.087072372436523,533.01300048828125,100.45021820068359,103.19609069824219,84.738525390625,-0.37371143698692322,0
10.26,-194169.46875,-24.865612030029297,618.29864501953125,109.36118316650391,112.38266754150391,84.738525390625,-0.28754106163978577,0
10.264,-195461.125,-26.035196304321289,677.8314208984375,119.63232421875,122.97145843505859,84.738525390625,-0.16565048694610596,0
10.268,-195609.09375,-26.543182373046875,704.54052734375,130.7451171875,134.42794799804688,84.738525390625,-0.053359527140855789,0
10.272,-194317.25,-26.355865478515625,694.63165283203125,142.080322265625,146.11372375488281,84.738525390625,0.011708915233612061,0
10.276,-194008.671875,-25.459270477294922,648.17449951171875,152.98320007324219,157.35380554199219,157.35380554199219,0.016999240964651108,0
10.28,-195207.46875,-23.859491348266602,569.2752685546875,162.83561706542969,167.51094055175781,157.35380554199219,-0.0083366185426712036,0
10.284,-195718.953125,-21.582662582397461,465.811279296875,171.12748718261719,176.05924987792969,157.35380554199219,-0.009823712520301342,0
10.288,-194528.078125,-18.674627304077148,348.74169921875,177.5198974609375,182.64936828613281,157.35380554199219,0.062504373490810394,0
10.292,-193898.453125,-15.200114250183105,231.04345703125,181.89254760742188,187.15727233886719,157.35380554199219,0.22084660828113556,0
10.296,-194926.796875,-11.241430282592773,126.3697509765625,184.36930847167969,189.71061706542969,157.35380554199219,0.39757460355758667,0
10.3,-195751.5,-6.8965187072753906,47.561969757080078,185.3182373046875,190.68888854980469,157.35380554199219,0.47430700063705444,0
10.304,-194728.203125,-2.2764275074005127,5.1821227073669434,185.3248291015625,190.6956787109375,157.35380554199219,0.39228081703186035,0
10.308,-193741.578125,2.4977626800537109,6.2388181686401367,185.13923645019531,190.50436401367188,157.35380554199219,0.1961197555065155,0
10.312,-194620.46875,7.2984747886657715,53.267730712890625,185.60270690917969,190.98214721679688,192.99996948242188,-0.026973580941557884,0
10.316,-195751.796875,11.995480537414551,143.89155578613281,187.55998229980469,192.99996948242188,192.99996948242188,-0.19232900440692902,0
10.32,-194953.84375,16.459911346435547,270.92864990234375,191.76652526855469,197.33662414550781,192.99996948242188,-0.22877678275108337,0
10.324,-193772.828125,20.568248748779297,423.05288696289062,198.80099487304688,204.588623046875,192.99996948242188,-0.11935824155807495,0
10.328,-194385.34375,24.206096649169922,585.93505859375,208.99275207519531,215.09562683105469,192.99996948242188,0.080669283866882324,0
10.332,-195672.171875,27.271493911743164,743.734375,222.37309265136719,228.8897705078125,192.99996948242188,0.30235832929611206,0
10.336,-195153.59375,29.677684783935547,880.76495361328125,238.6561279296875,245.6763916015625,192.99996948242188,0.50123292207717896,0
10.34,-193862.84375,31.355337142944336,983.1571044921875,257.25286865234375,264.84829711914062,192.99996948242188,0.62699925899505615,0
10.344,-194128.296875,32.254241943359375,1040.3363037109375,277.317626953125,285.53359985351562,192.99996948242188,0.62352019548416138,0
10.348,-195336.21875,32.344615936279297,1046.1741943359375,297.82415771484375,306.67431640625,192.99996948242188,0.47337031364440918,0
10.352,-195226.375,31.617935180664062,999.69384765625,317.66357421875,327.12734985351562,192.99996948242188,0.21949765086174011,0
10.356,-193920.09375,30.087398529052734,905.25146484375,335.756103515625,345.77944946289062,345.77944946289062,-0.037103366106748581,0
10.36,-193923.96875,27.787994384765625,772.17266845703125,351.16400146484375,361.66390991210938,345.77944946289062,-0.18289849162101746,0
10.364,-195101.421875,24.776103973388672,613.8553466796875,363.193359375,374.06527709960938,345.77944946289062,-0.17174327373504639,0
10.368,-195340.578125,21.128551483154297,446.41567993164062,371.4736328125,382.60165405273438,345.77944946289062,-0.048714429140090942,0
10.372,-194118.328125,16.940780639648438,286.99008178710938,376.004150390625,387.27230834960938,345.77944946289062,0.089051224291324615,0
10.376,-193770.09375,12.324132919311523,151.88424682617188,377.16098022460938,388.46493530273438,345.77944946289062,0.14647404849529266,0
10.38,-194992.875,7.4023313522338867,54.794513702392578,375.663818359375,386.92138671875,345.77944946289062,0.089106820523738861,0
10.384,-195450.671875,2.3073933124542236,5.324063777923584,372.50570678710938,383.66567993164062,345.77944946289062,-0.040312550961971283,0
10.388,-194231.546875,-2.8247478008270264,7.9792008399963379,368.85272216796875,379.899658203125,345.77944946289062,-0.16625352203845978,0
10.392,-193600.078125,-7.8587265014648438,61.75958251953125,365.92578125,376.88223266601562,345.77944946289062,-0.22545957565307617,0
10.396,-194662.375,-12.664030075073242,160.37765502929688,364.87542724609375,375.79940795898438,375.79940795898438,-0.2009931355714798,0
10.4,-195408.171875,-17.118780136108398,293.05264282226562,366.66326904296875,377.64251708984375,375.79940795898438,-0.14154195785522461,0
10.404,-194464.34375,-21.112817764282227,445.75106811523438,371.96078491210938,383.10385131835938,375.79940795898438,-0.11973037570714951,0
10.408,-193522.296875,-24.550085067749023,602.70672607421875,381.075439453125,392.50042724609375,375.79940795898438,-0.16301886737346649,0
10.412,-194343.078125,-27.350429534912109,748.04608154296875,393.91107177734375,405.73306274414062,375.79940795898438,-0.2406516969203949,0
10.416,-195490,-29.451040267944336,867.36376953125,409.96649169921875,422.28500366210938,375.79940795898438,-0.31427162885665894,0
10.42,-194687.625,-30.807638168334961,949.11065673828125,428.37490844726562,441.26278686523438,375.79940795898438,-0.3738057017326355,0
10.424,-193495.84375,-31.395412445068359,985.671875,447.97967529296875,461.47381591796875,375.79940795898438,-0.39966288208961487,0
10.428,-194139.84375,-31.209636688232422,974.0413818359375,467.44204711914062,481.53817749023438,375.79940795898438,-0.33510583639144897,0
10.432,-195340.203125,-30.265804290771484,916.0189208984375,485.36978149414062,500.02035522460938,375.79940795898438,-0.15008124709129333,0
10.436,-194866.296875,-28.599239349365234,817.91650390625,500.455322265625,515.57244873046875,515.57244873046875,0.10197931528091431,0
10.44,-193547.328125,-26.263961791992188,689.79571533203125,511.60873413085938,527.07080078125,515.57244873046875,0.32512059807777405,0
10.444,-193871.875,-23.330867767333984,544.32940673828125,518.07196044921875,533.73388671875,515.57244873046875,0.45698103308677673,0
10.448,-195210.21875,-19.885269165039062,395.42391967773438,519.50128173828125,535.2073974609375,515.57244873046875,0.48615527153015137,0
10.452,-194993.578125,-16.024026870727539,256.76943969726562,516.00909423828125,531.60723876953125,515.57244873046875,0.41365617513656616,0
10.456,-193665.625,-11.852399826049805,140.4793701171875,508.15838623046875,523.513671875,515.57244873046875,0.24125008285045624,0
10.46,-193660,-7.4808540344238281,55.963176727294922,496.91171264648438,511.91928100585938,515.57244873046875,0.0060149184428155422,0
10.464,-194897.671875,-3.0219027996063232,9.13189697265625,483.53768920898438,498.131591796875,515.57244873046875,-0.21228739619255066,0
10.468,-195123.421875,1.4129581451416016,1.9964507818222046,469.48681640625,483.64614868164062,515.57244873046875,-0.34209078550338745,0
10.472,-193774.078125,5.7161765098571777,32.674674987792969,456.24771118164062,469.99755859375,515.57244873046875,-0.36756491661071777,0
10.476,-193475.34375,9.786921501159668,95.783836364746094,445.19985961914062,458.60806274414062,458.60806274414062,-0.32553809881210327,0
10.48,-194773.171875,13.53364372253418,183.15951538085938,437.4775390625,450.64691162109375,458.60806274414062,-0.26685214042663574,0
10.484,-195244.59375,16.876317977905273,284.81015014648438,433.85751342773438,446.91494750976562,458.60806274414062,-0.21250686049461365,0
10.488,-194059.703125,19.748153686523438,389.98959350585938,434.68252563476562,447.76547241210938,458.60806274414062,-0.16019308567047119,0
10.492,-193367.84375,22.096694946289062,488.263916015625,439.826904296875,453.06893920898438,458.60806274414062,-0.13533994555473328,0
10.496,-194469.328125,23.884222030639648,570.4560546875,448.70864868164062,462.225341796875,458.60806274414062,-0.17299087345600128,0
10.5,-195312.59375,25.087621688842773,629.388671875,460.34515380859375,474.22177124023438,458.60806274414062,-0.25032123923301697,0
10.504,-194208.71875,25.697963714599609,660.38525390625,473.44921875,487.73110961914062,458.60806274414062,-0.30843758583068848,0
10.508,-193263.71875,25.719936370849609,661.51513671875,486.55477905273438,501.24203491210938,458.60806274414062,-0.32631859183311462,0
10.512,-194175.125,25.171321868896484,633.59552001953125,498.16128540039062,513.2073974609375,458.60806274414062,-0.32004770636558533,0
10.516,-195358.96875,24.082424163818359,579.96319580078125,506.88272094726562,522.1986083984375,522.1986083984375,-0.29132023453712463,0
10.52,-194586.078125,22.495367050170898,506.04150390625,511.5849609375,527.0462646484375,522.1986083984375,-0.22878392040729523,0
10.524,-193408.21875,20.463033676147461,418.73574829101562,511.49868774414062,526.95733642578125,522.1986083984375,-0.14532038569450378,0
10.528,-194108.046875,18.047576904296875,325.71502685546875,506.29428100585938,521.59197998046875,522.1986083984375,-0.071713909506797791,0
10.532,-195422.71875,15.31831169128418,234.65068054199219,496.112548828125,511.09536743164062,522.1986083984375,-0.024094030261039734,0
10.536,-194755.75,12.349088668823242,152.49996948242188,481.54727172851562,496.07958984375,522.1986083984375,0.013749529607594013,0
10.54,-193392.703125,9.2154598236083984,84.924705505371094,463.58261108398438,477.559326171875,522.1986083984375,0.077154122292995453,0
10.544,-193877.25,5.9920134544372559,35.904224395751953,443.49398803710938,456.84945678710938,522.1986083984375,0.17750367522239685,0
10.548,-195269.46875,2.7503502368927002,7.5644264221191406,422.72177124023438,435.43475341796875,522.1986083984375,0.27268776297569275,0
10.552,-194941.5,-0.44209212064743042,0.1954454630613327,402.73184204101562,414.82659912109375,522.1986083984375,0.28787106275558472,0
10.556,-193549.84375,-3.5224528312683105,12.407673835754395,384.87493896484375,396.41741943359375,396.41741943359375,0.18567772209644318,0
10.56,-193661.796875,-6.4324736595153809,41.376720428466797,370.259033203125,381.34951782226562,396.41741943359375,0.020502712577581406,0
10.564,-195014.421875,-9.1185302734375,83.1475830078125,359.64486694335938,370.40707397460938,396.41741943359375,-0.094972476363182068,0
10.568,-195059.796875,-11.531919479370117,132.98518371582031,353.376220703125,363.94451904296875,396.41741943359375,-0.082957588136196136,0
10.572,-193655.703125,-13.629391670227051,185.76033020019531,351.35165405273438,361.85733032226562,396.41741943359375,0.032193571329116821,0
10.576,-193460.671875,-15.373809814453125,236.35404968261719,353.041015625,363.59896850585938,396.41741943359375,0.14833196997642517,0
10.58,-194800.703125,-16.734771728515625,280.05258178710938,357.54623413085938,368.24349975585938,396.41741943359375,0.17845194041728973,0
10.584,-195209.921875,-17.689052581787109,312.902587890625,363.69775390625,374.58529663085938,396.41741943359375,0.11287137120962143,0
10.588,-193968.46875,-18.220943450927734,332.00277709960938,370.17822265625,381.26620483398438,396.41741943359375,0.004622048232704401,0
10.592,-193320.046875,-18.322637557983398,335.71908569335938,375.65740966796875,386.914794921875,396.41741943359375,-0.088108360767364502,0
10.596,-194414.59375,-17.994684219360352,323.80868530273438,378.926025390625,390.28451538085938,390.28451538085938,-0.1357276439666748,0
10.6,-195259.125,-17.246551513671875,297.44354248046875,379.01385498046875,390.37509155273438,390.28451538085938,-0.12633761763572693,0
10.604,-194128.546875,-16.097085952758789,259.11614990234375,375.28118896484375,386.52694702148438,390.28451538085938,-0.064782068133354187,0
10.608,-193211.625,-14.574587821960449,212.41862487792969,367.47543334960938,378.47982788085938,390.28451538085938,0.016845013946294785,0
10.612,-194032.046875,-12.716407775878906,161.70703125,355.74868774414062,366.39031982421875,390.28451538085938,0.065529428422451019,0
10.616,-195040.71875,-10.567975044250488,111.68210601806641,340.635009765625,350.80926513671875,390.28451538085938,0.024581721052527428,0
10.62,-194359.84375,-8.1815385818481445,66.937583923339844,322.99154663085938,332.6201171875,390.28451538085938,-0.11315242201089859,0
10.624,-193180.078125,-5.6147065162658691,31.524929046630859,303.90859985351562,312.94696044921875,390.28451538085938,-0.26937231421470642,0
10.628,-193846.21875,-2.9288768768310547,8.5783205032348633,284.599365234375,293.04052734375,390.28451538085938,-0.34900251030921936,0
10.632,-195186.5,-0.18768894672393799,0.03522714227437973,266.27969360351562,274.154296875,257.42349243164062,-0.32100510597229004,0
10.636,-194564.75,2.5442614555358887,6.4732656478881836,250.05082702636719,257.42349243164062,257.42349243164062,-0.21403186023235321,0
10.64,-193259.828125,5.2022843360900879,27.063762664794922,236.79618835449219,243.75895690917969,257.42349243164062,-0.085992671549320221,0
10.644,-193592.328125,7.7220854759216309,59.630603790283203,227.10221862792969,233.76518249511719,257.42349243164062,-0.0092796357348561287,0
10.648,-194859.046875,10.040176391601562,100.80515289306641,221.20980834960938,227.69050598144531,257.42349243164062,-0.027030656114220619,0
10.652,-194709.953125,12.0946044921875,146.27946472167969,219.00004577636719,225.41239929199219,257.42349243164062,-0.099343501031398773,0
10.656,-193266.71875,13.826281547546387,191.16606140136719,220.01376342773438,226.45747375488281,257.42349243164062,-0.13827729225158691,0
10.66,-193436.796875,15.180994987487793,230.46261596679688,223.50373840332031,230.05538940429688,257.42349243164062,-0.10203667730093002,0
10.664,-194788.296875,16.111867904663086,259.59228515625,228.512939453125,235.21952819824219,257.42349243164062,-0.022539660334587097,0
10.668,-194867.296875,16.581796646118164,274.95599365234375,233.97213745117188,240.8475341796875,257.42349243164062,0.041526924818754196,0
10.672,-193489.296875,16.565393447875977,274.41226196289062,238.806884765625,245.83183288574219,257.42349243164062,0.063355684280395508,0
10.676,-193249.546875,16.050125122070312,257.60653686523438,242.0433349609375,249.16838073730469,249.16838073730469,0.065298400819301605,0
10.68,-194474.828125,15.036575317382812,226.09860229492188,242.90214538574219,250.05375671386719,249.16838073730469,0.078140005469322205,0
10.684,-194958.421875,13.53819751739502,183.28279113769531,240.87158203125,247.96037292480469,249.16838073730469,0.10368971526622772,0
10.688,-193746.875,11.580879211425781,134.11677551269531,235.75411987304688,242.68464660644531,249.16838073730469,0.11819521337747574,0
10.692,-193150.375,9.2025556564331055,84.687034606933594,227.68258666992188,234.36347961425781,249.16838073730469,0.10821199417114258,0
10.696,-194291.921875,6.4528145790100098,41.638816833496094,217.10624694824219,223.46003723144531,249.16838073730469,0.11034198850393295,0
10.7,-195036.671875,3.3923485279083252,11.508028984069824,204.74862670898438,210.72021484375,249.16838073730469,0.17738683521747589,0
10.704,-193938.96875,0.091937720775604248,0.0084525449201464653,191.54109191894531,197.10420227050781,249.16838073730469,0.29482284188270569,0
10.708,-193036.171875,-3.3690681457519531,11.350621223449707,178.53781127929688,183.69877624511719,249.16838073730469,0.37062996625900269,0
10.712,-193941.578125,-6.9047303199768066,47.675304412841797,166.81941223144531,171.617919921875,249.16838073730469,0.30883908271789551,0
10.716,-194957.796875,-10.424711227416992,108.67460632324219,157.39363098144531,161.900634765625,161.900634765625,0.091484092175960541,0
10.72,-194181.453125,-13.836463928222656,191.44772338867188,151.10176086425781,155.4141845703125,161.900634765625,-0.1839258223772049,0
10.724,-193093.046875,-17.047250747680664,290.60879516601562,148.53923034667969,152.77241516113281,161.900634765625,-0.35472813248634338,0
10.728,-193851.078125,-19.966100692749023,398.64517211914062,149.997802734375,154.27607727050781,161.900634765625,-0.31519073247909546,0
10.732,-195097.25,-22.505899429321289,506.51553344726562,155.43513488769531,159.88156127929688,161.900634765625,-0.094417095184326172,0
10.736,-194572.203125,-24.585765838623047,604.4598388671875,164.47431945800781,169.2003173828125,161.900634765625,0.17320911586284637,0
10.74,-193353.078125,-26.133859634399414,682.97869873046875,176.43539428710938,181.53132629394531,161.900634765625,0.33311194181442261,0
10.744,-193869.578125,-27.090429306030273,733.89141845703125,190.3951416015625,195.92282104492188,161.900634765625,0.29430261254310608,0
10.748,-195237.921875,-27.410863876342773,751.35546875,205.27096557617188,211.25871276855469,161.900634765625,0.070596203207969666,0
10.752,-194922.25,-27.068273544311523,732.69140625,219.92086791992188,226.3616943359375,161.900634765625,-0.24139387905597687,0
10.756,-193594.71875,-26.0552978515625,678.87860107421875,233.25028991699219,240.10336303710938,240.10336303710938,-0.51566159725189209,0
10.76,-193777.796875,-24.384908676147461,594.62384033203125,244.31523132324219,251.51054382324219,240.10336303710938,-0.64664047956466675,0
10.764,-195176.921875,-22.090173721313477,487.97576904296875,252.41181945800781,259.85751342773438,240.10336303710938,-0.60404282808303833,0
10.768,-195101.5,-19.222925186157227,369.52084350585938,257.14251708984375,264.73452758789062,240.10336303710938,-0.44918975234031677,0
10.772,-193798.296875,-15.851402282714844,251.26693725585938,258.45263671875,266.08514404296875,240.10336303710938,-0.26344513893127441,0
10.776,-193530.21875,-12.057108879089355,145.37387084960938,256.633056640625,264.20932006835938,240.10336303710938,-0.095624960958957672,0
10.78,-194803.796875,-7.9311666488647461,62.903404235839844,252.2900390625,259.73193359375,240.10336303710938,0.014780750498175621,0
10.784,-195185,-3.5704200267791748,12.747899055480957,246.28695678710938,253.54325866699219,240.10336303710938,0.036706108599901199,0
10.788,-193953.578125,0.92656707763671875,0.85852652788162231,239.6640625,246.71553039550781,240.10336303710938,-0.019181337207555771,0
10.792,-193356.96875,5.4633903503417969,29.8486328125,233.54667663574219,240.408935546875,235.7734375,-0.099780343472957611,0
10.796,-194515.46875,9.9493131637573242,98.98883056640625,229.05026245117188,235.7734375,235.7734375,-0.1434607058763504,0
10.8,-195232.75,14.302055358886719,204.54878234863281,227.1923828125,233.85810852050781,235.7734375,-0.12700769305229187,0
10.804,-194104.546875,18.449686050415039,340.39096069335938,228.81787109375,235.53388977050781,235.7734375,-0.095937572419643402,0
10.808,-193188.921875,22.331512451171875,498.69644165039062,234.54342651367188,241.43649291992188,235.7734375,-0.11754618585109711,0
10.812,-194165.75,25.898183822631836,670.71600341796875,244.72360229492188,251.9315185546875,235.7734375,-0.19319231808185577,0
10.816,-195194.21875,29.111078262329102,847.45489501953125,259.43905639648438,267.10205078125,235.7734375,-0.25113314390182495,0
10.82,-194257.09375,31.941295623779297,1020.2463989257812,278.50527954101562,286.75799560546875,235.7734375,-0.22529196739196777,0
10.824,-193116.21875,34.368370056152344,1181.1849365234375,301.49844360351562,310.46231079101562,235.7734375,-0.12353847175836563,0
10.828,-193868.578125,36.378807067871094,1323.4176025390625,327.79525756835938,337.57241821289062,235.7734375,-0.021260138601064682,0
10.832,-195125.578125,37.9644775390625,1441.301513671875,356.62054443359375,367.28921508789062,235.7734375,0.013087302446365356,0
10.836,-194443.078125,39.120872497558594,1530.4427490234375,387.09994506835938,398.71127319335938,398.71127319335938,-0.012604637071490288,0
10.84,-193158.171875,39.845325469970703,1587.6500244140625,418.31167602539062,430.88827514648438,398.71127319335938,-0.030972843989729881,0
10.844,-193615.34375,40.135303497314453,1610.842529296875,449.33587646484375,462.87200927734375,398.71127319335938,0.0092140063643455505,0
10.848,-194940.203125,39.986961364746094,1598.95703125,479.29898071289062,493.76181030273438,398.71127319335938,0.10265938192605972,0
10.852,-194586.453125,39.394062042236328,1551.8922119140625,507.41122436523438,522.74346923828125,398.71127319335938,0.18106774985790253,0
10.856,-193210.71875,38.347373962402344,1470.5211181640625,532.99835205078125,549.1219482421875,398.71127319335938,0.13757486641407013,0
10.86,-193371.71875,36.834739685058594,1356.7982177734375,555.52508544921875,572.34539794921875,398.71127319335938,-0.06811802089214325,0
10.864,-194700,34.841766357421875,1213.9488525390625,574.61212158203125,592.02276611328125,398.71127319335938,-0.33035707473754883,0
10.868,-194744.75,32.353118896484375,1046.7242431640625,590.04754638671875,607.935546875,398.71127319335938,-0.48280224204063416,0
10.872,-193442.328125,29.354263305664062,861.6727294921875,601.79278564453125,620.04412841796875,628.49267578125,-0.43882197141647339,0
10.876,-193259.046875,25.833419799804688,667.3656005859375,609.98797607421875,628.49267578125,628.49267578125,-0.2311118096113205,0
10.88,-194530.546875,21.783651351928711,474.52749633789062,614.9564208984375,633.61474609375,628.49267578125,0.026470214128494263,0
10.884,-194859.703125,17.204854965209961,296.00701904296875,617.2109375,635.93914794921875,628.49267578125,0.19469535350799561,0
10.888,-193643.21875,12.105545043945312,146.54423522949219,617.45947265625,636.1951904296875,628.49267578125,0.18083012104034424,0
10.892,-193038.125,6.5045013427734375,42.30853271484375,616.61199951171875,635.32159423828125,628.49267578125,0.0057817362248897552,0
10.896,-194170.46875,0.43228459358215332,0.18686994910240173,615.78289794921875,634.466796875,628.49267578125,-0.21171458065509796,0
10.9,-194880.71875,-6.0671911239624023,36.810810089111328,616.2889404296875,634.98858642578125,628.49267578125,-0.34900754690170288,0
10.904,-193764.671875,-12.93513298034668,167.31767272949219,619.6351318359375,638.43829345703125,628.49267578125,-0.33683505654335022,0
10.908,-192876.671875,-20.096527099609375,403.870361328125,627.48553466796875,646.53143310546875,628.49267578125,-0.1718965470790863,0
10.912,-193790.84375,-27.459228515625,754.0091552734375,641.6121826171875,661.09503173828125,628.49267578125,0.077539071440696716,0
10.916,-194768.296875,-34.913749694824219,1218.9700927734375,663.81817626953125,683.9876708984375,683.9876708984375,0.30640140175819397,0
10.92,-193904.59375,-42.334007263183594,1792.1683349609375,695.83251953125,716.9921875,683.9876708984375,0.4304015040397644,0
10.924,-192794.578125,-49.578968048095703,2458.07373046875,739.18182373046875,761.68231201171875,683.9876708984375,0.42362800240516663,0
10.928,-193438.453125,-56.495288848876953,3191.718017578125,795.04327392578125,819.2713623046875,683.9876708984375,0.32494992017745972,0
10.932,-194659.578125,-62.920757293701172,3959.021484375,864.09344482421875,890.45703125,683.9876708984375,0.21083302795886993,0
10.936,-194084.875,-68.688522338867188,4718.11328125,946.36651611328125,975.27471923828125,683.9876708984375,0.14794251322746277,0
10.94,-192809.328125,-73.631919860839844,5421.6591796875,1041.1402587890625,1072.9794921875,683.9876708984375,0.15229344367980957,0
10.944,-193182.09375,-77.589645385742188,6020.15234375,1146.865234375,1181.974365234375,683.9876708984375,0.18812689185142517,0
10.948,-194504.5,-80.411399841308594,6465.99365234375,1261.157958984375,1299.8017578125,683.9876708984375,0.20286679267883301,0
10.952,-194175.921875,-81.963241577148438,6717.97265625,1380.8636474609375,1423.209716796875,1548.3017578125,0.17143508791923523,0
10.956,-192871.203125,-82.13299560546875,6745.82958984375,1502.2027587890625,1548.3017578125,1548.3017578125,0.12089823186397552,0
10.96,-192944.921875,-80.835006713867188,6534.29833984375,1620.99609375,1670.7691650390625,1548.3017578125,0.10361896455287933,0
10.964,-194243.703125,-78.014183044433594,6086.21337890625,1732.9609375,1786.1968994140625,1548.3017578125,0.15115845203399658,0
10.968,-194247.046875,-73.64910888671875,5424.19140625,1834.0543212890625,1890.416748046875,1548.3017578125,0.2580559253692627,0
10.972,-192942.328125,-67.754188537597656,4590.63037109375,1920.841552734375,1979.8880615234375,1548.3017578125,0.39398607611656189,0
10.976,-192718.046875,-60.380607604980469,3645.81787109375,1990.850341796875,2052.06201171875,1548.3017578125,0.51810598373413086,0
10.98,-194029.96875,-51.616477966308594,2664.260986328125,2042.877685546875,2105.698486328125,1548.3017578125,0.58166283369064331,0
10.984,-194333.5,-41.585681915283203,1729.368896484375,2077.210205078125,2141.093017578125,1548.3017578125,0.55956953763961792,0
10.988,-193033.328125,-30.445856094360352,926.9500732421875,2095.73193359375,2160.1875,1548.3017578125,0.49434512853622437,0
10.992,-192474.921875,-18.385467529296875,338.025390625,2101.895751953125,2166.542236328125,1548.3017578125,0.44719377160072327,0
10.996,-193624.703125,-5.620089054107666,31.585399627685547,2100.547607421875,2165.15185546875,2165.15185546875,0.4085337221622467,0
11,-194286.875,7.6121687889099121,57.945117950439453,2097.615234375,2162.12890625,2165.15185546875,0.31733599305152893,0
11.004,-193202.203125,21.056066513061523,443.35791015625,2099.674560546875,2164.251953125,2165.15185546875,0.15261980891227722,0
11.008,-192304.75,34.445396423339844,1186.4853515625,2113.430419921875,2178.43310546875,2165.15185546875,-0.024120455607771873,0
11.012,-193258.796875,47.509666442871094,2257.168701171875,2145.159423828125,2211.143798828125,2165.15185546875,-0.10804518312215805,0
11.016,-194257.46875,59.980846405029297,3597.701904296875,2200.1640625,2267.84912109375,2165.15185546875,-0.030999109148979187,0
11.02,-193334.21875,71.599952697753906,5126.55322265625,2282.29052734375,2352.515625,2165.15185546875,0.17485654354095459,0
11.024,-192371.21875,82.123291015625,6744.234375,2393.551513671875,2467.218017578125,2165.15185546875,0.37037548422813416,0
11.028,-193380.296875,91.328041076660156,8340.810546875,2533.899658203125,2611.906982421875,2165.15185546875,0.39697185158729553,0
11.032,-194648.296875,99.017250061035156,9804.4169921875,2701.16162109375,2784.341796875,2980.209716796875,0.20738336443901062,0
11.036,-194036.046875,105.02390289306641,11030.0205078125,2891.153564453125,2980.209716796875,2980.209716796875,-0.094702683389186859,0
11.04,-192771.09375,109.21372985839844,11927.638671875,3097.953125,3193.405029296875,2980.209716796875,-0.33419886231422424,0
11.044,-193145.796875,111.48674011230469,12429.2939453125,3314.32177734375,3416.465576171875,2980.209716796875,-0.37954863905906677,0
11.048,-194433.71875,111.77762603759766,12494.2373046875,3532.227783203125,3641.11083984375,2980.209716796875,-0.21944551169872284,0
11.052,-194156.125,110.05576324462891,12112.271484375,3743.43505859375,3858.850341796875,2980.209716796875,0.030231421813368797,0
11.056,-193911.828125,106.32576751708984,11305.1689453125,3940.128173828125,4061.62646484375,2980.209716796875,0.19851882755756378,0
11.06,-194194.953125,100.62876892089844,10126.1484375,4115.5146484375,4242.4375,2980.209716796875,0.19214610755443573,0
11.064,-194183.5,93.044151306152344,8657.2138671875,4264.38037109375,4395.90771484375,2980.209716796875,0.063496194779872894,0
11.068,-194161.578125,83.689865112304688,7003.99365234375,4383.52587890625,4518.7373046875,2980.209716796875,-0.072136387228965759,0
11.072,-194202.578125,72.7210693359375,5288.35400390625,4472.06005859375,4610.01025390625,2980.209716796875,-0.12792643904685974,0
11.076,-194178.75,60.326568603515625,3639.294921875,4531.49853515625,4671.28759765625,4671.28759765625,-0.074528418481349945,0
11.08,-194147.46875,46.725311279296875,2183.254638671875,4565.67333984375,4706.5185546875,4671.28759765625,0.026789883151650429,0
11.084,-194104.703125,32.163627624511719,1034.498779296875,4580.44287109375,4721.7451171875,4671.28759765625,0.060856293886899948,0
11.088,-194088.125,16.913356781005859,286.06167602539062,4583.23291015625,4724.62109375,4671.28759765625,-0.02469806931912899,0
11.092,-194120.203125,1.2696530818939209,1.6120189428329468,4582.41943359375,4723.78271484375,4671.28759765625,-0.17402169108390808,0
11.096,-194067.828125,-14.452145576477051,208.864501953125,4586.59228515625,4728.08447265625,4671.28759765625,-0.27579346299171448,0
11.1,-194024.375,-29.920970916748047,895.2645263671875,4603.76171875,4745.78515625,4671.28759765625,-0.25072464346885681,0
11.104,-194020.171875,-44.796043395996094,2006.685546875,4640.54931640625,4783.7099609375,4671.28759765625,-0.11020735651254654,0
11.108,-194072.671875,-58.734516143798828,3449.743408203125,4701.46630859375,4846.5107421875,4671.28759765625,0.082598567008972168,0
11.112,-194036.25,-71.4005126953125,5098.03369140625,4788.3466796875,4936.078125,4671.28759765625,0.27627080678939819,0
11.116,-193932.328125,-82.475181579589844,6802.1552734375,4900.0107421875,5051.19677734375,5051.19677734375,0.41447076201438904,0
11.12,-193982,-91.666786193847656,8402.7998046875,5032.22265625,5187.49755859375,5051.19677734375,0.41087445616722107,0
11.124,-194020.328125,-98.72064208984375,9745.765625,5177.9765625,5337.75927734375,5051.19677734375,0.2121175229549408,0
11.128,-193949,-103.42856597900391,10697.466796875,5328.09228515625,5492.51806640625,5051.19677734375,-0.11229234933853149,0
11.132,-193876.5,-105.63713073730469,11159.203125,5472.09619140625,5640.97509765625,5051.19677734375,-0.38169941306114197,0
11.136,-193858.84375,-105.25496673583984,11078.607421875,5599.30615234375,5772.11962890625,5051.19677734375,-0.4389345645904541,0
11.14,-193906,-102.25791168212891,10456.6796875,5700.00634765625,5875.93359375,5051.19677734375,-0.28985938429832458,0
11.144,-193903.96875,-96.692283630371094,9349.396484375,5766.59130859375,5944.578125,5051.19677734375,-0.098436355590820312,0
11.148,-193782.96875,-88.676132202148438,7863.4560546875,5794.54052734375,5973.39208984375,5051.19677734375,-0.031773339956998825,0
11.152,-193745.375,-78.398216247558594,6146.2802734375,5783.10693359375,5961.6044921875,5051.19677734375,-0.11665445566177368,0
11.156,-193823.75,-66.114707946777344,4371.15478515625,5735.6123046875,5912.640625,5912.640625,-0.24902050197124481,0
11.16,-193849.953125,-52.143402099609375,2718.934326171875,5659.30615234375,5833.97509765625,5912.640625,-0.31648582220077515,0
11.164,-193701.046875,-36.856231689453125,1358.3818359375,5564.7490234375,5736.49365234375,5912.640625,-0.27142825722694397,0
11.168,-193640.171875,-20.669887542724609,427.24429321289062,5464.81005859375,5633.4638671875,5912.640625,-0.1229601725935936,0
11.172,-193727.671875,-4.0348424911499023,16.279953002929688,5373.32275390625,5539.14697265625,5912.640625,0.068529285490512848,0
11.176,-193778.953125,12.577054977416992,158.18232727050781,5303.5703125,5467.2373046875,5912.640625,0.20986303687095642,0
11.18,-193673.671875,28.685968399047852,822.884765625,5266.7421875,5429.26953125,5912.640625,0.23147737979888916,0
11.184,-193551.796875,43.817798614501953,1919.9996337890625,5270.5546875,5433.20068359375,5702.52490234375,0.13435003161430359,0
11.188,-193643.703125,57.518085479736328,3308.330078125,5318.1826171875,5482.30078125,5702.52490234375,-0.0057437666691839695,0
11.192,-193796.078125,69.36578369140625,4811.61181640625,5407.65478515625,5574.54052734375,5702.52490234375,-0.10186557471752167,0
11.196,-193781.671875,78.9862060546875,6238.8203125,5531.79931640625,5702.52490234375,5702.52490234375,-0.12894241511821747,0
11.2,-193661.375,86.062606811523438,7406.7724609375,5678.77587890625,5854.046875,5702.52490234375,-0.11082963645458221,0
11.204,-193670.25,90.346107482910156,8162.41943359375,5833.15771484375,6013.203125,5702.52490234375,-0.073074974119663239,0
11.208,-193802,91.663780212402344,8402.248046875,5977.4716796875,6161.98046875,5702.52490234375,-0.018935248255729675,0
11.212,-193737.828125,89.92449951171875,8086.41552734375,6094.05712890625,6282.171875,5702.52490234375,0.06124480813741684,0
11.216,-193529.578125,85.122360229492188,7245.81640625,6167.01953125,6357.390625,5702.52490234375,0.15229940414428711,0
11.22,-193615.125,77.337890625,5981.14990234375,6184.11181640625,6375.01171875,5702.52490234375,0.22927875816822052,0
11.224,-193783.71875,66.737289428710938,4453.86572265625,6138.3037109375,6327.78759765625,5702.52490234375,0.28405928611755371,0
11.228,-193666.5,53.56982421875,2869.72607421875,6028.8818359375,6214.98046875,5702.52490234375,0.28884592652320862,0
11.232,-193506.453125,38.163017272949219,1456.415771484375,5861.921875,6042.85791015625,5702.52490234375,0.21021611988544464,0
11.236,-193516.84375,20.915441513061523,437.45571899414062,5650.07177734375,5824.45556640625,5824.45556640625,0.07991383969783783,0
11.24,-193658.96875,2.2871761322021484,5.2311744689941406,5411.62353515625,5578.6318359375,5824.45556640625,-0.024532418698072433,0
11.244,-193587.453125,-17.211751937866211,296.244384765625,5168.96240234375,5328.46630859375,5824.45556640625,-0.065307065844535828,0
11.248,-193390.671875,-37.034820556640625,1371.577880859375,4946.50927734375,5099.1328125,5824.45556640625,-0.075229324400424957,0
11.252,-193448.421875,-56.613872528076172,3205.13037109375,4768.36572265625,4915.4794921875,5824.45556640625,-0.12426487356424332,0
11.256,-193611.453125,-75.374717712402344,5681.34765625,4655.8896484375,4799.52490234375,5824.45556640625,-0.25591063499450684,0
11.26,-193571.421875,-92.753097534179688,8603.1376953125,4625.4287109375,4768.12255859375,5824.45556640625,-0.43733620643615723,0
11.264,-193426.96875,-108.21063232421875,11709.5419921875,4686.4755859375,4831.05712890625,5824.45556640625,-0.59255808591842651,0
11.268,-193414.671875,-121.25030517578125,14701.6376953125,4840.4287109375,4989.77197265625,5824.45556640625,-0.66740113496780396,0
11.272,-193549.578125,-131.43144226074219,17274.224609375,5080.14599609375,5236.90234375,5556.70947265625,-0.63695889711380005,0
11.276,-193563.625,-138.38322448730469,19149.916015625,5390.3583984375,5556.70947265625,5556.70947265625,-0.50896769762039185,0
11.28,-193379.828125,-141.8165283203125,20111.927734375,5748.93212890625,5926.37353515625,5556.70947265625,-0.32880592346191406,0
11.284,-193336.21875,-141.53349304199219,20031.73046875,6128.87646484375,6318.06884765625,5556.70947265625,-0.13541996479034424,0
11.288,-193441.71875,-137.43424987792969,18888.171875,6500.91943359375,6701.6171875,5556.70947265625,0.058973539620637894,0
11.292,-193490.5,-129.52108764648438,16775.712890625,6836.40087890625,7047.47509765625,5556.70947265625,0.22350272536277771,0
11.296,-193357.09375,-117.899169921875,13900.2138671875,7110.22802734375,7329.77099609375,5556.70947265625,0.29832282662391663,0
11.3,-193247.25,-102.77439117431641,10562.5751953125,7303.57421875,7529.0966796875,5556.70947265625,0.26277875900268555,0
11.304,-193341,-84.448402404785156,7131.53271484375,7406.0703125,7634.76318359375,5556.70947265625,0.17458240687847137,0
11.308,-193461.96875,-63.311149597167969,4008.302001953125,7417.2421875,7646.2802734375,5556.70947265625,0.11966124922037125,0
11.312,-193336.46875,-39.831005096435547,1586.5087890625,7347.01171875,7573.87744140625,5556.70947265625,0.15222124755382538,0
11.316,-193168.296875,-14.542759895324707,211.49186706542969,7215.1982421875,7437.9873046875,7437.9873046875,0.26779192686080933,0
11.32,-193255.421875,11.965919494628906,143.1832275390625,7050.00634765625,7267.6865234375,7437.9873046875,0.38750061392784119,0
11.324,-193372.046875,39.069488525390625,1526.4248046875,6885.61962890625,7098.21630859375,7437.9873046875,0.40134972333908081,0
11.328,-193286.34375,66.120445251464844,4371.9130859375,6759.1083984375,6967.7919921875,7437.9873046875,0.27440062165260315,0
11.332,-193124.21875,92.465919494628906,8549.9453125,6706.92333984375,6913.9921875,7437.9873046875,0.091856800019741058,0
11.336,-193164.671875,117.46456146240234,13797.921875,6761.31005859375,6970.0615234375,7437.9873046875,-0.032978348433971405,0
11.34,-193289.171875,140.50289916992188,19741.0625,6946.99755859375,7161.4912109375,7437.9873046875,-0.078643426299095154,0
11.344,-193257.875,161.01115417480469,25924.58984375,7278.50146484375,7503.24853515625,7437.9873046875,-0.099862620234489441,0
11.348,-193083.71875,178.4774169921875,31854.1875,7758.3154296875,7997.9013671875,7437.9873046875,-0.13804765045642853,0
11.352,-193086.046875,192.46086120605469,37041.1796875,8376.2138671875,8634.9111328125,7437.9873046875,-0.20553465187549591,0
11.356,-193234.25,202.6024169921875,41047.73828125,9109.7451171875,9391.1298828125,9391.1298828125,-0.29842108488082886,0
11.36,-193213.75,208.63346862792969,43527.92578125,9925.9248046875,10232.5517578125,9391.1298828125,-0.3821873664855957,0
11.364,-193039.078125,210.38204956054688,44260.60546875,10783.96875,11117.1328125,9391.1298828125,-0.4026646614074707,0
11.368,-193018.453125,207.77682495117188,43171.2109375,11638.8486328125,11998.451171875,9391.1298828125,-0.33528965711593628,0
11.372,-193156.546875,200.84819030761719,40339.9921875,12445.3232421875,12829.8701171875,9391.1298828125,-0.21759636700153351,0
11.376,-193183.796875,189.7269287109375,35996.3046875,13162.0859375,13568.7998046875,9391.1298828125,-0.11377064138650894,0
11.38,-193049,174.6405029296875,30499.306640625,13755.6142578125,14180.6845703125,9391.1298828125,-0.055024318397045135,0
11.384,-192956.171875,155.90681457519531,24306.93359375,14203.3515625,14642.2705078125,9391.1298828125,-0.038100969046354294,0
11.388,-193059.203125,133.9259033203125,17936.150390625,14495.9091796875,14943.875,9391.1298828125,-0.048675846308469772,0
11.392,-193149.296875,109.16965484619141,11918.013671875,14638.037109375,15090.3984375,9391.1298828125,-0.056906074285507202,0
11.396,-193010.828125,82.1695556640625,6751.8359375,14648.296875,15100.974609375,15100.974609375,-0.0256393663585186,0
11.4,-192888.328125,53.503715515136719,2862.647705078125,14557.4140625,15007.28125,15100.974609375,0.047884225845336914,0
11.404,-193007.875,23.782587051391602,565.61151123046875,14405.4794921875,14850.6484375,15100.974609375,0.12301294505596161,0
11.408,-193113.203125,-6.365720272064209,40.522392272949219,14238.2451171875,14678.2421875,15100.974609375,0.16190898418426514,0
11.412,-193007.203125,-36.310264587402344,1318.435302734375,14102.8857421875,14538.6953125,15100.974609375,0.15395624935626984,0
11.416,-192866.96875,-65.431991577148438,4281.34619140625,14043.59375,14477.5703125,15100.974609375,0.10040007531642914,0
11.42,-192928.703125,-93.137840270996094,8674.65625,14097.4658203125,14533.107421875,15100.974609375,0.0068838074803352356,0
11.424,-193052.34375,-118.87406158447266,14131.0439453125,14291.0078125,14732.6376953125,15100.974609375,-0.1165793389081955,0
11.428,-192984.25,-142.13850402832031,20203.353515625,14637.6826171875,15090.0341796875,15100.974609375,-0.25345659255981445,0
11.432,-192804.09375,-162.49128723144531,26403.41796875,15136.6220703125,15604.4033203125,15100.974609375,-0.37473955750465393,0
11.436,-192844.125,-179.56343078613281,32243.025390625,15772.732421875,16260.1875,16260.1875,-0.4496271014213562,0
11.44,-193004.96875,-193.06393432617188,37273.6796875,16518.103515625,17028.609375,16260.1875,-0.45811024308204651,0
11.444,-192933.328125,-202.78446960449219,41121.54296875,17334.60546875,17870.365234375,16260.1875,-0.38431805372238159,0
11.448,-192759.203125,-208.60200500488281,43514.80078125,18177.474609375,18739.302734375,16260.1875,-0.22452852129936218,0
11.452,-192761.875,-210.47941589355469,44301.5859375,18999.400390625,19586.650390625,16260.1875,-0.0044303638860583305,0
11.456,-192901.25,-208.4639892578125,43457.23828125,19754.91796875,20365.53125,16260.1875,0.23013806343078613,0
11.46,-192903,-202.68417358398438,41080.875,20404.474609375,21035.177734375,16260.1875,0.4289972186088562,0
11.464,-192706.046875,-193.3443603515625,37382.04296875,20917.921875,21564.505859375,16260.1875,0.5569499135017395,0
11.468,-192679.921875,-180.71821594238281,32659.07421875,21277.072265625,21934.76171875,16260.1875,0.60948467254638672,0
11.472,-192841.34375,-165.1402587890625,27271.306640625,21477.01171875,22140.88671875,16260.1875,0.59978657960891724,0
11.476,-192864.84375,-146.99674987792969,21608.04296875,21526.177734375,22191.572265625,22191.572265625,0.54884511232376099,0
11.48,-192688.953125,-126.71529388427734,16056.765625,21445.07421875,22107.962890625,22191.572265625,0.48413962125778198,0
11.484,-192623.328125,-104.75412750244141,10973.4267578125,21263.90625,21921.1875,22191.572265625,0.41570043563842773,0
11.488,-192771.421875,-81.590965270996094,6657.0849609375,21019.287109375,21669.005859375,22191.572265625,0.32328280806541443,0
11.492,-192845.171875,-57.711883544921875,3330.66162109375,20750.384765625,21391.787109375,22191.572265625,0.18910248577594757,0
11.496,-192675.421875,-33.600383758544922,1128.9859619140625,20494.962890625,21128.46484375,22191.572265625,0.031780146062374115,0
11.5,-192574.546875,-9.7269649505615234,94.613853454589844,20285.603515625,20912.630859375,22191.572265625,-0.09771399199962616,0
11.504,-192678.203125,13.460723876953125,181.19108581542969,20146.59375,20769.322265625,22191.572265625,-0.14594221115112305,0
11.508,-192805,35.54681396484375,1263.575927734375,20091.69921875,20712.728515625,20856.515625,-0.091892719268798828,0
11.512,-192651.96875,56.155109405517578,3153.39599609375,20123.037109375,20745.037109375,20856.515625,0.025352906435728073,0
11.516,-192525.09375,74.955734252929688,5618.3623046875,20231.171875,20856.515625,20856.515625,0.10761617124080658,0
11.52,-192621.078125,91.670639038085938,8403.505859375,20396.380859375,21026.833984375,20856.515625,0.07176440954208374,0
11.524,-192787.421875,106.07749176025391,11252.4345703125,20590.90234375,21227.37109375,20856.515625,-0.056380104273557663,0
11.528,-192655.453125,118.01220703125,13926.880859375,20782,21424.380859375,20856.515625,-0.17337639629840851,0
11.532,-192478.375,127.36995697021484,16223.1064453125,20935.46484375,21582.58984375,20856.515625,-0.22085174918174744,0
11.536,-192548.296875,134.10453796386719,17984.02734375,21019.18359375,21668.900390625,20856.515625,-0.21104566752910614,0
11.54,-192712.828125,138.22648620605469,19106.55859375,21006.49609375,21655.818359375,20856.515625,-0.1478378027677536,0
11.544,-192642.921875,139.79989624023438,19544.01171875,20878.884765625,21524.26171875,20856.515625,-0.015362312085926533,0
11.548,-192448.578125,138.93818664550781,19303.822265625,20627.875,21265.490234375,20856.515625,0.14753890037536621,0
11.552,-192470.421875,135.79887390136719,18441.333984375,20255.880859375,20881.990234375,20856.515625,0.2443213164806366,0
11.556,-192634.84375,130.5777587890625,17050.552734375,19775.9375,20387.19921875,20387.19921875,0.21734857559204102,0
11.56,-192609.828125,123.50247955322266,15252.8623046875,19210.43359375,19804.208984375,20387.19921875,0.096738621592521667,0
11.564,-192386,114.82542419433594,13184.8779296875,18588.91796875,19163.46875,20387.19921875,-0.047276239842176437,0
11.568,-192389.96875,104.81673431396484,10986.546875,17945.228515625,18499.87109375,20387.19921875,-0.15011902153491974,0
11.572,-192546.546875,93.756797790527344,8790.3359375,17314.234375,17849.365234375,20387.19921875,-0.17256979644298553,0
11.576,-192589.421875,81.929344177246094,6712.4169921875,16728.556640625,17245.572265625,20387.19921875,-0.12796585261821747,0
11.58,-192394.25,69.614501953125,4846.1787109375,16215.4951171875,16716.640625,20387.19921875,-0.080923713743686676,0
11.584,-192327.09375,57.082572937011719,3258.419921875,15794.5234375,16282.6533203125,20387.19921875,-0.080757416784763336,0
11.588,-192477.578125,44.58807373046875,1988.0963134765625,15475.5625,15953.826171875,20387.19921875,-0.1008668914437294,0
11.592,-192558.046875,32.364707946777344,1047.474365234375,15258.1533203125,15729.693359375,15599.2470703125,-0.07972264289855957,0
11.596,-192331.921875,20.620965957641602,425.22427368164062,15131.6201171875,15599.2470703125,15599.2470703125,0.0030045744497328997,0
11.6,-192245.546875,9.5366106033325195,90.946945190429688,15076.185546875,15542.0986328125,15599.2470703125,0.12644572556018829,0
11.604,-192403.453125,-0.73976582288742065,0.54725348949432373,15064.8857421875,15530.4501953125,15599.2470703125,0.26510000228881836,0
11.608,-192526.671875,-10.09211254119873,101.85074615478516,15066.1123046875,15531.7138671875,15599.2470703125,0.38882535696029663,0
11.612,-192355.125,-18.437206268310547,339.93057250976562,15046.5419921875,15511.537109375,15599.2470703125,0.45723533630371094,0
11.616,-192183.34375,-25.724020004272461,661.72528076171875,14974.1484375,15436.904296875,15599.2470703125,0.4642147421836853,0
11.62,-192317.34375,-31.932308197021484,1019.6722412109375,14821.0498046875,15279.0703125,15599.2470703125,0.46131914854049683,0
11.624,-192474.84375,-37.070484161376953,1374.220703125,14565.912109375,15016.0439453125,15599.2470703125,0.47584480047225952,0
11.628,-192370.578125,-41.172904968261719,1695.2080078125,14195.748046875,14634.4296875,15599.2470703125,0.4470674991607666,0
11.632,-192188.59375,-44.296680450439453,1962.1959228515625,13706.9248046875,14130.4892578125,15599.2470703125,0.30589288473129272,0
11.636,-192282.421875,-46.517906188964844,2163.91552734375,13105.341796875,13510.3017578125,13510.3017578125,0.070050038397312164,0
11.64,-192464.375,-47.927734375,2297.067626953125,12405.810546875,12789.1357421875,13510.3017578125,-0.18151848018169403,0
11.644,-192423.75,-48.628063201904297,2364.688720703125,11630.6748046875,11990.0263671875,13510.3017578125,-0.3646906316280365,0
11.648,-192222.5,-48.727405548095703,2374.360107421875,10807.8642578125,11141.7685546875,13510.3017578125,-0.40545263886451721,0
11.652,-192261.25,-48.336872100830078,2336.453125,9968.560546875,10276.505859375,13510.3017578125,-0.29630374908447266,0
11.656,-192450.203125,-47.566364288330078,2262.559326171875,9144.6689453125,9427.1328125,13510.3017578125,-0.13538937270641327,0
11.66,-192422.34375,-46.520954132080078,2164.19921875,8366.333984375,8624.724609375,13510.3017578125,-0.028986915946006775,0
11.664,-192230.171875,-45.297721862792969,2051.883544921875,7659.73193359375,7896.26953125,13510.3017578125,-0.0025023259222507477,0
11.668,-192224,-43.982891082763672,1934.4947509765625,7045.24072265625,7262.7734375,13510.3017578125,-0.038005083799362183,0
11.672,-192408.96875,-42.649406433105469,1818.9720458984375,6536.19384765625,6737.98291015625,6327.7177734375,-0.12119486182928085,0
11.676,-192425.34375,-41.354949951171875,1710.2320556640625,6138.2373046875,6327.7177734375,6327.7177734375,-0.23241901397705078,0
11.68,-192235.296875,-40.140533447265625,1611.262451171875,5849.3271484375,6029.87353515625,6327.7177734375,-0.32601922750473022,0
11.684,-192161.375,-39.029766082763672,1523.3226318359375,5660.32568359375,5835.0263671875,6327.7177734375,-0.35462155938148499,0
11.688,-192348.921875,-38.02886962890625,1446.1949462890625,5556.10693359375,5727.58447265625,6327.7177734375,-0.31126236915588379,0
11.692,-192393.453125,-37.127307891845703,1378.4371337890625,5517.0625,5687.33203125,6327.7177734375,-0.21174542605876923,0
11.696,-192186.703125,-36.299022674560547,1317.618896484375,5520.8349609375,5691.22119140625,6327.7177734375,-0.071213386952877045,0
11.7,-192087.34375,-35.504356384277344,1260.559326171875,5544.15478515625,5715.26171875,6327.7177734375,0.081962607800960541,0
11.704,-192271.203125,-34.692314147949219,1203.556640625,5564.6015625,5736.34130859375,6327.7177734375,0.20058874785900116,0
11.708,-192396.09375,-33.803245544433594,1142.6595458984375,5562.1826171875,5733.84765625,6327.7177734375,0.22799988090991974,0
11.712,-192211,-32.771808624267578,1073.9915771484375,5520.59521484375,5690.97412109375,6327.7177734375,0.14941947162151337,0
11.716,-192068.59375,-31.530172348022461,994.1517333984375,5428.11083984375,5595.62890625,5595.62890625,0.033466778695583344,0
11.72,-192238,-30.011480331420898,900.68896484375,5278.0546875,5440.93212890625,5595.62890625,-0.035261232405900955,0
11.724,-192382.328125,-28.153335571289062,792.6102294921875,5068.85791015625,5225.265625,5595.62890625,-0.033981543034315109,0
11.728,-192264.96875,-25.90130615234375,670.87774658203125,4803.73828125,4951.94677734375,5595.62890625,0.00011648379586404189,0
11.732,-192104.34375,-23.212142944335938,538.8035888671875,4490.05224609375,4628.55859375,5595.62890625,0.0043835071846842766,0
11.736,-192187.21875,-20.05657958984375,402.266357421875,4138.4169921875,4266.04833984375,5595.62890625,-0.060751140117645264,0
11.74,-192343.828125,-16.421594619750977,269.66879272460938,3761.678955078125,3877.658203125,5595.62890625,-0.17423772811889648,0
11.744,-192258.203125,-12.31195068359375,151.58415222167969,3373.830078125,3477.81396484375,5595.62890625,-0.26954859495162964,0
11.748,-192068.546875,-7.7510557174682617,60.078868865966797,2988.955810546875,3081.03662109375,5595.62890625,-0.28735223412513733,0
11.752,-192140.453125,-2.7810084819793701,7.7340078353881836,2620.283203125,2700.962158203125,2349.537841796875,-0.2143864631652832,0
11.756,-192318.46875,2.5381500720977783,6.4422059059143066,2279.401611328125,2349.537841796875,2349.537841796875,-0.095215260982513428,0
11.76,-192249.296875,8.1299409866333008,66.095932006835938,1975.666015625,2036.407958984375,2349.537841796875,-0.013382567092776299,0
11.764,-192065.296875,13.903552055358887,193.30876159667969,1715.8345947265625,1768.5406494140625,2349.537841796875,-0.012715151533484459,0
11.768,-192072.46875,19.756378173828125,390.314453125,1503.909912109375,1550.0615234375,2349.537841796875,-0.044194202870130539,0
11.772,-192221.921875,25.576900482177734,654.17791748046875,1341.1868896484375,1382.3060302734375,2349.537841796875,-0.034888576716184616,0
11.776,-192238.09375,31.247797012329102,976.4248046875,1226.466796875,1264.037841796875,2349.537841796875,0.029435839504003525,0
11.78,-192046.078125,36.649314880371094,1343.1722412109375,1156.4068603515625,1191.8111572265625,2349.537841796875,0.098905228078365326,0
11.784,-192018.125,41.662738800048828,1735.7838134765625,1125.9541015625,1160.4166259765625,2349.537841796875,0.09563378244638443,0
11.788,-192193.078125,46.173858642578125,2132.02490234375,1128.8326416015625,1163.3841552734375,2349.537841796875,-0.016287758946418762,0
11.792,-192245.546875,50.076396942138672,2507.645751953125,1158.0361328125,1193.4908447265625,2349.537841796875,-0.18882223963737488,0
11.796,0,53.27752685546875,2838.494873046875,1206.301513671875,1243.248779296875,1243.248779296875,-2.7143459320068359,0
