Time, Ch01, Ch02, Ch03, Ch04, Ch05, Ch06, Ch07, Ch08
0,199999.96875,199999.96875,199999.96875,199999.96875,199999.96875,199999.96875,199999.96875,199999.96875
0.004,199999.96875,199999.96875,199999.96875,199999.96875,199999.96875,199999.96875,199999.96875,199999.96875
0.008,199999.96875,199999.96875,199999.96875,199999.96875,199999.96875,199999.96875,199999.96875,199999.96875
0.012,199999.96875,199999.96875,199999.96875,199999.96875,199999.96875,199999.96875,199999.96875,199999.96875
0.016,199999.96875,199999.96875,199999.96875,199999.96875,199999.96875,199999.96875,199999.96875,199999.96875
0.02,199999.96875,199999.96875,199999.96875,199999.96875,199999.96875,199999.96875,199999.96875,199999.96875
0.024,199999.96875,199999.96875,199999.96875,199999.96875,199999.96875,199999.96875,199999.96875,199999.96875
0.028,199999.96875,199999.96875,199999.96875,199999.96875,199999.96875,199999.96875,199999.96875,199999.96875
0.032,199999.96875,199999.96875,199999.96875,199999.96875,199999.96875,199999.96875,199999.96875,199999.96875
0.036,199999.96875,199999.96875,199999.96875,199999.96875,199999.96875,199999.96875,199999.96875,199999.96875
0.04,199999.96875,199999.96875,199999.96875,199999.96875,199999.96875,199999.96875,199999.96875,199999.96875
0.044,199999.96875,199999.96875,199999.96875,199999.96875,199999.96875,199999.96875,199999.96875,199999.96875
0.048,199999.96875,199999.96875,199999.96875,199999.96875,199999.96875,199999.96875,199999.96875,199999.96875
0.052,199999.96875,199999.96875,199999.96875,199999.96875,199999.96875,199999.96875,199999.96875,199999.96875
0.056,199999.96875,199999.96875,199999.96875,199999.96875,199999.96875,199999.96875,199999.96875,199999.96875
0.06,199999.96875,199999.96875,199999.96875,199999.96875,199999.96875,199999.96875,199999.96875,199999.96875
0.064,199999.96875,199999.96875,199999.96875,199999.96875,199999.96875,199999.96875,199999.96875,199999.96875
0.068,199999.96875,199999.96875,199999.96875,199999.96875,199999.96875,199999.96875,199999.96875,199999.96875
0.072,199999.96875,199999.96875,199999.96875,199999.96875,199999.96875,199999.96875,199999.96875,199999.96875
0.076,199999.96875,199999.96875,199999.96875,199999.96875,199999.96875,199999.96875,199999.96875,199999.96875
0.08,199999.96875,199999.96875,199999.96875,199999.96875,199999.96875,199999.96875,199999.96875,199999.96875
0.084,199999.96875,199999.96875,199999.96875,199999.96875,199999.96875,199999.96875,199999.96875,199999.96875
0.088,199999.96875,199999.96875,199999.96875,199999.96875,199999.96875,199999.96875,199999.96875,199999.96875
0.092,199999.96875,199999.96875,199999.96875,199999.96875,199999.96875,199999.96875,199999.96875,199999.96875
0.096,199999.96875,199999.96875,199999.96875,199999.96875,199999.96875,199999.96875,199999.96875,199999.96875
0.1,199999.96875,199999.96875,199999.96875,199999.96875,199999.96875,199999.96875,199999.96875,199999.96875
0.104,199999.96875,199999.96875,199999.96875,199999.96875,199999.96875,199999.96875,199999.96875,199999.96875
0.108,199999.96875,199999.96875,199999.96875,199999.96875,199999.96875,199999.96875,199999.96875,199999.96875
0.112,199999.96875,199999.96875,199999.96875,199999.96875,199999.96875,199999.96875,199999.96875,199999.96875
0.116,199999.96875,199999.96875,199999.96875,199999.96875,199999.96875,199999.96875,199999.96875,199999.96875
0.12,199999.96875,199999.96875,199999.96875,199999.96875,199999.96875,199999.96875,199999.96875,199999.96875
0.124,199999.96875,199999.96875,199999.96875,199999.96875,199999.96875,199999.96875,199999.96875,199999.96875
0.128,199999.96875,199999.96875,199999.96875,199999.96875,199999.96875,199999.96875,199999.96875,199999.96875
0.132,199999.96875,199999.96875,199999.96875,199999.96875,199999.96875,199999.96875,199999.96875,199999.96875
0.136,199999.96875,199999.96875,199999.96875,199999.96875,199999.96875,199999.96875,199999.96875,199999.96875
0.14,199999.96875,199999.96875,199999.96875,199999.96875,199999.96875,199999.96875,199999.96875,199999.96875
0.144,199999.96875,199999.96875,199999.96875,199999.96875,199999.96875,199999.96875,199999.96875,199999.96875
0.148,199999.96875,199999.96875,199999.96875,199999.96875,199999.96875,199999.96875,199999.96875,199999.96875
0.152,199999.96875,199999.96875,199999.96875,199999.96875,199999.96875,199999.96875,199999.96875,199999.96875
0.156,199999.96875,199999.96875,199999.96875,199999.96875,199999.96875,199999.96875,199999.96875,199999.96875
0.16,199999.96875,199999.96875,199999.96875,199999.96875,199999.96875,199999.96875,199999.96875,199999.96875
0.164,199999.96875,199999.96875,199999.96875,199999.96875,199999.96875,199999.96875,199999.96875,199999.96875
0.168,199999.96875,199999.96875,199999.96875,199999.96875,199999.96875,199999.96875,199999.96875,199999.96875
0.172,199999.96875,199999.96875,199999.96875,199999.96875,199999.96875,199999.96875,199999.96875,199999.96875
0.176,199999.96875,199999.96875,199999.96875,199999.96875,199999.96875,199999.96875,199999.96875,199999.96875
0.18,199999.96875,199999.96875,199999.96875,199999.96875,199999.96875,199999.96875,199999.96875,199999.96875
0.184,199999.96875,199999.96875,199999.96875,199999.96875,199999.96875,199999.96875,199999.96875,199999.96875
0.188,199999.96875,199999.96875,199999.96875,199999.96875,199999.96875,199999.96875,199999.96875,199999.96875
0.192,199999.96875,199999.96875,199999.96875,199999.96875,199999.96875,199999.96875,199999.96875,199999.96875
0.196,199999.96875,199999.96875,199999.96875,199999.96875,199999.96875,199999.96875,199999.96875,199999.96875
0.2,199999.96875,199999.96875,199999.96875,199999.96875,199999.96875,199999.96875,199999.96875,199999.96875
0.204,199999.96875,199999.96875,199999.96875,199999.96875,199999.96875,199999.96875,199999.96875,199999.96875
0.208,199999.96875,199999.96875,199999.96875,199999.96875,199999.96875,199999.96875,199999.96875,199999.96875
0.212,199999.96875,199999.96875,199999.96875,199999.96875,199999.96875,199999.96875,199999.96875,199999.96875
0.216,199999.96875,199999.96875,199999.96875,199999.96875,199999.96875,199999.96875,199999.96875,199999.96875
0.22,199999.96875,199999.96875,199999.96875,199999.96875,199999.96875,199999.96875,199999.96875,199999.96875
0.224,199999.96875,199999.96875,199999.96875,199999.96875,199999.96875,199999.96875,199999.96875,199999.96875
0.228,199999.96875,199999.96875,199999.96875,199999.96875,199999.96875,199999.96875,199999.96875,199999.96875
0.232,199999.96875,199999.96875,199999.96875,199999.96875,199999.96875,199999.96875,199999.96875,199999.96875
0.236,199999.96875,199999.96875,199999.96875,199999.96875,199999.96875,199999.96875,199999.96875,199999.96875
0.24,199999.96875,199999.96875,199999.96875,199999.96875,199999.96875,199999.96875,199999.96875,199999.96875
0.244,199999.96875,199999.96875,199999.96875,199999.96875,199999.96875,199999.96875,199999.96875,199999.96875
0.248,199999.96875,199999.96875,199999.96875,199999.96875,199999.96875,199999.96875,199999.96875,199999.96875
0.252,199999.96875,199999.96875,199999.96875,199999.96875,199999.96875,199999.96875,199999.96875,199999.96875
0.256,199999.96875,199999.96875,199999.96875,199999.96875,199999.96875,199999.96875,199999.96875,199999.96875
0.26,199999.96875,199999.96875,199999.96875,199999.96875,199999.96875,199999.96875,199999.96875,199999.96875
0.264,199999.96875,199999.96875,199999.96875,199999.96875,199999.96875,199999.96875,199999.96875,199999.96875
0.268,199999.96875,199999.96875,199999.96875,199999.96875,199999.96875,199999.96875,199999.96875,199999.96875
0.272,199999.96875,199999.96875,199999.96875,199999.96875,199999.96875,199999.96875,199999.96875,199999.96875
0.276,199999.96875,199999.96875,199999.96875,199999.96875,199999.96875,199999.96875,199999.96875,199999.96875
0.28,199999.96875,199999.96875,199999.96875,199999.96875,199999.96875,199999.96875,199999.96875,199999.96875
0.284,199999.96875,199999.96875,199999.96875,199999.96875,199999.96875,199999.96875,199999.96875,199999.96875
0.288,199999.96875,199999.96875,199999.96875,199999.96875,199999.96875,199999.96875,199999.96875,199999.96875
0.292,199999.96875,199999.96875,199999.96875,199999.96875,199999.96875,199999.96875,199999.96875,199999.96875
0.296,199999.96875,199999.96875,199999.96875,199999.96875,199999.96875,199999.96875,199999.96875,199999.96875
0.3,199999.96875,199999.96875,199999.96875,199999.96875,199999.96875,199999.96875,199999.96875,199999.96875
0.304,199999.96875,199999.96875,199999.96875,199999.96875,199999.96875,199999.96875,199999.96875,199999.96875
0.308,199999.96875,199999.96875,199999.96875,199999.96875,199999.96875,199999.96875,199999.96875,199999.96875
0.312,199999.96875,199999.96875,199999.96875,199999.96875,199999.96875,199999.96875,199999.96875,199999.96875
0.316,199999.96875,199999.96875,199999.96875,199999.96875,199999.96875,199999.96875,199999.96875,199999.96875
0.32,199999.96875,199999.96875,199999.96875,199999.96875,199999.96875,199999.96875,199999.96875,199999.96875
0.324,199999.96875,199999.96875,199999.96875,199999.96875,199999.96875,199999.96875,199999.96875,199999.96875
0.328,199999.96875,199999.96875,199999.96875,199999.96875,199999.96875,199999.96875,199999.96875,199999.96875
0.332,199999.96875,199999.96875,199999.96875,199999.96875,199999.96875,199999.96875,199999.96875,199999.96875
0.336,199999.96875,199999.96875,199999.96875,199999.96875,199999.96875,199999.96875,199999.96875,199999.96875
0.34,199999.96875,199999.96875,199999.96875,199999.96875,199999.96875,199999.96875,199999.96875,199999.96875
0.344,199999.96875,199999.96875,199999.96875,199999.96875,199999.96875,199999.96875,199999.96875,199999.96875
0.348,199999.96875,199999.96875,199999.96875,199999.96875,199999.96875,199999.96875,199999.96875,199999.96875
0.352,199999.96875,199999.96875,199999.96875,199999.96875,199999.96875,199999.96875,199999.96875,199999.96875
0.356,199999.96875,199999.96875,199999.96875,199999.96875,199999.96875,199999.96875,199999.96875,199999.96875
0.36,199999.96875,199999.96875,199999.96875,199999.96875,199999.96875,199999.96875,199999.96875,199999.96875
0.364,199999.96875,199999.96875,199999.96875,199999.96875,199999.96875,199999.96875,199999.96875,199999.96875
0.368,199999.96875,199999.96875,199999.96875,199999.96875,199999.96875,199999.96875,199999.96875,199999.96875
0.372,199999.96875,199999.96875,199999.96875,199999.96875,199999.96875,199999.96875,199999.96875,199999.96875
0.376,199999.96875,199999.96875,199999.96875,199999.96875,199999.96875,199999.96875,199999.96875,199999.96875
0.38,199999.96875,199999.96875,199999.96875,199999.96875,199999.96875,199999.96875,199999.96875,199999.96875
0.384,199999.96875,199999.96875,199999.96875,199999.96875,199999.96875,199999.96875,199999.96875,199999.96875
0.388,199999.96875,199999.96875,199999.96875,199999.96875,199999.96875,199999.96875,199999.96875,199999.96875
0.392,199999.96875,199999.96875,199999.96875,199999.96875,199999.96875,199999.96875,199999.96875,199999.96875
0.396,199999.96875,199999.96875,199999.96875,199999.96875,199999.96875,199999.96875,199999.96875,199999.96875
0.4,199999.96875,199999.96875,199999.96875,199999.96875,199999.96875,199999.96875,199999.96875,199999.96875
0.404,199999.96875,199999.96875,199999.96875,199999.96875,199999.96875,199999.96875,199999.96875,199999.96875
0.408,199999.96875,199999.96875,199999.96875,199999.96875,199999.96875,199999.96875,199999.96875,199999.96875
0.412,199999.96875,199999.96875,199999.96875,199999.96875,199999.96875,199999.96875,199999.96875,199999.96875
0.416,199999.96875,199999.96875,199999.96875,199999.96875,199999.96875,199999.96875,199999.96875,199999.96875
0.42,199999.96875,199999.96875,199999.96875,199999.96875,199999.96875,199999.96875,199999.96875,199999.96875
0.424,199999.96875,199999.96875,199999.96875,199999.96875,199999.96875,199999.96875,199999.96875,199999.96875
0.428,199999.96875,199999.96875,199999.96875,199999.96875,199999.96875,199999.96875,199999.96875,199999.96875
0.432,199999.96875,199999.96875,199999.96875,199999.96875,199999.96875,199999.96875,199999.96875,199999.96875
0.436,199999.96875,199999.96875,199999.96875,199999.96875,199999.96875,199999.96875,199999.96875,199999.96875
0.44,199999.96875,199999.96875,199999.96875,199999.96875,199999.96875,199999.96875,199999.96875,199999.96875
0.444,199999.96875,199999.96875,199999.96875,199999.96875,199999.96875,199999.96875,199999.96875,199999.96875
0.448,199999.96875,199999.96875,199999.96875,199999.96875,199999.96875,199999.96875,199999.96875,199999.96875
0.452,199999.96875,199999.96875,199999.96875,199999.96875,199999.96875,199999.96875,199999.96875,199999.96875
0.456,199999.96875,199999.96875,199999.96875,199999.96875,199999.96875,199999.96875,199999.96875,199999.96875
0.46,199999.96875,199999.96875,199999.96875,199999.96875,199999.96875,199999.96875,199999.96875,199999.96875
0.464,199999.96875,199999.96875,199999.96875,199999.96875,199999.96875,199999.96875,199999.96875,199999.96875
0.468,199999.96875,199999.96875,199999.96875,199999.96875,199999.96875,199999.96875,199999.96875,199999.96875
0.472,199999.96875,199999.96875,199999.96875,199999.96875,199999.96875,199999.96875,199999.96875,199999.96875
0.476,199999.96875,199999.96875,199999.96875,199999.96875,199999.96875,199999.96875,199999.96875,199999.96875
0.48,199999.96875,199999.96875,199999.96875,199999.96875,199999.96875,199999.96875,199999.96875,199999.96875
0.484,199999.96875,199999.96875,199999.96875,199999.96875,199999.96875,199999.96875,199999.96875,199999.96875
0.488,199999.96875,199999.96875,199999.96875,199999.96875,199999.96875,199999.96875,199999.96875,199999.96875
0.492,199999.96875,199999.96875,199999.96875,199999.96875,199999.96875,199999.96875,199999.96875,199999.96875
0.496,199999.96875,199999.96875,199999.96875,199999.96875,199999.96875,199999.96875,199999.96875,199999.96875
0.5,199999.96875,199999.96875,199999.96875,199999.96875,199999.96875,199999.96875,199999.96875,199999.96875
0.504,199999.96875,199999.96875,199999.96875,199999.96875,199999.96875,199999.96875,199999.96875,199999.96875
0.508,199999.96875,199999.96875,199999.96875,199999.96875,199999.96875,199999.96875,199999.96875,199999.96875
0.512,199999.96875,199999.96875,199999.96875,199999.96875,199999.96875,199999.96875,199999.96875,199999.96875
0.516,199999.96875,199999.96875,199999.96875,199999.96875,199999.96875,199999.96875,199999.96875,199999.96875
0.52,199999.96875,199999.96875,199999.96875,199999.96875,199999.96875,199999.96875,199999.96875,199999.96875
0.524,199999.96875,199999.96875,199999.96875,199999.96875,199999.96875,199999.96875,199999.96875,199999.96875
0.528,199999.96875,199999.96875,199999.96875,199999.96875,199999.96875,199999.96875,199999.96875,199999.96875
0.532,199999.96875,199999.96875,199999.96875,199999.96875,199999.96875,199999.96875,199999.96875,199999.96875
0.536,199999.96875,199999.96875,199999.96875,199999.96875,199999.96875,199999.96875,199999.96875,199999.96875
0.54,199999.96875,199999.96875,199999.96875,199999.96875,199999.96875,199999.96875,199999.96875,199999.96875
0.544,199999.96875,199999.96875,199999.96875,199999.96875,199999.96875,199999.96875,199999.96875,199999.96875
0.548,199999.96875,199999.96875,199999.96875,199999.96875,199999.96875,199999.96875,199999.96875,199999.96875
0.552,199999.96875,199999.96875,199999.96875,199999.96875,199999.96875,199999.96875,199999.96875,199999.96875
0.556,199999.96875,199999.96875,199999.96875,199999.96875,199999.96875,199999.96875,199999.96875,199999.96875
0.56,199999.96875,199999.96875,199999.96875,199999.96875,199999.96875,199999.96875,199999.96875,199999.96875
0.564,199999.96875,199999.96875,199999.96875,199999.96875,199999.96875,199999.96875,199999.96875,199999.96875
0.568,199999.96875,199999.96875,199999.96875,199999.96875,199999.96875,199999.96875,199999.96875,199999.96875
0.572,199999.96875,199999.96875,199999.96875,199999.96875,199999.96875,199999.96875,199999.96875,199999.96875
0.576,199999.96875,199999.96875,199999.96875,199999.96875,199999.96875,199999.96875,199999.96875,199999.96875
0.58,199999.96875,199999.96875,199999.96875,199999.96875,199999.96875,199999.96875,199999.96875,199999.96875
0.584,199999.96875,199999.96875,199999.96875,199999.96875,199999.96875,199999.96875,199999.96875,199999.96875
0.588,199999.96875,199999.96875,199999.96875,199999.96875,199999.96875,199999.96875,199999.96875,199999.96875
0.592,199999.96875,199999.96875,199999.96875,199999.96875,199999.96875,199999.96875,199999.96875,199999.96875
0.596,199999.96875,199999.96875,199999.96875,199999.96875,199999.96875,199999.96875,199999.96875,199999.96875
0.6,199999.96875,199999.96875,199999.96875,199999.96875,199999.96875,199999.96875,199999.96875,199999.96875
0.604,199999.96875,199999.96875,199999.96875,199999.96875,199999.96875,199999.96875,199999.96875,199999.96875
0.608,199999.96875,199999.96875,199999.96875,199999.96875,199999.96875,199999.96875,199999.96875,199999.96875
0.612,199999.96875,199999.96875,199999.96875,199999.96875,199999.96875,199999.96875,199999.96875,199999.96875
0.616,199999.96875,199999.96875,199999.96875,199999.96875,199999.96875,199999.96875,199999.96875,199999.96875
0.62,199999.96875,199999.96875,199999.96875,199999.96875,199999.96875,199999.96875,199999.96875,199999.96875
0.624,199999.96875,199999.96875,199999.96875,199999.96875,199999.96875,199999.96875,199999.96875,199999.96875
0.628,199999.96875,199999.96875,199999.96875,199999.96875,199999.96875,199999.96875,199999.96875,199999.96875
0.632,199999.96875,199999.96875,199999.96875,199999.96875,199999.96875,199999.96875,199999.96875,199999.96875
0.636,199999.96875,199999.96875,199999.96875,199999.96875,199999.96875,199999.96875,199999.96875,199999.96875
0.64,199999.96875,199999.96875,199999.96875,199999.96875,199999.96875,199999.96875,199999.96875,199999.96875
0.644,199999.96875,199999.96875,199999.96875,199999.96875,199999.96875,199999.96875,199999.96875,199999.96875
0.648,199999.96875,199999.96875,199999.96875,199999.96875,199999.96875,199999.96875,199999.96875,199999.96875
0.652,199999.96875,199999.96875,199999.96875,199999.96875,199999.96875,199999.96875,199999.96875,199999.96875
0.656,199999.96875,199999.96875,199999.96875,199999.96875,199999.96875,199999.96875,199999.96875,199999.96875
0.66,199999.96875,199999.96875,199999.96875,199999.96875,199999.96875,199999.96875,199999.96875,199999.96875
0.664,199999.96875,199999.96875,199999.96875,199999.96875,199999.96875,199999.96875,199999.96875,199999.96875
0.668,199999.96875,199999.96875,199999.96875,199999.96875,199999.96875,199999.96875,199999.96875,199999.96875
0.672,199999.96875,199999.96875,199999.96875,199999.96875,199999.96875,199999.96875,199999.96875,199999.96875
0.676,199999.96875,199999.96875,199999.96875,199999.96875,199999.96875,199999.96875,199999.96875,199999.96875
0.68,199999.96875,199999.96875,199999.96875,199999.96875,199999.96875,199999.96875,199999.96875,199999.96875
0.684,199999.96875,199999.96875,199999.96875,199999.96875,199999.96875,199999.96875,199999.96875,199999.96875
0.688,199999.96875,199999.96875,199999.96875,199999.96875,199999.96875,199999.96875,199999.96875,199999.96875
0.692,199999.96875,199999.96875,199999.96875,199999.96875,199999.96875,199999.96875,199999.96875,199999.96875
0.696,199999.96875,199999.96875,199999.96875,199999.96875,199999.96875,199999.96875,199999.96875,199999.96875
0.7,199999.96875,199999.96875,199999.96875,199999.96875,199999.96875,199999.96875,199999.96875,199999.96875
0.704,199999.96875,199999.96875,199999.96875,199999.96875,199999.96875,199999.96875,199999.96875,199999.96875
0.708,199999.96875,199999.96875,199999.96875,199999.96875,199999.96875,199999.96875,199999.96875,199999.96875
0.712,199999.96875,199999.96875,199999.96875,199999.96875,199999.96875,199999.96875,199999.96875,199999.96875
0.716,199999.96875,199999.96875,199999.96875,199999.96875,199999.96875,199999.96875,199999.96875,199999.96875
0.72,199999.96875,199999.96875,199999.96875,199999.96875,199999.96875,199999.96875,199999.96875,199999.96875
0.724,199999.96875,199999.96875,199999.96875,199999.96875,199999.96875,199999.96875,199999.96875,199999.96875
0.728,199999.96875,199999.96875,199999.96875,199999.96875,199999.96875,199999.96875,199999.96875,199999.96875
0.732,199999.96875,199999.96875,199999.96875,199999.96875,199999.96875,199999.96875,199999.96875,199999.96875
0.736,199999.96875,199999.96875,199999.96875,199999.96875,199999.96875,199999.96875,199999.96875,199999.96875
0.74,199999.96875,199999.96875,199999.96875,199999.96875,199999.96875,199999.96875,199999.96875,199999.96875
0.744,199999.96875,199999.96875,199999.96875,199999.96875,199999.96875,199999.96875,199999.96875,199999.96875
0.748,199999.96875,199999.96875,199999.96875,199999.96875,199999.96875,199999.96875,199999.96875,199999.96875
0.752,199999.96875,199999.96875,199999.96875,199999.96875,199999.96875,199999.96875,199999.96875,199999.96875
0.756,199999.96875,199999.96875,199999.96875,199999.96875,199999.96875,199999.96875,199999.96875,199999.96875
0.76,199999.96875,199999.96875,199999.96875,199999.96875,199999.96875,199999.96875,199999.96875,199999.96875
0.764,199999.96875,199999.96875,199999.96875,199999.96875,199999.96875,199999.96875,199999.96875,199999.96875
0.768,199999.96875,199999.96875,199999.96875,199999.96875,199999.96875,199999.96875,199999.96875,199999.96875
0.772,199999.96875,199999.96875,199999.96875,199999.96875,199999.96875,199999.96875,199999.96875,199999.96875
0.776,199999.96875,199999.96875,199999.96875,199999.96875,199999.96875,199999.96875,199999.96875,199999.96875
0.78,199999.96875,199999.96875,199999.96875,199999.96875,199999.96875,199999.96875,199999.96875,199999.96875
0.784,199999.96875,199999.96875,199999.96875,199999.96875,199999.96875,199999.96875,199999.96875,199999.96875
0.788,199999.96875,199999.96875,199999.96875,199999.96875,199999.96875,199999.96875,199999.96875,199999.96875
0.792,199999.96875,199999.96875,199999.96875,199999.96875,199999.96875,199999.96875,199999.96875,199999.96875
0.796,199999.96875,199999.96875,199999.96875,199999.96875,199999.96875,199999.96875,199999.96875,199999.96875
0.8,199999.96875,199999.96875,199999.96875,199999.96875,199999.96875,199999.96875,199999.96875,199999.96875
0.804,199999.96875,199999.96875,199999.96875,199999.96875,199999.96875,199999.96875,199999.96875,199999.96875
0.808,199999.96875,199999.96875,199999.96875,199999.96875,199999.96875,199999.96875,199999.96875,199999.96875
0.812,199999.96875,199999.96875,199999.96875,199999.96875,199999.96875,199999.96875,199999.96875,199999.96875
0.816,199999.96875,199999.96875,199999.96875,199999.96875,199999.96875,199999.96875,199999.96875,199999.96875
0.82,199999.96875,199999.96875,199999.96875,199999.96875,199999.96875,199999.96875,199999.96875,199999.96875
0.824,199999.96875,199999.96875,199999.96875,199999.96875,199999.96875,199999.96875,199999.96875,199999.96875
0.828,199999.96875,199999.96875,199999.96875,199999.96875,199999.96875,199999.96875,199999.96875,199999.96875
0.832,199999.96875,199999.96875,199999.96875,199999.96875,199999.96875,199999.96875,199999.96875,199999.96875
0.836,199999.96875,199999.96875,199999.96875,199999.96875,199999.96875,199999.96875,199999.96875,199999.96875
0.84,199999.96875,199999.96875,199999.96875,199999.96875,199999.96875,199999.96875,199999.96875,199999.96875
0.844,199999.96875,199999.96875,199999.96875,199999.96875,199999.96875,199999.96875,199999.96875,199999.96875
0.848,199999.96875,199999.96875,199999.96875,199999.96875,199999.96875,199999.96875,199999.96875,199999.96875
0.852,199999.96875,199999.96875,199999.96875,199999.96875,199999.96875,199999.96875,199999.96875,199999.96875
0.856,199999.96875,199999.96875,199999.96875,199999.96875,199999.96875,199999.96875,199999.96875,199999.96875
0.86,199999.96875,199999.96875,199999.96875,199999.96875,199999.96875,199999.96875,199999.96875,199999.96875
0.864,199999.96875,199999.96875,199999.96875,199999.96875,199999.96875,199999.96875,199999.96875,199999.96875
0.868,199999.96875,199999.96875,199999.96875,199999.96875,199999.96875,199999.96875,199999.96875,199999.96875
0.872,199999.96875,199999.96875,199999.96875,199999.96875,199999.96875,199999.96875,199999.96875,199999.96875
0.876,199999.96875,199999.96875,199999.96875,199999.96875,199999.96875,199999.96875,199999.96875,199999.96875
0.88,199999.96875,199999.96875,199999.96875,199999.96875,199999.96875,199999.96875,199999.96875,199999.96875
0.884,199999.96875,199999.96875,199999.96875,199999.96875,199999.96875,199999.96875,199999.96875,199999.96875
0.888,199999.96875,199999.96875,199999.96875,199999.96875,199999.96875,199999.96875,199999.96875,199999.96875
0.892,199999.96875,199999.96875,199999.96875,199999.96875,199999.96875,199999.96875,199999.96875,199999.96875
0.896,199999.96875,199999.96875,199999.96875,199999.96875,199999.96875,199999.96875,199999.96875,199999.96875
0.9,199999.96875,199999.96875,199999.96875,199999.96875,199999.96875,199999.96875,199999.96875,199999.96875
0.904,199999.96875,199999.96875,199999.96875,199999.96875,199999.96875,199999.96875,199999.96875,199999.96875
0.908,199999.96875,199999.96875,199999.96875,199999.96875,199999.96875,199999.96875,199999.96875,199999.96875
0.912,199999.96875,199999.96875,199999.96875,199999.96875,199999.96875,199999.96875,199999.96875,199999.96875
0.916,199999.96875,199999.96875,199999.96875,199999.96875,199999.96875,199999.96875,199999.96875,199999.96875
0.92,199999.96875,199999.96875,199999.96875,199999.96875,199999.96875,199999.96875,199999.96875,199999.96875
0.924,199999.96875,199999.96875,199999.96875,199999.96875,199999.96875,199999.96875,199999.96875,199999.96875
0.928,199999.96875,199999.96875,199999.96875,199999.96875,199999.96875,199999.96875,199999.96875,199999.96875
0.932,199999.96875,199999.96875,199999.96875,199999.96875,199999.96875,199999.96875,199999.96875,199999.96875
0.936,199999.96875,199999.96875,199999.96875,199999.96875,199999.96875,199999.96875,199999.96875,199999.96875
0.94,199999.96875,199999.96875,199999.96875,199999.96875,199999.96875,199999.96875,199999.96875,199999.96875
0.944,199999.96875,199999.96875,199999.96875,199999.96875,199999.96875,199999.96875,199999.96875,199999.96875
0.948,199999.96875,199999.96875,199999.96875,199999.96875,199999.96875,199999.96875,199999.96875,199999.96875
0.952,199999.96875,199999.96875,199999.96875,199999.96875,199999.96875,199999.96875,199999.96875,199999.96875
0.956,199999.96875,199999.96875,199999.96875,199999.96875,199999.96875,199999.96875,199999.96875,199999.96875
0.96,199999.96875,199999.96875,199999.96875,199999.96875,199999.96875,199999.96875,199999.96875,199999.96875
0.964,199999.96875,199999.96875,199999.96875,199999.96875,199999.96875,199999.96875,199999.96875,199999.96875
0.968,199999.96875,199999.96875,199999.96875,199999.96875,199999.96875,199999.96875,199999.96875,199999.96875
0.972,199999.96875,199999.96875,199999.96875,199999.96875,199999.96875,199999.96875,199999.96875,199999.96875
0.976,199999.96875,199999.96875,199999.96875,199999.96875,199999.96875,199999.96875,199999.96875,199999.96875
0.98,199999.96875,199999.96875,199999.96875,199999.96875,199999.96875,199999.96875,199999.96875,199999.96875
0.984,199999.96875,199999.96875,199999.96875,199999.96875,199999.96875,199999.96875,199999.96875,199999.96875
0.988,199999.96875,199999.96875,199999.96875,199999.96875,199999.96875,199999.96875,199999.96875,199999.96875
0.992,199999.96875,199999.96875,199999.96875,199999.96875,199999.96875,199999.96875,199999.96875,199999.96875
0.996,199999.96875,199999.96875,199999.96875,199999.96875,199999.96875,199999.96875,199999.96875,199999.96875
1,199999.96875,199999.96875,199999.96875,199999.96875,199999.96875,199999.96875,199999.96875,199999.96875
1.004,199999.96875,199999.96875,199999.96875,199999.96875,199999.96875,199999.96875,199999.96875,199999.96875
1.008,199999.96875,199999.96875,199999.96875,199999.96875,199999.96875,199999.96875,199999.96875,199999.96875
1.012,199999.96875,199999.96875,199999.96875,199999.96875,199999.96875,199999.96875,199999.96875,199999.96875
1.016,199999.96875,199999.96875,199999.96875,199999.96875,199999.96875,199999.96875,199999.96875,199999.96875
1.02,199999.96875,199999.96875,199999.96875,199999.96875,199999.96875,199999.96875,199999.96875,199999.96875
1.024,199999.96875,199999.96875,199999.96875,199999.96875,199999.96875,199999.96875,199999.96875,199999.96875
1.028,199999.96875,199999.96875,199999.96875,199999.96875,199999.96875,199999.96875,199999.96875,199999.96875
1.032,199999.96875,199999.96875,199999.96875,199999.96875,199999.96875,199999.96875,199999.96875,199999.96875
1.036,199999.96875,199999.96875,199999.96875,199999.96875,199999.96875,199999.96875,199999.96875,199999.96875
1.04,199999.96875,199999.96875,199999.96875,199999.96875,199999.96875,199999.96875,199999.96875,199999.96875
1.044,199999.96875,199999.96875,199999.96875,199999.96875,199999.96875,199999.96875,199999.96875,199999.96875
1.048,199999.96875,199999.96875,199999.96875,199999.96875,199999.96875,199999.96875,199999.96875,199999.96875
1.052,199999.96875,199999.96875,199999.96875,199999.96875,199999.96875,199999.96875,199999.96875,199999.96875
1.056,199999.96875,199999.96875,199999.96875,199999.96875,199999.96875,199999.96875,199999.96875,199999.96875
1.06,199999.96875,199999.96875,199999.96875,199999.96875,199999.96875,199999.96875,199999.96875,199999.96875
1.064,199999.96875,199999.96875,199999.96875,199999.96875,199999.96875,199999.96875,199999.96875,199999.96875
1.068,199999.96875,199999.96875,199999.96875,199999.96875,199999.96875,199999.96875,199999.96875,199999.96875
1.072,199999.96875,199999.96875,199999.96875,199999.96875,199999.96875,199999.96875,199999.96875,199999.96875
1.076,199999.96875,199999.96875,199999.96875,199999.96875,199999.96875,199999.96875,199999.96875,199999.96875
1.08,199999.96875,199999.96875,199999.96875,199999.96875,199999.96875,199999.96875,199999.96875,199999.96875
1.084,199999.96875,199999.96875,199999.96875,199999.96875,199999.96875,199999.96875,199999.96875,199999.96875
1.088,199999.96875,199999.96875,199999.96875,199999.96875,199999.96875,199999.96875,199999.96875,199999.96875
1.092,199999.96875,199999.96875,199999.96875,199999.96875,199999.96875,199999.96875,199999.96875,199999.96875
1.096,199999.96875,199999.96875,199999.96875,199999.96875,199999.96875,199999.96875,199999.96875,199999.96875
1.1,199999.96875,199999.96875,199999.96875,199999.96875,199999.96875,199999.96875,199999.96875,199999.96875
1.104,199999.96875,199999.96875,199999.96875,199999.96875,199999.96875,199999.96875,199999.96875,199999.96875
1.108,199999.96875,199999.96875,199999.96875,199999.96875,199999.96875,199999.96875,199999.96875,199999.96875
1.112,199999.96875,199999.96875,199999.96875,199999.96875,199999.96875,199999.96875,199999.96875,199999.96875
1.116,199999.96875,199999.96875,199999.96875,199999.96875,199999.96875,199999.96875,199999.96875,199999.96875
1.12,199999.96875,199999.96875,199999.96875,199999.96875,199999.96875,199999.96875,199999.96875,199999.96875
1.124,199999.96875,199999.96875,199999.96875,199999.96875,199999.96875,199999.96875,199999.96875,199999.96875
1.128,199999.96875,199999.96875,199999.96875,199999.96875,199999.96875,199999.96875,199999.96875,199999.96875
1.132,199999.96875,199999.96875,199999.96875,199999.96875,199999.96875,199999.96875,199999.96875,199999.96875
1.136,199999.96875,199999.96875,199999.96875,199999.96875,199999.96875,199999.96875,199999.96875,199999.96875
1.14,199999.96875,199999.96875,199999.96875,199999.96875,199999.96875,199999.96875,199999.96875,199999.96875
1.144,199999.96875,199999.96875,199999.96875,199999.96875,199999.96875,199999.96875,199999.96875,199999.96875
1.148,199999.96875,199999.96875,199999.96875,199999.96875,199999.96875,199999.96875,199999.96875,199999.96875
1.152,199999.96875,199999.96875,199999.96875,199999.96875,199999.96875,199999.96875,199999.96875,199999.96875
1.156,199999.96875,199999.96875,199999.96875,199999.96875,199999.96875,199999.96875,199999.96875,199999.96875
1.16,199999.96875,199999.96875,199999.96875,199999.96875,199999.96875,199999.96875,199999.96875,199999.96875
1.164,199999.96875,199999.96875,199999.96875,199999.96875,199999.96875,199999.96875,199999.96875,199999.96875
1.168,199999.96875,199999.96875,199999.96875,199999.96875,199999.96875,199999.96875,199999.96875,199999.96875
1.172,199999.96875,199999.96875,199999.96875,199999.96875,199999.96875,199999.96875,199999.96875,199999.96875
1.176,199999.96875,199999.96875,199999.96875,199999.96875,199999.96875,199999.96875,199999.96875,199999.96875
1.18,199999.96875,199999.96875,199999.96875,199999.96875,199999.96875,199999.96875,199999.96875,199999.96875
1.184,199999.96875,199999.96875,199999.96875,199999.96875,199999.96875,199999.96875,199999.96875,199999.96875
1.188,199999.96875,199999.96875,199999.96875,199999.96875,199999.96875,199999.96875,199999.96875,199999.96875
1.192,199999.96875,199999.96875,199999.96875,199999.96875,199999.96875,199999.96875,199999.96875,199999.96875
1.196,199999.96875,199999.96875,199999.96875,199999.96875,199999.96875,199999.96875,199999.96875,199999.96875
1.2,199999.96875,199999.96875,199999.96875,199999.96875,199999.96875,199999.96875,199999.96875,199999.96875
1.204,199999.96875,199999.96875,199999.96875,199999.96875,199999.96875,199999.96875,199999.96875,199999.96875
1.208,199999.96875,199999.96875,199999.96875,199999.96875,199999.96875,199999.96875,199999.96875,199999.96875
1.212,199999.96875,199999.96875,199999.96875,199999.96875,199999.96875,199999.96875,199999.96875,199999.96875
1.216,199999.96875,199999.96875,199999.96875,199999.96875,199999.96875,199999.96875,199999.96875,199999.96875
1.22,199999.96875,199999.96875,199999.96875,199999.96875,199999.96875,199999.96875,199999.96875,199999.96875
1.224,199999.96875,199999.96875,199999.96875,199999.96875,199999.96875,199999.96875,199999.96875,199999.96875
1.228,199999.96875,199999.96875,199999.96875,199999.96875,199999.96875,199999.96875,199999.96875,199999.96875
1.232,199999.96875,199999.96875,199999.96875,199999.96875,199999.96875,199999.96875,199999.96875,199999.96875
1.236,199999.96875,199999.96875,199999.96875,199999.96875,199999.96875,199999.96875,199999.96875,199999.96875
1.24,199999.96875,199999.96875,199999.96875,199999.96875,199999.96875,199999.96875,199999.96875,199999.96875
1.244,199999.96875,199999.96875,199999.96875,199999.96875,199999.96875,199999.96875,199999.96875,199999.96875
1.248,199999.96875,199999.96875,199999.96875,199999.96875,199999.96875,199999.96875,199999.96875,199999.96875
1.252,199999.96875,199999.96875,199999.96875,199999.96875,199999.96875,199999.96875,199999.96875,199999.96875
1.256,199999.96875,199999.96875,199999.96875,199999.96875,199999.96875,199999.96875,199999.96875,199999.96875
1.26,199999.96875,199999.96875,199999.96875,199999.96875,199999.96875,199999.96875,199999.96875,199999.96875
1.264,199999.96875,199999.96875,199999.96875,199999.96875,199999.96875,199999.96875,199999.96875,199999.96875
1.268,199999.96875,199999.96875,199999.96875,199999.96875,199999.96875,199999.96875,199999.96875,199999.96875
1.272,199999.96875,199999.96875,199999.96875,199999.96875,199999.96875,199999.96875,199999.96875,199999.96875
1.276,199999.96875,199999.96875,199999.96875,199999.96875,199999.96875,199999.96875,199999.96875,199999.96875
1.28,199999.96875,199999.96875,199999.96875,199999.96875,199999.96875,199999.96875,199999.96875,199999.96875
1.284,199999.96875,199999.96875,199999.96875,199999.96875,199999.96875,199999.96875,199999.96875,199999.96875
1.288,199999.96875,199999.96875,199999.96875,199999.96875,199999.96875,199999.96875,199999.96875,199999.96875
1.292,199999.96875,199999.96875,199999.96875,199999.96875,199999.96875,199999.96875,199999.96875,199999.96875
1.296,199999.96875,199999.96875,199999.96875,199999.96875,199999.96875,199999.96875,199999.96875,199999.96875
1.3,199999.96875,199999.96875,199999.96875,199999.96875,199999.96875,199999.96875,199999.96875,199999.96875
1.304,199999.96875,199999.96875,199999.96875,199999.96875,199999.96875,199999.96875,199999.96875,199999.96875
1.308,199999.96875,199999.96875,199999.96875,199999.96875,199999.96875,199999.96875,199999.96875,199999.96875
1.312,199999.96875,199999.96875,199999.96875,199999.96875,199999.96875,199999.96875,199999.96875,199999.96875
1.316,199999.96875,199999.96875,199999.96875,199999.96875,199999.96875,199999.96875,199999.96875,199999.96875
1.32,199999.96875,199999.96875,199999.96875,199999.96875,199999.96875,199999.96875,199999.96875,199999.96875
1.324,199999.96875,199999.96875,199999.96875,199999.96875,199999.96875,199999.96875,199999.96875,199999.96875
1.328,199999.96875,199999.96875,199999.96875,199999.96875,199999.96875,199999.96875,199999.96875,199999.96875
1.332,199999.96875,199999.96875,199999.96875,199999.96875,199999.96875,199999.96875,199999.96875,199999.96875
1.336,199999.96875,199999.96875,199999.96875,199999.96875,199999.96875,199999.96875,199999.96875,199999.96875
1.34,199999.96875,199999.96875,199999.96875,199999.96875,199999.96875,199999.96875,199999.96875,199999.96875
1.344,199999.96875,199999.96875,199999.96875,199999.96875,199999.96875,199999.96875,199999.96875,199999.96875
1.348,199999.96875,199999.96875,199999.96875,199999.96875,199999.96875,199999.96875,199999.96875,199999.96875
1.352,199999.96875,199999.96875,199999.96875,199999.96875,199999.96875,199999.96875,199999.96875,199999.96875
1.356,199999.96875,199999.96875,199999.96875,199999.96875,199999.96875,199999.96875,199999.96875,199999.96875
1.36,199999.96875,199999.96875,199999.96875,199999.96875,199999.96875,199999.96875,199999.96875,199999.96875
1.364,199999.96875,199999.96875,199999.96875,199999.96875,199999.96875,199999.96875,199999.96875,199999.96875
1.368,199999.96875,199999.96875,199999.96875,199999.96875,199999.96875,199999.96875,199999.96875,199999.96875
1.372,199999.96875,199999.96875,199999.96875,199999.96875,199999.96875,199999.96875,199999.96875,199999.96875
1.376,199999.96875,199999.96875,199999.96875,199999.96875,199999.96875,199999.96875,199999.96875,199999.96875
1.38,199999.96875,199999.96875,199999.96875,199999.96875,199999.96875,199999.96875,199999.96875,199999.96875
1.384,199999.96875,199999.96875,199999.96875,199999.96875,199999.96875,199999.96875,199999.96875,199999.96875
1.388,199999.96875,199999.96875,199999.96875,199999.96875,199999.96875,199999.96875,199999.96875,199999.96875
1.392,199999.96875,199999.96875,199999.96875,199999.96875,199999.96875,199999.96875,199999.96875,199999.96875
1.396,199999.96875,199999.96875,199999.96875,199999.96875,199999.96875,199999.96875,199999.96875,199999.96875
1.4,199999.96875,199999.96875,199999.96875,199999.96875,199999.96875,199999.96875,199999.96875,199999.96875
1.404,199999.96875,199999.96875,199999.96875,199999.96875,199999.96875,199999.96875,199999.96875,199999.96875
1.408,199999.96875,199999.96875,199999.96875,199999.96875,199999.96875,199999.96875,199999.96875,199999.96875
1.412,199999.96875,199999.96875,199999.96875,199999.96875,199999.96875,199999.96875,199999.96875,199999.96875
1.416,199999.96875,199999.96875,199999.96875,199999.96875,199999.96875,199999.96875,199999.96875,199999.96875
1.42,199999.96875,199999.96875,199999.96875,199999.96875,199999.96875,199999.96875,199999.96875,199999.96875
1.424,199999.96875,199999.96875,199999.96875,199999.96875,199999.96875,199999.96875,199999.96875,199999.96875
1.428,199999.96875,199999.96875,199999.96875,199999.96875,199999.96875,199999.96875,199999.96875,199999.96875
1.432,199999.96875,199999.96875,199999.96875,199999.96875,199999.96875,199999.96875,199999.96875,199999.96875
1.436,199999.96875,199999.96875,199999.96875,199999.96875,199999.96875,199999.96875,199999.96875,199999.96875
1.44,199999.96875,199999.96875,199999.96875,199999.96875,199999.96875,199999.96875,199999.96875,199999.96875
1.444,199999.96875,199999.96875,199999.96875,199999.96875,199999.96875,199999.96875,199999.96875,199999.96875
1.448,199999.96875,199999.96875,199999.96875,199999.96875,199999.96875,199999.96875,199999.96875,199999.96875
1.452,199999.96875,199999.96875,199999.96875,199999.96875,199999.96875,199999.96875,199999.96875,199999.96875
1.456,199999.96875,199999.96875,199999.96875,199999.96875,199999.96875,199999.96875,199999.96875,199999.96875
1.46,199999.96875,199999.96875,199999.96875,199999.96875,199999.96875,199999.96875,199999.96875,199999.96875
1.464,199999.96875,199999.96875,199999.96875,199999.96875,199999.96875,199999.96875,199999.96875,199999.96875
1.468,199999.96875,199999.96875,199999.96875,199999.96875,199999.96875,199999.96875,199999.96875,199999.96875
1.472,199999.96875,199999.96875,199999.96875,199999.96875,199999.96875,199999.96875,199999.96875,199999.96875
1.476,199999.96875,199999.96875,199999.96875,199999.96875,199999.96875,199999.96875,199999.96875,199999.96875
1.48,199999.96875,199999.96875,199999.96875,199999.96875,199999.96875,199999.96875,199999.96875,199999.96875
1.484,199999.96875,199999.96875,199999.96875,199999.96875,199999.96875,199999.96875,199999.96875,199999.96875
1.488,199999.96875,199999.96875,199999.96875,199999.96875,199999.96875,199999.96875,199999.96875,199999.96875
1.492,199999.96875,199999.96875,199999.96875,199999.96875,199999.96875,199999.96875,199999.96875,199999.96875
1.496,199999.96875,199999.96875,199999.96875,199999.96875,199999.96875,199999.96875,199999.96875,199999.96875
1.5,199999.96875,199999.96875,199999.96875,199999.96875,199999.96875,199999.96875,199999.96875,199999.96875
1.504,199999.96875,199999.96875,199999.96875,199999.96875,199999.96875,199999.96875,199999.96875,199999.96875
1.508,199999.96875,199999.96875,199999.96875,199999.96875,199999.96875,199999.96875,199999.96875,199999.96875
1.512,199999.96875,199999.96875,199999.96875,199999.96875,199999.96875,199999.96875,199999.96875,199999.96875
1.516,199999.96875,199999.96875,199999.96875,199999.96875,199999.96875,199999.96875,199999.96875,199999.96875
1.52,199999.96875,199999.96875,199999.96875,199999.96875,199999.96875,199999.96875,199999.96875,199999.96875
1.524,199999.96875,199999.96875,199999.96875,199999.96875,199999.96875,199999.96875,199999.96875,199999.96875
1.528,199999.96875,199999.96875,199999.96875,199999.96875,199999.96875,199999.96875,199999.96875,199999.96875
1.532,199999.96875,199999.96875,199999.96875,199999.96875,199999.96875,199999.96875,199999.96875,199999.96875
1.536,199999.96875,199999.96875,199999.96875,199999.96875,199999.96875,199999.96875,199999.96875,199999.96875
1.54,199999.96875,199999.96875,199999.96875,199999.96875,199999.96875,199999.96875,199999.96875,199999.96875
1.544,199999.96875,199999.96875,199999.96875,199999.96875,199999.96875,199999.96875,199999.96875,199999.96875
1.548,199999.96875,199999.96875,199999.96875,199999.96875,199999.96875,199999.96875,199999.96875,199999.96875
1.552,199999.96875,199999.96875,199999.96875,199999.96875,199999.96875,199999.96875,199999.96875,199999.96875
1.556,199999.96875,199999.96875,199999.96875,199999.96875,199999.96875,199999.96875,199999.96875,199999.96875
1.56,199999.96875,199999.96875,199999.96875,199999.96875,199999.96875,199999.96875,199999.96875,199999.96875
1.564,199999.96875,199999.96875,199999.96875,199999.96875,199999.96875,199999.96875,199999.96875,199999.96875
1.568,199999.96875,199999.96875,199999.96875,199999.96875,199999.96875,199999.96875,199999.96875,199999.96875
1.572,199999.96875,199999.96875,199999.96875,199999.96875,199999.96875,199999.96875,199999.96875,199999.96875
1.576,199999.96875,199999.96875,199999.96875,199999.96875,199999.96875,199999.96875,199999.96875,199999.96875
1.58,199999.96875,199999.96875,199999.96875,199999.96875,199999.96875,199999.96875,199999.96875,199999.96875
1.584,199999.96875,199999.96875,199999.96875,199999.96875,199999.96875,199999.96875,199999.96875,199999.96875
1.588,199999.96875,199999.96875,199999.96875,199999.96875,199999.96875,199999.96875,199999.96875,199999.96875
1.592,199999.96875,199999.96875,199999.96875,199999.96875,199999.96875,199999.96875,199999.96875,199999.96875
1.596,199999.96875,199999.96875,199999.96875,199999.96875,199999.96875,199999.96875,199999.96875,199999.96875
1.6,199999.96875,199999.96875,199999.96875,199999.96875,199999.96875,199999.96875,199999.96875,199999.96875
1.604,199999.96875,199999.96875,199999.96875,199999.96875,199999.96875,199999.96875,199999.96875,199999.96875
1.608,199999.96875,199999.96875,199999.96875,199999.96875,199999.96875,199999.96875,199999.96875,199999.96875
1.612,199999.96875,199999.96875,199999.96875,199999.96875,199999.96875,199999.96875,199999.96875,199999.96875
1.616,199999.96875,199999.96875,199999.96875,199999.96875,199999.96875,199999.96875,199999.96875,199999.96875
1.62,199999.96875,199999.96875,199999.96875,199999.96875,199999.96875,199999.96875,199999.96875,199999.96875
1.624,199999.96875,199999.96875,199999.96875,199999.96875,199999.96875,199999.96875,199999.96875,199999.96875
1.628,199999.96875,199999.96875,199999.96875,199999.96875,199999.96875,199999.96875,199999.96875,199999.96875
1.632,199999.96875,199999.96875,199999.96875,199999.96875,199999.96875,199999.96875,199999.96875,199999.96875
1.636,199999.96875,199999.96875,199999.96875,199999.96875,199999.96875,199999.96875,199999.96875,199999.96875
1.64,199999.96875,199999.96875,199999.96875,199999.96875,199999.96875,199999.96875,199999.96875,199999.96875
1.644,199999.96875,199999.96875,199999.96875,199999.96875,199999.96875,199999.96875,199999.96875,199999.96875
1.648,199999.96875,199999.96875,199999.96875,199999.96875,199999.96875,199999.96875,199999.96875,199999.96875
1.652,199999.96875,199999.96875,199999.96875,199999.96875,199999.96875,199999.96875,199999.96875,199999.96875
1.656,199999.96875,199999.96875,199999.96875,199999.96875,199999.96875,199999.96875,199999.96875,199999.96875
1.66,199999.96875,199999.96875,199999.96875,199999.96875,199999.96875,199999.96875,199999.96875,199999.96875
1.664,199999.96875,199999.96875,199999.96875,199999.96875,199999.96875,199999.96875,199999.96875,199999.96875
1.668,199999.96875,199999.96875,199999.96875,199999.96875,199999.96875,199999.96875,199999.96875,199999.96875
1.672,199999.96875,199999.96875,199999.96875,199999.96875,199999.96875,199999.96875,199999.96875,199999.96875
1.676,199999.96875,199999.96875,199999.96875,199999.96875,199999.96875,199999.96875,199999.96875,199999.96875
1.68,199999.96875,199999.96875,199999.96875,199999.96875,199999.96875,199999.96875,199999.96875,199999.96875
1.684,199999.96875,199999.96875,199999.96875,199999.96875,199999.96875,199999.96875,199999.96875,199999.96875
1.688,199999.96875,199999.96875,199999.96875,199999.96875,199999.96875,199999.96875,199999.96875,199999.96875
1.692,199999.96875,199999.96875,199999.96875,199999.96875,199999.96875,199999.96875,199999.96875,199999.96875
1.696,199999.96875,199999.96875,199999.96875,199999.96875,199999.96875,199999.96875,199999.96875,199999.96875
1.7,199999.96875,199999.96875,199999.96875,199999.96875,199999.96875,199999.96875,199999.96875,199999.96875
1.704,199999.96875,199999.96875,199999.96875,199999.96875,199999.96875,199999.96875,199999.96875,199999.96875
1.708,199999.96875,199999.96875,199999.96875,199999.96875,199999.96875,199999.96875,199999.96875,199999.96875
1.712,199999.96875,199999.96875,199999.96875,199999.96875,199999.96875,199999.96875,199999.96875,199999.96875
1.716,199999.96875,199999.96875,199999.96875,199999.96875,199999.96875,199999.96875,199999.96875,199999.96875
1.72,199999.96875,199999.96875,199999.96875,199999.96875,199999.96875,199999.96875,199999.96875,199999.96875
1.724,199999.96875,199999.96875,199999.96875,199999.96875,199999.96875,199999.96875,199999.96875,199999.96875
1.728,199999.96875,199999.96875,199999.96875,199999.96875,199999.96875,199999.96875,199999.96875,199999.96875
1.732,199999.96875,199999.96875,199999.96875,199999.96875,199999.96875,199999.96875,199999.96875,199999.96875
1.736,199999.96875,199999.96875,199999.96875,199999.96875,199999.96875,199999.96875,199999.96875,199999.96875
1.74,199999.96875,199999.96875,199999.96875,199999.96875,199999.96875,199999.96875,199999.96875,199999.96875
1.744,199999.96875,199999.96875,199999.96875,199999.96875,199999.96875,199999.96875,199999.96875,199999.96875
1.748,199999.96875,199999.96875,199999.96875,199999.96875,199999.96875,199999.96875,199999.96875,199999.96875
1.752,199999.96875,199999.96875,199999.96875,199999.96875,199999.96875,199999.96875,199999.96875,199999.96875
1.756,199999.96875,199999.96875,199999.96875,199999.96875,199999.96875,199999.96875,199999.96875,199999.96875
1.76,199999.96875,199999.96875,199999.96875,199999.96875,199999.96875,199999.96875,199999.96875,199999.96875
1.764,199999.96875,199999.96875,199999.96875,199999.96875,199999.96875,199999.96875,199999.96875,199999.96875
1.768,199999.96875,199999.96875,199999.96875,199999.96875,199999.96875,199999.96875,199999.96875,199999.96875
1.772,199999.96875,199999.96875,199999.96875,199999.96875,199999.96875,199999.96875,199999.96875,199999.96875
1.776,199999.96875,199999.96875,199999.96875,199999.96875,199999.96875,199999.96875,199999.96875,199999.96875
1.78,199999.96875,199999.96875,199999.96875,199999.96875,199999.96875,199999.96875,199999.96875,199999.96875
1.784,199999.96875,199999.96875,199999.96875,199999.96875,199999.96875,199999.96875,199999.96875,199999.96875
1.788,199999.96875,199999.96875,199999.96875,199999.96875,199999.96875,199999.96875,199999.96875,199999.96875
1.792,199999.96875,199999.96875,199999.96875,199999.96875,199999.96875,199999.96875,199999.96875,199999.96875
1.796,199999.96875,199999.96875,199999.96875,199999.96875,199999.96875,199999.96875,199999.96875,199999.96875
1.8,199999.96875,199999.96875,199999.96875,199999.96875,199999.96875,199999.96875,199999.96875,199999.96875
1.804,199999.96875,199999.96875,199999.96875,199999.96875,199999.96875,199999.96875,199999.96875,199999.96875
1.808,199999.96875,199999.96875,199999.96875,199999.96875,199999.96875,199999.96875,199999.96875,199999.96875
1.812,199999.96875,199999.96875,199999.96875,199999.96875,199999.96875,199999.96875,199999.96875,199999.96875
1.816,199999.96875,199999.96875,199999.96875,199999.96875,199999.96875,199999.96875,199999.96875,199999.96875
1.82,199999.96875,199999.96875,199999.96875,199999.96875,199999.96875,199999.96875,199999.96875,199999.96875
1.824,199999.96875,199999.96875,199999.96875,199999.96875,199999.96875,199999.96875,199999.96875,199999.96875
1.828,199999.96875,199999.96875,199999.96875,199999.96875,199999.96875,199999.96875,199999.96875,199999.96875
1.832,199999.96875,199999.96875,199999.96875,199999.96875,199999.96875,199999.96875,199999.96875,199999.96875
1.836,199999.96875,199999.96875,199999.96875,199999.96875,199999.96875,199999.96875,199999.96875,199999.96875
1.84,199999.96875,199999.96875,199999.96875,199999.96875,199999.96875,199999.96875,199999.96875,199999.96875
1.844,199999.96875,199999.96875,199999.96875,199999.96875,199999.96875,199999.96875,199999.96875,199999.96875
1.848,199999.96875,199999.96875,199999.96875,199999.96875,199999.96875,199999.96875,199999.96875,199999.96875
1.852,199999.96875,199999.96875,199999.96875,199999.96875,199999.96875,199999.96875,199999.96875,199999.96875
1.856,199999.96875,199999.96875,199999.96875,199999.96875,199999.96875,199999.96875,199999.96875,199999.96875
1.86,199999.96875,199999.96875,199999.96875,199999.96875,199999.96875,199999.96875,199999.96875,199999.96875
1.864,199999.96875,199999.96875,199999.96875,199999.96875,199999.96875,199999.96875,199999.96875,199999.96875
1.868,199999.96875,199999.96875,199999.96875,199999.96875,199999.96875,199999.96875,199999.96875,199999.96875
1.872,199999.96875,199999.96875,199999.96875,199999.96875,199999.96875,199999.96875,199999.96875,199999.96875
1.876,199999.96875,199999.96875,199999.96875,199999.96875,199999.96875,199999.96875,199999.96875,199999.96875
1.88,199999.96875,199999.96875,199999.96875,199999.96875,199999.96875,199999.96875,199999.96875,199999.96875
1.884,199999.96875,199999.96875,199999.96875,199999.96875,199999.96875,199999.96875,199999.96875,199999.96875
1.888,199999.96875,199999.96875,199999.96875,199999.96875,199999.96875,199999.96875,199999.96875,199999.96875
1.892,199999.96875,199999.96875,199999.96875,199999.96875,199999.96875,199999.96875,199999.96875,199999.96875
1.896,199999.96875,199999.96875,199999.96875,199999.96875,199999.96875,199999.96875,199999.96875,199999.96875
1.9,199999.96875,199999.96875,199999.96875,199999.96875,199999.96875,199999.96875,199999.96875,199999.96875
1.904,199999.96875,199999.96875,199999.96875,199999.96875,199999.96875,199999.96875,199999.96875,199999.96875
1.908,199999.96875,199999.96875,199999.96875,199999.96875,199999.96875,199999.96875,199999.96875,199999.96875
1.912,199999.96875,199999.96875,199999.96875,199999.96875,199999.96875,199999.96875,199999.96875,199999.96875
1.916,199999.96875,199999.96875,199999.96875,199999.96875,199999.96875,199999.96875,199999.96875,199999.96875
1.92,199999.96875,199999.96875,199999.96875,199999.96875,199999.96875,199999.96875,199999.96875,199999.96875
1.924,199999.96875,199999.96875,199999.96875,199999.96875,199999.96875,199999.96875,199999.96875,199999.96875
1.928,199999.96875,199999.96875,199999.96875,199999.96875,199999.96875,199999.96875,199999.96875,199999.96875
1.932,199999.96875,199999.96875,199999.96875,199999.96875,199999.96875,199999.96875,199999.96875,199999.96875
1.936,199999.96875,199999.96875,199999.96875,199999.96875,199999.96875,199999.96875,199999.96875,199999.96875
1.94,199999.96875,199999.96875,199999.96875,199999.96875,199999.96875,199999.96875,199999.96875,199999.96875
1.944,199999.96875,199999.96875,199999.96875,199999.96875,199999.96875,199999.96875,199999.96875,199999.96875
1.948,199999.96875,199999.96875,199999.96875,199999.96875,199999.96875,199999.96875,199999.96875,199999.96875
1.952,199999.96875,199999.96875,199999.96875,199999.96875,199999.96875,199999.96875,199999.96875,199999.96875
1.956,199999.96875,199999.96875,199999.96875,199999.96875,199999.96875,199999.96875,199999.96875,199999.96875
1.96,199999.96875,199999.96875,199999.96875,199999.96875,199999.96875,199999.96875,199999.96875,199999.96875
1.964,199999.96875,199999.96875,199999.96875,199999.96875,199999.96875,199999.96875,199999.96875,199999.96875
1.968,199999.96875,199999.96875,199999.96875,199999.96875,199999.96875,199999.96875,199999.96875,199999.96875
1.972,199999.96875,199999.96875,199999.96875,199999.96875,199999.96875,199999.96875,199999.96875,199999.96875
1.976,199999.96875,199999.96875,199999.96875,199999.96875,199999.96875,199999.96875,199999.96875,199999.96875
1.98,199999.96875,199999.96875,199999.96875,199999.96875,199999.96875,199999.96875,199999.96875,199999.96875
1.984,199999.96875,199999.96875,199999.96875,199999.96875,199999.96875,199999.96875,199999.96875,199999.96875
1.988,199999.96875,199999.96875,199999.96875,199999.96875,199999.96875,199999.96875,199999.96875,199999.96875
1.992,199999.96875,199999.96875,199999.96875,199999.96875,199999.96875,199999.96875,199999.96875,199999.96875
1.996,199999.96875,199999.96875,199999.96875,199999.96875,199999.96875,199999.96875,199999.96875,199999.96875
2,199999.96875,199999.96875,199999.96875,199999.96875,199999.96875,199999.96875,199999.96875,199999.96875
2.004,199999.96875,199999.96875,199999.96875,199999.96875,199999.96875,199999.96875,199999.96875,199999.96875
2.008,199999.96875,199999.96875,199999.96875,199999.96875,199999.96875,199999.96875,199999.96875,199999.96875
2.012,199999.96875,199999.96875,199999.96875,199999.96875,199999.96875,199999.96875,199999.96875,199999.96875
2.016,199999.96875,199999.96875,199999.96875,199999.96875,199999.96875,199999.96875,199999.96875,199999.96875
2.02,199999.96875,199999.96875,199999.96875,199999.96875,199999.96875,199999.96875,199999.96875,199999.96875
2.024,199999.96875,199999.96875,199999.96875,199999.96875,199999.96875,199999.96875,199999.96875,199999.96875
2.028,199999.96875,199999.96875,199999.96875,199999.96875,199999.96875,199999.96875,199999.96875,199999.96875
2.032,199999.96875,199999.96875,199999.96875,199999.96875,199999.96875,199999.96875,199999.96875,199999.96875
2.036,199999.96875,199999.96875,199999.96875,199999.96875,199999.96875,199999.96875,199999.96875,199999.96875
2.04,199999.96875,199999.96875,199999.96875,199999.96875,199999.96875,199999.96875,199999.96875,199999.96875
2.044,199999.96875,199999.96875,199999.96875,199999.96875,199999.96875,199999.96875,199999.96875,199999.96875
2.048,199999.96875,199999.96875,199999.96875,199999.96875,199999.96875,199999.96875,199999.96875,199999.96875
2.052,199999.96875,199999.96875,199999.96875,199999.96875,199999.96875,199999.96875,199999.96875,199999.96875
2.056,199999.96875,199999.96875,199999.96875,199999.96875,199999.96875,199999.96875,199999.96875,199999.96875
2.06,199999.96875,199999.96875,199999.96875,199999.96875,199999.96875,199999.96875,199999.96875,199999.96875
2.064,199999.96875,199999.96875,199999.96875,199999.96875,199999.96875,199999.96875,199999.96875,199999.96875
2.068,199999.96875,199999.96875,199999.96875,199999.96875,199999.96875,199999.96875,199999.96875,199999.96875
2.072,199999.96875,199999.96875,199999.96875,199999.96875,199999.96875,199999.96875,199999.96875,199999.96875
2.076,199999.96875,199999.96875,199999.96875,199999.96875,199999.96875,199999.96875,199999.96875,199999.96875
2.08,199999.96875,199999.96875,199999.96875,199999.96875,199999.96875,199999.96875,199999.96875,199999.96875
2.084,199999.96875,199999.96875,199999.96875,199999.96875,199999.96875,199999.96875,199999.96875,199999.96875
2.088,199999.96875,199999.96875,199999.96875,199999.96875,199999.96875,199999.96875,199999.96875,199999.96875
2.092,199999.96875,199999.96875,199999.96875,199999.96875,199999.96875,199999.96875,199999.96875,199999.96875
2.096,199999.96875,199999.96875,199999.96875,199999.96875,199999.96875,199999.96875,199999.96875,199999.96875
2.1,199999.96875,199999.96875,199999.96875,199999.96875,199999.96875,199999.96875,199999.96875,199999.96875
2.104,199999.96875,199999.96875,199999.96875,199999.96875,199999.96875,199999.96875,199999.96875,199999.96875
2.108,199999.96875,199999.96875,199999.96875,199999.96875,199999.96875,199999.96875,199999.96875,199999.96875
2.112,199999.96875,199999.96875,199999.96875,199999.96875,199999.96875,199999.96875,199999.96875,199999.96875
2.116,199999.96875,199999.96875,199999.96875,199999.96875,199999.96875,199999.96875,199999.96875,199999.96875
2.12,199999.96875,199999.96875,199999.96875,199999.96875,199999.96875,199999.96875,199999.96875,199999.96875
2.124,199999.96875,199999.96875,199999.96875,199999.96875,199999.96875,199999.96875,199999.96875,199999.96875
2.128,199999.96875,199999.96875,199999.96875,199999.96875,199999.96875,199999.96875,199999.96875,199999.96875
2.132,199999.96875,199999.96875,199999.96875,199999.96875,199999.96875,199999.96875,199999.96875,199999.96875
2.136,199999.96875,199999.96875,199999.96875,199999.96875,199999.96875,199999.96875,199999.96875,199999.96875
2.14,199999.96875,199999.96875,199999.96875,199999.96875,199999.96875,199999.96875,199999.96875,199999.96875
2.144,199999.96875,199999.96875,199999.96875,199999.96875,199999.96875,199999.96875,199999.96875,199999.96875
2.148,199999.96875,199999.96875,199999.96875,199999.96875,199999.96875,199999.96875,199999.96875,199999.96875
2.152,199999.96875,199999.96875,199999.96875,199999.96875,199999.96875,199999.96875,199999.96875,199999.96875
2.156,199999.96875,199999.96875,199999.96875,199999.96875,199999.96875,199999.96875,199999.96875,199999.96875
2.16,199999.96875,199999.96875,199999.96875,199999.96875,199999.96875,199999.96875,199999.96875,199999.96875
2.164,199999.96875,199999.96875,199999.96875,199999.96875,199999.96875,199999.96875,199999.96875,199999.96875
2.168,199999.96875,199999.96875,199999.96875,199999.96875,199999.96875,199999.96875,199999.96875,199999.96875
2.172,199999.96875,199999.96875,199999.96875,199999.96875,199999.96875,199999.96875,199999.96875,199999.96875
2.176,199999.96875,199999.96875,199999.96875,199999.96875,199999.96875,199999.96875,199999.96875,199999.96875
2.18,199999.96875,199999.96875,199999.96875,199999.96875,199999.96875,199999.96875,199999.96875,199999.96875
2.184,199999.96875,199999.96875,199999.96875,199999.96875,199999.96875,199999.96875,199999.96875,199999.96875
2.188,199999.96875,199999.96875,199999.96875,199999.96875,199999.96875,199999.96875,199999.96875,199999.96875
2.192,199999.96875,199999.96875,199999.96875,199999.96875,199999.96875,199999.96875,199999.96875,199999.96875
2.196,199999.96875,199999.96875,199999.96875,199999.96875,199999.96875,199999.96875,199999.96875,199999.96875
2.2,199999.96875,199999.96875,199999.96875,199999.96875,199999.96875,199999.96875,199999.96875,199999.96875
2.204,199999.96875,199999.96875,199999.96875,199999.96875,199999.96875,199999.96875,199999.96875,199999.96875
2.208,199999.96875,199999.96875,199999.96875,199999.96875,199999.96875,199999.96875,199999.96875,199999.96875
2.212,199999.96875,199999.96875,199999.96875,199999.96875,199999.96875,199999.96875,199999.96875,199999.96875
2.216,199999.96875,199999.96875,199999.96875,199999.96875,199999.96875,199999.96875,199999.96875,199999.96875
2.22,199999.96875,199999.96875,199999.96875,199999.96875,199999.96875,199999.96875,199999.96875,199999.96875
2.224,199999.96875,199999.96875,199999.96875,199999.96875,199999.96875,199999.96875,199999.96875,199999.96875
2.228,199999.96875,199999.96875,199999.96875,199999.96875,199999.96875,199999.96875,199999.96875,199999.96875
2.232,199999.96875,199999.96875,199999.96875,199999.96875,199999.96875,199999.96875,199999.96875,199999.96875
2.236,199999.96875,199999.96875,199999.96875,199999.96875,199999.96875,199999.96875,199999.96875,199999.96875
2.24,199999.96875,199999.96875,199999.96875,199999.96875,199999.96875,199999.96875,199999.96875,199999.96875
2.244,199999.96875,199999.96875,199999.96875,199999.96875,199999.96875,199999.96875,199999.96875,199999.96875
2.248,199999.96875,199999.96875,199999.96875,199999.96875,199999.96875,199999.96875,199999.96875,199999.96875
2.252,199999.96875,199999.96875,199999.96875,199999.96875,199999.96875,199999.96875,199999.96875,199999.96875
2.256,199999.96875,199999.96875,199999.96875,199999.96875,199999.96875,199999.96875,199999.96875,199999.96875
2.26,199999.96875,199999.96875,199999.96875,199999.96875,199999.96875,199999.96875,199999.96875,199999.96875
2.264,199999.96875,199999.96875,199999.96875,199999.96875,199999.96875,199999.96875,199999.96875,199999.96875
2.268,199999.96875,199999.96875,199999.96875,199999.96875,199999.96875,199999.96875,199999.96875,199999.96875
2.272,199999.96875,199999.96875,199999.96875,199999.96875,199999.96875,199999.96875,199999.96875,199999.96875
2.276,199999.96875,199999.96875,199999.96875,199999.96875,199999.96875,199999.96875,199999.96875,199999.96875
2.28,199999.96875,199999.96875,199999.96875,199999.96875,199999.96875,199999.96875,199999.96875,199999.96875
2.284,199999.96875,199999.96875,199999.96875,199999.96875,199999.96875,199999.96875,199999.96875,199999.96875
2.288,199999.96875,199999.96875,199999.96875,199999.96875,199999.96875,199999.96875,199999.96875,199999.96875
2.292,199999.96875,199999.96875,199999.96875,199999.96875,199999.96875,199999.96875,199999.96875,199999.96875
2.296,199999.96875,199999.96875,199999.96875,199999.96875,199999.96875,199999.96875,199999.96875,199999.96875
2.3,199999.96875,199999.96875,199999.96875,199999.96875,199999.96875,199999.96875,199999.96875,199999.96875
2.304,199999.96875,199999.96875,199999.96875,199999.96875,199999.96875,199999.96875,199999.96875,199999.96875
2.308,199999.96875,199999.96875,199999.96875,199999.96875,199999.96875,199999.96875,199999.96875,199999.96875
2.312,199999.96875,199999.96875,199999.96875,199999.96875,199999.96875,199999.96875,199999.96875,199999.96875
2.316,199999.96875,199999.96875,199999.96875,199999.96875,199999.96875,199999.96875,199999.96875,199999.96875
2.32,199999.96875,199999.96875,199999.96875,199999.96875,199999.96875,199999.96875,199999.96875,199999.96875
2.324,199999.96875,199999.96875,199999.96875,199999.96875,199999.96875,199999.96875,199999.96875,199999.96875
2.328,199999.96875,199999.96875,199999.96875,199999.96875,199999.96875,199999.96875,199999.96875,199999.96875
2.332,199999.96875,199999.96875,199999.96875,199999.96875,199999.96875,199999.96875,199999.96875,199999.96875
2.336,199999.96875,199999.96875,199999.96875,199999.96875,199999.96875,199999.96875,199999.96875,199999.96875
2.34,199999.96875,199999.96875,199999.96875,199999.96875,199999.96875,199999.96875,199999.96875,199999.96875
2.344,199999.96875,199999.96875,199999.96875,199999.96875,199999.96875,199999.96875,199999.96875,199999.96875
2.348,199999.96875,199999.96875,199999.96875,199999.96875,199999.96875,199999.96875,199999.96875,199999.96875
2.352,199999.96875,199999.96875,199999.96875,199999.96875,199999.96875,199999.96875,199999.96875,199999.96875
2.356,199999.96875,199999.96875,199999.96875,199999.96875,199999.96875,199999.96875,199999.96875,199999.96875
2.36,199999.96875,199999.96875,199999.96875,199999.96875,199999.96875,199999.96875,199999.96875,199999.96875
2.364,199999.96875,199999.96875,199999.96875,199999.96875,199999.96875,199999.96875,199999.96875,199999.96875
2.368,199999.96875,199999.96875,199999.96875,199999.96875,199999.96875,199999.96875,199999.96875,199999.96875
2.372,199999.96875,199999.96875,199999.96875,199999.96875,199999.96875,199999.96875,199999.96875,199999.96875
2.376,199999.96875,199999.96875,199999.96875,199999.96875,199999.96875,199999.96875,199999.96875,199999.96875
2.38,199999.96875,199999.96875,199999.96875,199999.96875,199999.96875,199999.96875,199999.96875,199999.96875
2.384,199999.96875,199999.96875,199999.96875,199999.96875,199999.96875,199999.96875,199999.96875,199999.96875
2.388,199999.96875,199999.96875,199999.96875,199999.96875,199999.96875,199999.96875,199999.96875,199999.96875
2.392,199999.96875,199999.96875,199999.96875,199999.96875,199999.96875,199999.96875,199999.96875,199999.96875
2.396,199999.96875,199999.96875,199999.96875,199999.96875,199999.96875,199999.96875,199999.96875,199999.96875
2.4,199999.96875,199999.96875,199999.96875,199999.96875,199999.96875,199999.96875,199999.96875,199999.96875
2.404,199999.96875,199999.96875,199999.96875,199999.96875,199999.96875,199999.96875,199999.96875,199999.96875
2.408,199999.96875,199999.96875,199999.96875,199999.96875,199999.96875,199999.96875,199999.96875,199999.96875
2.412,199999.96875,199999.96875,199999.96875,199999.96875,199999.96875,199999.96875,199999.96875,199999.96875
2.416,199999.96875,199999.96875,199999.96875,199999.96875,199999.96875,199999.96875,199999.96875,199999.96875
2.42,199999.96875,199999.96875,199999.96875,199999.96875,199999.96875,199999.96875,199999.96875,199999.96875
2.424,199999.96875,199999.96875,199999.96875,199999.96875,199999.96875,199999.96875,199999.96875,199999.96875
2.428,199999.96875,199999.96875,199999.96875,199999.96875,199999.96875,199999.96875,199999.96875,199999.96875
2.432,199999.96875,199999.96875,199999.96875,199999.96875,199999.96875,199999.96875,199999.96875,199999.96875
2.436,199999.96875,199999.96875,199999.96875,199999.96875,199999.96875,199999.96875,199999.96875,199999.96875
2.44,199999.96875,199999.96875,199999.96875,199999.96875,199999.96875,199999.96875,199999.96875,199999.96875
2.444,199999.96875,199999.96875,199999.96875,199999.96875,199999.96875,199999.96875,199999.96875,199999.96875
2.448,199999.96875,199999.96875,199999.96875,199999.96875,199999.96875,199999.96875,199999.96875,199999.96875
2.452,199999.96875,199999.96875,199999.96875,199999.96875,199999.96875,199999.96875,199999.96875,199999.96875
2.456,199999.96875,199999.96875,199999.96875,199999.96875,199999.96875,199999.96875,199999.96875,199999.96875
2.46,199999.96875,199999.96875,199999.96875,199999.96875,199999.96875,199999.96875,199999.96875,199999.96875
2.464,199999.96875,199999.96875,199999.96875,199999.96875,199999.96875,199999.96875,199999.96875,199999.96875
2.468,199999.96875,199999.96875,199999.96875,199999.96875,199999.96875,199999.96875,199999.96875,199999.96875
2.472,199999.96875,199999.96875,199999.96875,199999.96875,199999.96875,199999.96875,199999.96875,199999.96875
2.476,199999.96875,199999.96875,199999.96875,199999.96875,199999.96875,199999.96875,199999.96875,199999.96875
2.48,199999.96875,199999.96875,199999.96875,199999.96875,199999.96875,199999.96875,199999.96875,199999.96875
2.484,199999.96875,199999.96875,199999.96875,199999.96875,199999.96875,199999.96875,199999.96875,199999.96875
2.488,199999.96875,199999.96875,199999.96875,199999.96875,199999.96875,199999.96875,199999.96875,199999.96875
2.492,199999.96875,199999.96875,199999.96875,199999.96875,199999.96875,199999.96875,199999.96875,199999.96875
2.496,199999.96875,199999.96875,199999.96875,199999.96875,199999.96875,199999.96875,199999.96875,199999.96875
2.5,199999.96875,199999.96875,199999.96875,199999.96875,199999.96875,199999.96875,199999.96875,199999.96875
2.504,199999.96875,199999.96875,199999.96875,199999.96875,199999.96875,199999.96875,199999.96875,199999.96875
2.508,199999.96875,199999.96875,199999.96875,199999.96875,199999.96875,199999.96875,199999.96875,199999.96875
2.512,199999.96875,199999.96875,199999.96875,199999.96875,199999.96875,199999.96875,199999.96875,199999.96875
2.516,199999.96875,199999.96875,199999.96875,199999.96875,199999.96875,199999.96875,199999.96875,199999.96875
2.52,199999.96875,199999.96875,199999.96875,199999.96875,199999.96875,199999.96875,199999.96875,199999.96875
2.524,199999.96875,199999.96875,199999.96875,199999.96875,199999.96875,199999.96875,199999.96875,199999.96875
2.528,199999.96875,199999.96875,199999.96875,199999.96875,199999.96875,199999.96875,199999.96875,199999.96875
2.532,199999.96875,199999.96875,199999.96875,199999.96875,199999.96875,199999.96875,199999.96875,199999.96875
2.536,199999.96875,199999.96875,199999.96875,199999.96875,199999.96875,199999.96875,199999.96875,199999.96875
2.54,199999.96875,199999.96875,199999.96875,199999.96875,199999.96875,199999.96875,199999.96875,199999.96875
2.544,199999.96875,199999.96875,199999.96875,199999.96875,199999.96875,199999.96875,199999.96875,199999.96875
2.548,199999.96875,199999.96875,199999.96875,199999.96875,199999.96875,199999.96875,199999.96875,199999.96875
2.552,199999.96875,199999.96875,199999.96875,199999.96875,199999.96875,199999.96875,199999.96875,199999.96875
2.556,199999.96875,199999.96875,199999.96875,199999.96875,199999.96875,199999.96875,199999.96875,199999.96875
2.56,199999.96875,199999.96875,199999.96875,199999.96875,199999.96875,199999.96875,199999.96875,199999.96875
2.564,199999.96875,199999.96875,199999.96875,199999.96875,199999.96875,199999.96875,199999.96875,199999.96875
2.568,199999.96875,199999.96875,199999.96875,199999.96875,199999.96875,199999.96875,199999.96875,199999.96875
2.572,199999.96875,199999.96875,199999.96875,199999.96875,199999.96875,199999.96875,199999.96875,199999.96875
2.576,199999.96875,199999.96875,199999.96875,199999.96875,199999.96875,199999.96875,199999.96875,199999.96875
2.58,199999.96875,199999.96875,199999.96875,199999.96875,199999.96875,199999.96875,199999.96875,199999.96875
2.584,199999.96875,199999.96875,199999.96875,199999.96875,199999.96875,199999.96875,199999.96875,199999.96875
2.588,199999.96875,199999.96875,199999.96875,199999.96875,199999.96875,199999.96875,199999.96875,199999.96875
2.592,199999.96875,199999.96875,199999.96875,199999.96875,199999.96875,199999.96875,199999.96875,199999.96875
2.596,199999.96875,199999.96875,199999.96875,199999.96875,199999.96875,199999.96875,199999.96875,199999.96875
2.6,199999.96875,199999.96875,199999.96875,199999.96875,199999.96875,199999.96875,199999.96875,199999.96875
2.604,199999.96875,199999.96875,199999.96875,199999.96875,199999.96875,199999.96875,199999.96875,199999.96875
2.608,199999.96875,199999.96875,199999.96875,199999.96875,199999.96875,199999.96875,199999.96875,199999.96875
2.612,199999.96875,199999.96875,199999.96875,199999.96875,199999.96875,199999.96875,199999.96875,199999.96875
2.616,199999.96875,199999.96875,199999.96875,199999.96875,199999.96875,199999.96875,199999.96875,199999.96875
2.62,199999.96875,199999.96875,199999.96875,199999.96875,199999.96875,199999.96875,199999.96875,199999.96875
2.624,199999.96875,199999.96875,199999.96875,199999.96875,199999.96875,199999.96875,199999.96875,199999.96875
2.628,199999.96875,199999.96875,199999.96875,199999.96875,199999.96875,199999.96875,199999.96875,199999.96875
2.632,199999.96875,199999.96875,199999.96875,199999.96875,199999.96875,199999.96875,199999.96875,199999.96875
2.636,199999.96875,199999.96875,199999.96875,199999.96875,199999.96875,199999.96875,199999.96875,199999.96875
2.64,199999.96875,199999.96875,199999.96875,199999.96875,199999.96875,199999.96875,199999.96875,199999.96875
2.644,199999.96875,199999.96875,199999.96875,199999.96875,199999.96875,199999.96875,199999.96875,199999.96875
2.648,199999.96875,199999.96875,199999.96875,199999.96875,199999.96875,199999.96875,199999.96875,199999.96875
2.652,199999.96875,199999.96875,199999.96875,199999.96875,199999.96875,199999.96875,199999.96875,199999.96875
2.656,199999.96875,199999.96875,199999.96875,199999.96875,199999.96875,199999.96875,199999.96875,199999.96875
2.66,199999.96875,199999.96875,199999.96875,199999.96875,199999.96875,199999.96875,199999.96875,199999.96875
2.664,199999.96875,199999.96875,199999.96875,199999.96875,199999.96875,199999.96875,199999.96875,199999.96875
2.668,199999.96875,199999.96875,199999.96875,199999.96875,199999.96875,199999.96875,199999.96875,199999.96875
2.672,199999.96875,199999.96875,199999.96875,199999.96875,199999.96875,199999.96875,199999.96875,199999.96875
2.676,199999.96875,199999.96875,199999.96875,199999.96875,199999.96875,199999.96875,199999.96875,199999.96875
2.68,199999.96875,199999.96875,199999.96875,199999.96875,199999.96875,199999.96875,199999.96875,199999.96875
2.684,199999.96875,199999.96875,199999.96875,199999.96875,199999.96875,199999.96875,199999.96875,199999.96875
2.688,199999.96875,199999.96875,199999.96875,199999.96875,199999.96875,199999.96875,199999.96875,199999.96875
2.692,199999.96875,199999.96875,199999.96875,199999.96875,199999.96875,199999.96875,199999.96875,199999.96875
2.696,199999.96875,199999.96875,199999.96875,199999.96875,199999.96875,199999.96875,199999.96875,199999.96875
2.7,199999.96875,199999.96875,199999.96875,199999.96875,199999.96875,199999.96875,199999.96875,199999.96875
2.704,199999.96875,199999.96875,199999.96875,199999.96875,199999.96875,199999.96875,199999.96875,199999.96875
2.708,199999.96875,199999.96875,199999.96875,199999.96875,199999.96875,199999.96875,199999.96875,199999.96875
2.712,199999.96875,199999.96875,199999.96875,199999.96875,199999.96875,199999.96875,199999.96875,199999.96875
2.716,199999.96875,199999.96875,199999.96875,199999.96875,199999.96875,199999.96875,199999.96875,199999.96875
2.72,199999.96875,199999.96875,199999.96875,199999.96875,199999.96875,199999.96875,199999.96875,199999.96875
2.724,199999.96875,199999.96875,199999.96875,199999.96875,199999.96875,199999.96875,199999.96875,199999.96875
2.728,199999.96875,199999.96875,199999.96875,199999.96875,199999.96875,199999.96875,199999.96875,199999.96875
2.732,199999.96875,199999.96875,199999.96875,199999.96875,199999.96875,199999.96875,199999.96875,199999.96875
2.736,199999.96875,199999.96875,199999.96875,199999.96875,199999.96875,199999.96875,199999.96875,199999.96875
2.74,199999.96875,199999.96875,199999.96875,199999.96875,199999.96875,199999.96875,199999.96875,199999.96875
2.744,199999.96875,199999.96875,199999.96875,199999.96875,199999.96875,199999.96875,199999.96875,199999.96875
2.748,199999.96875,199999.96875,199999.96875,199999.96875,199999.96875,199999.96875,199999.96875,199999.96875
2.752,199999.96875,199999.96875,199999.96875,199999.96875,199999.96875,199999.96875,199999.96875,199999.96875
2.756,199999.96875,199999.96875,199999.96875,199999.96875,199999.96875,199999.96875,199999.96875,199999.96875
2.76,199999.96875,199999.96875,199999.96875,199999.96875,199999.96875,199999.96875,199999.96875,199999.96875
2.764,199999.96875,199999.96875,199999.96875,199999.96875,199999.96875,199999.96875,199999.96875,199999.96875
2.768,199999.96875,199999.96875,199999.96875,199999.96875,199999.96875,199999.96875,199999.96875,199999.96875
2.772,199999.96875,199999.96875,199999.96875,199999.96875,199999.96875,199999.96875,199999.96875,199999.96875
2.776,199999.96875,199999.96875,199999.96875,199999.96875,199999.96875,199999.96875,199999.96875,199999.96875
2.78,199999.96875,199999.96875,199999.96875,199999.96875,199999.96875,199999.96875,199999.96875,199999.96875
2.784,199999.96875,199999.96875,199999.96875,199999.96875,199999.96875,199999.96875,199999.96875,199999.96875
2.788,199999.96875,199999.96875,199999.96875,199999.96875,199999.96875,199999.96875,199999.96875,199999.96875
2.792,199999.96875,199999.96875,199999.96875,199999.96875,199999.96875,199999.96875,199999.96875,199999.96875
2.796,199999.96875,199999.96875,199999.96875,199999.96875,199999.96875,199999.96875,199999.96875,199999.96875
2.8,199999.96875,199999.96875,199999.96875,199999.96875,199999.96875,199999.96875,199999.96875,199999.96875
2.804,199999.96875,199999.96875,199999.96875,199999.96875,199999.96875,199999.96875,199999.96875,199999.96875
2.808,199999.96875,199999.96875,199999.96875,199999.96875,199999.96875,199999.96875,199999.96875,199999.96875
2.812,199999.96875,199999.96875,199999.96875,199999.96875,199999.96875,199999.96875,199999.96875,199999.96875
2.816,199999.96875,199999.96875,199999.96875,199999.96875,199999.96875,199999.96875,199999.96875,199999.96875
2.82,199999.96875,199999.96875,199999.96875,199999.96875,199999.96875,199999.96875,199999.96875,199999.96875
2.824,199999.96875,199999.96875,199999.96875,199999.96875,199999.96875,199999.96875,199999.96875,199999.96875
2.828,199999.96875,199999.96875,199999.96875,199999.96875,199999.96875,199999.96875,199999.96875,199999.96875
2.832,199999.96875,199999.96875,199999.96875,199999.96875,199999.96875,199999.96875,199999.96875,199999.96875
2.836,199999.96875,199999.96875,199999.96875,199999.96875,199999.96875,199999.96875,199999.96875,199999.96875
2.84,199999.96875,199999.96875,199999.96875,199999.96875,199999.96875,199999.96875,199999.96875,199999.96875
2.844,199999.96875,199999.96875,199999.96875,199999.96875,199999.96875,199999.96875,199999.96875,199999.96875
2.848,199999.96875,199999.96875,199999.96875,199999.96875,199999.96875,199999.96875,199999.96875,199999.96875
2.852,199999.96875,199999.96875,199999.96875,199999.96875,199999.96875,199999.96875,199999.96875,199999.96875
2.856,199999.96875,199999.96875,199999.96875,199999.96875,199999.96875,199999.96875,199999.96875,199999.96875
2.86,199999.96875,199999.96875,199999.96875,199999.96875,199999.96875,199999.96875,199999.96875,199999.96875
2.864,199999.96875,199999.96875,199999.96875,199999.96875,199999.96875,199999.96875,199999.96875,199999.96875
2.868,199999.96875,199999.96875,199999.96875,199999.96875,199999.96875,199999.96875,199999.96875,199999.96875
2.872,199999.96875,199999.96875,199999.96875,199999.96875,199999.96875,199999.96875,199999.96875,199999.96875
2.876,199999.96875,199999.96875,199999.96875,199999.96875,199999.96875,199999.96875,199999.96875,199999.96875
2.88,199999.96875,199999.96875,199999.96875,199999.96875,199999.96875,199999.96875,199999.96875,199999.96875
2.884,199999.96875,199999.96875,199999.96875,199999.96875,199999.96875,199999.96875,199999.96875,199999.96875
2.888,199999.96875,199999.96875,199999.96875,199999.96875,199999.96875,199999.96875,199999.96875,199999.96875
2.892,199999.96875,199999.96875,199999.96875,199999.96875,199999.96875,199999.96875,199999.96875,199999.96875
2.896,199999.96875,199999.96875,199999.96875,199999.96875,199999.96875,199999.96875,199999.96875,199999.96875
2.9,199999.96875,199999.96875,199999.96875,199999.96875,199999.96875,199999.96875,199999.96875,199999.96875
2.904,199999.96875,199999.96875,199999.96875,199999.96875,199999.96875,199999.96875,199999.96875,199999.96875
2.908,199999.96875,199999.96875,199999.96875,199999.96875,199999.96875,199999.96875,199999.96875,199999.96875
2.912,199999.96875,199999.96875,199999.96875,199999.96875,199999.96875,199999.96875,199999.96875,199999.96875
2.916,199999.96875,199999.96875,199999.96875,199999.96875,199999.96875,199999.96875,199999.96875,199999.96875
2.92,199999.96875,199999.96875,199999.96875,199999.96875,199999.96875,199999.96875,199999.96875,199999.96875
2.924,199999.96875,199999.96875,199999.96875,199999.96875,199999.96875,199999.96875,199999.96875,199999.96875
2.928,199999.96875,199999.96875,199999.96875,199999.96875,199999.96875,199999.96875,199999.96875,199999.96875
2.932,199999.96875,199999.96875,199999.96875,199999.96875,199999.96875,199999.96875,199999.96875,199999.96875
2.936,199999.96875,199999.96875,199999.96875,199999.96875,199999.96875,199999.96875,199999.96875,199999.96875
2.94,199999.96875,199999.96875,199999.96875,199999.96875,199999.96875,199999.96875,199999.96875,199999.96875
2.944,199999.96875,199999.96875,199999.96875,199999.96875,199999.96875,199999.96875,199999.96875,199999.96875
2.948,199999.96875,199999.96875,199999.96875,199999.96875,199999.96875,199999.96875,199999.96875,199999.96875
2.952,199999.96875,199999.96875,199999.96875,199999.96875,199999.96875,199999.96875,199999.96875,199999.96875
2.956,199999.96875,199999.96875,199999.96875,199999.96875,199999.96875,199999.96875,199999.96875,199999.96875
2.96,199999.96875,199999.96875,199999.96875,199999.96875,199999.96875,199999.96875,199999.96875,199999.96875
2.964,199999.96875,199999.96875,199999.96875,199999.96875,199999.96875,199999.96875,199999.96875,199999.96875
2.968,199999.96875,199999.96875,199999.96875,199999.96875,199999.96875,199999.96875,199999.96875,199999.96875
2.972,199999.96875,199999.96875,199999.96875,199999.96875,199999.96875,199999.96875,199999.96875,199999.96875
2.976,199999.96875,199999.96875,199999.96875,199999.96875,199999.96875,199999.96875,199999.96875,199999.96875
2.98,199999.96875,199999.96875,199999.96875,199999.96875,199999.96875,199999.96875,199999.96875,199999.96875
2.984,199999.96875,199999.96875,199999.96875,199999.96875,199999.96875,199999.96875,199999.96875,199999.96875
2.988,199999.96875,199999.96875,199999.96875,199999.96875,199999.96875,199999.96875,199999.96875,199999.96875
2.992,199999.96875,199999.96875,199999.96875,199999.96875,199999.96875,199999.96875,199999.96875,199999.96875
2.996,199999.96875,199999.96875,199999.96875,199999.96875,199999.96875,199999.96875,199999.96875,199999.96875
3,199999.96875,199999.96875,199999.96875,199999.96875,199999.96875,199999.96875,199999.96875,199999.96875
3.004,199999.96875,199999.96875,199999.96875,199999.96875,199999.96875,199999.96875,199999.96875,199999.96875
3.008,199999.96875,199999.96875,199999.96875,199999.96875,199999.96875,199999.96875,199999.96875,199999.96875
3.012,199999.96875,199999.96875,199999.96875,199999.96875,199999.96875,199999.96875,199999.96875,199999.96875
3.016,199999.96875,199999.96875,199999.96875,199999.96875,199999.96875,199999.96875,199999.96875,199999.96875
3.02,199999.96875,199999.96875,199999.96875,199999.96875,199999.96875,199999.96875,199999.96875,199999.96875
3.024,199999.96875,199999.96875,199999.96875,199999.96875,199999.96875,199999.96875,199999.96875,199999.96875
3.028,199999.96875,199999.96875,199999.96875,199999.96875,199999.96875,199999.96875,199999.96875,199999.96875
3.032,199999.96875,199999.96875,199999.96875,199999.96875,199999.96875,199999.96875,199999.96875,199999.96875
3.036,199999.96875,199999.96875,199999.96875,199999.96875,199999.96875,199999.96875,199999.96875,199999.96875
3.04,199999.96875,199999.96875,199999.96875,199999.96875,199999.96875,199999.96875,199999.96875,199999.96875
3.044,199999.96875,199999.96875,199999.96875,199999.96875,199999.96875,199999.96875,199999.96875,199999.96875
3.048,199999.96875,199999.96875,199999.96875,199999.96875,199999.96875,199999.96875,199999.96875,199999.96875
3.052,199999.96875,199999.96875,199999.96875,199999.96875,199999.96875,199999.96875,199999.96875,199999.96875
3.056,199999.96875,199999.96875,199999.96875,199999.96875,199999.96875,199999.96875,199999.96875,199999.96875
3.06,199999.96875,199999.96875,199999.96875,199999.96875,199999.96875,199999.96875,199999.96875,199999.96875
3.064,199999.96875,199999.96875,199999.96875,199999.96875,199999.96875,199999.96875,199999.96875,199999.96875
3.068,199999.96875,199999.96875,199999.96875,199999.96875,199999.96875,199999.96875,199999.96875,199999.96875
3.072,199999.96875,199999.96875,199999.96875,199999.96875,199999.96875,199999.96875,199999.96875,199999.96875
3.076,199999.96875,199999.96875,199999.96875,199999.96875,199999.96875,199999.96875,199999.96875,199999.96875
3.08,199999.96875,199999.96875,199999.96875,199999.96875,199999.96875,199999.96875,199999.96875,199999.96875
3.084,199999.96875,199999.96875,199999.96875,199999.96875,199999.96875,199999.96875,199999.96875,199999.96875
3.088,199999.96875,199999.96875,199999.96875,199999.96875,199999.96875,199999.96875,199999.96875,199999.96875
3.092,199999.96875,199999.96875,199999.96875,199999.96875,199999.96875,199999.96875,199999.96875,199999.96875
3.096,199999.96875,199999.96875,199999.96875,199999.96875,199999.96875,199999.96875,199999.96875,199999.96875
3.1,199999.96875,199999.96875,199999.96875,199999.96875,199999.96875,199999.96875,199999.96875,199999.96875
3.104,199999.96875,199999.96875,199999.96875,199999.96875,199999.96875,199999.96875,199999.96875,199999.96875
3.108,199999.96875,199999.96875,199999.96875,199999.96875,199999.96875,199999.96875,199999.96875,199999.96875
3.112,199999.96875,199999.96875,199999.96875,199999.96875,199999.96875,199999.96875,199999.96875,199999.96875
3.116,199999.96875,199999.96875,199999.96875,199999.96875,199999.96875,199999.96875,199999.96875,199999.96875
3.12,199999.96875,199999.96875,199999.96875,199999.96875,199999.96875,199999.96875,199999.96875,199999.96875
3.124,199999.96875,199999.96875,199999.96875,199999.96875,199999.96875,199999.96875,199999.96875,199999.96875
3.128,199999.96875,199999.96875,199999.96875,199999.96875,199999.96875,199999.96875,199999.96875,199999.96875
3.132,199999.96875,199999.96875,199999.96875,199999.96875,199999.96875,199999.96875,199999.96875,199999.96875
3.136,199999.96875,199999.96875,199999.96875,199999.96875,199999.96875,199999.96875,199999.96875,199999.96875
3.14,199999.96875,199999.96875,199999.96875,199999.96875,199999.96875,199999.96875,199999.96875,199999.96875
3.144,199999.96875,199999.96875,199999.96875,199999.96875,199999.96875,199999.96875,199999.96875,199999.96875
3.148,199999.96875,199999.96875,199999.96875,199999.96875,199999.96875,199999.96875,199999.96875,199999.96875
3.152,199999.96875,199999.96875,199999.96875,199999.96875,199999.96875,199999.96875,199999.96875,199999.96875
3.156,199999.96875,199999.96875,199999.96875,199999.96875,199999.96875,199999.96875,199999.96875,199999.96875
3.16,199999.96875,199999.96875,199999.96875,199999.96875,199999.96875,199999.96875,199999.96875,199999.96875
3.164,199999.96875,199999.96875,199999.96875,199999.96875,199999.96875,199999.96875,199999.96875,199999.96875
3.168,199999.96875,199999.96875,199999.96875,199999.96875,199999.96875,199999.96875,199999.96875,199999.96875
3.172,199999.96875,199999.96875,199999.96875,199999.96875,199999.96875,199999.96875,199999.96875,199999.96875
3.176,199999.96875,199999.96875,199999.96875,199999.96875,199999.96875,199999.96875,199999.96875,199999.96875
3.18,199999.96875,199999.96875,199999.96875,199999.96875,199999.96875,199999.96875,199999.96875,199999.96875
3.184,199999.96875,199999.96875,199999.96875,199999.96875,199999.96875,199999.96875,199999.96875,199999.96875
3.188,199999.96875,199999.96875,199999.96875,199999.96875,199999.96875,199999.96875,199999.96875,199999.96875
3.192,199999.96875,199999.96875,199999.96875,199999.96875,199999.96875,199999.96875,199999.96875,199999.96875
3.196,199999.96875,199999.96875,199999.96875,199999.96875,199999.96875,199999.96875,199999.96875,199999.96875
3.2,199999.96875,199999.96875,199999.96875,199999.96875,199999.96875,199999.96875,199999.96875,199999.96875
3.204,199999.96875,199999.96875,199999.96875,199999.96875,199999.96875,199999.96875,199999.96875,199999.96875
3.208,199999.96875,199999.96875,199999.96875,199999.96875,199999.96875,199999.96875,199999.96875,199999.96875
3.212,199999.96875,199999.96875,199999.96875,199999.96875,199999.96875,199999.96875,199999.96875,199999.96875
3.216,199999.96875,199999.96875,199999.96875,199999.96875,199999.96875,199999.96875,199999.96875,199999.96875
3.22,199999.96875,199999.96875,199999.96875,199999.96875,199999.96875,199999.96875,199999.96875,199999.96875
3.224,199999.96875,199999.96875,199999.96875,199999.96875,199999.96875,199999.96875,199999.96875,199999.96875
3.228,199999.96875,199999.96875,199999.96875,199999.96875,199999.96875,199999.96875,199999.96875,199999.96875
3.232,199999.96875,199999.96875,199999.96875,199999.96875,199999.96875,199999.96875,199999.96875,199999.96875
3.236,199999.96875,199999.96875,199999.96875,199999.96875,199999.96875,199999.96875,199999.96875,199999.96875
3.24,199999.96875,199999.96875,199999.96875,199999.96875,199999.96875,199999.96875,199999.96875,199999.96875
3.244,199999.96875,199999.96875,199999.96875,199999.96875,199999.96875,199999.96875,199999.96875,199999.96875
3.248,199999.96875,199999.96875,199999.96875,199999.96875,199999.96875,199999.96875,199999.96875,199999.96875
3.252,199999.96875,199999.96875,199999.96875,199999.96875,199999.96875,199999.96875,199999.96875,199999.96875
3.256,199999.96875,199999.96875,199999.96875,199999.96875,199999.96875,199999.96875,199999.96875,199999.96875
3.26,199999.96875,199999.96875,199999.96875,199999.96875,199999.96875,199999.96875,199999.96875,199999.96875
3.264,199999.96875,199999.96875,199999.96875,199999.96875,199999.96875,199999.96875,199999.96875,199999.96875
3.268,199999.96875,199999.96875,199999.96875,199999.96875,199999.96875,199999.96875,199999.96875,199999.96875
3.272,199999.96875,199999.96875,199999.96875,199999.96875,199999.96875,199999.96875,199999.96875,199999.96875
3.276,199999.96875,199999.96875,199999.96875,199999.96875,199999.96875,199999.96875,199999.96875,199999.96875
3.28,199999.96875,199999.96875,199999.96875,199999.96875,199999.96875,199999.96875,199999.96875,199999.96875
3.284,199999.96875,199999.96875,199999.96875,199999.96875,199999.96875,199999.96875,199999.96875,199999.96875
3.288,199999.96875,199999.96875,199999.96875,199999.96875,199999.96875,199999.96875,199999.96875,199999.96875
3.292,199999.96875,199999.96875,199999.96875,199999.96875,199999.96875,199999.96875,199999.96875,199999.96875
3.296,199999.96875,199999.96875,199999.96875,199999.96875,199999.96875,199999.96875,199999.96875,199999.96875
3.3,199999.96875,199999.96875,199999.96875,199999.96875,199999.96875,199999.96875,199999.96875,199999.96875
3.304,199999.96875,199999.96875,199999.96875,199999.96875,199999.96875,199999.96875,199999.96875,199999.96875
3.308,199999.96875,199999.96875,199999.96875,199999.96875,199999.96875,199999.96875,199999.96875,199999.96875
3.312,199999.96875,199999.96875,199999.96875,199999.96875,199999.96875,199999.96875,199999.96875,199999.96875
3.316,199999.96875,199999.96875,199999.96875,199999.96875,199999.96875,199999.96875,199999.96875,199999.96875
3.32,199999.96875,199999.96875,199999.96875,199999.96875,199999.96875,199999.96875,199999.96875,199999.96875
3.324,199999.96875,199999.96875,199999.96875,199999.96875,199999.96875,199999.96875,199999.96875,199999.96875
3.328,199999.96875,199999.96875,199999.96875,199999.96875,199999.96875,199999.96875,199999.96875,199999.96875
3.332,199999.96875,199999.96875,199999.96875,199999.96875,199999.96875,199999.96875,199999.96875,199999.96875
3.336,199999.96875,199999.96875,199999.96875,199999.96875,199999.96875,199999.96875,199999.96875,199999.96875
3.34,199999.96875,199999.96875,199999.96875,199999.96875,199999.96875,199999.96875,199999.96875,199999.96875
3.344,199999.96875,199999.96875,199999.96875,199999.96875,199999.96875,199999.96875,199999.96875,199999.96875
3.348,199999.96875,199999.96875,199999.96875,199999.96875,199999.96875,199999.96875,199999.96875,199999.96875
3.352,199999.96875,199999.96875,199999.96875,199999.96875,199999.96875,199999.96875,199999.96875,199999.96875
3.356,199999.96875,199999.96875,199999.96875,199999.96875,199999.96875,199999.96875,199999.96875,199999.96875
3.36,199999.96875,199999.96875,199999.96875,199999.96875,199999.96875,199999.96875,199999.96875,199999.96875
3.364,199999.96875,199999.96875,199999.96875,199999.96875,199999.96875,199999.96875,199999.96875,199999.96875
3.368,199999.96875,199999.96875,199999.96875,199999.96875,199999.96875,199999.96875,199999.96875,199999.96875
3.372,199999.96875,199999.96875,199999.96875,199999.96875,199999.96875,199999.96875,199999.96875,199999.96875
3.376,199999.96875,199999.96875,199999.96875,199999.96875,199999.96875,199999.96875,199999.96875,199999.96875
3.38,199999.96875,199999.96875,199999.96875,199999.96875,199999.96875,199999.96875,199999.96875,199999.96875
3.384,199999.96875,199999.96875,199999.96875,199999.96875,199999.96875,199999.96875,199999.96875,199999.96875
3.388,199999.96875,199999.96875,199999.96875,199999.96875,199999.96875,199999.96875,199999.96875,199999.96875
3.392,199999.96875,199999.96875,199999.96875,199999.96875,199999.96875,199999.96875,199999.96875,199999.96875
3.396,199999.96875,199999.96875,199999.96875,199999.96875,199999.96875,199999.96875,199999.96875,199999.96875
3.4,199999.96875,199999.96875,199999.96875,199999.96875,199999.96875,199999.96875,199999.96875,199999.96875
3.404,199999.96875,199999.96875,199999.96875,199999.96875,199999.96875,199999.96875,199999.96875,199999.96875
3.408,199999.96875,199999.96875,199999.96875,199999.96875,199999.96875,199999.96875,199999.96875,199999.96875
3.412,199999.96875,199999.96875,199999.96875,199999.96875,199999.96875,199999.96875,199999.96875,199999.96875
3.416,199999.96875,199999.96875,199999.96875,199999.96875,199999.96875,199999.96875,199999.96875,199999.96875
3.42,199999.96875,199999.96875,199999.96875,199999.96875,199999.96875,199999.96875,199999.96875,199999.96875
3.424,199999.96875,199999.96875,199999.96875,199999.96875,199999.96875,199999.96875,199999.96875,199999.96875
3.428,199999.96875,199999.96875,199999.96875,199999.96875,199999.96875,199999.96875,199999.96875,199999.96875
3.432,199999.96875,199999.96875,199999.96875,199999.96875,199999.96875,199999.96875,199999.96875,199999.96875
3.436,199999.96875,199999.96875,199999.96875,199999.96875,199999.96875,199999.96875,199999.96875,199999.96875
3.44,199999.96875,199999.96875,199999.96875,199999.96875,199999.96875,199999.96875,199999.96875,199999.96875
3.444,199999.96875,199999.96875,199999.96875,199999.96875,199999.96875,199999.96875,199999.96875,199999.96875
3.448,199999.96875,199999.96875,199999.96875,199999.96875,199999.96875,199999.96875,199999.96875,199999.96875
3.452,199999.96875,199999.96875,199999.96875,199999.96875,199999.96875,199999.96875,199999.96875,199999.96875
3.456,199999.96875,199999.96875,199999.96875,199999.96875,199999.96875,199999.96875,199999.96875,199999.96875
3.46,199999.96875,199999.96875,199999.96875,199999.96875,199999.96875,199999.96875,199999.96875,199999.96875
3.464,199999.96875,199999.96875,199999.96875,199999.96875,199999.96875,199999.96875,199999.96875,199999.96875
3.468,199999.96875,199999.96875,199999.96875,199999.96875,199999.96875,199999.96875,199999.96875,199999.96875
3.472,199999.96875,199999.96875,199999.96875,199999.96875,199999.96875,199999.96875,199999.96875,199999.96875
3.476,199999.96875,199999.96875,199999.96875,199999.96875,199999.96875,199999.96875,199999.96875,199999.96875
3.48,199999.96875,199999.96875,199999.96875,199999.96875,199999.96875,199999.96875,199999.96875,199999.96875
3.484,199999.96875,199999.96875,199999.96875,199999.96875,199999.96875,199999.96875,199999.96875,199999.96875
3.488,199999.96875,199999.96875,199999.96875,199999.96875,199999.96875,199999.96875,199999.96875,199999.96875
3.492,199999.96875,199999.96875,199999.96875,199999.96875,199999.96875,199999.96875,199999.96875,199999.96875
3.496,199999.96875,199999.96875,199999.96875,199999.96875,199999.96875,199999.96875,199999.96875,199999.96875
3.5,199999.96875,199999.96875,199999.96875,199999.96875,199999.96875,199999.96875,199999.96875,199999.96875
3.504,199999.96875,199999.96875,199999.96875,199999.96875,199999.96875,199999.96875,199999.96875,199999.96875
3.508,199999.96875,199999.96875,199999.96875,199999.96875,199999.96875,199999.96875,199999.96875,199999.96875
3.512,199999.96875,199999.96875,199999.96875,199999.96875,199999.96875,199999.96875,199999.96875,199999.96875
3.516,199999.96875,199999.96875,199999.96875,199999.96875,199999.96875,199999.96875,199999.96875,199999.96875
3.52,199999.96875,199999.96875,199999.96875,199999.96875,199999.96875,199999.96875,199999.96875,199999.96875
3.524,199999.96875,199999.96875,199999.96875,199999.96875,199999.96875,199999.96875,199999.96875,199999.96875
3.528,199999.96875,199999.96875,199999.96875,199999.96875,199999.96875,199999.96875,199999.96875,199999.96875
3.532,199999.96875,199999.96875,199999.96875,199999.96875,199999.96875,199999.96875,199999.96875,199999.96875
3.536,199999.96875,199999.96875,199999.96875,199999.96875,199999.96875,199999.96875,199999.96875,199999.96875
3.54,199999.96875,199999.96875,199999.96875,199999.96875,199999.96875,199999.96875,199999.96875,199999.96875
3.544,199999.96875,199999.96875,199999.96875,199999.96875,199999.96875,199999.96875,199999.96875,199999.96875
3.548,199999.96875,199999.96875,199999.96875,199999.96875,199999.96875,199999.96875,199999.96875,199999.96875
3.552,199999.96875,199999.96875,199999.96875,199999.96875,199999.96875,199999.96875,199999.96875,199999.96875
3.556,199999.96875,199999.96875,199999.96875,199999.96875,199999.96875,199999.96875,199999.96875,199999.96875
3.56,199999.96875,199999.96875,199999.96875,199999.96875,199999.96875,199999.96875,199999.96875,199999.96875
3.564,199999.96875,199999.96875,199999.96875,199999.96875,199999.96875,199999.96875,199999.96875,199999.96875
3.568,199999.96875,199999.96875,199999.96875,199999.96875,199999.96875,199999.96875,199999.96875,199999.96875
3.572,199999.96875,199999.96875,199999.96875,199999.96875,199999.96875,199999.96875,199999.96875,199999.96875
3.576,199999.96875,199999.96875,199999.96875,199999.96875,199999.96875,199999.96875,199999.96875,199999.96875
3.58,199999.96875,199999.96875,199999.96875,199999.96875,199999.96875,199999.96875,199999.96875,199999.96875
3.584,199999.96875,199999.96875,199999.96875,199999.96875,199999.96875,199999.96875,199999.96875,199999.96875
3.588,199999.96875,199999.96875,199999.96875,199999.96875,199999.96875,199999.96875,199999.96875,199999.96875
3.592,199999.96875,199999.96875,199999.96875,199999.96875,199999.96875,199999.96875,199999.96875,199999.96875
3.596,199999.96875,199999.96875,199999.96875,199999.96875,199999.96875,199999.96875,199999.96875,199999.96875
3.6,199999.96875,199999.96875,199999.96875,199999.96875,199999.96875,199999.96875,199999.96875,199999.96875
3.604,199999.96875,199999.96875,199999.96875,199999.96875,199999.96875,199999.96875,199999.96875,199999.96875
3.608,199999.96875,199999.96875,199999.96875,199999.96875,199999.96875,199999.96875,199999.96875,199999.96875
3.612,199999.96875,199999.96875,199999.96875,199999.96875,199999.96875,199999.96875,199999.96875,199999.96875
3.616,199999.96875,199999.96875,199999.96875,199999.96875,199999.96875,199999.96875,199999.96875,199999.96875
3.62,199999.96875,199999.96875,199999.96875,199999.96875,199999.96875,199999.96875,199999.96875,199999.96875
3.624,199999.96875,199999.96875,199999.96875,199999.96875,199999.96875,199999.96875,199999.96875,199999.96875
3.628,199999.96875,199999.96875,199999.96875,199999.96875,199999.96875,199999.96875,199999.96875,199999.96875
3.632,199999.96875,199999.96875,199999.96875,199999.96875,199999.96875,199999.96875,199999.96875,199999.96875
3.636,199999.96875,199999.96875,199999.96875,199999.96875,199999.96875,199999.96875,199999.96875,199999.96875
3.64,199999.96875,199999.96875,199999.96875,199999.96875,199999.96875,199999.96875,199999.96875,199999.96875
3.644,199999.96875,199999.96875,199999.96875,199999.96875,199999.96875,199999.96875,199999.96875,199999.96875
3.648,199999.96875,199999.96875,199999.96875,199999.96875,199999.96875,199999.96875,199999.96875,199999.96875
3.652,199999.96875,199999.96875,199999.96875,199999.96875,199999.96875,199999.96875,199999.96875,199999.96875
3.656,199999.96875,199999.96875,199999.96875,199999.96875,199999.96875,199999.96875,199999.96875,199999.96875
3.66,199999.96875,199999.96875,199999.96875,199999.96875,199999.96875,199999.96875,199999.96875,199999.96875
3.664,199999.96875,199999.96875,199999.96875,199999.96875,199999.96875,199999.96875,199999.96875,199999.96875
3.668,199999.96875,199999.96875,199999.96875,199999.96875,199999.96875,199999.96875,199999.96875,199999.96875
3.672,199999.96875,199999.96875,199999.96875,199999.96875,199999.96875,199999.96875,199999.96875,199999.96875
3.676,199999.96875,199999.96875,199999.96875,199999.96875,199999.96875,199999.96875,199999.96875,199999.96875
3.68,199999.96875,199999.96875,199999.96875,199999.96875,199999.96875,199999.96875,199999.96875,199999.96875
3.684,199999.96875,199999.96875,199999.96875,199999.96875,199999.96875,199999.96875,199999.96875,199999.96875
3.688,199999.96875,199999.96875,199999.96875,199999.96875,199999.96875,199999.96875,199999.96875,199999.96875
3.692,199999.96875,199999.96875,199999.96875,199999.96875,199999.96875,199999.96875,199999.96875,199999.96875
3.696,199999.96875,199999.96875,199999.96875,199999.96875,199999.96875,199999.96875,199999.96875,199999.96875
3.7,199999.96875,199999.96875,199999.96875,199999.96875,199999.96875,199999.96875,199999.96875,199999.96875
3.704,199999.96875,199999.96875,199999.96875,199999.96875,199999.96875,199999.96875,199999.96875,199999.96875
3.708,199999.96875,199999.96875,199999.96875,199999.96875,199999.96875,199999.96875,199999.96875,199999.96875
3.712,199999.96875,199999.96875,199999.96875,199999.96875,199999.96875,199999.96875,199999.96875,199999.96875
3.716,199999.96875,199999.96875,199999.96875,199999.96875,199999.96875,199999.96875,199999.96875,199999.96875
3.72,199999.96875,199999.96875,199999.96875,199999.96875,199999.96875,199999.96875,199999.96875,199999.96875
3.724,199999.96875,199999.96875,199999.96875,199999.96875,199999.96875,199999.96875,199999.96875,199999.96875
3.728,199999.96875,199999.96875,199999.96875,199999.96875,199999.96875,199999.96875,199999.96875,199999.96875
3.732,199999.96875,199999.96875,199999.96875,199999.96875,199999.96875,199999.96875,199999.96875,199999.96875
3.736,199999.96875,199999.96875,199999.96875,199999.96875,199999.96875,199999.96875,199999.96875,199999.96875
3.74,199999.96875,199999.96875,199999.96875,199999.96875,199999.96875,199999.96875,199999.96875,199999.96875
3.744,199999.96875,199999.96875,199999.96875,199999.96875,199999.96875,199999.96875,199999.96875,199999.96875
3.748,199999.96875,199999.96875,199999.96875,199999.96875,199999.96875,199999.96875,199999.96875,199999.96875
3.752,199999.96875,199999.96875,199999.96875,199999.96875,199999.96875,199999.96875,199999.96875,199999.96875
3.756,199999.96875,199999.96875,199999.96875,199999.96875,199999.96875,199999.96875,199999.96875,199999.96875
3.76,199999.96875,199999.96875,199999.96875,199999.96875,199999.96875,199999.96875,199999.96875,199999.96875
3.764,199999.96875,199999.96875,199999.96875,199999.96875,199999.96875,199999.96875,199999.96875,199999.96875
3.768,199999.96875,199999.96875,199999.96875,199999.96875,199999.96875,199999.96875,199999.96875,199999.96875
3.772,199999.96875,199999.96875,199999.96875,199999.96875,199999.96875,199999.96875,199999.96875,199999.96875
3.776,199999.96875,199999.96875,199999.96875,199999.96875,199999.96875,199999.96875,199999.96875,199999.96875
3.78,199999.96875,199999.96875,199999.96875,199999.96875,199999.96875,199999.96875,199999.96875,199999.96875
3.784,199999.96875,199999.96875,199999.96875,199999.96875,199999.96875,199999.96875,199999.96875,199999.96875
3.788,199999.96875,199999.96875,199999.96875,199999.96875,199999.96875,199999.96875,199999.96875,199999.96875
3.792,199999.96875,199999.96875,199999.96875,199999.96875,199999.96875,199999.96875,199999.96875,199999.96875
3.796,199999.96875,199999.96875,199999.96875,199999.96875,199999.96875,199999.96875,199999.96875,199999.96875
3.8,199999.96875,199999.96875,199999.96875,199999.96875,199999.96875,199999.96875,199999.96875,199999.96875
3.804,199999.96875,199999.96875,199999.96875,199999.96875,199999.96875,199999.96875,199999.96875,199999.96875
3.808,199999.96875,199999.96875,199999.96875,199999.96875,199999.96875,199999.96875,199999.96875,199999.96875
3.812,199999.96875,199999.96875,199999.96875,199999.96875,199999.96875,199999.96875,199999.96875,199999.96875
3.816,199999.96875,199999.96875,199999.96875,199999.96875,199999.96875,199999.96875,199999.96875,199999.96875
3.82,199999.96875,199999.96875,199999.96875,199999.96875,199999.96875,199999.96875,199999.96875,199999.96875
3.824,199999.96875,199999.96875,199999.96875,199999.96875,199999.96875,199999.96875,199999.96875,199999.96875
3.828,199999.96875,199999.96875,199999.96875,199999.96875,199999.96875,199999.96875,199999.96875,199999.96875
3.832,199999.96875,199999.96875,199999.96875,199999.96875,199999.96875,199999.96875,199999.96875,199999.96875
3.836,199999.96875,199999.96875,199999.96875,199999.96875,199999.96875,199999.96875,199999.96875,199999.96875
3.84,199999.96875,199999.96875,199999.96875,199999.96875,199999.96875,199999.96875,199999.96875,199999.96875
3.844,199999.96875,199999.96875,199999.96875,199999.96875,199999.96875,199999.96875,199999.96875,199999.96875
3.848,199999.96875,199999.96875,199999.96875,199999.96875,199999.96875,199999.96875,199999.96875,199999.96875
3.852,199999.96875,199999.96875,199999.96875,199999.96875,199999.96875,199999.96875,199999.96875,199999.96875
3.856,199999.96875,199999.96875,199999.96875,199999.96875,199999.96875,199999.96875,199999.96875,199999.96875
3.86,199999.96875,199999.96875,199999.96875,199999.96875,199999.96875,199999.96875,199999.96875,199999.96875
3.864,199999.96875,199999.96875,199999.96875,199999.96875,199999.96875,199999.96875,199999.96875,199999.96875
3.868,199999.96875,199999.96875,199999.96875,199999.96875,199999.96875,199999.96875,199999.96875,199999.96875
3.872,199999.96875,199999.96875,199999.96875,199999.96875,199999.96875,199999.96875,199999.96875,199999.96875
3.876,199999.96875,199999.96875,199999.96875,199999.96875,199999.96875,199999.96875,199999.96875,199999.96875
3.88,199999.96875,199999.96875,199999.96875,199999.96875,199999.96875,199999.96875,199999.96875,199999.96875
3.884,199999.96875,199999.96875,199999.96875,199999.96875,199999.96875,199999.96875,199999.96875,199999.96875
3.888,199999.96875,199999.96875,199999.96875,199999.96875,199999.96875,199999.96875,199999.96875,199999.96875
3.892,199999.96875,199999.96875,199999.96875,199999.96875,199999.96875,199999.96875,199999.96875,199999.96875
3.896,199999.96875,199999.96875,199999.96875,199999.96875,199999.96875,199999.96875,199999.96875,199999.96875
3.9,199999.96875,199999.96875,199999.96875,199999.96875,199999.96875,199999.96875,199999.96875,199999.96875
3.904,199999.96875,199999.96875,199999.96875,199999.96875,199999.96875,199999.96875,199999.96875,199999.96875
3.908,199999.96875,199999.96875,199999.96875,199999.96875,199999.96875,199999.96875,199999.96875,199999.96875
3.912,199999.96875,199999.96875,199999.96875,199999.96875,199999.96875,199999.96875,199999.96875,199999.96875
3.916,199999.96875,199999.96875,199999.96875,199999.96875,199999.96875,199999.96875,199999.96875,199999.96875
3.92,199999.96875,199999.96875,199999.96875,199999.96875,199999.96875,199999.96875,199999.96875,199999.96875
3.924,199999.96875,199999.96875,199999.96875,199999.96875,199999.96875,199999.96875,199999.96875,199999.96875
3.928,199999.96875,199999.96875,199999.96875,199999.96875,199999.96875,199999.96875,199999.96875,199999.96875
3.932,199999.96875,199999.96875,199999.96875,199999.96875,199999.96875,199999.96875,199999.96875,199999.96875
3.936,199999.96875,199999.96875,199999.96875,199999.96875,199999.96875,199999.96875,199999.96875,199999.96875
3.94,199999.96875,199999.96875,199999.96875,199999.96875,199999.96875,199999.96875,199999.96875,199999.96875
3.944,199999.96875,199999.96875,199999.96875,199999.96875,199999.96875,199999.96875,199999.96875,199999.96875
3.948,199999.96875,199999.96875,199999.96875,199999.96875,199999.96875,199999.96875,199999.96875,199999.96875
3.952,199999.96875,199999.96875,199999.96875,199999.96875,199999.96875,199999.96875,199999.96875,199999.96875
3.956,199999.96875,199999.96875,199999.96875,199999.96875,199999.96875,199999.96875,199999.96875,199999.96875
3.96,199999.96875,199999.96875,199999.96875,199999.96875,199999.96875,199999.96875,199999.96875,199999.96875
3.964,199999.96875,199999.96875,199999.96875,199999.96875,199999.96875,199999.96875,199999.96875,199999.96875
3.968,199999.96875,199999.96875,199999.96875,199999.96875,199999.96875,199999.96875,199999.96875,199999.96875
3.972,199999.96875,199999.96875,199999.96875,199999.96875,199999.96875,199999.96875,199999.96875,199999.96875
3.976,199999.96875,199999.96875,199999.96875,199999.96875,199999.96875,199999.96875,199999.96875,199999.96875
3.98,199999.96875,199999.96875,199999.96875,199999.96875,199999.96875,199999.96875,199999.96875,199999.96875
3.984,199999.96875,199999.96875,199999.96875,199999.96875,199999.96875,199999.96875,199999.96875,199999.96875
3.988,199999.96875,199999.96875,199999.96875,199999.96875,199999.96875,199999.96875,199999.96875,199999.96875
3.992,199999.96875,199999.96875,199999.96875,199999.96875,199999.96875,199999.96875,199999.96875,199999.96875
3.996,199999.96875,199999.96875,199999.96875,199999.96875,199999.96875,199999.96875,199999.96875,199999.96875
4,199999.96875,199999.96875,199999.96875,199999.96875,199999.96875,199999.96875,199999.96875,199999.96875
4.004,199999.96875,199999.96875,199999.96875,199999.96875,199999.96875,199999.96875,199999.96875,199999.96875
4.008,199999.96875,199999.96875,199999.96875,199999.96875,199999.96875,199999.96875,199999.96875,199999.96875
4.012,199999.96875,199999.96875,199999.96875,199999.96875,199999.96875,199999.96875,199999.96875,199999.96875
4.016,199999.96875,199999.96875,199999.96875,199999.96875,199999.96875,199999.96875,199999.96875,199999.96875
4.02,199999.96875,199999.96875,199999.96875,199999.96875,199999.96875,199999.96875,199999.96875,199999.96875
4.024,199999.96875,199999.96875,199999.96875,199999.96875,199999.96875,199999.96875,199999.96875,199999.96875
4.028,199999.96875,199999.96875,199999.96875,199999.96875,199999.96875,199999.96875,199999.96875,199999.96875
4.032,199999.96875,199999.96875,199999.96875,199999.96875,199999.96875,199999.96875,199999.96875,199999.96875
4.036,199999.96875,199999.96875,199999.96875,199999.96875,199999.96875,199999.96875,199999.96875,199999.96875
4.04,199999.96875,199999.96875,199999.96875,199999.96875,199999.96875,199999.96875,199999.96875,199999.96875
4.044,199999.96875,199999.96875,199999.96875,199999.96875,199999.96875,199999.96875,199999.96875,199999.96875
4.048,199999.96875,199999.96875,199999.96875,199999.96875,199999.96875,199999.96875,199999.96875,199999.96875
4.052,199999.96875,199999.96875,199999.96875,199999.96875,199999.96875,199999.96875,199999.96875,199999.96875
4.056,199999.96875,199999.96875,199999.96875,199999.96875,199999.96875,199999.96875,199999.96875,199999.96875
4.06,199999.96875,199999.96875,199999.96875,199999.96875,199999.96875,199999.96875,199999.96875,199999.96875
4.064,199999.96875,199999.96875,199999.96875,199999.96875,199999.96875,199999.96875,199999.96875,199999.96875
4.068,199999.96875,199999.96875,199999.96875,199999.96875,199999.96875,199999.96875,199999.96875,199999.96875
4.072,199999.96875,199999.96875,199999.96875,199999.96875,199999.96875,199999.96875,199999.96875,199999.96875
4.076,199999.96875,199999.96875,199999.96875,199999.96875,199999.96875,199999.96875,199999.96875,199999.96875
4.08,199999.96875,199999.96875,199999.96875,199999.96875,199999.96875,199999.96875,199999.96875,199999.96875
4.084,199999.96875,199999.96875,199999.96875,199999.96875,199999.96875,199999.96875,199999.96875,199999.96875
4.088,199999.96875,199999.96875,199999.96875,199999.96875,199999.96875,199999.96875,199999.96875,199999.96875
4.092,199999.96875,199999.96875,199999.96875,199999.96875,199999.96875,199999.96875,199999.96875,199999.96875
4.096,199999.96875,199999.96875,199999.96875,199999.96875,199999.96875,199999.96875,199999.96875,199999.96875
4.1,199999.96875,199999.96875,199999.96875,199999.96875,199999.96875,199999.96875,199999.96875,199999.96875
4.104,199999.96875,199999.96875,199999.96875,199999.96875,199999.96875,199999.96875,199999.96875,199999.96875
4.108,199999.96875,199999.96875,199999.96875,199999.96875,199999.96875,199999.96875,199999.96875,199999.96875
4.112,199999.96875,199999.96875,199999.96875,199999.96875,199999.96875,199999.96875,199999.96875,199999.96875
4.116,199999.96875,199999.96875,199999.96875,199999.96875,199999.96875,199999.96875,199999.96875,199999.96875
4.12,199999.96875,199999.96875,199999.96875,199999.96875,199999.96875,199999.96875,199999.96875,199999.96875
4.124,199999.96875,199999.96875,199999.96875,199999.96875,199999.96875,199999.96875,199999.96875,199999.96875
4.128,199999.96875,199999.96875,199999.96875,199999.96875,199999.96875,199999.96875,199999.96875,199999.96875
4.132,199999.96875,199999.96875,199999.96875,199999.96875,199999.96875,199999.96875,199999.96875,199999.96875
4.136,199999.96875,199999.96875,199999.96875,199999.96875,199999.96875,199999.96875,199999.96875,199999.96875
4.14,199999.96875,199999.96875,199999.96875,199999.96875,199999.96875,199999.96875,199999.96875,199999.96875
4.144,199999.96875,199999.96875,199999.96875,199999.96875,199999.96875,199999.96875,199999.96875,199999.96875
4.148,199999.96875,199999.96875,199999.96875,199999.96875,199999.96875,199999.96875,199999.96875,199999.96875
4.152,199999.96875,199999.96875,199999.96875,199999.96875,199999.96875,199999.96875,199999.96875,199999.96875
4.156,199999.96875,199999.96875,199999.96875,199999.96875,199999.96875,199999.96875,199999.96875,199999.96875
4.16,199999.96875,199999.96875,199999.96875,199999.96875,199999.96875,199999.96875,199999.96875,199999.96875
4.164,199999.96875,199999.96875,199999.96875,199999.96875,199999.96875,199999.96875,199999.96875,199999.96875
4.168,199999.96875,199999.96875,199999.96875,199999.96875,199999.96875,199999.96875,199999.96875,199999.96875
4.172,199999.96875,199999.96875,199999.96875,199999.96875,199999.96875,199999.96875,199999.96875,199999.96875
4.176,199999.96875,199999.96875,199999.96875,199999.96875,199999.96875,199999.96875,199999.96875,199999.96875
4.18,199999.96875,199999.96875,199999.96875,199999.96875,199999.96875,199999.96875,199999.96875,199999.96875
4.184,199999.96875,199999.96875,199999.96875,199999.96875,199999.96875,199999.96875,199999.96875,199999.96875
4.188,199999.96875,199999.96875,199999.96875,199999.96875,199999.96875,199999.96875,199999.96875,199999.96875
4.192,199999.96875,199999.96875,199999.96875,199999.96875,199999.96875,199999.96875,199999.96875,199999.96875
4.196,199999.96875,199999.96875,199999.96875,199999.96875,199999.96875,199999.96875,199999.96875,199999.96875
4.2,199999.96875,199999.96875,199999.96875,199999.96875,199999.96875,199999.96875,199999.96875,199999.96875
4.204,199999.96875,199999.96875,199999.96875,199999.96875,199999.96875,199999.96875,199999.96875,199999.96875
4.208,199999.96875,199999.96875,199999.96875,199999.96875,199999.96875,199999.96875,199999.96875,199999.96875
4.212,199999.96875,199999.96875,199999.96875,199999.96875,199999.96875,199999.96875,199999.96875,199999.96875
4.216,199999.96875,199999.96875,199999.96875,199999.96875,199999.96875,199999.96875,199999.96875,199999.96875
4.22,199999.96875,199999.96875,199999.96875,199999.96875,199999.96875,199999.96875,199999.96875,199999.96875
4.224,199999.96875,199999.96875,199999.96875,199999.96875,199999.96875,199999.96875,199999.96875,199999.96875
4.228,199999.96875,199999.96875,199999.96875,199999.96875,199999.96875,199999.96875,199999.96875,199999.96875
4.232,199999.96875,199999.96875,199999.96875,199999.96875,199999.96875,199999.96875,199999.96875,199999.96875
4.236,199999.96875,199999.96875,199999.96875,199999.96875,199999.96875,199999.96875,199999.96875,199999.96875
4.24,199999.96875,199999.96875,199999.96875,199999.96875,199999.96875,199999.96875,199999.96875,199999.96875
4.244,199999.96875,199999.96875,199999.96875,199999.96875,199999.96875,199999.96875,199999.96875,199999.96875
4.248,199999.96875,199999.96875,199999.96875,199999.96875,199999.96875,199999.96875,199999.96875,199999.96875
4.252,199999.96875,199999.96875,199999.96875,199999.96875,199999.96875,199999.96875,199999.96875,199999.96875
4.256,199999.96875,199999.96875,199999.96875,199999.96875,199999.96875,199999.96875,199999.96875,199999.96875
4.26,199999.96875,199999.96875,199999.96875,199999.96875,199999.96875,199999.96875,199999.96875,199999.96875
4.264,199999.96875,199999.96875,199999.96875,199999.96875,199999.96875,199999.96875,199999.96875,199999.96875
4.268,199999.96875,199999.96875,199999.96875,199999.96875,199999.96875,199999.96875,199999.96875,199999.96875
4.272,199999.96875,199999.96875,199999.96875,199999.96875,199999.96875,199999.96875,199999.96875,199999.96875
4.276,199999.96875,199999.96875,199999.96875,199999.96875,199999.96875,199999.96875,199999.96875,199999.96875
4.28,199999.96875,199999.96875,199999.96875,199999.96875,199999.96875,199999.96875,199999.96875,199999.96875
4.284,199999.96875,199999.96875,199999.96875,199999.96875,199999.96875,199999.96875,199999.96875,199999.96875
4.288,199999.96875,199999.96875,199999.96875,199999.96875,199999.96875,199999.96875,199999.96875,199999.96875
4.292,199999.96875,199999.96875,199999.96875,199999.96875,199999.96875,199999.96875,199999.96875,199999.96875
4.296,199999.96875,199999.96875,199999.96875,199999.96875,199999.96875,199999.96875,199999.96875,199999.96875
4.3,199999.96875,199999.96875,199999.96875,199999.96875,199999.96875,199999.96875,199999.96875,199999.96875
4.304,199999.96875,199999.96875,199999.96875,199999.96875,199999.96875,199999.96875,199999.96875,199999.96875
4.308,199999.96875,199999.96875,199999.96875,199999.96875,199999.96875,199999.96875,199999.96875,199999.96875
4.312,199999.96875,199999.96875,199999.96875,199999.96875,199999.96875,199999.96875,199999.96875,199999.96875
4.316,199999.96875,199999.96875,199999.96875,199999.96875,199999.96875,199999.96875,199999.96875,199999.96875
4.32,199999.96875,199999.96875,199999.96875,199999.96875,199999.96875,199999.96875,199999.96875,199999.96875
4.324,199999.96875,199999.96875,199999.96875,199999.96875,199999.96875,199999.96875,199999.96875,199999.96875
4.328,199999.96875,199999.96875,199999.96875,199999.96875,199999.96875,199999.96875,199999.96875,199999.96875
4.332,199999.96875,199999.96875,199999.96875,199999.96875,199999.96875,199999.96875,199999.96875,199999.96875
4.336,199999.96875,199999.96875,199999.96875,199999.96875,199999.96875,199999.96875,199999.96875,199999.96875
4.34,199999.96875,199999.96875,199999.96875,199999.96875,199999.96875,199999.96875,199999.96875,199999.96875
4.344,199999.96875,199999.96875,199999.96875,199999.96875,199999.96875,199999.96875,199999.96875,199999.96875
4.348,199999.96875,199999.96875,199999.96875,199999.96875,199999.96875,199999.96875,199999.96875,199999.96875
4.352,199999.96875,199999.96875,199999.96875,199999.96875,199999.96875,199999.96875,199999.96875,199999.96875
4.356,199999.96875,199999.96875,199999.96875,199999.96875,199999.96875,199999.96875,199999.96875,199999.96875
4.36,199999.96875,199999.96875,199999.96875,199999.96875,199999.96875,199999.96875,199999.96875,199999.96875
4.364,199999.96875,199999.96875,199999.96875,199999.96875,199999.96875,199999.96875,199999.96875,199999.96875
4.368,199999.96875,199999.96875,199999.96875,199999.96875,199999.96875,199999.96875,199999.96875,199999.96875
4.372,199999.96875,199999.96875,199999.96875,199999.96875,199999.96875,199999.96875,199999.96875,199999.96875
4.376,199999.96875,199999.96875,199999.96875,199999.96875,199999.96875,199999.96875,199999.96875,199999.96875
4.38,199999.96875,199999.96875,199999.96875,199999.96875,199999.96875,199999.96875,199999.96875,199999.96875
4.384,199999.96875,199999.96875,199999.96875,199999.96875,199999.96875,199999.96875,199999.96875,199999.96875
4.388,199999.96875,199999.96875,199999.96875,199999.96875,199999.96875,199999.96875,199999.96875,199999.96875
4.392,199999.96875,199999.96875,199999.96875,199999.96875,199999.96875,199999.96875,199999.96875,199999.96875
4.396,199999.96875,199999.96875,199999.96875,199999.96875,199999.96875,199999.96875,199999.96875,199999.96875
4.4,199999.96875,199999.96875,199999.96875,199999.96875,199999.96875,199999.96875,199999.96875,199999.96875
4.404,199999.96875,199999.96875,199999.96875,199999.96875,199999.96875,199999.96875,199999.96875,199999.96875
4.408,199999.96875,199999.96875,199999.96875,199999.96875,199999.96875,199999.96875,199999.96875,199999.96875
4.412,199999.96875,199999.96875,199999.96875,199999.96875,199999.96875,199999.96875,199999.96875,199999.96875
4.416,199999.96875,199999.96875,199999.96875,199999.96875,199999.96875,199999.96875,199999.96875,199999.96875
4.42,199999.96875,199999.96875,199999.96875,199999.96875,199999.96875,199999.96875,199999.96875,199999.96875
4.424,199999.96875,199999.96875,199999.96875,199999.96875,199999.96875,199999.96875,199999.96875,199999.96875
4.428,199999.96875,199999.96875,199999.96875,199999.96875,199999.96875,199999.96875,199999.96875,199999.96875
4.432,199999.96875,199999.96875,199999.96875,199999.96875,199999.96875,199999.96875,199999.96875,199999.96875
4.436,199999.96875,199999.96875,199999.96875,199999.96875,199999.96875,199999.96875,199999.96875,199999.96875
4.44,199999.96875,199999.96875,199999.96875,199999.96875,199999.96875,199999.96875,199999.96875,199999.96875
4.444,199999.96875,199999.96875,199999.96875,199999.96875,199999.96875,199999.96875,199999.96875,199999.96875
4.448,199999.96875,199999.96875,199999.96875,199999.96875,199999.96875,199999.96875,199999.96875,199999.96875
4.452,199999.96875,199999.96875,199999.96875,199999.96875,199999.96875,199999.96875,199999.96875,199999.96875
4.456,199999.96875,199999.96875,199999.96875,199999.96875,199999.96875,199999.96875,199999.96875,199999.96875
4.46,199999.96875,199999.96875,199999.96875,199999.96875,199999.96875,199999.96875,199999.96875,199999.96875
4.464,199999.96875,199999.96875,199999.96875,199999.96875,199999.96875,199999.96875,199999.96875,199999.96875
4.468,199999.96875,199999.96875,199999.96875,199999.96875,199999.96875,199999.96875,199999.96875,199999.96875
4.472,199999.96875,199999.96875,199999.96875,199999.96875,199999.96875,199999.96875,199999.96875,199999.96875
4.476,199999.96875,199999.96875,199999.96875,199999.96875,199999.96875,199999.96875,199999.96875,199999.96875
4.48,199999.96875,199999.96875,199999.96875,199999.96875,199999.96875,199999.96875,199999.96875,199999.96875
4.484,199999.96875,199999.96875,199999.96875,199999.96875,199999.96875,199999.96875,199999.96875,199999.96875
4.488,199999.96875,199999.96875,199999.96875,199999.96875,199999.96875,199999.96875,199999.96875,199999.96875
4.492,199999.96875,199999.96875,199999.96875,199999.96875,199999.96875,199999.96875,199999.96875,199999.96875
4.496,199999.96875,199999.96875,199999.96875,199999.96875,199999.96875,199999.96875,199999.96875,199999.96875
4.5,199999.96875,199999.96875,199999.96875,199999.96875,199999.96875,199999.96875,199999.96875,199999.96875
4.504,199999.96875,199999.96875,199999.96875,199999.96875,199999.96875,199999.96875,199999.96875,199999.96875
4.508,199999.96875,199999.96875,199999.96875,199999.96875,199999.96875,199999.96875,199999.96875,199999.96875
4.512,199999.96875,199999.96875,199999.96875,199999.96875,199999.96875,199999.96875,199999.96875,199999.96875
4.516,199999.96875,199999.96875,199999.96875,199999.96875,199999.96875,199999.96875,199999.96875,199999.96875
4.52,199999.96875,199999.96875,199999.96875,199999.96875,199999.96875,199999.96875,199999.96875,199999.96875
4.524,199999.96875,199999.96875,199999.96875,199999.96875,199999.96875,199999.96875,199999.96875,199999.96875
4.528,199999.96875,199999.96875,199999.96875,199999.96875,199999.96875,199999.96875,199999.96875,199999.96875
4.532,199999.96875,199999.96875,199999.96875,199999.96875,199999.96875,199999.96875,199999.96875,199999.96875
4.536,199999.96875,199999.96875,199999.96875,199999.96875,199999.96875,199999.96875,199999.96875,199999.96875
4.54,199999.96875,199999.96875,199999.96875,199999.96875,199999.96875,199999.96875,199999.96875,199999.96875
4.544,199999.96875,199999.96875,199999.96875,199999.96875,199999.96875,199999.96875,199999.96875,199999.96875
4.548,199999.96875,199999.96875,199999.96875,199999.96875,199999.96875,199999.96875,199999.96875,199999.96875
4.552,199999.96875,199999.96875,199999.96875,199999.96875,199999.96875,199999.96875,199999.96875,199999.96875
4.556,199999.96875,199999.96875,199999.96875,199999.96875,199999.96875,199999.96875,199999.96875,199999.96875
4.56,199999.96875,199999.96875,199999.96875,199999.96875,199999.96875,199999.96875,199999.96875,199999.96875
4.564,199999.96875,199999.96875,199999.96875,199999.96875,199999.96875,199999.96875,199999.96875,199999.96875
4.568,199999.96875,199999.96875,199999.96875,199999.96875,199999.96875,199999.96875,199999.96875,199999.96875
4.572,199999.96875,199999.96875,199999.96875,199999.96875,199999.96875,199999.96875,199999.96875,199999.96875
4.576,199999.96875,199999.96875,199999.96875,199999.96875,199999.96875,199999.96875,199999.96875,199999.96875
4.58,199999.96875,199999.96875,199999.96875,199999.96875,199999.96875,199999.96875,199999.96875,199999.96875
4.584,199999.96875,199999.96875,199999.96875,199999.96875,199999.96875,199999.96875,199999.96875,199999.96875
4.588,199999.96875,199999.96875,199999.96875,199999.96875,199999.96875,199999.96875,199999.96875,199999.96875
4.592,199999.96875,199999.96875,199999.96875,199999.96875,199999.96875,199999.96875,199999.96875,199999.96875
4.596,199999.96875,199999.96875,199999.96875,199999.96875,199999.96875,199999.96875,199999.96875,199999.96875
4.6,199999.96875,199999.96875,199999.96875,199999.96875,199999.96875,199999.96875,199999.96875,199999.96875
4.604,199999.96875,199999.96875,199999.96875,199999.96875,199999.96875,199999.96875,199999.96875,199999.96875
4.608,199999.96875,199999.96875,199999.96875,199999.96875,199999.96875,199999.96875,199999.96875,199999.96875
4.612,199999.96875,199999.96875,199999.96875,199999.96875,199999.96875,199999.96875,199999.96875,199999.96875
4.616,199999.96875,199999.96875,199999.96875,199999.96875,199999.96875,199999.96875,199999.96875,199999.96875
4.62,199999.96875,199999.96875,199999.96875,199999.96875,199999.96875,199999.96875,199999.96875,199999.96875
4.624,199999.96875,199999.96875,199999.96875,199999.96875,199999.96875,199999.96875,199999.96875,199999.96875
4.628,199999.96875,199999.96875,199999.96875,199999.96875,199999.96875,199999.96875,199999.96875,199999.96875
4.632,199999.96875,199999.96875,199999.96875,199999.96875,199999.96875,199999.96875,199999.96875,199999.96875
4.636,199999.96875,199999.96875,199999.96875,199999.96875,199999.96875,199999.96875,199999.96875,199999.96875
4.64,199999.96875,199999.96875,199999.96875,199999.96875,199999.96875,199999.96875,199999.96875,199999.96875
4.644,199999.96875,199999.96875,199999.96875,199999.96875,199999.96875,199999.96875,199999.96875,199999.96875
4.648,199999.96875,199999.96875,199999.96875,199999.96875,199999.96875,199999.96875,199999.96875,199999.96875
4.652,199999.96875,199999.96875,199999.96875,199999.96875,199999.96875,199999.96875,199999.96875,199999.96875
4.656,199999.96875,199999.96875,199999.96875,199999.96875,199999.96875,199999.96875,199999.96875,199999.96875
4.66,199999.96875,199999.96875,199999.96875,199999.96875,199999.96875,199999.96875,199999.96875,199999.96875
4.664,199999.96875,199999.96875,199999.96875,199999.96875,199999.96875,199999.96875,199999.96875,199999.96875
4.668,199999.96875,199999.96875,199999.96875,199999.96875,199999.96875,199999.96875,199999.96875,199999.96875
4.672,199999.96875,199999.96875,199999.96875,199999.96875,199999.96875,199999.96875,199999.96875,199999.96875
4.676,199999.96875,199999.96875,199999.96875,199999.96875,199999.96875,199999.96875,199999.96875,199999.96875
4.68,199999.96875,199999.96875,199999.96875,199999.96875,199999.96875,199999.96875,199999.96875,199999.96875
4.684,199999.96875,199999.96875,199999.96875,199999.96875,199999.96875,199999.96875,199999.96875,199999.96875
4.688,199999.96875,199999.96875,199999.96875,199999.96875,199999.96875,199999.96875,199999.96875,199999.96875
4.692,199999.96875,199999.96875,199999.96875,199999.96875,199999.96875,199999.96875,199999.96875,199999.96875
4.696,199999.96875,199999.96875,199999.96875,199999.96875,199999.96875,199999.96875,199999.96875,199999.96875
4.7,199999.96875,199999.96875,199999.96875,199999.96875,199999.96875,199999.96875,199999.96875,199999.96875
4.704,199999.96875,199999.96875,199999.96875,199999.96875,199999.96875,199999.96875,199999.96875,199999.96875
4.708,199999.96875,199999.96875,199999.96875,199999.96875,199999.96875,199999.96875,199999.96875,199999.96875
4.712,199999.96875,199999.96875,199999.96875,199999.96875,199999.96875,199999.96875,199999.96875,199999.96875
4.716,199999.96875,199999.96875,199999.96875,199999.96875,199999.96875,199999.96875,199999.96875,199999.96875
4.72,199999.96875,199999.96875,199999.96875,199999.96875,199999.96875,199999.96875,199999.96875,199999.96875
4.724,199999.96875,199999.96875,199999.96875,199999.96875,199999.96875,199999.96875,199999.96875,199999.96875
4.728,199999.96875,199999.96875,199999.96875,199999.96875,199999.96875,199999.96875,199999.96875,199999.96875
4.732,199999.96875,199999.96875,199999.96875,199999.96875,199999.96875,199999.96875,199999.96875,199999.96875
4.736,199999.96875,199999.96875,199999.96875,199999.96875,199999.96875,199999.96875,199999.96875,199999.96875
4.74,199999.96875,199999.96875,199999.96875,199999.96875,199999.96875,199999.96875,199999.96875,199999.96875
4.744,199999.96875,199999.96875,199999.96875,199999.96875,199999.96875,199999.96875,199999.96875,199999.96875
4.748,199999.96875,199999.96875,199999.96875,199999.96875,199999.96875,199999.96875,199999.96875,199999.96875
4.752,199999.96875,199999.96875,199999.96875,199999.96875,199999.96875,199999.96875,199999.96875,199999.96875
4.756,199999.96875,199999.96875,199999.96875,199999.96875,199999.96875,199999.96875,199999.96875,199999.96875
4.76,199999.96875,199999.96875,199999.96875,199999.96875,199999.96875,199999.96875,199999.96875,199999.96875
4.764,199999.96875,199999.96875,199999.96875,199999.96875,199999.96875,199999.96875,199999.96875,199999.96875
4.768,199999.96875,199999.96875,199999.96875,199999.96875,199999.96875,199999.96875,199999.96875,199999.96875
4.772,199999.96875,199999.96875,199999.96875,199999.96875,199999.96875,199999.96875,199999.96875,199999.96875
4.776,199999.96875,199999.96875,199999.96875,199999.96875,199999.96875,199999.96875,199999.96875,199999.96875
4.78,199999.96875,199999.96875,199999.96875,199999.96875,199999.96875,199999.96875,199999.96875,199999.96875
4.784,199999.96875,199999.96875,199999.96875,199999.96875,199999.96875,199999.96875,199999.96875,199999.96875
4.788,199999.96875,199999.96875,199999.96875,199999.96875,199999.96875,199999.96875,199999.96875,199999.96875
4.792,199999.96875,199999.96875,199999.96875,199999.96875,199999.96875,199999.96875,199999.96875,199999.96875
4.796,199999.96875,199999.96875,199999.96875,199999.96875,199999.96875,199999.96875,199999.96875,199999.96875
4.8,199999.96875,199999.96875,199999.96875,199999.96875,199999.96875,199999.96875,199999.96875,199999.96875
4.804,199999.96875,199999.96875,199999.96875,199999.96875,199999.96875,199999.96875,199999.96875,199999.96875
4.808,199999.96875,199999.96875,199999.96875,199999.96875,199999.96875,199999.96875,199999.96875,199999.96875
4.812,199999.96875,199999.96875,199999.96875,199999.96875,199999.96875,199999.96875,199999.96875,199999.96875
4.816,199999.96875,199999.96875,199999.96875,199999.96875,199999.96875,199999.96875,199999.96875,199999.96875
4.82,199999.96875,199999.96875,199999.96875,199999.96875,199999.96875,199999.96875,199999.96875,199999.96875
4.824,199999.96875,199999.96875,199999.96875,199999.96875,199999.96875,199999.96875,199999.96875,199999.96875
4.828,199999.96875,199999.96875,199999.96875,199999.96875,199999.96875,199999.96875,199999.96875,199999.96875
4.832,199999.96875,199999.96875,199999.96875,199999.96875,199999.96875,199999.96875,199999.96875,199999.96875
4.836,199999.96875,199999.96875,199999.96875,199999.96875,199999.96875,199999.96875,199999.96875,199999.96875
4.84,199999.96875,199999.96875,199999.96875,199999.96875,199999.96875,199999.96875,199999.96875,199999.96875
4.844,199999.96875,199999.96875,199999.96875,199999.96875,199999.96875,199999.96875,199999.96875,199999.96875
4.848,199999.96875,199999.96875,199999.96875,199999.96875,199999.96875,199999.96875,199999.96875,199999.96875
4.852,199999.96875,199999.96875,199999.96875,199999.96875,199999.96875,199999.96875,199999.96875,199999.96875
4.856,199999.96875,199999.96875,199999.96875,199999.96875,199999.96875,199999.96875,199999.96875,199999.96875
4.86,199999.96875,199999.96875,199999.96875,199999.96875,199999.96875,199999.96875,199999.96875,199999.96875
4.864,199999.96875,199999.96875,199999.96875,199999.96875,199999.96875,199999.96875,199999.96875,199999.96875
4.868,199999.96875,199999.96875,199999.96875,199999.96875,199999.96875,199999.96875,199999.96875,199999.96875
4.872,199999.96875,199999.96875,199999.96875,199999.96875,199999.96875,199999.96875,199999.96875,199999.96875
4.876,199999.96875,199999.96875,199999.96875,199999.96875,199999.96875,199999.96875,199999.96875,199999.96875
4.88,199999.96875,199999.96875,199999.96875,199999.96875,199999.96875,199999.96875,199999.96875,199999.96875
4.884,199999.96875,199999.96875,199999.96875,199999.96875,199999.96875,199999.96875,199999.96875,199999.96875
4.888,199999.96875,199999.96875,199999.96875,199999.96875,199999.96875,199999.96875,199999.96875,199999.96875
4.892,199999.96875,199999.96875,199999.96875,199999.96875,199999.96875,199999.96875,199999.96875,199999.96875
4.896,199999.96875,199999.96875,199999.96875,199999.96875,199999.96875,199999.96875,199999.96875,199999.96875
4.9,199999.96875,199999.96875,199999.96875,199999.96875,199999.96875,199999.96875,199999.96875,199999.96875
4.904,199999.96875,199999.96875,199999.96875,199999.96875,199999.96875,199999.96875,199999.96875,199999.96875
4.908,199999.96875,199999.96875,199999.96875,199999.96875,199999.96875,199999.96875,199999.96875,199999.96875
4.912,199999.96875,199999.96875,199999.96875,199999.96875,199999.96875,199999.96875,199999.96875,199999.96875
4.916,199999.96875,199999.96875,199999.96875,199999.96875,199999.96875,199999.96875,199999.96875,199999.96875
4.92,199999.96875,199999.96875,199999.96875,199999.96875,199999.96875,199999.96875,199999.96875,199999.96875
4.924,199999.96875,199999.96875,199999.96875,199999.96875,199999.96875,199999.96875,199999.96875,199999.96875
4.928,199999.96875,199999.96875,199999.96875,199999.96875,199999.96875,199999.96875,199999.96875,199999.96875
4.932,199999.96875,199999.96875,199999.96875,199999.96875,199999.96875,199999.96875,199999.96875,199999.96875
4.936,199999.96875,199999.96875,199999.96875,199999.96875,199999.96875,199999.96875,199999.96875,199999.96875
4.94,199999.96875,199999.96875,199999.96875,199999.96875,199999.96875,199999.96875,199999.96875,199999.96875
4.944,199999.96875,199999.96875,199999.96875,199999.96875,199999.96875,199999.96875,199999.96875,199999.96875
4.948,199999.96875,199999.96875,199999.96875,199999.96875,199999.96875,199999.96875,199999.96875,199999.96875
4.952,199999.96875,199999.96875,199999.96875,199999.96875,199999.96875,199999.96875,199999.96875,199999.96875
4.956,199999.96875,199999.96875,199999.96875,199999.96875,199999.96875,199999.96875,199999.96875,199999.96875
4.96,199999.96875,199999.96875,199999.96875,199999.96875,199999.96875,199999.96875,199999.96875,199999.96875
4.964,199999.96875,199999.96875,199999.96875,199999.96875,199999.96875,199999.96875,199999.96875,199999.96875
4.968,199999.96875,199999.96875,199999.96875,199999.96875,199999.96875,199999.96875,199999.96875,199999.96875
4.972,199999.96875,199999.96875,199999.96875,199999.96875,199999.96875,199999.96875,199999.96875,199999.96875
4.976,199999.96875,199999.96875,199999.96875,199999.96875,199999.96875,199999.96875,199999.96875,199999.96875
4.98,199999.96875,199999.96875,199999.96875,199999.96875,199999.96875,199999.96875,199999.96875,199999.96875
4.984,199999.96875,199999.96875,199999.96875,199999.96875,199999.96875,199999.96875,199999.96875,199999.96875
4.988,199999.96875,199999.96875,199999.96875,199999.96875,199999.96875,199999.96875,199999.96875,199999.96875
4.992,199999.96875,199999.96875,199999.96875,199999.96875,199999.96875,199999.96875,199999.96875,199999.96875
4.996,199999.96875,199999.96875,199999.96875,199999.96875,199999.96875,199999.96875,199999.96875,199999.96875
5,199999.96875,199999.96875,199999.96875,199999.96875,199999.96875,199999.96875,199999.96875,199999.96875
5.004,199999.96875,199999.96875,199999.96875,199999.96875,199999.96875,199999.96875,199999.96875,199999.96875
5.008,199999.96875,199999.96875,199999.96875,199999.96875,199999.96875,199999.96875,199999.96875,199999.96875
5.012,199999.96875,199999.96875,199999.96875,199999.96875,199999.96875,199999.96875,199999.96875,199999.96875
5.016,199999.96875,199999.96875,199999.96875,199999.96875,199999.96875,199999.96875,199999.96875,199999.96875
5.02,199999.96875,199999.96875,199999.96875,199999.96875,199999.96875,199999.96875,199999.96875,199999.96875
5.024,199999.96875,199999.96875,199999.96875,199999.96875,199999.96875,199999.96875,199999.96875,199999.96875
5.028,199999.96875,199999.96875,199999.96875,199999.96875,199999.96875,199999.96875,199999.96875,199999.96875
5.032,199999.96875,199999.96875,199999.96875,199999.96875,199999.96875,199999.96875,199999.96875,199999.96875
5.036,199999.96875,199999.96875,199999.96875,199999.96875,199999.96875,199999.96875,199999.96875,199999.96875
5.04,199999.96875,199999.96875,199999.96875,199999.96875,199999.96875,199999.96875,199999.96875,199999.96875
5.044,199999.96875,199999.96875,199999.96875,199999.96875,199999.96875,199999.96875,199999.96875,199999.96875
5.048,199999.96875,199999.96875,199999.96875,199999.96875,199999.96875,199999.96875,199999.96875,199999.96875
5.052,199999.96875,199999.96875,199999.96875,199999.96875,199999.96875,199999.96875,199999.96875,199999.96875
5.056,199999.96875,199999.96875,199999.96875,199999.96875,199999.96875,199999.96875,199999.96875,199999.96875
5.06,199999.96875,199999.96875,199999.96875,199999.96875,199999.96875,199999.96875,199999.96875,199999.96875
5.064,199999.96875,199999.96875,199999.96875,199999.96875,199999.96875,199999.96875,199999.96875,199999.96875
5.068,199999.96875,199999.96875,199999.96875,199999.96875,199999.96875,199999.96875,199999.96875,199999.96875
5.072,199999.96875,199999.96875,199999.96875,199999.96875,199999.96875,199999.96875,199999.96875,199999.96875
5.076,199999.96875,199999.96875,199999.96875,199999.96875,199999.96875,199999.96875,199999.96875,199999.96875
5.08,199999.96875,199999.96875,199999.96875,199999.96875,199999.96875,199999.96875,199999.96875,199999.96875
5.084,199999.96875,199999.96875,199999.96875,199999.96875,199999.96875,199999.96875,199999.96875,199999.96875
5.088,199999.96875,199999.96875,199999.96875,199999.96875,199999.96875,199999.96875,199999.96875,199999.96875
5.092,199999.96875,199999.96875,199999.96875,199999.96875,199999.96875,199999.96875,199999.96875,199999.96875
5.096,199999.96875,199999.96875,199999.96875,199999.96875,199999.96875,199999.96875,199999.96875,199999.96875
5.1,199999.96875,199999.96875,199999.96875,199999.96875,199999.96875,199999.96875,199999.96875,199999.96875
5.104,199999.96875,199999.96875,199999.96875,199999.96875,199999.96875,199999.96875,199999.96875,199999.96875
5.108,199999.96875,199999.96875,199999.96875,199999.96875,199999.96875,199999.96875,199999.96875,199999.96875
5.112,199999.96875,199999.96875,199999.96875,199999.96875,199999.96875,199999.96875,199999.96875,199999.96875
5.116,199999.96875,199999.96875,199999.96875,199999.96875,199999.96875,199999.96875,199999.96875,199999.96875
5.12,199999.96875,199999.96875,199999.96875,199999.96875,199999.96875,199999.96875,199999.96875,199999.96875
5.124,199999.96875,199999.96875,199999.96875,199999.96875,199999.96875,199999.96875,199999.96875,199999.96875
5.128,199999.96875,199999.96875,199999.96875,199999.96875,199999.96875,199999.96875,199999.96875,199999.96875
5.132,199999.96875,199999.96875,199999.96875,199999.96875,199999.96875,199999.96875,199999.96875,199999.96875
5.136,199999.96875,199999.96875,199999.96875,199999.96875,199999.96875,199999.96875,199999.96875,199999.96875
5.14,199999.96875,199999.96875,199999.96875,199999.96875,199999.96875,199999.96875,199999.96875,199999.96875
5.144,199999.96875,199999.96875,199999.96875,199999.96875,199999.96875,199999.96875,199999.96875,199999.96875
5.148,199999.96875,199999.96875,199999.96875,199999.96875,199999.96875,199999.96875,199999.96875,199999.96875
5.152,199999.96875,199999.96875,199999.96875,199999.96875,199999.96875,199999.96875,199999.96875,199999.96875
5.156,199999.96875,199999.96875,199999.96875,199999.96875,199999.96875,199999.96875,199999.96875,199999.96875
5.16,199999.96875,199999.96875,199999.96875,199999.96875,199999.96875,199999.96875,199999.96875,199999.96875
5.164,199999.96875,199999.96875,199999.96875,199999.96875,199999.96875,199999.96875,199999.96875,199999.96875
5.168,199999.96875,199999.96875,199999.96875,199999.96875,199999.96875,199999.96875,199999.96875,199999.96875
5.172,199999.96875,199999.96875,199999.96875,199999.96875,199999.96875,199999.96875,199999.96875,199999.96875
5.176,199999.96875,199999.96875,199999.96875,199999.96875,199999.96875,199999.96875,199999.96875,199999.96875
5.18,199999.96875,199999.96875,199999.96875,199999.96875,199999.96875,199999.96875,199999.96875,199999.96875
5.184,199999.96875,199999.96875,199999.96875,199999.96875,199999.96875,199999.96875,199999.96875,199999.96875
5.188,199999.96875,199999.96875,199999.96875,199999.96875,199999.96875,199999.96875,199999.96875,199999.96875
5.192,199999.96875,199999.96875,199999.96875,199999.96875,199999.96875,199999.96875,199999.96875,199999.96875
5.196,199999.96875,199999.96875,199999.96875,199999.96875,199999.96875,199999.96875,199999.96875,199999.96875
5.2,199999.96875,199999.96875,199999.96875,199999.96875,199999.96875,199999.96875,199999.96875,199999.96875
5.204,199999.96875,199999.96875,199999.96875,199999.96875,199999.96875,199999.96875,199999.96875,199999.96875
5.208,199999.96875,199999.96875,199999.96875,199999.96875,199999.96875,199999.96875,199999.96875,199999.96875
5.212,199999.96875,199999.96875,199999.96875,199999.96875,199999.96875,199999.96875,199999.96875,199999.96875
5.216,199999.96875,199999.96875,199999.96875,199999.96875,199999.96875,199999.96875,199999.96875,199999.96875
5.22,199999.96875,199999.96875,199999.96875,199999.96875,199999.96875,199999.96875,199999.96875,199999.96875
5.224,199999.96875,199999.96875,199999.96875,199999.96875,199999.96875,199999.96875,199999.96875,199999.96875
5.228,199999.96875,199999.96875,199999.96875,199999.96875,199999.96875,199999.96875,199999.96875,199999.96875
5.232,199999.96875,199999.96875,199999.96875,199999.96875,199999.96875,199999.96875,199999.96875,199999.96875
5.236,199999.96875,199999.96875,199999.96875,199999.96875,199999.96875,199999.96875,199999.96875,199999.96875
5.24,199999.96875,199999.96875,199999.96875,199999.96875,199999.96875,199999.96875,199999.96875,199999.96875
5.244,199999.96875,199999.96875,199999.96875,199999.96875,199999.96875,199999.96875,199999.96875,199999.96875
5.248,199999.96875,199999.96875,199999.96875,199999.96875,199999.96875,199999.96875,199999.96875,199999.96875
5.252,199999.96875,199999.96875,199999.96875,199999.96875,199999.96875,199999.96875,199999.96875,199999.96875
5.256,199999.96875,199999.96875,199999.96875,199999.96875,199999.96875,199999.96875,199999.96875,199999.96875
5.26,199999.96875,199999.96875,199999.96875,199999.96875,199999.96875,199999.96875,199999.96875,199999.96875
5.264,199999.96875,199999.96875,199999.96875,199999.96875,199999.96875,199999.96875,199999.96875,199999.96875
5.268,199999.96875,199999.96875,199999.96875,199999.96875,199999.96875,199999.96875,199999.96875,199999.96875
5.272,199999.96875,199999.96875,199999.96875,199999.96875,199999.96875,199999.96875,199999.96875,199999.96875
5.276,199999.96875,199999.96875,199999.96875,199999.96875,199999.96875,199999.96875,199999.96875,199999.96875
5.28,199999.96875,199999.96875,199999.96875,199999.96875,199999.96875,199999.96875,199999.96875,199999.96875
5.284,199999.96875,199999.96875,199999.96875,199999.96875,199999.96875,199999.96875,199999.96875,199999.96875
5.288,199999.96875,199999.96875,199999.96875,199999.96875,199999.96875,199999.96875,199999.96875,199999.96875
5.292,199999.96875,199999.96875,199999.96875,199999.96875,199999.96875,199999.96875,199999.96875,199999.96875
5.296,199999.96875,199999.96875,199999.96875,199999.96875,199999.96875,199999.96875,199999.96875,199999.96875
5.3,199999.96875,199999.96875,199999.96875,199999.96875,199999.96875,199999.96875,199999.96875,199999.96875
5.304,199999.96875,199999.96875,199999.96875,199999.96875,199999.96875,199999.96875,199999.96875,199999.96875
5.308,199999.96875,199999.96875,199999.96875,199999.96875,199999.96875,199999.96875,199999.96875,199999.96875
5.312,199999.96875,199999.96875,199999.96875,199999.96875,199999.96875,199999.96875,199999.96875,199999.96875
5.316,199999.96875,199999.96875,199999.96875,199999.96875,199999.96875,199999.96875,199999.96875,199999.96875
5.32,199999.96875,199999.96875,199999.96875,199999.96875,199999.96875,199999.96875,199999.96875,199999.96875
5.324,199999.96875,199999.96875,199999.96875,199999.96875,199999.96875,199999.96875,199999.96875,199999.96875
5.328,199999.96875,199999.96875,199999.96875,199999.96875,199999.96875,199999.96875,199999.96875,199999.96875
5.332,199999.96875,199999.96875,199999.96875,199999.96875,199999.96875,199999.96875,199999.96875,199999.96875
5.336,199999.96875,199999.96875,199999.96875,199999.96875,199999.96875,199999.96875,199999.96875,199999.96875
5.34,199999.96875,199999.96875,199999.96875,199999.96875,199999.96875,199999.96875,199999.96875,199999.96875
5.344,199999.96875,199999.96875,199999.96875,199999.96875,199999.96875,199999.96875,199999.96875,199999.96875
5.348,199999.96875,199999.96875,199999.96875,199999.96875,199999.96875,199999.96875,199999.96875,199999.96875
5.352,199999.96875,199999.96875,199999.96875,199999.96875,199999.96875,199999.96875,199999.96875,199999.96875
5.356,199999.96875,199999.96875,199999.96875,199999.96875,199999.96875,199999.96875,199999.96875,199999.96875
5.36,199999.96875,199999.96875,199999.96875,199999.96875,199999.96875,199999.96875,199999.96875,199999.96875
5.364,199999.96875,199999.96875,199999.96875,199999.96875,199999.96875,199999.96875,199999.96875,199999.96875
5.368,199999.96875,199999.96875,199999.96875,199999.96875,199999.96875,199999.96875,199999.96875,199999.96875
5.372,199999.96875,199999.96875,199999.96875,199999.96875,199999.96875,199999.96875,199999.96875,199999.96875
5.376,199999.96875,199999.96875,199999.96875,199999.96875,199999.96875,199999.96875,199999.96875,199999.96875
5.38,199999.96875,199999.96875,199999.96875,199999.96875,199999.96875,199999.96875,199999.96875,199999.96875
5.384,199999.96875,199999.96875,199999.96875,199999.96875,199999.96875,199999.96875,199999.96875,199999.96875
5.388,199999.96875,199999.96875,199999.96875,199999.96875,199999.96875,199999.96875,199999.96875,199999.96875
5.392,199999.96875,199999.96875,199999.96875,199999.96875,199999.96875,199999.96875,199999.96875,199999.96875
5.396,199999.96875,199999.96875,199999.96875,199999.96875,199999.96875,199999.96875,199999.96875,199999.96875
5.4,199999.96875,199999.96875,199999.96875,199999.96875,199999.96875,199999.96875,199999.96875,199999.96875
5.404,199999.96875,199999.96875,199999.96875,199999.96875,199999.96875,199999.96875,199999.96875,199999.96875
5.408,199999.96875,199999.96875,199999.96875,199999.96875,199999.96875,199999.96875,199999.96875,199999.96875
5.412,199999.96875,199999.96875,199999.96875,199999.96875,199999.96875,199999.96875,199999.96875,199999.96875
5.416,199999.96875,199999.96875,199999.96875,199999.96875,199999.96875,199999.96875,199999.96875,199999.96875
5.42,199999.96875,199999.96875,199999.96875,199999.96875,199999.96875,199999.96875,199999.96875,199999.96875
5.424,199999.96875,199999.96875,199999.96875,199999.96875,199999.96875,199999.96875,199999.96875,199999.96875
5.428,199999.96875,199999.96875,199999.96875,199999.96875,199999.96875,199999.96875,199999.96875,199999.96875
5.432,199999.96875,199999.96875,199999.96875,199999.96875,199999.96875,199999.96875,199999.96875,199999.96875
5.436,199999.96875,199999.96875,199999.96875,199999.96875,199999.96875,199999.96875,199999.96875,199999.96875
5.44,199999.96875,199999.96875,199999.96875,199999.96875,199999.96875,199999.96875,199999.96875,199999.96875
5.444,199999.96875,199999.96875,199999.96875,199999.96875,199999.96875,199999.96875,199999.96875,199999.96875
5.448,199999.96875,199999.96875,199999.96875,199999.96875,199999.96875,199999.96875,199999.96875,199999.96875
5.452,199999.96875,199999.96875,199999.96875,199999.96875,199999.96875,199999.96875,199999.96875,199999.96875
5.456,199999.96875,199999.96875,199999.96875,199999.96875,199999.96875,199999.96875,199999.96875,199999.96875
5.46,199999.96875,199999.96875,199999.96875,199999.96875,199999.96875,199999.96875,199999.96875,199999.96875
5.464,199999.96875,199999.96875,199999.96875,199999.96875,199999.96875,199999.96875,199999.96875,199999.96875
5.468,199999.96875,199999.96875,199999.96875,199999.96875,199999.96875,199999.96875,199999.96875,199999.96875
5.472,199999.96875,199999.96875,199999.96875,199999.96875,199999.96875,199999.96875,199999.96875,199999.96875
5.476,199999.96875,199999.96875,199999.96875,199999.96875,199999.96875,199999.96875,199999.96875,199999.96875
5.48,199999.96875,199999.96875,199999.96875,199999.96875,199999.96875,199999.96875,199999.96875,199999.96875
5.484,199999.96875,199999.96875,199999.96875,199999.96875,199999.96875,199999.96875,199999.96875,199999.96875
5.488,199999.96875,199999.96875,199999.96875,199999.96875,199999.96875,199999.96875,199999.96875,199999.96875
5.492,199999.96875,199999.96875,199999.96875,199999.96875,199999.96875,199999.96875,199999.96875,199999.96875
5.496,199999.96875,199999.96875,199999.96875,199999.96875,199999.96875,199999.96875,199999.96875,199999.96875
5.5,199999.96875,199999.96875,199999.96875,199999.96875,199999.96875,199999.96875,199999.96875,199999.96875
5.504,199999.96875,199999.96875,199999.96875,199999.96875,199999.96875,199999.96875,199999.96875,199999.96875
5.508,199999.96875,199999.96875,199999.96875,199999.96875,199999.96875,199999.96875,199999.96875,199999.96875
5.512,199999.96875,199999.96875,199999.96875,199999.96875,199999.96875,199999.96875,199999.96875,199999.96875
5.516,199999.96875,199999.96875,199999.96875,199999.96875,199999.96875,199999.96875,199999.96875,199999.96875
5.52,199999.96875,199999.96875,199999.96875,199999.96875,199999.96875,199999.96875,199999.96875,199999.96875
5.524,199999.96875,199999.96875,199999.96875,199999.96875,199999.96875,199999.96875,199999.96875,199999.96875
5.528,199999.96875,199999.96875,199999.96875,199999.96875,199999.96875,199999.96875,199999.96875,199999.96875
5.532,199999.96875,199999.96875,199999.96875,199999.96875,199999.96875,199999.96875,199999.96875,199999.96875
5.536,199999.96875,199999.96875,199999.96875,199999.96875,199999.96875,199999.96875,199999.96875,199999.96875
5.54,199999.96875,199999.96875,199999.96875,199999.96875,199999.96875,199999.96875,199999.96875,199999.96875
5.544,199999.96875,199999.96875,199999.96875,199999.96875,199999.96875,199999.96875,199999.96875,199999.96875
5.548,199999.96875,199999.96875,199999.96875,199999.96875,199999.96875,199999.96875,199999.96875,199999.96875
5.552,199999.96875,199999.96875,199999.96875,199999.96875,199999.96875,199999.96875,199999.96875,199999.96875
5.556,199999.96875,199999.96875,199999.96875,199999.96875,199999.96875,199999.96875,199999.96875,199999.96875
5.56,199999.96875,199999.96875,199999.96875,199999.96875,199999.96875,199999.96875,199999.96875,199999.96875
5.564,199999.96875,199999.96875,199999.96875,199999.96875,199999.96875,199999.96875,199999.96875,199999.96875
5.568,199999.96875,199999.96875,199999.96875,199999.96875,199999.96875,199999.96875,199999.96875,199999.96875
5.572,199999.96875,199999.96875,199999.96875,199999.96875,199999.96875,199999.96875,199999.96875,199999.96875
5.576,199999.96875,199999.96875,199999.96875,199999.96875,199999.96875,199999.96875,199999.96875,199999.96875
5.58,199999.96875,199999.96875,199999.96875,199999.96875,199999.96875,199999.96875,199999.96875,199999.96875
5.584,199999.96875,199999.96875,199999.96875,199999.96875,199999.96875,199999.96875,199999.96875,199999.96875
5.588,199999.96875,199999.96875,199999.96875,199999.96875,199999.96875,199999.96875,199999.96875,199999.96875
5.592,199999.96875,199999.96875,199999.96875,199999.96875,199999.96875,199999.96875,199999.96875,199999.96875
5.596,199999.96875,199999.96875,199999.96875,199999.96875,199999.96875,199999.96875,199999.96875,199999.96875
5.6,199999.96875,199999.96875,199999.96875,199999.96875,199999.96875,199999.96875,199999.96875,199999.96875
5.604,199999.96875,199999.96875,199999.96875,199999.96875,199999.96875,199999.96875,199999.96875,199999.96875
5.608,199999.96875,199999.96875,199999.96875,199999.96875,199999.96875,199999.96875,199999.96875,199999.96875
5.612,199999.96875,199999.96875,199999.96875,199999.96875,199999.96875,199999.96875,199999.96875,199999.96875
5.616,199999.96875,199999.96875,199999.96875,199999.96875,199999.96875,199999.96875,199999.96875,199999.96875
5.62,199999.96875,199999.96875,199999.96875,199999.96875,199999.96875,199999.96875,199999.96875,199999.96875
5.624,199999.96875,199999.96875,199999.96875,199999.96875,199999.96875,199999.96875,199999.96875,199999.96875
5.628,199999.96875,199999.96875,199999.96875,199999.96875,199999.96875,199999.96875,199999.96875,199999.96875
5.632,199999.96875,199999.96875,199999.96875,199999.96875,199999.96875,199999.96875,199999.96875,199999.96875
5.636,199999.96875,199999.96875,199999.96875,199999.96875,199999.96875,199999.96875,199999.96875,199999.96875
5.64,199999.96875,199999.96875,199999.96875,199999.96875,199999.96875,199999.96875,199999.96875,199999.96875
5.644,199999.96875,199999.96875,199999.96875,199999.96875,199999.96875,199999.96875,199999.96875,199999.96875
5.648,199999.96875,199999.96875,199999.96875,199999.96875,199999.96875,199999.96875,199999.96875,199999.96875
5.652,199999.96875,199999.96875,199999.96875,199999.96875,199999.96875,199999.96875,199999.96875,199999.96875
5.656,199999.96875,199999.96875,199999.96875,199999.96875,199999.96875,199999.96875,199999.96875,199999.96875
5.66,199999.96875,199999.96875,199999.96875,199999.96875,199999.96875,199999.96875,199999.96875,199999.96875
5.664,199999.96875,199999.96875,199999.96875,199999.96875,199999.96875,199999.96875,199999.96875,199999.96875
5.668,199999.96875,199999.96875,199999.96875,199999.96875,199999.96875,199999.96875,199999.96875,199999.96875
5.672,199999.96875,199999.96875,199999.96875,199999.96875,199999.96875,199999.96875,199999.96875,199999.96875
5.676,199999.96875,199999.96875,199999.96875,199999.96875,199999.96875,199999.96875,199999.96875,199999.96875
5.68,199999.96875,199999.96875,199999.96875,199999.96875,199999.96875,199999.96875,199999.96875,199999.96875
5.684,199999.96875,199999.96875,199999.96875,199999.96875,199999.96875,199999.96875,199999.96875,199999.96875
5.688,199999.96875,199999.96875,199999.96875,199999.96875,199999.96875,199999.96875,199999.96875,199999.96875
5.692,199999.96875,199999.96875,199999.96875,199999.96875,199999.96875,199999.96875,199999.96875,199999.96875
5.696,199999.96875,199999.96875,199999.96875,199999.96875,199999.96875,199999.96875,199999.96875,199999.96875
5.7,199999.96875,199999.96875,199999.96875,199999.96875,199999.96875,199999.96875,199999.96875,199999.96875
5.704,199999.96875,199999.96875,199999.96875,199999.96875,199999.96875,199999.96875,199999.96875,199999.96875
5.708,199999.96875,199999.96875,199999.96875,199999.96875,199999.96875,199999.96875,199999.96875,199999.96875
5.712,199999.96875,199999.96875,199999.96875,199999.96875,199999.96875,199999.96875,199999.96875,199999.96875
5.716,199999.96875,199999.96875,199999.96875,199999.96875,199999.96875,199999.96875,199999.96875,199999.96875
5.72,199999.96875,199999.96875,199999.96875,199999.96875,199999.96875,199999.96875,199999.96875,199999.96875
5.724,199999.96875,199999.96875,199999.96875,199999.96875,199999.96875,199999.96875,199999.96875,199999.96875
5.728,199999.96875,199999.96875,199999.96875,199999.96875,199999.96875,199999.96875,199999.96875,199999.96875
5.732,199999.96875,199999.96875,199999.96875,199999.96875,199999.96875,199999.96875,199999.96875,199999.96875
5.736,199999.96875,199999.96875,199999.96875,199999.96875,199999.96875,199999.96875,199999.96875,199999.96875
5.74,199999.96875,199999.96875,199999.96875,199999.96875,199999.96875,199999.96875,199999.96875,199999.96875
5.744,199999.96875,199999.96875,199999.96875,199999.96875,199999.96875,199999.96875,199999.96875,199999.96875
5.748,199999.96875,199999.96875,199999.96875,199999.96875,199999.96875,199999.96875,199999.96875,199999.96875
5.752,199999.96875,199999.96875,199999.96875,199999.96875,199999.96875,199999.96875,199999.96875,199999.96875
5.756,199999.96875,199999.96875,199999.96875,199999.96875,199999.96875,199999.96875,199999.96875,199999.96875
5.76,199999.96875,199999.96875,199999.96875,199999.96875,199999.96875,199999.96875,199999.96875,199999.96875
5.764,199999.96875,199999.96875,199999.96875,199999.96875,199999.96875,199999.96875,199999.96875,199999.96875
5.768,199999.96875,199999.96875,199999.96875,199999.96875,199999.96875,199999.96875,199999.96875,199999.96875
5.772,199999.96875,199999.96875,199999.96875,199999.96875,199999.96875,199999.96875,199999.96875,199999.96875
5.776,199999.96875,199999.96875,199999.96875,199999.96875,199999.96875,199999.96875,199999.96875,199999.96875
5.78,199999.96875,199999.96875,199999.96875,199999.96875,199999.96875,199999.96875,199999.96875,199999.96875
5.784,199999.96875,199999.96875,199999.96875,199999.96875,199999.96875,199999.96875,199999.96875,199999.96875
5.788,199999.96875,199999.96875,199999.96875,199999.96875,199999.96875,199999.96875,199999.96875,199999.96875
5.792,199999.96875,199999.96875,199999.96875,199999.96875,199999.96875,199999.96875,199999.96875,199999.96875
5.796,199999.96875,199999.96875,199999.96875,199999.96875,199999.96875,199999.96875,199999.96875,199999.96875
5.8,199999.96875,199999.96875,199999.96875,199999.96875,199999.96875,199999.96875,199999.96875,199999.96875
5.804,199999.96875,199999.96875,199999.96875,199999.96875,199999.96875,199999.96875,199999.96875,199999.96875
5.808,199999.96875,199999.96875,199999.96875,199999.96875,199999.96875,199999.96875,199999.96875,199999.96875
5.812,199999.96875,199999.96875,199999.96875,199999.96875,199999.96875,199999.96875,199999.96875,199999.96875
5.816,199999.96875,199999.96875,199999.96875,199999.96875,199999.96875,199999.96875,199999.96875,199999.96875
5.82,199999.96875,199999.96875,199999.96875,199999.96875,199999.96875,199999.96875,199999.96875,199999.96875
5.824,199999.96875,199999.96875,199999.96875,199999.96875,199999.96875,199999.96875,199999.96875,199999.96875
5.828,199999.96875,199999.96875,199999.96875,199999.96875,199999.96875,199999.96875,199999.96875,199999.96875
5.832,199999.96875,199999.96875,199999.96875,199999.96875,199999.96875,199999.96875,199999.96875,199999.96875
5.836,199999.96875,199999.96875,199999.96875,199999.96875,199999.96875,199999.96875,199999.96875,199999.96875
5.84,199999.96875,199999.96875,199999.96875,199999.96875,199999.96875,199999.96875,199999.96875,199999.96875
5.844,199999.96875,199999.96875,199999.96875,199999.96875,199999.96875,199999.96875,199999.96875,199999.96875
5.848,199999.96875,199999.96875,199999.96875,199999.96875,199999.96875,199999.96875,199999.96875,199999.96875
5.852,199999.96875,199999.96875,199999.96875,199999.96875,199999.96875,199999.96875,199999.96875,199999.96875
5.856,199999.96875,199999.96875,199999.96875,199999.96875,199999.96875,199999.96875,199999.96875,199999.96875
5.86,199999.96875,199999.96875,199999.96875,199999.96875,199999.96875,199999.96875,199999.96875,199999.96875
5.864,199999.96875,199999.96875,199999.96875,199999.96875,199999.96875,199999.96875,199999.96875,199999.96875
5.868,199999.96875,199999.96875,199999.96875,199999.96875,199999.96875,199999.96875,199999.96875,199999.96875
5.872,199999.96875,199999.96875,199999.96875,199999.96875,199999.96875,199999.96875,199999.96875,199999.96875
5.876,199999.96875,199999.96875,199999.96875,199999.96875,199999.96875,199999.96875,199999.96875,199999.96875
5.88,199999.96875,199999.96875,199999.96875,199999.96875,199999.96875,199999.96875,199999.96875,199999.96875
5.884,199999.96875,199999.96875,199999.96875,199999.96875,199999.96875,199999.96875,199999.96875,199999.96875
5.888,199999.96875,199999.96875,199999.96875,199999.96875,199999.96875,199999.96875,199999.96875,199999.96875
5.892,199999.96875,199999.96875,199999.96875,199999.96875,199999.96875,199999.96875,199999.96875,199999.96875
5.896,199999.96875,199999.96875,199999.96875,199999.96875,199999.96875,199999.96875,199999.96875,199999.96875
5.9,199999.96875,199999.96875,199999.96875,199999.96875,199999.96875,199999.96875,199999.96875,199999.96875
5.904,199999.96875,199999.96875,199999.96875,199999.96875,199999.96875,199999.96875,199999.96875,199999.96875
5.908,199999.96875,199999.96875,199999.96875,199999.96875,199999.96875,199999.96875,199999.96875,199999.96875
5.912,199999.96875,199999.96875,199999.96875,199999.96875,199999.96875,199999.96875,199999.96875,199999.96875
5.916,199999.96875,199999.96875,199999.96875,199999.96875,199999.96875,199999.96875,199999.96875,199999.96875
5.92,199999.96875,199999.96875,199999.96875,199999.96875,199999.96875,199999.96875,199999.96875,199999.96875
5.924,199999.96875,199999.96875,199999.96875,199999.96875,199999.96875,199999.96875,199999.96875,199999.96875
5.928,199999.96875,199999.96875,199999.96875,199999.96875,199999.96875,199999.96875,199999.96875,199999.96875
5.932,199999.96875,199999.96875,199999.96875,199999.96875,199999.96875,199999.96875,199999.96875,199999.96875
5.936,199999.96875,199999.96875,199999.96875,199999.96875,199999.96875,199999.96875,199999.96875,199999.96875
5.94,199999.96875,199999.96875,199999.96875,199999.96875,199999.96875,199999.96875,199999.96875,199999.96875
5.944,199999.96875,199999.96875,199999.96875,199999.96875,199999.96875,199999.96875,199999.96875,199999.96875
5.948,199999.96875,199999.96875,199999.96875,199999.96875,199999.96875,199999.96875,199999.96875,199999.96875
5.952,199999.96875,199999.96875,199999.96875,199999.96875,199999.96875,199999.96875,199999.96875,199999.96875
5.956,199999.96875,199999.96875,199999.96875,199999.96875,199999.96875,199999.96875,199999.96875,199999.96875
5.96,199999.96875,199999.96875,199999.96875,199999.96875,199999.96875,199999.96875,199999.96875,199999.96875
5.964,199999.96875,199999.96875,199999.96875,199999.96875,199999.96875,199999.96875,199999.96875,199999.96875
5.968,199999.96875,199999.96875,199999.96875,199999.96875,199999.96875,199999.96875,199999.96875,199999.96875
5.972,199999.96875,199999.96875,199999.96875,199999.96875,199999.96875,199999.96875,199999.96875,199999.96875
5.976,199999.96875,199999.96875,199999.96875,199999.96875,199999.96875,199999.96875,199999.96875,199999.96875
5.98,199999.96875,199999.96875,199999.96875,199999.96875,199999.96875,199999.96875,199999.96875,199999.96875
5.984,199999.96875,199999.96875,199999.96875,199999.96875,199999.96875,199999.96875,199999.96875,199999.96875
5.988,199999.96875,199999.96875,199999.96875,199999.96875,199999.96875,199999.96875,199999.96875,199999.96875
5.992,199999.96875,199999.96875,199999.96875,199999.96875,199999.96875,199999.96875,199999.96875,199999.96875
5.996,199999.96875,199999.96875,199999.96875,199999.96875,199999.96875,199999.96875,199999.96875,199999.96875
6,199999.96875,199999.96875,199999.96875,199999.96875,199999.96875,199999.96875,199999.96875,199999.96875
6.004,199999.96875,199999.96875,199999.96875,199999.96875,199999.96875,199999.96875,199999.96875,199999.96875
6.008,199999.96875,199999.96875,199999.96875,199999.96875,199999.96875,199999.96875,199999.96875,199999.96875
6.012,199999.96875,199999.96875,199999.96875,199999.96875,199999.96875,199999.96875,199999.96875,199999.96875
6.016,199999.96875,199999.96875,199999.96875,199999.96875,199999.96875,199999.96875,199999.96875,199999.96875
6.02,199999.96875,199999.96875,199999.96875,199999.96875,199999.96875,199999.96875,199999.96875,199999.96875
6.024,199999.96875,199999.96875,199999.96875,199999.96875,199999.96875,199999.96875,199999.96875,199999.96875
6.028,199999.96875,199999.96875,199999.96875,199999.96875,199999.96875,199999.96875,199999.96875,199999.96875
6.032,199999.96875,199999.96875,199999.96875,199999.96875,199999.96875,199999.96875,199999.96875,199999.96875
6.036,199999.96875,199999.96875,199999.96875,199999.96875,199999.96875,199999.96875,199999.96875,199999.96875
6.04,199999.96875,199999.96875,199999.96875,199999.96875,199999.96875,199999.96875,199999.96875,199999.96875
6.044,199999.96875,199999.96875,199999.96875,199999.96875,199999.96875,199999.96875,199999.96875,199999.96875
6.048,199999.96875,199999.96875,199999.96875,199999.96875,199999.96875,199999.96875,199999.96875,199999.96875
6.052,199999.96875,199999.96875,199999.96875,199999.96875,199999.96875,199999.96875,199999.96875,199999.96875
6.056,199999.96875,199999.96875,199999.96875,199999.96875,199999.96875,199999.96875,199999.96875,199999.96875
6.06,199999.96875,199999.96875,199999.96875,199999.96875,199999.96875,199999.96875,199999.96875,199999.96875
6.064,199999.96875,199999.96875,199999.96875,199999.96875,199999.96875,199999.96875,199999.96875,199999.96875
6.068,199999.96875,199999.96875,199999.96875,199999.96875,199999.96875,199999.96875,199999.96875,199999.96875
6.072,199999.96875,199999.96875,199999.96875,199999.96875,199999.96875,199999.96875,199999.96875,199999.96875
6.076,199999.96875,199999.96875,199999.96875,199999.96875,199999.96875,199999.96875,199999.96875,199999.96875
6.08,199999.96875,199999.96875,199999.96875,199999.96875,199999.96875,199999.96875,199999.96875,199999.96875
6.084,199999.96875,199999.96875,199999.96875,199999.96875,199999.96875,199999.96875,199999.96875,199999.96875
6.088,199999.96875,199999.96875,199999.96875,199999.96875,199999.96875,199999.96875,199999.96875,199999.96875
6.092,199999.96875,199999.96875,199999.96875,199999.96875,199999.96875,199999.96875,199999.96875,199999.96875
6.096,199999.96875,199999.96875,199999.96875,199999.96875,199999.96875,199999.96875,199999.96875,199999.96875
6.1,199999.96875,199999.96875,199999.96875,199999.96875,199999.96875,199999.96875,199999.96875,199999.96875
6.104,199999.96875,199999.96875,199999.96875,199999.96875,199999.96875,199999.96875,199999.96875,199999.96875
6.108,199999.96875,199999.96875,199999.96875,199999.96875,199999.96875,199999.96875,199999.96875,199999.96875
6.112,199999.96875,199999.96875,199999.96875,199999.96875,199999.96875,199999.96875,199999.96875,199999.96875
6.116,199999.96875,199999.96875,199999.96875,199999.96875,199999.96875,199999.96875,199999.96875,199999.96875
6.12,199999.96875,199999.96875,199999.96875,199999.96875,199999.96875,199999.96875,199999.96875,199999.96875
6.124,199999.96875,199999.96875,199999.96875,199999.96875,199999.96875,199999.96875,199999.96875,199999.96875
6.128,199999.96875,199999.96875,199999.96875,199999.96875,199999.96875,199999.96875,199999.96875,199999.96875
6.132,199999.96875,199999.96875,199999.96875,199999.96875,199999.96875,199999.96875,199999.96875,199999.96875
6.136,199999.96875,199999.96875,199999.96875,199999.96875,199999.96875,199999.96875,199999.96875,199999.96875
6.14,199999.96875,199999.96875,199999.96875,199999.96875,199999.96875,199999.96875,199999.96875,199999.96875
6.144,199999.96875,199999.96875,199999.96875,199999.96875,199999.96875,199999.96875,199999.96875,199999.96875
6.148,199999.96875,199999.96875,199999.96875,199999.96875,199999.96875,199999.96875,199999.96875,199999.96875
6.152,199999.96875,199999.96875,199999.96875,199999.96875,199999.96875,199999.96875,199999.96875,199999.96875
6.156,199999.96875,199999.96875,199999.96875,199999.96875,199999.96875,199999.96875,199999.96875,199999.96875
6.16,199999.96875,199999.96875,199999.96875,199999.96875,199999.96875,199999.96875,199999.96875,199999.96875
6.164,199999.96875,199999.96875,199999.96875,199999.96875,199999.96875,199999.96875,199999.96875,199999.96875
6.168,199999.96875,199999.96875,199999.96875,199999.96875,199999.96875,199999.96875,199999.96875,199999.96875
6.172,199999.96875,199999.96875,199999.96875,199999.96875,199999.96875,199999.96875,199999.96875,199999.96875
6.176,199999.96875,199999.96875,199999.96875,199999.96875,199999.96875,199999.96875,199999.96875,199999.96875
6.18,199999.96875,199999.96875,199999.96875,199999.96875,199999.96875,199999.96875,199999.96875,199999.96875
6.184,199999.96875,199999.96875,199999.96875,199999.96875,199999.96875,199999.96875,199999.96875,199999.96875
6.188,199999.96875,199999.96875,199999.96875,199999.96875,199999.96875,199999.96875,199999.96875,199999.96875
6.192,199999.96875,199999.96875,199999.96875,199999.96875,199999.96875,199999.96875,199999.96875,199999.96875
6.196,199999.96875,199999.96875,199999.96875,199999.96875,199999.96875,199999.96875,199999.96875,199999.96875
6.2,199999.96875,199999.96875,199999.96875,199999.96875,199999.96875,199999.96875,199999.96875,199999.96875
6.204,199999.96875,199999.96875,199999.96875,199999.96875,199999.96875,199999.96875,199999.96875,199999.96875
6.208,199999.96875,199999.96875,199999.96875,199999.96875,199999.96875,199999.96875,199999.96875,199999.96875
6.212,199999.96875,199999.96875,199999.96875,199999.96875,199999.96875,199999.96875,199999.96875,199999.96875
6.216,199999.96875,199999.96875,199999.96875,199999.96875,199999.96875,199999.96875,199999.96875,199999.96875
6.22,199999.96875,199999.96875,199999.96875,199999.96875,199999.96875,199999.96875,199999.96875,199999.96875
6.224,199999.96875,199999.96875,199999.96875,199999.96875,199999.96875,199999.96875,199999.96875,199999.96875
6.228,199999.96875,199999.96875,199999.96875,199999.96875,199999.96875,199999.96875,199999.96875,199999.96875
6.232,199999.96875,199999.96875,199999.96875,199999.96875,199999.96875,199999.96875,199999.96875,199999.96875
6.236,199999.96875,199999.96875,199999.96875,199999.96875,199999.96875,199999.96875,199999.96875,199999.96875
6.24,199999.96875,199999.96875,199999.96875,199999.96875,199999.96875,199999.96875,199999.96875,199999.96875
6.244,199999.96875,199999.96875,199999.96875,199999.96875,199999.96875,199999.96875,199999.96875,199999.96875
6.248,199999.96875,199999.96875,199999.96875,199999.96875,199999.96875,199999.96875,199999.96875,199999.96875
6.252,199999.96875,199999.96875,199999.96875,199999.96875,199999.96875,199999.96875,199999.96875,199999.96875
6.256,199999.96875,199999.96875,199999.96875,199999.96875,199999.96875,199999.96875,199999.96875,199999.96875
6.26,199999.96875,199999.96875,199999.96875,199999.96875,199999.96875,199999.96875,199999.96875,199999.96875
6.264,199999.96875,199999.96875,199999.96875,199999.96875,199999.96875,199999.96875,199999.96875,199999.96875
6.268,199999.96875,199999.96875,199999.96875,199999.96875,199999.96875,199999.96875,199999.96875,199999.96875
6.272,199999.96875,199999.96875,199999.96875,199999.96875,199999.96875,199999.96875,199999.96875,199999.96875
6.276,199999.96875,199999.96875,199999.96875,199999.96875,199999.96875,199999.96875,199999.96875,199999.96875
6.28,199999.96875,199999.96875,199999.96875,199999.96875,199999.96875,199999.96875,199999.96875,199999.96875
6.284,199999.96875,199999.96875,199999.96875,199999.96875,199999.96875,199999.96875,199999.96875,199999.96875
6.288,199999.96875,199999.96875,199999.96875,199999.96875,199999.96875,199999.96875,199999.96875,199999.96875
6.292,199999.96875,199999.96875,199999.96875,199999.96875,199999.96875,199999.96875,199999.96875,199999.96875
6.296,199999.96875,199999.96875,199999.96875,199999.96875,199999.96875,199999.96875,199999.96875,199999.96875
6.3,199999.96875,199999.96875,199999.96875,199999.96875,199999.96875,199999.96875,199999.96875,199999.96875
6.304,199999.96875,199999.96875,199999.96875,199999.96875,199999.96875,199999.96875,199999.96875,199999.96875
6.308,199999.96875,199999.96875,199999.96875,199999.96875,199999.96875,199999.96875,199999.96875,199999.96875
6.312,199999.96875,199999.96875,199999.96875,199999.96875,199999.96875,199999.96875,199999.96875,199999.96875
6.316,199999.96875,199999.96875,199999.96875,199999.96875,199999.96875,199999.96875,199999.96875,199999.96875
6.32,199999.96875,199999.96875,199999.96875,199999.96875,199999.96875,199999.96875,199999.96875,199999.96875
6.324,199999.96875,199999.96875,199999.96875,199999.96875,199999.96875,199999.96875,199999.96875,199999.96875
6.328,199999.96875,199999.96875,199999.96875,199999.96875,199999.96875,199999.96875,199999.96875,199999.96875
6.332,199999.96875,199999.96875,199999.96875,199999.96875,199999.96875,199999.96875,199999.96875,199999.96875
6.336,199999.96875,199999.96875,199999.96875,199999.96875,199999.96875,199999.96875,199999.96875,199999.96875
6.34,199999.96875,199999.96875,199999.96875,199999.96875,199999.96875,199999.96875,199999.96875,199999.96875
6.344,199999.96875,199999.96875,199999.96875,199999.96875,199999.96875,199999.96875,199999.96875,199999.96875
6.348,199999.96875,199999.96875,199999.96875,199999.96875,199999.96875,199999.96875,199999.96875,199999.96875
6.352,199999.96875,199999.96875,199999.96875,199999.96875,199999.96875,199999.96875,199999.96875,199999.96875
6.356,199999.96875,199999.96875,199999.96875,199999.96875,199999.96875,199999.96875,199999.96875,199999.96875
6.36,199999.96875,199999.96875,199999.96875,199999.96875,199999.96875,199999.96875,199999.96875,199999.96875
6.364,199999.96875,199999.96875,199999.96875,199999.96875,199999.96875,199999.96875,199999.96875,199999.96875
6.368,199999.96875,199999.96875,199999.96875,199999.96875,199999.96875,199999.96875,199999.96875,199999.96875
6.372,199999.96875,199999.96875,199999.96875,199999.96875,199999.96875,199999.96875,199999.96875,199999.96875
6.376,199999.96875,199999.96875,199999.96875,199999.96875,199999.96875,199999.96875,199999.96875,199999.96875
6.38,199999.96875,199999.96875,199999.96875,199999.96875,199999.96875,199999.96875,199999.96875,199999.96875
6.384,199999.96875,199999.96875,199999.96875,199999.96875,199999.96875,199999.96875,199999.96875,199999.96875
6.388,199999.96875,199999.96875,199999.96875,199999.96875,199999.96875,199999.96875,199999.96875,199999.96875
6.392,199999.96875,199999.96875,199999.96875,199999.96875,199999.96875,199999.96875,199999.96875,199999.96875
6.396,199999.96875,199999.96875,199999.96875,199999.96875,199999.96875,199999.96875,199999.96875,199999.96875
6.4,199999.96875,199999.96875,199999.96875,199999.96875,199999.96875,199999.96875,199999.96875,199999.96875
6.404,199999.96875,199999.96875,199999.96875,199999.96875,199999.96875,199999.96875,199999.96875,199999.96875
6.408,199999.96875,199999.96875,199999.96875,199999.96875,199999.96875,199999.96875,199999.96875,199999.96875
6.412,199999.96875,199999.96875,199999.96875,199999.96875,199999.96875,199999.96875,199999.96875,199999.96875
6.416,199999.96875,199999.96875,199999.96875,199999.96875,199999.96875,199999.96875,199999.96875,199999.96875
6.42,199999.96875,199999.96875,199999.96875,199999.96875,199999.96875,199999.96875,199999.96875,199999.96875
6.424,199999.96875,199999.96875,199999.96875,199999.96875,199999.96875,199999.96875,199999.96875,199999.96875
6.428,199999.96875,199999.96875,199999.96875,199999.96875,199999.96875,199999.96875,199999.96875,199999.96875
6.432,199999.96875,199999.96875,199999.96875,199999.96875,199999.96875,199999.96875,199999.96875,199999.96875
6.436,199999.96875,199999.96875,199999.96875,199999.96875,199999.96875,199999.96875,199999.96875,199999.96875
6.44,199999.96875,199999.96875,199999.96875,199999.96875,199999.96875,199999.96875,199999.96875,199999.96875
6.444,199999.96875,199999.96875,199999.96875,199999.96875,199999.96875,199999.96875,199999.96875,199999.96875
6.448,199999.96875,199999.96875,199999.96875,199999.96875,199999.96875,199999.96875,199999.96875,199999.96875
6.452,199999.96875,199999.96875,199999.96875,199999.96875,199999.96875,199999.96875,199999.96875,199999.96875
6.456,199999.96875,199999.96875,199999.96875,199999.96875,199999.96875,199999.96875,199999.96875,199999.96875
6.46,199999.96875,199999.96875,199999.96875,199999.96875,199999.96875,199999.96875,199999.96875,199999.96875
6.464,199999.96875,199999.96875,199999.96875,199999.96875,199999.96875,199999.96875,199999.96875,199999.96875
6.468,199999.96875,199999.96875,199999.96875,199999.96875,199999.96875,199999.96875,199999.96875,199999.96875
6.472,199999.96875,199999.96875,199999.96875,199999.96875,199999.96875,199999.96875,199999.96875,199999.96875
6.476,199999.96875,199999.96875,199999.96875,199999.96875,199999.96875,199999.96875,199999.96875,199999.96875
6.48,199999.96875,199999.96875,199999.96875,199999.96875,199999.96875,199999.96875,199999.96875,199999.96875
6.484,199999.96875,199999.96875,199999.96875,199999.96875,199999.96875,199999.96875,199999.96875,199999.96875
6.488,199999.96875,199999.96875,199999.96875,199999.96875,199999.96875,199999.96875,199999.96875,199999.96875
6.492,199999.96875,199999.96875,199999.96875,199999.96875,199999.96875,199999.96875,199999.96875,199999.96875
6.496,199999.96875,199999.96875,199999.96875,199999.96875,199999.96875,199999.96875,199999.96875,199999.96875
6.5,199999.96875,199999.96875,199999.96875,199999.96875,199999.96875,199999.96875,199999.96875,199999.96875
6.504,199999.96875,199999.96875,199999.96875,199999.96875,199999.96875,199999.96875,199999.96875,199999.96875
6.508,199999.96875,199999.96875,199999.96875,199999.96875,199999.96875,199999.96875,199999.96875,199999.96875
6.512,199999.96875,199999.96875,199999.96875,199999.96875,199999.96875,199999.96875,199999.96875,199999.96875
6.516,199999.96875,199999.96875,199999.96875,199999.96875,199999.96875,199999.96875,199999.96875,199999.96875
6.52,199999.96875,199999.96875,199999.96875,199999.96875,199999.96875,199999.96875,199999.96875,199999.96875
6.524,199999.96875,199999.96875,199999.96875,199999.96875,199999.96875,199999.96875,199999.96875,199999.96875
6.528,199999.96875,199999.96875,199999.96875,199999.96875,199999.96875,199999.96875,199999.96875,199999.96875
6.532,199999.96875,199999.96875,199999.96875,199999.96875,199999.96875,199999.96875,199999.96875,199999.96875
6.536,199999.96875,199999.96875,199999.96875,199999.96875,199999.96875,199999.96875,199999.96875,199999.96875
6.54,199999.96875,199999.96875,199999.96875,199999.96875,199999.96875,199999.96875,199999.96875,199999.96875
6.544,199999.96875,199999.96875,199999.96875,199999.96875,199999.96875,199999.96875,199999.96875,199999.96875
6.548,199999.96875,199999.96875,199999.96875,199999.96875,199999.96875,199999.96875,199999.96875,199999.96875
6.552,199999.96875,199999.96875,199999.96875,199999.96875,199999.96875,199999.96875,199999.96875,199999.96875
6.556,199999.96875,199999.96875,199999.96875,199999.96875,199999.96875,199999.96875,199999.96875,199999.96875
6.56,199999.96875,199999.96875,199999.96875,199999.96875,199999.96875,199999.96875,199999.96875,199999.96875
6.564,199999.96875,199999.96875,199999.96875,199999.96875,199999.96875,199999.96875,199999.96875,199999.96875
6.568,199999.96875,199999.96875,199999.96875,199999.96875,199999.96875,199999.96875,199999.96875,199999.96875
6.572,199999.96875,199999.96875,199999.96875,199999.96875,199999.96875,199999.96875,199999.96875,199999.96875
6.576,199999.96875,199999.96875,199999.96875,199999.96875,199999.96875,199999.96875,199999.96875,199999.96875
6.58,199999.96875,199999.96875,199999.96875,199999.96875,199999.96875,199999.96875,199999.96875,199999.96875
6.584,199999.96875,199999.96875,199999.96875,199999.96875,199999.96875,199999.96875,199999.96875,199999.96875
6.588,199999.96875,199999.96875,199999.96875,199999.96875,199999.96875,199999.96875,199999.96875,199999.96875
6.592,199999.96875,199999.96875,199999.96875,199999.96875,199999.96875,199999.96875,199999.96875,199999.96875
6.596,199999.96875,199999.96875,199999.96875,199999.96875,199999.96875,199999.96875,199999.96875,199999.96875
6.6,199999.96875,199999.96875,199999.96875,199999.96875,199999.96875,199999.96875,199999.96875,199999.96875
6.604,199999.96875,199999.96875,199999.96875,199999.96875,199999.96875,199999.96875,199999.96875,199999.96875
6.608,199999.96875,199999.96875,199999.96875,199999.96875,199999.96875,199999.96875,199999.96875,199999.96875
6.612,199999.96875,199999.96875,199999.96875,199999.96875,199999.96875,199999.96875,199999.96875,199999.96875
6.616,199999.96875,199999.96875,199999.96875,199999.96875,199999.96875,199999.96875,199999.96875,199999.96875
6.62,199999.96875,199999.96875,199999.96875,199999.96875,199999.96875,199999.96875,199999.96875,199999.96875
6.624,199999.96875,199999.96875,199999.96875,199999.96875,199999.96875,199999.96875,199999.96875,199999.96875
6.628,199999.96875,199999.96875,199999.96875,199999.96875,199999.96875,199999.96875,199999.96875,199999.96875
6.632,199999.96875,199999.96875,199999.96875,199999.96875,199999.96875,199999.96875,199999.96875,199999.96875
6.636,199999.96875,199999.96875,199999.96875,199999.96875,199999.96875,199999.96875,199999.96875,199999.96875
6.64,199999.96875,199999.96875,199999.96875,199999.96875,199999.96875,199999.96875,199999.96875,199999.96875
6.644,199999.96875,199999.96875,199999.96875,199999.96875,199999.96875,199999.96875,199999.96875,199999.96875
6.648,199999.96875,199999.96875,199999.96875,199999.96875,199999.96875,199999.96875,199999.96875,199999.96875
6.652,199999.96875,199999.96875,199999.96875,199999.96875,199999.96875,199999.96875,199999.96875,199999.96875
6.656,199999.96875,199999.96875,199999.96875,199999.96875,199999.96875,199999.96875,199999.96875,199999.96875
6.66,199999.96875,199999.96875,199999.96875,199999.96875,199999.96875,199999.96875,199999.96875,199999.96875
6.664,199999.96875,199999.96875,199999.96875,199999.96875,199999.96875,199999.96875,199999.96875,199999.96875
6.668,199999.96875,199999.96875,199999.96875,199999.96875,199999.96875,199999.96875,199999.96875,199999.96875
6.672,199999.96875,199999.96875,199999.96875,199999.96875,199999.96875,199999.96875,199999.96875,199999.96875
6.676,199999.96875,199999.96875,199999.96875,199999.96875,199999.96875,199999.96875,199999.96875,199999.96875
6.68,199999.96875,199999.96875,199999.96875,199999.96875,199999.96875,199999.96875,199999.96875,199999.96875
6.684,199999.96875,199999.96875,199999.96875,199999.96875,199999.96875,199999.96875,199999.96875,199999.96875
6.688,199999.96875,199999.96875,199999.96875,199999.96875,199999.96875,199999.96875,199999.96875,199999.96875
6.692,199999.96875,199999.96875,199999.96875,199999.96875,199999.96875,199999.96875,199999.96875,199999.96875
6.696,199999.96875,199999.96875,199999.96875,199999.96875,199999.96875,199999.96875,199999.96875,199999.96875
6.7,199999.96875,199999.96875,199999.96875,199999.96875,199999.96875,199999.96875,199999.96875,199999.96875
6.704,199999.96875,199999.96875,199999.96875,199999.96875,199999.96875,199999.96875,199999.96875,199999.96875
6.708,199999.96875,199999.96875,199999.96875,199999.96875,199999.96875,199999.96875,199999.96875,199999.96875
6.712,199999.96875,199999.96875,199999.96875,199999.96875,199999.96875,199999.96875,199999.96875,199999.96875
6.716,199999.96875,199999.96875,199999.96875,199999.96875,199999.96875,199999.96875,199999.96875,199999.96875
6.72,199999.96875,199999.96875,199999.96875,199999.96875,199999.96875,199999.96875,199999.96875,199999.96875
6.724,199999.96875,199999.96875,199999.96875,199999.96875,199999.96875,199999.96875,199999.96875,199999.96875
6.728,199999.96875,199999.96875,199999.96875,199999.96875,199999.96875,199999.96875,199999.96875,199999.96875
6.732,199999.96875,199999.96875,199999.96875,199999.96875,199999.96875,199999.96875,199999.96875,199999.96875
6.736,199999.96875,199999.96875,199999.96875,199999.96875,199999.96875,199999.96875,199999.96875,199999.96875
6.74,199999.96875,199999.96875,199999.96875,199999.96875,199999.96875,199999.96875,199999.96875,199999.96875
6.744,199999.96875,199999.96875,199999.96875,199999.96875,199999.96875,199999.96875,199999.96875,199999.96875
6.748,199999.96875,199999.96875,199999.96875,199999.96875,199999.96875,199999.96875,199999.96875,199999.96875
6.752,199999.96875,199999.96875,199999.96875,199999.96875,199999.96875,199999.96875,199999.96875,199999.96875
6.756,199999.96875,199999.96875,199999.96875,199999.96875,199999.96875,199999.96875,199999.96875,199999.96875
6.76,199999.96875,199999.96875,199999.96875,199999.96875,199999.96875,199999.96875,199999.96875,199999.96875
6.764,199999.96875,199999.96875,199999.96875,199999.96875,199999.96875,199999.96875,199999.96875,199999.96875
6.768,199999.96875,199999.96875,199999.96875,199999.96875,199999.96875,199999.96875,199999.96875,199999.96875
6.772,199999.96875,199999.96875,199999.96875,199999.96875,199999.96875,199999.96875,199999.96875,199999.96875
6.776,199999.96875,199999.96875,199999.96875,199999.96875,199999.96875,199999.96875,199999.96875,199999.96875
6.78,199999.96875,199999.96875,199999.96875,199999.96875,199999.96875,199999.96875,199999.96875,199999.96875
6.784,199999.96875,199999.96875,199999.96875,199999.96875,199999.96875,199999.96875,199999.96875,199999.96875
6.788,199999.96875,199999.96875,199999.96875,199999.96875,199999.96875,199999.96875,199999.96875,199999.96875
6.792,199999.96875,199999.96875,199999.96875,199999.96875,199999.96875,199999.96875,199999.96875,199999.96875
6.796,199999.96875,199999.96875,199999.96875,199999.96875,199999.96875,199999.96875,199999.96875,199999.96875
6.8,199999.96875,199999.96875,199999.96875,199999.96875,199999.96875,199999.96875,199999.96875,199999.96875
6.804,199999.96875,199999.96875,199999.96875,199999.96875,199999.96875,199999.96875,199999.96875,199999.96875
6.808,199999.96875,199999.96875,199999.96875,199999.96875,199999.96875,199999.96875,199999.96875,199999.96875
6.812,199999.96875,199999.96875,199999.96875,199999.96875,199999.96875,199999.96875,199999.96875,199999.96875
6.816,199999.96875,199999.96875,199999.96875,199999.96875,199999.96875,199999.96875,199999.96875,199999.96875
6.82,199999.96875,199999.96875,199999.96875,199999.96875,199999.96875,199999.96875,199999.96875,199999.96875
6.824,199999.96875,199999.96875,199999.96875,199999.96875,199999.96875,199999.96875,199999.96875,199999.96875
6.828,199999.96875,199999.96875,199999.96875,199999.96875,199999.96875,199999.96875,199999.96875,199999.96875
6.832,199999.96875,199999.96875,199999.96875,199999.96875,199999.96875,199999.96875,199999.96875,199999.96875
6.836,199999.96875,199999.96875,199999.96875,199999.96875,199999.96875,199999.96875,199999.96875,199999.96875
6.84,199999.96875,199999.96875,199999.96875,199999.96875,199999.96875,199999.96875,199999.96875,199999.96875
6.844,199999.96875,199999.96875,199999.96875,199999.96875,199999.96875,199999.96875,199999.96875,199999.96875
6.848,199999.96875,199999.96875,199999.96875,199999.96875,199999.96875,199999.96875,199999.96875,199999.96875
6.852,199999.96875,199999.96875,199999.96875,199999.96875,199999.96875,199999.96875,199999.96875,199999.96875
6.856,199999.96875,199999.96875,199999.96875,199999.96875,199999.96875,199999.96875,199999.96875,199999.96875
6.86,199999.96875,199999.96875,199999.96875,199999.96875,199999.96875,199999.96875,199999.96875,199999.96875
6.864,199999.96875,199999.96875,199999.96875,199999.96875,199999.96875,199999.96875,199999.96875,199999.96875
6.868,199999.96875,199999.96875,199999.96875,199999.96875,199999.96875,199999.96875,199999.96875,199999.96875
6.872,199999.96875,199999.96875,199999.96875,199999.96875,199999.96875,199999.96875,199999.96875,199999.96875
6.876,199999.96875,199999.96875,199999.96875,199999.96875,199999.96875,199999.96875,199999.96875,199999.96875
6.88,199999.96875,199999.96875,199999.96875,199999.96875,199999.96875,199999.96875,199999.96875,199999.96875
6.884,199999.96875,199999.96875,199999.96875,199999.96875,199999.96875,199999.96875,199999.96875,199999.96875
6.888,199999.96875,199999.96875,199999.96875,199999.96875,199999.96875,199999.96875,199999.96875,199999.96875
6.892,199999.96875,199999.96875,199999.96875,199999.96875,199999.96875,199999.96875,199999.96875,199999.96875
6.896,199999.96875,199999.96875,199999.96875,199999.96875,199999.96875,199999.96875,199999.96875,199999.96875
6.9,199999.96875,199999.96875,199999.96875,199999.96875,199999.96875,199999.96875,199999.96875,199999.96875
6.904,199999.96875,199999.96875,199999.96875,199999.96875,199999.96875,199999.96875,199999.96875,199999.96875
6.908,199999.96875,199999.96875,199999.96875,199999.96875,199999.96875,199999.96875,199999.96875,199999.96875
6.912,199999.96875,199999.96875,199999.96875,199999.96875,199999.96875,199999.96875,199999.96875,199999.96875
6.916,199999.96875,199999.96875,199999.96875,199999.96875,199999.96875,199999.96875,199999.96875,199999.96875
6.92,199999.96875,199999.96875,199999.96875,199999.96875,199999.96875,199999.96875,199999.96875,199999.96875
6.924,199999.96875,199999.96875,199999.96875,199999.96875,199999.96875,199999.96875,199999.96875,199999.96875
6.928,199999.96875,199999.96875,199999.96875,199999.96875,199999.96875,199999.96875,199999.96875,199999.96875
6.932,199999.96875,199999.96875,199999.96875,199999.96875,199999.96875,199999.96875,199999.96875,199999.96875
6.936,199999.96875,199999.96875,199999.96875,199999.96875,199999.96875,199999.96875,199999.96875,199999.96875
6.94,199999.96875,199999.96875,199999.96875,199999.96875,199999.96875,199999.96875,199999.96875,199999.96875
6.944,199999.96875,199999.96875,199999.96875,199999.96875,199999.96875,199999.96875,199999.96875,199999.96875
6.948,199999.96875,199999.96875,199999.96875,199999.96875,199999.96875,199999.96875,199999.96875,199999.96875
6.952,199999.96875,199999.96875,199999.96875,199999.96875,199999.96875,199999.96875,199999.96875,199999.96875
6.956,199999.96875,199999.96875,199999.96875,199999.96875,199999.96875,199999.96875,199999.96875,199999.96875
6.96,199999.96875,199999.96875,199999.96875,199999.96875,199999.96875,199999.96875,199999.96875,199999.96875
6.964,199999.96875,199999.96875,199999.96875,199999.96875,199999.96875,199999.96875,199999.96875,199999.96875
6.968,199999.96875,199999.96875,199999.96875,199999.96875,199999.96875,199999.96875,199999.96875,199999.96875
6.972,199999.96875,199999.96875,199999.96875,199999.96875,199999.96875,199999.96875,199999.96875,199999.96875
6.976,199999.96875,199999.96875,199999.96875,199999.96875,199999.96875,199999.96875,199999.96875,199999.96875
6.98,199999.96875,199999.96875,199999.96875,199999.96875,199999.96875,199999.96875,199999.96875,199999.96875
6.984,199999.96875,199999.96875,199999.96875,199999.96875,199999.96875,199999.96875,199999.96875,199999.96875
6.988,199999.96875,199999.96875,199999.96875,199999.96875,199999.96875,199999.96875,199999.96875,199999.96875
6.992,199999.96875,199999.96875,199999.96875,199999.96875,199999.96875,199999.96875,199999.96875,199999.96875
6.996,199999.96875,199999.96875,199999.96875,199999.96875,199999.96875,199999.96875,199999.96875,199999.96875
7,199999.96875,199999.96875,199999.96875,199999.96875,199999.96875,199999.96875,199999.96875,199999.96875
7.004,199999.96875,199999.96875,199999.96875,199999.96875,199999.96875,199999.96875,199999.96875,199999.96875
7.008,199999.96875,199999.96875,199999.96875,199999.96875,199999.96875,199999.96875,199999.96875,199999.96875
7.012,199999.96875,199999.96875,199999.96875,199999.96875,199999.96875,199999.96875,199999.96875,199999.96875
7.016,199999.96875,199999.96875,199999.96875,199999.96875,199999.96875,199999.96875,199999.96875,199999.96875
7.02,199999.96875,199999.96875,199999.96875,199999.96875,199999.96875,199999.96875,199999.96875,199999.96875
7.024,199999.96875,199999.96875,199999.96875,199999.96875,199999.96875,199999.96875,199999.96875,199999.96875
7.028,199999.96875,199999.96875,199999.96875,199999.96875,199999.96875,199999.96875,199999.96875,199999.96875
7.032,199999.96875,199999.96875,199999.96875,199999.96875,199999.96875,199999.96875,199999.96875,199999.96875
7.036,199999.96875,199999.96875,199999.96875,199999.96875,199999.96875,199999.96875,199999.96875,199999.96875
7.04,199999.96875,199999.96875,199999.96875,199999.96875,199999.96875,199999.96875,199999.96875,199999.96875
7.044,199999.96875,199999.96875,199999.96875,199999.96875,199999.96875,199999.96875,199999.96875,199999.96875
7.048,199999.96875,199999.96875,199999.96875,199999.96875,199999.96875,199999.96875,199999.96875,199999.96875
7.052,199999.96875,199999.96875,199999.96875,199999.96875,199999.96875,199999.96875,199999.96875,199999.96875
7.056,199999.96875,199999.96875,199999.96875,199999.96875,199999.96875,199999.96875,199999.96875,199999.96875
7.06,199999.96875,199999.96875,199999.96875,199999.96875,199999.96875,199999.96875,199999.96875,199999.96875
7.064,199999.96875,199999.96875,199999.96875,199999.96875,199999.96875,199999.96875,199999.96875,199999.96875
7.068,199999.96875,199999.96875,199999.96875,199999.96875,199999.96875,199999.96875,199999.96875,199999.96875
7.072,199999.96875,199999.96875,199999.96875,199999.96875,199999.96875,199999.96875,199999.96875,199999.96875
7.076,199999.96875,199999.96875,199999.96875,199999.96875,199999.96875,199999.96875,199999.96875,199999.96875
7.08,199999.96875,199999.96875,199999.96875,199999.96875,199999.96875,199999.96875,199999.96875,199999.96875
7.084,199999.96875,199999.96875,199999.96875,199999.96875,199999.96875,199999.96875,199999.96875,199999.96875
7.088,199999.96875,199999.96875,199999.96875,199999.96875,199999.96875,199999.96875,199999.96875,199999.96875
7.092,199999.96875,199999.96875,199999.96875,199999.96875,199999.96875,199999.96875,199999.96875,199999.96875
7.096,199999.96875,199999.96875,199999.96875,199999.96875,199999.96875,199999.96875,199999.96875,199999.96875
7.1,199999.96875,199999.96875,199999.96875,199999.96875,199999.96875,199999.96875,199999.96875,199999.96875
7.104,199999.96875,199999.96875,199999.96875,199999.96875,199999.96875,199999.96875,199999.96875,199999.96875
7.108,199999.96875,199999.96875,199999.96875,199999.96875,199999.96875,199999.96875,199999.96875,199999.96875
7.112,199999.96875,199999.96875,199999.96875,199999.96875,199999.96875,199999.96875,199999.96875,199999.96875
7.116,199999.96875,199999.96875,199999.96875,199999.96875,199999.96875,199999.96875,199999.96875,199999.96875
7.12,199999.96875,199999.96875,199999.96875,199999.96875,199999.96875,199999.96875,199999.96875,199999.96875
7.124,199999.96875,199999.96875,199999.96875,199999.96875,199999.96875,199999.96875,199999.96875,199999.96875
7.128,199999.96875,199999.96875,199999.96875,199999.96875,199999.96875,199999.96875,199999.96875,199999.96875
7.132,199999.96875,199999.96875,199999.96875,199999.96875,199999.96875,199999.96875,199999.96875,199999.96875
7.136,199999.96875,199999.96875,199999.96875,199999.96875,199999.96875,199999.96875,199999.96875,199999.96875
7.14,199999.96875,199999.96875,199999.96875,199999.96875,199999.96875,199999.96875,199999.96875,199999.96875
7.144,199999.96875,199999.96875,199999.96875,199999.96875,199999.96875,199999.96875,199999.96875,199999.96875
7.148,199999.96875,199999.96875,199999.96875,199999.96875,199999.96875,199999.96875,199999.96875,199999.96875
7.152,199999.96875,199999.96875,199999.96875,199999.96875,199999.96875,199999.96875,199999.96875,199999.96875
7.156,199999.96875,199999.96875,199999.96875,199999.96875,199999.96875,199999.96875,199999.96875,199999.96875
7.16,199999.96875,199999.96875,199999.96875,199999.96875,199999.96875,199999.96875,199999.96875,199999.96875
7.164,199999.96875,199999.96875,199999.96875,199999.96875,199999.96875,199999.96875,199999.96875,199999.96875
7.168,199999.96875,199999.96875,199999.96875,199999.96875,199999.96875,199999.96875,199999.96875,199999.96875
7.172,199999.96875,199999.96875,199999.96875,199999.96875,199999.96875,199999.96875,199999.96875,199999.96875
7.176,199999.96875,199999.96875,199999.96875,199999.96875,199999.96875,199999.96875,199999.96875,199999.96875
7.18,199999.96875,199999.96875,199999.96875,199999.96875,199999.96875,199999.96875,199999.96875,199999.96875
7.184,199999.96875,199999.96875,199999.96875,199999.96875,199999.96875,199999.96875,199999.96875,199999.96875
7.188,199999.96875,199999.96875,199999.96875,199999.96875,199999.96875,199999.96875,199999.96875,199999.96875
7.192,199999.96875,199999.96875,199999.96875,199999.96875,199999.96875,199999.96875,199999.96875,199999.96875
7.196,199999.96875,199999.96875,199999.96875,199999.96875,199999.96875,199999.96875,199999.96875,199999.96875
7.2,199999.96875,199999.96875,199999.96875,199999.96875,199999.96875,199999.96875,199999.96875,199999.96875
7.204,199999.96875,199999.96875,199999.96875,199999.96875,199999.96875,199999.96875,199999.96875,199999.96875
7.208,199999.96875,199999.96875,199999.96875,199999.96875,199999.96875,199999.96875,199999.96875,199999.96875
7.212,199999.96875,199999.96875,199999.96875,199999.96875,199999.96875,199999.96875,199999.96875,199999.96875
7.216,199999.96875,199999.96875,199999.96875,199999.96875,199999.96875,199999.96875,199999.96875,199999.96875
7.22,199999.96875,199999.96875,199999.96875,199999.96875,199999.96875,199999.96875,199999.96875,199999.96875
7.224,199999.96875,199999.96875,199999.96875,199999.96875,199999.96875,199999.96875,199999.96875,199999.96875
7.228,199999.96875,199999.96875,199999.96875,199999.96875,199999.96875,199999.96875,199999.96875,199999.96875
7.232,199999.96875,199999.96875,199999.96875,199999.96875,199999.96875,199999.96875,199999.96875,199999.96875
7.236,199999.96875,199999.96875,199999.96875,199999.96875,199999.96875,199999.96875,199999.96875,199999.96875
7.24,199999.96875,199999.96875,199999.96875,199999.96875,199999.96875,199999.96875,199999.96875,199999.96875
7.244,199999.96875,199999.96875,199999.96875,199999.96875,199999.96875,199999.96875,199999.96875,199999.96875
7.248,199999.96875,199999.96875,199999.96875,199999.96875,199999.96875,199999.96875,199999.96875,199999.96875
7.252,199999.96875,199999.96875,199999.96875,199999.96875,199999.96875,199999.96875,199999.96875,199999.96875
7.256,199999.96875,199999.96875,199999.96875,199999.96875,199999.96875,199999.96875,199999.96875,199999.96875
7.26,199999.96875,199999.96875,199999.96875,199999.96875,199999.96875,199999.96875,199999.96875,199999.96875
7.264,199999.96875,199999.96875,199999.96875,199999.96875,199999.96875,199999.96875,199999.96875,199999.96875
7.268,199999.96875,199999.96875,199999.96875,199999.96875,199999.96875,199999.96875,199999.96875,199999.96875
7.272,199999.96875,199999.96875,199999.96875,199999.96875,199999.96875,199999.96875,199999.96875,199999.96875
7.276,199999.96875,199999.96875,199999.96875,199999.96875,199999.96875,199999.96875,199999.96875,199999.96875
7.28,199999.96875,199999.96875,199999.96875,199999.96875,199999.96875,199999.96875,199999.96875,199999.96875
7.284,199999.96875,199999.96875,199999.96875,199999.96875,199999.96875,199999.96875,199999.96875,199999.96875
7.288,199999.96875,199999.96875,199999.96875,199999.96875,199999.96875,199999.96875,199999.96875,199999.96875
7.292,199999.96875,199999.96875,199999.96875,199999.96875,199999.96875,199999.96875,199999.96875,199999.96875
7.296,199999.96875,199999.96875,199999.96875,199999.96875,199999.96875,199999.96875,199999.96875,199999.96875
7.3,199999.96875,199999.96875,199999.96875,199999.96875,199999.96875,199999.96875,199999.96875,199999.96875
7.304,199999.96875,199999.96875,199999.96875,199999.96875,199999.96875,199999.96875,199999.96875,199999.96875
7.308,199999.96875,199999.96875,199999.96875,199999.96875,199999.96875,199999.96875,199999.96875,199999.96875
7.312,199999.96875,199999.96875,199999.96875,199999.96875,199999.96875,199999.96875,199999.96875,199999.96875
7.316,199999.96875,199999.96875,199999.96875,199999.96875,199999.96875,199999.96875,199999.96875,199999.96875
7.32,199999.96875,199999.96875,199999.96875,199999.96875,199999.96875,199999.96875,199999.96875,199999.96875
7.324,199999.96875,199999.96875,199999.96875,199999.96875,199999.96875,199999.96875,199999.96875,199999.96875
7.328,199999.96875,199999.96875,199999.96875,199999.96875,199999.96875,199999.96875,199999.96875,199999.96875
7.332,199999.96875,199999.96875,199999.96875,199999.96875,199999.96875,199999.96875,199999.96875,199999.96875
7.336,199999.96875,199999.96875,199999.96875,199999.96875,199999.96875,199999.96875,199999.96875,199999.96875
7.34,199999.96875,199999.96875,199999.96875,199999.96875,199999.96875,199999.96875,199999.96875,199999.96875
7.344,199999.96875,199999.96875,199999.96875,199999.96875,199999.96875,199999.96875,199999.96875,199999.96875
7.348,199999.96875,199999.96875,199999.96875,199999.96875,199999.96875,199999.96875,199999.96875,199999.96875
7.352,199999.96875,199999.96875,199999.96875,199999.96875,199999.96875,199999.96875,199999.96875,199999.96875
7.356,199999.96875,199999.96875,199999.96875,199999.96875,199999.96875,199999.96875,199999.96875,199999.96875
7.36,199999.96875,199999.96875,199999.96875,199999.96875,199999.96875,199999.96875,199999.96875,199999.96875
7.364,199999.96875,199999.96875,199999.96875,199999.96875,199999.96875,199999.96875,199999.96875,199999.96875
7.368,199999.96875,199999.96875,199999.96875,199999.96875,199999.96875,199999.96875,199999.96875,199999.96875
7.372,199999.96875,199999.96875,199999.96875,199999.96875,199999.96875,199999.96875,199999.96875,199999.96875
7.376,199999.96875,199999.96875,199999.96875,199999.96875,199999.96875,199999.96875,199999.96875,199999.96875
7.38,199999.96875,199999.96875,199999.96875,199999.96875,199999.96875,199999.96875,199999.96875,199999.96875
7.384,199999.96875,199999.96875,199999.96875,199999.96875,199999.96875,199999.96875,199999.96875,199999.96875
7.388,199999.96875,199999.96875,199999.96875,199999.96875,199999.96875,199999.96875,199999.96875,199999.96875
7.392,199999.96875,199999.96875,199999.96875,199999.96875,199999.96875,199999.96875,199999.96875,199999.96875
7.396,199999.96875,199999.96875,199999.96875,199999.96875,199999.96875,199999.96875,199999.96875,199999.96875
7.4,199999.96875,199999.96875,199999.96875,199999.96875,199999.96875,199999.96875,199999.96875,199999.96875
7.404,199999.96875,199999.96875,199999.96875,199999.96875,199999.96875,199999.96875,199999.96875,199999.96875
7.408,199999.96875,199999.96875,199999.96875,199999.96875,199999.96875,199999.96875,199999.96875,199999.96875
7.412,199999.96875,199999.96875,199999.96875,199999.96875,199999.96875,199999.96875,199999.96875,199999.96875
7.416,199999.96875,199999.96875,199999.96875,199999.96875,199999.96875,199999.96875,199999.96875,199999.96875
7.42,199999.96875,199999.96875,199999.96875,199999.96875,199999.96875,199999.96875,199999.96875,199999.96875
7.424,199999.96875,199999.96875,199999.96875,199999.96875,199999.96875,199999.96875,199999.96875,199999.96875
7.428,199999.96875,199999.96875,199999.96875,199999.96875,199999.96875,199999.96875,199999.96875,199999.96875
7.432,199999.96875,199999.96875,199999.96875,199999.96875,199999.96875,199999.96875,199999.96875,199999.96875
7.436,199999.96875,199999.96875,199999.96875,199999.96875,199999.96875,199999.96875,199999.96875,199999.96875
7.44,199999.96875,199999.96875,199999.96875,199999.96875,199999.96875,199999.96875,199999.96875,199999.96875
7.444,199999.96875,199999.96875,199999.96875,199999.96875,199999.96875,199999.96875,199999.96875,199999.96875
7.448,199999.96875,199999.96875,199999.96875,199999.96875,199999.96875,199999.96875,199999.96875,199999.96875
7.452,199999.96875,199999.96875,199999.96875,199999.96875,199999.96875,199999.96875,199999.96875,199999.96875
7.456,199999.96875,199999.96875,199999.96875,199999.96875,199999.96875,199999.96875,199999.96875,199999.96875
7.46,199999.96875,199999.96875,199999.96875,199999.96875,199999.96875,199999.96875,199999.96875,199999.96875
7.464,199999.96875,199999.96875,199999.96875,199999.96875,199999.96875,199999.96875,199999.96875,199999.96875
7.468,199999.96875,199999.96875,199999.96875,199999.96875,199999.96875,199999.96875,199999.96875,199999.96875
7.472,199999.96875,199999.96875,199999.96875,199999.96875,199999.96875,199999.96875,199999.96875,199999.96875
7.476,199999.96875,199999.96875,199999.96875,199999.96875,199999.96875,199999.96875,199999.96875,199999.96875
7.48,199999.96875,199999.96875,199999.96875,199999.96875,199999.96875,199999.96875,199999.96875,199999.96875
7.484,199999.96875,199999.96875,199999.96875,199999.96875,199999.96875,199999.96875,199999.96875,199999.96875
7.488,199999.96875,199999.96875,199999.96875,199999.96875,199999.96875,199999.96875,199999.96875,199999.96875
7.492,199999.96875,199999.96875,199999.96875,199999.96875,199999.96875,199999.96875,199999.96875,199999.96875
7.496,199999.96875,199999.96875,199999.96875,199999.96875,199999.96875,199999.96875,199999.96875,199999.96875
7.5,199999.96875,199999.96875,199999.96875,199999.96875,199999.96875,199999.96875,199999.96875,199999.96875
7.504,199999.96875,199999.96875,199999.96875,199999.96875,199999.96875,199999.96875,199999.96875,199999.96875
7.508,199999.96875,199999.96875,199999.96875,199999.96875,199999.96875,199999.96875,199999.96875,199999.96875
7.512,199999.96875,199999.96875,199999.96875,199999.96875,199999.96875,199999.96875,199999.96875,199999.96875
7.516,199999.96875,199999.96875,199999.96875,199999.96875,199999.96875,199999.96875,199999.96875,199999.96875
7.52,199999.96875,199999.96875,199999.96875,199999.96875,199999.96875,199999.96875,199999.96875,199999.96875
7.524,199999.96875,199999.96875,199999.96875,199999.96875,199999.96875,199999.96875,199999.96875,199999.96875
7.528,199999.96875,199999.96875,199999.96875,199999.96875,199999.96875,199999.96875,199999.96875,199999.96875
7.532,199999.96875,199999.96875,199999.96875,199999.96875,199999.96875,199999.96875,199999.96875,199999.96875
7.536,199999.96875,199999.96875,199999.96875,199999.96875,199999.96875,199999.96875,199999.96875,199999.96875
7.54,199999.96875,199999.96875,199999.96875,199999.96875,199999.96875,199999.96875,199999.96875,199999.96875
7.544,199999.96875,199999.96875,199999.96875,199999.96875,199999.96875,199999.96875,199999.96875,199999.96875
7.548,199999.96875,199999.96875,199999.96875,199999.96875,199999.96875,199999.96875,199999.96875,199999.96875
7.552,199999.96875,199999.96875,199999.96875,199999.96875,199999.96875,199999.96875,199999.96875,199999.96875
7.556,199999.96875,199999.96875,199999.96875,199999.96875,199999.96875,199999.96875,199999.96875,199999.96875
7.56,199999.96875,199999.96875,199999.96875,199999.96875,199999.96875,199999.96875,199999.96875,199999.96875
7.564,199999.96875,199999.96875,199999.96875,199999.96875,199999.96875,199999.96875,199999.96875,199999.96875
7.568,199999.96875,199999.96875,199999.96875,199999.96875,199999.96875,199999.96875,199999.96875,199999.96875
7.572,199999.96875,199999.96875,199999.96875,199999.96875,199999.96875,199999.96875,199999.96875,199999.96875
7.576,199999.96875,199999.96875,199999.96875,199999.96875,199999.96875,199999.96875,199999.96875,199999.96875
7.58,199999.96875,199999.96875,199999.96875,199999.96875,199999.96875,199999.96875,199999.96875,199999.96875
7.584,199999.96875,199999.96875,199999.96875,199999.96875,199999.96875,199999.96875,199999.96875,199999.96875
7.588,199999.96875,199999.96875,199999.96875,199999.96875,199999.96875,199999.96875,199999.96875,199999.96875
7.592,199999.96875,199999.96875,199999.96875,199999.96875,199999.96875,199999.96875,199999.96875,199999.96875
7.596,199999.96875,199999.96875,199999.96875,199999.96875,199999.96875,199999.96875,199999.96875,199999.96875
7.6,199999.96875,199999.96875,199999.96875,199999.96875,199999.96875,199999.96875,199999.96875,199999.96875
7.604,199999.96875,199999.96875,199999.96875,199999.96875,199999.96875,199999.96875,199999.96875,199999.96875
7.608,199999.96875,199999.96875,199999.96875,199999.96875,199999.96875,199999.96875,199999.96875,199999.96875
7.612,199999.96875,199999.96875,199999.96875,199999.96875,199999.96875,199999.96875,199999.96875,199999.96875
7.616,199999.96875,199999.96875,199999.96875,199999.96875,199999.96875,199999.96875,199999.96875,199999.96875
7.62,199999.96875,199999.96875,199999.96875,199999.96875,199999.96875,199999.96875,199999.96875,199999.96875
7.624,199999.96875,199999.96875,199999.96875,199999.96875,199999.96875,199999.96875,199999.96875,199999.96875
7.628,199999.96875,199999.96875,199999.96875,199999.96875,199999.96875,199999.96875,199999.96875,199999.96875
7.632,199999.96875,199999.96875,199999.96875,199999.96875,199999.96875,199999.96875,199999.96875,199999.96875
7.636,199999.96875,199999.96875,199999.96875,199999.96875,199999.96875,199999.96875,199999.96875,199999.96875
7.64,199999.96875,199999.96875,199999.96875,199999.96875,199999.96875,199999.96875,199999.96875,199999.96875
7.644,199999.96875,199999.96875,199999.96875,199999.96875,199999.96875,199999.96875,199999.96875,199999.96875
7.648,199999.96875,199999.96875,199999.96875,199999.96875,199999.96875,199999.96875,199999.96875,199999.96875
7.652,199999.96875,199999.96875,199999.96875,199999.96875,199999.96875,199999.96875,199999.96875,199999.96875
7.656,199999.96875,199999.96875,199999.96875,199999.96875,199999.96875,199999.96875,199999.96875,199999.96875
7.66,199999.96875,199999.96875,199999.96875,199999.96875,199999.96875,199999.96875,199999.96875,199999.96875
7.664,199999.96875,199999.96875,199999.96875,199999.96875,199999.96875,199999.96875,199999.96875,199999.96875
7.668,199999.96875,199999.96875,199999.96875,199999.96875,199999.96875,199999.96875,199999.96875,199999.96875
7.672,199999.96875,199999.96875,199999.96875,199999.96875,199999.96875,199999.96875,199999.96875,199999.96875
7.676,199999.96875,199999.96875,199999.96875,199999.96875,199999.96875,199999.96875,199999.96875,199999.96875
7.68,199999.96875,199999.96875,199999.96875,199999.96875,199999.96875,199999.96875,199999.96875,199999.96875
7.684,199999.96875,199999.96875,199999.96875,199999.96875,199999.96875,199999.96875,199999.96875,199999.96875
7.688,199999.96875,199999.96875,199999.96875,199999.96875,199999.96875,199999.96875,199999.96875,199999.96875
7.692,199999.96875,199999.96875,199999.96875,199999.96875,199999.96875,199999.96875,199999.96875,199999.96875
7.696,199999.96875,199999.96875,199999.96875,199999.96875,199999.96875,199999.96875,199999.96875,199999.96875
7.7,199999.96875,199999.96875,199999.96875,199999.96875,199999.96875,199999.96875,199999.96875,199999.96875
7.704,199999.96875,199999.96875,199999.96875,199999.96875,199999.96875,199999.96875,199999.96875,199999.96875
7.708,199999.96875,199999.96875,199999.96875,199999.96875,199999.96875,199999.96875,199999.96875,199999.96875
7.712,199999.96875,199999.96875,199999.96875,199999.96875,199999.96875,199999.96875,199999.96875,199999.96875
7.716,199999.96875,199999.96875,199999.96875,199999.96875,199999.96875,199999.96875,199999.96875,199999.96875
7.72,199999.96875,199999.96875,199999.96875,199999.96875,199999.96875,199999.96875,199999.96875,199999.96875
7.724,199999.96875,199999.96875,199999.96875,199999.96875,199999.96875,199999.96875,199999.96875,199999.96875
7.728,199999.96875,199999.96875,199999.96875,199999.96875,199999.96875,199999.96875,199999.96875,199999.96875
7.732,199999.96875,199999.96875,199999.96875,199999.96875,199999.96875,199999.96875,199999.96875,199999.96875
7.736,199999.96875,199999.96875,199999.96875,199999.96875,199999.96875,199999.96875,199999.96875,199999.96875
7.74,199999.96875,199999.96875,199999.96875,199999.96875,199999.96875,199999.96875,199999.96875,199999.96875
7.744,199999.96875,199999.96875,199999.96875,199999.96875,199999.96875,199999.96875,199999.96875,199999.96875
7.748,199999.96875,199999.96875,199999.96875,199999.96875,199999.96875,199999.96875,199999.96875,199999.96875
7.752,199999.96875,199999.96875,199999.96875,199999.96875,199999.96875,199999.96875,199999.96875,199999.96875
7.756,199999.96875,199999.96875,199999.96875,199999.96875,199999.96875,199999.96875,199999.96875,199999.96875
7.76,199999.96875,199999.96875,199999.96875,199999.96875,199999.96875,199999.96875,199999.96875,199999.96875
7.764,199999.96875,199999.96875,199999.96875,199999.96875,199999.96875,199999.96875,199999.96875,199999.96875
7.768,199999.96875,199999.96875,199999.96875,199999.96875,199999.96875,199999.96875,199999.96875,199999.96875
7.772,199999.96875,199999.96875,199999.96875,199999.96875,199999.96875,199999.96875,199999.96875,199999.96875
7.776,199999.96875,199999.96875,199999.96875,199999.96875,199999.96875,199999.96875,199999.96875,199999.96875
7.78,199999.96875,199999.96875,199999.96875,199999.96875,199999.96875,199999.96875,199999.96875,199999.96875
7.784,199999.96875,199999.96875,199999.96875,199999.96875,199999.96875,199999.96875,199999.96875,199999.96875
7.788,199999.96875,199999.96875,199999.96875,199999.96875,199999.96875,199999.96875,199999.96875,199999.96875
7.792,199999.96875,199999.96875,199999.96875,199999.96875,199999.96875,199999.96875,199999.96875,199999.96875
7.796,199999.96875,199999.96875,199999.96875,199999.96875,199999.96875,199999.96875,199999.96875,199999.96875
7.8,199999.96875,199999.96875,199999.96875,199999.96875,199999.96875,199999.96875,199999.96875,199999.96875
7.804,199999.96875,199999.96875,199999.96875,199999.96875,199999.96875,199999.96875,199999.96875,199999.96875
7.808,199999.96875,199999.96875,199999.96875,199999.96875,199999.96875,199999.96875,199999.96875,199999.96875
7.812,199999.96875,199999.96875,199999.96875,199999.96875,199999.96875,199999.96875,199999.96875,199999.96875
7.816,199999.96875,199999.96875,199999.96875,199999.96875,199999.96875,199999.96875,199999.96875,199999.96875
7.82,199999.96875,199999.96875,199999.96875,199999.96875,199999.96875,199999.96875,199999.96875,199999.96875
7.824,199999.96875,199999.96875,199999.96875,199999.96875,199999.96875,199999.96875,199999.96875,199999.96875
7.828,199999.96875,199999.96875,199999.96875,199999.96875,199999.96875,199999.96875,199999.96875,199999.96875
7.832,199999.96875,199999.96875,199999.96875,199999.96875,199999.96875,199999.96875,199999.96875,199999.96875
7.836,199999.96875,199999.96875,199999.96875,199999.96875,199999.96875,199999.96875,199999.96875,199999.96875
7.84,199999.96875,199999.96875,199999.96875,199999.96875,199999.96875,199999.96875,199999.96875,199999.96875
7.844,199999.96875,199999.96875,199999.96875,199999.96875,199999.96875,199999.96875,199999.96875,199999.96875
7.848,199999.96875,199999.96875,199999.96875,199999.96875,199999.96875,199999.96875,199999.96875,199999.96875
7.852,199999.96875,199999.96875,199999.96875,199999.96875,199999.96875,199999.96875,199999.96875,199999.96875
7.856,199999.96875,199999.96875,199999.96875,199999.96875,199999.96875,199999.96875,199999.96875,199999.96875
7.86,199999.96875,199999.96875,199999.96875,199999.96875,199999.96875,199999.96875,199999.96875,199999.96875
7.864,199999.96875,199999.96875,199999.96875,199999.96875,199999.96875,199999.96875,199999.96875,199999.96875
7.868,199999.96875,199999.96875,199999.96875,199999.96875,199999.96875,199999.96875,199999.96875,199999.96875
7.872,199999.96875,199999.96875,199999.96875,199999.96875,199999.96875,199999.96875,199999.96875,199999.96875
7.876,199999.96875,199999.96875,199999.96875,199999.96875,199999.96875,199999.96875,199999.96875,199999.96875
7.88,199999.96875,199999.96875,199999.96875,199999.96875,199999.96875,199999.96875,199999.96875,199999.96875
7.884,199999.96875,199999.96875,199999.96875,199999.96875,199999.96875,199999.96875,199999.96875,199999.96875
7.888,199999.96875,199999.96875,199999.96875,199999.96875,199999.96875,199999.96875,199999.96875,199999.96875
7.892,199999.96875,199999.96875,199999.96875,199999.96875,199999.96875,199999.96875,199999.96875,199999.96875
7.896,199999.96875,199999.96875,199999.96875,199999.96875,199999.96875,199999.96875,199999.96875,199999.96875
7.9,199999.96875,199999.96875,199999.96875,199999.96875,199999.96875,199999.96875,199999.96875,199999.96875
7.904,199999.96875,199999.96875,199999.96875,199999.96875,199999.96875,199999.96875,199999.96875,199999.96875
7.908,199999.96875,199999.96875,199999.96875,199999.96875,199999.96875,199999.96875,199999.96875,199999.96875
7.912,199999.96875,199999.96875,199999.96875,199999.96875,199999.96875,199999.96875,199999.96875,199999.96875
7.916,199999.96875,199999.96875,199999.96875,199999.96875,199999.96875,199999.96875,199999.96875,199999.96875
7.92,199999.96875,199999.96875,199999.96875,199999.96875,199999.96875,199999.96875,199999.96875,199999.96875
7.924,199999.96875,199999.96875,199999.96875,199999.96875,199999.96875,199999.96875,199999.96875,199999.96875
7.928,199999.96875,199999.96875,199999.96875,199999.96875,199999.96875,199999.96875,199999.96875,199999.96875
7.932,199999.96875,199999.96875,199999.96875,199999.96875,199999.96875,199999.96875,199999.96875,199999.96875
7.936,199999.96875,199999.96875,199999.96875,199999.96875,199999.96875,199999.96875,199999.96875,199999.96875
7.94,199999.96875,199999.96875,199999.96875,199999.96875,199999.96875,199999.96875,199999.96875,199999.96875
7.944,199999.96875,199999.96875,199999.96875,199999.96875,199999.96875,199999.96875,199999.96875,199999.96875
7.948,199999.96875,199999.96875,199999.96875,199999.96875,199999.96875,199999.96875,199999.96875,199999.96875
7.952,199999.96875,199999.96875,199999.96875,199999.96875,199999.96875,199999.96875,199999.96875,199999.96875
7.956,199999.96875,199999.96875,199999.96875,199999.96875,199999.96875,199999.96875,199999.96875,199999.96875
7.96,199999.96875,199999.96875,199999.96875,199999.96875,199999.96875,199999.96875,199999.96875,199999.96875
7.964,199999.96875,199999.96875,199999.96875,199999.96875,199999.96875,199999.96875,199999.96875,199999.96875
7.968,199999.96875,199999.96875,199999.96875,199999.96875,199999.96875,199999.96875,199999.96875,199999.96875
7.972,199999.96875,199999.96875,199999.96875,199999.96875,199999.96875,199999.96875,199999.96875,199999.96875
7.976,199999.96875,199999.96875,199999.96875,199999.96875,199999.96875,199999.96875,199999.96875,199999.96875
7.98,199999.96875,199999.96875,199999.96875,199999.96875,199999.96875,199999.96875,199999.96875,199999.96875
7.984,199999.96875,199999.96875,199999.96875,199999.96875,199999.96875,199999.96875,199999.96875,199999.96875
7.988,199999.96875,199999.96875,199999.96875,199999.96875,199999.96875,199999.96875,199999.96875,199999.96875
7.992,199999.96875,199999.96875,199999.96875,199999.96875,199999.96875,199999.96875,199999.96875,199999.96875
7.996,199999.96875,199999.96875,199999.96875,199999.96875,199999.96875,199999.96875,199999.96875,199999.96875
8,199999.96875,199999.96875,199999.96875,199999.96875,199999.96875,199999.96875,199999.96875,199999.96875
8.004,199999.96875,199999.96875,199999.96875,199999.96875,199999.96875,199999.96875,199999.96875,199999.96875
8.008,199999.96875,199999.96875,199999.96875,199999.96875,199999.96875,199999.96875,199999.96875,199999.96875
8.012,199999.96875,199999.96875,199999.96875,199999.96875,199999.96875,199999.96875,199999.96875,199999.96875
8.016,199999.96875,199999.96875,199999.96875,199999.96875,199999.96875,199999.96875,199999.96875,199999.96875
8.02,199999.96875,199999.96875,199999.96875,199999.96875,199999.96875,199999.96875,199999.96875,199999.96875
8.024,199999.96875,199999.96875,199999.96875,199999.96875,199999.96875,199999.96875,199999.96875,199999.96875
8.028,199999.96875,199999.96875,199999.96875,199999.96875,199999.96875,199999.96875,199999.96875,199999.96875
8.032,199999.96875,199999.96875,199999.96875,199999.96875,199999.96875,199999.96875,199999.96875,199999.96875
8.036,199999.96875,199999.96875,199999.96875,199999.96875,199999.96875,199999.96875,199999.96875,199999.96875
8.04,199999.96875,199999.96875,199999.96875,199999.96875,199999.96875,199999.96875,199999.96875,199999.96875
8.044,199999.96875,199999.96875,199999.96875,199999.96875,199999.96875,199999.96875,199999.96875,199999.96875
8.048,199999.96875,199999.96875,199999.96875,199999.96875,199999.96875,199999.96875,199999.96875,199999.96875
8.052,199999.96875,199999.96875,199999.96875,199999.96875,199999.96875,199999.96875,199999.96875,199999.96875
8.056,199999.96875,199999.96875,199999.96875,199999.96875,199999.96875,199999.96875,199999.96875,199999.96875
8.06,199999.96875,199999.96875,199999.96875,199999.96875,199999.96875,199999.96875,199999.96875,199999.96875
8.064,199999.96875,199999.96875,199999.96875,199999.96875,199999.96875,199999.96875,199999.96875,199999.96875
8.068,199999.96875,199999.96875,199999.96875,199999.96875,199999.96875,199999.96875,199999.96875,199999.96875
8.072,199999.96875,199999.96875,199999.96875,199999.96875,199999.96875,199999.96875,199999.96875,199999.96875
8.076,199999.96875,199999.96875,199999.96875,199999.96875,199999.96875,199999.96875,199999.96875,199999.96875
8.08,199999.96875,199999.96875,199999.96875,199999.96875,199999.96875,199999.96875,199999.96875,199999.96875
8.084,199999.96875,199999.96875,199999.96875,199999.96875,199999.96875,199999.96875,199999.96875,199999.96875
8.088,199999.96875,199999.96875,199999.96875,199999.96875,199999.96875,199999.96875,199999.96875,199999.96875
8.092,199999.96875,199999.96875,199999.96875,199999.96875,199999.96875,199999.96875,199999.96875,199999.96875
8.096,199999.96875,199999.96875,199999.96875,199999.96875,199999.96875,199999.96875,199999.96875,199999.96875
8.1,199999.96875,199999.96875,199999.96875,199999.96875,199999.96875,199999.96875,199999.96875,199999.96875
8.104,199999.96875,199999.96875,199999.96875,199999.96875,199999.96875,199999.96875,199999.96875,199999.96875
8.108,199999.96875,199999.96875,199999.96875,199999.96875,199999.96875,199999.96875,199999.96875,199999.96875
8.112,199999.96875,199999.96875,199999.96875,199999.96875,199999.96875,199999.96875,199999.96875,199999.96875
8.116,199999.96875,199999.96875,199999.96875,199999.96875,199999.96875,199999.96875,199999.96875,199999.96875
8.12,199999.96875,199999.96875,199999.96875,199999.96875,199999.96875,199999.96875,199999.96875,199999.96875
8.124,199999.96875,199999.96875,199999.96875,199999.96875,199999.96875,199999.96875,199999.96875,199999.96875
8.128,199999.96875,199999.96875,199999.96875,199999.96875,199999.96875,199999.96875,199999.96875,199999.96875
8.132,199999.96875,199999.96875,199999.96875,199999.96875,199999.96875,199999.96875,199999.96875,199999.96875
8.136,199999.96875,199999.96875,199999.96875,199999.96875,199999.96875,199999.96875,199999.96875,199999.96875
8.14,199999.96875,199999.96875,199999.96875,199999.96875,199999.96875,199999.96875,199999.96875,199999.96875
8.144,199999.96875,199999.96875,199999.96875,199999.96875,199999.96875,199999.96875,199999.96875,199999.96875
8.148,199999.96875,199999.96875,199999.96875,199999.96875,199999.96875,199999.96875,199999.96875,199999.96875
8.152,199999.96875,199999.96875,199999.96875,199999.96875,199999.96875,199999.96875,199999.96875,199999.96875
8.156,199999.96875,199999.96875,199999.96875,199999.96875,199999.96875,199999.96875,199999.96875,199999.96875
8.16,199999.96875,199999.96875,199999.96875,199999.96875,199999.96875,199999.96875,199999.96875,199999.96875
8.164,199999.96875,199999.96875,199999.96875,199999.96875,199999.96875,199999.96875,199999.96875,199999.96875
8.168,199999.96875,199999.96875,199999.96875,199999.96875,199999.96875,199999.96875,199999.96875,199999.96875
8.172,199999.96875,199999.96875,199999.96875,199999.96875,199999.96875,199999.96875,199999.96875,199999.96875
8.176,199999.96875,199999.96875,199999.96875,199999.96875,199999.96875,199999.96875,199999.96875,199999.96875
8.18,199999.96875,199999.96875,199999.96875,199999.96875,199999.96875,199999.96875,199999.96875,199999.96875
8.184,199999.96875,199999.96875,199999.96875,199999.96875,199999.96875,199999.96875,199999.96875,199999.96875
8.188,199999.96875,199999.96875,199999.96875,199999.96875,199999.96875,199999.96875,199999.96875,199999.96875
8.192,199999.96875,199999.96875,199999.96875,199999.96875,199999.96875,199999.96875,199999.96875,199999.96875
8.196,199999.96875,199999.96875,199999.96875,199999.96875,199999.96875,199999.96875,199999.96875,199999.96875
8.2,199999.96875,199999.96875,199999.96875,199999.96875,199999.96875,199999.96875,199999.96875,199999.96875
8.204,199999.96875,199999.96875,199999.96875,199999.96875,199999.96875,199999.96875,199999.96875,199999.96875
8.208,199999.96875,199999.96875,199999.96875,199999.96875,199999.96875,199999.96875,199999.96875,199999.96875
8.212,199999.96875,199999.96875,199999.96875,199999.96875,199999.96875,199999.96875,199999.96875,199999.96875
8.216,199999.96875,199999.96875,199999.96875,199999.96875,199999.96875,199999.96875,199999.96875,199999.96875
8.22,199999.96875,199999.96875,199999.96875,199999.96875,199999.96875,199999.96875,199999.96875,199999.96875
8.224,199999.96875,199999.96875,199999.96875,199999.96875,199999.96875,199999.96875,199999.96875,199999.96875
8.228,199999.96875,199999.96875,199999.96875,199999.96875,199999.96875,199999.96875,199999.96875,199999.96875
8.232,199999.96875,199999.96875,199999.96875,199999.96875,199999.96875,199999.96875,199999.96875,199999.96875
8.236,199999.96875,199999.96875,199999.96875,199999.96875,199999.96875,199999.96875,199999.96875,199999.96875
8.24,199999.96875,199999.96875,199999.96875,199999.96875,199999.96875,199999.96875,199999.96875,199999.96875
8.244,199999.96875,199999.96875,199999.96875,199999.96875,199999.96875,199999.96875,199999.96875,199999.96875
8.248,199999.96875,199999.96875,199999.96875,199999.96875,199999.96875,199999.96875,199999.96875,199999.96875
8.252,199999.96875,199999.96875,199999.96875,199999.96875,199999.96875,199999.96875,199999.96875,199999.96875
8.256,199999.96875,199999.96875,199999.96875,199999.96875,199999.96875,199999.96875,199999.96875,199999.96875
8.26,199999.96875,199999.96875,199999.96875,199999.96875,199999.96875,199999.96875,199999.96875,199999.96875
8.264,199999.96875,199999.96875,199999.96875,199999.96875,199999.96875,199999.96875,199999.96875,199999.96875
8.268,199999.96875,199999.96875,199999.96875,199999.96875,199999.96875,199999.96875,199999.96875,199999.96875
8.272,199999.96875,199999.96875,199999.96875,199999.96875,199999.96875,199999.96875,199999.96875,199999.96875
8.276,199999.96875,199999.96875,199999.96875,199999.96875,199999.96875,199999.96875,199999.96875,199999.96875
8.28,199999.96875,199999.96875,199999.96875,199999.96875,199999.96875,199999.96875,199999.96875,199999.96875
8.284,199999.96875,199999.96875,199999.96875,199999.96875,199999.96875,199999.96875,199999.96875,199999.96875
8.288,199999.96875,199999.96875,199999.96875,199999.96875,199999.96875,199999.96875,199999.96875,199999.96875
8.292,199999.96875,199999.96875,199999.96875,199999.96875,199999.96875,199999.96875,199999.96875,199999.96875
8.296,199999.96875,199999.96875,199999.96875,199999.96875,199999.96875,199999.96875,199999.96875,199999.96875
8.3,199999.96875,199999.96875,199999.96875,199999.96875,199999.96875,199999.96875,199999.96875,199999.96875
8.304,199999.96875,199999.96875,199999.96875,199999.96875,199999.96875,199999.96875,199999.96875,199999.96875
8.308,199999.96875,199999.96875,199999.96875,199999.96875,199999.96875,199999.96875,199999.96875,199999.96875
8.312,199999.96875,199999.96875,199999.96875,199999.96875,199999.96875,199999.96875,199999.96875,199999.96875
8.316,199999.96875,199999.96875,199999.96875,199999.96875,199999.96875,199999.96875,199999.96875,199999.96875
8.32,199999.96875,199999.96875,199999.96875,199999.96875,199999.96875,199999.96875,199999.96875,199999.96875
8.324,199999.96875,199999.96875,199999.96875,199999.96875,199999.96875,199999.96875,199999.96875,199999.96875
8.328,199999.96875,199999.96875,199999.96875,199999.96875,199999.96875,199999.96875,199999.96875,199999.96875
8.332,199999.96875,199999.96875,199999.96875,199999.96875,199999.96875,199999.96875,199999.96875,199999.96875
8.336,199999.96875,199999.96875,199999.96875,199999.96875,199999.96875,199999.96875,199999.96875,199999.96875
8.34,199999.96875,199999.96875,199999.96875,199999.96875,199999.96875,199999.96875,199999.96875,199999.96875
8.344,199999.96875,199999.96875,199999.96875,199999.96875,199999.96875,199999.96875,199999.96875,199999.96875
8.348,199999.96875,199999.96875,199999.96875,199999.96875,199999.96875,199999.96875,199999.96875,199999.96875
8.352,199999.96875,199999.96875,199999.96875,199999.96875,199999.96875,199999.96875,199999.96875,199999.96875
8.356,199999.96875,199999.96875,199999.96875,199999.96875,199999.96875,199999.96875,199999.96875,199999.96875
8.36,199999.96875,199999.96875,199999.96875,199999.96875,199999.96875,199999.96875,199999.96875,199999.96875
8.364,199999.96875,199999.96875,199999.96875,199999.96875,199999.96875,199999.96875,199999.96875,199999.96875
8.368,199999.96875,199999.96875,199999.96875,199999.96875,199999.96875,199999.96875,199999.96875,199999.96875
8.372,199999.96875,199999.96875,199999.96875,199999.96875,199999.96875,199999.96875,199999.96875,199999.96875
8.376,199999.96875,199999.96875,199999.96875,199999.96875,199999.96875,199999.96875,199999.96875,199999.96875
8.38,199999.96875,199999.96875,199999.96875,199999.96875,199999.96875,199999.96875,199999.96875,199999.96875
8.384,199999.96875,199999.96875,199999.96875,199999.96875,199999.96875,199999.96875,199999.96875,199999.96875
8.388,199999.96875,199999.96875,199999.96875,199999.96875,199999.96875,199999.96875,199999.96875,199999.96875
8.392,199999.96875,199999.96875,199999.96875,199999.96875,199999.96875,199999.96875,199999.96875,199999.96875
8.396,199999.96875,199999.96875,199999.96875,199999.96875,199999.96875,199999.96875,199999.96875,199999.96875
8.4,199999.96875,199999.96875,199999.96875,199999.96875,199999.96875,199999.96875,199999.96875,199999.96875
8.404,199999.96875,199999.96875,199999.96875,199999.96875,199999.96875,199999.96875,199999.96875,199999.96875
8.408,199999.96875,199999.96875,199999.96875,199999.96875,199999.96875,199999.96875,199999.96875,199999.96875
8.412,199999.96875,199999.96875,199999.96875,199999.96875,199999.96875,199999.96875,199999.96875,199999.96875
8.416,199999.96875,199999.96875,199999.96875,199999.96875,199999.96875,199999.96875,199999.96875,199999.96875
8.42,199999.96875,199999.96875,199999.96875,199999.96875,199999.96875,199999.96875,199999.96875,199999.96875
8.424,199999.96875,199999.96875,199999.96875,199999.96875,199999.96875,199999.96875,199999.96875,199999.96875
8.428,199999.96875,199999.96875,199999.96875,199999.96875,199999.96875,199999.96875,199999.96875,199999.96875
8.432,199999.96875,199999.96875,199999.96875,199999.96875,199999.96875,199999.96875,199999.96875,199999.96875
8.436,199999.96875,199999.96875,199999.96875,199999.96875,199999.96875,199999.96875,199999.96875,199999.96875
8.44,199999.96875,199999.96875,199999.96875,199999.96875,199999.96875,199999.96875,199999.96875,199999.96875
8.444,199999.96875,199999.96875,199999.96875,199999.96875,199999.96875,199999.96875,199999.96875,199999.96875
8.448,199999.96875,199999.96875,199999.96875,199999.96875,199999.96875,199999.96875,199999.96875,199999.96875
8.452,199999.96875,199999.96875,199999.96875,199999.96875,199999.96875,199999.96875,199999.96875,199999.96875
8.456,199999.96875,199999.96875,199999.96875,199999.96875,199999.96875,199999.96875,199999.96875,199999.96875
8.46,199999.96875,199999.96875,199999.96875,199999.96875,199999.96875,199999.96875,199999.96875,199999.96875
8.464,199999.96875,199999.96875,199999.96875,199999.96875,199999.96875,199999.96875,199999.96875,199999.96875
8.468,199999.96875,199999.96875,199999.96875,199999.96875,199999.96875,199999.96875,199999.96875,199999.96875
8.472,199999.96875,199999.96875,199999.96875,199999.96875,199999.96875,199999.96875,199999.96875,199999.96875
8.476,199999.96875,199999.96875,199999.96875,199999.96875,199999.96875,199999.96875,199999.96875,199999.96875
8.48,199999.96875,199999.96875,199999.96875,199999.96875,199999.96875,199999.96875,199999.96875,199999.96875
8.484,199999.96875,199999.96875,199999.96875,199999.96875,199999.96875,199999.96875,199999.96875,199999.96875
8.488,199999.96875,199999.96875,199999.96875,199999.96875,199999.96875,199999.96875,199999.96875,199999.96875
8.492,199999.96875,199999.96875,199999.96875,199999.96875,199999.96875,199999.96875,199999.96875,199999.96875
8.496,199999.96875,199999.96875,199999.96875,199999.96875,199999.96875,199999.96875,199999.96875,199999.96875
8.5,199999.96875,199999.96875,199999.96875,199999.96875,199999.96875,199999.96875,199999.96875,199999.96875
8.504,199999.96875,199999.96875,199999.96875,199999.96875,199999.96875,199999.96875,199999.96875,199999.96875
8.508,199999.96875,199999.96875,199999.96875,199999.96875,199999.96875,199999.96875,199999.96875,199999.96875
8.512,199999.96875,199999.96875,199999.96875,199999.96875,199999.96875,199999.96875,199999.96875,199999.96875
8.516,199999.96875,199999.96875,199999.96875,199999.96875,199999.96875,199999.96875,199999.96875,199999.96875
8.52,199999.96875,199999.96875,199999.96875,199999.96875,199999.96875,199999.96875,199999.96875,199999.96875
8.524,199999.96875,199999.96875,199999.96875,199999.96875,199999.96875,199999.96875,199999.96875,199999.96875
8.528,199999.96875,199999.96875,199999.96875,199999.96875,199999.96875,199999.96875,199999.96875,199999.96875
8.532,199999.96875,199999.96875,199999.96875,199999.96875,199999.96875,199999.96875,199999.96875,199999.96875
8.536,199999.96875,199999.96875,199999.96875,199999.96875,199999.96875,199999.96875,199999.96875,199999.96875
8.54,199999.96875,199999.96875,199999.96875,199999.96875,199999.96875,199999.96875,199999.96875,199999.96875
8.544,199999.96875,199999.96875,199999.96875,199999.96875,199999.96875,199999.96875,199999.96875,199999.96875
8.548,199999.96875,199999.96875,199999.96875,199999.96875,199999.96875,199999.96875,199999.96875,199999.96875
8.552,199999.96875,199999.96875,199999.96875,199999.96875,199999.96875,199999.96875,199999.96875,199999.96875
8.556,199999.96875,199999.96875,199999.96875,199999.96875,199999.96875,199999.96875,199999.96875,199999.96875
8.56,199999.96875,199999.96875,199999.96875,199999.96875,199999.96875,199999.96875,199999.96875,199999.96875
8.564,199999.96875,199999.96875,199999.96875,199999.96875,199999.96875,199999.96875,199999.96875,199999.96875
8.568,199999.96875,199999.96875,199999.96875,199999.96875,199999.96875,199999.96875,199999.96875,199999.96875
8.572,199999.96875,199999.96875,199999.96875,199999.96875,199999.96875,199999.96875,199999.96875,199999.96875
8.576,199999.96875,199999.96875,199999.96875,199999.96875,199999.96875,199999.96875,199999.96875,199999.96875
8.58,199999.96875,199999.96875,199999.96875,199999.96875,199999.96875,199999.96875,199999.96875,199999.96875
8.584,199999.96875,199999.96875,199999.96875,199999.96875,199999.96875,199999.96875,199999.96875,199999.96875
8.588,199999.96875,199999.96875,199999.96875,199999.96875,199999.96875,199999.96875,199999.96875,199999.96875
8.592,199999.96875,199999.96875,199999.96875,199999.96875,199999.96875,199999.96875,199999.96875,199999.96875
8.596,199999.96875,199999.96875,199999.96875,199999.96875,199999.96875,199999.96875,199999.96875,199999.96875
8.6,199999.96875,199999.96875,199999.96875,199999.96875,199999.96875,199999.96875,199999.96875,199999.96875
8.604,199999.96875,199999.96875,199999.96875,199999.96875,199999.96875,199999.96875,199999.96875,199999.96875
8.608,199999.96875,199999.96875,199999.96875,199999.96875,199999.96875,199999.96875,199999.96875,199999.96875
8.612,199999.96875,199999.96875,199999.96875,199999.96875,199999.96875,199999.96875,199999.96875,199999.96875
8.616,199999.96875,199999.96875,199999.96875,199999.96875,199999.96875,199999.96875,199999.96875,199999.96875
8.62,199999.96875,199999.96875,199999.96875,199999.96875,199999.96875,199999.96875,199999.96875,199999.96875
8.624,199999.96875,199999.96875,199999.96875,199999.96875,199999.96875,199999.96875,199999.96875,199999.96875
8.628,199999.96875,199999.96875,199999.96875,199999.96875,199999.96875,199999.96875,199999.96875,199999.96875
8.632,199999.96875,199999.96875,199999.96875,199999.96875,199999.96875,199999.96875,199999.96875,199999.96875
8.636,199999.96875,199999.96875,199999.96875,199999.96875,199999.96875,199999.96875,199999.96875,199999.96875
8.64,199999.96875,199999.96875,199999.96875,199999.96875,199999.96875,199999.96875,199999.96875,199999.96875
8.644,199999.96875,199999.96875,199999.96875,199999.96875,199999.96875,199999.96875,199999.96875,199999.96875
8.648,199999.96875,199999.96875,199999.96875,199999.96875,199999.96875,199999.96875,199999.96875,199999.96875
8.652,199999.96875,199999.96875,199999.96875,199999.96875,199999.96875,199999.96875,199999.96875,199999.96875
8.656,199999.96875,199999.96875,199999.96875,199999.96875,199999.96875,199999.96875,199999.96875,199999.96875
8.66,199999.96875,199999.96875,199999.96875,199999.96875,199999.96875,199999.96875,199999.96875,199999.96875
8.664,199999.96875,199999.96875,199999.96875,199999.96875,199999.96875,199999.96875,199999.96875,199999.96875
8.668,199999.96875,199999.96875,199999.96875,199999.96875,199999.96875,199999.96875,199999.96875,199999.96875
8.672,199999.96875,199999.96875,199999.96875,199999.96875,199999.96875,199999.96875,199999.96875,199999.96875
8.676,199999.96875,199999.96875,199999.96875,199999.96875,199999.96875,199999.96875,199999.96875,199999.96875
8.68,199999.96875,199999.96875,199999.96875,199999.96875,199999.96875,199999.96875,199999.96875,199999.96875
8.684,199999.96875,199999.96875,199999.96875,199999.96875,199999.96875,199999.96875,199999.96875,199999.96875
8.688,199999.96875,199999.96875,199999.96875,199999.96875,199999.96875,199999.96875,199999.96875,199999.96875
8.692,199999.96875,199999.96875,199999.96875,199999.96875,199999.96875,199999.96875,199999.96875,199999.96875
8.696,199999.96875,199999.96875,199999.96875,199999.96875,199999.96875,199999.96875,199999.96875,199999.96875
8.7,199999.96875,199999.96875,199999.96875,199999.96875,199999.96875,199999.96875,199999.96875,199999.96875
8.704,199999.96875,199999.96875,199999.96875,199999.96875,199999.96875,199999.96875,199999.96875,199999.96875
8.708,199999.96875,199999.96875,199999.96875,199999.96875,199999.96875,199999.96875,199999.96875,199999.96875
8.712,199999.96875,199999.96875,199999.96875,199999.96875,199999.96875,199999.96875,199999.96875,199999.96875
8.716,199999.96875,199999.96875,199999.96875,199999.96875,199999.96875,199999.96875,199999.96875,199999.96875
8.72,199999.96875,199999.96875,199999.96875,199999.96875,199999.96875,199999.96875,199999.96875,199999.96875
8.724,199999.96875,199999.96875,199999.96875,199999.96875,199999.96875,199999.96875,199999.96875,199999.96875
8.728,199999.96875,199999.96875,199999.96875,199999.96875,199999.96875,199999.96875,199999.96875,199999.96875
8.732,199999.96875,199999.96875,199999.96875,199999.96875,199999.96875,199999.96875,199999.96875,199999.96875
8.736,199999.96875,199999.96875,199999.96875,199999.96875,199999.96875,199999.96875,199999.96875,199999.96875
8.74,199999.96875,199999.96875,199999.96875,199999.96875,199999.96875,199999.96875,199999.96875,199999.96875
8.744,199999.96875,199999.96875,199999.96875,199999.96875,199999.96875,199999.96875,199999.96875,199999.96875
8.748,199999.96875,199999.96875,199999.96875,199999.96875,199999.96875,199999.96875,199999.96875,199999.96875
8.752,199999.96875,199999.96875,199999.96875,199999.96875,199999.96875,199999.96875,199999.96875,199999.96875
8.756,199999.96875,199999.96875,199999.96875,199999.96875,199999.96875,199999.96875,199999.96875,199999.96875
8.76,199999.96875,199999.96875,199999.96875,199999.96875,199999.96875,199999.96875,199999.96875,199999.96875
8.764,199999.96875,199999.96875,199999.96875,199999.96875,199999.96875,199999.96875,199999.96875,199999.96875
8.768,199999.96875,199999.96875,199999.96875,199999.96875,199999.96875,199999.96875,199999.96875,199999.96875
8.772,199999.96875,199999.96875,199999.96875,199999.96875,199999.96875,199999.96875,199999.96875,199999.96875
8.776,199999.96875,199999.96875,199999.96875,199999.96875,199999.96875,199999.96875,199999.96875,199999.96875
8.78,199999.96875,199999.96875,199999.96875,199999.96875,199999.96875,199999.96875,199999.96875,199999.96875
8.784,199999.96875,199999.96875,199999.96875,199999.96875,199999.96875,199999.96875,199999.96875,199999.96875
8.788,199999.96875,199999.96875,199999.96875,199999.96875,199999.96875,199999.96875,199999.96875,199999.96875
8.792,199999.96875,199999.96875,199999.96875,199999.96875,199999.96875,199999.96875,199999.96875,199999.96875
8.796,199999.96875,199999.96875,199999.96875,199999.96875,199999.96875,199999.96875,199999.96875,199999.96875
8.8,199999.96875,199999.96875,199999.96875,199999.96875,199999.96875,199999.96875,199999.96875,199999.96875
8.804,199999.96875,199999.96875,199999.96875,199999.96875,199999.96875,199999.96875,199999.96875,199999.96875
8.808,199999.96875,199999.96875,199999.96875,199999.96875,199999.96875,199999.96875,199999.96875,199999.96875
8.812,199999.96875,199999.96875,199999.96875,199999.96875,199999.96875,199999.96875,199999.96875,199999.96875
8.816,199999.96875,199999.96875,199999.96875,199999.96875,199999.96875,199999.96875,199999.96875,199999.96875
8.82,199999.96875,199999.96875,199999.96875,199999.96875,199999.96875,199999.96875,199999.96875,199999.96875
8.824,199999.96875,199999.96875,199999.96875,199999.96875,199999.96875,199999.96875,199999.96875,199999.96875
8.828,199999.96875,199999.96875,199999.96875,199999.96875,199999.96875,199999.96875,199999.96875,199999.96875
8.832,199999.96875,199999.96875,199999.96875,199999.96875,199999.96875,199999.96875,199999.96875,199999.96875
8.836,199999.96875,199999.96875,199999.96875,199999.96875,199999.96875,199999.96875,199999.96875,199999.96875
8.84,199999.96875,199999.96875,199999.96875,199999.96875,199999.96875,199999.96875,199999.96875,199999.96875
8.844,199999.96875,199999.96875,199999.96875,199999.96875,199999.96875,199999.96875,199999.96875,199999.96875
8.848,199999.96875,199999.96875,199999.96875,199999.96875,199999.96875,199999.96875,199999.96875,199999.96875
8.852,199999.96875,199999.96875,199999.96875,199999.96875,199999.96875,199999.96875,199999.96875,199999.96875
8.856,199999.96875,199999.96875,199999.96875,199999.96875,199999.96875,199999.96875,199999.96875,199999.96875
8.86,199999.96875,199999.96875,199999.96875,199999.96875,199999.96875,199999.96875,199999.96875,199999.96875
8.864,199999.96875,199999.96875,199999.96875,199999.96875,199999.96875,199999.96875,199999.96875,199999.96875
8.868,199999.96875,199999.96875,199999.96875,199999.96875,199999.96875,199999.96875,199999.96875,199999.96875
8.872,199999.96875,199999.96875,199999.96875,199999.96875,199999.96875,199999.96875,199999.96875,199999.96875
8.876,199999.96875,199999.96875,199999.96875,199999.96875,199999.96875,199999.96875,199999.96875,199999.96875
8.88,199999.96875,199999.96875,199999.96875,199999.96875,199999.96875,199999.96875,199999.96875,199999.96875
8.884,199999.96875,199999.96875,199999.96875,199999.96875,199999.96875,199999.96875,199999.96875,199999.96875
8.888,199999.96875,199999.96875,199999.96875,199999.96875,199999.96875,199999.96875,199999.96875,199999.96875
8.892,199999.96875,199999.96875,199999.96875,199999.96875,199999.96875,199999.96875,199999.96875,199999.96875
8.896,199999.96875,199999.96875,199999.96875,199999.96875,199999.96875,199999.96875,199999.96875,199999.96875
8.9,199999.96875,199999.96875,199999.96875,199999.96875,199999.96875,199999.96875,199999.96875,199999.96875
8.904,199999.96875,199999.96875,199999.96875,199999.96875,199999.96875,199999.96875,199999.96875,199999.96875
8.908,199999.96875,199999.96875,199999.96875,199999.96875,199999.96875,199999.96875,199999.96875,199999.96875
8.912,199999.96875,199999.96875,199999.96875,199999.96875,199999.96875,199999.96875,199999.96875,199999.96875
8.916,199999.96875,199999.96875,199999.96875,199999.96875,199999.96875,199999.96875,199999.96875,199999.96875
8.92,199999.96875,199999.96875,199999.96875,199999.96875,199999.96875,199999.96875,199999.96875,199999.96875
8.924,199999.96875,199999.96875,199999.96875,199999.96875,199999.96875,199999.96875,199999.96875,199999.96875
8.928,199999.96875,199999.96875,199999.96875,199999.96875,199999.96875,199999.96875,199999.96875,199999.96875
8.932,199999.96875,199999.96875,199999.96875,199999.96875,199999.96875,199999.96875,199999.96875,199999.96875
8.936,199999.96875,199999.96875,199999.96875,199999.96875,199999.96875,199999.96875,199999.96875,199999.96875
8.94,199999.96875,199999.96875,199999.96875,199999.96875,199999.96875,199999.96875,199999.96875,199999.96875
8.944,199999.96875,199999.96875,199999.96875,199999.96875,199999.96875,199999.96875,199999.96875,199999.96875
8.948,199999.96875,199999.96875,199999.96875,199999.96875,199999.96875,199999.96875,199999.96875,199999.96875
8.952,199999.96875,199999.96875,199999.96875,199999.96875,199999.96875,199999.96875,199999.96875,199999.96875
8.956,199999.96875,199999.96875,199999.96875,199999.96875,199999.96875,199999.96875,199999.96875,199999.96875
8.96,199999.96875,199999.96875,199999.96875,199999.96875,199999.96875,199999.96875,199999.96875,199999.96875
8.964,199999.96875,199999.96875,199999.96875,199999.96875,199999.96875,199999.96875,199999.96875,199999.96875
8.968,199999.96875,199999.96875,199999.96875,199999.96875,199999.96875,199999.96875,199999.96875,199999.96875
8.972,199999.96875,199999.96875,199999.96875,199999.96875,199999.96875,199999.96875,199999.96875,199999.96875
8.976,199999.96875,199999.96875,199999.96875,199999.96875,199999.96875,199999.96875,199999.96875,199999.96875
8.98,199999.96875,199999.96875,199999.96875,199999.96875,199999.96875,199999.96875,199999.96875,199999.96875
8.984,199999.96875,199999.96875,199999.96875,199999.96875,199999.96875,199999.96875,199999.96875,199999.96875
8.988,199999.96875,199999.96875,199999.96875,199999.96875,199999.96875,199999.96875,199999.96875,199999.96875
8.992,199999.96875,199999.96875,199999.96875,199999.96875,199999.96875,199999.96875,199999.96875,199999.96875
8.996,199999.96875,199999.96875,199999.96875,199999.96875,199999.96875,199999.96875,199999.96875,199999.96875
9,199999.96875,199999.96875,199999.96875,199999.96875,199999.96875,199999.96875,199999.96875,199999.96875
9.004,199999.96875,199999.96875,199999.96875,199999.96875,199999.96875,199999.96875,199999.96875,199999.96875
9.008,199999.96875,199999.96875,199999.96875,199999.96875,199999.96875,199999.96875,199999.96875,199999.96875
9.012,199999.96875,199999.96875,199999.96875,199999.96875,199999.96875,199999.96875,199999.96875,199999.96875
9.016,199999.96875,199999.96875,199999.96875,199999.96875,199999.96875,199999.96875,199999.96875,199999.96875
9.02,199999.96875,199999.96875,199999.96875,199999.96875,199999.96875,199999.96875,199999.96875,199999.96875
9.024,199999.96875,199999.96875,199999.96875,199999.96875,199999.96875,199999.96875,199999.96875,199999.96875
9.028,199999.96875,199999.96875,199999.96875,199999.96875,199999.96875,199999.96875,199999.96875,199999.96875
9.032,199999.96875,199999.96875,199999.96875,199999.96875,199999.96875,199999.96875,199999.96875,199999.96875
9.036,199999.96875,199999.96875,199999.96875,199999.96875,199999.96875,199999.96875,199999.96875,199999.96875
9.04,199999.96875,199999.96875,199999.96875,199999.96875,199999.96875,199999.96875,199999.96875,199999.96875
9.044,199999.96875,199999.96875,199999.96875,199999.96875,199999.96875,199999.96875,199999.96875,199999.96875
9.048,199999.96875,199999.96875,199999.96875,199999.96875,199999.96875,199999.96875,199999.96875,199999.96875
9.052,199999.96875,199999.96875,199999.96875,199999.96875,199999.96875,199999.96875,199999.96875,199999.96875
9.056,199999.96875,199999.96875,199999.96875,199999.96875,199999.96875,199999.96875,199999.96875,199999.96875
9.06,199999.96875,199999.96875,199999.96875,199999.96875,199999.96875,199999.96875,199999.96875,199999.96875
9.064,199999.96875,199999.96875,199999.96875,199999.96875,199999.96875,199999.96875,199999.96875,199999.96875
9.068,199999.96875,199999.96875,199999.96875,199999.96875,199999.96875,199999.96875,199999.96875,199999.96875
9.072,199999.96875,199999.96875,199999.96875,199999.96875,199999.96875,199999.96875,199999.96875,199999.96875
9.076,199999.96875,199999.96875,199999.96875,199999.96875,199999.96875,199999.96875,199999.96875,199999.96875
9.08,199999.96875,199999.96875,199999.96875,199999.96875,199999.96875,199999.96875,199999.96875,199999.96875
9.084,199999.96875,199999.96875,199999.96875,199999.96875,199999.96875,199999.96875,199999.96875,199999.96875
9.088,199999.96875,199999.96875,199999.96875,199999.96875,199999.96875,199999.96875,199999.96875,199999.96875
9.092,199999.96875,199999.96875,199999.96875,199999.96875,199999.96875,199999.96875,199999.96875,199999.96875
9.096,199999.96875,199999.96875,199999.96875,199999.96875,199999.96875,199999.96875,199999.96875,199999.96875
9.1,199999.96875,199999.96875,199999.96875,199999.96875,199999.96875,199999.96875,199999.96875,199999.96875
9.104,199999.96875,199999.96875,199999.96875,199999.96875,199999.96875,199999.96875,199999.96875,199999.96875
9.108,199999.96875,199999.96875,199999.96875,199999.96875,199999.96875,199999.96875,199999.96875,199999.96875
9.112,199999.96875,199999.96875,199999.96875,199999.96875,199999.96875,199999.96875,199999.96875,199999.96875
9.116,199999.96875,199999.96875,199999.96875,199999.96875,199999.96875,199999.96875,199999.96875,199999.96875
9.12,199999.96875,199999.96875,199999.96875,199999.96875,199999.96875,199999.96875,199999.96875,199999.96875
9.124,199999.96875,199999.96875,199999.96875,199999.96875,199999.96875,199999.96875,199999.96875,199999.96875
9.128,199999.96875,199999.96875,199999.96875,199999.96875,199999.96875,199999.96875,199999.96875,199999.96875
9.132,199999.96875,199999.96875,199999.96875,199999.96875,199999.96875,199999.96875,199999.96875,199999.96875
9.136,199999.96875,199999.96875,199999.96875,199999.96875,199999.96875,199999.96875,199999.96875,199999.96875
9.14,199999.96875,199999.96875,199999.96875,199999.96875,199999.96875,199999.96875,199999.96875,199999.96875
9.144,199999.96875,199999.96875,199999.96875,199999.96875,199999.96875,199999.96875,199999.96875,199999.96875
9.148,199999.96875,199999.96875,199999.96875,199999.96875,199999.96875,199999.96875,199999.96875,199999.96875
9.152,199999.96875,199999.96875,199999.96875,199999.96875,199999.96875,199999.96875,199999.96875,199999.96875
9.156,199999.96875,199999.96875,199999.96875,199999.96875,199999.96875,199999.96875,199999.96875,199999.96875
9.16,199999.96875,199999.96875,199999.96875,199999.96875,199999.96875,199999.96875,199999.96875,199999.96875
9.164,199999.96875,199999.96875,199999.96875,199999.96875,199999.96875,199999.96875,199999.96875,199999.96875
9.168,199999.96875,199999.96875,199999.96875,199999.96875,199999.96875,199999.96875,199999.96875,199999.96875
9.172,199999.96875,199999.96875,199999.96875,199999.96875,199999.96875,199999.96875,199999.96875,199999.96875
9.176,199999.96875,199999.96875,199999.96875,199999.96875,199999.96875,199999.96875,199999.96875,199999.96875
9.18,199999.96875,199999.96875,199999.96875,199999.96875,199999.96875,199999.96875,199999.96875,199999.96875
9.184,199999.96875,199999.96875,199999.96875,199999.96875,199999.96875,199999.96875,199999.96875,199999.96875
9.188,199999.96875,199999.96875,199999.96875,199999.96875,199999.96875,199999.96875,199999.96875,199999.96875
9.192,199999.96875,199999.96875,199999.96875,199999.96875,199999.96875,199999.96875,199999.96875,199999.96875
9.196,199999.96875,199999.96875,199999.96875,199999.96875,199999.96875,199999.96875,199999.96875,199999.96875
9.2,199999.96875,199999.96875,199999.96875,199999.96875,199999.96875,199999.96875,199999.96875,199999.96875
9.204,199999.96875,199999.96875,199999.96875,199999.96875,199999.96875,199999.96875,199999.96875,199999.96875
9.208,199999.96875,199999.96875,199999.96875,199999.96875,199999.96875,199999.96875,199999.96875,199999.96875
9.212,199999.96875,199999.96875,199999.96875,199999.96875,199999.96875,199999.96875,199999.96875,199999.96875
9.216,199999.96875,199999.96875,199999.96875,199999.96875,199999.96875,199999.96875,199999.96875,199999.96875
9.22,199999.96875,199999.96875,199999.96875,199999.96875,199999.96875,199999.96875,199999.96875,199999.96875
9.224,199999.96875,199999.96875,199999.96875,199999.96875,199999.96875,199999.96875,199999.96875,199999.96875
9.228,199999.96875,199999.96875,199999.96875,199999.96875,199999.96875,199999.96875,199999.96875,199999.96875
9.232,199999.96875,199999.96875,199999.96875,199999.96875,199999.96875,199999.96875,199999.96875,199999.96875
9.236,199999.96875,199999.96875,199999.96875,199999.96875,199999.96875,199999.96875,199999.96875,199999.96875
9.24,199999.96875,199999.96875,199999.96875,199999.96875,199999.96875,199999.96875,199999.96875,199999.96875
9.244,199999.96875,199999.96875,199999.96875,199999.96875,199999.96875,199999.96875,199999.96875,199999.96875
9.248,199999.96875,199999.96875,199999.96875,199999.96875,199999.96875,199999.96875,199999.96875,199999.96875
9.252,199999.96875,199999.96875,199999.96875,199999.96875,199999.96875,199999.96875,199999.96875,199999.96875
9.256,199999.96875,199999.96875,199999.96875,199999.96875,199999.96875,199999.96875,199999.96875,199999.96875
9.26,199999.96875,199999.96875,199999.96875,199999.96875,199999.96875,199999.96875,199999.96875,199999.96875
9.264,199999.96875,199999.96875,199999.96875,199999.96875,199999.96875,199999.96875,199999.96875,199999.96875
9.268,199999.96875,199999.96875,199999.96875,199999.96875,199999.96875,199999.96875,199999.96875,199999.96875
9.272,199999.96875,199999.96875,199999.96875,199999.96875,199999.96875,199999.96875,199999.96875,199999.96875
9.276,199999.96875,199999.96875,199999.96875,199999.96875,199999.96875,199999.96875,199999.96875,199999.96875
9.28,199999.96875,199999.96875,199999.96875,199999.96875,199999.96875,199999.96875,199999.96875,199999.96875
9.284,199999.96875,199999.96875,199999.96875,199999.96875,199999.96875,199999.96875,199999.96875,199999.96875
9.288,199999.96875,199999.96875,199999.96875,199999.96875,199999.96875,199999.96875,199999.96875,199999.96875
9.292,199999.96875,199999.96875,199999.96875,199999.96875,199999.96875,199999.96875,199999.96875,199999.96875
9.296,199999.96875,199999.96875,199999.96875,199999.96875,199999.96875,199999.96875,199999.96875,199999.96875
9.3,199999.96875,199999.96875,199999.96875,199999.96875,199999.96875,199999.96875,199999.96875,199999.96875
9.304,199999.96875,199999.96875,199999.96875,199999.96875,199999.96875,199999.96875,199999.96875,199999.96875
9.308,199999.96875,199999.96875,199999.96875,199999.96875,199999.96875,199999.96875,199999.96875,199999.96875
9.312,199999.96875,199999.96875,199999.96875,199999.96875,199999.96875,199999.96875,199999.96875,199999.96875
9.316,199999.96875,199999.96875,199999.96875,199999.96875,199999.96875,199999.96875,199999.96875,199999.96875
9.32,199999.96875,199999.96875,199999.96875,199999.96875,199999.96875,199999.96875,199999.96875,199999.96875
9.324,199999.96875,199999.96875,199999.96875,199999.96875,199999.96875,199999.96875,199999.96875,199999.96875
9.328,199999.96875,199999.96875,199999.96875,199999.96875,199999.96875,199999.96875,199999.96875,199999.96875
9.332,199999.96875,199999.96875,199999.96875,199999.96875,199999.96875,199999.96875,199999.96875,199999.96875
9.336,199999.96875,199999.96875,199999.96875,199999.96875,199999.96875,199999.96875,199999.96875,199999.96875
9.34,199999.96875,199999.96875,199999.96875,199999.96875,199999.96875,199999.96875,199999.96875,199999.96875
9.344,199999.96875,199999.96875,199999.96875,199999.96875,199999.96875,199999.96875,199999.96875,199999.96875
9.348,199999.96875,199999.96875,199999.96875,199999.96875,199999.96875,199999.96875,199999.96875,199999.96875
9.352,199999.96875,199999.96875,199999.96875,199999.96875,199999.96875,199999.96875,199999.96875,199999.96875
9.356,199999.96875,199999.96875,199999.96875,199999.96875,199999.96875,199999.96875,199999.96875,199999.96875
9.36,199999.96875,199999.96875,199999.96875,199999.96875,199999.96875,199999.96875,199999.96875,199999.96875
9.364,199999.96875,199999.96875,199999.96875,199999.96875,199999.96875,199999.96875,199999.96875,199999.96875
9.368,199999.96875,199999.96875,199999.96875,199999.96875,199999.96875,199999.96875,199999.96875,199999.96875
9.372,199999.96875,199999.96875,199999.96875,199999.96875,199999.96875,199999.96875,199999.96875,199999.96875
9.376,199999.96875,199999.96875,199999.96875,199999.96875,199999.96875,199999.96875,199999.96875,199999.96875
9.38,199999.96875,199999.96875,199999.96875,199999.96875,199999.96875,199999.96875,199999.96875,199999.96875
9.384,199999.96875,199999.96875,199999.96875,199999.96875,199999.96875,199999.96875,199999.96875,199999.96875
9.388,199999.96875,199999.96875,199999.96875,199999.96875,199999.96875,199999.96875,199999.96875,199999.96875
9.392,199999.96875,199999.96875,199999.96875,199999.96875,199999.96875,199999.96875,199999.96875,199999.96875
9.396,199999.96875,199999.96875,199999.96875,199999.96875,199999.96875,199999.96875,199999.96875,199999.96875
9.4,199999.96875,199999.96875,199999.96875,199999.96875,199999.96875,199999.96875,199999.96875,199999.96875
9.404,199999.96875,199999.96875,199999.96875,199999.96875,199999.96875,199999.96875,199999.96875,199999.96875
9.408,199999.96875,199999.96875,199999.96875,199999.96875,199999.96875,199999.96875,199999.96875,199999.96875
9.412,199999.96875,199999.96875,199999.96875,199999.96875,199999.96875,199999.96875,199999.96875,199999.96875
9.416,199999.96875,199999.96875,199999.96875,199999.96875,199999.96875,199999.96875,199999.96875,199999.96875
9.42,199999.96875,199999.96875,199999.96875,199999.96875,199999.96875,199999.96875,199999.96875,199999.96875
9.424,199999.96875,199999.96875,199999.96875,199999.96875,199999.96875,199999.96875,199999.96875,199999.96875
9.428,199999.96875,199999.96875,199999.96875,199999.96875,199999.96875,199999.96875,199999.96875,199999.96875
9.432,199999.96875,199999.96875,199999.96875,199999.96875,199999.96875,199999.96875,199999.96875,199999.96875
9.436,199999.96875,199999.96875,199999.96875,199999.96875,199999.96875,199999.96875,199999.96875,199999.96875
9.44,199999.96875,199999.96875,199999.96875,199999.96875,199999.96875,199999.96875,199999.96875,199999.96875
9.444,199999.96875,199999.96875,199999.96875,199999.96875,199999.96875,199999.96875,199999.96875,199999.96875
9.448,199999.96875,199999.96875,199999.96875,199999.96875,199999.96875,199999.96875,199999.96875,199999.96875
9.452,199999.96875,199999.96875,199999.96875,199999.96875,199999.96875,199999.96875,199999.96875,199999.96875
9.456,199999.96875,199999.96875,199999.96875,199999.96875,199999.96875,199999.96875,199999.96875,199999.96875
9.46,199999.96875,199999.96875,199999.96875,199999.96875,199999.96875,199999.96875,199999.96875,199999.96875
9.464,199999.96875,199999.96875,199999.96875,199999.96875,199999.96875,199999.96875,199999.96875,199999.96875
9.468,199999.96875,199999.96875,199999.96875,199999.96875,199999.96875,199999.96875,199999.96875,199999.96875
9.472,199999.96875,199999.96875,199999.96875,199999.96875,199999.96875,199999.96875,199999.96875,199999.96875
9.476,199999.96875,199999.96875,199999.96875,199999.96875,199999.96875,199999.96875,199999.96875,199999.96875
9.48,199999.96875,199999.96875,199999.96875,199999.96875,199999.96875,199999.96875,199999.96875,199999.96875
9.484,199999.96875,199999.96875,199999.96875,199999.96875,199999.96875,199999.96875,199999.96875,199999.96875
9.488,199999.96875,199999.96875,199999.96875,199999.96875,199999.96875,199999.96875,199999.96875,199999.96875
9.492,199999.96875,199999.96875,199999.96875,199999.96875,199999.96875,199999.96875,199999.96875,199999.96875
9.496,199999.96875,199999.96875,199999.96875,199999.96875,199999.96875,199999.96875,199999.96875,199999.96875
9.5,199999.96875,199999.96875,199999.96875,199999.96875,199999.96875,199999.96875,199999.96875,199999.96875
9.504,199999.96875,199999.96875,199999.96875,199999.96875,199999.96875,199999.96875,199999.96875,199999.96875
9.508,199999.96875,199999.96875,199999.96875,199999.96875,199999.96875,199999.96875,199999.96875,199999.96875
9.512,199999.96875,199999.96875,199999.96875,199999.96875,199999.96875,199999.96875,199999.96875,199999.96875
9.516,199999.96875,199999.96875,199999.96875,199999.96875,199999.96875,199999.96875,199999.96875,199999.96875
9.52,199999.96875,199999.96875,199999.96875,199999.96875,199999.96875,199999.96875,199999.96875,199999.96875
9.524,199999.96875,199999.96875,199999.96875,199999.96875,199999.96875,199999.96875,199999.96875,199999.96875
9.528,199999.96875,199999.96875,199999.96875,199999.96875,199999.96875,199999.96875,199999.96875,199999.96875
9.532,199999.96875,199999.96875,199999.96875,199999.96875,199999.96875,199999.96875,199999.96875,199999.96875
9.536,199999.96875,199999.96875,199999.96875,199999.96875,199999.96875,199999.96875,199999.96875,199999.96875
9.54,199999.96875,199999.96875,199999.96875,199999.96875,199999.96875,199999.96875,199999.96875,199999.96875
9.544,199999.96875,199999.96875,199999.96875,199999.96875,199999.96875,199999.96875,199999.96875,199999.96875
9.548,199999.96875,199999.96875,199999.96875,199999.96875,199999.96875,199999.96875,199999.96875,199999.96875
9.552,199999.96875,199999.96875,199999.96875,199999.96875,199999.96875,199999.96875,199999.96875,199999.96875
9.556,199999.96875,199999.96875,199999.96875,199999.96875,199999.96875,199999.96875,199999.96875,199999.96875
9.56,199999.96875,199999.96875,199999.96875,199999.96875,199999.96875,199999.96875,199999.96875,199999.96875
9.564,199999.96875,199999.96875,199999.96875,199999.96875,199999.96875,199999.96875,199999.96875,199999.96875
9.568,199999.96875,199999.96875,199999.96875,199999.96875,199999.96875,199999.96875,199999.96875,199999.96875
9.572,199999.96875,199999.96875,199999.96875,199999.96875,199999.96875,199999.96875,199999.96875,199999.96875
9.576,199999.96875,199999.96875,199999.96875,199999.96875,199999.96875,199999.96875,199999.96875,199999.96875
9.58,199999.96875,199999.96875,199999.96875,199999.96875,199999.96875,199999.96875,199999.96875,199999.96875
9.584,199999.96875,199999.96875,199999.96875,199999.96875,199999.96875,199999.96875,199999.96875,199999.96875
9.588,199999.96875,199999.96875,199999.96875,199999.96875,199999.96875,199999.96875,199999.96875,199999.96875
9.592,199999.96875,199999.96875,199999.96875,199999.96875,199999.96875,199999.96875,199999.96875,199999.96875
9.596,199999.96875,199999.96875,199999.96875,199999.96875,199999.96875,199999.96875,199999.96875,199999.96875
9.6,199999.96875,199999.96875,199999.96875,199999.96875,199999.96875,199999.96875,199999.96875,199999.96875
9.604,199999.96875,199999.96875,199999.96875,199999.96875,199999.96875,199999.96875,199999.96875,199999.96875
9.608,199999.96875,199999.96875,199999.96875,199999.96875,199999.96875,199999.96875,199999.96875,199999.96875
9.612,199999.96875,199999.96875,199999.96875,199999.96875,199999.96875,199999.96875,199999.96875,199999.96875
9.616,199999.96875,199999.96875,199999.96875,199999.96875,199999.96875,199999.96875,199999.96875,199999.96875
9.62,199999.96875,199999.96875,199999.96875,199999.96875,199999.96875,199999.96875,199999.96875,199999.96875
9.624,199999.96875,199999.96875,199999.96875,199999.96875,199999.96875,199999.96875,199999.96875,199999.96875
9.628,199999.96875,199999.96875,199999.96875,199999.96875,199999.96875,199999.96875,199999.96875,199999.96875
9.632,199999.96875,199999.96875,199999.96875,199999.96875,199999.96875,199999.96875,199999.96875,199999.96875
9.636,199999.96875,199999.96875,199999.96875,199999.96875,199999.96875,199999.96875,199999.96875,199999.96875
9.64,199999.96875,199999.96875,199999.96875,199999.96875,199999.96875,199999.96875,199999.96875,199999.96875
9.644,199999.96875,199999.96875,199999.96875,199999.96875,199999.96875,199999.96875,199999.96875,199999.96875
9.648,199999.96875,199999.96875,199999.96875,199999.96875,199999.96875,199999.96875,199999.96875,199999.96875
9.652,199999.96875,199999.96875,199999.96875,199999.96875,199999.96875,199999.96875,199999.96875,199999.96875
9.656,199999.96875,199999.96875,199999.96875,199999.96875,199999.96875,199999.96875,199999.96875,199999.96875
9.66,199999.96875,199999.96875,199999.96875,199999.96875,199999.96875,199999.96875,199999.96875,199999.96875
9.664,199999.96875,199999.96875,199999.96875,199999.96875,199999.96875,199999.96875,199999.96875,199999.96875
9.668,199999.96875,199999.96875,199999.96875,199999.96875,199999.96875,199999.96875,199999.96875,199999.96875
9.672,199999.96875,199999.96875,199999.96875,199999.96875,199999.96875,199999.96875,199999.96875,199999.96875
9.676,199999.96875,199999.96875,199999.96875,199999.96875,199999.96875,199999.96875,199999.96875,199999.96875
9.68,199999.96875,199999.96875,199999.96875,199999.96875,199999.96875,199999.96875,199999.96875,199999.96875
9.684,199999.96875,199999.96875,199999.96875,199999.96875,199999.96875,199999.96875,199999.96875,199999.96875
9.688,199999.96875,199999.96875,199999.96875,199999.96875,199999.96875,199999.96875,199999.96875,199999.96875
9.692,199999.96875,199999.96875,199999.96875,199999.96875,199999.96875,199999.96875,199999.96875,199999.96875
9.696,199999.96875,199999.96875,199999.96875,199999.96875,199999.96875,199999.96875,199999.96875,199999.96875
9.7,199999.96875,199999.96875,199999.96875,199999.96875,199999.96875,199999.96875,199999.96875,199999.96875
9.704,199999.96875,199999.96875,199999.96875,199999.96875,199999.96875,199999.96875,199999.96875,199999.96875
9.708,199999.96875,199999.96875,199999.96875,199999.96875,199999.96875,199999.96875,199999.96875,199999.96875
9.712,199999.96875,199999.96875,199999.96875,199999.96875,199999.96875,199999.96875,199999.96875,199999.96875
9.716,199999.96875,199999.96875,199999.96875,199999.96875,199999.96875,199999.96875,199999.96875,199999.96875
9.72,199999.96875,199999.96875,199999.96875,199999.96875,199999.96875,199999.96875,199999.96875,199999.96875
9.724,199999.96875,199999.96875,199999.96875,199999.96875,199999.96875,199999.96875,199999.96875,199999.96875
9.728,199999.96875,199999.96875,199999.96875,199999.96875,199999.96875,199999.96875,199999.96875,199999.96875
9.732,199999.96875,199999.96875,199999.96875,199999.96875,199999.96875,199999.96875,199999.96875,199999.96875
9.736,199999.96875,199999.96875,199999.96875,199999.96875,199999.96875,199999.96875,199999.96875,199999.96875
9.74,199999.96875,199999.96875,199999.96875,199999.96875,199999.96875,199999.96875,199999.96875,199999.96875
9.744,199999.96875,199999.96875,199999.96875,199999.96875,199999.96875,199999.96875,199999.96875,199999.96875
9.748,199999.96875,199999.96875,199999.96875,199999.96875,199999.96875,199999.96875,199999.96875,199999.96875
9.752,199999.96875,199999.96875,199999.96875,199999.96875,199999.96875,199999.96875,199999.96875,199999.96875
9.756,199999.96875,199999.96875,199999.96875,199999.96875,199999.96875,199999.96875,199999.96875,199999.96875
9.76,199999.96875,199999.96875,199999.96875,199999.96875,199999.96875,199999.96875,199999.96875,199999.96875
9.764,199999.96875,199999.96875,199999.96875,199999.96875,199999.96875,199999.96875,199999.96875,199999.96875
9.768,199999.96875,199999.96875,199999.96875,199999.96875,199999.96875,199999.96875,199999.96875,199999.96875
9.772,199999.96875,199999.96875,199999.96875,199999.96875,199999.96875,199999.96875,199999.96875,199999.96875
9.776,199999.96875,199999.96875,199999.96875,199999.96875,199999.96875,199999.96875,199999.96875,199999.96875
9.78,199999.96875,199999.96875,199999.96875,199999.96875,199999.96875,199999.96875,199999.96875,199999.96875
9.784,199999.96875,199999.96875,199999.96875,199999.96875,199999.96875,199999.96875,199999.96875,199999.96875
9.788,199999.96875,199999.96875,199999.96875,199999.96875,199999.96875,199999.96875,199999.96875,199999.96875
9.792,199999.96875,199999.96875,199999.96875,199999.96875,199999.96875,199999.96875,199999.96875,199999.96875
9.796,199999.96875,199999.96875,199999.96875,199999.96875,199999.96875,199999.96875,199999.96875,199999.96875
9.8,199999.96875,199999.96875,199999.96875,199999.96875,199999.96875,199999.96875,199999.96875,199999.96875
9.804,199999.96875,199999.96875,199999.96875,199999.96875,199999.96875,199999.96875,199999.96875,199999.96875
9.808,199999.96875,199999.96875,199999.96875,199999.96875,199999.96875,199999.96875,199999.96875,199999.96875
9.812,199999.96875,199999.96875,199999.96875,199999.96875,199999.96875,199999.96875,199999.96875,199999.96875
9.816,199999.96875,199999.96875,199999.96875,199999.96875,199999.96875,199999.96875,199999.96875,199999.96875
9.82,199999.96875,199999.96875,199999.96875,199999.96875,199999.96875,199999.96875,199999.96875,199999.96875
9.824,199999.96875,199999.96875,199999.96875,199999.96875,199999.96875,199999.96875,199999.96875,199999.96875
9.828,199999.96875,199999.96875,199999.96875,199999.96875,199999.96875,199999.96875,199999.96875,199999.96875
9.832,199999.96875,199999.96875,199999.96875,199999.96875,199999.96875,199999.96875,199999.96875,199999.96875
9.836,199999.96875,199999.96875,199999.96875,199999.96875,199999.96875,199999.96875,199999.96875,199999.96875
9.84,199999.96875,199999.96875,199999.96875,199999.96875,199999.96875,199999.96875,199999.96875,199999.96875
9.844,199999.96875,199999.96875,199999.96875,199999.96875,199999.96875,199999.96875,199999.96875,199999.96875
9.848,199999.96875,199999.96875,199999.96875,199999.96875,199999.96875,199999.96875,199999.96875,199999.96875
9.852,199999.96875,199999.96875,199999.96875,199999.96875,199999.96875,199999.96875,199999.96875,199999.96875
9.856,199999.96875,199999.96875,199999.96875,199999.96875,199999.96875,199999.96875,199999.96875,199999.96875
9.86,199999.96875,199999.96875,199999.96875,199999.96875,199999.96875,199999.96875,199999.96875,199999.96875
9.864,199999.96875,199999.96875,199999.96875,199999.96875,199999.96875,199999.96875,199999.96875,199999.96875
9.868,199999.96875,199999.96875,199999.96875,199999.96875,199999.96875,199999.96875,199999.96875,199999.96875
9.872,199999.96875,199999.96875,199999.96875,199999.96875,199999.96875,199999.96875,199999.96875,199999.96875
9.876,199999.96875,199999.96875,199999.96875,199999.96875,199999.96875,199999.96875,199999.96875,199999.96875
9.88,199999.96875,199999.96875,199999.96875,199999.96875,199999.96875,199999.96875,199999.96875,199999.96875
9.884,199999.96875,199999.96875,199999.96875,199999.96875,199999.96875,199999.96875,199999.96875,199999.96875
9.888,199999.96875,199999.96875,199999.96875,199999.96875,199999.96875,199999.96875,199999.96875,199999.96875
9.892,199999.96875,199999.96875,199999.96875,199999.96875,199999.96875,199999.96875,199999.96875,199999.96875
9.896,199999.96875,199999.96875,199999.96875,199999.96875,199999.96875,199999.96875,199999.96875,199999.96875
9.9,199999.96875,199999.96875,199999.96875,199999.96875,199999.96875,199999.96875,199999.96875,199999.96875
9.904,199999.96875,199999.96875,199999.96875,199999.96875,199999.96875,199999.96875,199999.96875,199999.96875
9.908,199999.96875,199999.96875,199999.96875,199999.96875,199999.96875,199999.96875,199999.96875,199999.96875
9.912,199999.96875,199999.96875,199999.96875,199999.96875,199999.96875,199999.96875,199999.96875,199999.96875
9.916,199999.96875,199999.96875,199999.96875,199999.96875,199999.96875,199999.96875,199999.96875,199999.96875
9.92,199999.96875,199999.96875,199999.96875,199999.96875,199999.96875,199999.96875,199999.96875,199999.96875
9.924,199999.96875,199999.96875,199999.96875,199999.96875,199999.96875,199999.96875,199999.96875,199999.96875
9.928,199999.96875,199999.96875,199999.96875,199999.96875,199999.96875,199999.96875,199999.96875,199999.96875
9.932,199999.96875,199999.96875,199999.96875,199999.96875,199999.96875,199999.96875,199999.96875,199999.96875
9.936,199999.96875,199999.96875,199999.96875,199999.96875,199999.96875,199999.96875,199999.96875,199999.96875
9.94,199999.96875,199999.96875,199999.96875,199999.96875,199999.96875,199999.96875,199999.96875,199999.96875
9.944,199999.96875,199999.96875,199999.96875,199999.96875,199999.96875,199999.96875,199999.96875,199999.96875
9.948,199999.96875,199999.96875,199999.96875,199999.96875,199999.96875,199999.96875,199999.96875,199999.96875
9.952,199999.96875,199999.96875,199999.96875,199999.96875,199999.96875,199999.96875,199999.96875,199999.96875
9.956,199999.96875,199999.96875,199999.96875,199999.96875,199999.96875,199999.96875,199999.96875,199999.96875
9.96,199999.96875,199999.96875,199999.96875,199999.96875,199999.96875,199999.96875,199999.96875,199999.96875
9.964,199999.96875,199999.96875,199999.96875,199999.96875,199999.96875,199999.96875,199999.96875,199999.96875
9.968,199999.96875,199999.96875,199999.96875,199999.96875,199999.96875,199999.96875,199999.96875,199999.96875
9.972,199999.96875,199999.96875,199999.96875,199999.96875,199999.96875,199999.96875,199999.96875,199999.96875
9.976,199999.96875,199999.96875,199999.96875,199999.96875,199999.96875,199999.96875,199999.96875,199999.96875
9.98,199999.96875,199999.96875,199999.96875,199999.96875,199999.96875,199999.96875,199999.96875,199999.96875
9.984,199999.96875,199999.96875,199999.96875,199999.96875,199999.96875,199999.96875,199999.96875,199999.96875
9.988,199999.96875,199999.96875,199999.96875,199999.96875,199999.96875,199999.96875,199999.96875,199999.96875
9.992,199999.96875,199999.96875,199999.96875,199999.96875,199999.96875,199999.96875,199999.96875,199999.96875
9.996,199999.96875,199999.96875,199999.96875,199999.96875,199999.96875,199999.96875,199999.96875,199999.96875
10,199999.96875,199999.96875,199999.96875,199999.96875,199999.96875,199999.96875,199999.96875,199999.96875
10.004,199999.96875,199999.96875,199999.96875,199999.96875,199999.96875,199999.96875,199999.96875,199999.96875
10.008,199999.96875,199999.96875,199999.96875,199999.96875,199999.96875,199999.96875,199999.96875,199999.96875
10.012,199999.96875,199999.96875,199999.96875,199999.96875,199999.96875,199999.96875,199999.96875,199999.96875
10.016,199999.96875,199999.96875,199999.96875,199999.96875,199999.96875,199999.96875,199999.96875,199999.96875
10.02,199999.96875,199999.96875,199999.96875,199999.96875,199999.96875,199999.96875,199999.96875,199999.96875
10.024,199999.96875,199999.96875,199999.96875,199999.96875,199999.96875,199999.96875,199999.96875,199999.96875
10.028,199999.96875,199999.96875,199999.96875,199999.96875,199999.96875,199999.96875,199999.96875,199999.96875
10.032,199999.96875,199999.96875,199999.96875,199999.96875,199999.96875,199999.96875,199999.96875,199999.96875
10.036,199999.96875,199999.96875,199999.96875,199999.96875,199999.96875,199999.96875,199999.96875,199999.96875
10.04,199999.96875,199999.96875,199999.96875,199999.96875,199999.96875,199999.96875,199999.96875,199999.96875
10.044,199999.96875,199999.96875,199999.96875,199999.96875,199999.96875,199999.96875,199999.96875,199999.96875
10.048,199999.96875,199999.96875,199999.96875,199999.96875,199999.96875,199999.96875,199999.96875,199999.96875
10.052,199999.96875,199999.96875,199999.96875,199999.96875,199999.96875,199999.96875,199999.96875,199999.96875
10.056,199999.96875,199999.96875,199999.96875,199999.96875,199999.96875,199999.96875,199999.96875,199999.96875
10.06,199999.96875,199999.96875,199999.96875,199999.96875,199999.96875,199999.96875,199999.96875,199999.96875
10.064,199999.96875,199999.96875,199999.96875,199999.96875,199999.96875,199999.96875,199999.96875,199999.96875
10.068,199999.96875,199999.96875,199999.96875,199999.96875,199999.96875,199999.96875,199999.96875,199999.96875
10.072,199999.96875,199999.96875,199999.96875,199999.96875,199999.96875,199999.96875,199999.96875,199999.96875
10.076,199999.96875,199999.96875,199999.96875,199999.96875,199999.96875,199999.96875,199999.96875,199999.96875
10.08,199999.96875,199999.96875,199999.96875,199999.96875,199999.96875,199999.96875,199999.96875,199999.96875
10.084,199999.96875,199999.96875,199999.96875,199999.96875,199999.96875,199999.96875,199999.96875,199999.96875
10.088,199999.96875,199999.96875,199999.96875,199999.96875,199999.96875,199999.96875,199999.96875,199999.96875
10.092,199999.96875,199999.96875,199999.96875,199999.96875,199999.96875,199999.96875,199999.96875,199999.96875
10.096,199999.96875,199999.96875,199999.96875,199999.96875,199999.96875,199999.96875,199999.96875,199999.96875
10.1,199999.96875,199999.96875,199999.96875,199999.96875,199999.96875,199999.96875,199999.96875,199999.96875
10.104,199999.96875,199999.96875,199999.96875,199999.96875,199999.96875,199999.96875,199999.96875,199999.96875
10.108,199999.96875,199999.96875,199999.96875,199999.96875,199999.96875,199999.96875,199999.96875,199999.96875
10.112,199999.96875,199999.96875,199999.96875,199999.96875,199999.96875,199999.96875,199999.96875,199999.96875
10.116,199999.96875,199999.96875,199999.96875,199999.96875,199999.96875,199999.96875,199999.96875,199999.96875
10.12,199999.96875,199999.96875,199999.96875,199999.96875,199999.96875,199999.96875,199999.96875,199999.96875
10.124,199999.96875,199999.96875,199999.96875,199999.96875,199999.96875,199999.96875,199999.96875,199999.96875
10.128,199999.96875,199999.96875,199999.96875,199999.96875,199999.96875,199999.96875,199999.96875,199999.96875
10.132,199999.96875,199999.96875,199999.96875,199999.96875,199999.96875,199999.96875,199999.96875,199999.96875
10.136,199999.96875,199999.96875,199999.96875,199999.96875,199999.96875,199999.96875,199999.96875,199999.96875
10.14,199999.96875,199999.96875,199999.96875,199999.96875,199999.96875,199999.96875,199999.96875,199999.96875
10.144,199999.96875,199999.96875,199999.96875,199999.96875,199999.96875,199999.96875,199999.96875,199999.96875
10.148,199999.96875,199999.96875,199999.96875,199999.96875,199999.96875,199999.96875,199999.96875,199999.96875
10.152,199999.96875,199999.96875,199999.96875,199999.96875,199999.96875,199999.96875,199999.96875,199999.96875
10.156,199999.96875,199999.96875,199999.96875,199999.96875,199999.96875,199999.96875,199999.96875,199999.96875
10.16,199999.96875,199999.96875,199999.96875,199999.96875,199999.96875,199999.96875,199999.96875,199999.96875
10.164,199999.96875,199999.96875,199999.96875,199999.96875,199999.96875,199999.96875,199999.96875,199999.96875
10.168,199999.96875,199999.96875,199999.96875,199999.96875,199999.96875,199999.96875,199999.96875,199999.96875
10.172,199999.96875,199999.96875,199999.96875,199999.96875,199999.96875,199999.96875,199999.96875,199999.96875
10.176,199999.96875,199999.96875,199999.96875,199999.96875,199999.96875,199999.96875,199999.96875,199999.96875
10.18,199999.96875,199999.96875,199999.96875,199999.96875,199999.96875,199999.96875,199999.96875,199999.96875
10.184,199999.96875,199999.96875,199999.96875,199999.96875,199999.96875,199999.96875,199999.96875,199999.96875
10.188,199999.96875,199999.96875,199999.96875,199999.96875,199999.96875,199999.96875,199999.96875,199999.96875
10.192,199999.96875,199999.96875,199999.96875,199999.96875,199999.96875,199999.96875,199999.96875,199999.96875
10.196,199999.96875,199999.96875,199999.96875,199999.96875,199999.96875,199999.96875,199999.96875,199999.96875
10.2,199999.96875,199999.96875,199999.96875,199999.96875,199999.96875,199999.96875,199999.96875,199999.96875
10.204,199999.96875,199999.96875,199999.96875,199999.96875,199999.96875,199999.96875,199999.96875,199999.96875
10.208,199999.96875,199999.96875,199999.96875,199999.96875,199999.96875,199999.96875,199999.96875,199999.96875
10.212,199999.96875,199999.96875,199999.96875,199999.96875,199999.96875,199999.96875,199999.96875,199999.96875
10.216,199999.96875,199999.96875,199999.96875,199999.96875,199999.96875,199999.96875,199999.96875,199999.96875
10.22,199999.96875,199999.96875,199999.96875,199999.96875,199999.96875,199999.96875,199999.96875,199999.96875
10.224,199999.96875,199999.96875,199999.96875,199999.96875,199999.96875,199999.96875,199999.96875,199999.96875
10.228,199999.96875,199999.96875,199999.96875,199999.96875,199999.96875,199999.96875,199999.96875,199999.96875
10.232,199999.96875,199999.96875,199999.96875,199999.96875,199999.96875,199999.96875,199999.96875,199999.96875
10.236,199999.96875,199999.96875,199999.96875,199999.96875,199999.96875,199999.96875,199999.96875,199999.96875
10.24,199999.96875,199999.96875,199999.96875,199999.96875,199999.96875,199999.96875,199999.96875,199999.96875
10.244,199999.96875,199999.96875,199999.96875,199999.96875,199999.96875,199999.96875,199999.96875,199999.96875
10.248,199999.96875,199999.96875,199999.96875,199999.96875,199999.96875,199999.96875,199999.96875,199999.96875
10.252,199999.96875,199999.96875,199999.96875,199999.96875,199999.96875,199999.96875,199999.96875,199999.96875
10.256,199999.96875,199999.96875,199999.96875,199999.96875,199999.96875,199999.96875,199999.96875,199999.96875
10.26,199999.96875,199999.96875,199999.96875,199999.96875,199999.96875,199999.96875,199999.96875,199999.96875
10.264,199999.96875,199999.96875,199999.96875,199999.96875,199999.96875,199999.96875,199999.96875,199999.96875
10.268,199999.96875,199999.96875,199999.96875,199999.96875,199999.96875,199999.96875,199999.96875,199999.96875
10.272,199999.96875,199999.96875,199999.96875,199999.96875,199999.96875,199999.96875,199999.96875,199999.96875
10.276,199999.96875,199999.96875,199999.96875,199999.96875,199999.96875,199999.96875,199999.96875,199999.96875
10.28,199999.96875,199999.96875,199999.96875,199999.96875,199999.96875,199999.96875,199999.96875,199999.96875
10.284,199999.96875,199999.96875,199999.96875,199999.96875,199999.96875,199999.96875,199999.96875,199999.96875
10.288,199999.96875,199999.96875,199999.96875,199999.96875,199999.96875,199999.96875,199999.96875,199999.96875
10.292,199999.96875,199999.96875,199999.96875,199999.96875,199999.96875,199999.96875,199999.96875,199999.96875
10.296,199999.96875,199999.96875,199999.96875,199999.96875,199999.96875,199999.96875,199999.96875,199999.96875
10.3,199999.96875,199999.96875,199999.96875,199999.96875,199999.96875,199999.96875,199999.96875,199999.96875
10.304,199999.96875,199999.96875,199999.96875,199999.96875,199999.96875,199999.96875,199999.96875,199999.96875
10.308,199999.96875,199999.96875,199999.96875,199999.96875,199999.96875,199999.96875,199999.96875,199999.96875
10.312,199999.96875,199999.96875,199999.96875,199999.96875,199999.96875,199999.96875,199999.96875,199999.96875
10.316,199999.96875,199999.96875,199999.96875,199999.96875,199999.96875,199999.96875,199999.96875,199999.96875
10.32,199999.96875,199999.96875,199999.96875,199999.96875,199999.96875,199999.96875,199999.96875,199999.96875
10.324,199999.96875,199999.96875,199999.96875,199999.96875,199999.96875,199999.96875,199999.96875,199999.96875
10.328,199999.96875,199999.96875,199999.96875,199999.96875,199999.96875,199999.96875,199999.96875,199999.96875
10.332,199999.96875,199999.96875,199999.96875,199999.96875,199999.96875,199999.96875,199999.96875,199999.96875
10.336,199999.96875,199999.96875,199999.96875,199999.96875,199999.96875,199999.96875,199999.96875,199999.96875
10.34,199999.96875,199999.96875,199999.96875,199999.96875,199999.96875,199999.96875,199999.96875,199999.96875
10.344,199999.96875,199999.96875,199999.96875,199999.96875,199999.96875,199999.96875,199999.96875,199999.96875
10.348,199999.96875,199999.96875,199999.96875,199999.96875,199999.96875,199999.96875,199999.96875,199999.96875
10.352,199999.96875,199999.96875,199999.96875,199999.96875,199999.96875,199999.96875,199999.96875,199999.96875
10.356,199999.96875,199999.96875,199999.96875,199999.96875,199999.96875,199999.96875,199999.96875,199999.96875
10.36,199999.96875,199999.96875,199999.96875,199999.96875,199999.96875,199999.96875,199999.96875,199999.96875
10.364,199999.96875,199999.96875,199999.96875,199999.96875,199999.96875,199999.96875,199999.96875,199999.96875
10.368,199999.96875,199999.96875,199999.96875,199999.96875,199999.96875,199999.96875,199999.96875,199999.96875
10.372,199999.96875,199999.96875,199999.96875,199999.96875,199999.96875,199999.96875,199999.96875,199999.96875
10.376,199999.96875,199999.96875,199999.96875,199999.96875,199999.96875,199999.96875,199999.96875,199999.96875
10.38,199999.96875,199999.96875,199999.96875,199999.96875,199999.96875,199999.96875,199999.96875,199999.96875
10.384,199999.96875,199999.96875,199999.96875,199999.96875,199999.96875,199999.96875,199999.96875,199999.96875
10.388,199999.96875,199999.96875,199999.96875,199999.96875,199999.96875,199999.96875,199999.96875,199999.96875
10.392,199999.96875,199999.96875,199999.96875,199999.96875,199999.96875,199999.96875,199999.96875,199999.96875
10.396,199999.96875,199999.96875,199999.96875,199999.96875,199999.96875,199999.96875,199999.96875,199999.96875
10.4,199999.96875,199999.96875,199999.96875,199999.96875,199999.96875,199999.96875,199999.96875,199999.96875
10.404,199999.96875,199999.96875,199999.96875,199999.96875,199999.96875,199999.96875,199999.96875,199999.96875
10.408,199999.96875,199999.96875,199999.96875,199999.96875,199999.96875,199999.96875,199999.96875,199999.96875
10.412,199999.96875,199999.96875,199999.96875,199999.96875,199999.96875,199999.96875,199999.96875,199999.96875
10.416,199999.96875,199999.96875,199999.96875,199999.96875,199999.96875,199999.96875,199999.96875,199999.96875
10.42,199999.96875,199999.96875,199999.96875,199999.96875,199999.96875,199999.96875,199999.96875,199999.96875
10.424,199999.96875,199999.96875,199999.96875,199999.96875,199999.96875,199999.96875,199999.96875,199999.96875
10.428,199999.96875,199999.96875,199999.96875,199999.96875,199999.96875,199999.96875,199999.96875,199999.96875
10.432,199999.96875,199999.96875,199999.96875,199999.96875,199999.96875,199999.96875,199999.96875,199999.96875
10.436,199999.96875,199999.96875,199999.96875,199999.96875,199999.96875,199999.96875,199999.96875,199999.96875
10.44,199999.96875,199999.96875,199999.96875,199999.96875,199999.96875,199999.96875,199999.96875,199999.96875
10.444,199999.96875,199999.96875,199999.96875,199999.96875,199999.96875,199999.96875,199999.96875,199999.96875
10.448,199999.96875,199999.96875,199999.96875,199999.96875,199999.96875,199999.96875,199999.96875,199999.96875
10.452,199999.96875,199999.96875,199999.96875,199999.96875,199999.96875,199999.96875,199999.96875,199999.96875
10.456,199999.96875,199999.96875,199999.96875,199999.96875,199999.96875,199999.96875,199999.96875,199999.96875
10.46,199999.96875,199999.96875,199999.96875,199999.96875,199999.96875,199999.96875,199999.96875,199999.96875
10.464,199999.96875,199999.96875,199999.96875,199999.96875,199999.96875,199999.96875,199999.96875,199999.96875
10.468,199999.96875,199999.96875,199999.96875,199999.96875,199999.96875,199999.96875,199999.96875,199999.96875
10.472,199999.96875,199999.96875,199999.96875,199999.96875,199999.96875,199999.96875,199999.96875,199999.96875
10.476,199999.96875,199999.96875,199999.96875,199999.96875,199999.96875,199999.96875,199999.96875,199999.96875
10.48,199999.96875,199999.96875,199999.96875,199999.96875,199999.96875,199999.96875,199999.96875,199999.96875
10.484,199999.96875,199999.96875,199999.96875,199999.96875,199999.96875,199999.96875,199999.96875,199999.96875
10.488,199999.96875,199999.96875,199999.96875,199999.96875,199999.96875,199999.96875,199999.96875,199999.96875
10.492,199999.96875,199999.96875,199999.96875,199999.96875,199999.96875,199999.96875,199999.96875,199999.96875
10.496,199999.96875,199999.96875,199999.96875,199999.96875,199999.96875,199999.96875,199999.96875,199999.96875
10.5,199999.96875,199999.96875,199999.96875,199999.96875,199999.96875,199999.96875,199999.96875,199999.96875
10.504,199999.96875,199999.96875,199999.96875,199999.96875,199999.96875,199999.96875,199999.96875,199999.96875
10.508,199999.96875,199999.96875,199999.96875,199999.96875,199999.96875,199999.96875,199999.96875,199999.96875
10.512,199999.96875,199999.96875,199999.96875,199999.96875,199999.96875,199999.96875,199999.96875,199999.96875
10.516,199999.96875,199999.96875,199999.96875,199999.96875,199999.96875,199999.96875,199999.96875,199999.96875
10.52,199999.96875,199999.96875,199999.96875,199999.96875,199999.96875,199999.96875,199999.96875,199999.96875
10.524,199999.96875,199999.96875,199999.96875,199999.96875,199999.96875,199999.96875,199999.96875,199999.96875
10.528,199999.96875,199999.96875,199999.96875,199999.96875,199999.96875,199999.96875,199999.96875,199999.96875
10.532,199999.96875,199999.96875,199999.96875,199999.96875,199999.96875,199999.96875,199999.96875,199999.96875
10.536,199999.96875,199999.96875,199999.96875,199999.96875,199999.96875,199999.96875,199999.96875,199999.96875
10.54,199999.96875,199999.96875,199999.96875,199999.96875,199999.96875,199999.96875,199999.96875,199999.96875
10.544,199999.96875,199999.96875,199999.96875,199999.96875,199999.96875,199999.96875,199999.96875,199999.96875
10.548,199999.96875,199999.96875,199999.96875,199999.96875,199999.96875,199999.96875,199999.96875,199999.96875
10.552,199999.96875,199999.96875,199999.96875,199999.96875,199999.96875,199999.96875,199999.96875,199999.96875
10.556,199999.96875,199999.96875,199999.96875,199999.96875,199999.96875,199999.96875,199999.96875,199999.96875
10.56,199999.96875,199999.96875,199999.96875,199999.96875,199999.96875,199999.96875,199999.96875,199999.96875
10.564,199999.96875,199999.96875,199999.96875,199999.96875,199999.96875,199999.96875,199999.96875,199999.96875
10.568,199999.96875,199999.96875,199999.96875,199999.96875,199999.96875,199999.96875,199999.96875,199999.96875
10.572,199999.96875,199999.96875,199999.96875,199999.96875,199999.96875,199999.96875,199999.96875,199999.96875
10.576,199999.96875,199999.96875,199999.96875,199999.96875,199999.96875,199999.96875,199999.96875,199999.96875
10.58,199999.96875,199999.96875,199999.96875,199999.96875,199999.96875,199999.96875,199999.96875,199999.96875
10.584,199999.96875,199999.96875,199999.96875,199999.96875,199999.96875,199999.96875,199999.96875,199999.96875
10.588,199999.96875,199999.96875,199999.96875,199999.96875,199999.96875,199999.96875,199999.96875,199999.96875
10.592,199999.96875,199999.96875,199999.96875,199999.96875,199999.96875,199999.96875,199999.96875,199999.96875
10.596,199999.96875,199999.96875,199999.96875,199999.96875,199999.96875,199999.96875,199999.96875,199999.96875
10.6,199999.96875,199999.96875,199999.96875,199999.96875,199999.96875,199999.96875,199999.96875,199999.96875
10.604,199999.96875,199999.96875,199999.96875,199999.96875,199999.96875,199999.96875,199999.96875,199999.96875
10.608,199999.96875,199999.96875,199999.96875,199999.96875,199999.96875,199999.96875,199999.96875,199999.96875
10.612,199999.96875,199999.96875,199999.96875,199999.96875,199999.96875,199999.96875,199999.96875,199999.96875
10.616,199999.96875,199999.96875,199999.96875,199999.96875,199999.96875,199999.96875,199999.96875,199999.96875
10.62,199999.96875,199999.96875,199999.96875,199999.96875,199999.96875,199999.96875,199999.96875,199999.96875
10.624,199999.96875,199999.96875,199999.96875,199999.96875,199999.96875,199999.96875,199999.96875,199999.96875
10.628,199999.96875,199999.96875,199999.96875,199999.96875,199999.96875,199999.96875,199999.96875,199999.96875
10.632,199999.96875,199999.96875,199999.96875,199999.96875,199999.96875,199999.96875,199999.96875,199999.96875
10.636,199999.96875,199999.96875,199999.96875,199999.96875,199999.96875,199999.96875,199999.96875,199999.96875
10.64,199999.96875,199999.96875,199999.96875,199999.96875,199999.96875,199999.96875,199999.96875,199999.96875
10.644,199999.96875,199999.96875,199999.96875,199999.96875,199999.96875,199999.96875,199999.96875,199999.96875
10.648,199999.96875,199999.96875,199999.96875,199999.96875,199999.96875,199999.96875,199999.96875,199999.96875
10.652,199999.96875,199999.96875,199999.96875,199999.96875,199999.96875,199999.96875,199999.96875,199999.96875
10.656,199999.96875,199999.96875,199999.96875,199999.96875,199999.96875,199999.96875,199999.96875,199999.96875
10.66,199999.96875,199999.96875,199999.96875,199999.96875,199999.96875,199999.96875,199999.96875,199999.96875
10.664,199999.96875,199999.96875,199999.96875,199999.96875,199999.96875,199999.96875,199999.96875,199999.96875
10.668,199999.96875,199999.96875,199999.96875,199999.96875,199999.96875,199999.96875,199999.96875,199999.96875
10.672,199999.96875,199999.96875,199999.96875,199999.96875,199999.96875,199999.96875,199999.96875,199999.96875
10.676,199999.96875,199999.96875,199999.96875,199999.96875,199999.96875,199999.96875,199999.96875,199999.96875
10.68,199999.96875,199999.96875,199999.96875,199999.96875,199999.96875,199999.96875,199999.96875,199999.96875
10.684,199999.96875,199999.96875,199999.96875,199999.96875,199999.96875,199999.96875,199999.96875,199999.96875
10.688,199999.96875,199999.96875,199999.96875,199999.96875,199999.96875,199999.96875,199999.96875,199999.96875
10.692,199999.96875,199999.96875,199999.96875,199999.96875,199999.96875,199999.96875,199999.96875,199999.96875
10.696,199999.96875,199999.96875,199999.96875,199999.96875,199999.96875,199999.96875,199999.96875,199999.96875
10.7,199999.96875,199999.96875,199999.96875,199999.96875,199999.96875,199999.96875,199999.96875,199999.96875
10.704,199999.96875,199999.96875,199999.96875,199999.96875,199999.96875,199999.96875,199999.96875,199999.96875
10.708,199999.96875,199999.96875,199999.96875,199999.96875,199999.96875,199999.96875,199999.96875,199999.96875
10.712,199999.96875,199999.96875,199999.96875,199999.96875,199999.96875,199999.96875,199999.96875,199999.96875
10.716,199999.96875,199999.96875,199999.96875,199999.96875,199999.96875,199999.96875,199999.96875,199999.96875
10.72,199999.96875,199999.96875,199999.96875,199999.96875,199999.96875,199999.96875,199999.96875,199999.96875
10.724,199999.96875,199999.96875,199999.96875,199999.96875,199999.96875,199999.96875,199999.96875,199999.96875
10.728,199999.96875,199999.96875,199999.96875,199999.96875,199999.96875,199999.96875,199999.96875,199999.96875
10.732,199999.96875,199999.96875,199999.96875,199999.96875,199999.96875,199999.96875,199999.96875,199999.96875
10.736,199999.96875,199999.96875,199999.96875,199999.96875,199999.96875,199999.96875,199999.96875,199999.96875
10.74,199999.96875,199999.96875,199999.96875,199999.96875,199999.96875,199999.96875,199999.96875,199999.96875
10.744,199999.96875,199999.96875,199999.96875,199999.96875,199999.96875,199999.96875,199999.96875,199999.96875
10.748,199999.96875,199999.96875,199999.96875,199999.96875,199999.96875,199999.96875,199999.96875,199999.96875
10.752,199999.96875,199999.96875,199999.96875,199999.96875,199999.96875,199999.96875,199999.96875,199999.96875
10.756,199999.96875,199999.96875,199999.96875,199999.96875,199999.96875,199999.96875,199999.96875,199999.96875
10.76,199999.96875,199999.96875,199999.96875,199999.96875,199999.96875,199999.96875,199999.96875,199999.96875
10.764,199999.96875,199999.96875,199999.96875,199999.96875,199999.96875,199999.96875,199999.96875,199999.96875
10.768,199999.96875,199999.96875,199999.96875,199999.96875,199999.96875,199999.96875,199999.96875,199999.96875
10.772,199999.96875,199999.96875,199999.96875,199999.96875,199999.96875,199999.96875,199999.96875,199999.96875
10.776,199999.96875,199999.96875,199999.96875,199999.96875,199999.96875,199999.96875,199999.96875,199999.96875
10.78,199999.96875,199999.96875,199999.96875,199999.96875,199999.96875,199999.96875,199999.96875,199999.96875
10.784,199999.96875,199999.96875,199999.96875,199999.96875,199999.96875,199999.96875,199999.96875,199999.96875
10.788,199999.96875,199999.96875,199999.96875,199999.96875,199999.96875,199999.96875,199999.96875,199999.96875
10.792,199999.96875,199999.96875,199999.96875,199999.96875,199999.96875,199999.96875,199999.96875,199999.96875
10.796,199999.96875,199999.96875,199999.96875,199999.96875,199999.96875,199999.96875,199999.96875,199999.96875
10.8,199999.96875,199999.96875,199999.96875,199999.96875,199999.96875,199999.96875,199999.96875,199999.96875
10.804,199999.96875,199999.96875,199999.96875,199999.96875,199999.96875,199999.96875,199999.96875,199999.96875
10.808,199999.96875,199999.96875,199999.96875,199999.96875,199999.96875,199999.96875,199999.96875,199999.96875
10.812,199999.96875,199999.96875,199999.96875,199999.96875,199999.96875,199999.96875,199999.96875,199999.96875
10.816,199999.96875,199999.96875,199999.96875,199999.96875,199999.96875,199999.96875,199999.96875,199999.96875
10.82,199999.96875,199999.96875,199999.96875,199999.96875,199999.96875,199999.96875,199999.96875,199999.96875
10.824,199999.96875,199999.96875,199999.96875,199999.96875,199999.96875,199999.96875,199999.96875,199999.96875
10.828,199999.96875,199999.96875,199999.96875,199999.96875,199999.96875,199999.96875,199999.96875,199999.96875
10.832,199999.96875,199999.96875,199999.96875,199999.96875,199999.96875,199999.96875,199999.96875,199999.96875
10.836,199999.96875,199999.96875,199999.96875,199999.96875,199999.96875,199999.96875,199999.96875,199999.96875
10.84,199999.96875,199999.96875,199999.96875,199999.96875,199999.96875,199999.96875,199999.96875,199999.96875
10.844,199999.96875,199999.96875,199999.96875,199999.96875,199999.96875,199999.96875,199999.96875,199999.96875
10.848,199999.96875,199999.96875,199999.96875,199999.96875,199999.96875,199999.96875,199999.96875,199999.96875
10.852,199999.96875,199999.96875,199999.96875,199999.96875,199999.96875,199999.96875,199999.96875,199999.96875
10.856,199999.96875,199999.96875,199999.96875,199999.96875,199999.96875,199999.96875,199999.96875,199999.96875
10.86,199999.96875,199999.96875,199999.96875,199999.96875,199999.96875,199999.96875,199999.96875,199999.96875
10.864,199999.96875,199999.96875,199999.96875,199999.96875,199999.96875,199999.96875,199999.96875,199999.96875
10.868,199999.96875,199999.96875,199999.96875,199999.96875,199999.96875,199999.96875,199999.96875,199999.96875
10.872,199999.96875,199999.96875,199999.96875,199999.96875,199999.96875,199999.96875,199999.96875,199999.96875
10.876,199999.96875,199999.96875,199999.96875,199999.96875,199999.96875,199999.96875,199999.96875,199999.96875
10.88,199999.96875,199999.96875,199999.96875,199999.96875,199999.96875,199999.96875,199999.96875,199999.96875
10.884,199999.96875,199999.96875,199999.96875,199999.96875,199999.96875,199999.96875,199999.96875,199999.96875
10.888,199999.96875,199999.96875,199999.96875,199999.96875,199999.96875,199999.96875,199999.96875,199999.96875
10.892,199999.96875,199999.96875,199999.96875,199999.96875,199999.96875,199999.96875,199999.96875,199999.96875
10.896,199999.96875,199999.96875,199999.96875,199999.96875,199999.96875,199999.96875,199999.96875,199999.96875
10.9,199999.96875,199999.96875,199999.96875,199999.96875,199999.96875,199999.96875,199999.96875,199999.96875
10.904,199999.96875,199999.96875,199999.96875,199999.96875,199999.96875,199999.96875,199999.96875,199999.96875
10.908,199999.96875,199999.96875,199999.96875,199999.96875,199999.96875,199999.96875,199999.96875,199999.96875
10.912,199999.96875,199999.96875,199999.96875,199999.96875,199999.96875,199999.96875,199999.96875,199999.96875
10.916,199999.96875,199999.96875,199999.96875,199999.96875,199999.96875,199999.96875,199999.96875,199999.96875
10.92,199999.96875,199999.96875,199999.96875,199999.96875,199999.96875,199999.96875,199999.96875,199999.96875
10.924,199999.96875,199999.96875,199999.96875,199999.96875,199999.96875,199999.96875,199999.96875,199999.96875
10.928,199999.96875,199999.96875,199999.96875,199999.96875,199999.96875,199999.96875,199999.96875,199999.96875
10.932,199999.96875,199999.96875,199999.96875,199999.96875,199999.96875,199999.96875,199999.96875,199999.96875
10.936,199999.96875,199999.96875,199999.96875,199999.96875,199999.96875,199999.96875,199999.96875,199999.96875
10.94,199999.96875,199999.96875,199999.96875,199999.96875,199999.96875,199999.96875,199999.96875,199999.96875
10.944,199999.96875,199999.96875,199999.96875,199999.96875,199999.96875,199999.96875,199999.96875,199999.96875
10.948,199999.96875,199999.96875,199999.96875,199999.96875,199999.96875,199999.96875,199999.96875,199999.96875
10.952,199999.96875,199999.96875,199999.96875,199999.96875,199999.96875,199999.96875,199999.96875,199999.96875
10.956,199999.96875,199999.96875,199999.96875,199999.96875,199999.96875,199999.96875,199999.96875,199999.96875
10.96,199999.96875,199999.96875,199999.96875,199999.96875,199999.96875,199999.96875,199999.96875,199999.96875
10.964,199999.96875,199999.96875,199999.96875,199999.96875,199999.96875,199999.96875,199999.96875,199999.96875
10.968,199999.96875,199999.96875,199999.96875,199999.96875,199999.96875,199999.96875,199999.96875,199999.96875
10.972,199999.96875,199999.96875,199999.96875,199999.96875,199999.96875,199999.96875,199999.96875,199999.96875
10.976,199999.96875,199999.96875,199999.96875,199999.96875,199999.96875,199999.96875,199999.96875,199999.96875
10.98,199999.96875,199999.96875,199999.96875,199999.96875,199999.96875,199999.96875,199999.96875,199999.96875
10.984,199999.96875,199999.96875,199999.96875,199999.96875,199999.96875,199999.96875,199999.96875,199999.96875
10.988,199999.96875,199999.96875,199999.96875,199999.96875,199999.96875,199999.96875,199999.96875,199999.96875
10.992,199999.96875,199999.96875,199999.96875,199999.96875,199999.96875,199999.96875,199999.96875,199999.96875
10.996,199999.96875,199999.96875,199999.96875,199999.96875,199999.96875,199999.96875,199999.96875,199999.96875
11,199999.96875,199999.96875,199999.96875,199999.96875,199999.96875,199999.96875,199999.96875,199999.96875
11.004,199999.96875,199999.96875,199999.96875,199999.96875,199999.96875,199999.96875,199999.96875,199999.96875
11.008,199999.96875,199999.96875,199999.96875,199999.96875,199999.96875,199999.96875,199999.96875,199999.96875
11.012,199999.96875,199999.96875,199999.96875,199999.96875,199999.96875,199999.96875,199999.96875,199999.96875
11.016,199999.96875,199999.96875,199999.96875,199999.96875,199999.96875,199999.96875,199999.96875,199999.96875
11.02,199999.96875,199999.96875,199999.96875,199999.96875,199999.96875,199999.96875,199999.96875,199999.96875
11.024,199999.96875,199999.96875,199999.96875,199999.96875,199999.96875,199999.96875,199999.96875,199999.96875
11.028,199999.96875,199999.96875,199999.96875,199999.96875,199999.96875,199999.96875,199999.96875,199999.96875
11.032,199999.96875,199999.96875,199999.96875,199999.96875,199999.96875,199999.96875,199999.96875,199999.96875
11.036,199999.96875,199999.96875,199999.96875,199999.96875,199999.96875,199999.96875,199999.96875,199999.96875
11.04,199999.96875,199999.96875,199999.96875,199999.96875,199999.96875,199999.96875,199999.96875,199999.96875
11.044,199999.96875,199999.96875,199999.96875,199999.96875,199999.96875,199999.96875,199999.96875,199999.96875
11.048,199999.96875,199999.96875,199999.96875,199999.96875,199999.96875,199999.96875,199999.96875,199999.96875
11.052,199999.96875,199999.96875,199999.96875,199999.96875,199999.96875,199999.96875,199999.96875,199999.96875
11.056,199999.96875,199999.96875,199999.96875,199999.96875,199999.96875,199999.96875,199999.96875,199999.96875
11.06,199999.96875,199999.96875,199999.96875,199999.96875,199999.96875,199999.96875,199999.96875,199999.96875
11.064,199999.96875,199999.96875,199999.96875,199999.96875,199999.96875,199999.96875,199999.96875,199999.96875
11.068,199999.96875,199999.96875,199999.96875,199999.96875,199999.96875,199999.96875,199999.96875,199999.96875
11.072,199999.96875,199999.96875,199999.96875,199999.96875,199999.96875,199999.96875,199999.96875,199999.96875
11.076,199999.96875,199999.96875,199999.96875,199999.96875,199999.96875,199999.96875,199999.96875,199999.96875
11.08,199999.96875,199999.96875,199999.96875,199999.96875,199999.96875,199999.96875,199999.96875,199999.96875
11.084,199999.96875,199999.96875,199999.96875,199999.96875,199999.96875,199999.96875,199999.96875,199999.96875
11.088,199999.96875,199999.96875,199999.96875,199999.96875,199999.96875,199999.96875,199999.96875,199999.96875
11.092,199999.96875,199999.96875,199999.96875,199999.96875,199999.96875,199999.96875,199999.96875,199999.96875
11.096,199999.96875,199999.96875,199999.96875,199999.96875,199999.96875,199999.96875,199999.96875,199999.96875
11.1,199999.96875,199999.96875,199999.96875,199999.96875,199999.96875,199999.96875,199999.96875,199999.96875
11.104,199999.96875,199999.96875,199999.96875,199999.96875,199999.96875,199999.96875,199999.96875,199999.96875
11.108,199999.96875,199999.96875,199999.96875,199999.96875,199999.96875,199999.96875,199999.96875,199999.96875
11.112,199999.96875,199999.96875,199999.96875,199999.96875,199999.96875,199999.96875,199999.96875,199999.96875
11.116,199999.96875,199999.96875,199999.96875,199999.96875,199999.96875,199999.96875,199999.96875,199999.96875
11.12,199999.96875,199999.96875,199999.96875,199999.96875,199999.96875,199999.96875,199999.96875,199999.96875
11.124,199999.96875,199999.96875,199999.96875,199999.96875,199999.96875,199999.96875,199999.96875,199999.96875
11.128,199999.96875,199999.96875,199999.96875,199999.96875,199999.96875,199999.96875,199999.96875,199999.96875
11.132,199999.96875,199999.96875,199999.96875,199999.96875,199999.96875,199999.96875,199999.96875,199999.96875
11.136,199999.96875,199999.96875,199999.96875,199999.96875,199999.96875,199999.96875,199999.96875,199999.96875
11.14,199999.96875,199999.96875,199999.96875,199999.96875,199999.96875,199999.96875,199999.96875,199999.96875
11.144,199999.96875,199999.96875,199999.96875,199999.96875,199999.96875,199999.96875,199999.96875,199999.96875
11.148,199999.96875,199999.96875,199999.96875,199999.96875,199999.96875,199999.96875,199999.96875,199999.96875
11.152,199999.96875,199999.96875,199999.96875,199999.96875,199999.96875,199999.96875,199999.96875,199999.96875
11.156,199999.96875,199999.96875,199999.96875,199999.96875,199999.96875,199999.96875,199999.96875,199999.96875
11.16,199999.96875,199999.96875,199999.96875,199999.96875,199999.96875,199999.96875,199999.96875,199999.96875
11.164,199999.96875,199999.96875,199999.96875,199999.96875,199999.96875,199999.96875,199999.96875,199999.96875
11.168,199999.96875,199999.96875,199999.96875,199999.96875,199999.96875,199999.96875,199999.96875,199999.96875
11.172,199999.96875,199999.96875,199999.96875,199999.96875,199999.96875,199999.96875,199999.96875,199999.96875
11.176,199999.96875,199999.96875,199999.96875,199999.96875,199999.96875,199999.96875,199999.96875,199999.96875
11.18,199999.96875,199999.96875,199999.96875,199999.96875,199999.96875,199999.96875,199999.96875,199999.96875
11.184,199999.96875,199999.96875,199999.96875,199999.96875,199999.96875,199999.96875,199999.96875,199999.96875
11.188,199999.96875,199999.96875,199999.96875,199999.96875,199999.96875,199999.96875,199999.96875,199999.96875
11.192,199999.96875,199999.96875,199999.96875,199999.96875,199999.96875,199999.96875,199999.96875,199999.96875
11.196,199999.96875,199999.96875,199999.96875,199999.96875,199999.96875,199999.96875,199999.96875,199999.96875
11.2,199999.96875,199999.96875,199999.96875,199999.96875,199999.96875,199999.96875,199999.96875,199999.96875
11.204,199999.96875,199999.96875,199999.96875,199999.96875,199999.96875,199999.96875,199999.96875,199999.96875
11.208,199999.96875,199999.96875,199999.96875,199999.96875,199999.96875,199999.96875,199999.96875,199999.96875
11.212,199999.96875,199999.96875,199999.96875,199999.96875,199999.96875,199999.96875,199999.96875,199999.96875
11.216,199999.96875,199999.96875,199999.96875,199999.96875,199999.96875,199999.96875,199999.96875,199999.96875
11.22,199999.96875,199999.96875,199999.96875,199999.96875,199999.96875,199999.96875,199999.96875,199999.96875
11.224,199999.96875,199999.96875,199999.96875,199999.96875,199999.96875,199999.96875,199999.96875,199999.96875
11.228,199999.96875,199999.96875,199999.96875,199999.96875,199999.96875,199999.96875,199999.96875,199999.96875
11.232,199999.96875,199999.96875,199999.96875,199999.96875,199999.96875,199999.96875,199999.96875,199999.96875
11.236,199999.96875,199999.96875,199999.96875,199999.96875,199999.96875,199999.96875,199999.96875,199999.96875
11.24,199999.96875,199999.96875,199999.96875,199999.96875,199999.96875,199999.96875,199999.96875,199999.96875
11.244,199999.96875,199999.96875,199999.96875,199999.96875,199999.96875,199999.96875,199999.96875,199999.96875
11.248,199999.96875,199999.96875,199999.96875,199999.96875,199999.96875,199999.96875,199999.96875,199999.96875
11.252,199999.96875,199999.96875,199999.96875,199999.96875,199999.96875,199999.96875,199999.96875,199999.96875
11.256,199999.96875,199999.96875,199999.96875,199999.96875,199999.96875,199999.96875,199999.96875,199999.96875
11.26,199999.96875,199999.96875,199999.96875,199999.96875,199999.96875,199999.96875,199999.96875,199999.96875
11.264,199999.96875,199999.96875,199999.96875,199999.96875,199999.96875,199999.96875,199999.96875,199999.96875
11.268,199999.96875,199999.96875,199999.96875,199999.96875,199999.96875,199999.96875,199999.96875,199999.96875
11.272,199999.96875,199999.96875,199999.96875,199999.96875,199999.96875,199999.96875,199999.96875,199999.96875
11.276,199999.96875,199999.96875,199999.96875,199999.96875,199999.96875,199999.96875,199999.96875,199999.96875
11.28,199999.96875,199999.96875,199999.96875,199999.96875,199999.96875,199999.96875,199999.96875,199999.96875
11.284,199999.96875,199999.96875,199999.96875,199999.96875,199999.96875,199999.96875,199999.96875,199999.96875
11.288,199999.96875,199999.96875,199999.96875,199999.96875,199999.96875,199999.96875,199999.96875,199999.96875
11.292,199999.96875,199999.96875,199999.96875,199999.96875,199999.96875,199999.96875,199999.96875,199999.96875
11.296,199999.96875,199999.96875,199999.96875,199999.96875,199999.96875,199999.96875,199999.96875,199999.96875
11.3,199999.96875,199999.96875,199999.96875,199999.96875,199999.96875,199999.96875,199999.96875,199999.96875
11.304,199999.96875,199999.96875,199999.96875,199999.96875,199999.96875,199999.96875,199999.96875,199999.96875
11.308,199999.96875,199999.96875,199999.96875,199999.96875,199999.96875,199999.96875,199999.96875,199999.96875
11.312,199999.96875,199999.96875,199999.96875,199999.96875,199999.96875,199999.96875,199999.96875,199999.96875
11.316,199999.96875,199999.96875,199999.96875,199999.96875,199999.96875,199999.96875,199999.96875,199999.96875
11.32,199999.96875,199999.96875,199999.96875,199999.96875,199999.96875,199999.96875,199999.96875,199999.96875
11.324,199999.96875,199999.96875,199999.96875,199999.96875,199999.96875,199999.96875,199999.96875,199999.96875
11.328,199999.96875,199999.96875,199999.96875,199999.96875,199999.96875,199999.96875,199999.96875,199999.96875
11.332,199999.96875,199999.96875,199999.96875,199999.96875,199999.96875,199999.96875,199999.96875,199999.96875
11.336,199999.96875,199999.96875,199999.96875,199999.96875,199999.96875,199999.96875,199999.96875,199999.96875
11.34,199999.96875,199999.96875,199999.96875,199999.96875,199999.96875,199999.96875,199999.96875,199999.96875
11.344,199999.96875,199999.96875,199999.96875,199999.96875,199999.96875,199999.96875,199999.96875,199999.96875
11.348,199999.96875,199999.96875,199999.96875,199999.96875,199999.96875,199999.96875,199999.96875,199999.96875
11.352,199999.96875,199999.96875,199999.96875,199999.96875,199999.96875,199999.96875,199999.96875,199999.96875
11.356,199999.96875,199999.96875,199999.96875,199999.96875,199999.96875,199999.96875,199999.96875,199999.96875
11.36,199999.96875,199999.96875,199999.96875,199999.96875,199999.96875,199999.96875,199999.96875,199999.96875
11.364,199999.96875,199999.96875,199999.96875,199999.96875,199999.96875,199999.96875,199999.96875,199999.96875
11.368,199999.96875,199999.96875,199999.96875,199999.96875,199999.96875,199999.96875,199999.96875,199999.96875
11.372,199999.96875,199999.96875,199999.96875,199999.96875,199999.96875,199999.96875,199999.96875,199999.96875
11.376,199999.96875,199999.96875,199999.96875,199999.96875,199999.96875,199999.96875,199999.96875,199999.96875
11.38,199999.96875,199999.96875,199999.96875,199999.96875,199999.96875,199999.96875,199999.96875,199999.96875
11.384,199999.96875,199999.96875,199999.96875,199999.96875,199999.96875,199999.96875,199999.96875,199999.96875
11.388,199999.96875,199999.96875,199999.96875,199999.96875,199999.96875,199999.96875,199999.96875,199999.96875
11.392,199999.96875,199999.96875,199999.96875,199999.96875,199999.96875,199999.96875,199999.96875,199999.96875
11.396,199999.96875,199999.96875,199999.96875,199999.96875,199999.96875,199999.96875,199999.96875,199999.96875
11.4,199999.96875,199999.96875,199999.96875,199999.96875,199999.96875,199999.96875,199999.96875,199999.96875
11.404,199999.96875,199999.96875,199999.96875,199999.96875,199999.96875,199999.96875,199999.96875,199999.96875
11.408,199999.96875,199999.96875,199999.96875,199999.96875,199999.96875,199999.96875,199999.96875,199999.96875
11.412,199999.96875,199999.96875,199999.96875,199999.96875,199999.96875,199999.96875,199999.96875,199999.96875
11.416,199999.96875,199999.96875,199999.96875,199999.96875,199999.96875,199999.96875,199999.96875,199999.96875
11.42,199999.96875,199999.96875,199999.96875,199999.96875,199999.96875,199999.96875,199999.96875,199999.96875
11.424,199999.96875,199999.96875,199999.96875,199999.96875,199999.96875,199999.96875,199999.96875,199999.96875
11.428,199999.96875,199999.96875,199999.96875,199999.96875,199999.96875,199999.96875,199999.96875,199999.96875
11.432,199999.96875,199999.96875,199999.96875,199999.96875,199999.96875,199999.96875,199999.96875,199999.96875
11.436,199999.96875,199999.96875,199999.96875,199999.96875,199999.96875,199999.96875,199999.96875,199999.96875
11.44,199999.96875,199999.96875,199999.96875,199999.96875,199999.96875,199999.96875,199999.96875,199999.96875
11.444,199999.96875,199999.96875,199999.96875,199999.96875,199999.96875,199999.96875,199999.96875,199999.96875
11.448,199999.96875,199999.96875,199999.96875,199999.96875,199999.96875,199999.96875,199999.96875,199999.96875
11.452,199999.96875,199999.96875,199999.96875,199999.96875,199999.96875,199999.96875,199999.96875,199999.96875
11.456,199999.96875,199999.96875,199999.96875,199999.96875,199999.96875,199999.96875,199999.96875,199999.96875
11.46,199999.96875,199999.96875,199999.96875,199999.96875,199999.96875,199999.96875,199999.96875,199999.96875
11.464,199999.96875,199999.96875,199999.96875,199999.96875,199999.96875,199999.96875,199999.96875,199999.96875
11.468,199999.96875,199999.96875,199999.96875,199999.96875,199999.96875,199999.96875,199999.96875,199999.96875
11.472,199999.96875,199999.96875,199999.96875,199999.96875,199999.96875,199999.96875,199999.96875,199999.96875
11.476,199999.96875,199999.96875,199999.96875,199999.96875,199999.96875,199999.96875,199999.96875,199999.96875
11.48,199999.96875,199999.96875,199999.96875,199999.96875,199999.96875,199999.96875,199999.96875,199999.96875
11.484,199999.96875,199999.96875,199999.96875,199999.96875,199999.96875,199999.96875,199999.96875,199999.96875
11.488,199999.96875,199999.96875,199999.96875,199999.96875,199999.96875,199999.96875,199999.96875,199999.96875
11.492,199999.96875,199999.96875,199999.96875,199999.96875,199999.96875,199999.96875,199999.96875,199999.96875
11.496,199999.96875,199999.96875,199999.96875,199999.96875,199999.96875,199999.96875,199999.96875,199999.96875
11.5,199999.96875,199999.96875,199999.96875,199999.96875,199999.96875,199999.96875,199999.96875,199999.96875
11.504,199999.96875,199999.96875,199999.96875,199999.96875,199999.96875,199999.96875,199999.96875,199999.96875
11.508,199999.96875,199999.96875,199999.96875,199999.96875,199999.96875,199999.96875,199999.96875,199999.96875
11.512,199999.96875,199999.96875,199999.96875,199999.96875,199999.96875,199999.96875,199999.96875,199999.96875
11.516,199999.96875,199999.96875,199999.96875,199999.96875,199999.96875,199999.96875,199999.96875,199999.96875
11.52,199999.96875,199999.96875,199999.96875,199999.96875,199999.96875,199999.96875,199999.96875,199999.96875
11.524,199999.96875,199999.96875,199999.96875,199999.96875,199999.96875,199999.96875,199999.96875,199999.96875
11.528,199999.96875,199999.96875,199999.96875,199999.96875,199999.96875,199999.96875,199999.96875,199999.96875
11.532,199999.96875,199999.96875,199999.96875,199999.96875,199999.96875,199999.96875,199999.96875,199999.96875
11.536,199999.96875,199999.96875,199999.96875,199999.96875,199999.96875,199999.96875,199999.96875,199999.96875
11.54,199999.96875,199999.96875,199999.96875,199999.96875,199999.96875,199999.96875,199999.96875,199999.96875
11.544,199999.96875,199999.96875,199999.96875,199999.96875,199999.96875,199999.96875,199999.96875,199999.96875
11.548,199999.96875,199999.96875,199999.96875,199999.96875,199999.96875,199999.96875,199999.96875,199999.96875
11.552,199999.96875,199999.96875,199999.96875,199999.96875,199999.96875,199999.96875,199999.96875,199999.96875
11.556,199999.96875,199999.96875,199999.96875,199999.96875,199999.96875,199999.96875,199999.96875,199999.96875
11.56,199999.96875,199999.96875,199999.96875,199999.96875,199999.96875,199999.96875,199999.96875,199999.96875
11.564,199999.96875,199999.96875,199999.96875,199999.96875,199999.96875,199999.96875,199999.96875,199999.96875
11.568,199999.96875,199999.96875,199999.96875,199999.96875,199999.96875,199999.96875,199999.96875,199999.96875
11.572,199999.96875,199999.96875,199999.96875,199999.96875,199999.96875,199999.96875,199999.96875,199999.96875
11.576,199999.96875,199999.96875,199999.96875,199999.96875,199999.96875,199999.96875,199999.96875,199999.96875
11.58,199999.96875,199999.96875,199999.96875,199999.96875,199999.96875,199999.96875,199999.96875,199999.96875
11.584,199999.96875,199999.96875,199999.96875,199999.96875,199999.96875,199999.96875,199999.96875,199999.96875
11.588,199999.96875,199999.96875,199999.96875,199999.96875,199999.96875,199999.96875,199999.96875,199999.96875
11.592,199999.96875,199999.96875,199999.96875,199999.96875,199999.96875,199999.96875,199999.96875,199999.96875
11.596,199999.96875,199999.96875,199999.96875,199999.96875,199999.96875,199999.96875,199999.96875,199999.96875
11.6,199999.96875,199999.96875,199999.96875,199999.96875,199999.96875,199999.96875,199999.96875,199999.96875
11.604,199999.96875,199999.96875,199999.96875,199999.96875,199999.96875,199999.96875,199999.96875,199999.96875
11.608,199999.96875,199999.96875,199999.96875,199999.96875,199999.96875,199999.96875,199999.96875,199999.96875
11.612,199999.96875,199999.96875,199999.96875,199999.96875,199999.96875,199999.96875,199999.96875,199999.96875
11.616,199999.96875,199999.96875,199999.96875,199999.96875,199999.96875,199999.96875,199999.96875,199999.96875
11.62,199999.96875,199999.96875,199999.96875,199999.96875,199999.96875,199999.96875,199999.96875,199999.96875
11.624,199999.96875,199999.96875,199999.96875,199999.96875,199999.96875,199999.96875,199999.96875,199999.96875
11.628,199999.96875,199999.96875,199999.96875,199999.96875,199999.96875,199999.96875,199999.96875,199999.96875
11.632,199999.96875,199999.96875,199999.96875,199999.96875,199999.96875,199999.96875,199999.96875,199999.96875
11.636,199999.96875,199999.96875,199999.96875,199999.96875,199999.96875,199999.96875,199999.96875,199999.96875
11.64,199999.96875,199999.96875,199999.96875,199999.96875,199999.96875,199999.96875,199999.96875,199999.96875
11.644,199999.96875,199999.96875,199999.96875,199999.96875,199999.96875,199999.96875,199999.96875,199999.96875
11.648,199999.96875,199999.96875,199999.96875,199999.96875,199999.96875,199999.96875,199999.96875,199999.96875
11.652,199999.96875,199999.96875,199999.96875,199999.96875,199999.96875,199999.96875,199999.96875,199999.96875
11.656,199999.96875,199999.96875,199999.96875,199999.96875,199999.96875,199999.96875,199999.96875,199999.96875
11.66,199999.96875,199999.96875,199999.96875,199999.96875,199999.96875,199999.96875,199999.96875,199999.96875
11.664,199999.96875,199999.96875,199999.96875,199999.96875,199999.96875,199999.96875,199999.96875,199999.96875
11.668,199999.96875,199999.96875,199999.96875,199999.96875,199999.96875,199999.96875,199999.96875,199999.96875
11.672,199999.96875,199999.96875,199999.96875,199999.96875,199999.96875,199999.96875,199999.96875,199999.96875
11.676,199999.96875,199999.96875,199999.96875,199999.96875,199999.96875,199999.96875,199999.96875,199999.96875
11.68,199999.96875,199999.96875,199999.96875,199999.96875,199999.96875,199999.96875,199999.96875,199999.96875
11.684,199999.96875,199999.96875,199999.96875,199999.96875,199999.96875,199999.96875,199999.96875,199999.96875
11.688,199999.96875,199999.96875,199999.96875,199999.96875,199999.96875,199999.96875,199999.96875,199999.96875
11.692,199999.96875,199999.96875,199999.96875,199999.96875,199999.96875,199999.96875,199999.96875,199999.96875
11.696,199999.96875,199999.96875,199999.96875,199999.96875,199999.96875,199999.96875,199999.96875,199999.96875
11.7,199999.96875,199999.96875,199999.96875,199999.96875,199999.96875,199999.96875,199999.96875,199999.96875
11.704,199999.96875,199999.96875,199999.96875,199999.96875,199999.96875,199999.96875,199999.96875,199999.96875
11.708,199999.96875,199999.96875,199999.96875,199999.96875,199999.96875,199999.96875,199999.96875,199999.96875
11.712,199999.96875,199999.96875,199999.96875,199999.96875,199999.96875,199999.96875,199999.96875,199999.96875
11.716,199999.96875,199999.96875,199999.96875,199999.96875,199999.96875,199999.96875,199999.96875,199999.96875
11.72,199999.96875,199999.96875,199999.96875,199999.96875,199999.96875,199999.96875,199999.96875,199999.96875
11.724,199999.96875,199999.96875,199999.96875,199999.96875,199999.96875,199999.96875,199999.96875,199999.96875
11.728,199999.96875,199999.96875,199999.96875,199999.96875,199999.96875,199999.96875,199999.96875,199999.96875
11.732,199999.96875,199999.96875,199999.96875,199999.96875,199999.96875,199999.96875,199999.96875,199999.96875
11.736,199999.96875,199999.96875,199999.96875,199999.96875,199999.96875,199999.96875,199999.96875,199999.96875
11.74,199999.96875,199999.96875,199999.96875,199999.96875,199999.96875,199999.96875,199999.96875,199999.96875
11.744,199999.96875,199999.96875,199999.96875,199999.96875,199999.96875,199999.96875,199999.96875,199999.96875
11.748,199999.96875,199999.96875,199999.96875,199999.96875,199999.96875,199999.96875,199999.96875,199999.96875
11.752,199999.96875,199999.96875,199999.96875,199999.96875,199999.96875,199999.96875,199999.96875,199999.96875
11.756,199999.96875,199999.96875,199999.96875,199999.96875,199999.96875,199999.96875,199999.96875,199999.96875
11.76,199999.96875,199999.96875,199999.96875,199999.96875,199999.96875,199999.96875,199999.96875,199999.96875
11.764,199999.96875,199999.96875,199999.96875,199999.96875,199999.96875,199999.96875,199999.96875,199999.96875
11.768,199999.96875,199999.96875,199999.96875,199999.96875,199999.96875,199999.96875,199999.96875,199999.96875
11.772,199999.96875,199999.96875,199999.96875,199999.96875,199999.96875,199999.96875,199999.96875,199999.96875
11.776,199999.96875,199999.96875,199999.96875,199999.96875,199999.96875,199999.96875,199999.96875,199999.96875
11.78,199999.96875,199999.96875,199999.96875,199999.96875,199999.96875,199999.96875,199999.96875,199999.96875
11.784,199999.96875,199999.96875,199999.96875,199999.96875,199999.96875,199999.96875,199999.96875,199999.96875
11.788,199999.96875,199999.96875,199999.96875,199999.96875,199999.96875,199999.96875,199999.96875,199999.96875
11.792,199999.96875,199999.96875,199999.96875,199999.96875,199999.96875,199999.96875,199999.96875,199999.96875
11.796,199999.96875,199999.96875,199999.96875,199999.96875,199999.96875,199999.96875,199999.96875,199999.96875
11.8,199999.96875,199999.96875,199999.96875,199999.96875,199999.96875,199999.96875,199999.96875,199999.96875
11.804,199999.96875,199999.96875,199999.96875,199999.96875,199999.96875,199999.96875,199999.96875,199999.96875
11.808,199999.96875,199999.96875,199999.96875,199999.96875,199999.96875,199999.96875,199999.96875,199999.96875
11.812,199999.96875,199999.96875,199999.96875,199999.96875,199999.96875,199999.96875,199999.96875,199999.96875
11.816,199999.96875,199999.96875,199999.96875,199999.96875,199999.96875,199999.96875,199999.96875,199999.96875
11.82,199999.96875,199999.96875,199999.96875,199999.96875,199999.96875,199999.96875,199999.96875,199999.96875
11.824,199999.96875,199999.96875,199999.96875,199999.96875,199999.96875,199999.96875,199999.96875,199999.96875
11.828,199999.96875,199999.96875,199999.96875,199999.96875,199999.96875,199999.96875,199999.96875,199999.96875
11.832,199999.96875,199999.96875,199999.96875,199999.96875,199999.96875,199999.96875,199999.96875,199999.96875
11.836,199999.96875,199999.96875,199999.96875,199999.96875,199999.96875,199999.96875,199999.96875,199999.96875
11.84,199999.96875,199999.96875,199999.96875,199999.96875,199999.96875,199999.96875,199999.96875,199999.96875
11.844,199999.96875,199999.96875,199999.96875,199999.96875,199999.96875,199999.96875,199999.96875,199999.96875
11.848,199999.96875,199999.96875,199999.96875,199999.96875,199999.96875,199999.96875,199999.96875,199999.96875
11.852,199999.96875,199999.96875,199999.96875,199999.96875,199999.96875,199999.96875,199999.96875,199999.96875
11.856,199999.96875,199999.96875,199999.96875,199999.96875,199999.96875,199999.96875,199999.96875,199999.96875
11.86,199999.96875,199999.96875,199999.96875,199999.96875,199999.96875,199999.96875,199999.96875,199999.96875
11.864,199999.96875,199999.96875,199999.96875,199999.96875,199999.96875,199999.96875,199999.96875,199999.96875
11.868,199999.96875,199999.96875,199999.96875,199999.96875,199999.96875,199999.96875,199999.96875,199999.96875
11.872,199999.96875,199999.96875,199999.96875,199999.96875,199999.96875,199999.96875,199999.96875,199999.96875
11.876,199999.96875,199999.96875,199999.96875,199999.96875,199999.96875,199999.96875,199999.96875,199999.96875
11.88,199999.96875,199999.96875,199999.96875,199999.96875,199999.96875,199999.96875,199999.96875,199999.96875
11.884,199999.96875,199999.96875,199999.96875,199999.96875,199999.96875,199999.96875,199999.96875,199999.96875
11.888,199999.96875,199999.96875,199999.96875,199999.96875,199999.96875,199999.96875,199999.96875,199999.96875
11.892,199999.96875,199999.96875,199999.96875,199999.96875,199999.96875,199999.96875,199999.96875,199999.96875
11.896,199999.96875,199999.96875,199999.96875,199999.96875,199999.96875,199999.96875,199999.96875,199999.96875
11.9,199999.96875,199999.96875,199999.96875,199999.96875,199999.96875,199999.96875,199999.96875,199999.96875
11.904,199999.96875,199999.96875,199999.96875,199999.96875,199999.96875,199999.96875,199999.96875,199999.96875
11.908,199999.96875,199999.96875,199999.96875,199999.96875,199999.96875,199999.96875,199999.96875,199999.96875
11.912,199999.96875,199999.96875,199999.96875,199999.96875,199999.96875,199999.96875,199999.96875,199999.96875
11.916,199999.96875,199999.96875,199999.96875,199999.96875,199999.96875,199999.96875,199999.96875,199999.96875
11.92,199999.96875,199999.96875,199999.96875,199999.96875,199999.96875,199999.96875,199999.96875,199999.96875
11.924,199999.96875,199999.96875,199999.96875,199999.96875,199999.96875,199999.96875,199999.96875,199999.96875
11.928,199999.96875,199999.96875,199999.96875,199999.96875,199999.96875,199999.96875,199999.96875,199999.96875
11.932,199999.96875,199999.96875,199999.96875,199999.96875,199999.96875,199999.96875,199999.96875,199999.96875
11.936,199999.96875,199999.96875,199999.96875,199999.96875,199999.96875,199999.96875,199999.96875,199999.96875
11.94,199999.96875,199999.96875,199999.96875,199999.96875,199999.96875,199999.96875,199999.96875,199999.96875
11.944,199999.96875,199999.96875,199999.96875,199999.96875,199999.96875,199999.96875,199999.96875,199999.96875
11.948,199999.96875,199999.96875,199999.96875,199999.96875,199999.96875,199999.96875,199999.96875,199999.96875
11.952,199999.96875,199999.96875,199999.96875,199999.96875,199999.96875,199999.96875,199999.96875,199999.96875
11.956,199999.96875,199999.96875,199999.96875,199999.96875,199999.96875,199999.96875,199999.96875,199999.96875
11.96,199999.96875,199999.96875,199999.96875,199999.96875,199999.96875,199999.96875,199999.96875,199999.96875
11.964,199999.96875,199999.96875,199999.96875,199999.96875,199999.96875,199999.96875,199999.96875,199999.96875
11.968,199999.96875,199999.96875,199999.96875,199999.96875,199999.96875,199999.96875,199999.96875,199999.96875
11.972,199999.96875,199999.96875,199999.96875,199999.96875,199999.96875,199999.96875,199999.96875,199999.96875
11.976,199999.96875,199999.96875,199999.96875,199999.96875,199999.96875,199999.96875,199999.96875,199999.96875
11.98,199999.96875,199999.96875,199999.96875,199999.96875,199999.96875,199999.96875,199999.96875,199999.96875
11.984,199999.96875,199999.96875,199999.96875,199999.96875,199999.96875,199999.96875,199999.96875,199999.96875
11.988,199999.96875,199999.96875,199999.96875,199999.96875,199999.96875,199999.96875,199999.96875,199999.96875
11.992,199999.96875,199999.96875,199999.96875,199999.96875,199999.96875,199999.96875,199999.96875,199999.96875
11.996,199999.96875,199999.96875,199999.96875,199999.96875,199999.96875,199999.96875,199999.96875,199999.96875
12,199999.96875,199999.96875,199999.96875,199999.96875,199999.96875,199999.96875,199999.96875,199999.96875
12.004,199999.96875,199999.96875,199999.96875,199999.96875,199999.96875,199999.96875,199999.96875,199999.96875
12.008,199999.96875,199999.96875,199999.96875,199999.96875,199999.96875,199999.96875,199999.96875,199999.96875
12.012,199999.96875,199999.96875,199999.96875,199999.96875,199999.96875,199999.96875,199999.96875,199999.96875
12.016,199999.96875,199999.96875,199999.96875,199999.96875,199999.96875,199999.96875,199999.96875,199999.96875
12.02,199999.96875,199999.96875,199999.96875,199999.96875,199999.96875,199999.96875,199999.96875,199999.96875
12.024,199999.96875,199999.96875,199999.96875,199999.96875,199999.96875,199999.96875,199999.96875,199999.96875
12.028,199999.96875,199999.96875,199999.96875,199999.96875,199999.96875,199999.96875,199999.96875,199999.96875
12.032,199999.96875,199999.96875,199999.96875,199999.96875,199999.96875,199999.96875,199999.96875,199999.96875
12.036,199999.96875,199999.96875,199999.96875,199999.96875,199999.96875,199999.96875,199999.96875,199999.96875
12.04,199999.96875,199999.96875,199999.96875,199999.96875,199999.96875,199999.96875,199999.96875,199999.96875
12.044,199999.96875,199999.96875,199999.96875,199999.96875,199999.96875,199999.96875,199999.96875,199999.96875
12.048,199999.96875,199999.96875,199999.96875,199999.96875,199999.96875,199999.96875,199999.96875,199999.96875
12.052,199999.96875,199999.96875,199999.96875,199999.96875,199999.96875,199999.96875,199999.96875,199999.96875
12.056,199999.96875,199999.96875,199999.96875,199999.96875,199999.96875,199999.96875,199999.96875,199999.96875
12.06,199999.96875,199999.96875,199999.96875,199999.96875,199999.96875,199999.96875,199999.96875,199999.96875
12.064,199999.96875,199999.96875,199999.96875,199999.96875,199999.96875,199999.96875,199999.96875,199999.96875
12.068,199999.96875,199999.96875,199999.96875,199999.96875,199999.96875,199999.96875,199999.96875,199999.96875
12.072,199999.96875,199999.96875,199999.96875,199999.96875,199999.96875,199999.96875,199999.96875,199999.96875
12.076,199999.96875,199999.96875,199999.96875,199999.96875,199999.96875,199999.96875,199999.96875,199999.96875
12.08,199999.96875,199999.96875,199999.96875,199999.96875,199999.96875,199999.96875,199999.96875,199999.96875
12.084,199999.96875,199999.96875,199999.96875,199999.96875,199999.96875,199999.96875,199999.96875,199999.96875
12.088,199999.96875,199999.96875,199999.96875,199999.96875,199999.96875,199999.96875,199999.96875,199999.96875
12.092,199999.96875,199999.96875,199999.96875,199999.96875,199999.96875,199999.96875,199999.96875,199999.96875
12.096,199999.96875,199999.96875,199999.96875,199999.96875,199999.96875,199999.96875,199999.96875,199999.96875
12.1,199999.96875,199999.96875,199999.96875,199999.96875,199999.96875,199999.96875,199999.96875,199999.96875
12.104,199999.96875,199999.96875,199999.96875,199999.96875,199999.96875,199999.96875,199999.96875,199999.96875
12.108,199999.96875,199999.96875,199999.96875,199999.96875,199999.96875,199999.96875,199999.96875,199999.96875
12.112,199999.96875,199999.96875,199999.96875,199999.96875,199999.96875,199999.96875,199999.96875,199999.96875
12.116,199999.96875,199999.96875,199999.96875,199999.96875,199999.96875,199999.96875,199999.96875,199999.96875
12.12,199999.96875,199999.96875,199999.96875,199999.96875,199999.96875,199999.96875,199999.96875,199999.96875
12.124,199999.96875,199999.96875,199999.96875,199999.96875,199999.96875,199999.96875,199999.96875,199999.96875
12.128,199999.96875,199999.96875,199999.96875,199999.96875,199999.96875,199999.96875,199999.96875,199999.96875
12.132,199999.96875,199999.96875,199999.96875,199999.96875,199999.96875,199999.96875,199999.96875,199999.96875
12.136,199999.96875,199999.96875,199999.96875,199999.96875,199999.96875,199999.96875,199999.96875,199999.96875
12.14,199999.96875,199999.96875,199999.96875,199999.96875,199999.96875,199999.96875,199999.96875,199999.96875
12.144,199999.96875,199999.96875,199999.96875,199999.96875,199999.96875,199999.96875,199999.96875,199999.96875
12.148,199999.96875,199999.96875,199999.96875,199999.96875,199999.96875,199999.96875,199999.96875,199999.96875
12.152,199999.96875,199999.96875,199999.96875,199999.96875,199999.96875,199999.96875,199999.96875,199999.96875
12.156,199999.96875,199999.96875,199999.96875,199999.96875,199999.96875,199999.96875,199999.96875,199999.96875
12.16,199999.96875,199999.96875,199999.96875,199999.96875,199999.96875,199999.96875,199999.96875,199999.96875
12.164,199999.96875,199999.96875,199999.96875,199999.96875,199999.96875,199999.96875,199999.96875,199999.96875
12.168,199999.96875,199999.96875,199999.96875,199999.96875,199999.96875,199999.96875,199999.96875,199999.96875
12.172,199999.96875,199999.96875,199999.96875,199999.96875,199999.96875,199999.96875,199999.96875,199999.96875
12.176,199999.96875,199999.96875,199999.96875,199999.96875,199999.96875,199999.96875,199999.96875,199999.96875
12.18,199999.96875,199999.96875,199999.96875,199999.96875,199999.96875,199999.96875,199999.96875,199999.96875
12.184,199999.96875,199999.96875,199999.96875,199999.96875,199999.96875,199999.96875,199999.96875,199999.96875
12.188,199999.96875,199999.96875,199999.96875,199999.96875,199999.96875,199999.96875,199999.96875,199999.96875
12.192,199999.96875,199999.96875,199999.96875,199999.96875,199999.96875,199999.96875,199999.96875,199999.96875
12.196,199999.96875,199999.96875,199999.96875,199999.96875,199999.96875,199999.96875,199999.96875,199999.96875
12.2,199999.96875,199999.96875,199999.96875,199999.96875,199999.96875,199999.96875,199999.96875,199999.96875
12.204,199999.96875,199999.96875,199999.96875,199999.96875,199999.96875,199999.96875,199999.96875,199999.96875
12.208,199999.96875,199999.96875,199999.96875,199999.96875,199999.96875,199999.96875,199999.96875,199999.96875
12.212,199999.96875,199999.96875,199999.96875,199999.96875,199999.96875,199999.96875,199999.96875,199999.96875
12.216,199999.96875,199999.96875,199999.96875,199999.96875,199999.96875,199999.96875,199999.96875,199999.96875
12.22,199999.96875,199999.96875,199999.96875,199999.96875,199999.96875,199999.96875,199999.96875,199999.96875
12.224,199999.96875,199999.96875,199999.96875,199999.96875,199999.96875,199999.96875,199999.96875,199999.96875
12.228,199999.96875,199999.96875,199999.96875,199999.96875,199999.96875,199999.96875,199999.96875,199999.96875
12.232,199999.96875,199999.96875,199999.96875,199999.96875,199999.96875,199999.96875,199999.96875,199999.96875
12.236,199999.96875,199999.96875,199999.96875,199999.96875,199999.96875,199999.96875,199999.96875,199999.96875
12.24,199999.96875,199999.96875,199999.96875,199999.96875,199999.96875,199999.96875,199999.96875,199999.96875
12.244,199999.96875,199999.96875,199999.96875,199999.96875,199999.96875,199999.96875,199999.96875,199999.96875
12.248,199999.96875,199999.96875,199999.96875,199999.96875,199999.96875,199999.96875,199999.96875,199999.96875
12.252,199999.96875,199999.96875,199999.96875,199999.96875,199999.96875,199999.96875,199999.96875,199999.96875
12.256,199999.96875,199999.96875,199999.96875,199999.96875,199999.96875,199999.96875,199999.96875,199999.96875
12.26,199999.96875,199999.96875,199999.96875,199999.96875,199999.96875,199999.96875,199999.96875,199999.96875
12.264,199999.96875,199999.96875,199999.96875,199999.96875,199999.96875,199999.96875,199999.96875,199999.96875
12.268,199999.96875,199999.96875,199999.96875,199999.96875,199999.96875,199999.96875,199999.96875,199999.96875
12.272,199999.96875,199999.96875,199999.96875,199999.96875,199999.96875,199999.96875,199999.96875,199999.96875
12.276,199999.96875,199999.96875,199999.96875,199999.96875,199999.96875,199999.96875,199999.96875,199999.96875
12.28,199999.96875,199999.96875,199999.96875,199999.96875,199999.96875,199999.96875,199999.96875,199999.96875
12.284,199999.96875,199999.96875,199999.96875,199999.96875,199999.96875,199999.96875,199999.96875,199999.96875
12.288,199999.96875,199999.96875,199999.96875,199999.96875,199999.96875,199999.96875,199999.96875,199999.96875
12.292,199999.96875,199999.96875,199999.96875,199999.96875,199999.96875,199999.96875,199999.96875,199999.96875
12.296,199999.96875,199999.96875,199999.96875,199999.96875,199999.96875,199999.96875,199999.96875,199999.96875
12.3,199999.96875,199999.96875,199999.96875,199999.96875,199999.96875,199999.96875,199999.96875,199999.96875
12.304,199999.96875,199999.96875,199999.96875,199999.96875,199999.96875,199999.96875,199999.96875,199999.96875
12.308,199999.96875,199999.96875,199999.96875,199999.96875,199999.96875,199999.96875,199999.96875,199999.96875
12.312,199999.96875,199999.96875,199999.96875,199999.96875,199999.96875,199999.96875,199999.96875,199999.96875
12.316,199999.96875,199999.96875,199999.96875,199999.96875,199999.96875,199999.96875,199999.96875,199999.96875
12.32,199999.96875,199999.96875,199999.96875,199999.96875,199999.96875,199999.96875,199999.96875,199999.96875
12.324,199999.96875,199999.96875,199999.96875,199999.96875,199999.96875,199999.96875,199999.96875,199999.96875
12.328,199999.96875,199999.96875,199999.96875,199999.96875,199999.96875,199999.96875,199999.96875,199999.96875
12.332,199999.96875,199999.96875,199999.96875,199999.96875,199999.96875,199999.96875,199999.96875,199999.96875
12.336,199999.96875,199999.96875,199999.96875,199999.96875,199999.96875,199999.96875,199999.96875,199999.96875
12.34,199999.96875,199999.96875,199999.96875,199999.96875,199999.96875,199999.96875,199999.96875,199999.96875
12.344,199999.96875,199999.96875,199999.96875,199999.96875,199999.96875,199999.96875,199999.96875,199999.96875
12.348,199999.96875,199999.96875,199999.96875,199999.96875,199999.96875,199999.96875,199999.96875,199999.96875
12.352,199999.96875,199999.96875,199999.96875,199999.96875,199999.96875,199999.96875,199999.96875,199999.96875
12.356,199999.96875,199999.96875,199999.96875,199999.96875,199999.96875,199999.96875,199999.96875,199999.96875
12.36,199999.96875,199999.96875,199999.96875,199999.96875,199999.96875,199999.96875,199999.96875,199999.96875
12.364,199999.96875,199999.96875,199999.96875,199999.96875,199999.96875,199999.96875,199999.96875,199999.96875
12.368,199999.96875,199999.96875,199999.96875,199999.96875,199999.96875,199999.96875,199999.96875,199999.96875
12.372,199999.96875,199999.96875,199999.96875,199999.96875,199999.96875,199999.96875,199999.96875,199999.96875
12.376,199999.96875,199999.96875,199999.96875,199999.96875,199999.96875,199999.96875,199999.96875,199999.96875
12.38,199999.96875,199999.96875,199999.96875,199999.96875,199999.96875,199999.96875,199999.96875,199999.96875
12.384,199999.96875,199999.96875,199999.96875,199999.96875,199999.96875,199999.96875,199999.96875,199999.96875
12.388,199999.96875,199999.96875,199999.96875,199999.96875,199999.96875,199999.96875,199999.96875,199999.96875
12.392,199999.96875,199999.96875,199999.96875,199999.96875,199999.96875,199999.96875,199999.96875,199999.96875
12.396,199999.96875,199999.96875,199999.96875,199999.96875,199999.96875,199999.96875,199999.96875,199999.96875
12.4,199999.96875,199999.96875,199999.96875,199999.96875,199999.96875,199999.96875,199999.96875,199999.96875
12.404,199999.96875,199999.96875,199999.96875,199999.96875,199999.96875,199999.96875,199999.96875,199999.96875
12.408,199999.96875,199999.96875,199999.96875,199999.96875,199999.96875,199999.96875,199999.96875,199999.96875
12.412,199999.96875,199999.96875,199999.96875,199999.96875,199999.96875,199999.96875,199999.96875,199999.96875
12.416,199999.96875,199999.96875,199999.96875,199999.96875,199999.96875,199999.96875,199999.96875,199999.96875
12.42,199999.96875,199999.96875,199999.96875,199999.96875,199999.96875,199999.96875,199999.96875,199999.96875
12.424,199999.96875,199999.96875,199999.96875,199999.96875,199999.96875,199999.96875,199999.96875,199999.96875
12.428,199999.96875,199999.96875,199999.96875,199999.96875,199999.96875,199999.96875,199999.96875,199999.96875
12.432,199999.96875,199999.96875,199999.96875,199999.96875,199999.96875,199999.96875,199999.96875,199999.96875
12.436,199999.96875,199999.96875,199999.96875,199999.96875,199999.96875,199999.96875,199999.96875,199999.96875
12.44,199999.96875,199999.96875,199999.96875,199999.96875,199999.96875,199999.96875,199999.96875,199999.96875
12.444,199999.96875,199999.96875,199999.96875,199999.96875,199999.96875,199999.96875,199999.96875,199999.96875
12.448,199999.96875,199999.96875,199999.96875,199999.96875,199999.96875,199999.96875,199999.96875,199999.96875
12.452,199999.96875,199999.96875,199999.96875,199999.96875,199999.96875,199999.96875,199999.96875,199999.96875
12.456,199999.96875,199999.96875,199999.96875,199999.96875,199999.96875,199999.96875,199999.96875,199999.96875
12.46,199999.96875,199999.96875,199999.96875,199999.96875,199999.96875,199999.96875,199999.96875,199999.96875
12.464,199999.96875,199999.96875,199999.96875,199999.96875,199999.96875,199999.96875,199999.96875,199999.96875
12.468,199999.96875,199999.96875,199999.96875,199999.96875,199999.96875,199999.96875,199999.96875,199999.96875
12.472,199999.96875,199999.96875,199999.96875,199999.96875,199999.96875,199999.96875,199999.96875,199999.96875
12.476,199999.96875,199999.96875,199999.96875,199999.96875,199999.96875,199999.96875,199999.96875,199999.96875
12.48,199999.96875,199999.96875,199999.96875,199999.96875,199999.96875,199999.96875,199999.96875,199999.96875
12.484,199999.96875,199999.96875,199999.96875,199999.96875,199999.96875,199999.96875,199999.96875,199999.96875
12.488,199999.96875,199999.96875,199999.96875,199999.96875,199999.96875,199999.96875,199999.96875,199999.96875
12.492,199999.96875,199999.96875,199999.96875,199999.96875,199999.96875,199999.96875,199999.96875,199999.96875
12.496,199999.96875,199999.96875,199999.96875,199999.96875,199999.96875,199999.96875,199999.96875,199999.96875
12.5,199999.96875,199999.96875,199999.96875,199999.96875,199999.96875,199999.96875,199999.96875,199999.96875
12.504,199999.96875,199999.96875,199999.96875,199999.96875,199999.96875,199999.96875,199999.96875,199999.96875
12.508,199999.96875,199999.96875,199999.96875,199999.96875,199999.96875,199999.96875,199999.96875,199999.96875
12.512,199999.96875,199999.96875,199999.96875,199999.96875,199999.96875,199999.96875,199999.96875,199999.96875
12.516,199999.96875,199999.96875,199999.96875,199999.96875,199999.96875,199999.96875,199999.96875,199999.96875
12.52,199999.96875,199999.96875,199999.96875,199999.96875,199999.96875,199999.96875,199999.96875,199999.96875
12.524,199999.96875,199999.96875,199999.96875,199999.96875,199999.96875,199999.96875,199999.96875,199999.96875
12.528,199999.96875,199999.96875,199999.96875,199999.96875,199999.96875,199999.96875,199999.96875,199999.96875
12.532,199999.96875,199999.96875,199999.96875,199999.96875,199999.96875,199999.96875,199999.96875,199999.96875
12.536,199999.96875,199999.96875,199999.96875,199999.96875,199999.96875,199999.96875,199999.96875,199999.96875
12.54,199999.96875,199999.96875,199999.96875,199999.96875,199999.96875,199999.96875,199999.96875,199999.96875
12.544,199999.96875,199999.96875,199999.96875,199999.96875,199999.96875,199999.96875,199999.96875,199999.96875
12.548,199999.96875,199999.96875,199999.96875,199999.96875,199999.96875,199999.96875,199999.96875,199999.96875
12.552,199999.96875,199999.96875,199999.96875,199999.96875,199999.96875,199999.96875,199999.96875,199999.96875
12.556,199999.96875,199999.96875,199999.96875,199999.96875,199999.96875,199999.96875,199999.96875,199999.96875
12.56,199999.96875,199999.96875,199999.96875,199999.96875,199999.96875,199999.96875,199999.96875,199999.96875
12.564,199999.96875,199999.96875,199999.96875,199999.96875,199999.96875,199999.96875,199999.96875,199999.96875
12.568,199999.96875,199999.96875,199999.96875,199999.96875,199999.96875,199999.96875,199999.96875,199999.96875
12.572,199999.96875,199999.96875,199999.96875,199999.96875,199999.96875,199999.96875,199999.96875,199999.96875
12.576,199999.96875,199999.96875,199999.96875,199999.96875,199999.96875,199999.96875,199999.96875,199999.96875
12.58,199999.96875,199999.96875,199999.96875,199999.96875,199999.96875,199999.96875,199999.96875,199999.96875
12.584,199999.96875,199999.96875,199999.96875,199999.96875,199999.96875,199999.96875,199999.96875,199999.96875
12.588,199999.96875,199999.96875,199999.96875,199999.96875,199999.96875,199999.96875,199999.96875,199999.96875
12.592,199999.96875,199999.96875,199999.96875,199999.96875,199999.96875,199999.96875,199999.96875,199999.96875
12.596,199999.96875,199999.96875,199999.96875,199999.96875,199999.96875,199999.96875,199999.96875,199999.96875
12.6,199999.96875,199999.96875,199999.96875,199999.96875,199999.96875,199999.96875,199999.96875,199999.96875
12.604,199999.96875,199999.96875,199999.96875,199999.96875,199999.96875,199999.96875,199999.96875,199999.96875
12.608,199999.96875,199999.96875,199999.96875,199999.96875,199999.96875,199999.96875,199999.96875,199999.96875
12.612,199999.96875,199999.96875,199999.96875,199999.96875,199999.96875,199999.96875,199999.96875,199999.96875
12.616,199999.96875,199999.96875,199999.96875,199999.96875,199999.96875,199999.96875,199999.96875,199999.96875
12.62,199999.96875,199999.96875,199999.96875,199999.96875,199999.96875,199999.96875,199999.96875,199999.96875
12.624,199999.96875,199999.96875,199999.96875,199999.96875,199999.96875,199999.96875,199999.96875,199999.96875
12.628,199999.96875,199999.96875,199999.96875,199999.96875,199999.96875,199999.96875,199999.96875,199999.96875
12.632,199999.96875,199999.96875,199999.96875,199999.96875,199999.96875,199999.96875,199999.96875,199999.96875
12.636,199999.96875,199999.96875,199999.96875,199999.96875,199999.96875,199999.96875,199999.96875,199999.96875
12.64,199999.96875,199999.96875,199999.96875,199999.96875,199999.96875,199999.96875,199999.96875,199999.96875
12.644,199999.96875,199999.96875,199999.96875,199999.96875,199999.96875,199999.96875,199999.96875,199999.96875
12.648,199999.96875,199999.96875,199999.96875,199999.96875,199999.96875,199999.96875,199999.96875,199999.96875
12.652,199999.96875,199999.96875,199999.96875,199999.96875,199999.96875,199999.96875,199999.96875,199999.96875
12.656,199999.96875,199999.96875,199999.96875,199999.96875,199999.96875,199999.96875,199999.96875,199999.96875
12.66,199999.96875,199999.96875,199999.96875,199999.96875,199999.96875,199999.96875,199999.96875,199999.96875
12.664,199999.96875,199999.96875,199999.96875,199999.96875,199999.96875,199999.96875,199999.96875,199999.96875
12.668,199999.96875,199999.96875,199999.96875,199999.96875,199999.96875,199999.96875,199999.96875,199999.96875
12.672,199999.96875,199999.96875,199999.96875,199999.96875,199999.96875,199999.96875,199999.96875,199999.96875
12.676,199999.96875,199999.96875,199999.96875,199999.96875,199999.96875,199999.96875,199999.96875,199999.96875
12.68,199999.96875,199999.96875,199999.96875,199999.96875,199999.96875,199999.96875,199999.96875,199999.96875
12.684,199999.96875,199999.96875,199999.96875,199999.96875,199999.96875,199999.96875,199999.96875,199999.96875
12.688,199999.96875,199999.96875,199999.96875,199999.96875,199999.96875,199999.96875,199999.96875,199999.96875
12.692,199999.96875,199999.96875,199999.96875,199999.96875,199999.96875,199999.96875,199999.96875,199999.96875
12.696,199999.96875,199999.96875,199999.96875,199999.96875,199999.96875,199999.96875,199999.96875,199999.96875
12.7,199999.96875,199999.96875,199999.96875,199999.96875,199999.96875,199999.96875,199999.96875,199999.96875
12.704,199999.96875,199999.96875,199999.96875,199999.96875,199999.96875,199999.96875,199999.96875,199999.96875
12.708,199999.96875,199999.96875,199999.96875,199999.96875,199999.96875,199999.96875,199999.96875,199999.96875
12.712,199999.96875,199999.96875,199999.96875,199999.96875,199999.96875,199999.96875,199999.96875,199999.96875
12.716,199999.96875,199999.96875,199999.96875,199999.96875,199999.96875,199999.96875,199999.96875,199999.96875
12.72,199999.96875,199999.96875,199999.96875,199999.96875,199999.96875,199999.96875,199999.96875,199999.96875
12.724,199999.96875,199999.96875,199999.96875,199999.96875,199999.96875,199999.96875,199999.96875,199999.96875
12.728,199999.96875,199999.96875,199999.96875,199999.96875,199999.96875,199999.96875,199999.96875,199999.96875
12.732,199999.96875,199999.96875,199999.96875,199999.96875,199999.96875,199999.96875,199999.96875,199999.96875
12.736,199999.96875,199999.96875,199999.96875,199999.96875,199999.96875,199999.96875,199999.96875,199999.96875
12.74,199999.96875,199999.96875,199999.96875,199999.96875,199999.96875,199999.96875,199999.96875,199999.96875
12.744,199999.96875,199999.96875,199999.96875,199999.96875,199999.96875,199999.96875,199999.96875,199999.96875
12.748,199999.96875,199999.96875,199999.96875,199999.96875,199999.96875,199999.96875,199999.96875,199999.96875
12.752,199999.96875,199999.96875,199999.96875,199999.96875,199999.96875,199999.96875,199999.96875,199999.96875
12.756,199999.96875,199999.96875,199999.96875,199999.96875,199999.96875,199999.96875,199999.96875,199999.96875
12.76,199999.96875,199999.96875,199999.96875,199999.96875,199999.96875,199999.96875,199999.96875,199999.96875
12.764,199999.96875,199999.96875,199999.96875,199999.96875,199999.96875,199999.96875,199999.96875,199999.96875
12.768,199999.96875,199999.96875,199999.96875,199999.96875,199999.96875,199999.96875,199999.96875,199999.96875
12.772,199999.96875,199999.96875,199999.96875,199999.96875,199999.96875,199999.96875,199999.96875,199999.96875
12.776,199999.96875,199999.96875,199999.96875,199999.96875,199999.96875,199999.96875,199999.96875,199999.96875
12.78,199999.96875,199999.96875,199999.96875,199999.96875,199999.96875,199999.96875,199999.96875,199999.96875
12.784,199999.96875,199999.96875,199999.96875,199999.96875,199999.96875,199999.96875,199999.96875,199999.96875
12.788,199999.96875,199999.96875,199999.96875,199999.96875,199999.96875,199999.96875,199999.96875,199999.96875
12.792,199999.96875,199999.96875,199999.96875,199999.96875,199999.96875,199999.96875,199999.96875,199999.96875
12.796,199999.96875,199999.96875,199999.96875,199999.96875,199999.96875,199999.96875,199999.96875,199999.96875
12.8,199999.96875,199999.96875,199999.96875,199999.96875,199999.96875,199999.96875,199999.96875,199999.96875
12.804,199999.96875,199999.96875,199999.96875,199999.96875,199999.96875,199999.96875,199999.96875,199999.96875
12.808,199999.96875,199999.96875,199999.96875,199999.96875,199999.96875,199999.96875,199999.96875,199999.96875
12.812,199999.96875,199999.96875,199999.96875,199999.96875,199999.96875,199999.96875,199999.96875,199999.96875
12.816,199999.96875,199999.96875,199999.96875,199999.96875,199999.96875,199999.96875,199999.96875,199999.96875
12.82,199999.96875,199999.96875,199999.96875,199999.96875,199999.96875,199999.96875,199999.96875,199999.96875
12.824,199999.96875,199999.96875,199999.96875,199999.96875,199999.96875,199999.96875,199999.96875,199999.96875
12.828,199999.96875,199999.96875,199999.96875,199999.96875,199999.96875,199999.96875,199999.96875,199999.96875
12.832,199999.96875,199999.96875,199999.96875,199999.96875,199999.96875,199999.96875,199999.96875,199999.96875
12.836,199999.96875,199999.96875,199999.96875,199999.96875,199999.96875,199999.96875,199999.96875,199999.96875
12.84,199999.96875,199999.96875,199999.96875,199999.96875,199999.96875,199999.96875,199999.96875,199999.96875
12.844,199999.96875,199999.96875,199999.96875,199999.96875,199999.96875,199999.96875,199999.96875,199999.96875
12.848,199999.96875,199999.96875,199999.96875,199999.96875,199999.96875,199999.96875,199999.96875,199999.96875
12.852,199999.96875,199999.96875,199999.96875,199999.96875,199999.96875,199999.96875,199999.96875,199999.96875
12.856,199999.96875,199999.96875,199999.96875,199999.96875,199999.96875,199999.96875,199999.96875,199999.96875
12.86,199999.96875,199999.96875,199999.96875,199999.96875,199999.96875,199999.96875,199999.96875,199999.96875
12.864,199999.96875,199999.96875,199999.96875,199999.96875,199999.96875,199999.96875,199999.96875,199999.96875
12.868,199999.96875,199999.96875,199999.96875,199999.96875,199999.96875,199999.96875,199999.96875,199999.96875
12.872,199999.96875,199999.96875,199999.96875,199999.96875,199999.96875,199999.96875,199999.96875,199999.96875
12.876,199999.96875,199999.96875,199999.96875,199999.96875,199999.96875,199999.96875,199999.96875,199999.96875
12.88,199999.96875,199999.96875,199999.96875,199999.96875,199999.96875,199999.96875,199999.96875,199999.96875
12.884,199999.96875,199999.96875,199999.96875,199999.96875,199999.96875,199999.96875,199999.96875,199999.96875
12.888,199999.96875,199999.96875,199999.96875,199999.96875,199999.96875,199999.96875,199999.96875,199999.96875
12.892,199999.96875,199999.96875,199999.96875,199999.96875,199999.96875,199999.96875,199999.96875,199999.96875
12.896,199999.96875,199999.96875,199999.96875,199999.96875,199999.96875,199999.96875,199999.96875,199999.96875
12.9,199999.96875,199999.96875,199999.96875,199999.96875,199999.96875,199999.96875,199999.96875,199999.96875
12.904,199999.96875,199999.96875,199999.96875,199999.96875,199999.96875,199999.96875,199999.96875,199999.96875
12.908,199999.96875,199999.96875,199999.96875,199999.96875,199999.96875,199999.96875,199999.96875,199999.96875
12.912,199999.96875,199999.96875,199999.96875,199999.96875,199999.96875,199999.96875,199999.96875,199999.96875
12.916,199999.96875,199999.96875,199999.96875,199999.96875,199999.96875,199999.96875,199999.96875,199999.96875
12.92,199999.96875,199999.96875,199999.96875,199999.96875,199999.96875,199999.96875,199999.96875,199999.96875
12.924,199999.96875,199999.96875,199999.96875,199999.96875,199999.96875,199999.96875,199999.96875,199999.96875
12.928,199999.96875,199999.96875,199999.96875,199999.96875,199999.96875,199999.96875,199999.96875,199999.96875
12.932,199999.96875,199999.96875,199999.96875,199999.96875,199999.96875,199999.96875,199999.96875,199999.96875
12.936,199999.96875,199999.96875,199999.96875,199999.96875,199999.96875,199999.96875,199999.96875,199999.96875
12.94,199999.96875,199999.96875,199999.96875,199999.96875,199999.96875,199999.96875,199999.96875,199999.96875
12.944,199999.96875,199999.96875,199999.96875,199999.96875,199999.96875,199999.96875,199999.96875,199999.96875
12.948,199999.96875,199999.96875,199999.96875,199999.96875,199999.96875,199999.96875,199999.96875,199999.96875
12.952,199999.96875,199999.96875,199999.96875,199999.96875,199999.96875,199999.96875,199999.96875,199999.96875
12.956,199999.96875,199999.96875,199999.96875,199999.96875,199999.96875,199999.96875,199999.96875,199999.96875
12.96,199999.96875,199999.96875,199999.96875,199999.96875,199999.96875,199999.96875,199999.96875,199999.96875
12.964,199999.96875,199999.96875,199999.96875,199999.96875,199999.96875,199999.96875,199999.96875,199999.96875
12.968,199999.96875,199999.96875,199999.96875,199999.96875,199999.96875,199999.96875,199999.96875,199999.96875
12.972,199999.96875,199999.96875,199999.96875,199999.96875,199999.96875,199999.96875,199999.96875,199999.96875
12.976,199999.96875,199999.96875,199999.96875,199999.96875,199999.96875,199999.96875,199999.96875,199999.96875
12.98,199999.96875,199999.96875,199999.96875,199999.96875,199999.96875,199999.96875,199999.96875,199999.96875
12.984,199999.96875,199999.96875,199999.96875,199999.96875,199999.96875,199999.96875,199999.96875,199999.96875
12.988,199999.96875,199999.96875,199999.96875,199999.96875,199999.96875,199999.96875,199999.96875,199999.96875
12.992,199999.96875,199999.96875,199999.96875,199999.96875,199999.96875,199999.96875,199999.96875,199999.96875
12.996,199999.96875,199999.96875,199999.96875,199999.96875,199999.96875,199999.96875,199999.96875,199999.96875
13,199999.96875,199999.96875,199999.96875,199999.96875,199999.96875,199999.96875,199999.96875,199999.96875
13.004,199999.96875,199999.96875,199999.96875,199999.96875,199999.96875,199999.96875,199999.96875,199999.96875
13.008,199999.96875,199999.96875,199999.96875,199999.96875,199999.96875,199999.96875,199999.96875,199999.96875
13.012,199999.96875,199999.96875,199999.96875,199999.96875,199999.96875,199999.96875,199999.96875,199999.96875
13.016,199999.96875,199999.96875,199999.96875,199999.96875,199999.96875,199999.96875,199999.96875,199999.96875
13.02,199999.96875,199999.96875,199999.96875,199999.96875,199999.96875,199999.96875,199999.96875,199999.96875
13.024,199999.96875,199999.96875,199999.96875,199999.96875,199999.96875,199999.96875,199999.96875,199999.96875
13.028,199999.96875,199999.96875,199999.96875,199999.96875,199999.96875,199999.96875,199999.96875,199999.96875
13.032,199999.96875,199999.96875,199999.96875,199999.96875,199999.96875,199999.96875,199999.96875,199999.96875
13.036,199999.96875,199999.96875,199999.96875,199999.96875,199999.96875,199999.96875,199999.96875,199999.96875
13.04,199999.96875,199999.96875,199999.96875,199999.96875,199999.96875,199999.96875,199999.96875,199999.96875
13.044,199999.96875,199999.96875,199999.96875,199999.96875,199999.96875,199999.96875,199999.96875,199999.96875
13.048,199999.96875,199999.96875,199999.96875,199999.96875,199999.96875,199999.96875,199999.96875,199999.96875
13.052,199999.96875,199999.96875,199999.96875,199999.96875,199999.96875,199999.96875,199999.96875,199999.96875
13.056,199999.96875,199999.96875,199999.96875,199999.96875,199999.96875,199999.96875,199999.96875,199999.96875
13.06,199999.96875,199999.96875,199999.96875,199999.96875,199999.96875,199999.96875,199999.96875,199999.96875
13.064,199999.96875,199999.96875,199999.96875,199999.96875,199999.96875,199999.96875,199999.96875,199999.96875
13.068,199999.96875,199999.96875,199999.96875,199999.96875,199999.96875,199999.96875,199999.96875,199999.96875
13.072,199999.96875,199999.96875,199999.96875,199999.96875,199999.96875,199999.96875,199999.96875,199999.96875
13.076,199999.96875,199999.96875,199999.96875,199999.96875,199999.96875,199999.96875,199999.96875,199999.96875
13.08,199999.96875,199999.96875,199999.96875,199999.96875,199999.96875,199999.96875,199999.96875,199999.96875
13.084,199999.96875,199999.96875,199999.96875,199999.96875,199999.96875,199999.96875,199999.96875,199999.96875
13.088,199999.96875,199999.96875,199999.96875,199999.96875,199999.96875,199999.96875,199999.96875,199999.96875
13.092,199999.96875,199999.96875,199999.96875,199999.96875,199999.96875,199999.96875,199999.96875,199999.96875
13.096,199999.96875,199999.96875,199999.96875,199999.96875,199999.96875,199999.96875,199999.96875,199999.96875
13.1,199999.96875,199999.96875,199999.96875,199999.96875,199999.96875,199999.96875,199999.96875,199999.96875
13.104,199999.96875,199999.96875,199999.96875,199999.96875,199999.96875,199999.96875,199999.96875,199999.96875
13.108,199999.96875,199999.96875,199999.96875,199999.96875,199999.96875,199999.96875,199999.96875,199999.96875
13.112,199999.96875,199999.96875,199999.96875,199999.96875,199999.96875,199999.96875,199999.96875,199999.96875
13.116,199999.96875,199999.96875,199999.96875,199999.96875,199999.96875,199999.96875,199999.96875,199999.96875
13.12,199999.96875,199999.96875,199999.96875,199999.96875,199999.96875,199999.96875,199999.96875,199999.96875
13.124,199999.96875,199999.96875,199999.96875,199999.96875,199999.96875,199999.96875,199999.96875,199999.96875
13.128,199999.96875,199999.96875,199999.96875,199999.96875,199999.96875,199999.96875,199999.96875,199999.96875
13.132,199999.96875,199999.96875,199999.96875,199999.96875,199999.96875,199999.96875,199999.96875,199999.96875
13.136,199999.96875,199999.96875,199999.96875,199999.96875,199999.96875,199999.96875,199999.96875,199999.96875
13.14,199999.96875,199999.96875,199999.96875,199999.96875,199999.96875,199999.96875,199999.96875,199999.96875
13.144,199999.96875,199999.96875,199999.96875,199999.96875,199999.96875,199999.96875,199999.96875,199999.96875
13.148,199999.96875,199999.96875,199999.96875,199999.96875,199999.96875,199999.96875,199999.96875,199999.96875
13.152,199999.96875,199999.96875,199999.96875,199999.96875,199999.96875,199999.96875,199999.96875,199999.96875
13.156,199999.96875,199999.96875,199999.96875,199999.96875,199999.96875,199999.96875,199999.96875,199999.96875
13.16,199999.96875,199999.96875,199999.96875,199999.96875,199999.96875,199999.96875,199999.96875,199999.96875
13.164,199999.96875,199999.96875,199999.96875,199999.96875,199999.96875,199999.96875,199999.96875,199999.96875
13.168,199999.96875,199999.96875,199999.96875,199999.96875,199999.96875,199999.96875,199999.96875,199999.96875
13.172,199999.96875,199999.96875,199999.96875,199999.96875,199999.96875,199999.96875,199999.96875,199999.96875
13.176,199999.96875,199999.96875,199999.96875,199999.96875,199999.96875,199999.96875,199999.96875,199999.96875
13.18,199999.96875,199999.96875,199999.96875,199999.96875,199999.96875,199999.96875,199999.96875,199999.96875
13.184,199999.96875,199999.96875,199999.96875,199999.96875,199999.96875,199999.96875,199999.96875,199999.96875
13.188,199999.96875,199999.96875,199999.96875,199999.96875,199999.96875,199999.96875,199999.96875,199999.96875
13.192,199999.96875,199999.96875,199999.96875,199999.96875,199999.96875,199999.96875,199999.96875,199999.96875
13.196,199999.96875,199999.96875,199999.96875,199999.96875,199999.96875,199999.96875,199999.96875,199999.96875
13.2,199999.96875,199999.96875,199999.96875,199999.96875,199999.96875,199999.96875,199999.96875,199999.96875
13.204,199999.96875,199999.96875,199999.96875,199999.96875,199999.96875,199999.96875,199999.96875,199999.96875
13.208,199999.96875,199999.96875,199999.96875,199999.96875,199999.96875,199999.96875,199999.96875,199999.96875
13.212,199999.96875,199999.96875,199999.96875,199999.96875,199999.96875,199999.96875,199999.96875,199999.96875
13.216,199999.96875,199999.96875,199999.96875,199999.96875,199999.96875,199999.96875,199999.96875,199999.96875
13.22,199999.96875,199999.96875,199999.96875,199999.96875,199999.96875,199999.96875,199999.96875,199999.96875
13.224,199999.96875,199999.96875,199999.96875,199999.96875,199999.96875,199999.96875,199999.96875,199999.96875
13.228,199999.96875,199999.96875,199999.96875,199999.96875,199999.96875,199999.96875,199999.96875,199999.96875
13.232,199999.96875,199999.96875,199999.96875,199999.96875,199999.96875,199999.96875,199999.96875,199999.96875
13.236,199999.96875,199999.96875,199999.96875,199999.96875,199999.96875,199999.96875,199999.96875,199999.96875
13.24,199999.96875,199999.96875,199999.96875,199999.96875,199999.96875,199999.96875,199999.96875,199999.96875
13.244,199999.96875,199999.96875,199999.96875,199999.96875,199999.96875,199999.96875,199999.96875,199999.96875
13.248,199999.96875,199999.96875,199999.96875,199999.96875,199999.96875,199999.96875,199999.96875,199999.96875
13.252,199999.96875,199999.96875,199999.96875,199999.96875,199999.96875,199999.96875,199999.96875,199999.96875
13.256,199999.96875,199999.96875,199999.96875,199999.96875,199999.96875,199999.96875,199999.96875,199999.96875
13.26,199999.96875,199999.96875,199999.96875,199999.96875,199999.96875,199999.96875,199999.96875,199999.96875
13.264,199999.96875,199999.96875,199999.96875,199999.96875,199999.96875,199999.96875,199999.96875,199999.96875
13.268,199999.96875,199999.96875,199999.96875,199999.96875,199999.96875,199999.96875,199999.96875,199999.96875
13.272,199999.96875,199999.96875,199999.96875,199999.96875,199999.96875,199999.96875,199999.96875,199999.96875
13.276,199999.96875,199999.96875,199999.96875,199999.96875,199999.96875,199999.96875,199999.96875,199999.96875
13.28,199999.96875,199999.96875,199999.96875,199999.96875,199999.96875,199999.96875,199999.96875,199999.96875
13.284,199999.96875,199999.96875,199999.96875,199999.96875,199999.96875,199999.96875,199999.96875,199999.96875
13.288,199999.96875,199999.96875,199999.96875,199999.96875,199999.96875,199999.96875,199999.96875,199999.96875
13.292,199999.96875,199999.96875,199999.96875,199999.96875,199999.96875,199999.96875,199999.96875,199999.96875
13.296,199999.96875,199999.96875,199999.96875,199999.96875,199999.96875,199999.96875,199999.96875,199999.96875
13.3,199999.96875,199999.96875,199999.96875,199999.96875,199999.96875,199999.96875,199999.96875,199999.96875
13.304,199999.96875,199999.96875,199999.96875,199999.96875,199999.96875,199999.96875,199999.96875,199999.96875
13.308,199999.96875,199999.96875,199999.96875,199999.96875,199999.96875,199999.96875,199999.96875,199999.96875
13.312,199999.96875,199999.96875,199999.96875,199999.96875,199999.96875,199999.96875,199999.96875,199999.96875
13.316,199999.96875,199999.96875,199999.96875,199999.96875,199999.96875,199999.96875,199999.96875,199999.96875
13.32,199999.96875,199999.96875,199999.96875,199999.96875,199999.96875,199999.96875,199999.96875,199999.96875
13.324,199999.96875,199999.96875,199999.96875,199999.96875,199999.96875,199999.96875,199999.96875,199999.96875
13.328,199999.96875,199999.96875,199999.96875,199999.96875,199999.96875,199999.96875,199999.96875,199999.96875
13.332,199999.96875,199999.96875,199999.96875,199999.96875,199999.96875,199999.96875,199999.96875,199999.96875
13.336,199999.96875,199999.96875,199999.96875,199999.96875,199999.96875,199999.96875,199999.96875,199999.96875
13.34,199999.96875,199999.96875,199999.96875,199999.96875,199999.96875,199999.96875,199999.96875,199999.96875
13.344,199999.96875,199999.96875,199999.96875,199999.96875,199999.96875,199999.96875,199999.96875,199999.96875
13.348,199999.96875,199999.96875,199999.96875,199999.96875,199999.96875,199999.96875,199999.96875,199999.96875
13.352,199999.96875,199999.96875,199999.96875,199999.96875,199999.96875,199999.96875,199999.96875,199999.96875
13.356,199999.96875,199999.96875,199999.96875,199999.96875,199999.96875,199999.96875,199999.96875,199999.96875
13.36,199999.96875,199999.96875,199999.96875,199999.96875,199999.96875,199999.96875,199999.96875,199999.96875
13.364,199999.96875,199999.96875,199999.96875,199999.96875,199999.96875,199999.96875,199999.96875,199999.96875
13.368,199999.96875,199999.96875,199999.96875,199999.96875,199999.96875,199999.96875,199999.96875,199999.96875
13.372,199999.96875,199999.96875,199999.96875,199999.96875,199999.96875,199999.96875,199999.96875,199999.96875
13.376,199999.96875,199999.96875,199999.96875,199999.96875,199999.96875,199999.96875,199999.96875,199999.96875
13.38,199999.96875,199999.96875,199999.96875,199999.96875,199999.96875,199999.96875,199999.96875,199999.96875
13.384,199999.96875,199999.96875,199999.96875,199999.96875,199999.96875,199999.96875,199999.96875,199999.96875
13.388,199999.96875,199999.96875,199999.96875,199999.96875,199999.96875,199999.96875,199999.96875,199999.96875
13.392,199999.96875,199999.96875,199999.96875,199999.96875,199999.96875,199999.96875,199999.96875,199999.96875
13.396,199999.96875,199999.96875,199999.96875,199999.96875,199999.96875,199999.96875,199999.96875,199999.96875
13.4,199999.96875,199999.96875,199999.96875,199999.96875,199999.96875,199999.96875,199999.96875,199999.96875
13.404,199999.96875,199999.96875,199999.96875,199999.96875,199999.96875,199999.96875,199999.96875,199999.96875
13.408,199999.96875,199999.96875,199999.96875,199999.96875,199999.96875,199999.96875,199999.96875,199999.96875
13.412,199999.96875,199999.96875,199999.96875,199999.96875,199999.96875,199999.96875,199999.96875,199999.96875
13.416,199999.96875,199999.96875,199999.96875,199999.96875,199999.96875,199999.96875,199999.96875,199999.96875
13.42,199999.96875,199999.96875,199999.96875,199999.96875,199999.96875,199999.96875,199999.96875,199999.96875
13.424,199999.96875,199999.96875,199999.96875,199999.96875,199999.96875,199999.96875,199999.96875,199999.96875
13.428,199999.96875,199999.96875,199999.96875,199999.96875,199999.96875,199999.96875,199999.96875,199999.96875
13.432,199999.96875,199999.96875,199999.96875,199999.96875,199999.96875,199999.96875,199999.96875,199999.96875
13.436,199999.96875,199999.96875,199999.96875,199999.96875,199999.96875,199999.96875,199999.96875,199999.96875
13.44,199999.96875,199999.96875,199999.96875,199999.96875,199999.96875,199999.96875,199999.96875,199999.96875
13.444,199999.96875,199999.96875,199999.96875,199999.96875,199999.96875,199999.96875,199999.96875,199999.96875
13.448,199999.96875,199999.96875,199999.96875,199999.96875,199999.96875,199999.96875,199999.96875,199999.96875
13.452,199999.96875,199999.96875,199999.96875,199999.96875,199999.96875,199999.96875,199999.96875,199999.96875
13.456,199999.96875,199999.96875,199999.96875,199999.96875,199999.96875,199999.96875,199999.96875,199999.96875
13.46,199999.96875,199999.96875,199999.96875,199999.96875,199999.96875,199999.96875,199999.96875,199999.96875
13.464,199999.96875,199999.96875,199999.96875,199999.96875,199999.96875,199999.96875,199999.96875,199999.96875
13.468,199999.96875,199999.96875,199999.96875,199999.96875,199999.96875,199999.96875,199999.96875,199999.96875
13.472,199999.96875,199999.96875,199999.96875,199999.96875,199999.96875,199999.96875,199999.96875,199999.96875
13.476,199999.96875,199999.96875,199999.96875,199999.96875,199999.96875,199999.96875,199999.96875,199999.96875
13.48,199999.96875,199999.96875,199999.96875,199999.96875,199999.96875,199999.96875,199999.96875,199999.96875
13.484,199999.96875,199999.96875,199999.96875,199999.96875,199999.96875,199999.96875,199999.96875,199999.96875
13.488,199999.96875,199999.96875,199999.96875,199999.96875,199999.96875,199999.96875,199999.96875,199999.96875
13.492,199999.96875,199999.96875,199999.96875,199999.96875,199999.96875,199999.96875,199999.96875,199999.96875
13.496,199999.96875,199999.96875,199999.96875,199999.96875,199999.96875,199999.96875,199999.96875,199999.96875
13.5,199999.96875,199999.96875,199999.96875,199999.96875,199999.96875,199999.96875,199999.96875,199999.96875
13.504,199999.96875,199999.96875,199999.96875,199999.96875,199999.96875,199999.96875,199999.96875,199999.96875
13.508,199999.96875,199999.96875,199999.96875,199999.96875,199999.96875,199999.96875,199999.96875,199999.96875
13.512,199999.96875,199999.96875,199999.96875,199999.96875,199999.96875,199999.96875,199999.96875,199999.96875
13.516,199999.96875,199999.96875,199999.96875,199999.96875,199999.96875,199999.96875,199999.96875,199999.96875
13.52,199999.96875,199999.96875,199999.96875,199999.96875,199999.96875,199999.96875,199999.96875,199999.96875
13.524,199999.96875,199999.96875,199999.96875,199999.96875,199999.96875,199999.96875,199999.96875,199999.96875
13.528,199999.96875,199999.96875,199999.96875,199999.96875,199999.96875,199999.96875,199999.96875,199999.96875
13.532,199999.96875,199999.96875,199999.96875,199999.96875,199999.96875,199999.96875,199999.96875,199999.96875
13.536,199999.96875,199999.96875,199999.96875,199999.96875,199999.96875,199999.96875,199999.96875,199999.96875
13.54,199999.96875,199999.96875,199999.96875,199999.96875,199999.96875,199999.96875,199999.96875,199999.96875
13.544,199999.96875,199999.96875,199999.96875,199999.96875,199999.96875,199999.96875,199999.96875,199999.96875
13.548,199999.96875,199999.96875,199999.96875,199999.96875,199999.96875,199999.96875,199999.96875,199999.96875
13.552,199999.96875,199999.96875,199999.96875,199999.96875,199999.96875,199999.96875,199999.96875,199999.96875
13.556,199999.96875,199999.96875,199999.96875,199999.96875,199999.96875,199999.96875,199999.96875,199999.96875
13.56,199999.96875,199999.96875,199999.96875,199999.96875,199999.96875,199999.96875,199999.96875,199999.96875
13.564,199999.96875,199999.96875,199999.96875,199999.96875,199999.96875,199999.96875,199999.96875,199999.96875
13.568,199999.96875,199999.96875,199999.96875,199999.96875,199999.96875,199999.96875,199999.96875,199999.96875
13.572,199999.96875,199999.96875,199999.96875,199999.96875,199999.96875,199999.96875,199999.96875,199999.96875
13.576,199999.96875,199999.96875,199999.96875,199999.96875,199999.96875,199999.96875,199999.96875,199999.96875
13.58,199999.96875,199999.96875,199999.96875,199999.96875,199999.96875,199999.96875,199999.96875,199999.96875
13.584,199999.96875,199999.96875,199999.96875,199999.96875,199999.96875,199999.96875,199999.96875,199999.96875
13.588,199999.96875,199999.96875,199999.96875,199999.96875,199999.96875,199999.96875,199999.96875,199999.96875
13.592,199999.96875,199999.96875,199999.96875,199999.96875,199999.96875,199999.96875,199999.96875,199999.96875
13.596,199999.96875,199999.96875,199999.96875,199999.96875,199999.96875,199999.96875,199999.96875,199999.96875
13.6,199999.96875,199999.96875,199999.96875,199999.96875,199999.96875,199999.96875,199999.96875,199999.96875
13.604,199999.96875,199999.96875,199999.96875,199999.96875,199999.96875,199999.96875,199999.96875,199999.96875
13.608,199999.96875,199999.96875,199999.96875,199999.96875,199999.96875,199999.96875,199999.96875,199999.96875
13.612,199999.96875,199999.96875,199999.96875,199999.96875,199999.96875,199999.96875,199999.96875,199999.96875
13.616,199999.96875,199999.96875,199999.96875,199999.96875,199999.96875,199999.96875,199999.96875,199999.96875
13.62,199999.96875,199999.96875,199999.96875,199999.96875,199999.96875,199999.96875,199999.96875,199999.96875
13.624,199999.96875,199999.96875,199999.96875,199999.96875,199999.96875,199999.96875,199999.96875,199999.96875
13.628,199999.96875,199999.96875,199999.96875,199999.96875,199999.96875,199999.96875,199999.96875,199999.96875
13.632,199999.96875,199999.96875,199999.96875,199999.96875,199999.96875,199999.96875,199999.96875,199999.96875
13.636,199999.96875,199999.96875,199999.96875,199999.96875,199999.96875,199999.96875,199999.96875,199999.96875
13.64,199999.96875,199999.96875,199999.96875,199999.96875,199999.96875,199999.96875,199999.96875,199999.96875
13.644,199999.96875,199999.96875,199999.96875,199999.96875,199999.96875,199999.96875,199999.96875,199999.96875
13.648,199999.96875,199999.96875,199999.96875,199999.96875,199999.96875,199999.96875,199999.96875,199999.96875
13.652,199999.96875,199999.96875,199999.96875,199999.96875,199999.96875,199999.96875,199999.96875,199999.96875
13.656,199999.96875,199999.96875,199999.96875,199999.96875,199999.96875,199999.96875,199999.96875,199999.96875
13.66,199999.96875,199999.96875,199999.96875,199999.96875,199999.96875,199999.96875,199999.96875,199999.96875
13.664,199999.96875,199999.96875,199999.96875,199999.96875,199999.96875,199999.96875,199999.96875,199999.96875
13.668,199999.96875,199999.96875,199999.96875,199999.96875,199999.96875,199999.96875,199999.96875,199999.96875
13.672,199999.96875,199999.96875,199999.96875,199999.96875,199999.96875,199999.96875,199999.96875,199999.96875
13.676,199999.96875,199999.96875,199999.96875,199999.96875,199999.96875,199999.96875,199999.96875,199999.96875
13.68,199999.96875,199999.96875,199999.96875,199999.96875,199999.96875,199999.96875,199999.96875,199999.96875
13.684,199999.96875,199999.96875,199999.96875,199999.96875,199999.96875,199999.96875,199999.96875,199999.96875
13.688,199999.96875,199999.96875,199999.96875,199999.96875,199999.96875,199999.96875,199999.96875,199999.96875
13.692,199999.96875,199999.96875,199999.96875,199999.96875,199999.96875,199999.96875,199999.96875,199999.96875
13.696,199999.96875,199999.96875,199999.96875,199999.96875,199999.96875,199999.96875,199999.96875,199999.96875
13.7,199999.96875,199999.96875,199999.96875,199999.96875,199999.96875,199999.96875,199999.96875,199999.96875
13.704,199999.96875,199999.96875,199999.96875,199999.96875,199999.96875,199999.96875,199999.96875,199999.96875
13.708,199999.96875,199999.96875,199999.96875,199999.96875,199999.96875,199999.96875,199999.96875,199999.96875
13.712,199999.96875,199999.96875,199999.96875,199999.96875,199999.96875,199999.96875,199999.96875,199999.96875
13.716,199999.96875,199999.96875,199999.96875,199999.96875,199999.96875,199999.96875,199999.96875,199999.96875
13.72,199999.96875,199999.96875,199999.96875,199999.96875,199999.96875,199999.96875,199999.96875,199999.96875
13.724,199999.96875,199999.96875,199999.96875,199999.96875,199999.96875,199999.96875,199999.96875,199999.96875
13.728,199999.96875,199999.96875,199999.96875,199999.96875,199999.96875,199999.96875,199999.96875,199999.96875
13.732,199999.96875,199999.96875,199999.96875,199999.96875,199999.96875,199999.96875,199999.96875,199999.96875
13.736,199999.96875,199999.96875,199999.96875,199999.96875,199999.96875,199999.96875,199999.96875,199999.96875
13.74,199999.96875,199999.96875,199999.96875,199999.96875,199999.96875,199999.96875,199999.96875,199999.96875
13.744,199999.96875,199999.96875,199999.96875,199999.96875,199999.96875,199999.96875,199999.96875,199999.96875
13.748,199999.96875,199999.96875,199999.96875,199999.96875,199999.96875,199999.96875,199999.96875,199999.96875
13.752,199999.96875,199999.96875,199999.96875,199999.96875,199999.96875,199999.96875,199999.96875,199999.96875
13.756,199999.96875,199999.96875,199999.96875,199999.96875,199999.96875,199999.96875,199999.96875,199999.96875
13.76,199999.96875,199999.96875,199999.96875,199999.96875,199999.96875,199999.96875,199999.96875,199999.96875
13.764,199999.96875,199999.96875,199999.96875,199999.96875,199999.96875,199999.96875,199999.96875,199999.96875
13.768,199999.96875,199999.96875,199999.96875,199999.96875,199999.96875,199999.96875,199999.96875,199999.96875
13.772,199999.96875,199999.96875,199999.96875,199999.96875,199999.96875,199999.96875,199999.96875,199999.96875
13.776,199999.96875,199999.96875,199999.96875,199999.96875,199999.96875,199999.96875,199999.96875,199999.96875
13.78,199999.96875,199999.96875,199999.96875,199999.96875,199999.96875,199999.96875,199999.96875,199999.96875
13.784,199999.96875,199999.96875,199999.96875,199999.96875,199999.96875,199999.96875,199999.96875,199999.96875
13.788,199999.96875,199999.96875,199999.96875,199999.96875,199999.96875,199999.96875,199999.96875,199999.96875
13.792,199999.96875,199999.96875,199999.96875,199999.96875,199999.96875,199999.96875,199999.96875,199999.96875
13.796,199999.96875,199999.96875,199999.96875,199999.96875,199999.96875,199999.96875,199999.96875,199999.96875
13.8,199999.96875,199999.96875,199999.96875,199999.96875,199999.96875,199999.96875,199999.96875,199999.96875
13.804,199999.96875,199999.96875,199999.96875,199999.96875,199999.96875,199999.96875,199999.96875,199999.96875
13.808,199999.96875,199999.96875,199999.96875,199999.96875,199999.96875,199999.96875,199999.96875,199999.96875
13.812,199999.96875,199999.96875,199999.96875,199999.96875,199999.96875,199999.96875,199999.96875,199999.96875
13.816,199999.96875,199999.96875,199999.96875,199999.96875,199999.96875,199999.96875,199999.96875,199999.96875
13.82,199999.96875,199999.96875,199999.96875,199999.96875,199999.96875,199999.96875,199999.96875,199999.96875
13.824,199999.96875,199999.96875,199999.96875,199999.96875,199999.96875,199999.96875,199999.96875,199999.96875
13.828,199999.96875,199999.96875,199999.96875,199999.96875,199999.96875,199999.96875,199999.96875,199999.96875
13.832,199999.96875,199999.96875,199999.96875,199999.96875,199999.96875,199999.96875,199999.96875,199999.96875
13.836,199999.96875,199999.96875,199999.96875,199999.96875,199999.96875,199999.96875,199999.96875,199999.96875
13.84,199999.96875,199999.96875,199999.96875,199999.96875,199999.96875,199999.96875,199999.96875,199999.96875
13.844,199999.96875,199999.96875,199999.96875,199999.96875,199999.96875,199999.96875,199999.96875,199999.96875
13.848,199999.96875,199999.96875,199999.96875,199999.96875,199999.96875,199999.96875,199999.96875,199999.96875
13.852,199999.96875,199999.96875,199999.96875,199999.96875,199999.96875,199999.96875,199999.96875,199999.96875
13.856,199999.96875,199999.96875,199999.96875,199999.96875,199999.96875,199999.96875,199999.96875,199999.96875
13.86,199999.96875,199999.96875,199999.96875,199999.96875,199999.96875,199999.96875,199999.96875,199999.96875
13.864,199999.96875,199999.96875,199999.96875,199999.96875,199999.96875,199999.96875,199999.96875,199999.96875
13.868,199999.96875,199999.96875,199999.96875,199999.96875,199999.96875,199999.96875,199999.96875,199999.96875
13.872,199999.96875,199999.96875,199999.96875,199999.96875,199999.96875,199999.96875,199999.96875,199999.96875
13.876,199999.96875,199999.96875,199999.96875,199999.96875,199999.96875,199999.96875,199999.96875,199999.96875
13.88,199999.96875,199999.96875,199999.96875,199999.96875,199999.96875,199999.96875,199999.96875,199999.96875
13.884,199999.96875,199999.96875,199999.96875,199999.96875,199999.96875,199999.96875,199999.96875,199999.96875
13.888,199999.96875,199999.96875,199999.96875,199999.96875,199999.96875,199999.96875,199999.96875,199999.96875
13.892,199999.96875,199999.96875,199999.96875,199999.96875,199999.96875,199999.96875,199999.96875,199999.96875
13.896,199999.96875,199999.96875,199999.96875,199999.96875,199999.96875,199999.96875,199999.96875,199999.96875
13.9,199999.96875,199999.96875,199999.96875,199999.96875,199999.96875,199999.96875,199999.96875,199999.96875
13.904,199999.96875,199999.96875,199999.96875,199999.96875,199999.96875,199999.96875,199999.96875,199999.96875
13.908,199999.96875,199999.96875,199999.96875,199999.96875,199999.96875,199999.96875,199999.96875,199999.96875
13.912,199999.96875,199999.96875,199999.96875,199999.96875,199999.96875,199999.96875,199999.96875,199999.96875
13.916,199999.96875,199999.96875,199999.96875,199999.96875,199999.96875,199999.96875,199999.96875,199999.96875
13.92,199999.96875,199999.96875,199999.96875,199999.96875,199999.96875,199999.96875,199999.96875,199999.96875
13.924,199999.96875,199999.96875,199999.96875,199999.96875,199999.96875,199999.96875,199999.96875,199999.96875
13.928,199999.96875,199999.96875,199999.96875,199999.96875,199999.96875,199999.96875,199999.96875,199999.96875
13.932,199999.96875,199999.96875,199999.96875,199999.96875,199999.96875,199999.96875,199999.96875,199999.96875
13.936,199999.96875,199999.96875,199999.96875,199999.96875,199999.96875,199999.96875,199999.96875,199999.96875
13.94,199999.96875,199999.96875,199999.96875,199999.96875,199999.96875,199999.96875,199999.96875,199999.96875
13.944,199999.96875,199999.96875,199999.96875,199999.96875,199999.96875,199999.96875,199999.96875,199999.96875
13.948,199999.96875,199999.96875,199999.96875,199999.96875,199999.96875,199999.96875,199999.96875,199999.96875
13.952,199999.96875,199999.96875,199999.96875,199999.96875,199999.96875,199999.96875,199999.96875,199999.96875
13.956,199999.96875,199999.96875,199999.96875,199999.96875,199999.96875,199999.96875,199999.96875,199999.96875
13.96,199999.96875,199999.96875,199999.96875,199999.96875,199999.96875,199999.96875,199999.96875,199999.96875
13.964,199999.96875,199999.96875,199999.96875,199999.96875,199999.96875,199999.96875,199999.96875,199999.96875
13.968,199999.96875,199999.96875,199999.96875,199999.96875,199999.96875,199999.96875,199999.96875,199999.96875
13.972,199999.96875,199999.96875,199999.96875,199999.96875,199999.96875,199999.96875,199999.96875,199999.96875
13.976,199999.96875,199999.96875,199999.96875,199999.96875,199999.96875,199999.96875,199999.96875,199999.96875
13.98,199999.96875,199999.96875,199999.96875,199999.96875,199999.96875,199999.96875,199999.96875,199999.96875
13.984,199999.96875,199999.96875,199999.96875,199999.96875,199999.96875,199999.96875,199999.96875,199999.96875
13.988,199999.96875,199999.96875,199999.96875,199999.96875,199999.96875,199999.96875,199999.96875,199999.96875
13.992,199999.96875,199999.96875,199999.96875,199999.96875,199999.96875,199999.96875,199999.96875,199999.96875
13.996,199999.96875,199999.96875,199999.96875,199999.96875,199999.96875,199999.96875,199999.96875,199999.96875
14,199999.96875,199999.96875,199999.96875,199999.96875,199999.96875,199999.96875,199999.96875,199999.96875
14.004,199999.96875,199999.96875,199999.96875,199999.96875,199999.96875,199999.96875,199999.96875,199999.96875
14.008,199999.96875,199999.96875,199999.96875,199999.96875,199999.96875,199999.96875,199999.96875,199999.96875
14.012,199999.96875,199999.96875,199999.96875,199999.96875,199999.96875,199999.96875,199999.96875,199999.96875
14.016,199999.96875,199999.96875,199999.96875,199999.96875,199999.96875,199999.96875,199999.96875,199999.96875
14.02,199999.96875,199999.96875,199999.96875,199999.96875,199999.96875,199999.96875,199999.96875,199999.96875
14.024,199999.96875,199999.96875,199999.96875,199999.96875,199999.96875,199999.96875,199999.96875,199999.96875
14.028,199999.96875,199999.96875,199999.96875,199999.96875,199999.96875,199999.96875,199999.96875,199999.96875
14.032,199999.96875,199999.96875,199999.96875,199999.96875,199999.96875,199999.96875,199999.96875,199999.96875
14.036,199999.96875,199999.96875,199999.96875,199999.96875,199999.96875,199999.96875,199999.96875,199999.96875
14.04,199999.96875,199999.96875,199999.96875,199999.96875,199999.96875,199999.96875,199999.96875,199999.96875
14.044,199999.96875,199999.96875,199999.96875,199999.96875,199999.96875,199999.96875,199999.96875,199999.96875
14.048,199999.96875,199999.96875,199999.96875,199999.96875,199999.96875,199999.96875,199999.96875,199999.96875
14.052,199999.96875,199999.96875,199999.96875,199999.96875,199999.96875,199999.96875,199999.96875,199999.96875
14.056,199999.96875,199999.96875,199999.96875,199999.96875,199999.96875,199999.96875,199999.96875,199999.96875
14.06,199999.96875,199999.96875,199999.96875,199999.96875,199999.96875,199999.96875,199999.96875,199999.96875
14.064,199999.96875,199999.96875,199999.96875,199999.96875,199999.96875,199999.96875,199999.96875,199999.96875
14.068,199999.96875,199999.96875,199999.96875,199999.96875,199999.96875,199999.96875,199999.96875,199999.96875
14.072,199999.96875,199999.96875,199999.96875,199999.96875,199999.96875,199999.96875,199999.96875,199999.96875
14.076,199999.96875,199999.96875,199999.96875,199999.96875,199999.96875,199999.96875,199999.96875,199999.96875
14.08,199999.96875,199999.96875,199999.96875,199999.96875,199999.96875,199999.96875,199999.96875,199999.96875
14.084,199999.96875,199999.96875,199999.96875,199999.96875,199999.96875,199999.96875,199999.96875,199999.96875
14.088,199999.96875,199999.96875,199999.96875,199999.96875,199999.96875,199999.96875,199999.96875,199999.96875
14.092,199999.96875,199999.96875,199999.96875,199999.96875,199999.96875,199999.96875,199999.96875,199999.96875
14.096,199999.96875,199999.96875,199999.96875,199999.96875,199999.96875,199999.96875,199999.96875,199999.96875
14.1,199999.96875,199999.96875,199999.96875,199999.96875,199999.96875,199999.96875,199999.96875,199999.96875
14.104,199999.96875,199999.96875,199999.96875,199999.96875,199999.96875,199999.96875,199999.96875,199999.96875
14.108,199999.96875,199999.96875,199999.96875,199999.96875,199999.96875,199999.96875,199999.96875,199999.96875
14.112,199999.96875,199999.96875,199999.96875,199999.96875,199999.96875,199999.96875,199999.96875,199999.96875
14.116,199999.96875,199999.96875,199999.96875,199999.96875,199999.96875,199999.96875,199999.96875,199999.96875
14.12,199999.96875,199999.96875,199999.96875,199999.96875,199999.96875,199999.96875,199999.96875,199999.96875
14.124,199999.96875,199999.96875,199999.96875,199999.96875,199999.96875,199999.96875,199999.96875,199999.96875
14.128,199999.96875,199999.96875,199999.96875,199999.96875,199999.96875,199999.96875,199999.96875,199999.96875
14.132,199999.96875,199999.96875,199999.96875,199999.96875,199999.96875,199999.96875,199999.96875,199999.96875
14.136,199999.96875,199999.96875,199999.96875,199999.96875,199999.96875,199999.96875,199999.96875,199999.96875
14.14,199999.96875,199999.96875,199999.96875,199999.96875,199999.96875,199999.96875,199999.96875,199999.96875
14.144,199999.96875,199999.96875,199999.96875,199999.96875,199999.96875,199999.96875,199999.96875,199999.96875
14.148,199999.96875,199999.96875,199999.96875,199999.96875,199999.96875,199999.96875,199999.96875,199999.96875
14.152,199999.96875,199999.96875,199999.96875,199999.96875,199999.96875,199999.96875,199999.96875,199999.96875
14.156,199999.96875,199999.96875,199999.96875,199999.96875,199999.96875,199999.96875,199999.96875,199999.96875
14.16,199999.96875,199999.96875,199999.96875,199999.96875,199999.96875,199999.96875,199999.96875,199999.96875
14.164,199999.96875,199999.96875,199999.96875,199999.96875,199999.96875,199999.96875,199999.96875,199999.96875
14.168,199999.96875,199999.96875,199999.96875,199999.96875,199999.96875,199999.96875,199999.96875,199999.96875
14.172,199999.96875,199999.96875,199999.96875,199999.96875,199999.96875,199999.96875,199999.96875,199999.96875
14.176,199999.96875,199999.96875,199999.96875,199999.96875,199999.96875,199999.96875,199999.96875,199999.96875
14.18,199999.96875,199999.96875,199999.96875,199999.96875,199999.96875,199999.96875,199999.96875,199999.96875
14.184,199999.96875,199999.96875,199999.96875,199999.96875,199999.96875,199999.96875,199999.96875,199999.96875
14.188,199999.96875,199999.96875,199999.96875,199999.96875,199999.96875,199999.96875,199999.96875,199999.96875
14.192,199999.96875,199999.96875,199999.96875,199999.96875,199999.96875,199999.96875,199999.96875,199999.96875
14.196,199999.96875,199999.96875,199999.96875,199999.96875,199999.96875,199999.96875,199999.96875,199999.96875
14.2,199999.96875,199999.96875,199999.96875,199999.96875,199999.96875,199999.96875,199999.96875,199999.96875
14.204,199999.96875,199999.96875,199999.96875,199999.96875,199999.96875,199999.96875,199999.96875,199999.96875
14.208,199999.96875,199999.96875,199999.96875,199999.96875,199999.96875,199999.96875,199999.96875,199999.96875
14.212,199999.96875,199999.96875,199999.96875,199999.96875,199999.96875,199999.96875,199999.96875,199999.96875
14.216,199999.96875,199999.96875,199999.96875,199999.96875,199999.96875,199999.96875,199999.96875,199999.96875
14.22,199999.96875,199999.96875,199999.96875,199999.96875,199999.96875,199999.96875,199999.96875,199999.96875
14.224,199999.96875,199999.96875,199999.96875,199999.96875,199999.96875,199999.96875,199999.96875,199999.96875
14.228,199999.96875,199999.96875,199999.96875,199999.96875,199999.96875,199999.96875,199999.96875,199999.96875
14.232,199999.96875,199999.96875,199999.96875,199999.96875,199999.96875,199999.96875,199999.96875,199999.96875
14.236,199999.96875,199999.96875,199999.96875,199999.96875,199999.96875,199999.96875,199999.96875,199999.96875
14.24,199999.96875,199999.96875,199999.96875,199999.96875,199999.96875,199999.96875,199999.96875,199999.96875
14.244,199999.96875,199999.96875,199999.96875,199999.96875,199999.96875,199999.96875,199999.96875,199999.96875
14.248,199999.96875,199999.96875,199999.96875,199999.96875,199999.96875,199999.96875,199999.96875,199999.96875
14.252,199999.96875,199999.96875,199999.96875,199999.96875,199999.96875,199999.96875,199999.96875,199999.96875
14.256,199999.96875,199999.96875,199999.96875,199999.96875,199999.96875,199999.96875,199999.96875,199999.96875
14.26,199999.96875,199999.96875,199999.96875,199999.96875,199999.96875,199999.96875,199999.96875,199999.96875
14.264,199999.96875,199999.96875,199999.96875,199999.96875,199999.96875,199999.96875,199999.96875,199999.96875
14.268,199999.96875,199999.96875,199999.96875,199999.96875,199999.96875,199999.96875,199999.96875,199999.96875
14.272,199999.96875,199999.96875,199999.96875,199999.96875,199999.96875,199999.96875,199999.96875,199999.96875
14.276,199999.96875,199999.96875,199999.96875,199999.96875,199999.96875,199999.96875,199999.96875,199999.96875
14.28,199999.96875,199999.96875,199999.96875,199999.96875,199999.96875,199999.96875,199999.96875,199999.96875
14.284,199999.96875,199999.96875,199999.96875,199999.96875,199999.96875,199999.96875,199999.96875,199999.96875
14.288,199999.96875,199999.96875,199999.96875,199999.96875,199999.96875,199999.96875,199999.96875,199999.96875
14.292,199999.96875,199999.96875,199999.96875,199999.96875,199999.96875,199999.96875,199999.96875,199999.96875
14.296,199999.96875,199999.96875,199999.96875,199999.96875,199999.96875,199999.96875,199999.96875,199999.96875
14.3,199999.96875,199999.96875,199999.96875,199999.96875,199999.96875,199999.96875,199999.96875,199999.96875
14.304,199999.96875,199999.96875,199999.96875,199999.96875,199999.96875,199999.96875,199999.96875,199999.96875
14.308,199999.96875,199999.96875,199999.96875,199999.96875,199999.96875,199999.96875,199999.96875,199999.96875
14.312,199999.96875,199999.96875,199999.96875,199999.96875,199999.96875,199999.96875,199999.96875,199999.96875
14.316,199999.96875,199999.96875,199999.96875,199999.96875,199999.96875,199999.96875,199999.96875,199999.96875
14.32,199999.96875,199999.96875,199999.96875,199999.96875,199999.96875,199999.96875,199999.96875,199999.96875
14.324,199999.96875,199999.96875,199999.96875,199999.96875,199999.96875,199999.96875,199999.96875,199999.96875
14.328,199999.96875,199999.96875,199999.96875,199999.96875,199999.96875,199999.96875,199999.96875,199999.96875
14.332,199999.96875,199999.96875,199999.96875,199999.96875,199999.96875,199999.96875,199999.96875,199999.96875
14.336,199999.96875,199999.96875,199999.96875,199999.96875,199999.96875,199999.96875,199999.96875,199999.96875
14.34,199999.96875,199999.96875,199999.96875,199999.96875,199999.96875,199999.96875,199999.96875,199999.96875
14.344,199999.96875,199999.96875,199999.96875,199999.96875,199999.96875,199999.96875,199999.96875,199999.96875
14.348,199999.96875,199999.96875,199999.96875,199999.96875,199999.96875,199999.96875,199999.96875,199999.96875
14.352,199999.96875,199999.96875,199999.96875,199999.96875,199999.96875,199999.96875,199999.96875,199999.96875
14.356,199999.96875,199999.96875,199999.96875,199999.96875,199999.96875,199999.96875,199999.96875,199999.96875
14.36,199999.96875,199999.96875,199999.96875,199999.96875,199999.96875,199999.96875,199999.96875,199999.96875
14.364,199999.96875,199999.96875,199999.96875,199999.96875,199999.96875,199999.96875,199999.96875,199999.96875
14.368,199999.96875,199999.96875,199999.96875,199999.96875,199999.96875,199999.96875,199999.96875,199999.96875
14.372,199999.96875,199999.96875,199999.96875,199999.96875,199999.96875,199999.96875,199999.96875,199999.96875
14.376,199999.96875,199999.96875,199999.96875,199999.96875,199999.96875,199999.96875,199999.96875,199999.96875
14.38,199999.96875,199999.96875,199999.96875,199999.96875,199999.96875,199999.96875,199999.96875,199999.96875
14.384,199999.96875,199999.96875,199999.96875,199999.96875,199999.96875,199999.96875,199999.96875,199999.96875
14.388,199999.96875,199999.96875,199999.96875,199999.96875,199999.96875,199999.96875,199999.96875,199999.96875
14.392,199999.96875,199999.96875,199999.96875,199999.96875,199999.96875,199999.96875,199999.96875,199999.96875
14.396,199999.96875,199999.96875,199999.96875,199999.96875,199999.96875,199999.96875,199999.96875,199999.96875
14.4,199999.96875,199999.96875,199999.96875,199999.96875,199999.96875,199999.96875,199999.96875,199999.96875
14.404,199999.96875,199999.96875,199999.96875,199999.96875,199999.96875,199999.96875,199999.96875,199999.96875
14.408,199999.96875,199999.96875,199999.96875,199999.96875,199999.96875,199999.96875,199999.96875,199999.96875
14.412,199999.96875,199999.96875,199999.96875,199999.96875,199999.96875,199999.96875,199999.96875,199999.96875
14.416,199999.96875,199999.96875,199999.96875,199999.96875,199999.96875,199999.96875,199999.96875,199999.96875
14.42,199999.96875,199999.96875,199999.96875,199999.96875,199999.96875,199999.96875,199999.96875,199999.96875
14.424,199999.96875,199999.96875,199999.96875,199999.96875,199999.96875,199999.96875,199999.96875,199999.96875
14.428,199999.96875,199999.96875,199999.96875,199999.96875,199999.96875,199999.96875,199999.96875,199999.96875
14.432,199999.96875,199999.96875,199999.96875,199999.96875,199999.96875,199999.96875,199999.96875,199999.96875
14.436,199999.96875,199999.96875,199999.96875,199999.96875,199999.96875,199999.96875,199999.96875,199999.96875
14.44,199999.96875,199999.96875,199999.96875,199999.96875,199999.96875,199999.96875,199999.96875,199999.96875
14.444,199999.96875,199999.96875,199999.96875,199999.96875,199999.96875,199999.96875,199999.96875,199999.96875
14.448,199999.96875,199999.96875,199999.96875,199999.96875,199999.96875,199999.96875,199999.96875,199999.96875
14.452,199999.96875,199999.96875,199999.96875,199999.96875,199999.96875,199999.96875,199999.96875,199999.96875
14.456,199999.96875,199999.96875,199999.96875,199999.96875,199999.96875,199999.96875,199999.96875,199999.96875
14.46,199999.96875,199999.96875,199999.96875,199999.96875,199999.96875,199999.96875,199999.96875,199999.96875
14.464,199999.96875,199999.96875,199999.96875,199999.96875,199999.96875,199999.96875,199999.96875,199999.96875
14.468,199999.96875,199999.96875,199999.96875,199999.96875,199999.96875,199999.96875,199999.96875,199999.96875
14.472,199999.96875,199999.96875,199999.96875,199999.96875,199999.96875,199999.96875,199999.96875,199999.96875
14.476,199999.96875,199999.96875,199999.96875,199999.96875,199999.96875,199999.96875,199999.96875,199999.96875
14.48,199999.96875,199999.96875,199999.96875,199999.96875,199999.96875,199999.96875,199999.96875,199999.96875
14.484,199999.96875,199999.96875,199999.96875,199999.96875,199999.96875,199999.96875,199999.96875,199999.96875
14.488,199999.96875,199999.96875,199999.96875,199999.96875,199999.96875,199999.96875,199999.96875,199999.96875
14.492,199999.96875,199999.96875,199999.96875,199999.96875,199999.96875,199999.96875,199999.96875,199999.96875
14.496,199999.96875,199999.96875,199999.96875,199999.96875,199999.96875,199999.96875,199999.96875,199999.96875
14.5,199999.96875,199999.96875,199999.96875,199999.96875,199999.96875,199999.96875,199999.96875,199999.96875
14.504,199999.96875,199999.96875,199999.96875,199999.96875,199999.96875,199999.96875,199999.96875,199999.96875
14.508,199999.96875,199999.96875,199999.96875,199999.96875,199999.96875,199999.96875,199999.96875,199999.96875
14.512,199999.96875,199999.96875,199999.96875,199999.96875,199999.96875,199999.96875,199999.96875,199999.96875
14.516,199999.96875,199999.96875,199999.96875,199999.96875,199999.96875,199999.96875,199999.96875,199999.96875
14.52,199999.96875,199999.96875,199999.96875,199999.96875,199999.96875,199999.96875,199999.96875,199999.96875
14.524,199999.96875,199999.96875,199999.96875,199999.96875,199999.96875,199999.96875,199999.96875,199999.96875
14.528,199999.96875,199999.96875,199999.96875,199999.96875,199999.96875,199999.96875,199999.96875,199999.96875
14.532,199999.96875,199999.96875,199999.96875,199999.96875,199999.96875,199999.96875,199999.96875,199999.96875
14.536,199999.96875,199999.96875,199999.96875,199999.96875,199999.96875,199999.96875,199999.96875,199999.96875
14.54,199999.96875,199999.96875,199999.96875,199999.96875,199999.96875,199999.96875,199999.96875,199999.96875
14.544,199999.96875,199999.96875,199999.96875,199999.96875,199999.96875,199999.96875,199999.96875,199999.96875
14.548,199999.96875,199999.96875,199999.96875,199999.96875,199999.96875,199999.96875,199999.96875,199999.96875
14.552,199999.96875,199999.96875,199999.96875,199999.96875,199999.96875,199999.96875,199999.96875,199999.96875
14.556,199999.96875,199999.96875,199999.96875,199999.96875,199999.96875,199999.96875,199999.96875,199999.96875
14.56,199999.96875,199999.96875,199999.96875,199999.96875,199999.96875,199999.96875,199999.96875,199999.96875
14.564,199999.96875,199999.96875,199999.96875,199999.96875,199999.96875,199999.96875,199999.96875,199999.96875
14.568,199999.96875,199999.96875,199999.96875,199999.96875,199999.96875,199999.96875,199999.96875,199999.96875
14.572,199999.96875,199999.96875,199999.96875,199999.96875,199999.96875,199999.96875,199999.96875,199999.96875
14.576,199999.96875,199999.96875,199999.96875,199999.96875,199999.96875,199999.96875,199999.96875,199999.96875
14.58,199999.96875,199999.96875,199999.96875,199999.96875,199999.96875,199999.96875,199999.96875,199999.96875
14.584,199999.96875,199999.96875,199999.96875,199999.96875,199999.96875,199999.96875,199999.96875,199999.96875
14.588,199999.96875,199999.96875,199999.96875,199999.96875,199999.96875,199999.96875,199999.96875,199999.96875
14.592,199999.96875,199999.96875,199999.96875,199999.96875,199999.96875,199999.96875,199999.96875,199999.96875
14.596,199999.96875,199999.96875,199999.96875,199999.96875,199999.96875,199999.96875,199999.96875,199999.96875
14.6,199999.96875,199999.96875,199999.96875,199999.96875,199999.96875,199999.96875,199999.96875,199999.96875
14.604,199999.96875,199999.96875,199999.96875,199999.96875,199999.96875,199999.96875,199999.96875,199999.96875
14.608,199999.96875,199999.96875,199999.96875,199999.96875,199999.96875,199999.96875,199999.96875,199999.96875
14.612,199999.96875,199999.96875,199999.96875,199999.96875,199999.96875,199999.96875,199999.96875,199999.96875
14.616,199999.96875,199999.96875,199999.96875,199999.96875,199999.96875,199999.96875,199999.96875,199999.96875
14.62,199999.96875,199999.96875,199999.96875,199999.96875,199999.96875,199999.96875,199999.96875,199999.96875
14.624,199999.96875,199999.96875,199999.96875,199999.96875,199999.96875,199999.96875,199999.96875,199999.96875
14.628,199999.96875,199999.96875,199999.96875,199999.96875,199999.96875,199999.96875,199999.96875,199999.96875
14.632,199999.96875,199999.96875,199999.96875,199999.96875,199999.96875,199999.96875,199999.96875,199999.96875
14.636,199999.96875,199999.96875,199999.96875,199999.96875,199999.96875,199999.96875,199999.96875,199999.96875
14.64,199999.96875,199999.96875,199999.96875,199999.96875,199999.96875,199999.96875,199999.96875,199999.96875
14.644,199999.96875,199999.96875,199999.96875,199999.96875,199999.96875,199999.96875,199999.96875,199999.96875
14.648,199999.96875,199999.96875,199999.96875,199999.96875,199999.96875,199999.96875,199999.96875,199999.96875
14.652,199999.96875,199999.96875,199999.96875,199999.96875,199999.96875,199999.96875,199999.96875,199999.96875
14.656,199999.96875,199999.96875,199999.96875,199999.96875,199999.96875,199999.96875,199999.96875,199999.96875
14.66,199999.96875,199999.96875,199999.96875,199999.96875,199999.96875,199999.96875,199999.96875,199999.96875
14.664,199999.96875,199999.96875,199999.96875,199999.96875,199999.96875,199999.96875,199999.96875,199999.96875
14.668,199999.96875,199999.96875,199999.96875,199999.96875,199999.96875,199999.96875,199999.96875,199999.96875
14.672,199999.96875,199999.96875,199999.96875,199999.96875,199999.96875,199999.96875,199999.96875,199999.96875
14.676,199999.96875,199999.96875,199999.96875,199999.96875,199999.96875,199999.96875,199999.96875,199999.96875
14.68,199999.96875,199999.96875,199999.96875,199999.96875,199999.96875,199999.96875,199999.96875,199999.96875
14.684,199999.96875,199999.96875,199999.96875,199999.96875,199999.96875,199999.96875,199999.96875,199999.96875
14.688,199999.96875,199999.96875,199999.96875,199999.96875,199999.96875,199999.96875,199999.96875,199999.96875
14.692,199999.96875,199999.96875,199999.96875,199999.96875,199999.96875,199999.96875,199999.96875,199999.96875
14.696,199999.96875,199999.96875,199999.96875,199999.96875,199999.96875,199999.96875,199999.96875,199999.96875
14.7,199999.96875,199999.96875,199999.96875,199999.96875,199999.96875,199999.96875,199999.96875,199999.96875
14.704,199999.96875,199999.96875,199999.96875,199999.96875,199999.96875,199999.96875,199999.96875,199999.96875
14.708,199999.96875,199999.96875,199999.96875,199999.96875,199999.96875,199999.96875,199999.96875,199999.96875
14.712,199999.96875,199999.96875,199999.96875,199999.96875,199999.96875,199999.96875,199999.96875,199999.96875
14.716,199999.96875,199999.96875,199999.96875,199999.96875,199999.96875,199999.96875,199999.96875,199999.96875
14.72,199999.96875,199999.96875,199999.96875,199999.96875,199999.96875,199999.96875,199999.96875,199999.96875
14.724,199999.96875,199999.96875,199999.96875,199999.96875,199999.96875,199999.96875,199999.96875,199999.96875
14.728,199999.96875,199999.96875,199999.96875,199999.96875,199999.96875,199999.96875,199999.96875,199999.96875
14.732,199999.96875,199999.96875,199999.96875,199999.96875,199999.96875,199999.96875,199999.96875,199999.96875
14.736,199999.96875,199999.96875,199999.96875,199999.96875,199999.96875,199999.96875,199999.96875,199999.96875
14.74,199999.96875,199999.96875,199999.96875,199999.96875,199999.96875,199999.96875,199999.96875,199999.96875
14.744,199999.96875,199999.96875,199999.96875,199999.96875,199999.96875,199999.96875,199999.96875,199999.96875
14.748,199999.96875,199999.96875,199999.96875,199999.96875,199999.96875,199999.96875,199999.96875,199999.96875
14.752,199999.96875,199999.96875,199999.96875,199999.96875,199999.96875,199999.96875,199999.96875,199999.96875
14.756,199999.96875,199999.96875,199999.96875,199999.96875,199999.96875,199999.96875,199999.96875,199999.96875
14.76,199999.96875,199999.96875,199999.96875,199999.96875,199999.96875,199999.96875,199999.96875,199999.96875
14.764,199999.96875,199999.96875,199999.96875,199999.96875,199999.96875,199999.96875,199999.96875,199999.96875
14.768,199999.96875,199999.96875,199999.96875,199999.96875,199999.96875,199999.96875,199999.96875,199999.96875
14.772,199999.96875,199999.96875,199999.96875,199999.96875,199999.96875,199999.96875,199999.96875,199999.96875
14.776,199999.96875,199999.96875,199999.96875,199999.96875,199999.96875,199999.96875,199999.96875,199999.96875
14.78,199999.96875,199999.96875,199999.96875,199999.96875,199999.96875,199999.96875,199999.96875,199999.96875
14.784,199999.96875,199999.96875,199999.96875,199999.96875,199999.96875,199999.96875,199999.96875,199999.96875
14.788,199999.96875,199999.96875,199999.96875,199999.96875,199999.96875,199999.96875,199999.96875,199999.96875
14.792,199999.96875,199999.96875,199999.96875,199999.96875,199999.96875,199999.96875,199999.96875,199999.96875
14.796,199999.96875,199999.96875,199999.96875,199999.96875,199999.96875,199999.96875,199999.96875,199999.96875
14.8,199999.96875,199999.96875,199999.96875,199999.96875,199999.96875,199999.96875,199999.96875,199999.96875
14.804,199999.96875,199999.96875,199999.96875,199999.96875,199999.96875,199999.96875,199999.96875,199999.96875
14.808,199999.96875,199999.96875,199999.96875,199999.96875,199999.96875,199999.96875,199999.96875,199999.96875
14.812,199999.96875,199999.96875,199999.96875,199999.96875,199999.96875,199999.96875,199999.96875,199999.96875
14.816,199999.96875,199999.96875,199999.96875,199999.96875,199999.96875,199999.96875,199999.96875,199999.96875
14.82,199999.96875,199999.96875,199999.96875,199999.96875,199999.96875,199999.96875,199999.96875,199999.96875
14.824,199999.96875,199999.96875,199999.96875,199999.96875,199999.96875,199999.96875,199999.96875,199999.96875
14.828,199999.96875,199999.96875,199999.96875,199999.96875,199999.96875,199999.96875,199999.96875,199999.96875
14.832,199999.96875,199999.96875,199999.96875,199999.96875,199999.96875,199999.96875,199999.96875,199999.96875
14.836,199999.96875,199999.96875,199999.96875,199999.96875,199999.96875,199999.96875,199999.96875,199999.96875
14.84,199999.96875,199999.96875,199999.96875,199999.96875,199999.96875,199999.96875,199999.96875,199999.96875
14.844,199999.96875,199999.96875,199999.96875,199999.96875,199999.96875,199999.96875,199999.96875,199999.96875
14.848,199999.96875,199999.96875,199999.96875,199999.96875,199999.96875,199999.96875,199999.96875,199999.96875
14.852,199999.96875,199999.96875,199999.96875,199999.96875,199999.96875,199999.96875,199999.96875,199999.96875
14.856,199999.96875,199999.96875,199999.96875,199999.96875,199999.96875,199999.96875,199999.96875,199999.96875
14.86,199999.96875,199999.96875,199999.96875,199999.96875,199999.96875,199999.96875,199999.96875,199999.96875
14.864,199999.96875,199999.96875,199999.96875,199999.96875,199999.96875,199999.96875,199999.96875,199999.96875
14.868,199999.96875,199999.96875,199999.96875,199999.96875,199999.96875,199999.96875,199999.96875,199999.96875
14.872,199999.96875,199999.96875,199999.96875,199999.96875,199999.96875,199999.96875,199999.96875,199999.96875
14.876,199999.96875,199999.96875,199999.96875,199999.96875,199999.96875,199999.96875,199999.96875,199999.96875
14.88,199999.96875,199999.96875,199999.96875,199999.96875,199999.96875,199999.96875,199999.96875,199999.96875
14.884,199999.96875,199999.96875,199999.96875,199999.96875,199999.96875,199999.96875,199999.96875,199999.96875
14.888,199999.96875,199999.96875,199999.96875,199999.96875,199999.96875,199999.96875,199999.96875,199999.96875
14.892,199999.96875,199999.96875,199999.96875,199999.96875,199999.96875,199999.96875,199999.96875,199999.96875
14.896,199999.96875,199999.96875,199999.96875,199999.96875,199999.96875,199999.96875,199999.96875,199999.96875
14.9,199999.96875,199999.96875,199999.96875,199999.96875,199999.96875,199999.96875,199999.96875,199999.96875
14.904,199999.96875,199999.96875,199999.96875,199999.96875,199999.96875,199999.96875,199999.96875,199999.96875
14.908,199999.96875,199999.96875,199999.96875,199999.96875,199999.96875,199999.96875,199999.96875,199999.96875
14.912,199999.96875,199999.96875,199999.96875,199999.96875,199999.96875,199999.96875,199999.96875,199999.96875
14.916,199999.96875,199999.96875,199999.96875,199999.96875,199999.96875,199999.96875,199999.96875,199999.96875
14.92,199999.96875,199999.96875,199999.96875,199999.96875,199999.96875,199999.96875,199999.96875,199999.96875
14.924,199999.96875,199999.96875,199999.96875,199999.96875,199999.96875,199999.96875,199999.96875,199999.96875
14.928,199999.96875,199999.96875,199999.96875,199999.96875,199999.96875,199999.96875,199999.96875,199999.96875
14.932,199999.96875,199999.96875,199999.96875,199999.96875,199999.96875,199999.96875,199999.96875,199999.96875
14.936,199999.96875,199999.96875,199999.96875,199999.96875,199999.96875,199999.96875,199999.96875,199999.96875
14.94,199999.96875,199999.96875,199999.96875,199999.96875,199999.96875,199999.96875,199999.96875,199999.96875
14.944,199999.96875,199999.96875,199999.96875,199999.96875,199999.96875,199999.96875,199999.96875,199999.96875
14.948,199999.96875,199999.96875,199999.96875,199999.96875,199999.96875,199999.96875,199999.96875,199999.96875
14.952,199999.96875,199999.96875,199999.96875,199999.96875,199999.96875,199999.96875,199999.96875,199999.96875
14.956,199999.96875,199999.96875,199999.96875,199999.96875,199999.96875,199999.96875,199999.96875,199999.96875
14.96,199999.96875,199999.96875,199999.96875,199999.96875,199999.96875,199999.96875,199999.96875,199999.96875
14.964,199999.96875,199999.96875,199999.96875,199999.96875,199999.96875,199999.96875,199999.96875,199999.96875
14.968,199999.96875,199999.96875,199999.96875,199999.96875,199999.96875,199999.96875,199999.96875,199999.96875
14.972,199999.96875,199999.96875,199999.96875,199999.96875,199999.96875,199999.96875,199999.96875,199999.96875
14.976,199999.96875,199999.96875,199999.96875,199999.96875,199999.96875,199999.96875,199999.96875,199999.96875
14.98,199999.96875,199999.96875,199999.96875,199999.96875,199999.96875,199999.96875,199999.96875,199999.96875
14.984,199999.96875,199999.96875,199999.96875,199999.96875,199999.96875,199999.96875,199999.96875,199999.96875
14.988,199999.96875,199999.96875,199999.96875,199999.96875,199999.96875,199999.96875,199999.96875,199999.96875
14.992,199999.96875,199999.96875,199999.96875,199999.96875,199999.96875,199999.96875,199999.96875,199999.96875
14.996,199999.96875,199999.96875,199999.96875,199999.96875,199999.96875,199999.96875,199999.96875,199999.96875
15,199999.96875,199999.96875,199999.96875,199999.96875,199999.96875,199999.96875,199999.96875,199999.96875
15.004,199999.96875,199999.96875,199999.96875,199999.96875,199999.96875,199999.96875,199999.96875,199999.96875
15.008,199999.96875,199999.96875,199999.96875,199999.96875,199999.96875,199999.96875,199999.96875,199999.96875
15.012,199999.96875,199999.96875,199999.96875,199999.96875,199999.96875,199999.96875,199999.96875,199999.96875
15.016,199999.96875,199999.96875,199999.96875,199999.96875,199999.96875,199999.96875,199999.96875,199999.96875
15.02,199999.96875,199999.96875,199999.96875,199999.96875,199999.96875,199999.96875,199999.96875,199999.96875
15.024,199999.96875,199999.96875,199999.96875,199999.96875,199999.96875,199999.96875,199999.96875,199999.96875
15.028,199999.96875,199999.96875,199999.96875,199999.96875,199999.96875,199999.96875,199999.96875,199999.96875
15.032,199999.96875,199999.96875,199999.96875,199999.96875,199999.96875,199999.96875,199999.96875,199999.96875
15.036,199999.96875,199999.96875,199999.96875,199999.96875,199999.96875,199999.96875,199999.96875,199999.96875
15.04,199999.96875,199999.96875,199999.96875,199999.96875,199999.96875,199999.96875,199999.96875,199999.96875
15.044,199999.96875,199999.96875,199999.96875,199999.96875,199999.96875,199999.96875,199999.96875,199999.96875
15.048,199999.96875,199999.96875,199999.96875,199999.96875,199999.96875,199999.96875,199999.96875,199999.96875
15.052,199999.96875,199999.96875,199999.96875,199999.96875,199999.96875,199999.96875,199999.96875,199999.96875
15.056,199999.96875,199999.96875,199999.96875,199999.96875,199999.96875,199999.96875,199999.96875,199999.96875
15.06,199999.96875,199999.96875,199999.96875,199999.96875,199999.96875,199999.96875,199999.96875,199999.96875
15.064,199999.96875,199999.96875,199999.96875,199999.96875,199999.96875,199999.96875,199999.96875,199999.96875
15.068,199999.96875,199999.96875,199999.96875,199999.96875,199999.96875,199999.96875,199999.96875,199999.96875
15.072,199999.96875,199999.96875,199999.96875,199999.96875,199999.96875,199999.96875,199999.96875,199999.96875
15.076,199999.96875,199999.96875,199999.96875,199999.96875,199999.96875,199999.96875,199999.96875,199999.96875
15.08,199999.96875,199999.96875,199999.96875,199999.96875,199999.96875,199999.96875,199999.96875,199999.96875
15.084,199999.96875,199999.96875,199999.96875,199999.96875,199999.96875,199999.96875,199999.96875,199999.96875
15.088,199999.96875,199999.96875,199999.96875,199999.96875,199999.96875,199999.96875,199999.96875,199999.96875
15.092,199999.96875,199999.96875,199999.96875,199999.96875,199999.96875,199999.96875,199999.96875,199999.96875
15.096,199999.96875,199999.96875,199999.96875,199999.96875,199999.96875,199999.96875,199999.96875,199999.96875
15.1,199999.96875,199999.96875,199999.96875,199999.96875,199999.96875,199999.96875,199999.96875,199999.96875
15.104,199999.96875,199999.96875,199999.96875,199999.96875,199999.96875,199999.96875,199999.96875,199999.96875
15.108,199999.96875,199999.96875,199999.96875,199999.96875,199999.96875,199999.96875,199999.96875,199999.96875
15.112,199999.96875,199999.96875,199999.96875,199999.96875,199999.96875,199999.96875,199999.96875,199999.96875
15.116,199999.96875,199999.96875,199999.96875,199999.96875,199999.96875,199999.96875,199999.96875,199999.96875
15.12,199999.96875,199999.96875,199999.96875,199999.96875,199999.96875,199999.96875,199999.96875,199999.96875
15.124,199999.96875,199999.96875,199999.96875,199999.96875,199999.96875,199999.96875,199999.96875,199999.96875
15.128,199999.96875,199999.96875,199999.96875,199999.96875,199999.96875,199999.96875,199999.96875,199999.96875
15.132,199999.96875,199999.96875,199999.96875,199999.96875,199999.96875,199999.96875,199999.96875,199999.96875
15.136,199999.96875,199999.96875,199999.96875,199999.96875,199999.96875,199999.96875,199999.96875,199999.96875
15.14,199999.96875,199999.96875,199999.96875,199999.96875,199999.96875,199999.96875,199999.96875,199999.96875
15.144,199999.96875,199999.96875,199999.96875,199999.96875,199999.96875,199999.96875,199999.96875,199999.96875
15.148,199999.96875,199999.96875,199999.96875,199999.96875,199999.96875,199999.96875,199999.96875,199999.96875
15.152,199999.96875,199999.96875,199999.96875,199999.96875,199999.96875,199999.96875,199999.96875,199999.96875
15.156,199999.96875,199999.96875,199999.96875,199999.96875,199999.96875,199999.96875,199999.96875,199999.96875
15.16,199999.96875,199999.96875,199999.96875,199999.96875,199999.96875,199999.96875,199999.96875,199999.96875
15.164,199999.96875,199999.96875,199999.96875,199999.96875,199999.96875,199999.96875,199999.96875,199999.96875
15.168,199999.96875,199999.96875,199999.96875,199999.96875,199999.96875,199999.96875,199999.96875,199999.96875
15.172,199999.96875,199999.96875,199999.96875,199999.96875,199999.96875,199999.96875,199999.96875,199999.96875
15.176,199999.96875,199999.96875,199999.96875,199999.96875,199999.96875,199999.96875,199999.96875,199999.96875
15.18,199999.96875,199999.96875,199999.96875,199999.96875,199999.96875,199999.96875,199999.96875,199999.96875
15.184,199999.96875,199999.96875,199999.96875,199999.96875,199999.96875,199999.96875,199999.96875,199999.96875
15.188,199999.96875,199999.96875,199999.96875,199999.96875,199999.96875,199999.96875,199999.96875,199999.96875
15.192,199999.96875,199999.96875,199999.96875,199999.96875,199999.96875,199999.96875,199999.96875,199999.96875
15.196,199999.96875,199999.96875,199999.96875,199999.96875,199999.96875,199999.96875,199999.96875,199999.96875
15.2,199999.96875,199999.96875,199999.96875,199999.96875,199999.96875,199999.96875,199999.96875,199999.96875
15.204,199999.96875,199999.96875,199999.96875,199999.96875,199999.96875,199999.96875,199999.96875,199999.96875
15.208,199999.96875,199999.96875,199999.96875,199999.96875,199999.96875,199999.96875,199999.96875,199999.96875
15.212,199999.96875,199999.96875,199999.96875,199999.96875,199999.96875,199999.96875,199999.96875,199999.96875
15.216,199999.96875,199999.96875,199999.96875,199999.96875,199999.96875,199999.96875,199999.96875,199999.96875
15.22,199999.96875,199999.96875,199999.96875,199999.96875,199999.96875,199999.96875,199999.96875,199999.96875
15.224,199999.96875,199999.96875,199999.96875,199999.96875,199999.96875,199999.96875,199999.96875,199999.96875
15.228,199999.96875,199999.96875,199999.96875,199999.96875,199999.96875,199999.96875,199999.96875,199999.96875
15.232,199999.96875,199999.96875,199999.96875,199999.96875,199999.96875,199999.96875,199999.96875,199999.96875
15.236,199999.96875,199999.96875,199999.96875,199999.96875,199999.96875,199999.96875,199999.96875,199999.96875
15.24,199999.96875,199999.96875,199999.96875,199999.96875,199999.96875,199999.96875,199999.96875,199999.96875
15.244,199999.96875,199999.96875,199999.96875,199999.96875,199999.96875,199999.96875,199999.96875,199999.96875
15.248,199999.96875,199999.96875,199999.96875,199999.96875,199999.96875,199999.96875,199999.96875,199999.96875
15.252,199999.96875,199999.96875,199999.96875,199999.96875,199999.96875,199999.96875,199999.96875,199999.96875
15.256,199999.96875,199999.96875,199999.96875,199999.96875,199999.96875,199999.96875,199999.96875,199999.96875
15.26,199999.96875,199999.96875,199999.96875,199999.96875,199999.96875,199999.96875,199999.96875,199999.96875
15.264,199999.96875,199999.96875,199999.96875,199999.96875,199999.96875,199999.96875,199999.96875,199999.96875
15.268,199999.96875,199999.96875,199999.96875,199999.96875,199999.96875,199999.96875,199999.96875,199999.96875
15.272,199999.96875,199999.96875,199999.96875,199999.96875,199999.96875,199999.96875,199999.96875,199999.96875
15.276,199999.96875,199999.96875,199999.96875,199999.96875,199999.96875,199999.96875,199999.96875,199999.96875
15.28,199999.96875,199999.96875,199999.96875,199999.96875,199999.96875,199999.96875,199999.96875,199999.96875
15.284,199999.96875,199999.96875,199999.96875,199999.96875,199999.96875,199999.96875,199999.96875,199999.96875
15.288,199999.96875,199999.96875,199999.96875,199999.96875,199999.96875,199999.96875,199999.96875,199999.96875
15.292,199999.96875,199999.96875,199999.96875,199999.96875,199999.96875,199999.96875,199999.96875,199999.96875
15.296,199999.96875,199999.96875,199999.96875,199999.96875,199999.96875,199999.96875,199999.96875,199999.96875
15.3,199999.96875,199999.96875,199999.96875,199999.96875,199999.96875,199999.96875,199999.96875,199999.96875
15.304,199999.96875,199999.96875,199999.96875,199999.96875,199999.96875,199999.96875,199999.96875,199999.96875
15.308,199999.96875,199999.96875,199999.96875,199999.96875,199999.96875,199999.96875,199999.96875,199999.96875
15.312,199999.96875,199999.96875,199999.96875,199999.96875,199999.96875,199999.96875,199999.96875,199999.96875
15.316,199999.96875,199999.96875,199999.96875,199999.96875,199999.96875,199999.96875,199999.96875,199999.96875
15.32,199999.96875,199999.96875,199999.96875,199999.96875,199999.96875,199999.96875,199999.96875,199999.96875
15.324,199999.96875,199999.96875,199999.96875,199999.96875,199999.96875,199999.96875,199999.96875,199999.96875
15.328,199999.96875,199999.96875,199999.96875,199999.96875,199999.96875,199999.96875,199999.96875,199999.96875
15.332,199999.96875,199999.96875,199999.96875,199999.96875,199999.96875,199999.96875,199999.96875,199999.96875
15.336,199999.96875,199999.96875,199999.96875,199999.96875,199999.96875,199999.96875,199999.96875,199999.96875
15.34,199999.96875,199999.96875,199999.96875,199999.96875,199999.96875,199999.96875,199999.96875,199999.96875
15.344,199999.96875,199999.96875,199999.96875,199999.96875,199999.96875,199999.96875,199999.96875,199999.96875
15.348,199999.96875,199999.96875,199999.96875,199999.96875,199999.96875,199999.96875,199999.96875,199999.96875
15.352,199999.96875,199999.96875,199999.96875,199999.96875,199999.96875,199999.96875,199999.96875,199999.96875
15.356,199999.96875,199999.96875,199999.96875,199999.96875,199999.96875,199999.96875,199999.96875,199999.96875
15.36,199999.96875,199999.96875,199999.96875,199999.96875,199999.96875,199999.96875,199999.96875,199999.96875
15.364,199999.96875,199999.96875,199999.96875,199999.96875,199999.96875,199999.96875,199999.96875,199999.96875
15.368,199999.96875,199999.96875,199999.96875,199999.96875,199999.96875,199999.96875,199999.96875,199999.96875
15.372,199999.96875,199999.96875,199999.96875,199999.96875,199999.96875,199999.96875,199999.96875,199999.96875
15.376,199999.96875,199999.96875,199999.96875,199999.96875,199999.96875,199999.96875,199999.96875,199999.96875
15.38,199999.96875,199999.96875,199999.96875,199999.96875,199999.96875,199999.96875,199999.96875,199999.96875
15.384,199999.96875,199999.96875,199999.96875,199999.96875,199999.96875,199999.96875,199999.96875,199999.96875
15.388,199999.96875,199999.96875,199999.96875,199999.96875,199999.96875,199999.96875,199999.96875,199999.96875
15.392,199999.96875,199999.96875,199999.96875,199999.96875,199999.96875,199999.96875,199999.96875,199999.96875
15.396,199999.96875,199999.96875,199999.96875,199999.96875,199999.96875,199999.96875,199999.96875,199999.96875
15.4,199999.96875,199999.96875,199999.96875,199999.96875,199999.96875,199999.96875,199999.96875,199999.96875
15.404,199999.96875,199999.96875,199999.96875,199999.96875,199999.96875,199999.96875,199999.96875,199999.96875
15.408,199999.96875,199999.96875,199999.96875,199999.96875,199999.96875,199999.96875,199999.96875,199999.96875
15.412,199999.96875,199999.96875,199999.96875,199999.96875,199999.96875,199999.96875,199999.96875,199999.96875
15.416,199999.96875,199999.96875,199999.96875,199999.96875,199999.96875,199999.96875,199999.96875,199999.96875
15.42,199999.96875,199999.96875,199999.96875,199999.96875,199999.96875,199999.96875,199999.96875,199999.96875
15.424,199999.96875,199999.96875,199999.96875,199999.96875,199999.96875,199999.96875,199999.96875,199999.96875
15.428,199999.96875,199999.96875,199999.96875,199999.96875,199999.96875,199999.96875,199999.96875,199999.96875
15.432,199999.96875,199999.96875,199999.96875,199999.96875,199999.96875,199999.96875,199999.96875,199999.96875
15.436,199999.96875,199999.96875,199999.96875,199999.96875,199999.96875,199999.96875,199999.96875,199999.96875
15.44,199999.96875,199999.96875,199999.96875,199999.96875,199999.96875,199999.96875,199999.96875,199999.96875
15.444,199999.96875,199999.96875,199999.96875,199999.96875,199999.96875,199999.96875,199999.96875,199999.96875
15.448,199999.96875,199999.96875,199999.96875,199999.96875,199999.96875,199999.96875,199999.96875,199999.96875
15.452,199999.96875,199999.96875,199999.96875,199999.96875,199999.96875,199999.96875,199999.96875,199999.96875
15.456,199999.96875,199999.96875,199999.96875,199999.96875,199999.96875,199999.96875,199999.96875,199999.96875
15.46,199999.96875,199999.96875,199999.96875,199999.96875,199999.96875,199999.96875,199999.96875,199999.96875
15.464,199999.96875,199999.96875,199999.96875,199999.96875,199999.96875,199999.96875,199999.96875,199999.96875
15.468,199999.96875,199999.96875,199999.96875,199999.96875,199999.96875,199999.96875,199999.96875,199999.96875
15.472,199999.96875,199999.96875,199999.96875,199999.96875,199999.96875,199999.96875,199999.96875,199999.96875
15.476,199999.96875,199999.96875,199999.96875,199999.96875,199999.96875,199999.96875,199999.96875,199999.96875
15.48,199999.96875,199999.96875,199999.96875,199999.96875,199999.96875,199999.96875,199999.96875,199999.96875
15.484,199999.96875,199999.96875,199999.96875,199999.96875,199999.96875,199999.96875,199999.96875,199999.96875
15.488,199999.96875,199999.96875,199999.96875,199999.96875,199999.96875,199999.96875,199999.96875,199999.96875
15.492,199999.96875,199999.96875,199999.96875,199999.96875,199999.96875,199999.96875,199999.96875,199999.96875
15.496,199999.96875,199999.96875,199999.96875,199999.96875,199999.96875,199999.96875,199999.96875,199999.96875
15.5,199999.96875,199999.96875,199999.96875,199999.96875,199999.96875,199999.96875,199999.96875,199999.96875
15.504,199999.96875,199999.96875,199999.96875,199999.96875,199999.96875,199999.96875,199999.96875,199999.96875
15.508,199999.96875,199999.96875,199999.96875,199999.96875,199999.96875,199999.96875,199999.96875,199999.96875
15.512,199999.96875,199999.96875,199999.96875,199999.96875,199999.96875,199999.96875,199999.96875,199999.96875
15.516,199999.96875,199999.96875,199999.96875,199999.96875,199999.96875,199999.96875,199999.96875,199999.96875
15.52,199999.96875,199999.96875,199999.96875,199999.96875,199999.96875,199999.96875,199999.96875,199999.96875
15.524,199999.96875,199999.96875,199999.96875,199999.96875,199999.96875,199999.96875,199999.96875,199999.96875
15.528,199999.96875,199999.96875,199999.96875,199999.96875,199999.96875,199999.96875,199999.96875,199999.96875
15.532,199999.96875,199999.96875,199999.96875,199999.96875,199999.96875,199999.96875,199999.96875,199999.96875
15.536,199999.96875,199999.96875,199999.96875,199999.96875,199999.96875,199999.96875,199999.96875,199999.96875
15.54,199999.96875,199999.96875,199999.96875,199999.96875,199999.96875,199999.96875,199999.96875,199999.96875
15.544,199999.96875,199999.96875,199999.96875,199999.96875,199999.96875,199999.96875,199999.96875,199999.96875
15.548,199999.96875,199999.96875,199999.96875,199999.96875,199999.96875,199999.96875,199999.96875,199999.96875
15.552,199999.96875,199999.96875,199999.96875,199999.96875,199999.96875,199999.96875,199999.96875,199999.96875
15.556,199999.96875,199999.96875,199999.96875,199999.96875,199999.96875,199999.96875,199999.96875,199999.96875
15.56,199999.96875,199999.96875,199999.96875,199999.96875,199999.96875,199999.96875,199999.96875,199999.96875
15.564,199999.96875,199999.96875,199999.96875,199999.96875,199999.96875,199999.96875,199999.96875,199999.96875
15.568,199999.96875,199999.96875,199999.96875,199999.96875,199999.96875,199999.96875,199999.96875,199999.96875
15.572,199999.96875,199999.96875,199999.96875,199999.96875,199999.96875,199999.96875,199999.96875,199999.96875
15.576,199999.96875,199999.96875,199999.96875,199999.96875,199999.96875,199999.96875,199999.96875,199999.96875
15.58,199999.96875,199999.96875,199999.96875,199999.96875,199999.96875,199999.96875,199999.96875,199999.96875
15.584,199999.96875,199999.96875,199999.96875,199999.96875,199999.96875,199999.96875,199999.96875,199999.96875
15.588,199999.96875,199999.96875,199999.96875,199999.96875,199999.96875,199999.96875,199999.96875,199999.96875
15.592,199999.96875,199999.96875,199999.96875,199999.96875,199999.96875,199999.96875,199999.96875,199999.96875
15.596,199999.96875,199999.96875,199999.96875,199999.96875,199999.96875,199999.96875,199999.96875,199999.96875
15.6,199999.96875,199999.96875,199999.96875,199999.96875,199999.96875,199999.96875,199999.96875,199999.96875
15.604,199999.96875,199999.96875,199999.96875,199999.96875,199999.96875,199999.96875,199999.96875,199999.96875
15.608,199999.96875,199999.96875,199999.96875,199999.96875,199999.96875,199999.96875,199999.96875,199999.96875
15.612,199999.96875,199999.96875,199999.96875,199999.96875,199999.96875,199999.96875,199999.96875,199999.96875
15.616,199999.96875,199999.96875,199999.96875,199999.96875,199999.96875,199999.96875,199999.96875,199999.96875
15.62,199999.96875,199999.96875,199999.96875,199999.96875,199999.96875,199999.96875,199999.96875,199999.96875
15.624,199999.96875,199999.96875,199999.96875,199999.96875,199999.96875,199999.96875,199999.96875,199999.96875
15.628,199999.96875,199999.96875,199999.96875,199999.96875,199999.96875,199999.96875,199999.96875,199999.96875
15.632,199999.96875,199999.96875,199999.96875,199999.96875,199999.96875,199999.96875,199999.96875,199999.96875
15.636,199999.96875,199999.96875,199999.96875,199999.96875,199999.96875,199999.96875,199999.96875,199999.96875
15.64,199999.96875,199999.96875,199999.96875,199999.96875,199999.96875,199999.96875,199999.96875,199999.96875
15.644,199999.96875,199999.96875,199999.96875,199999.96875,199999.96875,199999.96875,199999.96875,199999.96875
15.648,199999.96875,199999.96875,199999.96875,199999.96875,199999.96875,199999.96875,199999.96875,199999.96875
15.652,199999.96875,199999.96875,199999.96875,199999.96875,199999.96875,199999.96875,199999.96875,199999.96875
15.656,199999.96875,199999.96875,199999.96875,199999.96875,199999.96875,199999.96875,199999.96875,199999.96875
15.66,199999.96875,199999.96875,199999.96875,199999.96875,199999.96875,199999.96875,199999.96875,199999.96875
15.664,199999.96875,199999.96875,199999.96875,199999.96875,199999.96875,199999.96875,199999.96875,199999.96875
15.668,199999.96875,199999.96875,199999.96875,199999.96875,199999.96875,199999.96875,199999.96875,199999.96875
15.672,199999.96875,199999.96875,199999.96875,199999.96875,199999.96875,199999.96875,199999.96875,199999.96875
15.676,199999.96875,199999.96875,199999.96875,199999.96875,199999.96875,199999.96875,199999.96875,199999.96875
15.68,199999.96875,199999.96875,199999.96875,199999.96875,199999.96875,199999.96875,199999.96875,199999.96875
15.684,199999.96875,199999.96875,199999.96875,199999.96875,199999.96875,199999.96875,199999.96875,199999.96875
15.688,199999.96875,199999.96875,199999.96875,199999.96875,199999.96875,199999.96875,199999.96875,199999.96875
15.692,199999.96875,199999.96875,199999.96875,199999.96875,199999.96875,199999.96875,199999.96875,199999.96875
15.696,199999.96875,199999.96875,199999.96875,199999.96875,199999.96875,199999.96875,199999.96875,199999.96875
15.7,199999.96875,199999.96875,199999.96875,199999.96875,199999.96875,199999.96875,199999.96875,199999.96875
15.704,199999.96875,199999.96875,199999.96875,199999.96875,199999.96875,199999.96875,199999.96875,199999.96875
15.708,199999.96875,199999.96875,199999.96875,199999.96875,199999.96875,199999.96875,199999.96875,199999.96875
15.712,199999.96875,199999.96875,199999.96875,199999.96875,199999.96875,199999.96875,199999.96875,199999.96875
15.716,199999.96875,199999.96875,199999.96875,199999.96875,199999.96875,199999.96875,199999.96875,199999.96875
15.72,199999.96875,199999.96875,199999.96875,199999.96875,199999.96875,199999.96875,199999.96875,199999.96875
15.724,199999.96875,199999.96875,199999.96875,199999.96875,199999.96875,199999.96875,199999.96875,199999.96875
15.728,199999.96875,199999.96875,199999.96875,199999.96875,199999.96875,199999.96875,199999.96875,199999.96875
15.732,199999.96875,199999.96875,199999.96875,199999.96875,199999.96875,199999.96875,199999.96875,199999.96875
15.736,199999.96875,199999.96875,199999.96875,199999.96875,199999.96875,199999.96875,199999.96875,199999.96875
15.74,199999.96875,199999.96875,199999.96875,199999.96875,199999.96875,199999.96875,199999.96875,199999.96875
15.744,199999.96875,199999.96875,199999.96875,199999.96875,199999.96875,199999.96875,199999.96875,199999.96875
15.748,199999.96875,199999.96875,199999.96875,199999.96875,199999.96875,199999.96875,199999.96875,199999.96875
15.752,199999.96875,199999.96875,199999.96875,199999.96875,199999.96875,199999.96875,199999.96875,199999.96875
15.756,199999.96875,199999.96875,199999.96875,199999.96875,199999.96875,199999.96875,199999.96875,199999.96875
15.76,199999.96875,199999.96875,199999.96875,199999.96875,199999.96875,199999.96875,199999.96875,199999.96875
15.764,199999.96875,199999.96875,199999.96875,199999.96875,199999.96875,199999.96875,199999.96875,199999.96875
15.768,199999.96875,199999.96875,199999.96875,199999.96875,199999.96875,199999.96875,199999.96875,199999.96875
15.772,199999.96875,199999.96875,199999.96875,199999.96875,199999.96875,199999.96875,199999.96875,199999.96875
15.776,199999.96875,199999.96875,199999.96875,199999.96875,199999.96875,199999.96875,199999.96875,199999.96875
15.78,199999.96875,199999.96875,199999.96875,199999.96875,199999.96875,199999.96875,199999.96875,199999.96875
15.784,199999.96875,199999.96875,199999.96875,199999.96875,199999.96875,199999.96875,199999.96875,199999.96875
15.788,199999.96875,199999.96875,199999.96875,199999.96875,199999.96875,199999.96875,199999.96875,199999.96875
15.792,199999.96875,199999.96875,199999.96875,199999.96875,199999.96875,199999.96875,199999.96875,199999.96875
15.796,199999.96875,199999.96875,199999.96875,199999.96875,199999.96875,199999.96875,199999.96875,199999.96875
15.8,199999.96875,199999.96875,199999.96875,199999.96875,199999.96875,199999.96875,199999.96875,199999.96875
15.804,199999.96875,199999.96875,199999.96875,199999.96875,199999.96875,199999.96875,199999.96875,199999.96875
15.808,199999.96875,199999.96875,199999.96875,199999.96875,199999.96875,199999.96875,199999.96875,199999.96875
15.812,199999.96875,199999.96875,199999.96875,199999.96875,199999.96875,199999.96875,199999.96875,199999.96875
15.816,199999.96875,199999.96875,199999.96875,199999.96875,199999.96875,199999.96875,199999.96875,199999.96875
15.82,199999.96875,199999.96875,199999.96875,199999.96875,199999.96875,199999.96875,199999.96875,199999.96875
15.824,199999.96875,199999.96875,199999.96875,199999.96875,199999.96875,199999.96875,199999.96875,199999.96875
15.828,199999.96875,199999.96875,199999.96875,199999.96875,199999.96875,199999.96875,199999.96875,199999.96875
15.832,199999.96875,199999.96875,199999.96875,199999.96875,199999.96875,199999.96875,199999.96875,199999.96875
15.836,199999.96875,199999.96875,199999.96875,199999.96875,199999.96875,199999.96875,199999.96875,199999.96875
15.84,199999.96875,199999.96875,199999.96875,199999.96875,199999.96875,199999.96875,199999.96875,199999.96875
15.844,199999.96875,199999.96875,199999.96875,199999.96875,199999.96875,199999.96875,199999.96875,199999.96875
15.848,199999.96875,199999.96875,199999.96875,199999.96875,199999.96875,199999.96875,199999.96875,199999.96875
15.852,199999.96875,199999.96875,199999.96875,199999.96875,199999.96875,199999.96875,199999.96875,199999.96875
15.856,199999.96875,199999.96875,199999.96875,199999.96875,199999.96875,199999.96875,199999.96875,199999.96875
15.86,199999.96875,199999.96875,199999.96875,199999.96875,199999.96875,199999.96875,199999.96875,199999.96875
15.864,199999.96875,199999.96875,199999.96875,199999.96875,199999.96875,199999.96875,199999.96875,199999.96875
15.868,199999.96875,199999.96875,199999.96875,199999.96875,199999.96875,199999.96875,199999.96875,199999.96875
15.872,199999.96875,199999.96875,199999.96875,199999.96875,199999.96875,199999.96875,199999.96875,199999.96875
15.876,199999.96875,199999.96875,199999.96875,199999.96875,199999.96875,199999.96875,199999.96875,199999.96875
15.88,199999.96875,199999.96875,199999.96875,199999.96875,199999.96875,199999.96875,199999.96875,199999.96875
15.884,199999.96875,199999.96875,199999.96875,199999.96875,199999.96875,199999.96875,199999.96875,199999.96875
15.888,199999.96875,199999.96875,199999.96875,199999.96875,199999.96875,199999.96875,199999.96875,199999.96875
15.892,199999.96875,199999.96875,199999.96875,199999.96875,199999.96875,199999.96875,199999.96875,199999.96875
15.896,199999.96875,199999.96875,199999.96875,199999.96875,199999.96875,199999.96875,199999.96875,199999.96875
15.9,199999.96875,199999.96875,199999.96875,199999.96875,199999.96875,199999.96875,199999.96875,199999.96875
15.904,199999.96875,199999.96875,199999.96875,199999.96875,199999.96875,199999.96875,199999.96875,199999.96875
15.908,199999.96875,199999.96875,199999.96875,199999.96875,199999.96875,199999.96875,199999.96875,199999.96875
15.912,199999.96875,199999.96875,199999.96875,199999.96875,199999.96875,199999.96875,199999.96875,199999.96875
15.916,199999.96875,199999.96875,199999.96875,199999.96875,199999.96875,199999.96875,199999.96875,199999.96875
15.92,199999.96875,199999.96875,199999.96875,199999.96875,199999.96875,199999.96875,199999.96875,199999.96875
15.924,199999.96875,199999.96875,199999.96875,199999.96875,199999.96875,199999.96875,199999.96875,199999.96875
15.928,199999.96875,199999.96875,199999.96875,199999.96875,199999.96875,199999.96875,199999.96875,199999.96875
15.932,199999.96875,199999.96875,199999.96875,199999.96875,199999.96875,199999.96875,199999.96875,199999.96875
15.936,199999.96875,199999.96875,199999.96875,199999.96875,199999.96875,199999.96875,199999.96875,199999.96875
15.94,199999.96875,199999.96875,199999.96875,199999.96875,199999.96875,199999.96875,199999.96875,199999.96875
15.944,199999.96875,199999.96875,199999.96875,199999.96875,199999.96875,199999.96875,199999.96875,199999.96875
15.948,199999.96875,199999.96875,199999.96875,199999.96875,199999.96875,199999.96875,199999.96875,199999.96875
15.952,199999.96875,199999.96875,199999.96875,199999.96875,199999.96875,199999.96875,199999.96875,199999.96875
15.956,199999.96875,199999.96875,199999.96875,199999.96875,199999.96875,199999.96875,199999.96875,199999.96875
15.96,199999.96875,199999.96875,199999.96875,199999.96875,199999.96875,199999.96875,199999.96875,199999.96875
15.964,199999.96875,199999.96875,199999.96875,199999.96875,199999.96875,199999.96875,199999.96875,199999.96875
15.968,199999.96875,199999.96875,199999.96875,199999.96875,199999.96875,199999.96875,199999.96875,199999.96875
15.972,199999.96875,199999.96875,199999.96875,199999.96875,199999.96875,199999.96875,199999.96875,199999.96875
15.976,199999.96875,199999.96875,199999.96875,199999.96875,199999.96875,199999.96875,199999.96875,199999.96875
15.98,199999.96875,199999.96875,199999.96875,199999.96875,199999.96875,199999.96875,199999.96875,199999.96875
15.984,199999.96875,199999.96875,199999.96875,199999.96875,199999.96875,199999.96875,199999.96875,199999.96875
15.988,199999.96875,199999.96875,199999.96875,199999.96875,199999.96875,199999.96875,199999.96875,199999.96875
15.992,199999.96875,199999.96875,199999.96875,199999.96875,199999.96875,199999.96875,199999.96875,199999.96875
15.996,199999.96875,199999.96875,199999.96875,199999.96875,199999.96875,199999.96875,199999.96875,199999.96875
16,199999.96875,199999.96875,199999.96875,199999.96875,199999.96875,199999.96875,199999.96875,199999.96875
16.004,199999.96875,199999.96875,199999.96875,199999.96875,199999.96875,199999.96875,199999.96875,199999.96875
16.008,199999.96875,199999.96875,199999.96875,199999.96875,199999.96875,199999.96875,199999.96875,199999.96875
16.012,199999.96875,199999.96875,199999.96875,199999.96875,199999.96875,199999.96875,199999.96875,199999.96875
16.016,199999.96875,199999.96875,199999.96875,199999.96875,199999.96875,199999.96875,199999.96875,199999.96875
16.02,199999.96875,199999.96875,199999.96875,199999.96875,199999.96875,199999.96875,199999.96875,199999.96875
16.024,199999.96875,199999.96875,199999.96875,199999.96875,199999.96875,199999.96875,199999.96875,199999.96875
16.028,199999.96875,199999.96875,199999.96875,199999.96875,199999.96875,199999.96875,199999.96875,199999.96875
16.032,199999.96875,199999.96875,199999.96875,199999.96875,199999.96875,199999.96875,199999.96875,199999.96875
16.036,199999.96875,199999.96875,199999.96875,199999.96875,199999.96875,199999.96875,199999.96875,199999.96875
16.04,199999.96875,199999.96875,199999.96875,199999.96875,199999.96875,199999.96875,199999.96875,199999.96875
16.044,199999.96875,199999.96875,199999.96875,199999.96875,199999.96875,199999.96875,199999.96875,199999.96875
16.048,199999.96875,199999.96875,199999.96875,199999.96875,199999.96875,199999.96875,199999.96875,199999.96875
16.052,199999.96875,199999.96875,199999.96875,199999.96875,199999.96875,199999.96875,199999.96875,199999.96875
16.056,199999.96875,199999.96875,199999.96875,199999.96875,199999.96875,199999.96875,199999.96875,199999.96875
16.06,199999.96875,199999.96875,199999.96875,199999.96875,199999.96875,199999.96875,199999.96875,199999.96875
16.064,199999.96875,199999.96875,199999.96875,199999.96875,199999.96875,199999.96875,199999.96875,199999.96875
16.068,199999.96875,199999.96875,199999.96875,199999.96875,199999.96875,199999.96875,199999.96875,199999.96875
16.072,199999.96875,199999.96875,199999.96875,199999.96875,199999.96875,199999.96875,199999.96875,199999.96875
16.076,199999.96875,199999.96875,199999.96875,199999.96875,199999.96875,199999.96875,199999.96875,199999.96875
16.08,199999.96875,199999.96875,199999.96875,199999.96875,199999.96875,199999.96875,199999.96875,199999.96875
16.084,199999.96875,199999.96875,199999.96875,199999.96875,199999.96875,199999.96875,199999.96875,199999.96875
16.088,199999.96875,199999.96875,199999.96875,199999.96875,199999.96875,199999.96875,199999.96875,199999.96875
16.092,199999.96875,199999.96875,199999.96875,199999.96875,199999.96875,199999.96875,199999.96875,199999.96875
16.096,199999.96875,199999.96875,199999.96875,199999.96875,199999.96875,199999.96875,199999.96875,199999.96875
16.1,199999.96875,199999.96875,199999.96875,199999.96875,199999.96875,199999.96875,199999.96875,199999.96875
16.104,199999.96875,199999.96875,199999.96875,199999.96875,199999.96875,199999.96875,199999.96875,199999.96875
16.108,199999.96875,199999.96875,199999.96875,199999.96875,199999.96875,199999.96875,199999.96875,199999.96875
16.112,199999.96875,199999.96875,199999.96875,199999.96875,199999.96875,199999.96875,199999.96875,199999.96875
16.116,199999.96875,199999.96875,199999.96875,199999.96875,199999.96875,199999.96875,199999.96875,199999.96875
16.12,199999.96875,199999.96875,199999.96875,199999.96875,199999.96875,199999.96875,199999.96875,199999.96875
16.124,199999.96875,199999.96875,199999.96875,199999.96875,199999.96875,199999.96875,199999.96875,199999.96875
16.128,199999.96875,199999.96875,199999.96875,199999.96875,199999.96875,199999.96875,199999.96875,199999.96875
16.132,199999.96875,199999.96875,199999.96875,199999.96875,199999.96875,199999.96875,199999.96875,199999.96875
16.136,199999.96875,199999.96875,199999.96875,199999.96875,199999.96875,199999.96875,199999.96875,199999.96875
16.14,199999.96875,199999.96875,199999.96875,199999.96875,199999.96875,199999.96875,199999.96875,199999.96875
16.144,199999.96875,199999.96875,199999.96875,199999.96875,199999.96875,199999.96875,199999.96875,199999.96875
16.148,199999.96875,199999.96875,199999.96875,199999.96875,199999.96875,199999.96875,199999.96875,199999.96875
16.152,199999.96875,199999.96875,199999.96875,199999.96875,199999.96875,199999.96875,199999.96875,199999.96875
16.156,199999.96875,199999.96875,199999.96875,199999.96875,199999.96875,199999.96875,199999.96875,199999.96875
16.16,199999.96875,199999.96875,199999.96875,199999.96875,199999.96875,199999.96875,199999.96875,199999.96875
16.164,199999.96875,199999.96875,199999.96875,199999.96875,199999.96875,199999.96875,199999.96875,199999.96875
16.168,199999.96875,199999.96875,199999.96875,199999.96875,199999.96875,199999.96875,199999.96875,199999.96875
16.172,199999.96875,199999.96875,199999.96875,199999.96875,199999.96875,199999.96875,199999.96875,199999.96875
16.176,199999.96875,199999.96875,199999.96875,199999.96875,199999.96875,199999.96875,199999.96875,199999.96875
16.18,199999.96875,199999.96875,199999.96875,199999.96875,199999.96875,199999.96875,199999.96875,199999.96875
16.184,199999.96875,199999.96875,199999.96875,199999.96875,199999.96875,199999.96875,199999.96875,199999.96875
16.188,199999.96875,199999.96875,199999.96875,199999.96875,199999.96875,199999.96875,199999.96875,199999.96875
16.192,199999.96875,199999.96875,199999.96875,199999.96875,199999.96875,199999.96875,199999.96875,199999.96875
16.196,199999.96875,199999.96875,199999.96875,199999.96875,199999.96875,199999.96875,199999.96875,199999.96875
16.2,199999.96875,199999.96875,199999.96875,199999.96875,199999.96875,199999.96875,199999.96875,199999.96875
16.204,199999.96875,199999.96875,199999.96875,199999.96875,199999.96875,199999.96875,199999.96875,199999.96875
16.208,199999.96875,199999.96875,199999.96875,199999.96875,199999.96875,199999.96875,199999.96875,199999.96875
16.212,199999.96875,199999.96875,199999.96875,199999.96875,199999.96875,199999.96875,199999.96875,199999.96875
16.216,199999.96875,199999.96875,199999.96875,199999.96875,199999.96875,199999.96875,199999.96875,199999.96875
16.22,199999.96875,199999.96875,199999.96875,199999.96875,199999.96875,199999.96875,199999.96875,199999.96875
16.224,199999.96875,199999.96875,199999.96875,199999.96875,199999.96875,199999.96875,199999.96875,199999.96875
16.228,199999.96875,199999.96875,199999.96875,199999.96875,199999.96875,199999.96875,199999.96875,199999.96875
16.232,199999.96875,199999.96875,199999.96875,199999.96875,199999.96875,199999.96875,199999.96875,199999.96875
16.236,199999.96875,199999.96875,199999.96875,199999.96875,199999.96875,199999.96875,199999.96875,199999.96875
16.24,199999.96875,199999.96875,199999.96875,199999.96875,199999.96875,199999.96875,199999.96875,199999.96875
16.244,199999.96875,199999.96875,199999.96875,199999.96875,199999.96875,199999.96875,199999.96875,199999.96875
16.248,199999.96875,199999.96875,199999.96875,199999.96875,199999.96875,199999.96875,199999.96875,199999.96875
16.252,199999.96875,199999.96875,199999.96875,199999.96875,199999.96875,199999.96875,199999.96875,199999.96875
16.256,199999.96875,199999.96875,199999.96875,199999.96875,199999.96875,199999.96875,199999.96875,199999.96875
16.26,199999.96875,199999.96875,199999.96875,199999.96875,199999.96875,199999.96875,199999.96875,199999.96875
16.264,199999.96875,199999.96875,199999.96875,199999.96875,199999.96875,199999.96875,199999.96875,199999.96875
16.268,199999.96875,199999.96875,199999.96875,199999.96875,199999.96875,199999.96875,199999.96875,199999.96875
16.272,199999.96875,199999.96875,199999.96875,199999.96875,199999.96875,199999.96875,199999.96875,199999.96875
16.276,199999.96875,199999.96875,199999.96875,199999.96875,199999.96875,199999.96875,199999.96875,199999.96875
16.28,199999.96875,199999.96875,199999.96875,199999.96875,199999.96875,199999.96875,199999.96875,199999.96875
16.284,199999.96875,199999.96875,199999.96875,199999.96875,199999.96875,199999.96875,199999.96875,199999.96875
16.288,199999.96875,199999.96875,199999.96875,199999.96875,199999.96875,199999.96875,199999.96875,199999.96875
16.292,199999.96875,199999.96875,199999.96875,199999.96875,199999.96875,199999.96875,199999.96875,199999.96875
16.296,199999.96875,199999.96875,199999.96875,199999.96875,199999.96875,199999.96875,199999.96875,199999.96875
16.3,199999.96875,199999.96875,199999.96875,199999.96875,199999.96875,199999.96875,199999.96875,199999.96875
16.304,199999.96875,199999.96875,199999.96875,199999.96875,199999.96875,199999.96875,199999.96875,199999.96875
16.308,199999.96875,199999.96875,199999.96875,199999.96875,199999.96875,199999.96875,199999.96875,199999.96875
16.312,199999.96875,199999.96875,199999.96875,199999.96875,199999.96875,199999.96875,199999.96875,199999.96875
16.316,199999.96875,199999.96875,199999.96875,199999.96875,199999.96875,199999.96875,199999.96875,199999.96875
16.32,199999.96875,199999.96875,199999.96875,199999.96875,199999.96875,199999.96875,199999.96875,199999.96875
16.324,199999.96875,199999.96875,199999.96875,199999.96875,199999.96875,199999.96875,199999.96875,199999.96875
16.328,199999.96875,199999.96875,199999.96875,199999.96875,199999.96875,199999.96875,199999.96875,199999.96875
16.332,199999.96875,199999.96875,199999.96875,199999.96875,199999.96875,199999.96875,199999.96875,199999.96875
16.336,199999.96875,199999.96875,199999.96875,199999.96875,199999.96875,199999.96875,199999.96875,199999.96875
16.34,199999.96875,199999.96875,199999.96875,199999.96875,199999.96875,199999.96875,199999.96875,199999.96875
16.344,199999.96875,199999.96875,199999.96875,199999.96875,199999.96875,199999.96875,199999.96875,199999.96875
16.348,199999.96875,199999.96875,199999.96875,199999.96875,199999.96875,199999.96875,199999.96875,199999.96875
16.352,199999.96875,199999.96875,199999.96875,199999.96875,199999.96875,199999.96875,199999.96875,199999.96875
16.356,199999.96875,199999.96875,199999.96875,199999.96875,199999.96875,199999.96875,199999.96875,199999.96875
16.36,199999.96875,199999.96875,199999.96875,199999.96875,199999.96875,199999.96875,199999.96875,199999.96875
16.364,199999.96875,199999.96875,199999.96875,199999.96875,199999.96875,199999.96875,199999.96875,199999.96875
16.368,199999.96875,199999.96875,199999.96875,199999.96875,199999.96875,199999.96875,199999.96875,199999.96875
16.372,199999.96875,199999.96875,199999.96875,199999.96875,199999.96875,199999.96875,199999.96875,199999.96875
16.376,199999.96875,199999.96875,199999.96875,199999.96875,199999.96875,199999.96875,199999.96875,199999.96875
16.38,199999.96875,199999.96875,199999.96875,199999.96875,199999.96875,199999.96875,199999.96875,199999.96875
16.384,199999.96875,199999.96875,199999.96875,199999.96875,199999.96875,199999.96875,199999.96875,199999.96875
16.388,199999.96875,199999.96875,199999.96875,199999.96875,199999.96875,199999.96875,199999.96875,199999.96875
16.392,199999.96875,199999.96875,199999.96875,199999.96875,199999.96875,199999.96875,199999.96875,199999.96875
16.396,199999.96875,199999.96875,199999.96875,199999.96875,199999.96875,199999.96875,199999.96875,199999.96875
16.4,199999.96875,199999.96875,199999.96875,199999.96875,199999.96875,199999.96875,199999.96875,199999.96875
16.404,199999.96875,199999.96875,199999.96875,199999.96875,199999.96875,199999.96875,199999.96875,199999.96875
16.408,199999.96875,199999.96875,199999.96875,199999.96875,199999.96875,199999.96875,199999.96875,199999.96875
16.412,199999.96875,199999.96875,199999.96875,199999.96875,199999.96875,199999.96875,199999.96875,199999.96875
16.416,199999.96875,199999.96875,199999.96875,199999.96875,199999.96875,199999.96875,199999.96875,199999.96875
16.42,199999.96875,199999.96875,199999.96875,199999.96875,199999.96875,199999.96875,199999.96875,199999.96875
16.424,199999.96875,199999.96875,199999.96875,199999.96875,199999.96875,199999.96875,199999.96875,199999.96875
16.428,199999.96875,199999.96875,199999.96875,199999.96875,199999.96875,199999.96875,199999.96875,199999.96875
16.432,199999.96875,199999.96875,199999.96875,199999.96875,199999.96875,199999.96875,199999.96875,199999.96875
16.436,199999.96875,199999.96875,199999.96875,199999.96875,199999.96875,199999.96875,199999.96875,199999.96875
16.44,199999.96875,199999.96875,199999.96875,199999.96875,199999.96875,199999.96875,199999.96875,199999.96875
16.444,199999.96875,199999.96875,199999.96875,199999.96875,199999.96875,199999.96875,199999.96875,199999.96875
16.448,199999.96875,199999.96875,199999.96875,199999.96875,199999.96875,199999.96875,199999.96875,199999.96875
16.452,199999.96875,199999.96875,199999.96875,199999.96875,199999.96875,199999.96875,199999.96875,199999.96875
16.456,199999.96875,199999.96875,199999.96875,199999.96875,199999.96875,199999.96875,199999.96875,199999.96875
16.46,199999.96875,199999.96875,199999.96875,199999.96875,199999.96875,199999.96875,199999.96875,199999.96875
16.464,199999.96875,199999.96875,199999.96875,199999.96875,199999.96875,199999.96875,199999.96875,199999.96875
16.468,199999.96875,199999.96875,199999.96875,199999.96875,199999.96875,199999.96875,199999.96875,199999.96875
16.472,199999.96875,199999.96875,199999.96875,199999.96875,199999.96875,199999.96875,199999.96875,199999.96875
16.476,199999.96875,199999.96875,199999.96875,199999.96875,199999.96875,199999.96875,199999.96875,199999.96875
16.48,199999.96875,199999.96875,199999.96875,199999.96875,199999.96875,199999.96875,199999.96875,199999.96875
16.484,199999.96875,199999.96875,199999.96875,199999.96875,199999.96875,199999.96875,199999.96875,199999.96875
16.488,199999.96875,199999.96875,199999.96875,199999.96875,199999.96875,199999.96875,199999.96875,199999.96875
16.492,199999.96875,199999.96875,199999.96875,199999.96875,199999.96875,199999.96875,199999.96875,199999.96875
16.496,199999.96875,199999.96875,199999.96875,199999.96875,199999.96875,199999.96875,199999.96875,199999.96875
16.5,199999.96875,199999.96875,199999.96875,199999.96875,199999.96875,199999.96875,199999.96875,199999.96875
16.504,199999.96875,199999.96875,199999.96875,199999.96875,199999.96875,199999.96875,199999.96875,199999.96875
16.508,199999.96875,199999.96875,199999.96875,199999.96875,199999.96875,199999.96875,199999.96875,199999.96875
16.512,199999.96875,199999.96875,199999.96875,199999.96875,199999.96875,199999.96875,199999.96875,199999.96875
16.516,199999.96875,199999.96875,199999.96875,199999.96875,199999.96875,199999.96875,199999.96875,199999.96875
16.52,199999.96875,199999.96875,199999.96875,199999.96875,199999.96875,199999.96875,199999.96875,199999.96875
16.524,199999.96875,199999.96875,199999.96875,199999.96875,199999.96875,199999.96875,199999.96875,199999.96875
16.528,199999.96875,199999.96875,199999.96875,199999.96875,199999.96875,199999.96875,199999.96875,199999.96875
16.532,199999.96875,199999.96875,199999.96875,199999.96875,199999.96875,199999.96875,199999.96875,199999.96875
16.536,199999.96875,199999.96875,199999.96875,199999.96875,199999.96875,199999.96875,199999.96875,199999.96875
16.54,199999.96875,199999.96875,199999.96875,199999.96875,199999.96875,199999.96875,199999.96875,199999.96875
16.544,199999.96875,199999.96875,199999.96875,199999.96875,199999.96875,199999.96875,199999.96875,199999.96875
16.548,199999.96875,199999.96875,199999.96875,199999.96875,199999.96875,199999.96875,199999.96875,199999.96875
16.552,199999.96875,199999.96875,199999.96875,199999.96875,199999.96875,199999.96875,199999.96875,199999.96875
16.556,199999.96875,199999.96875,199999.96875,199999.96875,199999.96875,199999.96875,199999.96875,199999.96875
16.56,199999.96875,199999.96875,199999.96875,199999.96875,199999.96875,199999.96875,199999.96875,199999.96875
16.564,199999.96875,199999.96875,199999.96875,199999.96875,199999.96875,199999.96875,199999.96875,199999.96875
16.568,199999.96875,199999.96875,199999.96875,199999.96875,199999.96875,199999.96875,199999.96875,199999.96875
16.572,199999.96875,199999.96875,199999.96875,199999.96875,199999.96875,199999.96875,199999.96875,199999.96875
16.576,199999.96875,199999.96875,199999.96875,199999.96875,199999.96875,199999.96875,199999.96875,199999.96875
16.58,199999.96875,199999.96875,199999.96875,199999.96875,199999.96875,199999.96875,199999.96875,199999.96875
16.584,199999.96875,199999.96875,199999.96875,199999.96875,199999.96875,199999.96875,199999.96875,199999.96875
16.588,199999.96875,199999.96875,199999.96875,199999.96875,199999.96875,199999.96875,199999.96875,199999.96875
16.592,199999.96875,199999.96875,199999.96875,199999.96875,199999.96875,199999.96875,199999.96875,199999.96875
16.596,199999.96875,199999.96875,199999.96875,199999.96875,199999.96875,199999.96875,199999.96875,199999.96875
16.6,199999.96875,199999.96875,199999.96875,199999.96875,199999.96875,199999.96875,199999.96875,199999.96875
16.604,199999.96875,199999.96875,199999.96875,199999.96875,199999.96875,199999.96875,199999.96875,199999.96875
16.608,199999.96875,199999.96875,199999.96875,199999.96875,199999.96875,199999.96875,199999.96875,199999.96875
16.612,199999.96875,199999.96875,199999.96875,199999.96875,199999.96875,199999.96875,199999.96875,199999.96875
16.616,199999.96875,199999.96875,199999.96875,199999.96875,199999.96875,199999.96875,199999.96875,199999.96875
16.62,199999.96875,199999.96875,199999.96875,199999.96875,199999.96875,199999.96875,199999.96875,199999.96875
16.624,199999.96875,199999.96875,199999.96875,199999.96875,199999.96875,199999.96875,199999.96875,199999.96875
16.628,199999.96875,199999.96875,199999.96875,199999.96875,199999.96875,199999.96875,199999.96875,199999.96875
16.632,199999.96875,199999.96875,199999.96875,199999.96875,199999.96875,199999.96875,199999.96875,199999.96875
16.636,199999.96875,199999.96875,199999.96875,199999.96875,199999.96875,199999.96875,199999.96875,199999.96875
16.64,199999.96875,199999.96875,199999.96875,199999.96875,199999.96875,199999.96875,199999.96875,199999.96875
16.644,199999.96875,199999.96875,199999.96875,199999.96875,199999.96875,199999.96875,199999.96875,199999.96875
16.648,199999.96875,199999.96875,199999.96875,199999.96875,199999.96875,199999.96875,199999.96875,199999.96875
16.652,199999.96875,199999.96875,199999.96875,199999.96875,199999.96875,199999.96875,199999.96875,199999.96875
16.656,199999.96875,199999.96875,199999.96875,199999.96875,199999.96875,199999.96875,199999.96875,199999.96875
16.66,199999.96875,199999.96875,199999.96875,199999.96875,199999.96875,199999.96875,199999.96875,199999.96875
16.664,199999.96875,199999.96875,199999.96875,199999.96875,199999.96875,199999.96875,199999.96875,199999.96875
16.668,199999.96875,199999.96875,199999.96875,199999.96875,199999.96875,199999.96875,199999.96875,199999.96875
16.672,199999.96875,199999.96875,199999.96875,199999.96875,199999.96875,199999.96875,199999.96875,199999.96875
16.676,199999.96875,199999.96875,199999.96875,199999.96875,199999.96875,199999.96875,199999.96875,199999.96875
16.68,199999.96875,199999.96875,199999.96875,199999.96875,199999.96875,199999.96875,199999.96875,199999.96875
16.684,199999.96875,199999.96875,199999.96875,199999.96875,199999.96875,199999.96875,199999.96875,199999.96875
16.688,199999.96875,199999.96875,199999.96875,199999.96875,199999.96875,199999.96875,199999.96875,199999.96875
16.692,199999.96875,199999.96875,199999.96875,199999.96875,199999.96875,199999.96875,199999.96875,199999.96875
16.696,199999.96875,199999.96875,199999.96875,199999.96875,199999.96875,199999.96875,199999.96875,199999.96875
16.7,199999.96875,199999.96875,199999.96875,199999.96875,199999.96875,199999.96875,199999.96875,199999.96875
16.704,199999.96875,199999.96875,199999.96875,199999.96875,199999.96875,199999.96875,199999.96875,199999.96875
16.708,199999.96875,199999.96875,199999.96875,199999.96875,199999.96875,199999.96875,199999.96875,199999.96875
16.712,199999.96875,199999.96875,199999.96875,199999.96875,199999.96875,199999.96875,199999.96875,199999.96875
16.716,199999.96875,199999.96875,199999.96875,199999.96875,199999.96875,199999.96875,199999.96875,199999.96875
16.72,199999.96875,199999.96875,199999.96875,199999.96875,199999.96875,199999.96875,199999.96875,199999.96875
16.724,199999.96875,199999.96875,199999.96875,199999.96875,199999.96875,199999.96875,199999.96875,199999.96875
16.728,199999.96875,199999.96875,199999.96875,199999.96875,199999.96875,199999.96875,199999.96875,199999.96875
16.732,199999.96875,199999.96875,199999.96875,199999.96875,199999.96875,199999.96875,199999.96875,199999.96875
16.736,199999.96875,199999.96875,199999.96875,199999.96875,199999.96875,199999.96875,199999.96875,199999.96875
16.74,199999.96875,199999.96875,199999.96875,199999.96875,199999.96875,199999.96875,199999.96875,199999.96875
16.744,199999.96875,199999.96875,199999.96875,199999.96875,199999.96875,199999.96875,199999.96875,199999.96875
16.748,199999.96875,199999.96875,199999.96875,199999.96875,199999.96875,199999.96875,199999.96875,199999.96875
16.752,199999.96875,199999.96875,199999.96875,199999.96875,199999.96875,199999.96875,199999.96875,199999.96875
16.756,199999.96875,199999.96875,199999.96875,199999.96875,199999.96875,199999.96875,199999.96875,199999.96875
16.76,199999.96875,199999.96875,199999.96875,199999.96875,199999.96875,199999.96875,199999.96875,199999.96875
16.764,199999.96875,199999.96875,199999.96875,199999.96875,199999.96875,199999.96875,199999.96875,199999.96875
16.768,199999.96875,199999.96875,199999.96875,199999.96875,199999.96875,199999.96875,199999.96875,199999.96875
16.772,199999.96875,199999.96875,199999.96875,199999.96875,199999.96875,199999.96875,199999.96875,199999.96875
16.776,199999.96875,199999.96875,199999.96875,199999.96875,199999.96875,199999.96875,199999.96875,199999.96875
16.78,199999.96875,199999.96875,199999.96875,199999.96875,199999.96875,199999.96875,199999.96875,199999.96875
16.784,199999.96875,199999.96875,199999.96875,199999.96875,199999.96875,199999.96875,199999.96875,199999.96875
16.788,199999.96875,199999.96875,199999.96875,199999.96875,199999.96875,199999.96875,199999.96875,199999.96875
16.792,199999.96875,199999.96875,199999.96875,199999.96875,199999.96875,199999.96875,199999.96875,199999.96875
16.796,199999.96875,199999.96875,199999.96875,199999.96875,199999.96875,199999.96875,199999.96875,199999.96875
16.8,199999.96875,199999.96875,199999.96875,199999.96875,199999.96875,199999.96875,199999.96875,199999.96875
16.804,199999.96875,199999.96875,199999.96875,199999.96875,199999.96875,199999.96875,199999.96875,199999.96875
16.808,199999.96875,199999.96875,199999.96875,199999.96875,199999.96875,199999.96875,199999.96875,199999.96875
16.812,199999.96875,199999.96875,199999.96875,199999.96875,199999.96875,199999.96875,199999.96875,199999.96875
16.816,199999.96875,199999.96875,199999.96875,199999.96875,199999.96875,199999.96875,199999.96875,199999.96875
16.82,199999.96875,199999.96875,199999.96875,199999.96875,199999.96875,199999.96875,199999.96875,199999.96875
16.824,199999.96875,199999.96875,199999.96875,199999.96875,199999.96875,199999.96875,199999.96875,199999.96875
16.828,199999.96875,199999.96875,199999.96875,199999.96875,199999.96875,199999.96875,199999.96875,199999.96875
16.832,199999.96875,199999.96875,199999.96875,199999.96875,199999.96875,199999.96875,199999.96875,199999.96875
16.836,199999.96875,199999.96875,199999.96875,199999.96875,199999.96875,199999.96875,199999.96875,199999.96875
16.84,199999.96875,199999.96875,199999.96875,199999.96875,199999.96875,199999.96875,199999.96875,199999.96875
16.844,199999.96875,199999.96875,199999.96875,199999.96875,199999.96875,199999.96875,199999.96875,199999.96875
16.848,199999.96875,199999.96875,199999.96875,199999.96875,199999.96875,199999.96875,199999.96875,199999.96875
16.852,199999.96875,199999.96875,199999.96875,199999.96875,199999.96875,199999.96875,199999.96875,199999.96875
16.856,199999.96875,199999.96875,199999.96875,199999.96875,199999.96875,199999.96875,199999.96875,199999.96875
16.86,199999.96875,199999.96875,199999.96875,199999.96875,199999.96875,199999.96875,199999.96875,199999.96875
16.864,199999.96875,199999.96875,199999.96875,199999.96875,199999.96875,199999.96875,199999.96875,199999.96875
16.868,199999.96875,199999.96875,199999.96875,199999.96875,199999.96875,199999.96875,199999.96875,199999.96875
16.872,199999.96875,199999.96875,199999.96875,199999.96875,199999.96875,199999.96875,199999.96875,199999.96875
16.876,199999.96875,199999.96875,199999.96875,199999.96875,199999.96875,199999.96875,199999.96875,199999.96875
16.88,199999.96875,199999.96875,199999.96875,199999.96875,199999.96875,199999.96875,199999.96875,199999.96875
16.884,199999.96875,199999.96875,199999.96875,199999.96875,199999.96875,199999.96875,199999.96875,199999.96875
16.888,199999.96875,199999.96875,199999.96875,199999.96875,199999.96875,199999.96875,199999.96875,199999.96875
16.892,199999.96875,199999.96875,199999.96875,199999.96875,199999.96875,199999.96875,199999.96875,199999.96875
16.896,199999.96875,199999.96875,199999.96875,199999.96875,199999.96875,199999.96875,199999.96875,199999.96875
16.9,199999.96875,199999.96875,199999.96875,199999.96875,199999.96875,199999.96875,199999.96875,199999.96875
16.904,199999.96875,199999.96875,199999.96875,199999.96875,199999.96875,199999.96875,199999.96875,199999.96875
16.908,199999.96875,199999.96875,199999.96875,199999.96875,199999.96875,199999.96875,199999.96875,199999.96875
16.912,199999.96875,199999.96875,199999.96875,199999.96875,199999.96875,199999.96875,199999.96875,199999.96875
16.916,199999.96875,199999.96875,199999.96875,199999.96875,199999.96875,199999.96875,199999.96875,199999.96875
16.92,199999.96875,199999.96875,199999.96875,199999.96875,199999.96875,199999.96875,199999.96875,199999.96875
16.924,199999.96875,199999.96875,199999.96875,199999.96875,199999.96875,199999.96875,199999.96875,199999.96875
16.928,199999.96875,199999.96875,199999.96875,199999.96875,199999.96875,199999.96875,199999.96875,199999.96875
16.932,199999.96875,199999.96875,199999.96875,199999.96875,199999.96875,199999.96875,199999.96875,199999.96875
16.936,199999.96875,199999.96875,199999.96875,199999.96875,199999.96875,199999.96875,199999.96875,199999.96875
16.94,199999.96875,199999.96875,199999.96875,199999.96875,199999.96875,199999.96875,199999.96875,199999.96875
16.944,199999.96875,199999.96875,199999.96875,199999.96875,199999.96875,199999.96875,199999.96875,199999.96875
16.948,199999.96875,199999.96875,199999.96875,199999.96875,199999.96875,199999.96875,199999.96875,199999.96875
16.952,199999.96875,199999.96875,199999.96875,199999.96875,199999.96875,199999.96875,199999.96875,199999.96875
16.956,199999.96875,199999.96875,199999.96875,199999.96875,199999.96875,199999.96875,199999.96875,199999.96875
16.96,199999.96875,199999.96875,199999.96875,199999.96875,199999.96875,199999.96875,199999.96875,199999.96875
16.964,199999.96875,199999.96875,199999.96875,199999.96875,199999.96875,199999.96875,199999.96875,199999.96875
16.968,199999.96875,199999.96875,199999.96875,199999.96875,199999.96875,199999.96875,199999.96875,199999.96875
16.972,199999.96875,199999.96875,199999.96875,199999.96875,199999.96875,199999.96875,199999.96875,199999.96875
16.976,199999.96875,199999.96875,199999.96875,199999.96875,199999.96875,199999.96875,199999.96875,199999.96875
16.98,199999.96875,199999.96875,199999.96875,199999.96875,199999.96875,199999.96875,199999.96875,199999.96875
16.984,199999.96875,199999.96875,199999.96875,199999.96875,199999.96875,199999.96875,199999.96875,199999.96875
16.988,199999.96875,199999.96875,199999.96875,199999.96875,199999.96875,199999.96875,199999.96875,199999.96875
16.992,199999.96875,199999.96875,199999.96875,199999.96875,199999.96875,199999.96875,199999.96875,199999.96875
16.996,199999.96875,199999.96875,199999.96875,199999.96875,199999.96875,199999.96875,199999.96875,199999.96875
17,199999.96875,199999.96875,199999.96875,199999.96875,199999.96875,199999.96875,199999.96875,199999.96875
17.004,199999.96875,199999.96875,199999.96875,199999.96875,199999.96875,199999.96875,199999.96875,199999.96875
17.008,199999.96875,199999.96875,199999.96875,199999.96875,199999.96875,199999.96875,199999.96875,199999.96875
17.012,199999.96875,199999.96875,199999.96875,199999.96875,199999.96875,199999.96875,199999.96875,199999.96875
17.016,199999.96875,199999.96875,199999.96875,199999.96875,199999.96875,199999.96875,199999.96875,199999.96875
17.02,199999.96875,199999.96875,199999.96875,199999.96875,199999.96875,199999.96875,199999.96875,199999.96875
17.024,199999.96875,199999.96875,199999.96875,199999.96875,199999.96875,199999.96875,199999.96875,199999.96875
17.028,199999.96875,199999.96875,199999.96875,199999.96875,199999.96875,199999.96875,199999.96875,199999.96875
17.032,199999.96875,199999.96875,199999.96875,199999.96875,199999.96875,199999.96875,199999.96875,199999.96875
17.036,199999.96875,199999.96875,199999.96875,199999.96875,199999.96875,199999.96875,199999.96875,199999.96875
17.04,199999.96875,199999.96875,199999.96875,199999.96875,199999.96875,199999.96875,199999.96875,199999.96875
17.044,199999.96875,199999.96875,199999.96875,199999.96875,199999.96875,199999.96875,199999.96875,199999.96875
17.048,199999.96875,199999.96875,199999.96875,199999.96875,199999.96875,199999.96875,199999.96875,199999.96875
17.052,199999.96875,199999.96875,199999.96875,199999.96875,199999.96875,199999.96875,199999.96875,199999.96875
17.056,199999.96875,199999.96875,199999.96875,199999.96875,199999.96875,199999.96875,199999.96875,199999.96875
17.06,199999.96875,199999.96875,199999.96875,199999.96875,199999.96875,199999.96875,199999.96875,199999.96875
17.064,199999.96875,199999.96875,199999.96875,199999.96875,199999.96875,199999.96875,199999.96875,199999.96875
17.068,199999.96875,199999.96875,199999.96875,199999.96875,199999.96875,199999.96875,199999.96875,199999.96875
17.072,199999.96875,199999.96875,199999.96875,199999.96875,199999.96875,199999.96875,199999.96875,199999.96875
17.076,199999.96875,199999.96875,199999.96875,199999.96875,199999.96875,199999.96875,199999.96875,199999.96875
17.08,199999.96875,199999.96875,199999.96875,199999.96875,199999.96875,199999.96875,199999.96875,199999.96875
17.084,199999.96875,199999.96875,199999.96875,199999.96875,199999.96875,199999.96875,199999.96875,199999.96875
17.088,199999.96875,199999.96875,199999.96875,199999.96875,199999.96875,199999.96875,199999.96875,199999.96875
17.092,199999.96875,199999.96875,199999.96875,199999.96875,199999.96875,199999.96875,199999.96875,199999.96875
17.096,199999.96875,199999.96875,199999.96875,199999.96875,199999.96875,199999.96875,199999.96875,199999.96875
17.1,199999.96875,199999.96875,199999.96875,199999.96875,199999.96875,199999.96875,199999.96875,199999.96875
17.104,199999.96875,199999.96875,199999.96875,199999.96875,199999.96875,199999.96875,199999.96875,199999.96875
17.108,199999.96875,199999.96875,199999.96875,199999.96875,199999.96875,199999.96875,199999.96875,199999.96875
17.112,199999.96875,199999.96875,199999.96875,199999.96875,199999.96875,199999.96875,199999.96875,199999.96875
17.116,199999.96875,199999.96875,199999.96875,199999.96875,199999.96875,199999.96875,199999.96875,199999.96875
17.12,199999.96875,199999.96875,199999.96875,199999.96875,199999.96875,199999.96875,199999.96875,199999.96875
17.124,199999.96875,199999.96875,199999.96875,199999.96875,199999.96875,199999.96875,199999.96875,199999.96875
17.128,199999.96875,199999.96875,199999.96875,199999.96875,199999.96875,199999.96875,199999.96875,199999.96875
17.132,199999.96875,199999.96875,199999.96875,199999.96875,199999.96875,199999.96875,199999.96875,199999.96875
17.136,199999.96875,199999.96875,199999.96875,199999.96875,199999.96875,199999.96875,199999.96875,199999.96875
17.14,199999.96875,199999.96875,199999.96875,199999.96875,199999.96875,199999.96875,199999.96875,199999.96875
17.144,199999.96875,199999.96875,199999.96875,199999.96875,199999.96875,199999.96875,199999.96875,199999.96875
17.148,199999.96875,199999.96875,199999.96875,199999.96875,199999.96875,199999.96875,199999.96875,199999.96875
17.152,199999.96875,199999.96875,199999.96875,199999.96875,199999.96875,199999.96875,199999.96875,199999.96875
17.156,199999.96875,199999.96875,199999.96875,199999.96875,199999.96875,199999.96875,199999.96875,199999.96875
17.16,199999.96875,199999.96875,199999.96875,199999.96875,199999.96875,199999.96875,199999.96875,199999.96875
17.164,199999.96875,199999.96875,199999.96875,199999.96875,199999.96875,199999.96875,199999.96875,199999.96875
17.168,199999.96875,199999.96875,199999.96875,199999.96875,199999.96875,199999.96875,199999.96875,199999.96875
17.172,199999.96875,199999.96875,199999.96875,199999.96875,199999.96875,199999.96875,199999.96875,199999.96875
17.176,199999.96875,199999.96875,199999.96875,199999.96875,199999.96875,199999.96875,199999.96875,199999.96875
17.18,199999.96875,199999.96875,199999.96875,199999.96875,199999.96875,199999.96875,199999.96875,199999.96875
17.184,199999.96875,199999.96875,199999.96875,199999.96875,199999.96875,199999.96875,199999.96875,199999.96875
17.188,199999.96875,199999.96875,199999.96875,199999.96875,199999.96875,199999.96875,199999.96875,199999.96875
17.192,199999.96875,199999.96875,199999.96875,199999.96875,199999.96875,199999.96875,199999.96875,199999.96875
17.196,199999.96875,199999.96875,199999.96875,199999.96875,199999.96875,199999.96875,199999.96875,199999.96875
17.2,199999.96875,199999.96875,199999.96875,199999.96875,199999.96875,199999.96875,199999.96875,199999.96875
17.204,199999.96875,199999.96875,199999.96875,199999.96875,199999.96875,199999.96875,199999.96875,199999.96875
17.208,199999.96875,199999.96875,199999.96875,199999.96875,199999.96875,199999.96875,199999.96875,199999.96875
17.212,199999.96875,199999.96875,199999.96875,199999.96875,199999.96875,199999.96875,199999.96875,199999.96875
17.216,199999.96875,199999.96875,199999.96875,199999.96875,199999.96875,199999.96875,199999.96875,199999.96875
17.22,199999.96875,199999.96875,199999.96875,199999.96875,199999.96875,199999.96875,199999.96875,199999.96875
17.224,199999.96875,199999.96875,199999.96875,199999.96875,199999.96875,199999.96875,199999.96875,199999.96875
17.228,199999.96875,199999.96875,199999.96875,199999.96875,199999.96875,199999.96875,199999.96875,199999.96875
17.232,199999.96875,199999.96875,199999.96875,199999.96875,199999.96875,199999.96875,199999.96875,199999.96875
17.236,199999.96875,199999.96875,199999.96875,199999.96875,199999.96875,199999.96875,199999.96875,199999.96875
17.24,199999.96875,199999.96875,199999.96875,199999.96875,199999.96875,199999.96875,199999.96875,199999.96875
17.244,199999.96875,199999.96875,199999.96875,199999.96875,199999.96875,199999.96875,199999.96875,199999.96875
17.248,199999.96875,199999.96875,199999.96875,199999.96875,199999.96875,199999.96875,199999.96875,199999.96875
17.252,199999.96875,199999.96875,199999.96875,199999.96875,199999.96875,199999.96875,199999.96875,199999.96875
17.256,199999.96875,199999.96875,199999.96875,199999.96875,199999.96875,199999.96875,199999.96875,199999.96875
17.26,199999.96875,199999.96875,199999.96875,199999.96875,199999.96875,199999.96875,199999.96875,199999.96875
17.264,199999.96875,199999.96875,199999.96875,199999.96875,199999.96875,199999.96875,199999.96875,199999.96875
17.268,199999.96875,199999.96875,199999.96875,199999.96875,199999.96875,199999.96875,199999.96875,199999.96875
17.272,199999.96875,199999.96875,199999.96875,199999.96875,199999.96875,199999.96875,199999.96875,199999.96875
17.276,199999.96875,199999.96875,199999.96875,199999.96875,199999.96875,199999.96875,199999.96875,199999.96875
17.28,199999.96875,199999.96875,199999.96875,199999.96875,199999.96875,199999.96875,199999.96875,199999.96875
17.284,199999.96875,199999.96875,199999.96875,199999.96875,199999.96875,199999.96875,199999.96875,199999.96875
17.288,199999.96875,199999.96875,199999.96875,199999.96875,199999.96875,199999.96875,199999.96875,199999.96875
17.292,199999.96875,199999.96875,199999.96875,199999.96875,199999.96875,199999.96875,199999.96875,199999.96875
17.296,199999.96875,199999.96875,199999.96875,199999.96875,199999.96875,199999.96875,199999.96875,199999.96875
17.3,199999.96875,199999.96875,199999.96875,199999.96875,199999.96875,199999.96875,199999.96875,199999.96875
17.304,199999.96875,199999.96875,199999.96875,199999.96875,199999.96875,199999.96875,199999.96875,199999.96875
17.308,199999.96875,199999.96875,199999.96875,199999.96875,199999.96875,199999.96875,199999.96875,199999.96875
17.312,199999.96875,199999.96875,199999.96875,199999.96875,199999.96875,199999.96875,199999.96875,199999.96875
17.316,199999.96875,199999.96875,199999.96875,199999.96875,199999.96875,199999.96875,199999.96875,199999.96875
17.32,199999.96875,199999.96875,199999.96875,199999.96875,199999.96875,199999.96875,199999.96875,199999.96875
17.324,199999.96875,199999.96875,199999.96875,199999.96875,199999.96875,199999.96875,199999.96875,199999.96875
17.328,199999.96875,199999.96875,199999.96875,199999.96875,199999.96875,199999.96875,199999.96875,199999.96875
17.332,199999.96875,199999.96875,199999.96875,199999.96875,199999.96875,199999.96875,199999.96875,199999.96875
17.336,199999.96875,199999.96875,199999.96875,199999.96875,199999.96875,199999.96875,199999.96875,199999.96875
17.34,199999.96875,199999.96875,199999.96875,199999.96875,199999.96875,199999.96875,199999.96875,199999.96875
17.344,199999.96875,199999.96875,199999.96875,199999.96875,199999.96875,199999.96875,199999.96875,199999.96875
17.348,199999.96875,199999.96875,199999.96875,199999.96875,199999.96875,199999.96875,199999.96875,199999.96875
17.352,199999.96875,199999.96875,199999.96875,199999.96875,199999.96875,199999.96875,199999.96875,199999.96875
17.356,199999.96875,199999.96875,199999.96875,199999.96875,199999.96875,199999.96875,199999.96875,199999.96875
17.36,199999.96875,199999.96875,199999.96875,199999.96875,199999.96875,199999.96875,199999.96875,199999.96875
17.364,199999.96875,199999.96875,199999.96875,199999.96875,199999.96875,199999.96875,199999.96875,199999.96875
17.368,199999.96875,199999.96875,199999.96875,199999.96875,199999.96875,199999.96875,199999.96875,199999.96875
17.372,199999.96875,199999.96875,199999.96875,199999.96875,199999.96875,199999.96875,199999.96875,199999.96875
17.376,199999.96875,199999.96875,199999.96875,199999.96875,199999.96875,199999.96875,199999.96875,199999.96875
17.38,199999.96875,199999.96875,199999.96875,199999.96875,199999.96875,199999.96875,199999.96875,199999.96875
17.384,199999.96875,199999.96875,199999.96875,199999.96875,199999.96875,199999.96875,199999.96875,199999.96875
17.388,199999.96875,199999.96875,199999.96875,199999.96875,199999.96875,199999.96875,199999.96875,199999.96875
17.392,199999.96875,199999.96875,199999.96875,199999.96875,199999.96875,199999.96875,199999.96875,199999.96875
17.396,199999.96875,199999.96875,199999.96875,199999.96875,199999.96875,199999.96875,199999.96875,199999.96875
17.4,199999.96875,199999.96875,199999.96875,199999.96875,199999.96875,199999.96875,199999.96875,199999.96875
17.404,199999.96875,199999.96875,199999.96875,199999.96875,199999.96875,199999.96875,199999.96875,199999.96875
17.408,199999.96875,199999.96875,199999.96875,199999.96875,199999.96875,199999.96875,199999.96875,199999.96875
17.412,199999.96875,199999.96875,199999.96875,199999.96875,199999.96875,199999.96875,199999.96875,199999.96875
17.416,199999.96875,199999.96875,199999.96875,199999.96875,199999.96875,199999.96875,199999.96875,199999.96875
17.42,199999.96875,199999.96875,199999.96875,199999.96875,199999.96875,199999.96875,199999.96875,199999.96875
17.424,199999.96875,199999.96875,199999.96875,199999.96875,199999.96875,199999.96875,199999.96875,199999.96875
17.428,199999.96875,199999.96875,199999.96875,199999.96875,199999.96875,199999.96875,199999.96875,199999.96875
17.432,199999.96875,199999.96875,199999.96875,199999.96875,199999.96875,199999.96875,199999.96875,199999.96875
17.436,199999.96875,199999.96875,199999.96875,199999.96875,199999.96875,199999.96875,199999.96875,199999.96875
17.44,199999.96875,199999.96875,199999.96875,199999.96875,199999.96875,199999.96875,199999.96875,199999.96875
17.444,199999.96875,199999.96875,199999.96875,199999.96875,199999.96875,199999.96875,199999.96875,199999.96875
17.448,199999.96875,199999.96875,199999.96875,199999.96875,199999.96875,199999.96875,199999.96875,199999.96875
17.452,199999.96875,199999.96875,199999.96875,199999.96875,199999.96875,199999.96875,199999.96875,199999.96875
17.456,199999.96875,199999.96875,199999.96875,199999.96875,199999.96875,199999.96875,199999.96875,199999.96875
17.46,199999.96875,199999.96875,199999.96875,199999.96875,199999.96875,199999.96875,199999.96875,199999.96875
17.464,199999.96875,199999.96875,199999.96875,199999.96875,199999.96875,199999.96875,199999.96875,199999.96875
17.468,199999.96875,199999.96875,199999.96875,199999.96875,199999.96875,199999.96875,199999.96875,199999.96875
17.472,199999.96875,199999.96875,199999.96875,199999.96875,199999.96875,199999.96875,199999.96875,199999.96875
17.476,199999.96875,199999.96875,199999.96875,199999.96875,199999.96875,199999.96875,199999.96875,199999.96875
17.48,199999.96875,199999.96875,199999.96875,199999.96875,199999.96875,199999.96875,199999.96875,199999.96875
17.484,199999.96875,199999.96875,199999.96875,199999.96875,199999.96875,199999.96875,199999.96875,199999.96875
17.488,199999.96875,199999.96875,199999.96875,199999.96875,199999.96875,199999.96875,199999.96875,199999.96875
17.492,199999.96875,199999.96875,199999.96875,199999.96875,199999.96875,199999.96875,199999.96875,199999.96875
17.496,199999.96875,199999.96875,199999.96875,199999.96875,199999.96875,199999.96875,199999.96875,199999.96875
17.5,199999.96875,199999.96875,199999.96875,199999.96875,199999.96875,199999.96875,199999.96875,199999.96875
17.504,199999.96875,199999.96875,199999.96875,199999.96875,199999.96875,199999.96875,199999.96875,199999.96875
17.508,199999.96875,199999.96875,199999.96875,199999.96875,199999.96875,199999.96875,199999.96875,199999.96875
17.512,199999.96875,199999.96875,199999.96875,199999.96875,199999.96875,199999.96875,199999.96875,199999.96875
17.516,199999.96875,199999.96875,199999.96875,199999.96875,199999.96875,199999.96875,199999.96875,199999.96875
17.52,199999.96875,199999.96875,199999.96875,199999.96875,199999.96875,199999.96875,199999.96875,199999.96875
17.524,199999.96875,199999.96875,199999.96875,199999.96875,199999.96875,199999.96875,199999.96875,199999.96875
17.528,199999.96875,199999.96875,199999.96875,199999.96875,199999.96875,199999.96875,199999.96875,199999.96875
17.532,199999.96875,199999.96875,199999.96875,199999.96875,199999.96875,199999.96875,199999.96875,199999.96875
17.536,199999.96875,199999.96875,199999.96875,199999.96875,199999.96875,199999.96875,199999.96875,199999.96875
17.54,199999.96875,199999.96875,199999.96875,199999.96875,199999.96875,199999.96875,199999.96875,199999.96875
17.544,199999.96875,199999.96875,199999.96875,199999.96875,199999.96875,199999.96875,199999.96875,199999.96875
17.548,199999.96875,199999.96875,199999.96875,199999.96875,199999.96875,199999.96875,199999.96875,199999.96875
17.552,199999.96875,199999.96875,199999.96875,199999.96875,199999.96875,199999.96875,199999.96875,199999.96875
17.556,199999.96875,199999.96875,199999.96875,199999.96875,199999.96875,199999.96875,199999.96875,199999.96875
17.56,199999.96875,199999.96875,199999.96875,199999.96875,199999.96875,199999.96875,199999.96875,199999.96875
17.564,199999.96875,199999.96875,199999.96875,199999.96875,199999.96875,199999.96875,199999.96875,199999.96875
17.568,199999.96875,199999.96875,199999.96875,199999.96875,199999.96875,199999.96875,199999.96875,199999.96875
17.572,199999.96875,199999.96875,199999.96875,199999.96875,199999.96875,199999.96875,199999.96875,199999.96875
17.576,199999.96875,199999.96875,199999.96875,199999.96875,199999.96875,199999.96875,199999.96875,199999.96875
17.58,199999.96875,199999.96875,199999.96875,199999.96875,199999.96875,199999.96875,199999.96875,199999.96875
17.584,199999.96875,199999.96875,199999.96875,199999.96875,199999.96875,199999.96875,199999.96875,199999.96875
17.588,199999.96875,199999.96875,199999.96875,199999.96875,199999.96875,199999.96875,199999.96875,199999.96875
17.592,199999.96875,199999.96875,199999.96875,199999.96875,199999.96875,199999.96875,199999.96875,199999.96875
17.596,199999.96875,199999.96875,199999.96875,199999.96875,199999.96875,199999.96875,199999.96875,199999.96875
17.6,199999.96875,199999.96875,199999.96875,199999.96875,199999.96875,199999.96875,199999.96875,199999.96875
17.604,199999.96875,199999.96875,199999.96875,199999.96875,199999.96875,199999.96875,199999.96875,199999.96875
17.608,199999.96875,199999.96875,199999.96875,199999.96875,199999.96875,199999.96875,199999.96875,199999.96875
17.612,199999.96875,199999.96875,199999.96875,199999.96875,199999.96875,199999.96875,199999.96875,199999.96875
17.616,199999.96875,199999.96875,199999.96875,199999.96875,199999.96875,199999.96875,199999.96875,199999.96875
17.62,199999.96875,199999.96875,199999.96875,199999.96875,199999.96875,199999.96875,199999.96875,199999.96875
17.624,199999.96875,199999.96875,199999.96875,199999.96875,199999.96875,199999.96875,199999.96875,199999.96875
17.628,199999.96875,199999.96875,199999.96875,199999.96875,199999.96875,199999.96875,199999.96875,199999.96875
17.632,199999.96875,199999.96875,199999.96875,199999.96875,199999.96875,199999.96875,199999.96875,199999.96875
17.636,199999.96875,199999.96875,199999.96875,199999.96875,199999.96875,199999.96875,199999.96875,199999.96875
17.64,199999.96875,199999.96875,199999.96875,199999.96875,199999.96875,199999.96875,199999.96875,199999.96875
17.644,199999.96875,199999.96875,199999.96875,199999.96875,199999.96875,199999.96875,199999.96875,199999.96875
17.648,199999.96875,199999.96875,199999.96875,199999.96875,199999.96875,199999.96875,199999.96875,199999.96875
17.652,199999.96875,199999.96875,199999.96875,199999.96875,199999.96875,199999.96875,199999.96875,199999.96875
17.656,199999.96875,199999.96875,199999.96875,199999.96875,199999.96875,199999.96875,199999.96875,199999.96875
17.66,199999.96875,199999.96875,199999.96875,199999.96875,199999.96875,199999.96875,199999.96875,199999.96875
17.664,199999.96875,199999.96875,199999.96875,199999.96875,199999.96875,199999.96875,199999.96875,199999.96875
17.668,199999.96875,199999.96875,199999.96875,199999.96875,199999.96875,199999.96875,199999.96875,199999.96875
17.672,199999.96875,199999.96875,199999.96875,199999.96875,199999.96875,199999.96875,199999.96875,199999.96875
17.676,199999.96875,199999.96875,199999.96875,199999.96875,199999.96875,199999.96875,199999.96875,199999.96875
17.68,199999.96875,199999.96875,199999.96875,199999.96875,199999.96875,199999.96875,199999.96875,199999.96875
17.684,199999.96875,199999.96875,199999.96875,199999.96875,199999.96875,199999.96875,199999.96875,199999.96875
17.688,199999.96875,199999.96875,199999.96875,199999.96875,199999.96875,199999.96875,199999.96875,199999.96875
17.692,199999.96875,199999.96875,199999.96875,199999.96875,199999.96875,199999.96875,199999.96875,199999.96875
17.696,199999.96875,199999.96875,199999.96875,199999.96875,199999.96875,199999.96875,199999.96875,199999.96875
17.7,199999.96875,199999.96875,199999.96875,199999.96875,199999.96875,199999.96875,199999.96875,199999.96875
17.704,199999.96875,199999.96875,199999.96875,199999.96875,199999.96875,199999.96875,199999.96875,199999.96875
17.708,199999.96875,199999.96875,199999.96875,199999.96875,199999.96875,199999.96875,199999.96875,199999.96875
17.712,199999.96875,199999.96875,199999.96875,199999.96875,199999.96875,199999.96875,199999.96875,199999.96875
17.716,199999.96875,199999.96875,199999.96875,199999.96875,199999.96875,199999.96875,199999.96875,199999.96875
17.72,199999.96875,199999.96875,199999.96875,199999.96875,199999.96875,199999.96875,199999.96875,199999.96875
17.724,199999.96875,199999.96875,199999.96875,199999.96875,199999.96875,199999.96875,199999.96875,199999.96875
17.728,199999.96875,199999.96875,199999.96875,199999.96875,199999.96875,199999.96875,199999.96875,199999.96875
17.732,199999.96875,199999.96875,199999.96875,199999.96875,199999.96875,199999.96875,199999.96875,199999.96875
17.736,199999.96875,199999.96875,199999.96875,199999.96875,199999.96875,199999.96875,199999.96875,199999.96875
17.74,199999.96875,199999.96875,199999.96875,199999.96875,199999.96875,199999.96875,199999.96875,199999.96875
17.744,199999.96875,199999.96875,199999.96875,199999.96875,199999.96875,199999.96875,199999.96875,199999.96875
17.748,199999.96875,199999.96875,199999.96875,199999.96875,199999.96875,199999.96875,199999.96875,199999.96875
17.752,199999.96875,199999.96875,199999.96875,199999.96875,199999.96875,199999.96875,199999.96875,199999.96875
17.756,199999.96875,199999.96875,199999.96875,199999.96875,199999.96875,199999.96875,199999.96875,199999.96875
17.76,199999.96875,199999.96875,199999.96875,199999.96875,199999.96875,199999.96875,199999.96875,199999.96875
17.764,199999.96875,199999.96875,199999.96875,199999.96875,199999.96875,199999.96875,199999.96875,199999.96875
17.768,199999.96875,199999.96875,199999.96875,199999.96875,199999.96875,199999.96875,199999.96875,199999.96875
17.772,199999.96875,199999.96875,199999.96875,199999.96875,199999.96875,199999.96875,199999.96875,199999.96875
17.776,199999.96875,199999.96875,199999.96875,199999.96875,199999.96875,199999.96875,199999.96875,199999.96875
17.78,199999.96875,199999.96875,199999.96875,199999.96875,199999.96875,199999.96875,199999.96875,199999.96875
17.784,199999.96875,199999.96875,199999.96875,199999.96875,199999.96875,199999.96875,199999.96875,199999.96875
17.788,199999.96875,199999.96875,199999.96875,199999.96875,199999.96875,199999.96875,199999.96875,199999.96875
17.792,199999.96875,199999.96875,199999.96875,199999.96875,199999.96875,199999.96875,199999.96875,199999.96875
17.796,199999.96875,199999.96875,199999.96875,199999.96875,199999.96875,199999.96875,199999.96875,199999.96875
17.8,199999.96875,199999.96875,199999.96875,199999.96875,199999.96875,199999.96875,199999.96875,199999.96875
17.804,199999.96875,199999.96875,199999.96875,199999.96875,199999.96875,199999.96875,199999.96875,199999.96875
17.808,199999.96875,199999.96875,199999.96875,199999.96875,199999.96875,199999.96875,199999.96875,199999.96875
17.812,199999.96875,199999.96875,199999.96875,199999.96875,199999.96875,199999.96875,199999.96875,199999.96875
17.816,199999.96875,199999.96875,199999.96875,199999.96875,199999.96875,199999.96875,199999.96875,199999.96875
17.82,199999.96875,199999.96875,199999.96875,199999.96875,199999.96875,199999.96875,199999.96875,199999.96875
17.824,199999.96875,199999.96875,199999.96875,199999.96875,199999.96875,199999.96875,199999.96875,199999.96875
17.828,199999.96875,199999.96875,199999.96875,199999.96875,199999.96875,199999.96875,199999.96875,199999.96875
17.832,199999.96875,199999.96875,199999.96875,199999.96875,199999.96875,199999.96875,199999.96875,199999.96875
17.836,199999.96875,199999.96875,199999.96875,199999.96875,199999.96875,199999.96875,199999.96875,199999.96875
17.84,199999.96875,199999.96875,199999.96875,199999.96875,199999.96875,199999.96875,199999.96875,199999.96875
17.844,199999.96875,199999.96875,199999.96875,199999.96875,199999.96875,199999.96875,199999.96875,199999.96875
17.848,199999.96875,199999.96875,199999.96875,199999.96875,199999.96875,199999.96875,199999.96875,199999.96875
17.852,199999.96875,199999.96875,199999.96875,199999.96875,199999.96875,199999.96875,199999.96875,199999.96875
17.856,199999.96875,199999.96875,199999.96875,199999.96875,199999.96875,199999.96875,199999.96875,199999.96875
17.86,199999.96875,199999.96875,199999.96875,199999.96875,199999.96875,199999.96875,199999.96875,199999.96875
17.864,199999.96875,199999.96875,199999.96875,199999.96875,199999.96875,199999.96875,199999.96875,199999.96875
17.868,199999.96875,199999.96875,199999.96875,199999.96875,199999.96875,199999.96875,199999.96875,199999.96875
17.872,199999.96875,199999.96875,199999.96875,199999.96875,199999.96875,199999.96875,199999.96875,199999.96875
17.876,199999.96875,199999.96875,199999.96875,199999.96875,199999.96875,199999.96875,199999.96875,199999.96875
17.88,199999.96875,199999.96875,199999.96875,199999.96875,199999.96875,199999.96875,199999.96875,199999.96875
17.884,199999.96875,199999.96875,199999.96875,199999.96875,199999.96875,199999.96875,199999.96875,199999.96875
17.888,199999.96875,199999.96875,199999.96875,199999.96875,199999.96875,199999.96875,199999.96875,199999.96875
17.892,199999.96875,199999.96875,199999.96875,199999.96875,199999.96875,199999.96875,199999.96875,199999.96875
17.896,199999.96875,199999.96875,199999.96875,199999.96875,199999.96875,199999.96875,199999.96875,199999.96875
17.9,199999.96875,199999.96875,199999.96875,199999.96875,199999.96875,199999.96875,199999.96875,199999.96875
17.904,199999.96875,199999.96875,199999.96875,199999.96875,199999.96875,199999.96875,199999.96875,199999.96875
17.908,199999.96875,199999.96875,199999.96875,199999.96875,199999.96875,199999.96875,199999.96875,199999.96875
17.912,199999.96875,199999.96875,199999.96875,199999.96875,199999.96875,199999.96875,199999.96875,199999.96875
17.916,199999.96875,199999.96875,199999.96875,199999.96875,199999.96875,199999.96875,199999.96875,199999.96875
17.92,199999.96875,199999.96875,199999.96875,199999.96875,199999.96875,199999.96875,199999.96875,199999.96875
17.924,199999.96875,199999.96875,199999.96875,199999.96875,199999.96875,199999.96875,199999.96875,199999.96875
17.928,199999.96875,199999.96875,199999.96875,199999.96875,199999.96875,199999.96875,199999.96875,199999.96875
17.932,199999.96875,199999.96875,199999.96875,199999.96875,199999.96875,199999.96875,199999.96875,199999.96875
17.936,199999.96875,199999.96875,199999.96875,199999.96875,199999.96875,199999.96875,199999.96875,199999.96875
17.94,199999.96875,199999.96875,199999.96875,199999.96875,199999.96875,199999.96875,199999.96875,199999.96875
17.944,199999.96875,199999.96875,199999.96875,199999.96875,199999.96875,199999.96875,199999.96875,199999.96875
17.948,199999.96875,199999.96875,199999.96875,199999.96875,199999.96875,199999.96875,199999.96875,199999.96875
17.952,199999.96875,199999.96875,199999.96875,199999.96875,199999.96875,199999.96875,199999.96875,199999.96875
17.956,199999.96875,199999.96875,199999.96875,199999.96875,199999.96875,199999.96875,199999.96875,199999.96875
17.96,199999.96875,199999.96875,199999.96875,199999.96875,199999.96875,199999.96875,199999.96875,199999.96875
17.964,199999.96875,199999.96875,199999.96875,199999.96875,199999.96875,199999.96875,199999.96875,199999.96875
17.968,199999.96875,199999.96875,199999.96875,199999.96875,199999.96875,199999.96875,199999.96875,199999.96875
17.972,199999.96875,199999.96875,199999.96875,199999.96875,199999.96875,199999.96875,199999.96875,199999.96875
17.976,199999.96875,199999.96875,199999.96875,199999.96875,199999.96875,199999.96875,199999.96875,199999.96875
17.98,199999.96875,199999.96875,199999.96875,199999.96875,199999.96875,199999.96875,199999.96875,199999.96875
17.984,199999.96875,199999.96875,199999.96875,199999.96875,199999.96875,199999.96875,199999.96875,199999.96875
17.988,199999.96875,199999.96875,199999.96875,199999.96875,199999.96875,199999.96875,199999.96875,199999.96875
17.992,199999.96875,199999.96875,199999.96875,199999.96875,199999.96875,199999.96875,199999.96875,199999.96875
17.996,199999.96875,199999.96875,199999.96875,199999.96875,199999.96875,199999.96875,199999.96875,199999.96875
18,199999.96875,199999.96875,199999.96875,199999.96875,199999.96875,199999.96875,199999.96875,199999.96875
18.004,199999.96875,199999.96875,199999.96875,199999.96875,199999.96875,199999.96875,199999.96875,199999.96875
18.008,199999.96875,199999.96875,199999.96875,199999.96875,199999.96875,199999.96875,199999.96875,199999.96875
18.012,199999.96875,199999.96875,199999.96875,199999.96875,199999.96875,199999.96875,199999.96875,199999.96875
18.016,199999.96875,199999.96875,199999.96875,199999.96875,199999.96875,199999.96875,199999.96875,199999.96875
18.02,199999.96875,199999.96875,199999.96875,199999.96875,199999.96875,199999.96875,199999.96875,199999.96875
18.024,199999.96875,199999.96875,199999.96875,199999.96875,199999.96875,199999.96875,199999.96875,199999.96875
18.028,199999.96875,199999.96875,199999.96875,199999.96875,199999.96875,199999.96875,199999.96875,199999.96875
18.032,199999.96875,199999.96875,199999.96875,199999.96875,199999.96875,199999.96875,199999.96875,199999.96875
18.036,199999.96875,199999.96875,199999.96875,199999.96875,199999.96875,199999.96875,199999.96875,199999.96875
18.04,199999.96875,199999.96875,199999.96875,199999.96875,199999.96875,199999.96875,199999.96875,199999.96875
18.044,199999.96875,199999.96875,199999.96875,199999.96875,199999.96875,199999.96875,199999.96875,199999.96875
18.048,199999.96875,199999.96875,199999.96875,199999.96875,199999.96875,199999.96875,199999.96875,199999.96875
18.052,199999.96875,199999.96875,199999.96875,199999.96875,199999.96875,199999.96875,199999.96875,199999.96875
18.056,199999.96875,199999.96875,199999.96875,199999.96875,199999.96875,199999.96875,199999.96875,199999.96875
18.06,199999.96875,199999.96875,199999.96875,199999.96875,199999.96875,199999.96875,199999.96875,199999.96875
18.064,199999.96875,199999.96875,199999.96875,199999.96875,199999.96875,199999.96875,199999.96875,199999.96875
18.068,199999.96875,199999.96875,199999.96875,199999.96875,199999.96875,199999.96875,199999.96875,199999.96875
18.072,199999.96875,199999.96875,199999.96875,199999.96875,199999.96875,199999.96875,199999.96875,199999.96875
18.076,199999.96875,199999.96875,199999.96875,199999.96875,199999.96875,199999.96875,199999.96875,199999.96875
18.08,199999.96875,199999.96875,199999.96875,199999.96875,199999.96875,199999.96875,199999.96875,199999.96875
18.084,199999.96875,199999.96875,199999.96875,199999.96875,199999.96875,199999.96875,199999.96875,199999.96875
18.088,199999.96875,199999.96875,199999.96875,199999.96875,199999.96875,199999.96875,199999.96875,199999.96875
18.092,199999.96875,199999.96875,199999.96875,199999.96875,199999.96875,199999.96875,199999.96875,199999.96875
18.096,199999.96875,199999.96875,199999.96875,199999.96875,199999.96875,199999.96875,199999.96875,199999.96875
18.1,199999.96875,199999.96875,199999.96875,199999.96875,199999.96875,199999.96875,199999.96875,199999.96875
18.104,199999.96875,199999.96875,199999.96875,199999.96875,199999.96875,199999.96875,199999.96875,199999.96875
18.108,199999.96875,199999.96875,199999.96875,199999.96875,199999.96875,199999.96875,199999.96875,199999.96875
18.112,199999.96875,199999.96875,199999.96875,199999.96875,199999.96875,199999.96875,199999.96875,199999.96875
18.116,199999.96875,199999.96875,199999.96875,199999.96875,199999.96875,199999.96875,199999.96875,199999.96875
18.12,199999.96875,199999.96875,199999.96875,199999.96875,199999.96875,199999.96875,199999.96875,199999.96875
18.124,199999.96875,199999.96875,199999.96875,199999.96875,199999.96875,199999.96875,199999.96875,199999.96875
18.128,199999.96875,199999.96875,199999.96875,199999.96875,199999.96875,199999.96875,199999.96875,199999.96875
18.132,199999.96875,199999.96875,199999.96875,199999.96875,199999.96875,199999.96875,199999.96875,199999.96875
18.136,199999.96875,199999.96875,199999.96875,199999.96875,199999.96875,199999.96875,199999.96875,199999.96875
18.14,199999.96875,199999.96875,199999.96875,199999.96875,199999.96875,199999.96875,199999.96875,199999.96875
18.144,199999.96875,199999.96875,199999.96875,199999.96875,199999.96875,199999.96875,199999.96875,199999.96875
18.148,199999.96875,199999.96875,199999.96875,199999.96875,199999.96875,199999.96875,199999.96875,199999.96875
18.152,199999.96875,199999.96875,199999.96875,199999.96875,199999.96875,199999.96875,199999.96875,199999.96875
18.156,199999.96875,199999.96875,199999.96875,199999.96875,199999.96875,199999.96875,199999.96875,199999.96875
18.16,199999.96875,199999.96875,199999.96875,199999.96875,199999.96875,199999.96875,199999.96875,199999.96875
18.164,199999.96875,199999.96875,199999.96875,199999.96875,199999.96875,199999.96875,199999.96875,199999.96875
18.168,199999.96875,199999.96875,199999.96875,199999.96875,199999.96875,199999.96875,199999.96875,199999.96875
18.172,199999.96875,199999.96875,199999.96875,199999.96875,199999.96875,199999.96875,199999.96875,199999.96875
18.176,199999.96875,199999.96875,199999.96875,199999.96875,199999.96875,199999.96875,199999.96875,199999.96875
18.18,199999.96875,199999.96875,199999.96875,199999.96875,199999.96875,199999.96875,199999.96875,199999.96875
18.184,199999.96875,199999.96875,199999.96875,199999.96875,199999.96875,199999.96875,199999.96875,199999.96875
18.188,199999.96875,199999.96875,199999.96875,199999.96875,199999.96875,199999.96875,199999.96875,199999.96875
18.192,199999.96875,199999.96875,199999.96875,199999.96875,199999.96875,199999.96875,199999.96875,199999.96875
18.196,199999.96875,199999.96875,199999.96875,199999.96875,199999.96875,199999.96875,199999.96875,199999.96875
18.2,199999.96875,199999.96875,199999.96875,199999.96875,199999.96875,199999.96875,199999.96875,199999.96875
18.204,199999.96875,199999.96875,199999.96875,199999.96875,199999.96875,199999.96875,199999.96875,199999.96875
18.208,199999.96875,199999.96875,199999.96875,199999.96875,199999.96875,199999.96875,199999.96875,199999.96875
18.212,199999.96875,199999.96875,199999.96875,199999.96875,199999.96875,199999.96875,199999.96875,199999.96875
18.216,199999.96875,199999.96875,199999.96875,199999.96875,199999.96875,199999.96875,199999.96875,199999.96875
18.22,199999.96875,199999.96875,199999.96875,199999.96875,199999.96875,199999.96875,199999.96875,199999.96875
18.224,199999.96875,199999.96875,199999.96875,199999.96875,199999.96875,199999.96875,199999.96875,199999.96875
18.228,199999.96875,199999.96875,199999.96875,199999.96875,199999.96875,199999.96875,199999.96875,199999.96875
18.232,199999.96875,199999.96875,199999.96875,199999.96875,199999.96875,199999.96875,199999.96875,199999.96875
18.236,199999.96875,199999.96875,199999.96875,199999.96875,199999.96875,199999.96875,199999.96875,199999.96875
18.24,199999.96875,199999.96875,199999.96875,199999.96875,199999.96875,199999.96875,199999.96875,199999.96875
18.244,199999.96875,199999.96875,199999.96875,199999.96875,199999.96875,199999.96875,199999.96875,199999.96875
18.248,199999.96875,199999.96875,199999.96875,199999.96875,199999.96875,199999.96875,199999.96875,199999.96875
18.252,199999.96875,199999.96875,199999.96875,199999.96875,199999.96875,199999.96875,199999.96875,199999.96875
18.256,199999.96875,199999.96875,199999.96875,199999.96875,199999.96875,199999.96875,199999.96875,199999.96875
18.26,199999.96875,199999.96875,199999.96875,199999.96875,199999.96875,199999.96875,199999.96875,199999.96875
18.264,199999.96875,199999.96875,199999.96875,199999.96875,199999.96875,199999.96875,199999.96875,199999.96875
18.268,199999.96875,199999.96875,199999.96875,199999.96875,199999.96875,199999.96875,199999.96875,199999.96875
18.272,199999.96875,199999.96875,199999.96875,199999.96875,199999.96875,199999.96875,199999.96875,199999.96875
18.276,199999.96875,199999.96875,199999.96875,199999.96875,199999.96875,199999.96875,199999.96875,199999.96875
18.28,199999.96875,199999.96875,199999.96875,199999.96875,199999.96875,199999.96875,199999.96875,199999.96875
18.284,199999.96875,199999.96875,199999.96875,199999.96875,199999.96875,199999.96875,199999.96875,199999.96875
18.288,199999.96875,199999.96875,199999.96875,199999.96875,199999.96875,199999.96875,199999.96875,199999.96875
18.292,199999.96875,199999.96875,199999.96875,199999.96875,199999.96875,199999.96875,199999.96875,199999.96875
18.296,199999.96875,199999.96875,199999.96875,199999.96875,199999.96875,199999.96875,199999.96875,199999.96875
18.3,199999.96875,199999.96875,199999.96875,199999.96875,199999.96875,199999.96875,199999.96875,199999.96875
18.304,199999.96875,199999.96875,199999.96875,199999.96875,199999.96875,199999.96875,199999.96875,199999.96875
18.308,199999.96875,199999.96875,199999.96875,199999.96875,199999.96875,199999.96875,199999.96875,199999.96875
18.312,199999.96875,199999.96875,199999.96875,199999.96875,199999.96875,199999.96875,199999.96875,199999.96875
18.316,199999.96875,199999.96875,199999.96875,199999.96875,199999.96875,199999.96875,199999.96875,199999.96875
18.32,199999.96875,199999.96875,199999.96875,199999.96875,199999.96875,199999.96875,199999.96875,199999.96875
18.324,199999.96875,199999.96875,199999.96875,199999.96875,199999.96875,199999.96875,199999.96875,199999.96875
18.328,199999.96875,199999.96875,199999.96875,199999.96875,199999.96875,199999.96875,199999.96875,199999.96875
18.332,199999.96875,199999.96875,199999.96875,199999.96875,199999.96875,199999.96875,199999.96875,199999.96875
18.336,199999.96875,199999.96875,199999.96875,199999.96875,199999.96875,199999.96875,199999.96875,199999.96875
18.34,199999.96875,199999.96875,199999.96875,199999.96875,199999.96875,199999.96875,199999.96875,199999.96875
18.344,199999.96875,199999.96875,199999.96875,199999.96875,199999.96875,199999.96875,199999.96875,199999.96875
18.348,199999.96875,199999.96875,199999.96875,199999.96875,199999.96875,199999.96875,199999.96875,199999.96875
18.352,199999.96875,199999.96875,199999.96875,199999.96875,199999.96875,199999.96875,199999.96875,199999.96875
18.356,199999.96875,199999.96875,199999.96875,199999.96875,199999.96875,199999.96875,199999.96875,199999.96875
18.36,199999.96875,199999.96875,199999.96875,199999.96875,199999.96875,199999.96875,199999.96875,199999.96875
18.364,199999.96875,199999.96875,199999.96875,199999.96875,199999.96875,199999.96875,199999.96875,199999.96875
18.368,199999.96875,199999.96875,199999.96875,199999.96875,199999.96875,199999.96875,199999.96875,199999.96875
18.372,199999.96875,199999.96875,199999.96875,199999.96875,199999.96875,199999.96875,199999.96875,199999.96875
18.376,199999.96875,199999.96875,199999.96875,199999.96875,199999.96875,199999.96875,199999.96875,199999.96875
18.38,199999.96875,199999.96875,199999.96875,199999.96875,199999.96875,199999.96875,199999.96875,199999.96875
18.384,199999.96875,199999.96875,199999.96875,199999.96875,199999.96875,199999.96875,199999.96875,199999.96875
18.388,199999.96875,199999.96875,199999.96875,199999.96875,199999.96875,199999.96875,199999.96875,199999.96875
18.392,199999.96875,199999.96875,199999.96875,199999.96875,199999.96875,199999.96875,199999.96875,199999.96875
18.396,199999.96875,199999.96875,199999.96875,199999.96875,199999.96875,199999.96875,199999.96875,199999.96875
18.4,199999.96875,199999.96875,199999.96875,199999.96875,199999.96875,199999.96875,199999.96875,199999.96875
18.404,199999.96875,199999.96875,199999.96875,199999.96875,199999.96875,199999.96875,199999.96875,199999.96875
18.408,199999.96875,199999.96875,199999.96875,199999.96875,199999.96875,199999.96875,199999.96875,199999.96875
18.412,199999.96875,199999.96875,199999.96875,199999.96875,199999.96875,199999.96875,199999.96875,199999.96875
18.416,199999.96875,199999.96875,199999.96875,199999.96875,199999.96875,199999.96875,199999.96875,199999.96875
18.42,199999.96875,199999.96875,199999.96875,199999.96875,199999.96875,199999.96875,199999.96875,199999.96875
18.424,199999.96875,199999.96875,199999.96875,199999.96875,199999.96875,199999.96875,199999.96875,199999.96875
18.428,199999.96875,199999.96875,199999.96875,199999.96875,199999.96875,199999.96875,199999.96875,199999.96875
18.432,199999.96875,199999.96875,199999.96875,199999.96875,199999.96875,199999.96875,199999.96875,199999.96875
18.436,199999.96875,199999.96875,199999.96875,199999.96875,199999.96875,199999.96875,199999.96875,199999.96875
18.44,199999.96875,199999.96875,199999.96875,199999.96875,199999.96875,199999.96875,199999.96875,199999.96875
18.444,199999.96875,199999.96875,199999.96875,199999.96875,199999.96875,199999.96875,199999.96875,199999.96875
18.448,199999.96875,199999.96875,199999.96875,199999.96875,199999.96875,199999.96875,199999.96875,199999.96875
18.452,199999.96875,199999.96875,199999.96875,199999.96875,199999.96875,199999.96875,199999.96875,199999.96875
18.456,199999.96875,199999.96875,199999.96875,199999.96875,199999.96875,199999.96875,199999.96875,199999.96875
18.46,199999.96875,199999.96875,199999.96875,199999.96875,199999.96875,199999.96875,199999.96875,199999.96875
18.464,199999.96875,199999.96875,199999.96875,199999.96875,199999.96875,199999.96875,199999.96875,199999.96875
18.468,199999.96875,199999.96875,199999.96875,199999.96875,199999.96875,199999.96875,199999.96875,199999.96875
18.472,199999.96875,199999.96875,199999.96875,199999.96875,199999.96875,199999.96875,199999.96875,199999.96875
18.476,199999.96875,199999.96875,199999.96875,199999.96875,199999.96875,199999.96875,199999.96875,199999.96875
18.48,199999.96875,199999.96875,199999.96875,199999.96875,199999.96875,199999.96875,199999.96875,199999.96875
18.484,199999.96875,199999.96875,199999.96875,199999.96875,199999.96875,199999.96875,199999.96875,199999.96875
18.488,199999.96875,199999.96875,199999.96875,199999.96875,199999.96875,199999.96875,199999.96875,199999.96875
18.492,199999.96875,199999.96875,199999.96875,199999.96875,199999.96875,199999.96875,199999.96875,199999.96875
18.496,199999.96875,199999.96875,199999.96875,199999.96875,199999.96875,199999.96875,199999.96875,199999.96875
18.5,199999.96875,199999.96875,199999.96875,199999.96875,199999.96875,199999.96875,199999.96875,199999.96875
18.504,199999.96875,199999.96875,199999.96875,199999.96875,199999.96875,199999.96875,199999.96875,199999.96875
18.508,199999.96875,199999.96875,199999.96875,199999.96875,199999.96875,199999.96875,199999.96875,199999.96875
18.512,199999.96875,199999.96875,199999.96875,199999.96875,199999.96875,199999.96875,199999.96875,199999.96875
18.516,199999.96875,199999.96875,199999.96875,199999.96875,199999.96875,199999.96875,199999.96875,199999.96875
18.52,199999.96875,199999.96875,199999.96875,199999.96875,199999.96875,199999.96875,199999.96875,199999.96875
18.524,199999.96875,199999.96875,199999.96875,199999.96875,199999.96875,199999.96875,199999.96875,199999.96875
18.528,199999.96875,199999.96875,199999.96875,199999.96875,199999.96875,199999.96875,199999.96875,199999.96875
18.532,199999.96875,199999.96875,199999.96875,199999.96875,199999.96875,199999.96875,199999.96875,199999.96875
18.536,199999.96875,199999.96875,199999.96875,199999.96875,199999.96875,199999.96875,199999.96875,199999.96875
18.54,199999.96875,199999.96875,199999.96875,199999.96875,199999.96875,199999.96875,199999.96875,199999.96875
18.544,199999.96875,199999.96875,199999.96875,199999.96875,199999.96875,199999.96875,199999.96875,199999.96875
18.548,199999.96875,199999.96875,199999.96875,199999.96875,199999.96875,199999.96875,199999.96875,199999.96875
18.552,199999.96875,199999.96875,199999.96875,199999.96875,199999.96875,199999.96875,199999.96875,199999.96875
18.556,199999.96875,199999.96875,199999.96875,199999.96875,199999.96875,199999.96875,199999.96875,199999.96875
18.56,199999.96875,199999.96875,199999.96875,199999.96875,199999.96875,199999.96875,199999.96875,199999.96875
18.564,199999.96875,199999.96875,199999.96875,199999.96875,199999.96875,199999.96875,199999.96875,199999.96875
18.568,199999.96875,199999.96875,199999.96875,199999.96875,199999.96875,199999.96875,199999.96875,199999.96875
18.572,199999.96875,199999.96875,199999.96875,199999.96875,199999.96875,199999.96875,199999.96875,199999.96875
18.576,199999.96875,199999.96875,199999.96875,199999.96875,199999.96875,199999.96875,199999.96875,199999.96875
18.58,199999.96875,199999.96875,199999.96875,199999.96875,199999.96875,199999.96875,199999.96875,199999.96875
18.584,199999.96875,199999.96875,199999.96875,199999.96875,199999.96875,199999.96875,199999.96875,199999.96875
18.588,199999.96875,199999.96875,199999.96875,199999.96875,199999.96875,199999.96875,199999.96875,199999.96875
18.592,199999.96875,199999.96875,199999.96875,199999.96875,199999.96875,199999.96875,199999.96875,199999.96875
18.596,199999.96875,199999.96875,199999.96875,199999.96875,199999.96875,199999.96875,199999.96875,199999.96875
18.6,199999.96875,199999.96875,199999.96875,199999.96875,199999.96875,199999.96875,199999.96875,199999.96875
18.604,199999.96875,199999.96875,199999.96875,199999.96875,199999.96875,199999.96875,199999.96875,199999.96875
18.608,199999.96875,199999.96875,199999.96875,199999.96875,199999.96875,199999.96875,199999.96875,199999.96875
18.612,199999.96875,199999.96875,199999.96875,199999.96875,199999.96875,199999.96875,199999.96875,199999.96875
18.616,199999.96875,199999.96875,199999.96875,199999.96875,199999.96875,199999.96875,199999.96875,199999.96875
18.62,199999.96875,199999.96875,199999.96875,199999.96875,199999.96875,199999.96875,199999.96875,199999.96875
18.624,199999.96875,199999.96875,199999.96875,199999.96875,199999.96875,199999.96875,199999.96875,199999.96875
18.628,199999.96875,199999.96875,199999.96875,199999.96875,199999.96875,199999.96875,199999.96875,199999.96875
18.632,199999.96875,199999.96875,199999.96875,199999.96875,199999.96875,199999.96875,199999.96875,199999.96875
18.636,199999.96875,199999.96875,199999.96875,199999.96875,199999.96875,199999.96875,199999.96875,199999.96875
18.64,199999.96875,199999.96875,199999.96875,199999.96875,199999.96875,199999.96875,199999.96875,199999.96875
18.644,199999.96875,199999.96875,199999.96875,199999.96875,199999.96875,199999.96875,199999.96875,199999.96875
18.648,199999.96875,199999.96875,199999.96875,199999.96875,199999.96875,199999.96875,199999.96875,199999.96875
18.652,199999.96875,199999.96875,199999.96875,199999.96875,199999.96875,199999.96875,199999.96875,199999.96875
18.656,199999.96875,199999.96875,199999.96875,199999.96875,199999.96875,199999.96875,199999.96875,199999.96875
18.66,199999.96875,199999.96875,199999.96875,199999.96875,199999.96875,199999.96875,199999.96875,199999.96875
18.664,199999.96875,199999.96875,199999.96875,199999.96875,199999.96875,199999.96875,199999.96875,199999.96875
18.668,199999.96875,199999.96875,199999.96875,199999.96875,199999.96875,199999.96875,199999.96875,199999.96875
18.672,199999.96875,199999.96875,199999.96875,199999.96875,199999.96875,199999.96875,199999.96875,199999.96875
18.676,199999.96875,199999.96875,199999.96875,199999.96875,199999.96875,199999.96875,199999.96875,199999.96875
18.68,199999.96875,199999.96875,199999.96875,199999.96875,199999.96875,199999.96875,199999.96875,199999.96875
18.684,199999.96875,199999.96875,199999.96875,199999.96875,199999.96875,199999.96875,199999.96875,199999.96875
18.688,199999.96875,199999.96875,199999.96875,199999.96875,199999.96875,199999.96875,199999.96875,199999.96875
18.692,199999.96875,199999.96875,199999.96875,199999.96875,199999.96875,199999.96875,199999.96875,199999.96875
18.696,199999.96875,199999.96875,199999.96875,199999.96875,199999.96875,199999.96875,199999.96875,199999.96875
18.7,199999.96875,199999.96875,199999.96875,199999.96875,199999.96875,199999.96875,199999.96875,199999.96875
18.704,199999.96875,199999.96875,199999.96875,199999.96875,199999.96875,199999.96875,199999.96875,199999.96875
18.708,199999.96875,199999.96875,199999.96875,199999.96875,199999.96875,199999.96875,199999.96875,199999.96875
18.712,199999.96875,199999.96875,199999.96875,199999.96875,199999.96875,199999.96875,199999.96875,199999.96875
18.716,199999.96875,199999.96875,199999.96875,199999.96875,199999.96875,199999.96875,199999.96875,199999.96875
18.72,199999.96875,199999.96875,199999.96875,199999.96875,199999.96875,199999.96875,199999.96875,199999.96875
18.724,199999.96875,199999.96875,199999.96875,199999.96875,199999.96875,199999.96875,199999.96875,199999.96875
18.728,199999.96875,199999.96875,199999.96875,199999.96875,199999.96875,199999.96875,199999.96875,199999.96875
18.732,199999.96875,199999.96875,199999.96875,199999.96875,199999.96875,199999.96875,199999.96875,199999.96875
18.736,199999.96875,199999.96875,199999.96875,199999.96875,199999.96875,199999.96875,199999.96875,199999.96875
18.74,199999.96875,199999.96875,199999.96875,199999.96875,199999.96875,199999.96875,199999.96875,199999.96875
18.744,199999.96875,199999.96875,199999.96875,199999.96875,199999.96875,199999.96875,199999.96875,199999.96875
18.748,199999.96875,199999.96875,199999.96875,199999.96875,199999.96875,199999.96875,199999.96875,199999.96875
18.752,199999.96875,199999.96875,199999.96875,199999.96875,199999.96875,199999.96875,199999.96875,199999.96875
18.756,199999.96875,199999.96875,199999.96875,199999.96875,199999.96875,199999.96875,199999.96875,199999.96875
18.76,199999.96875,199999.96875,199999.96875,199999.96875,199999.96875,199999.96875,199999.96875,199999.96875
18.764,199999.96875,199999.96875,199999.96875,199999.96875,199999.96875,199999.96875,199999.96875,199999.96875
18.768,199999.96875,199999.96875,199999.96875,199999.96875,199999.96875,199999.96875,199999.96875,199999.96875
18.772,199999.96875,199999.96875,199999.96875,199999.96875,199999.96875,199999.96875,199999.96875,199999.96875
18.776,199999.96875,199999.96875,199999.96875,199999.96875,199999.96875,199999.96875,199999.96875,199999.96875
18.78,199999.96875,199999.96875,199999.96875,199999.96875,199999.96875,199999.96875,199999.96875,199999.96875
18.784,199999.96875,199999.96875,199999.96875,199999.96875,199999.96875,199999.96875,199999.96875,199999.96875
18.788,199999.96875,199999.96875,199999.96875,199999.96875,199999.96875,199999.96875,199999.96875,199999.96875
18.792,199999.96875,199999.96875,199999.96875,199999.96875,199999.96875,199999.96875,199999.96875,199999.96875
18.796,199999.96875,199999.96875,199999.96875,199999.96875,199999.96875,199999.96875,199999.96875,199999.96875
18.8,199999.96875,199999.96875,199999.96875,199999.96875,199999.96875,199999.96875,199999.96875,199999.96875
18.804,199999.96875,199999.96875,199999.96875,199999.96875,199999.96875,199999.96875,199999.96875,199999.96875
18.808,199999.96875,199999.96875,199999.96875,199999.96875,199999.96875,199999.96875,199999.96875,199999.96875
18.812,199999.96875,199999.96875,199999.96875,199999.96875,199999.96875,199999.96875,199999.96875,199999.96875
18.816,199999.96875,199999.96875,199999.96875,199999.96875,199999.96875,199999.96875,199999.96875,199999.96875
18.82,199999.96875,199999.96875,199999.96875,199999.96875,199999.96875,199999.96875,199999.96875,199999.96875
18.824,199999.96875,199999.96875,199999.96875,199999.96875,199999.96875,199999.96875,199999.96875,199999.96875
18.828,199999.96875,199999.96875,199999.96875,199999.96875,199999.96875,199999.96875,199999.96875,199999.96875
18.832,199999.96875,199999.96875,199999.96875,199999.96875,199999.96875,199999.96875,199999.96875,199999.96875
18.836,199999.96875,199999.96875,199999.96875,199999.96875,199999.96875,199999.96875,199999.96875,199999.96875
18.84,199999.96875,199999.96875,199999.96875,199999.96875,199999.96875,199999.96875,199999.96875,199999.96875
18.844,199999.96875,199999.96875,199999.96875,199999.96875,199999.96875,199999.96875,199999.96875,199999.96875
18.848,199999.96875,199999.96875,199999.96875,199999.96875,199999.96875,199999.96875,199999.96875,199999.96875
18.852,199999.96875,199999.96875,199999.96875,199999.96875,199999.96875,199999.96875,199999.96875,199999.96875
18.856,199999.96875,199999.96875,199999.96875,199999.96875,199999.96875,199999.96875,199999.96875,199999.96875
18.86,199999.96875,199999.96875,199999.96875,199999.96875,199999.96875,199999.96875,199999.96875,199999.96875
18.864,199999.96875,199999.96875,199999.96875,199999.96875,199999.96875,199999.96875,199999.96875,199999.96875
18.868,199999.96875,199999.96875,199999.96875,199999.96875,199999.96875,199999.96875,199999.96875,199999.96875
18.872,199999.96875,199999.96875,199999.96875,199999.96875,199999.96875,199999.96875,199999.96875,199999.96875
18.876,199999.96875,199999.96875,199999.96875,199999.96875,199999.96875,199999.96875,199999.96875,199999.96875
18.88,199999.96875,199999.96875,199999.96875,199999.96875,199999.96875,199999.96875,199999.96875,199999.96875
18.884,199999.96875,199999.96875,199999.96875,199999.96875,199999.96875,199999.96875,199999.96875,199999.96875
18.888,199999.96875,199999.96875,199999.96875,199999.96875,199999.96875,199999.96875,199999.96875,199999.96875
18.892,199999.96875,199999.96875,199999.96875,199999.96875,199999.96875,199999.96875,199999.96875,199999.96875
18.896,199999.96875,199999.96875,199999.96875,199999.96875,199999.96875,199999.96875,199999.96875,199999.96875
18.9,199999.96875,199999.96875,199999.96875,199999.96875,199999.96875,199999.96875,199999.96875,199999.96875
18.904,199999.96875,199999.96875,199999.96875,199999.96875,199999.96875,199999.96875,199999.96875,199999.96875
18.908,199999.96875,199999.96875,199999.96875,199999.96875,199999.96875,199999.96875,199999.96875,199999.96875
18.912,199999.96875,199999.96875,199999.96875,199999.96875,199999.96875,199999.96875,199999.96875,199999.96875
18.916,199999.96875,199999.96875,199999.96875,199999.96875,199999.96875,199999.96875,199999.96875,199999.96875
18.92,199999.96875,199999.96875,199999.96875,199999.96875,199999.96875,199999.96875,199999.96875,199999.96875
18.924,199999.96875,199999.96875,199999.96875,199999.96875,199999.96875,199999.96875,199999.96875,199999.96875
18.928,199999.96875,199999.96875,199999.96875,199999.96875,199999.96875,199999.96875,199999.96875,199999.96875
18.932,199999.96875,199999.96875,199999.96875,199999.96875,199999.96875,199999.96875,199999.96875,199999.96875
18.936,199999.96875,199999.96875,199999.96875,199999.96875,199999.96875,199999.96875,199999.96875,199999.96875
18.94,199999.96875,199999.96875,199999.96875,199999.96875,199999.96875,199999.96875,199999.96875,199999.96875
18.944,199999.96875,199999.96875,199999.96875,199999.96875,199999.96875,199999.96875,199999.96875,199999.96875
18.948,199999.96875,199999.96875,199999.96875,199999.96875,199999.96875,199999.96875,199999.96875,199999.96875
18.952,199999.96875,199999.96875,199999.96875,199999.96875,199999.96875,199999.96875,199999.96875,199999.96875
18.956,199999.96875,199999.96875,199999.96875,199999.96875,199999.96875,199999.96875,199999.96875,199999.96875
18.96,199999.96875,199999.96875,199999.96875,199999.96875,199999.96875,199999.96875,199999.96875,199999.96875
18.964,199999.96875,199999.96875,199999.96875,199999.96875,199999.96875,199999.96875,199999.96875,199999.96875
18.968,199999.96875,199999.96875,199999.96875,199999.96875,199999.96875,199999.96875,199999.96875,199999.96875
18.972,199999.96875,199999.96875,199999.96875,199999.96875,199999.96875,199999.96875,199999.96875,199999.96875
18.976,199999.96875,199999.96875,199999.96875,199999.96875,199999.96875,199999.96875,199999.96875,199999.96875
18.98,199999.96875,199999.96875,199999.96875,199999.96875,199999.96875,199999.96875,199999.96875,199999.96875
18.984,199999.96875,199999.96875,199999.96875,199999.96875,199999.96875,199999.96875,199999.96875,199999.96875
18.988,199999.96875,199999.96875,199999.96875,199999.96875,199999.96875,199999.96875,199999.96875,199999.96875
18.992,199999.96875,199999.96875,199999.96875,199999.96875,199999.96875,199999.96875,199999.96875,199999.96875
18.996,199999.96875,199999.96875,199999.96875,199999.96875,199999.96875,199999.96875,199999.96875,199999.96875
19,199999.96875,199999.96875,199999.96875,199999.96875,199999.96875,199999.96875,199999.96875,199999.96875
19.004,199999.96875,199999.96875,199999.96875,199999.96875,199999.96875,199999.96875,199999.96875,199999.96875
19.008,199999.96875,199999.96875,199999.96875,199999.96875,199999.96875,199999.96875,199999.96875,199999.96875
19.012,199999.96875,199999.96875,199999.96875,199999.96875,199999.96875,199999.96875,199999.96875,199999.96875
19.016,199999.96875,199999.96875,199999.96875,199999.96875,199999.96875,199999.96875,199999.96875,199999.96875
19.02,199999.96875,199999.96875,199999.96875,199999.96875,199999.96875,199999.96875,199999.96875,199999.96875
19.024,199999.96875,199999.96875,199999.96875,199999.96875,199999.96875,199999.96875,199999.96875,199999.96875
19.028,199999.96875,199999.96875,199999.96875,199999.96875,199999.96875,199999.96875,199999.96875,199999.96875
19.032,199999.96875,199999.96875,199999.96875,199999.96875,199999.96875,199999.96875,199999.96875,199999.96875
19.036,199999.96875,199999.96875,199999.96875,199999.96875,199999.96875,199999.96875,199999.96875,199999.96875
19.04,199999.96875,199999.96875,199999.96875,199999.96875,199999.96875,199999.96875,199999.96875,199999.96875
19.044,199999.96875,199999.96875,199999.96875,199999.96875,199999.96875,199999.96875,199999.96875,199999.96875
19.048,199999.96875,199999.96875,199999.96875,199999.96875,199999.96875,199999.96875,199999.96875,199999.96875
19.052,199999.96875,199999.96875,199999.96875,199999.96875,199999.96875,199999.96875,199999.96875,199999.96875
19.056,199999.96875,199999.96875,199999.96875,199999.96875,199999.96875,199999.96875,199999.96875,199999.96875
19.06,199999.96875,199999.96875,199999.96875,199999.96875,199999.96875,199999.96875,199999.96875,199999.96875
19.064,199999.96875,199999.96875,199999.96875,199999.96875,199999.96875,199999.96875,199999.96875,199999.96875
19.068,199999.96875,199999.96875,199999.96875,199999.96875,199999.96875,199999.96875,199999.96875,199999.96875
19.072,199999.96875,199999.96875,199999.96875,199999.96875,199999.96875,199999.96875,199999.96875,199999.96875
19.076,199999.96875,199999.96875,199999.96875,199999.96875,199999.96875,199999.96875,199999.96875,199999.96875
19.08,199999.96875,199999.96875,199999.96875,199999.96875,199999.96875,199999.96875,199999.96875,199999.96875
19.084,199999.96875,199999.96875,199999.96875,199999.96875,199999.96875,199999.96875,199999.96875,199999.96875
19.088,199999.96875,199999.96875,199999.96875,199999.96875,199999.96875,199999.96875,199999.96875,199999.96875
19.092,199999.96875,199999.96875,199999.96875,199999.96875,199999.96875,199999.96875,199999.96875,199999.96875
19.096,199999.96875,199999.96875,199999.96875,199999.96875,199999.96875,199999.96875,199999.96875,199999.96875
19.1,199999.96875,199999.96875,199999.96875,199999.96875,199999.96875,199999.96875,199999.96875,199999.96875
19.104,199999.96875,199999.96875,199999.96875,199999.96875,199999.96875,199999.96875,199999.96875,199999.96875
19.108,199999.96875,199999.96875,199999.96875,199999.96875,199999.96875,199999.96875,199999.96875,199999.96875
19.112,199999.96875,199999.96875,199999.96875,199999.96875,199999.96875,199999.96875,199999.96875,199999.96875
19.116,199999.96875,199999.96875,199999.96875,199999.96875,199999.96875,199999.96875,199999.96875,199999.96875
19.12,199999.96875,199999.96875,199999.96875,199999.96875,199999.96875,199999.96875,199999.96875,199999.96875
19.124,199999.96875,199999.96875,199999.96875,199999.96875,199999.96875,199999.96875,199999.96875,199999.96875
19.128,199999.96875,199999.96875,199999.96875,199999.96875,199999.96875,199999.96875,199999.96875,199999.96875
19.132,199999.96875,199999.96875,199999.96875,199999.96875,199999.96875,199999.96875,199999.96875,199999.96875
19.136,199999.96875,199999.96875,199999.96875,199999.96875,199999.96875,199999.96875,199999.96875,199999.96875
19.14,199999.96875,199999.96875,199999.96875,199999.96875,199999.96875,199999.96875,199999.96875,199999.96875
19.144,199999.96875,199999.96875,199999.96875,199999.96875,199999.96875,199999.96875,199999.96875,199999.96875
19.148,199999.96875,199999.96875,199999.96875,199999.96875,199999.96875,199999.96875,199999.96875,199999.96875
19.152,199999.96875,199999.96875,199999.96875,199999.96875,199999.96875,199999.96875,199999.96875,199999.96875
19.156,199999.96875,199999.96875,199999.96875,199999.96875,199999.96875,199999.96875,199999.96875,199999.96875
19.16,199999.96875,199999.96875,199999.96875,199999.96875,199999.96875,199999.96875,199999.96875,199999.96875
19.164,199999.96875,199999.96875,199999.96875,199999.96875,199999.96875,199999.96875,199999.96875,199999.96875
19.168,199999.96875,199999.96875,199999.96875,199999.96875,199999.96875,199999.96875,199999.96875,199999.96875
19.172,199999.96875,199999.96875,199999.96875,199999.96875,199999.96875,199999.96875,199999.96875,199999.96875
19.176,199999.96875,199999.96875,199999.96875,199999.96875,199999.96875,199999.96875,199999.96875,199999.96875
19.18,199999.96875,199999.96875,199999.96875,199999.96875,199999.96875,199999.96875,199999.96875,199999.96875
19.184,199999.96875,199999.96875,199999.96875,199999.96875,199999.96875,199999.96875,199999.96875,199999.96875
19.188,199999.96875,199999.96875,199999.96875,199999.96875,199999.96875,199999.96875,199999.96875,199999.96875
19.192,199999.96875,199999.96875,199999.96875,199999.96875,199999.96875,199999.96875,199999.96875,199999.96875
19.196,199999.96875,199999.96875,199999.96875,199999.96875,199999.96875,199999.96875,199999.96875,199999.96875
19.2,199999.96875,199999.96875,199999.96875,199999.96875,199999.96875,199999.96875,199999.96875,199999.96875
19.204,199999.96875,199999.96875,199999.96875,199999.96875,199999.96875,199999.96875,199999.96875,199999.96875
19.208,199999.96875,199999.96875,199999.96875,199999.96875,199999.96875,199999.96875,199999.96875,199999.96875
19.212,199999.96875,199999.96875,199999.96875,199999.96875,199999.96875,199999.96875,199999.96875,199999.96875
19.216,199999.96875,199999.96875,199999.96875,199999.96875,199999.96875,199999.96875,199999.96875,199999.96875
19.22,199999.96875,199999.96875,199999.96875,199999.96875,199999.96875,199999.96875,199999.96875,199999.96875
19.224,199999.96875,199999.96875,199999.96875,199999.96875,199999.96875,199999.96875,199999.96875,199999.96875
19.228,199999.96875,199999.96875,199999.96875,199999.96875,199999.96875,199999.96875,199999.96875,199999.96875
19.232,199999.96875,199999.96875,199999.96875,199999.96875,199999.96875,199999.96875,199999.96875,199999.96875
19.236,199999.96875,199999.96875,199999.96875,199999.96875,199999.96875,199999.96875,199999.96875,199999.96875
19.24,199999.96875,199999.96875,199999.96875,199999.96875,199999.96875,199999.96875,199999.96875,199999.96875
19.244,199999.96875,199999.96875,199999.96875,199999.96875,199999.96875,199999.96875,199999.96875,199999.96875
19.248,199999.96875,199999.96875,199999.96875,199999.96875,199999.96875,199999.96875,199999.96875,199999.96875
19.252,199999.96875,199999.96875,199999.96875,199999.96875,199999.96875,199999.96875,199999.96875,199999.96875
19.256,199999.96875,199999.96875,199999.96875,199999.96875,199999.96875,199999.96875,199999.96875,199999.96875
19.26,199999.96875,199999.96875,199999.96875,199999.96875,199999.96875,199999.96875,199999.96875,199999.96875
19.264,199999.96875,199999.96875,199999.96875,199999.96875,199999.96875,199999.96875,199999.96875,199999.96875
19.268,199999.96875,199999.96875,199999.96875,199999.96875,199999.96875,199999.96875,199999.96875,199999.96875
19.272,199999.96875,199999.96875,199999.96875,199999.96875,199999.96875,199999.96875,199999.96875,199999.96875
19.276,199999.96875,199999.96875,199999.96875,199999.96875,199999.96875,199999.96875,199999.96875,199999.96875
19.28,199999.96875,199999.96875,199999.96875,199999.96875,199999.96875,199999.96875,199999.96875,199999.96875
19.284,199999.96875,199999.96875,199999.96875,199999.96875,199999.96875,199999.96875,199999.96875,199999.96875
19.288,199999.96875,199999.96875,199999.96875,199999.96875,199999.96875,199999.96875,199999.96875,199999.96875
19.292,199999.96875,199999.96875,199999.96875,199999.96875,199999.96875,199999.96875,199999.96875,199999.96875
19.296,199999.96875,199999.96875,199999.96875,199999.96875,199999.96875,199999.96875,199999.96875,199999.96875
19.3,199999.96875,199999.96875,199999.96875,199999.96875,199999.96875,199999.96875,199999.96875,199999.96875
19.304,199999.96875,199999.96875,199999.96875,199999.96875,199999.96875,199999.96875,199999.96875,199999.96875
19.308,199999.96875,199999.96875,199999.96875,199999.96875,199999.96875,199999.96875,199999.96875,199999.96875
19.312,199999.96875,199999.96875,199999.96875,199999.96875,199999.96875,199999.96875,199999.96875,199999.96875
19.316,199999.96875,199999.96875,199999.96875,199999.96875,199999.96875,199999.96875,199999.96875,199999.96875
19.32,199999.96875,199999.96875,199999.96875,199999.96875,199999.96875,199999.96875,199999.96875,199999.96875
19.324,199999.96875,199999.96875,199999.96875,199999.96875,199999.96875,199999.96875,199999.96875,199999.96875
19.328,199999.96875,199999.96875,199999.96875,199999.96875,199999.96875,199999.96875,199999.96875,199999.96875
19.332,199999.96875,199999.96875,199999.96875,199999.96875,199999.96875,199999.96875,199999.96875,199999.96875
19.336,199999.96875,199999.96875,199999.96875,199999.96875,199999.96875,199999.96875,199999.96875,199999.96875
19.34,199999.96875,199999.96875,199999.96875,199999.96875,199999.96875,199999.96875,199999.96875,199999.96875
19.344,199999.96875,199999.96875,199999.96875,199999.96875,199999.96875,199999.96875,199999.96875,199999.96875
19.348,199999.96875,199999.96875,199999.96875,199999.96875,199999.96875,199999.96875,199999.96875,199999.96875
19.352,199999.96875,199999.96875,199999.96875,199999.96875,199999.96875,199999.96875,199999.96875,199999.96875
19.356,199999.96875,199999.96875,199999.96875,199999.96875,199999.96875,199999.96875,199999.96875,199999.96875
19.36,199999.96875,199999.96875,199999.96875,199999.96875,199999.96875,199999.96875,199999.96875,199999.96875
19.364,199999.96875,199999.96875,199999.96875,199999.96875,199999.96875,199999.96875,199999.96875,199999.96875
19.368,199999.96875,199999.96875,199999.96875,199999.96875,199999.96875,199999.96875,199999.96875,199999.96875
19.372,199999.96875,199999.96875,199999.96875,199999.96875,199999.96875,199999.96875,199999.96875,199999.96875
19.376,199999.96875,199999.96875,199999.96875,199999.96875,199999.96875,199999.96875,199999.96875,199999.96875
19.38,199999.96875,199999.96875,199999.96875,199999.96875,199999.96875,199999.96875,199999.96875,199999.96875
19.384,199999.96875,199999.96875,199999.96875,199999.96875,199999.96875,199999.96875,199999.96875,199999.96875
19.388,199999.96875,199999.96875,199999.96875,199999.96875,199999.96875,199999.96875,199999.96875,199999.96875
19.392,199999.96875,199999.96875,199999.96875,199999.96875,199999.96875,199999.96875,199999.96875,199999.96875
19.396,199999.96875,199999.96875,199999.96875,199999.96875,199999.96875,199999.96875,199999.96875,199999.96875
19.4,199999.96875,199999.96875,199999.96875,199999.96875,199999.96875,199999.96875,199999.96875,199999.96875
19.404,199999.96875,199999.96875,199999.96875,199999.96875,199999.96875,199999.96875,199999.96875,199999.96875
19.408,199999.96875,199999.96875,199999.96875,199999.96875,199999.96875,199999.96875,199999.96875,199999.96875
19.412,199999.96875,199999.96875,199999.96875,199999.96875,199999.96875,199999.96875,199999.96875,199999.96875
19.416,199999.96875,199999.96875,199999.96875,199999.96875,199999.96875,199999.96875,199999.96875,199999.96875
19.42,199999.96875,199999.96875,199999.96875,199999.96875,199999.96875,199999.96875,199999.96875,199999.96875
19.424,199999.96875,199999.96875,199999.96875,199999.96875,199999.96875,199999.96875,199999.96875,199999.96875
19.428,199999.96875,199999.96875,199999.96875,199999.96875,199999.96875,199999.96875,199999.96875,199999.96875
19.432,199999.96875,199999.96875,199999.96875,199999.96875,199999.96875,199999.96875,199999.96875,199999.96875
19.436,199999.96875,199999.96875,199999.96875,199999.96875,199999.96875,199999.96875,199999.96875,199999.96875
19.44,199999.96875,199999.96875,199999.96875,199999.96875,199999.96875,199999.96875,199999.96875,199999.96875
19.444,199999.96875,199999.96875,199999.96875,199999.96875,199999.96875,199999.96875,199999.96875,199999.96875
19.448,199999.96875,199999.96875,199999.96875,199999.96875,199999.96875,199999.96875,199999.96875,199999.96875
19.452,199999.96875,199999.96875,199999.96875,199999.96875,199999.96875,199999.96875,199999.96875,199999.96875
19.456,199999.96875,199999.96875,199999.96875,199999.96875,199999.96875,199999.96875,199999.96875,199999.96875
19.46,199999.96875,199999.96875,199999.96875,199999.96875,199999.96875,199999.96875,199999.96875,199999.96875
19.464,199999.96875,199999.96875,199999.96875,199999.96875,199999.96875,199999.96875,199999.96875,199999.96875
19.468,199999.96875,199999.96875,199999.96875,199999.96875,199999.96875,199999.96875,199999.96875,199999.96875
19.472,199999.96875,199999.96875,199999.96875,199999.96875,199999.96875,199999.96875,199999.96875,199999.96875
19.476,199999.96875,199999.96875,199999.96875,199999.96875,199999.96875,199999.96875,199999.96875,199999.96875
19.48,199999.96875,199999.96875,199999.96875,199999.96875,199999.96875,199999.96875,199999.96875,199999.96875
19.484,199999.96875,199999.96875,199999.96875,199999.96875,199999.96875,199999.96875,199999.96875,199999.96875
19.488,199999.96875,199999.96875,199999.96875,199999.96875,199999.96875,199999.96875,199999.96875,199999.96875
19.492,199999.96875,199999.96875,199999.96875,199999.96875,199999.96875,199999.96875,199999.96875,199999.96875
19.496,199999.96875,199999.96875,199999.96875,199999.96875,199999.96875,199999.96875,199999.96875,199999.96875
19.5,199999.96875,199999.96875,199999.96875,199999.96875,199999.96875,199999.96875,199999.96875,199999.96875
19.504,199999.96875,199999.96875,199999.96875,199999.96875,199999.96875,199999.96875,199999.96875,199999.96875
19.508,199999.96875,199999.96875,199999.96875,199999.96875,199999.96875,199999.96875,199999.96875,199999.96875
19.512,199999.96875,199999.96875,199999.96875,199999.96875,199999.96875,199999.96875,199999.96875,199999.96875
19.516,199999.96875,199999.96875,199999.96875,199999.96875,199999.96875,199999.96875,199999.96875,199999.96875
19.52,199999.96875,199999.96875,199999.96875,199999.96875,199999.96875,199999.96875,199999.96875,199999.96875
19.524,199999.96875,199999.96875,199999.96875,199999.96875,199999.96875,199999.96875,199999.96875,199999.96875
19.528,199999.96875,199999.96875,199999.96875,199999.96875,199999.96875,199999.96875,199999.96875,199999.96875
19.532,199999.96875,199999.96875,199999.96875,199999.96875,199999.96875,199999.96875,199999.96875,199999.96875
19.536,199999.96875,199999.96875,199999.96875,199999.96875,199999.96875,199999.96875,199999.96875,199999.96875
19.54,199999.96875,199999.96875,199999.96875,199999.96875,199999.96875,199999.96875,199999.96875,199999.96875
19.544,199999.96875,199999.96875,199999.96875,199999.96875,199999.96875,199999.96875,199999.96875,199999.96875
19.548,199999.96875,199999.96875,199999.96875,199999.96875,199999.96875,199999.96875,199999.96875,199999.96875
19.552,199999.96875,199999.96875,199999.96875,199999.96875,199999.96875,199999.96875,199999.96875,199999.96875
19.556,199999.96875,199999.96875,199999.96875,199999.96875,199999.96875,199999.96875,199999.96875,199999.96875
19.56,199999.96875,199999.96875,199999.96875,199999.96875,199999.96875,199999.96875,199999.96875,199999.96875
19.564,199999.96875,199999.96875,199999.96875,199999.96875,199999.96875,199999.96875,199999.96875,199999.96875
19.568,199999.96875,199999.96875,199999.96875,199999.96875,199999.96875,199999.96875,199999.96875,199999.96875
19.572,199999.96875,199999.96875,199999.96875,199999.96875,199999.96875,199999.96875,199999.96875,199999.96875
19.576,199999.96875,199999.96875,199999.96875,199999.96875,199999.96875,199999.96875,199999.96875,199999.96875
19.58,199999.96875,199999.96875,199999.96875,199999.96875,199999.96875,199999.96875,199999.96875,199999.96875
19.584,199999.96875,199999.96875,199999.96875,199999.96875,199999.96875,199999.96875,199999.96875,199999.96875
19.588,199999.96875,199999.96875,199999.96875,199999.96875,199999.96875,199999.96875,199999.96875,199999.96875
19.592,199999.96875,199999.96875,199999.96875,199999.96875,199999.96875,199999.96875,199999.96875,199999.96875
19.596,199999.96875,199999.96875,199999.96875,199999.96875,199999.96875,199999.96875,199999.96875,199999.96875
19.6,199999.96875,199999.96875,199999.96875,199999.96875,199999.96875,199999.96875,199999.96875,199999.96875
19.604,199999.96875,199999.96875,199999.96875,199999.96875,199999.96875,199999.96875,199999.96875,199999.96875
19.608,199999.96875,199999.96875,199999.96875,199999.96875,199999.96875,199999.96875,199999.96875,199999.96875
19.612,199999.96875,199999.96875,199999.96875,199999.96875,199999.96875,199999.96875,199999.96875,199999.96875
19.616,199999.96875,199999.96875,199999.96875,199999.96875,199999.96875,199999.96875,199999.96875,199999.96875
19.62,199999.96875,199999.96875,199999.96875,199999.96875,199999.96875,199999.96875,199999.96875,199999.96875
19.624,199999.96875,199999.96875,199999.96875,199999.96875,199999.96875,199999.96875,199999.96875,199999.96875
19.628,199999.96875,199999.96875,199999.96875,199999.96875,199999.96875,199999.96875,199999.96875,199999.96875
19.632,199999.96875,199999.96875,199999.96875,199999.96875,199999.96875,199999.96875,199999.96875,199999.96875
19.636,199999.96875,199999.96875,199999.96875,199999.96875,199999.96875,199999.96875,199999.96875,199999.96875
19.64,199999.96875,199999.96875,199999.96875,199999.96875,199999.96875,199999.96875,199999.96875,199999.96875
19.644,199999.96875,199999.96875,199999.96875,199999.96875,199999.96875,199999.96875,199999.96875,199999.96875
19.648,199999.96875,199999.96875,199999.96875,199999.96875,199999.96875,199999.96875,199999.96875,199999.96875
19.652,199999.96875,199999.96875,199999.96875,199999.96875,199999.96875,199999.96875,199999.96875,199999.96875
19.656,199999.96875,199999.96875,199999.96875,199999.96875,199999.96875,199999.96875,199999.96875,199999.96875
19.66,199999.96875,199999.96875,199999.96875,199999.96875,199999.96875,199999.96875,199999.96875,199999.96875
19.664,199999.96875,199999.96875,199999.96875,199999.96875,199999.96875,199999.96875,199999.96875,199999.96875
19.668,199999.96875,199999.96875,199999.96875,199999.96875,199999.96875,199999.96875,199999.96875,199999.96875
19.672,199999.96875,199999.96875,199999.96875,199999.96875,199999.96875,199999.96875,199999.96875,199999.96875
19.676,199999.96875,199999.96875,199999.96875,199999.96875,199999.96875,199999.96875,199999.96875,199999.96875
19.68,199999.96875,199999.96875,199999.96875,199999.96875,199999.96875,199999.96875,199999.96875,199999.96875
19.684,199999.96875,199999.96875,199999.96875,199999.96875,199999.96875,199999.96875,199999.96875,199999.96875
19.688,199999.96875,199999.96875,199999.96875,199999.96875,199999.96875,199999.96875,199999.96875,199999.96875
19.692,199999.96875,199999.96875,199999.96875,199999.96875,199999.96875,199999.96875,199999.96875,199999.96875
19.696,199999.96875,199999.96875,199999.96875,199999.96875,199999.96875,199999.96875,199999.96875,199999.96875
19.7,199999.96875,199999.96875,199999.96875,199999.96875,199999.96875,199999.96875,199999.96875,199999.96875
19.704,199999.96875,199999.96875,199999.96875,199999.96875,199999.96875,199999.96875,199999.96875,199999.96875
19.708,199999.96875,199999.96875,199999.96875,199999.96875,199999.96875,199999.96875,199999.96875,199999.96875
19.712,199999.96875,199999.96875,199999.96875,199999.96875,199999.96875,199999.96875,199999.96875,199999.96875
19.716,199999.96875,199999.96875,199999.96875,199999.96875,199999.96875,199999.96875,199999.96875,199999.96875
19.72,199999.96875,199999.96875,199999.96875,199999.96875,199999.96875,199999.96875,199999.96875,199999.96875
19.724,199999.96875,199999.96875,199999.96875,199999.96875,199999.96875,199999.96875,199999.96875,199999.96875
19.728,199999.96875,199999.96875,199999.96875,199999.96875,199999.96875,199999.96875,199999.96875,199999.96875
19.732,199999.96875,199999.96875,199999.96875,199999.96875,199999.96875,199999.96875,199999.96875,199999.96875
19.736,199999.96875,199999.96875,199999.96875,199999.96875,199999.96875,199999.96875,199999.96875,199999.96875
19.74,199999.96875,199999.96875,199999.96875,199999.96875,199999.96875,199999.96875,199999.96875,199999.96875
19.744,199999.96875,199999.96875,199999.96875,199999.96875,199999.96875,199999.96875,199999.96875,199999.96875
19.748,199999.96875,199999.96875,199999.96875,199999.96875,199999.96875,199999.96875,199999.96875,199999.96875
19.752,199999.96875,199999.96875,199999.96875,199999.96875,199999.96875,199999.96875,199999.96875,199999.96875
19.756,199999.96875,199999.96875,199999.96875,199999.96875,199999.96875,199999.96875,199999.96875,199999.96875
19.76,199999.96875,199999.96875,199999.96875,199999.96875,199999.96875,199999.96875,199999.96875,199999.96875
19.764,199999.96875,199999.96875,199999.96875,199999.96875,199999.96875,199999.96875,199999.96875,199999.96875
19.768,199999.96875,199999.96875,199999.96875,199999.96875,199999.96875,199999.96875,199999.96875,199999.96875
19.772,199999.96875,199999.96875,199999.96875,199999.96875,199999.96875,199999.96875,199999.96875,199999.96875
19.776,199999.96875,199999.96875,199999.96875,199999.96875,199999.96875,199999.96875,199999.96875,199999.96875
19.78,199999.96875,199999.96875,199999.96875,199999.96875,199999.96875,199999.96875,199999.96875,199999.96875
19.784,199999.96875,199999.96875,199999.96875,199999.96875,199999.96875,199999.96875,199999.96875,199999.96875
19.788,199999.96875,199999.96875,199999.96875,199999.96875,199999.96875,199999.96875,199999.96875,199999.96875
19.792,199999.96875,199999.96875,199999.96875,199999.96875,199999.96875,199999.96875,199999.96875,199999.96875
19.796,199999.96875,199999.96875,199999.96875,199999.96875,199999.96875,199999.96875,199999.96875,199999.96875
19.8,199999.96875,199999.96875,199999.96875,199999.96875,199999.96875,199999.96875,199999.96875,199999.96875
19.804,199999.96875,199999.96875,199999.96875,199999.96875,199999.96875,199999.96875,199999.96875,199999.96875
19.808,199999.96875,199999.96875,199999.96875,199999.96875,199999.96875,199999.96875,199999.96875,199999.96875
19.812,199999.96875,199999.96875,199999.96875,199999.96875,199999.96875,199999.96875,199999.96875,199999.96875
19.816,199999.96875,199999.96875,199999.96875,199999.96875,199999.96875,199999.96875,199999.96875,199999.96875
19.82,199999.96875,199999.96875,199999.96875,199999.96875,199999.96875,199999.96875,199999.96875,199999.96875
19.824,199999.96875,199999.96875,199999.96875,199999.96875,199999.96875,199999.96875,199999.96875,199999.96875
19.828,199999.96875,199999.96875,199999.96875,199999.96875,199999.96875,199999.96875,199999.96875,199999.96875
19.832,199999.96875,199999.96875,199999.96875,199999.96875,199999.96875,199999.96875,199999.96875,199999.96875
19.836,199999.96875,199999.96875,199999.96875,199999.96875,199999.96875,199999.96875,199999.96875,199999.96875
19.84,199999.96875,199999.96875,199999.96875,199999.96875,199999.96875,199999.96875,199999.96875,199999.96875
19.844,199999.96875,199999.96875,199999.96875,199999.96875,199999.96875,199999.96875,199999.96875,199999.96875
19.848,199999.96875,199999.96875,199999.96875,199999.96875,199999.96875,199999.96875,199999.96875,199999.96875
19.852,199999.96875,199999.96875,199999.96875,199999.96875,199999.96875,199999.96875,199999.96875,199999.96875
19.856,199999.96875,199999.96875,199999.96875,199999.96875,199999.96875,199999.96875,199999.96875,199999.96875
19.86,199999.96875,199999.96875,199999.96875,199999.96875,199999.96875,199999.96875,199999.96875,199999.96875
19.864,199999.96875,199999.96875,199999.96875,199999.96875,199999.96875,199999.96875,199999.96875,199999.96875
19.868,199999.96875,199999.96875,199999.96875,199999.96875,199999.96875,199999.96875,199999.96875,199999.96875
19.872,199999.96875,199999.96875,199999.96875,199999.96875,199999.96875,199999.96875,199999.96875,199999.96875
19.876,199999.96875,199999.96875,199999.96875,199999.96875,199999.96875,199999.96875,199999.96875,199999.96875
19.88,199999.96875,199999.96875,199999.96875,199999.96875,199999.96875,199999.96875,199999.96875,199999.96875
19.884,199999.96875,199999.96875,199999.96875,199999.96875,199999.96875,199999.96875,199999.96875,199999.96875
19.888,199999.96875,199999.96875,199999.96875,199999.96875,199999.96875,199999.96875,199999.96875,199999.96875
19.892,199999.96875,199999.96875,199999.96875,199999.96875,199999.96875,199999.96875,199999.96875,199999.96875
19.896,199999.96875,199999.96875,199999.96875,199999.96875,199999.96875,199999.96875,199999.96875,199999.96875
19.9,199999.96875,199999.96875,199999.96875,199999.96875,199999.96875,199999.96875,199999.96875,199999.96875
19.904,199999.96875,199999.96875,199999.96875,199999.96875,199999.96875,199999.96875,199999.96875,199999.96875
19.908,199999.96875,199999.96875,199999.96875,199999.96875,199999.96875,199999.96875,199999.96875,199999.96875
19.912,199999.96875,199999.96875,199999.96875,199999.96875,199999.96875,199999.96875,199999.96875,199999.96875
19.916,199999.96875,199999.96875,199999.96875,199999.96875,199999.96875,199999.96875,199999.96875,199999.96875
19.92,199999.96875,199999.96875,199999.96875,199999.96875,199999.96875,199999.96875,199999.96875,199999.96875
19.924,199999.96875,199999.96875,199999.96875,199999.96875,199999.96875,199999.96875,199999.96875,199999.96875
19.928,199999.96875,199999.96875,199999.96875,199999.96875,199999.96875,199999.96875,199999.96875,199999.96875
19.932,199999.96875,199999.96875,199999.96875,199999.96875,199999.96875,199999.96875,199999.96875,199999.96875
19.936,199999.96875,199999.96875,199999.96875,199999.96875,199999.96875,199999.96875,199999.96875,199999.96875
19.94,199999.96875,199999.96875,199999.96875,199999.96875,199999.96875,199999.96875,199999.96875,199999.96875
19.944,199999.96875,199999.96875,199999.96875,199999.96875,199999.96875,199999.96875,199999.96875,199999.96875
19.948,199999.96875,199999.96875,199999.96875,199999.96875,199999.96875,199999.96875,199999.96875,199999.96875
19.952,199999.96875,199999.96875,199999.96875,199999.96875,199999.96875,199999.96875,199999.96875,199999.96875
19.956,199999.96875,199999.96875,199999.96875,199999.96875,199999.96875,199999.96875,199999.96875,199999.96875
19.96,199999.96875,199999.96875,199999.96875,199999.96875,199999.96875,199999.96875,199999.96875,199999.96875
19.964,199999.96875,199999.96875,199999.96875,199999.96875,199999.96875,199999.96875,199999.96875,199999.96875
19.968,199999.96875,199999.96875,199999.96875,199999.96875,199999.96875,199999.96875,199999.96875,199999.96875
19.972,199999.96875,199999.96875,199999.96875,199999.96875,199999.96875,199999.96875,199999.96875,199999.96875
19.976,199999.96875,199999.96875,199999.96875,199999.96875,199999.96875,199999.96875,199999.96875,199999.96875
19.98,199999.96875,199999.96875,199999.96875,199999.96875,199999.96875,199999.96875,199999.96875,199999.96875
19.984,199999.96875,199999.96875,199999.96875,199999.96875,199999.96875,199999.96875,199999.96875,199999.96875
19.988,199999.96875,199999.96875,199999.96875,199999.96875,199999.96875,199999.96875,199999.96875,199999.96875
19.992,199999.96875,199999.96875,199999.96875,199999.96875,199999.96875,199999.96875,199999.96875,199999.96875
19.996,199999.96875,199999.96875,199999.96875,199999.96875,199999.96875,199999.96875,199999.96875,199999.96875
20,199999.96875,199999.96875,199999.96875,199999.96875,199999.96875,199999.96875,199999.96875,199999.96875
20.004,199999.96875,199999.96875,199999.96875,199999.96875,199999.96875,199999.96875,199999.96875,199999.96875
20.008,199999.96875,199999.96875,199999.96875,199999.96875,199999.96875,199999.96875,199999.96875,199999.96875
20.012,199999.96875,199999.96875,199999.96875,199999.96875,199999.96875,199999.96875,199999.96875,199999.96875
20.016,199999.96875,199999.96875,199999.96875,199999.96875,199999.96875,199999.96875,199999.96875,199999.96875
20.02,199999.96875,199999.96875,199999.96875,199999.96875,199999.96875,199999.96875,199999.96875,199999.96875
20.024,199999.96875,199999.96875,199999.96875,199999.96875,199999.96875,199999.96875,199999.96875,199999.96875
20.028,199999.96875,199999.96875,199999.96875,199999.96875,199999.96875,199999.96875,199999.96875,199999.96875
20.032,199999.96875,199999.96875,199999.96875,199999.96875,199999.96875,199999.96875,199999.96875,199999.96875
20.036,199999.96875,199999.96875,199999.96875,199999.96875,199999.96875,199999.96875,199999.96875,199999.96875
20.04,199999.96875,199999.96875,199999.96875,199999.96875,199999.96875,199999.96875,199999.96875,199999.96875
20.044,199999.96875,199999.96875,199999.96875,199999.96875,199999.96875,199999.96875,199999.96875,199999.96875
20.048,199999.96875,199999.96875,199999.96875,199999.96875,199999.96875,199999.96875,199999.96875,199999.96875
20.052,199999.96875,199999.96875,199999.96875,199999.96875,199999.96875,199999.96875,199999.96875,199999.96875
20.056,199999.96875,199999.96875,199999.96875,199999.96875,199999.96875,199999.96875,199999.96875,199999.96875
20.06,199999.96875,199999.96875,199999.96875,199999.96875,199999.96875,199999.96875,199999.96875,199999.96875
20.064,199999.96875,199999.96875,199999.96875,199999.96875,199999.96875,199999.96875,199999.96875,199999.96875
20.068,199999.96875,199999.96875,199999.96875,199999.96875,199999.96875,199999.96875,199999.96875,199999.96875
20.072,199999.96875,199999.96875,199999.96875,199999.96875,199999.96875,199999.96875,199999.96875,199999.96875
20.076,199999.96875,199999.96875,199999.96875,199999.96875,199999.96875,199999.96875,199999.96875,199999.96875
20.08,199999.96875,199999.96875,199999.96875,199999.96875,199999.96875,199999.96875,199999.96875,199999.96875
20.084,199999.96875,199999.96875,199999.96875,199999.96875,199999.96875,199999.96875,199999.96875,199999.96875
20.088,199999.96875,199999.96875,199999.96875,199999.96875,199999.96875,199999.96875,199999.96875,199999.96875
20.092,199999.96875,199999.96875,199999.96875,199999.96875,199999.96875,199999.96875,199999.96875,199999.96875
20.096,199999.96875,199999.96875,199999.96875,199999.96875,199999.96875,199999.96875,199999.96875,199999.96875
20.1,199999.96875,199999.96875,199999.96875,199999.96875,199999.96875,199999.96875,199999.96875,199999.96875
20.104,199999.96875,199999.96875,199999.96875,199999.96875,199999.96875,199999.96875,199999.96875,199999.96875
20.108,199999.96875,199999.96875,199999.96875,199999.96875,199999.96875,199999.96875,199999.96875,199999.96875
20.112,199999.96875,199999.96875,199999.96875,199999.96875,199999.96875,199999.96875,199999.96875,199999.96875
20.116,199999.96875,199999.96875,199999.96875,199999.96875,199999.96875,199999.96875,199999.96875,199999.96875
20.12,199999.96875,199999.96875,199999.96875,199999.96875,199999.96875,199999.96875,199999.96875,199999.96875
20.124,199999.96875,199999.96875,199999.96875,199999.96875,199999.96875,199999.96875,199999.96875,199999.96875
20.128,199999.96875,199999.96875,199999.96875,199999.96875,199999.96875,199999.96875,199999.96875,199999.96875
20.132,199999.96875,199999.96875,199999.96875,199999.96875,199999.96875,199999.96875,199999.96875,199999.96875
20.136,199999.96875,199999.96875,199999.96875,199999.96875,199999.96875,199999.96875,199999.96875,199999.96875
20.14,199999.96875,199999.96875,199999.96875,199999.96875,199999.96875,199999.96875,199999.96875,199999.96875
20.144,199999.96875,199999.96875,199999.96875,199999.96875,199999.96875,199999.96875,199999.96875,199999.96875
20.148,199999.96875,199999.96875,199999.96875,199999.96875,199999.96875,199999.96875,199999.96875,199999.96875
20.152,199999.96875,199999.96875,199999.96875,199999.96875,199999.96875,199999.96875,199999.96875,199999.96875
20.156,199999.96875,199999.96875,199999.96875,199999.96875,199999.96875,199999.96875,199999.96875,199999.96875
20.16,199999.96875,199999.96875,199999.96875,199999.96875,199999.96875,199999.96875,199999.96875,199999.96875
20.164,199999.96875,199999.96875,199999.96875,199999.96875,199999.96875,199999.96875,199999.96875,199999.96875
20.168,199999.96875,199999.96875,199999.96875,199999.96875,199999.96875,199999.96875,199999.96875,199999.96875
20.172,199999.96875,199999.96875,199999.96875,199999.96875,199999.96875,199999.96875,199999.96875,199999.96875
20.176,199999.96875,199999.96875,199999.96875,199999.96875,199999.96875,199999.96875,199999.96875,199999.96875
20.18,199999.96875,199999.96875,199999.96875,199999.96875,199999.96875,199999.96875,199999.96875,199999.96875
20.184,199999.96875,199999.96875,199999.96875,199999.96875,199999.96875,199999.96875,199999.96875,199999.96875
20.188,199999.96875,199999.96875,199999.96875,199999.96875,199999.96875,199999.96875,199999.96875,199999.96875
20.192,199999.96875,199999.96875,199999.96875,199999.96875,199999.96875,199999.96875,199999.96875,199999.96875
20.196,199999.96875,199999.96875,199999.96875,199999.96875,199999.96875,199999.96875,199999.96875,199999.96875
20.2,199999.96875,199999.96875,199999.96875,199999.96875,199999.96875,199999.96875,199999.96875,199999.96875
20.204,199999.96875,199999.96875,199999.96875,199999.96875,199999.96875,199999.96875,199999.96875,199999.96875
20.208,199999.96875,199999.96875,199999.96875,199999.96875,199999.96875,199999.96875,199999.96875,199999.96875
20.212,199999.96875,199999.96875,199999.96875,199999.96875,199999.96875,199999.96875,199999.96875,199999.96875
20.216,199999.96875,199999.96875,199999.96875,199999.96875,199999.96875,199999.96875,199999.96875,199999.96875
20.22,199999.96875,199999.96875,199999.96875,199999.96875,199999.96875,199999.96875,199999.96875,199999.96875
20.224,199999.96875,199999.96875,199999.96875,199999.96875,199999.96875,199999.96875,199999.96875,199999.96875
20.228,199999.96875,199999.96875,199999.96875,199999.96875,199999.96875,199999.96875,199999.96875,199999.96875
20.232,199999.96875,199999.96875,199999.96875,199999.96875,199999.96875,199999.96875,199999.96875,199999.96875
20.236,199999.96875,199999.96875,199999.96875,199999.96875,199999.96875,199999.96875,199999.96875,199999.96875
20.24,199999.96875,199999.96875,199999.96875,199999.96875,199999.96875,199999.96875,199999.96875,199999.96875
20.244,199999.96875,199999.96875,199999.96875,199999.96875,199999.96875,199999.96875,199999.96875,199999.96875
20.248,199999.96875,199999.96875,199999.96875,199999.96875,199999.96875,199999.96875,199999.96875,199999.96875
20.252,199999.96875,199999.96875,199999.96875,199999.96875,199999.96875,199999.96875,199999.96875,199999.96875
20.256,199999.96875,199999.96875,199999.96875,199999.96875,199999.96875,199999.96875,199999.96875,199999.96875
20.26,199999.96875,199999.96875,199999.96875,199999.96875,199999.96875,199999.96875,199999.96875,199999.96875
20.264,199999.96875,199999.96875,199999.96875,199999.96875,199999.96875,199999.96875,199999.96875,199999.96875
20.268,199999.96875,199999.96875,199999.96875,199999.96875,199999.96875,199999.96875,199999.96875,199999.96875
20.272,199999.96875,199999.96875,199999.96875,199999.96875,199999.96875,199999.96875,199999.96875,199999.96875
20.276,199999.96875,199999.96875,199999.96875,199999.96875,199999.96875,199999.96875,199999.96875,199999.96875
20.28,199999.96875,199999.96875,199999.96875,199999.96875,199999.96875,199999.96875,199999.96875,199999.96875
20.284,199999.96875,199999.96875,199999.96875,199999.96875,199999.96875,199999.96875,199999.96875,199999.96875
20.288,199999.96875,199999.96875,199999.96875,199999.96875,199999.96875,199999.96875,199999.96875,199999.96875
20.292,199999.96875,199999.96875,199999.96875,199999.96875,199999.96875,199999.96875,199999.96875,199999.96875
20.296,199999.96875,199999.96875,199999.96875,199999.96875,199999.96875,199999.96875,199999.96875,199999.96875
20.3,199999.96875,199999.96875,199999.96875,199999.96875,199999.96875,199999.96875,199999.96875,199999.96875
20.304,199999.96875,199999.96875,199999.96875,199999.96875,199999.96875,199999.96875,199999.96875,199999.96875
20.308,199999.96875,199999.96875,199999.96875,199999.96875,199999.96875,199999.96875,199999.96875,199999.96875
20.312,199999.96875,199999.96875,199999.96875,199999.96875,199999.96875,199999.96875,199999.96875,199999.96875
20.316,199999.96875,199999.96875,199999.96875,199999.96875,199999.96875,199999.96875,199999.96875,199999.96875
20.32,199999.96875,199999.96875,199999.96875,199999.96875,199999.96875,199999.96875,199999.96875,199999.96875
20.324,199999.96875,199999.96875,199999.96875,199999.96875,199999.96875,199999.96875,199999.96875,199999.96875
20.328,199999.96875,199999.96875,199999.96875,199999.96875,199999.96875,199999.96875,199999.96875,199999.96875
20.332,199999.96875,199999.96875,199999.96875,199999.96875,199999.96875,199999.96875,199999.96875,199999.96875
20.336,199999.96875,199999.96875,199999.96875,199999.96875,199999.96875,199999.96875,199999.96875,199999.96875
20.34,199999.96875,199999.96875,199999.96875,199999.96875,199999.96875,199999.96875,199999.96875,199999.96875
20.344,199999.96875,199999.96875,199999.96875,199999.96875,199999.96875,199999.96875,199999.96875,199999.96875
20.348,199999.96875,199999.96875,199999.96875,199999.96875,199999.96875,199999.96875,199999.96875,199999.96875
20.352,199999.96875,199999.96875,199999.96875,199999.96875,199999.96875,199999.96875,199999.96875,199999.96875
20.356,199999.96875,199999.96875,199999.96875,199999.96875,199999.96875,199999.96875,199999.96875,199999.96875
20.36,199999.96875,199999.96875,199999.96875,199999.96875,199999.96875,199999.96875,199999.96875,199999.96875
20.364,199999.96875,199999.96875,199999.96875,199999.96875,199999.96875,199999.96875,199999.96875,199999.96875
20.368,199999.96875,199999.96875,199999.96875,199999.96875,199999.96875,199999.96875,199999.96875,199999.96875
20.372,199999.96875,199999.96875,199999.96875,199999.96875,199999.96875,199999.96875,199999.96875,199999.96875
20.376,199999.96875,199999.96875,199999.96875,199999.96875,199999.96875,199999.96875,199999.96875,199999.96875
20.38,199999.96875,199999.96875,199999.96875,199999.96875,199999.96875,199999.96875,199999.96875,199999.96875
20.384,199999.96875,199999.96875,199999.96875,199999.96875,199999.96875,199999.96875,199999.96875,199999.96875
20.388,199999.96875,199999.96875,199999.96875,199999.96875,199999.96875,199999.96875,199999.96875,199999.96875
20.392,199999.96875,199999.96875,199999.96875,199999.96875,199999.96875,199999.96875,199999.96875,199999.96875
20.396,199999.96875,199999.96875,199999.96875,199999.96875,199999.96875,199999.96875,199999.96875,199999.96875
20.4,199999.96875,199999.96875,199999.96875,199999.96875,199999.96875,199999.96875,199999.96875,199999.96875
20.404,199999.96875,199999.96875,199999.96875,199999.96875,199999.96875,199999.96875,199999.96875,199999.96875
20.408,199999.96875,199999.96875,199999.96875,199999.96875,199999.96875,199999.96875,199999.96875,199999.96875
20.412,199999.96875,199999.96875,199999.96875,199999.96875,199999.96875,199999.96875,199999.96875,199999.96875
20.416,199999.96875,199999.96875,199999.96875,199999.96875,199999.96875,199999.96875,199999.96875,199999.96875
20.42,199999.96875,199999.96875,199999.96875,199999.96875,199999.96875,199999.96875,199999.96875,199999.96875
20.424,199999.96875,199999.96875,199999.96875,199999.96875,199999.96875,199999.96875,199999.96875,199999.96875
20.428,199999.96875,199999.96875,199999.96875,199999.96875,199999.96875,199999.96875,199999.96875,199999.96875
20.432,199999.96875,199999.96875,199999.96875,199999.96875,199999.96875,199999.96875,199999.96875,199999.96875
20.436,199999.96875,199999.96875,199999.96875,199999.96875,199999.96875,199999.96875,199999.96875,199999.96875
20.44,199999.96875,199999.96875,199999.96875,199999.96875,199999.96875,199999.96875,199999.96875,199999.96875
20.444,199999.96875,199999.96875,199999.96875,199999.96875,199999.96875,199999.96875,199999.96875,199999.96875
20.448,199999.96875,199999.96875,199999.96875,199999.96875,199999.96875,199999.96875,199999.96875,199999.96875
20.452,199999.96875,199999.96875,199999.96875,199999.96875,199999.96875,199999.96875,199999.96875,199999.96875
20.456,199999.96875,199999.96875,199999.96875,199999.96875,199999.96875,199999.96875,199999.96875,199999.96875
20.46,199999.96875,199999.96875,199999.96875,199999.96875,199999.96875,199999.96875,199999.96875,199999.96875
20.464,199999.96875,199999.96875,199999.96875,199999.96875,199999.96875,199999.96875,199999.96875,199999.96875
20.468,199999.96875,199999.96875,199999.96875,199999.96875,199999.96875,199999.96875,199999.96875,199999.96875
20.472,199999.96875,199999.96875,199999.96875,199999.96875,199999.96875,199999.96875,199999.96875,199999.96875
20.476,199999.96875,199999.96875,199999.96875,199999.96875,199999.96875,199999.96875,199999.96875,199999.96875
20.48,199999.96875,199999.96875,199999.96875,199999.96875,199999.96875,199999.96875,199999.96875,199999.96875
20.484,199999.96875,199999.96875,199999.96875,199999.96875,199999.96875,199999.96875,199999.96875,199999.96875
20.488,199999.96875,199999.96875,199999.96875,199999.96875,199999.96875,199999.96875,199999.96875,199999.96875
20.492,199999.96875,199999.96875,199999.96875,199999.96875,199999.96875,199999.96875,199999.96875,199999.96875
20.496,199999.96875,199999.96875,199999.96875,199999.96875,199999.96875,199999.96875,199999.96875,199999.96875
20.5,199999.96875,199999.96875,199999.96875,199999.96875,199999.96875,199999.96875,199999.96875,199999.96875
20.504,199999.96875,199999.96875,199999.96875,199999.96875,199999.96875,199999.96875,199999.96875,199999.96875
20.508,199999.96875,199999.96875,199999.96875,199999.96875,199999.96875,199999.96875,199999.96875,199999.96875
20.512,199999.96875,199999.96875,199999.96875,199999.96875,199999.96875,199999.96875,199999.96875,199999.96875
20.516,199999.96875,199999.96875,199999.96875,199999.96875,199999.96875,199999.96875,199999.96875,199999.96875
20.52,199999.96875,199999.96875,199999.96875,199999.96875,199999.96875,199999.96875,199999.96875,199999.96875
20.524,199999.96875,199999.96875,199999.96875,199999.96875,199999.96875,199999.96875,199999.96875,199999.96875
20.528,199999.96875,199999.96875,199999.96875,199999.96875,199999.96875,199999.96875,199999.96875,199999.96875
20.532,199999.96875,199999.96875,199999.96875,199999.96875,199999.96875,199999.96875,199999.96875,199999.96875
20.536,199999.96875,199999.96875,199999.96875,199999.96875,199999.96875,199999.96875,199999.96875,199999.96875
20.54,199999.96875,199999.96875,199999.96875,199999.96875,199999.96875,199999.96875,199999.96875,199999.96875
20.544,199999.96875,199999.96875,199999.96875,199999.96875,199999.96875,199999.96875,199999.96875,199999.96875
20.548,199999.96875,199999.96875,199999.96875,199999.96875,199999.96875,199999.96875,199999.96875,199999.96875
20.552,199999.96875,199999.96875,199999.96875,199999.96875,199999.96875,199999.96875,199999.96875,199999.96875
20.556,199999.96875,199999.96875,199999.96875,199999.96875,199999.96875,199999.96875,199999.96875,199999.96875
20.56,199999.96875,199999.96875,199999.96875,199999.96875,199999.96875,199999.96875,199999.96875,199999.96875
20.564,199999.96875,199999.96875,199999.96875,199999.96875,199999.96875,199999.96875,199999.96875,199999.96875
20.568,199999.96875,199999.96875,199999.96875,199999.96875,199999.96875,199999.96875,199999.96875,199999.96875
20.572,199999.96875,199999.96875,199999.96875,199999.96875,199999.96875,199999.96875,199999.96875,199999.96875
20.576,199999.96875,199999.96875,199999.96875,199999.96875,199999.96875,199999.96875,199999.96875,199999.96875
20.58,199999.96875,199999.96875,199999.96875,199999.96875,199999.96875,199999.96875,199999.96875,199999.96875
20.584,199999.96875,199999.96875,199999.96875,199999.96875,199999.96875,199999.96875,199999.96875,199999.96875
20.588,199999.96875,199999.96875,199999.96875,199999.96875,199999.96875,199999.96875,199999.96875,199999.96875
20.592,199999.96875,199999.96875,199999.96875,199999.96875,199999.96875,199999.96875,199999.96875,199999.96875
20.596,199999.96875,199999.96875,199999.96875,199999.96875,199999.96875,199999.96875,199999.96875,199999.96875
20.6,199999.96875,199999.96875,199999.96875,199999.96875,199999.96875,199999.96875,199999.96875,199999.96875
20.604,199999.96875,199999.96875,199999.96875,199999.96875,199999.96875,199999.96875,199999.96875,199999.96875
20.608,199999.96875,199999.96875,199999.96875,199999.96875,199999.96875,199999.96875,199999.96875,199999.96875
20.612,199999.96875,199999.96875,199999.96875,199999.96875,199999.96875,199999.96875,199999.96875,199999.96875
20.616,199999.96875,199999.96875,199999.96875,199999.96875,199999.96875,199999.96875,199999.96875,199999.96875
20.62,199999.96875,199999.96875,199999.96875,199999.96875,199999.96875,199999.96875,199999.96875,199999.96875
20.624,199999.96875,199999.96875,199999.96875,199999.96875,199999.96875,199999.96875,199999.96875,199999.96875
20.628,199999.96875,199999.96875,199999.96875,199999.96875,199999.96875,199999.96875,199999.96875,199999.96875
20.632,199999.96875,199999.96875,199999.96875,199999.96875,199999.96875,199999.96875,199999.96875,199999.96875
20.636,199999.96875,199999.96875,199999.96875,199999.96875,199999.96875,199999.96875,199999.96875,199999.96875
20.64,199999.96875,199999.96875,199999.96875,199999.96875,199999.96875,199999.96875,199999.96875,199999.96875
20.644,199999.96875,199999.96875,199999.96875,199999.96875,199999.96875,199999.96875,199999.96875,199999.96875
20.648,199999.96875,199999.96875,199999.96875,199999.96875,199999.96875,199999.96875,199999.96875,199999.96875
20.652,199999.96875,199999.96875,199999.96875,199999.96875,199999.96875,199999.96875,199999.96875,199999.96875
20.656,199999.96875,199999.96875,199999.96875,199999.96875,199999.96875,199999.96875,199999.96875,199999.96875
20.66,199999.96875,199999.96875,199999.96875,199999.96875,199999.96875,199999.96875,199999.96875,199999.96875
20.664,199999.96875,199999.96875,199999.96875,199999.96875,199999.96875,199999.96875,199999.96875,199999.96875
20.668,199999.96875,199999.96875,199999.96875,199999.96875,199999.96875,199999.96875,199999.96875,199999.96875
20.672,199999.96875,199999.96875,199999.96875,199999.96875,199999.96875,199999.96875,199999.96875,199999.96875
20.676,199999.96875,199999.96875,199999.96875,199999.96875,199999.96875,199999.96875,199999.96875,199999.96875
20.68,199999.96875,199999.96875,199999.96875,199999.96875,199999.96875,199999.96875,199999.96875,199999.96875
20.684,199999.96875,199999.96875,199999.96875,199999.96875,199999.96875,199999.96875,199999.96875,199999.96875
20.688,199999.96875,199999.96875,199999.96875,199999.96875,199999.96875,199999.96875,199999.96875,199999.96875
20.692,199999.96875,199999.96875,199999.96875,199999.96875,199999.96875,199999.96875,199999.96875,199999.96875
20.696,199999.96875,199999.96875,199999.96875,199999.96875,199999.96875,199999.96875,199999.96875,199999.96875
20.7,199999.96875,199999.96875,199999.96875,199999.96875,199999.96875,199999.96875,199999.96875,199999.96875
20.704,199999.96875,199999.96875,199999.96875,199999.96875,199999.96875,199999.96875,199999.96875,199999.96875
20.708,199999.96875,199999.96875,199999.96875,199999.96875,199999.96875,199999.96875,199999.96875,199999.96875
20.712,199999.96875,199999.96875,199999.96875,199999.96875,199999.96875,199999.96875,199999.96875,199999.96875
20.716,199999.96875,199999.96875,199999.96875,199999.96875,199999.96875,199999.96875,199999.96875,199999.96875
20.72,199999.96875,199999.96875,199999.96875,199999.96875,199999.96875,199999.96875,199999.96875,199999.96875
20.724,199999.96875,199999.96875,199999.96875,199999.96875,199999.96875,199999.96875,199999.96875,199999.96875
20.728,199999.96875,199999.96875,199999.96875,199999.96875,199999.96875,199999.96875,199999.96875,199999.96875
20.732,199999.96875,199999.96875,199999.96875,199999.96875,199999.96875,199999.96875,199999.96875,199999.96875
20.736,199999.96875,199999.96875,199999.96875,199999.96875,199999.96875,199999.96875,199999.96875,199999.96875
20.74,199999.96875,199999.96875,199999.96875,199999.96875,199999.96875,199999.96875,199999.96875,199999.96875
20.744,199999.96875,199999.96875,199999.96875,199999.96875,199999.96875,199999.96875,199999.96875,199999.96875
20.748,199999.96875,199999.96875,199999.96875,199999.96875,199999.96875,199999.96875,199999.96875,199999.96875
20.752,199999.96875,199999.96875,199999.96875,199999.96875,199999.96875,199999.96875,199999.96875,199999.96875
20.756,199999.96875,199999.96875,199999.96875,199999.96875,199999.96875,199999.96875,199999.96875,199999.96875
20.76,199999.96875,199999.96875,199999.96875,199999.96875,199999.96875,199999.96875,199999.96875,199999.96875
20.764,199999.96875,199999.96875,199999.96875,199999.96875,199999.96875,199999.96875,199999.96875,199999.96875
20.768,199999.96875,199999.96875,199999.96875,199999.96875,199999.96875,199999.96875,199999.96875,199999.96875
20.772,199999.96875,199999.96875,199999.96875,199999.96875,199999.96875,199999.96875,199999.96875,199999.96875
20.776,199999.96875,199999.96875,199999.96875,199999.96875,199999.96875,199999.96875,199999.96875,199999.96875
20.78,199999.96875,199999.96875,199999.96875,199999.96875,199999.96875,199999.96875,199999.96875,199999.96875
20.784,199999.96875,199999.96875,199999.96875,199999.96875,199999.96875,199999.96875,199999.96875,199999.96875
20.788,199999.96875,199999.96875,199999.96875,199999.96875,199999.96875,199999.96875,199999.96875,199999.96875
20.792,199999.96875,199999.96875,199999.96875,199999.96875,199999.96875,199999.96875,199999.96875,199999.96875
20.796,199999.96875,199999.96875,199999.96875,199999.96875,199999.96875,199999.96875,199999.96875,199999.96875
20.8,199999.96875,199999.96875,199999.96875,199999.96875,199999.96875,199999.96875,199999.96875,199999.96875
20.804,199999.96875,199999.96875,199999.96875,199999.96875,199999.96875,199999.96875,199999.96875,199999.96875
20.808,199999.96875,199999.96875,199999.96875,199999.96875,199999.96875,199999.96875,199999.96875,199999.96875
20.812,199999.96875,199999.96875,199999.96875,199999.96875,199999.96875,199999.96875,199999.96875,199999.96875
20.816,199999.96875,199999.96875,199999.96875,199999.96875,199999.96875,199999.96875,199999.96875,199999.96875
20.82,199999.96875,199999.96875,199999.96875,199999.96875,199999.96875,199999.96875,199999.96875,199999.96875
20.824,199999.96875,199999.96875,199999.96875,199999.96875,199999.96875,199999.96875,199999.96875,199999.96875
20.828,199999.96875,199999.96875,199999.96875,199999.96875,199999.96875,199999.96875,199999.96875,199999.96875
20.832,199999.96875,199999.96875,199999.96875,199999.96875,199999.96875,199999.96875,199999.96875,199999.96875
20.836,199999.96875,199999.96875,199999.96875,199999.96875,199999.96875,199999.96875,199999.96875,199999.96875
20.84,199999.96875,199999.96875,199999.96875,199999.96875,199999.96875,199999.96875,199999.96875,199999.96875
20.844,199999.96875,199999.96875,199999.96875,199999.96875,199999.96875,199999.96875,199999.96875,199999.96875
20.848,199999.96875,199999.96875,199999.96875,199999.96875,199999.96875,199999.96875,199999.96875,199999.96875
20.852,199999.96875,199999.96875,199999.96875,199999.96875,199999.96875,199999.96875,199999.96875,199999.96875
20.856,199999.96875,199999.96875,199999.96875,199999.96875,199999.96875,199999.96875,199999.96875,199999.96875
20.86,199999.96875,199999.96875,199999.96875,199999.96875,199999.96875,199999.96875,199999.96875,199999.96875
20.864,199999.96875,199999.96875,199999.96875,199999.96875,199999.96875,199999.96875,199999.96875,199999.96875
20.868,199999.96875,199999.96875,199999.96875,199999.96875,199999.96875,199999.96875,199999.96875,199999.96875
20.872,199999.96875,199999.96875,199999.96875,199999.96875,199999.96875,199999.96875,199999.96875,199999.96875
20.876,199999.96875,199999.96875,199999.96875,199999.96875,199999.96875,199999.96875,199999.96875,199999.96875
20.88,199999.96875,199999.96875,199999.96875,199999.96875,199999.96875,199999.96875,199999.96875,199999.96875
20.884,199999.96875,199999.96875,199999.96875,199999.96875,199999.96875,199999.96875,199999.96875,199999.96875
20.888,199999.96875,199999.96875,199999.96875,199999.96875,199999.96875,199999.96875,199999.96875,199999.96875
20.892,199999.96875,199999.96875,199999.96875,199999.96875,199999.96875,199999.96875,199999.96875,199999.96875
20.896,199999.96875,199999.96875,199999.96875,199999.96875,199999.96875,199999.96875,199999.96875,199999.96875
20.9,199999.96875,199999.96875,199999.96875,199999.96875,199999.96875,199999.96875,199999.96875,199999.96875
20.904,199999.96875,199999.96875,199999.96875,199999.96875,199999.96875,199999.96875,199999.96875,199999.96875
20.908,199999.96875,199999.96875,199999.96875,199999.96875,199999.96875,199999.96875,199999.96875,199999.96875
20.912,199999.96875,199999.96875,199999.96875,199999.96875,199999.96875,199999.96875,199999.96875,199999.96875
20.916,199999.96875,199999.96875,199999.96875,199999.96875,199999.96875,199999.96875,199999.96875,199999.96875
20.92,199999.96875,199999.96875,199999.96875,199999.96875,199999.96875,199999.96875,199999.96875,199999.96875
20.924,199999.96875,199999.96875,199999.96875,199999.96875,199999.96875,199999.96875,199999.96875,199999.96875
20.928,199999.96875,199999.96875,199999.96875,199999.96875,199999.96875,199999.96875,199999.96875,199999.96875
20.932,199999.96875,199999.96875,199999.96875,199999.96875,199999.96875,199999.96875,199999.96875,199999.96875
20.936,199999.96875,199999.96875,199999.96875,199999.96875,199999.96875,199999.96875,199999.96875,199999.96875
20.94,199999.96875,199999.96875,199999.96875,199999.96875,199999.96875,199999.96875,199999.96875,199999.96875
20.944,199999.96875,199999.96875,199999.96875,199999.96875,199999.96875,199999.96875,199999.96875,199999.96875
20.948,199999.96875,199999.96875,199999.96875,199999.96875,199999.96875,199999.96875,199999.96875,199999.96875
20.952,199999.96875,199999.96875,199999.96875,199999.96875,199999.96875,199999.96875,199999.96875,199999.96875
20.956,199999.96875,199999.96875,199999.96875,199999.96875,199999.96875,199999.96875,199999.96875,199999.96875
20.96,199999.96875,199999.96875,199999.96875,199999.96875,199999.96875,199999.96875,199999.96875,199999.96875
20.964,199999.96875,199999.96875,199999.96875,199999.96875,199999.96875,199999.96875,199999.96875,199999.96875
20.968,199999.96875,199999.96875,199999.96875,199999.96875,199999.96875,199999.96875,199999.96875,199999.96875
20.972,199999.96875,199999.96875,199999.96875,199999.96875,199999.96875,199999.96875,199999.96875,199999.96875
20.976,199999.96875,199999.96875,199999.96875,199999.96875,199999.96875,199999.96875,199999.96875,199999.96875
20.98,199999.96875,199999.96875,199999.96875,199999.96875,199999.96875,199999.96875,199999.96875,199999.96875
20.984,199999.96875,199999.96875,199999.96875,199999.96875,199999.96875,199999.96875,199999.96875,199999.96875
20.988,199999.96875,199999.96875,199999.96875,199999.96875,199999.96875,199999.96875,199999.96875,199999.96875
20.992,199999.96875,199999.96875,199999.96875,199999.96875,199999.96875,199999.96875,199999.96875,199999.96875
20.996,199999.96875,199999.96875,199999.96875,199999.96875,199999.96875,199999.96875,199999.96875,199999.96875
21,199999.96875,199999.96875,199999.96875,199999.96875,199999.96875,199999.96875,199999.96875,199999.96875
21.004,199999.96875,199999.96875,199999.96875,199999.96875,199999.96875,199999.96875,199999.96875,199999.96875
21.008,199999.96875,199999.96875,199999.96875,199999.96875,199999.96875,199999.96875,199999.96875,199999.96875
21.012,199999.96875,199999.96875,199999.96875,199999.96875,199999.96875,199999.96875,199999.96875,199999.96875
21.016,199999.96875,199999.96875,199999.96875,199999.96875,199999.96875,199999.96875,199999.96875,199999.96875
21.02,199999.96875,199999.96875,199999.96875,199999.96875,199999.96875,199999.96875,199999.96875,199999.96875
21.024,199999.96875,199999.96875,199999.96875,199999.96875,199999.96875,199999.96875,199999.96875,199999.96875
21.028,199999.96875,199999.96875,199999.96875,199999.96875,199999.96875,199999.96875,199999.96875,199999.96875
21.032,199999.96875,199999.96875,199999.96875,199999.96875,199999.96875,199999.96875,199999.96875,199999.96875
21.036,199999.96875,199999.96875,199999.96875,199999.96875,199999.96875,199999.96875,199999.96875,199999.96875
21.04,199999.96875,199999.96875,199999.96875,199999.96875,199999.96875,199999.96875,199999.96875,199999.96875
21.044,199999.96875,199999.96875,199999.96875,199999.96875,199999.96875,199999.96875,199999.96875,199999.96875
21.048,199999.96875,199999.96875,199999.96875,199999.96875,199999.96875,199999.96875,199999.96875,199999.96875
21.052,199999.96875,199999.96875,199999.96875,199999.96875,199999.96875,199999.96875,199999.96875,199999.96875
21.056,199999.96875,199999.96875,199999.96875,199999.96875,199999.96875,199999.96875,199999.96875,199999.96875
21.06,199999.96875,199999.96875,199999.96875,199999.96875,199999.96875,199999.96875,199999.96875,199999.96875
21.064,199999.96875,199999.96875,199999.96875,199999.96875,199999.96875,199999.96875,199999.96875,199999.96875
21.068,199999.96875,199999.96875,199999.96875,199999.96875,199999.96875,199999.96875,199999.96875,199999.96875
21.072,199999.96875,199999.96875,199999.96875,199999.96875,199999.96875,199999.96875,199999.96875,199999.96875
21.076,199999.96875,199999.96875,199999.96875,199999.96875,199999.96875,199999.96875,199999.96875,199999.96875
21.08,199999.96875,199999.96875,199999.96875,199999.96875,199999.96875,199999.96875,199999.96875,199999.96875
21.084,199999.96875,199999.96875,199999.96875,199999.96875,199999.96875,199999.96875,199999.96875,199999.96875
21.088,199999.96875,199999.96875,199999.96875,199999.96875,199999.96875,199999.96875,199999.96875,199999.96875
21.092,199999.96875,199999.96875,199999.96875,199999.96875,199999.96875,199999.96875,199999.96875,199999.96875
21.096,199999.96875,199999.96875,199999.96875,199999.96875,199999.96875,199999.96875,199999.96875,199999.96875
21.1,199999.96875,199999.96875,199999.96875,199999.96875,199999.96875,199999.96875,199999.96875,199999.96875
21.104,199999.96875,199999.96875,199999.96875,199999.96875,199999.96875,199999.96875,199999.96875,199999.96875
21.108,199999.96875,199999.96875,199999.96875,199999.96875,199999.96875,199999.96875,199999.96875,199999.96875
21.112,199999.96875,199999.96875,199999.96875,199999.96875,199999.96875,199999.96875,199999.96875,199999.96875
21.116,199999.96875,199999.96875,199999.96875,199999.96875,199999.96875,199999.96875,199999.96875,199999.96875
21.12,199999.96875,199999.96875,199999.96875,199999.96875,199999.96875,199999.96875,199999.96875,199999.96875
21.124,199999.96875,199999.96875,199999.96875,199999.96875,199999.96875,199999.96875,199999.96875,199999.96875
21.128,199999.96875,199999.96875,199999.96875,199999.96875,199999.96875,199999.96875,199999.96875,199999.96875
21.132,199999.96875,199999.96875,199999.96875,199999.96875,199999.96875,199999.96875,199999.96875,199999.96875
21.136,199999.96875,199999.96875,199999.96875,199999.96875,199999.96875,199999.96875,199999.96875,199999.96875
21.14,199999.96875,199999.96875,199999.96875,199999.96875,199999.96875,199999.96875,199999.96875,199999.96875
21.144,199999.96875,199999.96875,199999.96875,199999.96875,199999.96875,199999.96875,199999.96875,199999.96875
21.148,199999.96875,199999.96875,199999.96875,199999.96875,199999.96875,199999.96875,199999.96875,199999.96875
21.152,199999.96875,199999.96875,199999.96875,199999.96875,199999.96875,199999.96875,199999.96875,199999.96875
21.156,199999.96875,199999.96875,199999.96875,199999.96875,199999.96875,199999.96875,199999.96875,199999.96875
21.16,199999.96875,199999.96875,199999.96875,199999.96875,199999.96875,199999.96875,199999.96875,199999.96875
21.164,199999.96875,199999.96875,199999.96875,199999.96875,199999.96875,199999.96875,199999.96875,199999.96875
21.168,199999.96875,199999.96875,199999.96875,199999.96875,199999.96875,199999.96875,199999.96875,199999.96875
21.172,199999.96875,199999.96875,199999.96875,199999.96875,199999.96875,199999.96875,199999.96875,199999.96875
21.176,199999.96875,199999.96875,199999.96875,199999.96875,199999.96875,199999.96875,199999.96875,199999.96875
21.18,199999.96875,199999.96875,199999.96875,199999.96875,199999.96875,199999.96875,199999.96875,199999.96875
21.184,199999.96875,199999.96875,199999.96875,199999.96875,199999.96875,199999.96875,199999.96875,199999.96875
21.188,199999.96875,199999.96875,199999.96875,199999.96875,199999.96875,199999.96875,199999.96875,199999.96875
21.192,199999.96875,199999.96875,199999.96875,199999.96875,199999.96875,199999.96875,199999.96875,199999.96875
21.196,199999.96875,199999.96875,199999.96875,199999.96875,199999.96875,199999.96875,199999.96875,199999.96875
21.2,199999.96875,199999.96875,199999.96875,199999.96875,199999.96875,199999.96875,199999.96875,199999.96875
21.204,199999.96875,199999.96875,199999.96875,199999.96875,199999.96875,199999.96875,199999.96875,199999.96875
21.208,199999.96875,199999.96875,199999.96875,199999.96875,199999.96875,199999.96875,199999.96875,199999.96875
21.212,199999.96875,199999.96875,199999.96875,199999.96875,199999.96875,199999.96875,199999.96875,199999.96875
21.216,199999.96875,199999.96875,199999.96875,199999.96875,199999.96875,199999.96875,199999.96875,199999.96875
21.22,199999.96875,199999.96875,199999.96875,199999.96875,199999.96875,199999.96875,199999.96875,199999.96875
21.224,199999.96875,199999.96875,199999.96875,199999.96875,199999.96875,199999.96875,199999.96875,199999.96875
21.228,199999.96875,199999.96875,199999.96875,199999.96875,199999.96875,199999.96875,199999.96875,199999.96875
21.232,199999.96875,199999.96875,199999.96875,199999.96875,199999.96875,199999.96875,199999.96875,199999.96875
21.236,199999.96875,199999.96875,199999.96875,199999.96875,199999.96875,199999.96875,199999.96875,199999.96875
21.24,199999.96875,199999.96875,199999.96875,199999.96875,199999.96875,199999.96875,199999.96875,199999.96875
21.244,199999.96875,199999.96875,199999.96875,199999.96875,199999.96875,199999.96875,199999.96875,199999.96875
21.248,199999.96875,199999.96875,199999.96875,199999.96875,199999.96875,199999.96875,199999.96875,199999.96875
21.252,199999.96875,199999.96875,199999.96875,199999.96875,199999.96875,199999.96875,199999.96875,199999.96875
21.256,199999.96875,199999.96875,199999.96875,199999.96875,199999.96875,199999.96875,199999.96875,199999.96875
21.26,199999.96875,199999.96875,199999.96875,199999.96875,199999.96875,199999.96875,199999.96875,199999.96875
21.264,199999.96875,199999.96875,199999.96875,199999.96875,199999.96875,199999.96875,199999.96875,199999.96875
21.268,199999.96875,199999.96875,199999.96875,199999.96875,199999.96875,199999.96875,199999.96875,199999.96875
21.272,199999.96875,199999.96875,199999.96875,199999.96875,199999.96875,199999.96875,199999.96875,199999.96875
21.276,199999.96875,199999.96875,199999.96875,199999.96875,199999.96875,199999.96875,199999.96875,199999.96875
21.28,199999.96875,199999.96875,199999.96875,199999.96875,199999.96875,199999.96875,199999.96875,199999.96875
21.284,199999.96875,199999.96875,199999.96875,199999.96875,199999.96875,199999.96875,199999.96875,199999.96875
21.288,199999.96875,199999.96875,199999.96875,199999.96875,199999.96875,199999.96875,199999.96875,199999.96875
21.292,199999.96875,199999.96875,199999.96875,199999.96875,199999.96875,199999.96875,199999.96875,199999.96875
21.296,199999.96875,199999.96875,199999.96875,199999.96875,199999.96875,199999.96875,199999.96875,199999.96875
21.3,199999.96875,199999.96875,199999.96875,199999.96875,199999.96875,199999.96875,199999.96875,199999.96875
21.304,199999.96875,199999.96875,199999.96875,199999.96875,199999.96875,199999.96875,199999.96875,199999.96875
21.308,199999.96875,199999.96875,199999.96875,199999.96875,199999.96875,199999.96875,199999.96875,199999.96875
21.312,199999.96875,199999.96875,199999.96875,199999.96875,199999.96875,199999.96875,199999.96875,199999.96875
21.316,199999.96875,199999.96875,199999.96875,199999.96875,199999.96875,199999.96875,199999.96875,199999.96875
21.32,199999.96875,199999.96875,199999.96875,199999.96875,199999.96875,199999.96875,199999.96875,199999.96875
21.324,199999.96875,199999.96875,199999.96875,199999.96875,199999.96875,199999.96875,199999.96875,199999.96875
21.328,199999.96875,199999.96875,199999.96875,199999.96875,199999.96875,199999.96875,199999.96875,199999.96875
21.332,199999.96875,199999.96875,199999.96875,199999.96875,199999.96875,199999.96875,199999.96875,199999.96875
21.336,199999.96875,199999.96875,199999.96875,199999.96875,199999.96875,199999.96875,199999.96875,199999.96875
21.34,199999.96875,199999.96875,199999.96875,199999.96875,199999.96875,199999.96875,199999.96875,199999.96875
21.344,199999.96875,199999.96875,199999.96875,199999.96875,199999.96875,199999.96875,199999.96875,199999.96875
21.348,199999.96875,199999.96875,199999.96875,199999.96875,199999.96875,199999.96875,199999.96875,199999.96875
21.352,199999.96875,199999.96875,199999.96875,199999.96875,199999.96875,199999.96875,199999.96875,199999.96875
21.356,199999.96875,199999.96875,199999.96875,199999.96875,199999.96875,199999.96875,199999.96875,199999.96875
21.36,199999.96875,199999.96875,199999.96875,199999.96875,199999.96875,199999.96875,199999.96875,199999.96875
21.364,199999.96875,199999.96875,199999.96875,199999.96875,199999.96875,199999.96875,199999.96875,199999.96875
21.368,199999.96875,199999.96875,199999.96875,199999.96875,199999.96875,199999.96875,199999.96875,199999.96875
21.372,199999.96875,199999.96875,199999.96875,199999.96875,199999.96875,199999.96875,199999.96875,199999.96875
21.376,199999.96875,199999.96875,199999.96875,199999.96875,199999.96875,199999.96875,199999.96875,199999.96875
21.38,199999.96875,199999.96875,199999.96875,199999.96875,199999.96875,199999.96875,199999.96875,199999.96875
21.384,199999.96875,199999.96875,199999.96875,199999.96875,199999.96875,199999.96875,199999.96875,199999.96875
21.388,199999.96875,199999.96875,199999.96875,199999.96875,199999.96875,199999.96875,199999.96875,199999.96875
21.392,199999.96875,199999.96875,199999.96875,199999.96875,199999.96875,199999.96875,199999.96875,199999.96875
21.396,199999.96875,199999.96875,199999.96875,199999.96875,199999.96875,199999.96875,199999.96875,199999.96875
21.4,199999.96875,199999.96875,199999.96875,199999.96875,199999.96875,199999.96875,199999.96875,199999.96875
21.404,199999.96875,199999.96875,199999.96875,199999.96875,199999.96875,199999.96875,199999.96875,199999.96875
21.408,199999.96875,199999.96875,199999.96875,199999.96875,199999.96875,199999.96875,199999.96875,199999.96875
21.412,199999.96875,199999.96875,199999.96875,199999.96875,199999.96875,199999.96875,199999.96875,199999.96875
21.416,199999.96875,199999.96875,199999.96875,199999.96875,199999.96875,199999.96875,199999.96875,199999.96875
21.42,199999.96875,199999.96875,199999.96875,199999.96875,199999.96875,199999.96875,199999.96875,199999.96875
21.424,199999.96875,199999.96875,199999.96875,199999.96875,199999.96875,199999.96875,199999.96875,199999.96875
21.428,199999.96875,199999.96875,199999.96875,199999.96875,199999.96875,199999.96875,199999.96875,199999.96875
21.432,199999.96875,199999.96875,199999.96875,199999.96875,199999.96875,199999.96875,199999.96875,199999.96875
21.436,199999.96875,199999.96875,199999.96875,199999.96875,199999.96875,199999.96875,199999.96875,199999.96875
21.44,199999.96875,199999.96875,199999.96875,199999.96875,199999.96875,199999.96875,199999.96875,199999.96875
21.444,199999.96875,199999.96875,199999.96875,199999.96875,199999.96875,199999.96875,199999.96875,199999.96875
21.448,199999.96875,199999.96875,199999.96875,199999.96875,199999.96875,199999.96875,199999.96875,199999.96875
21.452,199999.96875,199999.96875,199999.96875,199999.96875,199999.96875,199999.96875,199999.96875,199999.96875
21.456,199999.96875,199999.96875,199999.96875,199999.96875,199999.96875,199999.96875,199999.96875,199999.96875
21.46,199999.96875,199999.96875,199999.96875,199999.96875,199999.96875,199999.96875,199999.96875,199999.96875
21.464,199999.96875,199999.96875,199999.96875,199999.96875,199999.96875,199999.96875,199999.96875,199999.96875
21.468,199999.96875,199999.96875,199999.96875,199999.96875,199999.96875,199999.96875,199999.96875,199999.96875
21.472,199999.96875,199999.96875,199999.96875,199999.96875,199999.96875,199999.96875,199999.96875,199999.96875
21.476,199999.96875,199999.96875,199999.96875,199999.96875,199999.96875,199999.96875,199999.96875,199999.96875
21.48,199999.96875,199999.96875,199999.96875,199999.96875,199999.96875,199999.96875,199999.96875,199999.96875
21.484,199999.96875,199999.96875,199999.96875,199999.96875,199999.96875,199999.96875,199999.96875,199999.96875
21.488,199999.96875,199999.96875,199999.96875,199999.96875,199999.96875,199999.96875,199999.96875,199999.96875
21.492,199999.96875,199999.96875,199999.96875,199999.96875,199999.96875,199999.96875,199999.96875,199999.96875
21.496,199999.96875,199999.96875,199999.96875,199999.96875,199999.96875,199999.96875,199999.96875,199999.96875
21.5,199999.96875,199999.96875,199999.96875,199999.96875,199999.96875,199999.96875,199999.96875,199999.96875
21.504,199999.96875,199999.96875,199999.96875,199999.96875,199999.96875,199999.96875,199999.96875,199999.96875
21.508,199999.96875,199999.96875,199999.96875,199999.96875,199999.96875,199999.96875,199999.96875,199999.96875
21.512,199999.96875,199999.96875,199999.96875,199999.96875,199999.96875,199999.96875,199999.96875,199999.96875
21.516,199999.96875,199999.96875,199999.96875,199999.96875,199999.96875,199999.96875,199999.96875,199999.96875
21.52,199999.96875,199999.96875,199999.96875,199999.96875,199999.96875,199999.96875,199999.96875,199999.96875
21.524,199999.96875,199999.96875,199999.96875,199999.96875,199999.96875,199999.96875,199999.96875,199999.96875
21.528,199999.96875,199999.96875,199999.96875,199999.96875,199999.96875,199999.96875,199999.96875,199999.96875
21.532,199999.96875,199999.96875,199999.96875,199999.96875,199999.96875,199999.96875,199999.96875,199999.96875
21.536,199999.96875,199999.96875,199999.96875,199999.96875,199999.96875,199999.96875,199999.96875,199999.96875
21.54,199999.96875,199999.96875,199999.96875,199999.96875,199999.96875,199999.96875,199999.96875,199999.96875
21.544,199999.96875,199999.96875,199999.96875,199999.96875,199999.96875,199999.96875,199999.96875,199999.96875
21.548,199999.96875,199999.96875,199999.96875,199999.96875,199999.96875,199999.96875,199999.96875,199999.96875
21.552,199999.96875,199999.96875,199999.96875,199999.96875,199999.96875,199999.96875,199999.96875,199999.96875
21.556,199999.96875,199999.96875,199999.96875,199999.96875,199999.96875,199999.96875,199999.96875,199999.96875
21.56,199999.96875,199999.96875,199999.96875,199999.96875,199999.96875,199999.96875,199999.96875,199999.96875
21.564,199999.96875,199999.96875,199999.96875,199999.96875,199999.96875,199999.96875,199999.96875,199999.96875
21.568,199999.96875,199999.96875,199999.96875,199999.96875,199999.96875,199999.96875,199999.96875,199999.96875
21.572,199999.96875,199999.96875,199999.96875,199999.96875,199999.96875,199999.96875,199999.96875,199999.96875
21.576,199999.96875,199999.96875,199999.96875,199999.96875,199999.96875,199999.96875,199999.96875,199999.96875
21.58,199999.96875,199999.96875,199999.96875,199999.96875,199999.96875,199999.96875,199999.96875,199999.96875
21.584,199999.96875,199999.96875,199999.96875,199999.96875,199999.96875,199999.96875,199999.96875,199999.96875
21.588,199999.96875,199999.96875,199999.96875,199999.96875,199999.96875,199999.96875,199999.96875,199999.96875
21.592,199999.96875,199999.96875,199999.96875,199999.96875,199999.96875,199999.96875,199999.96875,199999.96875
21.596,199999.96875,199999.96875,199999.96875,199999.96875,199999.96875,199999.96875,199999.96875,199999.96875
21.6,199999.96875,199999.96875,199999.96875,199999.96875,199999.96875,199999.96875,199999.96875,199999.96875
21.604,199999.96875,199999.96875,199999.96875,199999.96875,199999.96875,199999.96875,199999.96875,199999.96875
21.608,199999.96875,199999.96875,199999.96875,199999.96875,199999.96875,199999.96875,199999.96875,199999.96875
21.612,199999.96875,199999.96875,199999.96875,199999.96875,199999.96875,199999.96875,199999.96875,199999.96875
21.616,199999.96875,199999.96875,199999.96875,199999.96875,199999.96875,199999.96875,199999.96875,199999.96875
21.62,199999.96875,199999.96875,199999.96875,199999.96875,199999.96875,199999.96875,199999.96875,199999.96875
21.624,199999.96875,199999.96875,199999.96875,199999.96875,199999.96875,199999.96875,199999.96875,199999.96875
21.628,199999.96875,199999.96875,199999.96875,199999.96875,199999.96875,199999.96875,199999.96875,199999.96875
21.632,199999.96875,199999.96875,199999.96875,199999.96875,199999.96875,199999.96875,199999.96875,199999.96875
21.636,199999.96875,199999.96875,199999.96875,199999.96875,199999.96875,199999.96875,199999.96875,199999.96875
21.64,199999.96875,199999.96875,199999.96875,199999.96875,199999.96875,199999.96875,199999.96875,199999.96875
21.644,199999.96875,199999.96875,199999.96875,199999.96875,199999.96875,199999.96875,199999.96875,199999.96875
21.648,199999.96875,199999.96875,199999.96875,199999.96875,199999.96875,199999.96875,199999.96875,199999.96875
21.652,199999.96875,199999.96875,199999.96875,199999.96875,199999.96875,199999.96875,199999.96875,199999.96875
21.656,199999.96875,199999.96875,199999.96875,199999.96875,199999.96875,199999.96875,199999.96875,199999.96875
21.66,199999.96875,199999.96875,199999.96875,199999.96875,199999.96875,199999.96875,199999.96875,199999.96875
21.664,199999.96875,199999.96875,199999.96875,199999.96875,199999.96875,199999.96875,199999.96875,199999.96875
21.668,199999.96875,199999.96875,199999.96875,199999.96875,199999.96875,199999.96875,199999.96875,199999.96875
21.672,199999.96875,199999.96875,199999.96875,199999.96875,199999.96875,199999.96875,199999.96875,199999.96875
21.676,199999.96875,199999.96875,199999.96875,199999.96875,199999.96875,199999.96875,199999.96875,199999.96875
21.68,199999.96875,199999.96875,199999.96875,199999.96875,199999.96875,199999.96875,199999.96875,199999.96875
21.684,199999.96875,199999.96875,199999.96875,199999.96875,199999.96875,199999.96875,199999.96875,199999.96875
21.688,199999.96875,199999.96875,199999.96875,199999.96875,199999.96875,199999.96875,199999.96875,199999.96875
21.692,199999.96875,199999.96875,199999.96875,199999.96875,199999.96875,199999.96875,199999.96875,199999.96875
21.696,199999.96875,199999.96875,199999.96875,199999.96875,199999.96875,199999.96875,199999.96875,199999.96875
21.7,199999.96875,199999.96875,199999.96875,199999.96875,199999.96875,199999.96875,199999.96875,199999.96875
21.704,199999.96875,199999.96875,199999.96875,199999.96875,199999.96875,199999.96875,199999.96875,199999.96875
21.708,199999.96875,199999.96875,199999.96875,199999.96875,199999.96875,199999.96875,199999.96875,199999.96875
21.712,199999.96875,199999.96875,199999.96875,199999.96875,199999.96875,199999.96875,199999.96875,199999.96875
21.716,199999.96875,199999.96875,199999.96875,199999.96875,199999.96875,199999.96875,199999.96875,199999.96875
21.72,199999.96875,199999.96875,199999.96875,199999.96875,199999.96875,199999.96875,199999.96875,199999.96875
21.724,199999.96875,199999.96875,199999.96875,199999.96875,199999.96875,199999.96875,199999.96875,199999.96875
21.728,199999.96875,199999.96875,199999.96875,199999.96875,199999.96875,199999.96875,199999.96875,199999.96875
21.732,199999.96875,199999.96875,199999.96875,199999.96875,199999.96875,199999.96875,199999.96875,199999.96875
21.736,199999.96875,199999.96875,199999.96875,199999.96875,199999.96875,199999.96875,199999.96875,199999.96875
21.74,199999.96875,199999.96875,199999.96875,199999.96875,199999.96875,199999.96875,199999.96875,199999.96875
21.744,199999.96875,199999.96875,199999.96875,199999.96875,199999.96875,199999.96875,199999.96875,199999.96875
21.748,199999.96875,199999.96875,199999.96875,199999.96875,199999.96875,199999.96875,199999.96875,199999.96875
21.752,199999.96875,199999.96875,199999.96875,199999.96875,199999.96875,199999.96875,199999.96875,199999.96875
21.756,199999.96875,199999.96875,199999.96875,199999.96875,199999.96875,199999.96875,199999.96875,199999.96875
21.76,199999.96875,199999.96875,199999.96875,199999.96875,199999.96875,199999.96875,199999.96875,199999.96875
21.764,199999.96875,199999.96875,199999.96875,199999.96875,199999.96875,199999.96875,199999.96875,199999.96875
21.768,199999.96875,199999.96875,199999.96875,199999.96875,199999.96875,199999.96875,199999.96875,199999.96875
21.772,199999.96875,199999.96875,199999.96875,199999.96875,199999.96875,199999.96875,199999.96875,199999.96875
21.776,199999.96875,199999.96875,199999.96875,199999.96875,199999.96875,199999.96875,199999.96875,199999.96875
21.78,199999.96875,199999.96875,199999.96875,199999.96875,199999.96875,199999.96875,199999.96875,199999.96875
21.784,199999.96875,199999.96875,199999.96875,199999.96875,199999.96875,199999.96875,199999.96875,199999.96875
21.788,199999.96875,199999.96875,199999.96875,199999.96875,199999.96875,199999.96875,199999.96875,199999.96875
21.792,199999.96875,199999.96875,199999.96875,199999.96875,199999.96875,199999.96875,199999.96875,199999.96875
21.796,199999.96875,199999.96875,199999.96875,199999.96875,199999.96875,199999.96875,199999.96875,199999.96875
21.8,199999.96875,199999.96875,199999.96875,199999.96875,199999.96875,199999.96875,199999.96875,199999.96875
21.804,199999.96875,199999.96875,199999.96875,199999.96875,199999.96875,199999.96875,199999.96875,199999.96875
21.808,199999.96875,199999.96875,199999.96875,199999.96875,199999.96875,199999.96875,199999.96875,199999.96875
21.812,199999.96875,199999.96875,199999.96875,199999.96875,199999.96875,199999.96875,199999.96875,199999.96875
21.816,199999.96875,199999.96875,199999.96875,199999.96875,199999.96875,199999.96875,199999.96875,199999.96875
21.82,199999.96875,199999.96875,199999.96875,199999.96875,199999.96875,199999.96875,199999.96875,199999.96875
21.824,199999.96875,199999.96875,199999.96875,199999.96875,199999.96875,199999.96875,199999.96875,199999.96875
21.828,199999.96875,199999.96875,199999.96875,199999.96875,199999.96875,199999.96875,199999.96875,199999.96875
21.832,199999.96875,199999.96875,199999.96875,199999.96875,199999.96875,199999.96875,199999.96875,199999.96875
21.836,199999.96875,199999.96875,199999.96875,199999.96875,199999.96875,199999.96875,199999.96875,199999.96875
21.84,199999.96875,199999.96875,199999.96875,199999.96875,199999.96875,199999.96875,199999.96875,199999.96875
21.844,199999.96875,199999.96875,199999.96875,199999.96875,199999.96875,199999.96875,199999.96875,199999.96875
21.848,199999.96875,199999.96875,199999.96875,199999.96875,199999.96875,199999.96875,199999.96875,199999.96875
21.852,199999.96875,199999.96875,199999.96875,199999.96875,199999.96875,199999.96875,199999.96875,199999.96875
21.856,199999.96875,199999.96875,199999.96875,199999.96875,199999.96875,199999.96875,199999.96875,199999.96875
21.86,199999.96875,199999.96875,199999.96875,199999.96875,199999.96875,199999.96875,199999.96875,199999.96875
21.864,199999.96875,199999.96875,199999.96875,199999.96875,199999.96875,199999.96875,199999.96875,199999.96875
21.868,199999.96875,199999.96875,199999.96875,199999.96875,199999.96875,199999.96875,199999.96875,199999.96875
21.872,199999.96875,199999.96875,199999.96875,199999.96875,199999.96875,199999.96875,199999.96875,199999.96875
21.876,199999.96875,199999.96875,199999.96875,199999.96875,199999.96875,199999.96875,199999.96875,199999.96875
21.88,199999.96875,199999.96875,199999.96875,199999.96875,199999.96875,199999.96875,199999.96875,199999.96875
21.884,199999.96875,199999.96875,199999.96875,199999.96875,199999.96875,199999.96875,199999.96875,199999.96875
21.888,199999.96875,199999.96875,199999.96875,199999.96875,199999.96875,199999.96875,199999.96875,199999.96875
21.892,199999.96875,199999.96875,199999.96875,199999.96875,199999.96875,199999.96875,199999.96875,199999.96875
21.896,199999.96875,199999.96875,199999.96875,199999.96875,199999.96875,199999.96875,199999.96875,199999.96875
21.9,199999.96875,199999.96875,199999.96875,199999.96875,199999.96875,199999.96875,199999.96875,199999.96875
21.904,199999.96875,199999.96875,199999.96875,199999.96875,199999.96875,199999.96875,199999.96875,199999.96875
21.908,199999.96875,199999.96875,199999.96875,199999.96875,199999.96875,199999.96875,199999.96875,199999.96875
21.912,199999.96875,199999.96875,199999.96875,199999.96875,199999.96875,199999.96875,199999.96875,199999.96875
21.916,199999.96875,199999.96875,199999.96875,199999.96875,199999.96875,199999.96875,199999.96875,199999.96875
21.92,199999.96875,199999.96875,199999.96875,199999.96875,199999.96875,199999.96875,199999.96875,199999.96875
21.924,199999.96875,199999.96875,199999.96875,199999.96875,199999.96875,199999.96875,199999.96875,199999.96875
21.928,199999.96875,199999.96875,199999.96875,199999.96875,199999.96875,199999.96875,199999.96875,199999.96875
21.932,199999.96875,199999.96875,199999.96875,199999.96875,199999.96875,199999.96875,199999.96875,199999.96875
21.936,199999.96875,199999.96875,199999.96875,199999.96875,199999.96875,199999.96875,199999.96875,199999.96875
21.94,199999.96875,199999.96875,199999.96875,199999.96875,199999.96875,199999.96875,199999.96875,199999.96875
21.944,199999.96875,199999.96875,199999.96875,199999.96875,199999.96875,199999.96875,199999.96875,199999.96875
21.948,199999.96875,199999.96875,199999.96875,199999.96875,199999.96875,199999.96875,199999.96875,199999.96875
21.952,199999.96875,199999.96875,199999.96875,199999.96875,199999.96875,199999.96875,199999.96875,199999.96875
21.956,199999.96875,199999.96875,199999.96875,199999.96875,199999.96875,199999.96875,199999.96875,199999.96875
21.96,199999.96875,199999.96875,199999.96875,199999.96875,199999.96875,199999.96875,199999.96875,199999.96875
21.964,199999.96875,199999.96875,199999.96875,199999.96875,199999.96875,199999.96875,199999.96875,199999.96875
21.968,199999.96875,199999.96875,199999.96875,199999.96875,199999.96875,199999.96875,199999.96875,199999.96875
21.972,199999.96875,199999.96875,199999.96875,199999.96875,199999.96875,199999.96875,199999.96875,199999.96875
21.976,199999.96875,199999.96875,199999.96875,199999.96875,199999.96875,199999.96875,199999.96875,199999.96875
21.98,199999.96875,199999.96875,199999.96875,199999.96875,199999.96875,199999.96875,199999.96875,199999.96875
21.984,199999.96875,199999.96875,199999.96875,199999.96875,199999.96875,199999.96875,199999.96875,199999.96875
21.988,199999.96875,199999.96875,199999.96875,199999.96875,199999.96875,199999.96875,199999.96875,199999.96875
21.992,199999.96875,199999.96875,199999.96875,199999.96875,199999.96875,199999.96875,199999.96875,199999.96875
21.996,199999.96875,199999.96875,199999.96875,199999.96875,199999.96875,199999.96875,199999.96875,199999.96875
22,199999.96875,199999.96875,199999.96875,199999.96875,199999.96875,199999.96875,199999.96875,199999.96875
22.004,199999.96875,199999.96875,199999.96875,199999.96875,199999.96875,199999.96875,199999.96875,199999.96875
22.008,199999.96875,199999.96875,199999.96875,199999.96875,199999.96875,199999.96875,199999.96875,199999.96875
22.012,199999.96875,199999.96875,199999.96875,199999.96875,199999.96875,199999.96875,199999.96875,199999.96875
22.016,199999.96875,199999.96875,199999.96875,199999.96875,199999.96875,199999.96875,199999.96875,199999.96875
22.02,199999.96875,199999.96875,199999.96875,199999.96875,199999.96875,199999.96875,199999.96875,199999.96875
22.024,199999.96875,199999.96875,199999.96875,199999.96875,199999.96875,199999.96875,199999.96875,199999.96875
22.028,199999.96875,199999.96875,199999.96875,199999.96875,199999.96875,199999.96875,199999.96875,199999.96875
22.032,199999.96875,199999.96875,199999.96875,199999.96875,199999.96875,199999.96875,199999.96875,199999.96875
22.036,199999.96875,199999.96875,199999.96875,199999.96875,199999.96875,199999.96875,199999.96875,199999.96875
22.04,199999.96875,199999.96875,199999.96875,199999.96875,199999.96875,199999.96875,199999.96875,199999.96875
22.044,199999.96875,199999.96875,199999.96875,199999.96875,199999.96875,199999.96875,199999.96875,199999.96875
22.048,199999.96875,199999.96875,199999.96875,199999.96875,199999.96875,199999.96875,199999.96875,199999.96875
22.052,199999.96875,199999.96875,199999.96875,199999.96875,199999.96875,199999.96875,199999.96875,199999.96875
22.056,199999.96875,199999.96875,199999.96875,199999.96875,199999.96875,199999.96875,199999.96875,199999.96875
22.06,199999.96875,199999.96875,199999.96875,199999.96875,199999.96875,199999.96875,199999.96875,199999.96875
22.064,199999.96875,199999.96875,199999.96875,199999.96875,199999.96875,199999.96875,199999.96875,199999.96875
22.068,199999.96875,199999.96875,199999.96875,199999.96875,199999.96875,199999.96875,199999.96875,199999.96875
22.072,199999.96875,199999.96875,199999.96875,199999.96875,199999.96875,199999.96875,199999.96875,199999.96875
22.076,199999.96875,199999.96875,199999.96875,199999.96875,199999.96875,199999.96875,199999.96875,199999.96875
22.08,199999.96875,199999.96875,199999.96875,199999.96875,199999.96875,199999.96875,199999.96875,199999.96875
22.084,199999.96875,199999.96875,199999.96875,199999.96875,199999.96875,199999.96875,199999.96875,199999.96875
22.088,199999.96875,199999.96875,199999.96875,199999.96875,199999.96875,199999.96875,199999.96875,199999.96875
22.092,199999.96875,199999.96875,199999.96875,199999.96875,199999.96875,199999.96875,199999.96875,199999.96875
22.096,199999.96875,199999.96875,199999.96875,199999.96875,199999.96875,199999.96875,199999.96875,199999.96875
22.1,199999.96875,199999.96875,199999.96875,199999.96875,199999.96875,199999.96875,199999.96875,199999.96875
22.104,199999.96875,199999.96875,199999.96875,199999.96875,199999.96875,199999.96875,199999.96875,199999.96875
22.108,199999.96875,199999.96875,199999.96875,199999.96875,199999.96875,199999.96875,199999.96875,199999.96875
22.112,199999.96875,199999.96875,199999.96875,199999.96875,199999.96875,199999.96875,199999.96875,199999.96875
22.116,199999.96875,199999.96875,199999.96875,199999.96875,199999.96875,199999.96875,199999.96875,199999.96875
22.12,199999.96875,199999.96875,199999.96875,199999.96875,199999.96875,199999.96875,199999.96875,199999.96875
22.124,199999.96875,199999.96875,199999.96875,199999.96875,199999.96875,199999.96875,199999.96875,199999.96875
22.128,199999.96875,199999.96875,199999.96875,199999.96875,199999.96875,199999.96875,199999.96875,199999.96875
22.132,199999.96875,199999.96875,199999.96875,199999.96875,199999.96875,199999.96875,199999.96875,199999.96875
22.136,199999.96875,199999.96875,199999.96875,199999.96875,199999.96875,199999.96875,199999.96875,199999.96875
22.14,199999.96875,199999.96875,199999.96875,199999.96875,199999.96875,199999.96875,199999.96875,199999.96875
22.144,199999.96875,199999.96875,199999.96875,199999.96875,199999.96875,199999.96875,199999.96875,199999.96875
22.148,199999.96875,199999.96875,199999.96875,199999.96875,199999.96875,199999.96875,199999.96875,199999.96875
22.152,199999.96875,199999.96875,199999.96875,199999.96875,199999.96875,199999.96875,199999.96875,199999.96875
22.156,199999.96875,199999.96875,199999.96875,199999.96875,199999.96875,199999.96875,199999.96875,199999.96875
22.16,199999.96875,199999.96875,199999.96875,199999.96875,199999.96875,199999.96875,199999.96875,199999.96875
22.164,199999.96875,199999.96875,199999.96875,199999.96875,199999.96875,199999.96875,199999.96875,199999.96875
22.168,199999.96875,199999.96875,199999.96875,199999.96875,199999.96875,199999.96875,199999.96875,199999.96875
22.172,199999.96875,199999.96875,199999.96875,199999.96875,199999.96875,199999.96875,199999.96875,199999.96875
22.176,199999.96875,199999.96875,199999.96875,199999.96875,199999.96875,199999.96875,199999.96875,199999.96875
22.18,199999.96875,199999.96875,199999.96875,199999.96875,199999.96875,199999.96875,199999.96875,199999.96875
22.184,199999.96875,199999.96875,199999.96875,199999.96875,199999.96875,199999.96875,199999.96875,199999.96875
22.188,199999.96875,199999.96875,199999.96875,199999.96875,199999.96875,199999.96875,199999.96875,199999.96875
22.192,199999.96875,199999.96875,199999.96875,199999.96875,199999.96875,199999.96875,199999.96875,199999.96875
22.196,199999.96875,199999.96875,199999.96875,199999.96875,199999.96875,199999.96875,199999.96875,199999.96875
22.2,199999.96875,199999.96875,199999.96875,199999.96875,199999.96875,199999.96875,199999.96875,199999.96875
22.204,199999.96875,199999.96875,199999.96875,199999.96875,199999.96875,199999.96875,199999.96875,199999.96875
22.208,199999.96875,199999.96875,199999.96875,199999.96875,199999.96875,199999.96875,199999.96875,199999.96875
22.212,199999.96875,199999.96875,199999.96875,199999.96875,199999.96875,199999.96875,199999.96875,199999.96875
22.216,199999.96875,199999.96875,199999.96875,199999.96875,199999.96875,199999.96875,199999.96875,199999.96875
22.22,199999.96875,199999.96875,199999.96875,199999.96875,199999.96875,199999.96875,199999.96875,199999.96875
22.224,199999.96875,199999.96875,199999.96875,199999.96875,199999.96875,199999.96875,199999.96875,199999.96875
22.228,199999.96875,199999.96875,199999.96875,199999.96875,199999.96875,199999.96875,199999.96875,199999.96875
22.232,199999.96875,199999.96875,199999.96875,199999.96875,199999.96875,199999.96875,199999.96875,199999.96875
22.236,199999.96875,199999.96875,199999.96875,199999.96875,199999.96875,199999.96875,199999.96875,199999.96875
22.24,199999.96875,199999.96875,199999.96875,199999.96875,199999.96875,199999.96875,199999.96875,199999.96875
22.244,199999.96875,199999.96875,199999.96875,199999.96875,199999.96875,199999.96875,199999.96875,199999.96875
22.248,199999.96875,199999.96875,199999.96875,199999.96875,199999.96875,199999.96875,199999.96875,199999.96875
22.252,199999.96875,199999.96875,199999.96875,199999.96875,199999.96875,199999.96875,199999.96875,199999.96875
22.256,199999.96875,199999.96875,199999.96875,199999.96875,199999.96875,199999.96875,199999.96875,199999.96875
22.26,199999.96875,199999.96875,199999.96875,199999.96875,199999.96875,199999.96875,199999.96875,199999.96875
22.264,199999.96875,199999.96875,199999.96875,199999.96875,199999.96875,199999.96875,199999.96875,199999.96875
22.268,199999.96875,199999.96875,199999.96875,199999.96875,199999.96875,199999.96875,199999.96875,199999.96875
22.272,199999.96875,199999.96875,199999.96875,199999.96875,199999.96875,199999.96875,199999.96875,199999.96875
22.276,199999.96875,199999.96875,199999.96875,199999.96875,199999.96875,199999.96875,199999.96875,199999.96875
22.28,199999.96875,199999.96875,199999.96875,199999.96875,199999.96875,199999.96875,199999.96875,199999.96875
22.284,199999.96875,199999.96875,199999.96875,199999.96875,199999.96875,199999.96875,199999.96875,199999.96875
22.288,199999.96875,199999.96875,199999.96875,199999.96875,199999.96875,199999.96875,199999.96875,199999.96875
22.292,199999.96875,199999.96875,199999.96875,199999.96875,199999.96875,199999.96875,199999.96875,199999.96875
22.296,199999.96875,199999.96875,199999.96875,199999.96875,199999.96875,199999.96875,199999.96875,199999.96875
22.3,199999.96875,199999.96875,199999.96875,199999.96875,199999.96875,199999.96875,199999.96875,199999.96875
22.304,199999.96875,199999.96875,199999.96875,199999.96875,199999.96875,199999.96875,199999.96875,199999.96875
22.308,199999.96875,199999.96875,199999.96875,199999.96875,199999.96875,199999.96875,199999.96875,199999.96875
22.312,199999.96875,199999.96875,199999.96875,199999.96875,199999.96875,199999.96875,199999.96875,199999.96875
22.316,199999.96875,199999.96875,199999.96875,199999.96875,199999.96875,199999.96875,199999.96875,199999.96875
22.32,199999.96875,199999.96875,199999.96875,199999.96875,199999.96875,199999.96875,199999.96875,199999.96875
22.324,199999.96875,199999.96875,199999.96875,199999.96875,199999.96875,199999.96875,199999.96875,199999.96875
22.328,199999.96875,199999.96875,199999.96875,199999.96875,199999.96875,199999.96875,199999.96875,199999.96875
22.332,199999.96875,199999.96875,199999.96875,199999.96875,199999.96875,199999.96875,199999.96875,199999.96875
22.336,199999.96875,199999.96875,199999.96875,199999.96875,199999.96875,199999.96875,199999.96875,199999.96875
22.34,199999.96875,199999.96875,199999.96875,199999.96875,199999.96875,199999.96875,199999.96875,199999.96875
22.344,199999.96875,199999.96875,199999.96875,199999.96875,199999.96875,199999.96875,199999.96875,199999.96875
22.348,199999.96875,199999.96875,199999.96875,199999.96875,199999.96875,199999.96875,199999.96875,199999.96875
22.352,199999.96875,199999.96875,199999.96875,199999.96875,199999.96875,199999.96875,199999.96875,199999.96875
22.356,199999.96875,199999.96875,199999.96875,199999.96875,199999.96875,199999.96875,199999.96875,199999.96875
22.36,199999.96875,199999.96875,199999.96875,199999.96875,199999.96875,199999.96875,199999.96875,199999.96875
22.364,199999.96875,199999.96875,199999.96875,199999.96875,199999.96875,199999.96875,199999.96875,199999.96875
22.368,199999.96875,199999.96875,199999.96875,199999.96875,199999.96875,199999.96875,199999.96875,199999.96875
22.372,199999.96875,199999.96875,199999.96875,199999.96875,199999.96875,199999.96875,199999.96875,199999.96875
22.376,199999.96875,199999.96875,199999.96875,199999.96875,199999.96875,199999.96875,199999.96875,199999.96875
22.38,199999.96875,199999.96875,199999.96875,199999.96875,199999.96875,199999.96875,199999.96875,199999.96875
22.384,199999.96875,199999.96875,199999.96875,199999.96875,199999.96875,199999.96875,199999.96875,199999.96875
22.388,199999.96875,199999.96875,199999.96875,199999.96875,199999.96875,199999.96875,199999.96875,199999.96875
22.392,199999.96875,199999.96875,199999.96875,199999.96875,199999.96875,199999.96875,199999.96875,199999.96875
22.396,199999.96875,199999.96875,199999.96875,199999.96875,199999.96875,199999.96875,199999.96875,199999.96875
22.4,199999.96875,199999.96875,199999.96875,199999.96875,199999.96875,199999.96875,199999.96875,199999.96875
22.404,199999.96875,199999.96875,199999.96875,199999.96875,199999.96875,199999.96875,199999.96875,199999.96875
22.408,199999.96875,199999.96875,199999.96875,199999.96875,199999.96875,199999.96875,199999.96875,199999.96875
22.412,199999.96875,199999.96875,199999.96875,199999.96875,199999.96875,199999.96875,199999.96875,199999.96875
22.416,199999.96875,199999.96875,199999.96875,199999.96875,199999.96875,199999.96875,199999.96875,199999.96875
22.42,199999.96875,199999.96875,199999.96875,199999.96875,199999.96875,199999.96875,199999.96875,199999.96875
22.424,199999.96875,199999.96875,199999.96875,199999.96875,199999.96875,199999.96875,199999.96875,199999.96875
22.428,199999.96875,199999.96875,199999.96875,199999.96875,199999.96875,199999.96875,199999.96875,199999.96875
22.432,199999.96875,199999.96875,199999.96875,199999.96875,199999.96875,199999.96875,199999.96875,199999.96875
22.436,199999.96875,199999.96875,199999.96875,199999.96875,199999.96875,199999.96875,199999.96875,199999.96875
22.44,199999.96875,199999.96875,199999.96875,199999.96875,199999.96875,199999.96875,199999.96875,199999.96875
22.444,199999.96875,199999.96875,199999.96875,199999.96875,199999.96875,199999.96875,199999.96875,199999.96875
22.448,199999.96875,199999.96875,199999.96875,199999.96875,199999.96875,199999.96875,199999.96875,199999.96875
22.452,199999.96875,199999.96875,199999.96875,199999.96875,199999.96875,199999.96875,199999.96875,199999.96875
22.456,199999.96875,199999.96875,199999.96875,199999.96875,199999.96875,199999.96875,199999.96875,199999.96875
22.46,199999.96875,199999.96875,199999.96875,199999.96875,199999.96875,199999.96875,199999.96875,199999.96875
22.464,199999.96875,199999.96875,199999.96875,199999.96875,199999.96875,199999.96875,199999.96875,199999.96875
22.468,199999.96875,199999.96875,199999.96875,199999.96875,199999.96875,199999.96875,199999.96875,199999.96875
22.472,199999.96875,199999.96875,199999.96875,199999.96875,199999.96875,199999.96875,199999.96875,199999.96875
22.476,199999.96875,199999.96875,199999.96875,199999.96875,199999.96875,199999.96875,199999.96875,199999.96875
22.48,199999.96875,199999.96875,199999.96875,199999.96875,199999.96875,199999.96875,199999.96875,199999.96875
22.484,199999.96875,199999.96875,199999.96875,199999.96875,199999.96875,199999.96875,199999.96875,199999.96875
22.488,199999.96875,199999.96875,199999.96875,199999.96875,199999.96875,199999.96875,199999.96875,199999.96875
22.492,199999.96875,199999.96875,199999.96875,199999.96875,199999.96875,199999.96875,199999.96875,199999.96875
22.496,199999.96875,199999.96875,199999.96875,199999.96875,199999.96875,199999.96875,199999.96875,199999.96875
22.5,199999.96875,199999.96875,199999.96875,199999.96875,199999.96875,199999.96875,199999.96875,199999.96875
22.504,199999.96875,199999.96875,199999.96875,199999.96875,199999.96875,199999.96875,199999.96875,199999.96875
22.508,199999.96875,199999.96875,199999.96875,199999.96875,199999.96875,199999.96875,199999.96875,199999.96875
22.512,199999.96875,199999.96875,199999.96875,199999.96875,199999.96875,199999.96875,199999.96875,199999.96875
22.516,199999.96875,199999.96875,199999.96875,199999.96875,199999.96875,199999.96875,199999.96875,199999.96875
22.52,199999.96875,199999.96875,199999.96875,199999.96875,199999.96875,199999.96875,199999.96875,199999.96875
22.524,199999.96875,199999.96875,199999.96875,199999.96875,199999.96875,199999.96875,199999.96875,199999.96875
22.528,199999.96875,199999.96875,199999.96875,199999.96875,199999.96875,199999.96875,199999.96875,199999.96875
22.532,199999.96875,199999.96875,199999.96875,199999.96875,199999.96875,199999.96875,199999.96875,199999.96875
22.536,199999.96875,199999.96875,199999.96875,199999.96875,199999.96875,199999.96875,199999.96875,199999.96875
22.54,199999.96875,199999.96875,199999.96875,199999.96875,199999.96875,199999.96875,199999.96875,199999.96875
22.544,199999.96875,199999.96875,199999.96875,199999.96875,199999.96875,199999.96875,199999.96875,199999.96875
22.548,199999.96875,199999.96875,199999.96875,199999.96875,199999.96875,199999.96875,199999.96875,199999.96875
22.552,199999.96875,199999.96875,199999.96875,199999.96875,199999.96875,199999.96875,199999.96875,199999.96875
22.556,199999.96875,199999.96875,199999.96875,199999.96875,199999.96875,199999.96875,199999.96875,199999.96875
22.56,199999.96875,199999.96875,199999.96875,199999.96875,199999.96875,199999.96875,199999.96875,199999.96875
22.564,199999.96875,199999.96875,199999.96875,199999.96875,199999.96875,199999.96875,199999.96875,199999.96875
22.568,199999.96875,199999.96875,199999.96875,199999.96875,199999.96875,199999.96875,199999.96875,199999.96875
22.572,199999.96875,199999.96875,199999.96875,199999.96875,199999.96875,199999.96875,199999.96875,199999.96875
22.576,199999.96875,199999.96875,199999.96875,199999.96875,199999.96875,199999.96875,199999.96875,199999.96875
22.58,199999.96875,199999.96875,199999.96875,199999.96875,199999.96875,199999.96875,199999.96875,199999.96875
22.584,199999.96875,199999.96875,199999.96875,199999.96875,199999.96875,199999.96875,199999.96875,199999.96875
22.588,199999.96875,199999.96875,199999.96875,199999.96875,199999.96875,199999.96875,199999.96875,199999.96875
22.592,199999.96875,199999.96875,199999.96875,199999.96875,199999.96875,199999.96875,199999.96875,199999.96875
22.596,199999.96875,199999.96875,199999.96875,199999.96875,199999.96875,199999.96875,199999.96875,199999.96875
22.6,199999.96875,199999.96875,199999.96875,199999.96875,199999.96875,199999.96875,199999.96875,199999.96875
22.604,199999.96875,199999.96875,199999.96875,199999.96875,199999.96875,199999.96875,199999.96875,199999.96875
22.608,199999.96875,199999.96875,199999.96875,199999.96875,199999.96875,199999.96875,199999.96875,199999.96875
22.612,199999.96875,199999.96875,199999.96875,199999.96875,199999.96875,199999.96875,199999.96875,199999.96875
22.616,199999.96875,199999.96875,199999.96875,199999.96875,199999.96875,199999.96875,199999.96875,199999.96875
22.62,199999.96875,199999.96875,199999.96875,199999.96875,199999.96875,199999.96875,199999.96875,199999.96875
22.624,199999.96875,199999.96875,199999.96875,199999.96875,199999.96875,199999.96875,199999.96875,199999.96875
22.628,199999.96875,199999.96875,199999.96875,199999.96875,199999.96875,199999.96875,199999.96875,199999.96875
22.632,199999.96875,199999.96875,199999.96875,199999.96875,199999.96875,199999.96875,199999.96875,199999.96875
22.636,199999.96875,199999.96875,199999.96875,199999.96875,199999.96875,199999.96875,199999.96875,199999.96875
22.64,199999.96875,199999.96875,199999.96875,199999.96875,199999.96875,199999.96875,199999.96875,199999.96875
22.644,199999.96875,199999.96875,199999.96875,199999.96875,199999.96875,199999.96875,199999.96875,199999.96875
22.648,199999.96875,199999.96875,199999.96875,199999.96875,199999.96875,199999.96875,199999.96875,199999.96875
22.652,199999.96875,199999.96875,199999.96875,199999.96875,199999.96875,199999.96875,199999.96875,199999.96875
22.656,199999.96875,199999.96875,199999.96875,199999.96875,199999.96875,199999.96875,199999.96875,199999.96875
22.66,199999.96875,199999.96875,199999.96875,199999.96875,199999.96875,199999.96875,199999.96875,199999.96875
22.664,199999.96875,199999.96875,199999.96875,199999.96875,199999.96875,199999.96875,199999.96875,199999.96875
22.668,199999.96875,199999.96875,199999.96875,199999.96875,199999.96875,199999.96875,199999.96875,199999.96875
22.672,199999.96875,199999.96875,199999.96875,199999.96875,199999.96875,199999.96875,199999.96875,199999.96875
22.676,199999.96875,199999.96875,199999.96875,199999.96875,199999.96875,199999.96875,199999.96875,199999.96875
22.68,199999.96875,199999.96875,199999.96875,199999.96875,199999.96875,199999.96875,199999.96875,199999.96875
22.684,199999.96875,199999.96875,199999.96875,199999.96875,199999.96875,199999.96875,199999.96875,199999.96875
22.688,199999.96875,199999.96875,199999.96875,199999.96875,199999.96875,199999.96875,199999.96875,199999.96875
22.692,199999.96875,199999.96875,199999.96875,199999.96875,199999.96875,199999.96875,199999.96875,199999.96875
22.696,199999.96875,199999.96875,199999.96875,199999.96875,199999.96875,199999.96875,199999.96875,199999.96875
22.7,199999.96875,199999.96875,199999.96875,199999.96875,199999.96875,199999.96875,199999.96875,199999.96875
22.704,199999.96875,199999.96875,199999.96875,199999.96875,199999.96875,199999.96875,199999.96875,199999.96875
22.708,199999.96875,199999.96875,199999.96875,199999.96875,199999.96875,199999.96875,199999.96875,199999.96875
22.712,199999.96875,199999.96875,199999.96875,199999.96875,199999.96875,199999.96875,199999.96875,199999.96875
22.716,199999.96875,199999.96875,199999.96875,199999.96875,199999.96875,199999.96875,199999.96875,199999.96875
22.72,199999.96875,199999.96875,199999.96875,199999.96875,199999.96875,199999.96875,199999.96875,199999.96875
22.724,199999.96875,199999.96875,199999.96875,199999.96875,199999.96875,199999.96875,199999.96875,199999.96875
22.728,199999.96875,199999.96875,199999.96875,199999.96875,199999.96875,199999.96875,199999.96875,199999.96875
22.732,199999.96875,199999.96875,199999.96875,199999.96875,199999.96875,199999.96875,199999.96875,199999.96875
22.736,199999.96875,199999.96875,199999.96875,199999.96875,199999.96875,199999.96875,199999.96875,199999.96875
22.74,199999.96875,199999.96875,199999.96875,199999.96875,199999.96875,199999.96875,199999.96875,199999.96875
22.744,199999.96875,199999.96875,199999.96875,199999.96875,199999.96875,199999.96875,199999.96875,199999.96875
22.748,199999.96875,199999.96875,199999.96875,199999.96875,199999.96875,199999.96875,199999.96875,199999.96875
22.752,199999.96875,199999.96875,199999.96875,199999.96875,199999.96875,199999.96875,199999.96875,199999.96875
22.756,199999.96875,199999.96875,199999.96875,199999.96875,199999.96875,199999.96875,199999.96875,199999.96875
22.76,199999.96875,199999.96875,199999.96875,199999.96875,199999.96875,199999.96875,199999.96875,199999.96875
22.764,199999.96875,199999.96875,199999.96875,199999.96875,199999.96875,199999.96875,199999.96875,199999.96875
22.768,199999.96875,199999.96875,199999.96875,199999.96875,199999.96875,199999.96875,199999.96875,199999.96875
22.772,199999.96875,199999.96875,199999.96875,199999.96875,199999.96875,199999.96875,199999.96875,199999.96875
22.776,199999.96875,199999.96875,199999.96875,199999.96875,199999.96875,199999.96875,199999.96875,199999.96875
22.78,199999.96875,199999.96875,199999.96875,199999.96875,199999.96875,199999.96875,199999.96875,199999.96875
22.784,199999.96875,199999.96875,199999.96875,199999.96875,199999.96875,199999.96875,199999.96875,199999.96875
22.788,199999.96875,199999.96875,199999.96875,199999.96875,199999.96875,199999.96875,199999.96875,199999.96875
22.792,199999.96875,199999.96875,199999.96875,199999.96875,199999.96875,199999.96875,199999.96875,199999.96875
22.796,199999.96875,199999.96875,199999.96875,199999.96875,199999.96875,199999.96875,199999.96875,199999.96875
22.8,199999.96875,199999.96875,199999.96875,199999.96875,199999.96875,199999.96875,199999.96875,199999.96875
22.804,199999.96875,199999.96875,199999.96875,199999.96875,199999.96875,199999.96875,199999.96875,199999.96875
22.808,199999.96875,199999.96875,199999.96875,199999.96875,199999.96875,199999.96875,199999.96875,199999.96875
22.812,199999.96875,199999.96875,199999.96875,199999.96875,199999.96875,199999.96875,199999.96875,199999.96875
22.816,199999.96875,199999.96875,199999.96875,199999.96875,199999.96875,199999.96875,199999.96875,199999.96875
22.82,199999.96875,199999.96875,199999.96875,199999.96875,199999.96875,199999.96875,199999.96875,199999.96875
22.824,199999.96875,199999.96875,199999.96875,199999.96875,199999.96875,199999.96875,199999.96875,199999.96875
22.828,199999.96875,199999.96875,199999.96875,199999.96875,199999.96875,199999.96875,199999.96875,199999.96875
22.832,199999.96875,199999.96875,199999.96875,199999.96875,199999.96875,199999.96875,199999.96875,199999.96875
22.836,199999.96875,199999.96875,199999.96875,199999.96875,199999.96875,199999.96875,199999.96875,199999.96875
22.84,199999.96875,199999.96875,199999.96875,199999.96875,199999.96875,199999.96875,199999.96875,199999.96875
22.844,199999.96875,199999.96875,199999.96875,199999.96875,199999.96875,199999.96875,199999.96875,199999.96875
22.848,199999.96875,199999.96875,199999.96875,199999.96875,199999.96875,199999.96875,199999.96875,199999.96875
22.852,199999.96875,199999.96875,199999.96875,199999.96875,199999.96875,199999.96875,199999.96875,199999.96875
22.856,199999.96875,199999.96875,199999.96875,199999.96875,199999.96875,199999.96875,199999.96875,199999.96875
22.86,199999.96875,199999.96875,199999.96875,199999.96875,199999.96875,199999.96875,199999.96875,199999.96875
22.864,199999.96875,199999.96875,199999.96875,199999.96875,199999.96875,199999.96875,199999.96875,199999.96875
22.868,199999.96875,199999.96875,199999.96875,199999.96875,199999.96875,199999.96875,199999.96875,199999.96875
22.872,199999.96875,199999.96875,199999.96875,199999.96875,199999.96875,199999.96875,199999.96875,199999.96875
22.876,199999.96875,199999.96875,199999.96875,199999.96875,199999.96875,199999.96875,199999.96875,199999.96875
22.88,199999.96875,199999.96875,199999.96875,199999.96875,199999.96875,199999.96875,199999.96875,199999.96875
22.884,199999.96875,199999.96875,199999.96875,199999.96875,199999.96875,199999.96875,199999.96875,199999.96875
22.888,199999.96875,199999.96875,199999.96875,199999.96875,199999.96875,199999.96875,199999.96875,199999.96875
22.892,199999.96875,199999.96875,199999.96875,199999.96875,199999.96875,199999.96875,199999.96875,199999.96875
22.896,199999.96875,199999.96875,199999.96875,199999.96875,199999.96875,199999.96875,199999.96875,199999.96875
22.9,199999.96875,199999.96875,199999.96875,199999.96875,199999.96875,199999.96875,199999.96875,199999.96875
22.904,199999.96875,199999.96875,199999.96875,199999.96875,199999.96875,199999.96875,199999.96875,199999.96875
22.908,199999.96875,199999.96875,199999.96875,199999.96875,199999.96875,199999.96875,199999.96875,199999.96875
22.912,199999.96875,199999.96875,199999.96875,199999.96875,199999.96875,199999.96875,199999.96875,199999.96875
22.916,199999.96875,199999.96875,199999.96875,199999.96875,199999.96875,199999.96875,199999.96875,199999.96875
22.92,199999.96875,199999.96875,199999.96875,199999.96875,199999.96875,199999.96875,199999.96875,199999.96875
22.924,199999.96875,199999.96875,199999.96875,199999.96875,199999.96875,199999.96875,199999.96875,199999.96875
22.928,199999.96875,199999.96875,199999.96875,199999.96875,199999.96875,199999.96875,199999.96875,199999.96875
22.932,199999.96875,199999.96875,199999.96875,199999.96875,199999.96875,199999.96875,199999.96875,199999.96875
22.936,199999.96875,199999.96875,199999.96875,199999.96875,199999.96875,199999.96875,199999.96875,199999.96875
22.94,199999.96875,199999.96875,199999.96875,199999.96875,199999.96875,199999.96875,199999.96875,199999.96875
22.944,199999.96875,199999.96875,199999.96875,199999.96875,199999.96875,199999.96875,199999.96875,199999.96875
22.948,199999.96875,199999.96875,199999.96875,199999.96875,199999.96875,199999.96875,199999.96875,199999.96875
22.952,199999.96875,199999.96875,199999.96875,199999.96875,199999.96875,199999.96875,199999.96875,199999.96875
22.956,199999.96875,199999.96875,199999.96875,199999.96875,199999.96875,199999.96875,199999.96875,199999.96875
22.96,199999.96875,199999.96875,199999.96875,199999.96875,199999.96875,199999.96875,199999.96875,199999.96875
22.964,199999.96875,199999.96875,199999.96875,199999.96875,199999.96875,199999.96875,199999.96875,199999.96875
22.968,199999.96875,199999.96875,199999.96875,199999.96875,199999.96875,199999.96875,199999.96875,199999.96875
22.972,199999.96875,199999.96875,199999.96875,199999.96875,199999.96875,199999.96875,199999.96875,199999.96875
22.976,199999.96875,199999.96875,199999.96875,199999.96875,199999.96875,199999.96875,199999.96875,199999.96875
22.98,199999.96875,199999.96875,199999.96875,199999.96875,199999.96875,199999.96875,199999.96875,199999.96875
22.984,199999.96875,199999.96875,199999.96875,199999.96875,199999.96875,199999.96875,199999.96875,199999.96875
22.988,199999.96875,199999.96875,199999.96875,199999.96875,199999.96875,199999.96875,199999.96875,199999.96875
22.992,199999.96875,199999.96875,199999.96875,199999.96875,199999.96875,199999.96875,199999.96875,199999.96875
22.996,199999.96875,199999.96875,199999.96875,199999.96875,199999.96875,199999.96875,199999.96875,199999.96875
23,199999.96875,199999.96875,199999.96875,199999.96875,199999.96875,199999.96875,199999.96875,199999.96875
23.004,199999.96875,199999.96875,199999.96875,199999.96875,199999.96875,199999.96875,199999.96875,199999.96875
23.008,199999.96875,199999.96875,199999.96875,199999.96875,199999.96875,199999.96875,199999.96875,199999.96875
23.012,199999.96875,199999.96875,199999.96875,199999.96875,199999.96875,199999.96875,199999.96875,199999.96875
23.016,199999.96875,199999.96875,199999.96875,199999.96875,199999.96875,199999.96875,199999.96875,199999.96875
23.02,199999.96875,199999.96875,199999.96875,199999.96875,199999.96875,199999.96875,199999.96875,199999.96875
23.024,199999.96875,199999.96875,199999.96875,199999.96875,199999.96875,199999.96875,199999.96875,199999.96875
23.028,199999.96875,199999.96875,199999.96875,199999.96875,199999.96875,199999.96875,199999.96875,199999.96875
23.032,199999.96875,199999.96875,199999.96875,199999.96875,199999.96875,199999.96875,199999.96875,199999.96875
23.036,199999.96875,199999.96875,199999.96875,199999.96875,199999.96875,199999.96875,199999.96875,199999.96875
23.04,199999.96875,199999.96875,199999.96875,199999.96875,199999.96875,199999.96875,199999.96875,199999.96875
23.044,199999.96875,199999.96875,199999.96875,199999.96875,199999.96875,199999.96875,199999.96875,199999.96875
23.048,199999.96875,199999.96875,199999.96875,199999.96875,199999.96875,199999.96875,199999.96875,199999.96875
23.052,199999.96875,199999.96875,199999.96875,199999.96875,199999.96875,199999.96875,199999.96875,199999.96875
23.056,199999.96875,199999.96875,199999.96875,199999.96875,199999.96875,199999.96875,199999.96875,199999.96875
23.06,199999.96875,199999.96875,199999.96875,199999.96875,199999.96875,199999.96875,199999.96875,199999.96875
23.064,199999.96875,199999.96875,199999.96875,199999.96875,199999.96875,199999.96875,199999.96875,199999.96875
23.068,199999.96875,199999.96875,199999.96875,199999.96875,199999.96875,199999.96875,199999.96875,199999.96875
23.072,199999.96875,199999.96875,199999.96875,199999.96875,199999.96875,199999.96875,199999.96875,199999.96875
23.076,199999.96875,199999.96875,199999.96875,199999.96875,199999.96875,199999.96875,199999.96875,199999.96875
23.08,199999.96875,199999.96875,199999.96875,199999.96875,199999.96875,199999.96875,199999.96875,199999.96875
23.084,199999.96875,199999.96875,199999.96875,199999.96875,199999.96875,199999.96875,199999.96875,199999.96875
23.088,199999.96875,199999.96875,199999.96875,199999.96875,199999.96875,199999.96875,199999.96875,199999.96875
23.092,199999.96875,199999.96875,199999.96875,199999.96875,199999.96875,199999.96875,199999.96875,199999.96875
23.096,199999.96875,199999.96875,199999.96875,199999.96875,199999.96875,199999.96875,199999.96875,199999.96875
23.1,199999.96875,199999.96875,199999.96875,199999.96875,199999.96875,199999.96875,199999.96875,199999.96875
23.104,199999.96875,199999.96875,199999.96875,199999.96875,199999.96875,199999.96875,199999.96875,199999.96875
23.108,199999.96875,199999.96875,199999.96875,199999.96875,199999.96875,199999.96875,199999.96875,199999.96875
23.112,199999.96875,199999.96875,199999.96875,199999.96875,199999.96875,199999.96875,199999.96875,199999.96875
23.116,199999.96875,199999.96875,199999.96875,199999.96875,199999.96875,199999.96875,199999.96875,199999.96875
23.12,199999.96875,199999.96875,199999.96875,199999.96875,199999.96875,199999.96875,199999.96875,199999.96875
23.124,199999.96875,199999.96875,199999.96875,199999.96875,199999.96875,199999.96875,199999.96875,199999.96875
23.128,199999.96875,199999.96875,199999.96875,199999.96875,199999.96875,199999.96875,199999.96875,199999.96875
23.132,199999.96875,199999.96875,199999.96875,199999.96875,199999.96875,199999.96875,199999.96875,199999.96875
23.136,199999.96875,199999.96875,199999.96875,199999.96875,199999.96875,199999.96875,199999.96875,199999.96875
23.14,199999.96875,199999.96875,199999.96875,199999.96875,199999.96875,199999.96875,199999.96875,199999.96875
23.144,199999.96875,199999.96875,199999.96875,199999.96875,199999.96875,199999.96875,199999.96875,199999.96875
23.148,199999.96875,199999.96875,199999.96875,199999.96875,199999.96875,199999.96875,199999.96875,199999.96875
23.152,199999.96875,199999.96875,199999.96875,199999.96875,199999.96875,199999.96875,199999.96875,199999.96875
23.156,199999.96875,199999.96875,199999.96875,199999.96875,199999.96875,199999.96875,199999.96875,199999.96875
23.16,199999.96875,199999.96875,199999.96875,199999.96875,199999.96875,199999.96875,199999.96875,199999.96875
23.164,199999.96875,199999.96875,199999.96875,199999.96875,199999.96875,199999.96875,199999.96875,199999.96875
23.168,199999.96875,199999.96875,199999.96875,199999.96875,199999.96875,199999.96875,199999.96875,199999.96875
23.172,199999.96875,199999.96875,199999.96875,199999.96875,199999.96875,199999.96875,199999.96875,199999.96875
23.176,199999.96875,199999.96875,199999.96875,199999.96875,199999.96875,199999.96875,199999.96875,199999.96875
23.18,199999.96875,199999.96875,199999.96875,199999.96875,199999.96875,199999.96875,199999.96875,199999.96875
23.184,199999.96875,199999.96875,199999.96875,199999.96875,199999.96875,199999.96875,199999.96875,199999.96875
23.188,199999.96875,199999.96875,199999.96875,199999.96875,199999.96875,199999.96875,199999.96875,199999.96875
23.192,199999.96875,199999.96875,199999.96875,199999.96875,199999.96875,199999.96875,199999.96875,199999.96875
23.196,199999.96875,199999.96875,199999.96875,199999.96875,199999.96875,199999.96875,199999.96875,199999.96875
23.2,199999.96875,199999.96875,199999.96875,199999.96875,199999.96875,199999.96875,199999.96875,199999.96875
23.204,199999.96875,199999.96875,199999.96875,199999.96875,199999.96875,199999.96875,199999.96875,199999.96875
23.208,199999.96875,199999.96875,199999.96875,199999.96875,199999.96875,199999.96875,199999.96875,199999.96875
23.212,199999.96875,199999.96875,199999.96875,199999.96875,199999.96875,199999.96875,199999.96875,199999.96875
23.216,199999.96875,199999.96875,199999.96875,199999.96875,199999.96875,199999.96875,199999.96875,199999.96875
23.22,199999.96875,199999.96875,199999.96875,199999.96875,199999.96875,199999.96875,199999.96875,199999.96875
23.224,199999.96875,199999.96875,199999.96875,199999.96875,199999.96875,199999.96875,199999.96875,199999.96875
23.228,199999.96875,199999.96875,199999.96875,199999.96875,199999.96875,199999.96875,199999.96875,199999.96875
23.232,199999.96875,199999.96875,199999.96875,199999.96875,199999.96875,199999.96875,199999.96875,199999.96875
23.236,199999.96875,199999.96875,199999.96875,199999.96875,199999.96875,199999.96875,199999.96875,199999.96875
23.24,199999.96875,199999.96875,199999.96875,199999.96875,199999.96875,199999.96875,199999.96875,199999.96875
23.244,199999.96875,199999.96875,199999.96875,199999.96875,199999.96875,199999.96875,199999.96875,199999.96875
23.248,199999.96875,199999.96875,199999.96875,199999.96875,199999.96875,199999.96875,199999.96875,199999.96875
23.252,199999.96875,199999.96875,199999.96875,199999.96875,199999.96875,199999.96875,199999.96875,199999.96875
23.256,199999.96875,199999.96875,199999.96875,199999.96875,199999.96875,199999.96875,199999.96875,199999.96875
23.26,199999.96875,199999.96875,199999.96875,199999.96875,199999.96875,199999.96875,199999.96875,199999.96875
23.264,199999.96875,199999.96875,199999.96875,199999.96875,199999.96875,199999.96875,199999.96875,199999.96875
23.268,199999.96875,199999.96875,199999.96875,199999.96875,199999.96875,199999.96875,199999.96875,199999.96875
23.272,199999.96875,199999.96875,199999.96875,199999.96875,199999.96875,199999.96875,199999.96875,199999.96875
23.276,199999.96875,199999.96875,199999.96875,199999.96875,199999.96875,199999.96875,199999.96875,199999.96875
23.28,199999.96875,199999.96875,199999.96875,199999.96875,199999.96875,199999.96875,199999.96875,199999.96875
23.284,199999.96875,199999.96875,199999.96875,199999.96875,199999.96875,199999.96875,199999.96875,199999.96875
23.288,199999.96875,199999.96875,199999.96875,199999.96875,199999.96875,199999.96875,199999.96875,199999.96875
23.292,199999.96875,199999.96875,199999.96875,199999.96875,199999.96875,199999.96875,199999.96875,199999.96875
23.296,199999.96875,199999.96875,199999.96875,199999.96875,199999.96875,199999.96875,199999.96875,199999.96875
23.3,199999.96875,199999.96875,199999.96875,199999.96875,199999.96875,199999.96875,199999.96875,199999.96875
23.304,199999.96875,199999.96875,199999.96875,199999.96875,199999.96875,199999.96875,199999.96875,199999.96875
23.308,199999.96875,199999.96875,199999.96875,199999.96875,199999.96875,199999.96875,199999.96875,199999.96875
23.312,199999.96875,199999.96875,199999.96875,199999.96875,199999.96875,199999.96875,199999.96875,199999.96875
23.316,199999.96875,199999.96875,199999.96875,199999.96875,199999.96875,199999.96875,199999.96875,199999.96875
23.32,199999.96875,199999.96875,199999.96875,199999.96875,199999.96875,199999.96875,199999.96875,199999.96875
23.324,199999.96875,199999.96875,199999.96875,199999.96875,199999.96875,199999.96875,199999.96875,199999.96875
23.328,199999.96875,199999.96875,199999.96875,199999.96875,199999.96875,199999.96875,199999.96875,199999.96875
23.332,199999.96875,199999.96875,199999.96875,199999.96875,199999.96875,199999.96875,199999.96875,199999.96875
23.336,199999.96875,199999.96875,199999.96875,199999.96875,199999.96875,199999.96875,199999.96875,199999.96875
23.34,199999.96875,199999.96875,199999.96875,199999.96875,199999.96875,199999.96875,199999.96875,199999.96875
23.344,199999.96875,199999.96875,199999.96875,199999.96875,199999.96875,199999.96875,199999.96875,199999.96875
23.348,199999.96875,199999.96875,199999.96875,199999.96875,199999.96875,199999.96875,199999.96875,199999.96875
23.352,199999.96875,199999.96875,199999.96875,199999.96875,199999.96875,199999.96875,199999.96875,199999.96875
23.356,199999.96875,199999.96875,199999.96875,199999.96875,199999.96875,199999.96875,199999.96875,199999.96875
23.36,199999.96875,199999.96875,199999.96875,199999.96875,199999.96875,199999.96875,199999.96875,199999.96875
23.364,199999.96875,199999.96875,199999.96875,199999.96875,199999.96875,199999.96875,199999.96875,199999.96875
23.368,199999.96875,199999.96875,199999.96875,199999.96875,199999.96875,199999.96875,199999.96875,199999.96875
23.372,199999.96875,199999.96875,199999.96875,199999.96875,199999.96875,199999.96875,199999.96875,199999.96875
23.376,199999.96875,199999.96875,199999.96875,199999.96875,199999.96875,199999.96875,199999.96875,199999.96875
23.38,199999.96875,199999.96875,199999.96875,199999.96875,199999.96875,199999.96875,199999.96875,199999.96875
23.384,199999.96875,199999.96875,199999.96875,199999.96875,199999.96875,199999.96875,199999.96875,199999.96875
23.388,199999.96875,199999.96875,199999.96875,199999.96875,199999.96875,199999.96875,199999.96875,199999.96875
23.392,199999.96875,199999.96875,199999.96875,199999.96875,199999.96875,199999.96875,199999.96875,199999.96875
23.396,199999.96875,199999.96875,199999.96875,199999.96875,199999.96875,199999.96875,199999.96875,199999.96875
23.4,199999.96875,199999.96875,199999.96875,199999.96875,199999.96875,199999.96875,199999.96875,199999.96875
23.404,199999.96875,199999.96875,199999.96875,199999.96875,199999.96875,199999.96875,199999.96875,199999.96875
23.408,199999.96875,199999.96875,199999.96875,199999.96875,199999.96875,199999.96875,199999.96875,199999.96875
23.412,0,0,0,0,0,0,0,0
