Time,Ch01,Ch02,Ch03,Ch04,Ch05,Ch06,Ch07
1699748.5553358,199999.96875,6683.9873046875,44675692.0,215226928.0,51489696.0,35322708.0,17570.677734375
1699748.5557487,199999.96875,7101.56494140625,50432224.0,193880672.0,46382936.0,35322708.0,17581.6875
1699748.5582257,199999.96875,7492.94384765625,56144212.0,175286784.0,41934636.0,35322708.0,17590.84375
1699748.5610976,199999.96875,7857.54443359375,61741004.0,159820800.0,38234644.0,32090074.0,17587.07421875
1699748.5623229,199999.96875,8193.099609375,67126888.0,147648896.0,35322708.0,32090074.0,17558.458984375
1699748.5634938,199999.96875,8495.7705078125,72178112.0,138731056.0,33189248.0,32090074.0,17515.46484375
1699748.5637631,199999.96875,8760.3203125,76743208.0,132838680.0,31779590.0,32090074.0,17473.005859375
1699748.5665574,199999.96875,8980.3701171875,80647040.0,129584808.0,31001148.0,32090074.0,17422.80859375
1699748.5673762,199999.96875,9148.6796875,83698344.0,128463024.0,30732780.0,32090074.0,17348.365234375
1699748.5677393,199999.96875,9257.4892578125,85701104.0,128891712.0,30835338.0,32090074.0,17256.29296875
1699748.5692538,199999.96875,9298.865234375,86468904.0,130259624.0,31162588.0,32090074.0,17165.212890625
1699748.571772,199999.96875,9265.0830078125,85841768.0,131969392.0,31571626.0,32090074.0,17071.546875
1699748.5725488,199999.96875,9148.974609375,83703728.0,133475952.0,31932044.0,32090074.0,16956.208984375
1699748.5727943,199999.96875,8944.3095703125,80000680.0,134317312.0,32133328.0,32090074.0,16820.572265625
1699748.5735016,199999.96875,8646.099609375,74755048.0,134136512.0,32090074.0,32090074.0,16684.693359375
1699748.5738231,199999.96875,8250.904296875,68077424.0,132693952.0,31744966.0,32090074.0,16550.546875
1699748.574117,199999.96875,7757.0732421875,60172184.0,129870320.0,31069452.0,32090074.0,16398.822265625
1699748.5743842,199999.96875,7164.93603515625,51336308.0,125660864.0,30062410.0,32090074.0,16225.3388671875
1699748.5752602,199999.96875,6476.9365234375,41950708.0,120162840.0,28747088.0,32090074.0,16049.234375
1699748.5755479,199999.96875,5697.69677734375,32463750.0,113557288.0,27166816.0,32090074.0,15877.8125
1699748.5766507,199999.96875,4834.01953125,23367744.0,106087728.0,25379836.0,32090074.0,15693.7685546875
1699748.5769342,199999.96875,3894.824951171875,15169661.0,98037416.0,23453930.0,32090074.0,15488.0810546875
1699748.5846762,199999.96875,2891.017578125,8357982.5,89706688.0,21460928.0,32090074.0,15276.9248046875
1699748.5857031,199999.96875,1835.3017578125,3368332.75,81392624.0,19471920.0,32090074.0,15071.8095703125
1699748.5874771,199999.96875,741.9353637695312,550468.0,73371328.0,17552950.0,17552950.0,14859.1640625
1699748.5889013,199999.96875,-373.5586853027344,139546.09375,65884096.0,15761744.0,17552950.0,14626.5703125
1699748.5916678,199999.96875,-1494.720458984375,2234189.25,59127768.0,14145398.0,17552950.0,14385.8857421875
1699748.5921906,199999.96875,-2604.510986328125,6783477.5,53248972.0,12738987.0,17552950.0,14151.107421875
1699748.5928034,199999.96875,-3685.686279296875,13584283.0,48342260.0,11565133.0,17552950.0,13913.3642578125
1699748.5933339,199999.96875,-4721.1826171875,22289564.0,44451544.0,10634341.0,17552950.0,13658.685546875
1699748.6005463,199999.96875,-5694.5,32427328.0,41574104.0,9945957.0,17552950.0,13394.0751953125
1699748.6007967,199999.96875,-6590.0654296875,43428960.0,39666488.0,9489589.0,17552950.0,13134.107421875
1699748.6015123,199999.96875,-7393.5810546875,54665044.0,38651776.0,9246835.0,17552950.0,12874.716796875
1699748.6018378,199999.96875,-8092.3427734375,65486008.0,38427264.0,9193125.0,17552950.0,12602.2705078125
1699748.6147697,199999.96875,-8675.5107421875,75264488.0,38872404.0,9299616.0,9299616.0,12319.177734375
1699748.6150211,199999.96875,-9134.3330078125,83436032.0,39856216.0,9534979.0,9299616.0,12038.8388671875
1699748.6162489,199999.96875,-9462.3388671875,89535856.0,41244160.0,9867022.0,9299616.0,11761.341796875
1699748.6164502,199999.96875,-9655.4423828125,93227568.0,42904044.0,10264125.0,9299616.0,11474.9580078125
1699748.6288678,199999.96875,-9712.0205078125,94323352.0,44711028.0,10696416.0,9299616.0,11178.4501953125
1699748.629921,199999.96875,-9632.912109375,92793000.0,46551564.0,11136736.0,9299616.0,10882.7138671875
1699748.6309098,199999.96875,-9421.3779296875,88762352.0,48326328.0,11561320.0,9299616.0,10590.8232421875
1699748.631183,199999.96875,-9082.9794921875,82500520.0,49952244.0,11950296.0,9299616.0,10293.9638671875
1699748.6440702,199999.96875,-8625.4404296875,74398232.0,51363512.0,12287920.0,9299616.0,9988.615234375
1699748.6450244,199999.96875,-8058.43505859375,64938380.0,52511896.0,12562653.0,12767048.0,9682.4453125
1699748.6455928,199999.96875,-7393.35546875,54661708.0,53366264.0,12767048.0,12767048.0,9380.0654296875
1699748.6457498,199999.96875,-6643.03369140625,44129900.0,53911436.0,12897472.0,12767048.0,9075.966796875
1699748.6593499,199999.96875,-5821.44775390625,33889248.0,54146584.0,12953726.0,12767048.0,8765.802734375
1699748.6601501,199999.96875,-4943.4052734375,24437258.0,54083160.0,12938555.0,12767048.0,8453.9482421875
1699748.6611569,199999.96875,-4024.225341796875,16194390.0,53742584.0,12857077.0,12767048.0,8145.11474609375
1699748.6616606,199999.96875,-3079.41015625,9482766.0,53153720.0,12716200.0,12767048.0,7836.87646484375
1699748.6754578,199999.96875,-2124.336669921875,4512806.5,52350456.0,12524030.0,12767048.0,7525.37646484375
1699748.6756656,199999.96875,-1173.9495849609375,1378157.625,51369376.0,12289323.0,12767048.0,7212.19677734375
1699748.6759275,199999.96875,-242.48849487304688,58800.67578125,50247672.0,12020973.0,12767048.0,6900.98974609375
1699748.6761219,199999.96875,656.76513671875,431340.4375,49021484.0,11727627.0,12767048.0,6591.6865234375
1699748.6914365,199999.96875,1511.705810546875,2285254.75,47724652.0,11417381.0,11417381.0,6281.890625
1699748.6919249,199999.96875,2311.58544921875,5343427.0,46387956.0,11097597.0,11417381.0,5971.26806640625
1699748.692181,199999.96875,3047.155517578125,9285157.0,45038796.0,10774830.0,11417381.0,5661.67041015625
1699748.6923236,199999.96875,3710.768310546875,13769800.0,43701248.0,10454843.0,11417381.0,5354.38671875
1699748.7047059,199999.96875,4296.4365234375,18459366.0,42396468.0,10142694.0,11417381.0,5048.97119140625
1699748.7077318,199999.96875,4799.85546875,23038614.0,41143220.0,9842875.0,11417381.0,4744.23291015625
1699748.7094159,199999.96875,5218.37744140625,27231466.0,39958464.0,9559440.0,11417381.0,4439.9765625
1699748.7096517,199999.96875,5550.95947265625,30813152.0,38857900.0,9296147.0,11417381.0,4137.78759765625
1699748.7202071,199999.96875,5798.07275390625,33617652.0,37856180.0,9056501.0,8660912.0,3839.17724609375
1699748.7207867,199999.96875,5961.58349609375,35540472.0,36966968.0,8843771.0,8660912.0,3543.119140625
1699748.7210808,199999.96875,6044.609375,36537304.0,36202616.0,8660912.0,8660912.0,3247.580078125
1699748.7213419,199999.96875,6051.36474609375,36619020.0,35573452.0,8510395.0,8660912.0,2953.507080078125
1699748.7356372,199999.96875,5986.97265625,35843840.0,35086880.0,8393989.0,8660912.0,2663.969482421875
1699748.7362369,199999.96875,5857.2958984375,34307916.0,34746316.0,8312515.0,8660912.0,2378.905029296875
1699748.7364448,199999.96875,5668.73828125,32134592.0,34549996.0,8265548.0,8660912.0,2094.999267578125
1699748.7368495,199999.96875,5428.0703125,29463948.0,34489996.0,8251194.5,8660912.0,1811.916748046875
1699748.7509936,199999.96875,5142.24853515625,26442720.0,34551500.0,8265908.0,8660912.0,1533.61328125
1699748.7514126,199999.96875,4818.24755859375,23215510.0,34712408.0,8304403.0,8660912.0,1261.4580078125
1699748.7520423,199999.96875,4462.91552734375,19917616.0,34943604.0,8359713.5,8660912.0,991.5985107421875
1699748.7522955,199999.96875,4082.83984375,16669581.0,35209624.0,8423355.0,8660912.0,722.1320190429688
1699748.7786791,199999.96875,3684.236328125,13573597.0,35470092.0,8485667.0,8485667.0,457.11883544921875
1699748.7804849,199999.96875,3272.857421875,10711597.0,35681528.0,8536251.0,8485667.0,199.46627807617188
1699748.7806911,199999.96875,2853.93115234375,8144923.0,35799744.0,8564531.0,8485667.0,-54.43794631958008
1699748.7818039,199999.96875,2432.11328125,5915175.0,35782380.0,8560376.0,8485667.0,-307.99066162109375
1699748.7948985,199999.96875,2011.4693603515625,4046009.25,35591616.0,8514741.0,8485667.0,-557.7546997070312
1699748.7952005,199999.96875,1595.474609375,2545539.25,35196736.0,8420270.0,8485667.0,-799.5193481445312
1699748.7955382,199999.96875,1187.0335693359375,1409048.75,34576372.0,8271859.0,8485667.0,-1036.0123291015625
1699748.7962321,199999.96875,788.5169067382812,621758.875,33720224.0,8067038.5,8485667.0,-1271.7607421875
1699748.8098364,199999.96875,401.8125915527344,161453.34375,32630154.0,7806256.0,7133335.0,-1504.493896484375
1699748.8101076,199999.96875,28.387842178344727,805.8695068359375,31320448.0,7492929.5,7133335.0,-1729.1685791015625
1699748.8103749,199999.96875,-330.64056396484375,109323.171875,29817344.0,7133335.0,7133335.0,-1947.2021484375
1699748.8105192,199999.96875,-674.4319458007812,454858.4375,28157722.0,6736296.0,7133335.0,-2163.69873046875
1699748.824525,199999.96875,-1002.3449096679688,1004695.3125,26387100.0,6312703.0,7133335.0,-2377.841796875
1699748.8255967,199999.96875,-1313.8638916015625,1726238.375,24557072.0,5874897.5,7133335.0,-2584.350830078125
1699748.8269922,199999.96875,-1608.5283203125,2587363.25,22722352.0,5435969.5,7133335.0,-2783.186279296875
1699748.8272294,199999.96875,-1885.871826171875,3556512.75,20937626.0,5009001.5,7133335.0,-2979.419189453125
1699748.8398878,199999.96875,-2145.3671875,4602600.0,19254428.0,4606322.5,7133335.0,-3173.6953125
1699748.8402026,199999.96875,-2386.384765625,5694832.0,17718314.0,4238830.5,7133335.0,-3361.09130859375
1699748.8405617,199999.96875,-2608.16552734375,6802527.0,16366400.0,3915406.0,7133335.0,-3540.23193359375
1699748.840915,199999.96875,-2809.80078125,7894980.0,15225533.0,3642471.5,7133335.0,-3715.606689453125
1699748.8536991,199999.96875,-2990.23193359375,8941486.0,14311128.0,3423714.0,3423714.0,-3889.086669921875
1699748.8551382,199999.96875,-3148.260986328125,9911547.0,13626760.0,3259990.0,3423714.0,-4056.583251953125
1699748.8553367,199999.96875,-3282.572265625,10775280.0,13164483.0,3149397.25,3423714.0,-4215.7099609375
1699748.8555483,199999.96875,-3391.768310546875,11504093.0,12905819.0,3087516.0,3423714.0,-4369.97802734375
1699748.8696034,199999.96875,-3474.413330078125,12071549.0,12823360.0,3067789.25,3423714.0,-4522.08203125
1699748.8698541,199999.96875,-3529.084716796875,12454438.0,12882795.0,3082007.5,3423714.0,-4669.0693359375
1699748.8701732,199999.96875,-3554.434326171875,12634003.0,13045219.0,3120865.25,3423714.0,-4807.99853515625
1699748.8704422,199999.96875,-3549.247314453125,12597157.0,13269598.0,3174544.75,3423714.0,-4941.2060546875
1699748.8851969,199999.96875,-3512.50732421875,12337709.0,13515176.0,3233295.25,3423714.0,-5071.73046875
1699748.8863183,199999.96875,-3443.458251953125,11857405.0,13743699.0,3287965.5,3330460.0,-5197.8349609375
1699748.8866386,199999.96875,-3341.66162109375,11166702.0,13921326.0,3330460.0,3330460.0,-5316.50390625
1699748.8867819,199999.96875,-3207.053466796875,10285192.0,14020163.0,3354105.5,3330460.0,-5428.92041015625
1699748.8995387,199999.96875,-3039.985107421875,9241509.0,14019291.0,3353896.75,3330460.0,-5537.99609375
1699748.9019877,199999.96875,-2841.262451171875,8072772.0,13905349.0,3326638.0,3330460.0,-5643.10302734375
1699748.9022062,199999.96875,-2612.16943359375,6823429.5,13672630.0,3270963.5,3330460.0,-5741.57177734375
1699748.9025301,199999.96875,-2354.48388671875,5543594.5,13322731.0,3187255.5,3330460.0,-5833.62353515625
1699748.9142076,199999.96875,-2070.473876953125,4286862.5,12863838.0,3077472.75,3330460.0,-5921.6826171875
1699748.9168809,199999.96875,-1762.888671875,3107776.75,12309731.0,2944911.25,3330460.0,-6005.95458984375
1699748.9172347,199999.96875,-1434.9312744140625,2059027.75,11678558.0,2793912.75,3330460.0,-6084.41259765625
1699748.917615,199999.96875,-1090.2216796875,1188583.375,10991520.0,2629549.5,3330460.0,-6156.6357421875
1699748.930245,199999.96875,-732.7467651367188,536917.8125,10271512.0,2457299.25,2457299.25,-6224.3388671875
1699748.9335854,199999.96875,-366.79901123046875,134541.5,9541822.0,2282732.0,2457299.25,-6288.21240234375
1699748.9338036,199999.96875,3.0912513732910156,9.555834770202637,8824947.0,2111230.75,2457299.25,-6347.01318359375
1699748.9341887,199999.96875,372.2337951660156,138558.0,8141559.0,1947740.75,2457299.25,-6400.0380859375
1699748.9476657,199999.96875,735.8603515625,541490.375,7509697.5,1796577.75,2457299.25,-6448.23681640625
1699748.9481342,199999.96875,1089.2103271484375,1186379.0,6944145.5,1661278.375,2457299.25,-6492.41650390625
1699748.9485117,199999.96875,1427.6177978515625,2038092.625,6456053.5,1544509.75,2457299.25,-6532.09521484375
1699748.9487332,199999.96875,1746.5980224609375,3050604.75,6052755.0,1448027.0,2457299.25,-6566.6318359375
1699748.9615608,199999.96875,2041.9302978515625,4169479.25,5737792.0,1372677.0,1284526.75,-6596.29443359375
1699748.9619144,199999.96875,2309.73583984375,5334879.0,5511098.5,1318444.0,1284526.75,-6621.7021484375
1699748.9625569,199999.96875,2546.55029296875,6484918.5,5369324.0,1284526.75,1284526.75,-6642.97900390625
1699748.9631103,199999.96875,2749.38671875,7559127.0,5306275.0,1269443.375,1284526.75,-6659.80712890625
1699748.9758093,199999.96875,2915.785888671875,8501806.0,5313413.5,1271151.0,1284526.75,-6671.9755859375
1699748.9762313,199999.96875,3043.862548828125,9265099.0,5380411.0,1287179.0,1284526.75,-6679.70947265625
1699748.9775763,199999.96875,3132.331298828125,9811499.0,5495721.5,1314765.375,1284526.75,-6683.4990234375
1699748.9779814,199999.96875,3180.526611328125,10115750.0,5647125.5,1350986.625,1284526.75,-6683.50146484375
1699748.9915933,199999.96875,3188.40771484375,10165944.0,5822263.0,1392885.375,1284526.75,-6679.2802734375
1699748.9923261,199999.96875,3156.549560546875,9963805.0,6009104.0,1437584.0,1284526.75,-6670.57421875
1699748.9927705,199999.96875,3086.123046875,9524155.0,6196358.5,1482381.75,1284526.75,-6657.97509765625
1699748.9931215,199999.96875,2978.865234375,8873638.0,6373815.0,1524835.625,1284526.75,-6642.13037109375
1699749.0194058,199999.96875,2837.03466796875,8048765.5,6532603.0,1562823.0,1562823.0,-6622.64208984375
1699749.0219451,199999.96875,2663.36279296875,7093501.5,6665376.0,1594587.0,1562823.0,-6598.7919921875
1699749.0227897,199999.96875,2460.993408203125,6056488.0,6766412.0,1618758.375,1562823.0,-6571.03369140625
1699749.0233573,199999.96875,2233.417236328125,4988152.0,6831650.5,1634365.625,1562823.0,-6540.43115234375
1699749.0361791,199999.96875,1984.4017333984375,3937850.0,6858660.0,1640827.375,1562823.0,-6506.83203125
1699749.0366882,199999.96875,1717.91796875,2951242.0,6846555.0,1637931.375,1562823.0,-6469.18603515625
1699749.0371543,199999.96875,1438.0650634765625,2068031.0,6795863.0,1625804.0,1562823.0,-6427.62646484375
1699749.0381133,199999.96875,1148.9967041015625,1320193.375,6708371.0,1604872.75,1562823.0,-6383.47119140625
1699749.0666989,199999.96875,854.8474731445312,730764.1875,6586935.0,1575821.375,1562823.0,-6336.94677734375
1699749.0674003,199999.96875,559.66552734375,313225.5,6435300.0,1539545.0,1497104.75,-6286.84912109375
1699749.0677206,199999.96875,267.34686279296875,71474.3515625,6257900.0,1497104.75,1497104.75,-6232.90771484375
1699749.0693768,199999.96875,-18.42197608947754,339.3692321777344,6059676.0,1449682.75,1497104.75,-6176.49609375
1699749.0716759,199999.96875,-294.21551513671875,86562.7734375,5845901.5,1398540.625,1497104.75,-6118.26171875
1699749.0721778,199999.96875,-556.9127807617188,310151.84375,5622023.0,1344981.0,1497104.75,-6057.04833984375
1699749.0726217,199999.96875,-803.7321166992188,645985.3125,5393511.0,1290313.0,1497104.75,-5992.1796875
1699749.0731595,199999.96875,-1032.258544921875,1065557.75,5165734.5,1235821.0,1497104.75,-5924.8984375
1699749.0843197,199999.96875,-1240.4609375,1538743.375,4943829.5,1182733.75,1497104.75,-5856.2255859375
1699749.0857115,199999.96875,-1426.701904296875,2035478.375,4732595.0,1132199.375,1497104.75,-5785.2138671875
1699749.0861727,199999.96875,-1589.7386474609375,2527269.25,4536386.5,1085259.375,1497104.75,-5710.86572265625
1699749.087437,199999.96875,-1728.7164306640625,2988460.75,4359007.0,1042824.0,1497104.75,-5634.13916015625
1699749.0948124,199999.96875,-1843.1546630859375,3397219.25,4203618.5,1005649.8125,1005649.8125,-5556.31884765625
1699749.0961793,199999.96875,-1932.9283447265625,3736212.0,4072638.0,974314.8125,1005649.8125,-5476.796875
1699749.0974038,199999.96875,-1998.2418212890625,3992970.75,3967667.5,949202.1875,1005649.8125,-5394.38671875
1699749.0989015,199999.96875,-2039.5992431640625,4159965.25,3889411.5,930480.6875,1005649.8125,-5309.67333984375
1699749.1095059,199999.96875,-2057.77294921875,4234429.5,3837631.5,918093.0,1005649.8125,-5224.05224609375
1699749.1120767,199999.96875,-2053.768310546875,4217964.0,3811118.75,911750.3125,1005649.8125,-5137.30078125
1699749.1123761,199999.96875,-2028.786865234375,4115976.0,3807701.25,910932.8125,1005649.8125,-5048.19384765625
1699749.1133252,199999.96875,-1984.191162109375,3937014.75,3824285.5,914900.3125,1005649.8125,-4956.9287109375
1699749.1256404,199999.96875,-1921.4691162109375,3692043.5,3856946.0,922713.8125,1005649.8125,-4864.86083984375
1699749.126703,199999.96875,-1842.1982421875,3393694.0,3901048.0,933264.5,1005649.8125,-4772.1328125
1699749.1288475,199999.96875,-1748.017333984375,3055564.75,3951421.25,945315.5,945315.5,-4677.63134765625
1699749.1299106,199999.96875,-1640.5943603515625,2691549.5,4002561.5,957550.0,945315.5,-4581.2138671875
1699749.1407408,199999.96875,-1521.6019287109375,2315272.75,4048866.75,968627.8125,945315.5,-4484.0576171875
1699749.1437463,199999.96875,-1392.6956787109375,1939601.375,4084887.5,977245.3125,945315.5,-4386.60400390625
1699749.1446159,199999.96875,-1255.4957275390625,1576269.625,4105583.25,982196.375,945315.5,-4287.95458984375
1699749.1449446,199999.96875,-1111.5716552734375,1235591.625,4106567.5,982431.875,945315.5,-4187.7216796875
1699749.156709,199999.96875,-962.4326171875,926276.5,4084331.25,977112.1875,945315.5,-4086.821044921875
1699749.1581175,199999.96875,-809.5197143554688,655322.1875,4036425.5,965651.375,945315.5,-3985.874267578125
1699749.1595465,199999.96875,-654.2018432617188,427980.09375,3961595.5,947749.5,945315.5,-3884.26513671875
1699749.160057,199999.96875,-497.7747497558594,247779.703125,3859853.5,923409.375,945315.5,-3781.478515625
1699749.1704598,199999.96875,-341.46234130859375,116596.5390625,3732487.25,892938.875,892938.875,-3678.130126953125
1699749.1707019,199999.96875,-186.4197998046875,34752.3359375,3581999.5,856937.1875,892938.875,-3574.899169921875
1699749.171073,199999.96875,-33.737762451171875,1138.2366943359375,3411986.0,816264.0,892938.875,-3471.45849609375
1699749.1720985,199999.96875,115.55216979980469,13352.302734375,3226951.25,771997.3125,892938.875,-3367.284423828125
1699749.185258,199999.96875,260.47186279296875,67845.6015625,3032078.0,725376.875,892938.875,-3262.711669921875
1699749.1861871,199999.96875,400.0914001464844,160073.125,2832964.75,677742.1875,892938.875,-3158.3671875
1699749.1879352,199999.96875,533.5241088867188,284647.9375,2635338.75,630463.3125,892938.875,-3054.172607421875
1699749.188659,199999.96875,659.9232177734375,435498.65625,2444772.75,584873.3125,892938.875,-2949.694091796875
1699749.201575,199999.96875,778.4796752929688,606030.6875,2266410.0,542202.8125,892938.875,-2845.042236328125
1699749.202365,199999.96875,888.42041015625,789290.8125,2104723.25,503521.75,469691.0,-2740.706298828125
1699749.2028004,199999.96875,989.0107421875,978142.3125,1963310.75,469691.0,469691.0,-2636.78271484375
1699749.2031243,199999.96875,1079.5562744140625,1165441.75,1844749.625,441327.09375,469691.0,-2532.99365234375
1699749.2156827,199999.96875,1159.4072265625,1344225.0,1750504.375,418780.40625,469691.0,-2429.310546875
1699749.2167312,199999.96875,1227.9658203125,1507900.0,1680899.375,402128.4375,469691.0,-2326.041015625
1699749.2170916,199999.96875,1284.6929931640625,1650436.0,1635151.0,391183.90625,469691.0,-2223.36474609375
1699749.2176067,199999.96875,1329.1168212890625,1766551.625,1611457.0,385515.4375,469691.0,-2121.182861328125
1699749.2303072,199999.96875,1360.84375,1851895.75,1607134.625,384481.40625,469691.0,-2019.4166259765625
1699749.2308687,199999.96875,1379.5679931640625,1903207.75,1618794.75,387270.90625,469691.0,-1918.188232421875
1699749.2314485,199999.96875,1385.0816650390625,1918451.375,1642548.625,392953.65625,469691.0,-1817.673828125
1699749.2320201,199999.96875,1377.28515625,1896914.375,1674222.375,400531.09375,469691.0,-1717.9378662109375
1699749.259986,199999.96875,1356.197021484375,1839270.375,1709578.0,408989.40625,408989.40625,-1618.9342041015625
1699749.2605937,199999.96875,1321.9613037109375,1747581.75,1744523.0,417349.4375,408989.40625,-1520.62890625
1699749.2607675,199999.96875,1274.8548583984375,1625254.75,1775296.75,424711.59375,408989.40625,-1423.1234130859375
1699749.2610599,199999.96875,1215.291015625,1476932.375,1798632.625,430294.34375,408989.40625,-1326.599609375
1699749.2751735,199999.96875,1143.8248291015625,1308335.375,1811879.625,433463.4375,408989.40625,-1231.101318359375
1699749.2757237,199999.96875,1061.1494140625,1126038.0,1813089.0,433752.75,408989.40625,-1136.494873046875
1699749.2759752,199999.96875,968.09716796875,937212.1875,1801058.625,430874.6875,408989.40625,-1042.7630615234375
1699749.2763078,199999.96875,865.6325073242188,749319.6875,1775335.375,424720.84375,408989.40625,-950.1453247070312
1699749.2901922,199999.96875,754.8445434570312,569790.3125,1736185.75,415354.90625,388002.6875,-858.8035888671875
1699749.290478,199999.96875,636.9367065429688,405688.40625,1684530.375,402997.15625,388002.6875,-768.5720825195312
1699749.2907883,199999.96875,513.2132568359375,263387.84375,1621853.625,388002.6875,388002.6875,-679.3024291992188
1699749.2911455,199999.96875,385.06414794921875,148274.375,1550094.75,370835.5,388002.6875,-591.2229614257812
1699749.304867,199999.96875,253.9473419189453,64489.25,1471525.375,352039.0,388002.6875,-504.6089782714844
1699749.3054128,199999.96875,121.36906433105469,14730.4501953125,1388620.625,332205.34375,388002.6875,-419.3226623535156
1699749.3058761,199999.96875,-11.136528015136719,124.02225494384766,1303934.375,311945.4375,388002.6875,-335.1009826660156
1699749.3062212,199999.96875,-142.0294952392578,20172.375,1219978.625,291860.34375,388002.6875,-252.10595703125
1699749.3196318,199999.96875,-269.78631591796875,72784.6640625,1139114.75,272514.9375,388002.6875,-170.69921875
1699749.3200473,199999.96875,-392.92236328125,154387.96875,1063462.375,254416.25,388002.6875,-90.82003021240234
1699749.3204998,199999.96875,-510.01409912109375,260114.375,994823.6875,237995.546875,388002.6875,-12.130964279174805
1699749.3208231,199999.96875,-619.72021484375,384053.15625,934630.8125,223595.328125,388002.6875,65.3067626953125
1699749.3342499,199999.96875,-720.8016357421875,519555.0,883910.6875,211461.328125,211461.328125,141.0879669189453
1699749.3352483,199999.96875,-812.1398315429688,659571.1875,843271.0,201738.921875,211461.328125,215.1719512939453
1699749.3357663,199999.96875,-892.7531127929688,797008.1875,812905.8125,194474.5,211461.328125,287.9276428222656
1699749.3361101,199999.96875,-961.8107299804688,925079.875,792615.375,189620.34375,211461.328125,359.41473388671875
1699749.3499556,199999.96875,-1018.6433715820312,1037634.3125,781842.6875,187043.125,211461.328125,429.23626708984375
1699749.351802,199999.96875,-1062.752685546875,1129443.375,779719.6875,186535.25,211461.328125,497.2435607910156
1699749.352003,199999.96875,-1093.8160400390625,1196433.625,785122.8125,187827.84375,211461.328125,563.7821044921875
1699749.3524132,199999.96875,-1111.6888427734375,1235852.0,796733.375,190605.5,211461.328125,629.0205078125
1699749.3654729,199999.96875,-1116.4039306640625,1246357.75,813101.0,194521.203125,211461.328125,692.6134643554688
1699749.3666079,199999.96875,-1108.1683349609375,1228037.0,832706.1875,199211.453125,211461.328125,754.3221435546875
1699749.3679158,199999.96875,-1087.3568115234375,1182344.75,854021.0,204310.671875,204310.671875,814.43115234375
1699749.3684793,199999.96875,-1054.5015869140625,1111973.625,875565.5,209464.84375,204310.671875,873.1951293945312
1699749.3791611,199999.96875,-1010.2821044921875,1020669.875,895956.1875,214343.0,204310.671875,930.3582153320312
1699749.3804384,199999.96875,-955.5110473632812,913001.375,913949.1875,218647.578125,204310.671875,985.6261596679688
1699749.3828818,199999.96875,-891.11767578125,794090.6875,928474.0,222122.421875,204310.671875,1039.1947021484375
1699749.383261,199999.96875,-818.1322021484375,669340.3125,938659.375,224559.09375,204310.671875,1091.3638916015625
1699749.3950313,199999.96875,-737.6669921875,544152.5,943849.375,225800.71875,204310.671875,1141.9798583984375
1699749.3957541,199999.96875,-650.8976440429688,423667.75,943612.875,225744.125,204310.671875,1190.7298583984375
1699749.3968894,199999.96875,-559.0439453125,312530.15625,937742.8125,224339.828125,204310.671875,1237.7122802734375
1699749.3970366,199999.96875,-463.35107421875,214694.21875,926250.875,221590.546875,204310.671875,1283.2330322265625
1699749.4102854,199999.96875,-365.0703125,133276.328125,909353.5,217548.125,217548.125,1327.240966796875
1699749.4123123,199999.96875,-265.44140625,70459.1484375,887453.875,212308.96875,217548.125,1369.4456787109375
1699749.412532,199999.96875,-165.6753387451172,27448.318359375,861118.375,206008.59375,217548.125,1409.860107421875
1699749.4126827,199999.96875,-66.9387435913086,4480.79541015625,831050.0,198815.21875,217548.125,1448.7640380859375
1699749.4240063,199999.96875,29.66021156311035,879.7282104492188,798058.875,190922.59375,217548.125,1486.1917724609375
1699749.4255461,199999.96875,123.08445739746094,15149.7841796875,763030.875,182542.703125,217548.125,1521.9010009765625
1699749.4265161,199999.96875,212.378662109375,45104.69921875,726895.0,173897.75,217548.125,1555.836669921875
1699749.4269451,199999.96875,296.6780700683594,88017.875,690591.3125,165212.671875,217548.125,1588.222412109375
1699749.4397755,199999.96875,375.21502685546875,140786.328125,655037.875,156707.078125,217548.125,1619.1533203125
1699749.4408698,199999.96875,447.3243713378906,200099.09375,621101.6875,148588.34375,141044.46875,1648.4566650390625
1699749.4415547,199999.96875,512.4461059570312,262601.0,589568.3125,141044.46875,141044.46875,1676.0404052734375
1699749.4427857,199999.96875,570.1263427734375,325044.0,561117.5,134238.078125,141044.46875,1702.062255859375
1699749.4538834,199999.96875,620.0177612304688,384422.0,536300.8125,128301.0625,141044.46875,1726.6461181640625
1699749.4555593,199999.96875,661.8763427734375,438080.25,515523.75,123330.484375,141044.46875,1749.6943359375
1699749.4558807,199999.96875,695.5588989257812,483802.1875,499033.15625,119385.359375,141044.46875,1771.109130859375
1699749.4563754,199999.96875,721.0178833007812,519866.75,486909.6875,116485.0234375,141044.46875,1790.9820556640625
1699749.4690055,199999.96875,738.29638671875,545081.5,479067.09375,114608.796875,141044.46875,1809.4349365234375
1699749.4703455,199999.96875,747.5213012695312,558788.1875,475256.4375,113697.1640625,141044.46875,1826.4361572265625
1699749.4707455,199999.96875,748.8963623046875,560845.8125,475077.59375,113654.359375,141044.46875,1841.9052734375
1699749.4711482,199999.96875,742.6951904296875,551596.1875,477995.6875,114352.4765625,141044.46875,1855.87890625
1699749.5000591,199999.96875,729.25341796875,531810.5,483364.1875,115636.8125,115636.8125,1868.453857421875
1699749.5003927,199999.96875,708.9609375,502625.65625,490451.1875,117332.2734375,115636.8125,1879.6494140625
1699749.5007262,199999.96875,682.2546997070312,465471.4375,498470.84375,119250.8515625,115636.8125,1889.4248046875
1699749.5010576,199999.96875,649.61083984375,421994.25,506616.15625,121199.484375,115636.8125,1897.7855224609375
1699749.5142431,199999.96875,611.53857421875,373979.4375,514093.1875,122988.234375,115636.8125,1904.7916259765625
1699749.5153964,199999.96875,568.5729370117188,323275.1875,520155.25,124438.5,115636.8125,1910.4888916015625
1699749.5175524,199999.96875,521.2684326171875,271720.75,524134.0,125390.3515625,115636.8125,1914.878662109375
1699749.5182505,199999.96875,470.19427490234375,221082.671875,525467.875,125709.4609375,115636.8125,1917.951171875
1699749.5290569,199999.96875,415.9287109375,172996.703125,523725.5,125292.625,115636.8125,1919.7232666015625
1699749.5309353,199999.96875,359.0543518066406,128920.0390625,518622.90625,124071.9140625,122017.0625,1920.245849609375
1699749.5311174,199999.96875,300.154052734375,90092.4609375,510033.65625,122017.0625,122017.0625,1919.56640625
1699749.5314372,199999.96875,239.8076171875,57507.6875,497992.40625,119136.375,122017.0625,1917.6859130859375
1699749.5444035,199999.96875,178.587890625,31893.634765625,482690.09375,115475.546875,122017.0625,1914.5859375
1699749.544569,199999.96875,117.0580825805664,13702.59375,464462.5,111114.875,122017.0625,1910.3050537109375
1699749.5447757,199999.96875,55.76890182495117,3110.170654296875,443772.0,106164.984375,122017.0625,1904.9228515625
1699749.5449299,199999.96875,-4.743952751159668,22.50508689880371,421183.65625,100761.0859375,122017.0625,1898.4635009765625
1699749.5602491,199999.96875,-63.9622688293457,4091.171875,397336.75,95056.0859375,122017.0625,1890.882568359375
1699749.5604315,199999.96875,-121.38763427734375,14734.9580078125,372914.4375,89213.421875,122017.0625,1882.1888427734375
1699749.5607397,199999.96875,-176.54379272460938,31167.712890625,348610.65625,83399.125,122017.0625,1872.4794921875
1699749.5609503,199999.96875,-228.97900390625,52431.38671875,325098.5,77774.2109375,122017.0625,1861.8131103515625
1699749.5752351,199999.96875,-278.268310546875,77433.25,303000.25,72487.5390625,72487.5390625,1850.140625
1699749.5761112,199999.96875,-324.0162048339844,104986.5,282860.59375,67669.4375,72487.5390625,1837.440185546875
1699749.5765868,199999.96875,-365.8587951660156,133852.671875,265124.1875,63426.28125,72487.5390625,1823.809326171875
1699749.576738,199999.96875,-403.4666442871094,162785.328125,250119.875,59836.73828125,72487.5390625,1809.3365478515625
1699749.589133,199999.96875,-436.547119140625,190573.375,238049.546875,56949.09375,72487.5390625,1793.9801025390625
1699749.5906104,199999.96875,-464.84710693359375,216082.828125,228984.375,54780.39453125,72487.5390625,1777.6875
1699749.5908077,199999.96875,-488.1552734375,238295.578125,222867.25,53316.96875,72487.5390625,1760.5439453125
1699749.5911614,199999.96875,-506.3045349121094,256344.296875,219520.796875,52516.38671875,72487.5390625,1742.6656494140625
1699749.6045695,199999.96875,-519.1741333007812,269541.75,218661.0,52310.6875,53311.15625,1724.0335693359375
1699749.6048001,199999.96875,-526.69140625,277403.84375,219915.203125,52610.73828125,53311.15625,1704.5755615234375
1699749.6051034,199999.96875,-528.8338012695312,279665.1875,222842.96875,53311.15625,53311.15625,1684.349609375
1699749.6053366,199999.96875,-525.62939453125,276286.25,226959.546875,54295.98828125,53311.15625,1663.4857177734375
1699749.620226,199999.96875,-517.1580810546875,267452.4375,231759.59375,55444.32421875,53311.15625,1641.9912109375
1699749.6206665,199999.96875,-503.5514221191406,253564.046875,236741.25,56636.11328125,53311.15625,1619.78515625
1699749.6209181,199999.96875,-484.9922790527344,235217.5,241428.046875,57757.35546875,53311.15625,1596.896240234375
1699749.6211269,199999.96875,-461.7140197753906,213179.84375,245388.625,58704.86328125,53311.15625,1573.4580078125
1699749.6355652,199999.96875,-433.9984436035156,188354.671875,248253.625,59390.26953125,53311.15625,1549.5093994140625
1699749.6374531,199999.96875,-402.173583984375,161743.59375,249728.125,59743.01953125,53311.15625,1524.9730224609375
1699749.637728,199999.96875,-366.6109313964844,134403.578125,249600.46875,59712.48046875,53311.15625,1499.846435546875
1699749.6379904,199999.96875,-327.7212829589844,107401.234375,247746.546875,59268.95703125,53311.15625,1474.251708984375
1699749.650305,199999.96875,-285.95068359375,81767.796875,244129.84375,58403.7109375,58403.7109375,1448.2529296875
1699749.6518282,199999.96875,-241.7758331298828,58455.5546875,238798.09375,57128.17578125,58403.7109375,1421.7874755859375
1699749.6544431,199999.96875,-195.69796752929688,38297.69921875,231875.59375,55472.07421875,58403.7109375,1394.830810546875
1699749.654906,199999.96875,-148.23776245117188,21974.43359375,223553.5,53481.14453125,58403.7109375,1367.487060546875
1699749.6668612,199999.96875,-99.92867279052734,9985.7392578125,214077.171875,51214.08203125,58403.7109375,1339.838623046875
1699749.6693007,199999.96875,-51.310569763183594,2632.774658203125,203732.46875,48739.26953125,58403.7109375,1311.843505859375
1699749.6697253,199999.96875,-2.923128128051758,8.544677734375,192831.046875,46131.2734375,58403.7109375,1283.4605712890625
1699749.6699869,199999.96875,44.70090866088867,1998.1712646484375,181695.21875,43467.19921875,58403.7109375,1254.7662353515625
1699749.6810334,199999.96875,91.0423812866211,8288.7158203125,170644.09375,40823.39453125,58403.7109375,1225.8529052734375
1699749.6818306,199999.96875,135.6021728515625,18387.94921875,159979.921875,38272.1484375,35879.04296875,1196.703857421875
1699749.6833166,199999.96875,177.9075469970703,31651.09375,149976.71875,35879.04296875,35879.04296875,1167.2740478515625
1699749.683981,199999.96875,217.51779174804688,47313.98828125,140870.5,33700.5234375,35879.04296875,1137.614990234375
1699749.695179,199999.96875,254.0298614501953,64531.17578125,132851.703125,31782.150390625,35879.04296875,1107.8173828125
1699749.6957188,199999.96875,287.0828552246094,82416.5625,126060.1484375,30157.375,35879.04296875,1077.8870849609375
1699749.6961115,199999.96875,316.362548828125,100085.2734375,120582.25,28846.87109375,35879.04296875,1047.7816162109375
1699749.6965304,199999.96875,341.6046447753906,116693.734375,116450.625,27858.447265625,35879.04296875,1017.5272216796875
1699749.724682,199999.96875,362.597412109375,131476.875,113645.75,27187.421875,35879.04296875,987.2023315429688
1699749.7262844,199999.96875,379.18402099609375,143780.5,112099.7109375,26817.55859375,35879.04296875,956.8304443359375
1699749.7277653,199999.96875,391.2630920410156,153086.828125,111701.5,26722.291015625,35879.04296875,926.3825073242188
1699749.7280202,199999.96875,398.7894592285156,159033.046875,112303.7734375,26866.375,35879.04296875,895.8699340820312
1699749.7398679,199999.96875,401.7733459472656,161421.828125,113730.359375,27207.666015625,27207.666015625,865.3562622070312
1699749.7417629,199999.96875,400.27923583984375,160223.46875,115784.671875,27699.125,27207.666015625,834.8762817382812
1699749.7424482,199999.96875,394.423828125,155570.171875,118258.2109375,28290.884765625,27207.666015625,804.4140625
1699749.7427217,199999.96875,384.3731994628906,147742.75,120939.0,28932.21875,27207.666015625,773.97021484375
1699749.7537778,199999.96875,370.3394470214844,137151.328125,123619.8359375,29573.568359375,27207.666015625,743.5895385742188
1699749.7549317,199999.96875,352.5767517089844,124310.359375,126105.5859375,30168.24609375,27207.666015625,713.3098754882812
1699749.7554564,199999.96875,331.3771057128906,109810.7890625,128219.9765625,30674.078125,27207.666015625,683.1310424804688
1699749.7558588,199999.96875,307.0652770996094,94289.0859375,129811.0625,31054.724609375,27207.666015625,653.0514526367188
1699749.770026,199999.96875,279.99383544921875,78396.546875,130755.6484375,31280.69921875,31189.333984375,623.0985107421875
1699749.7703909,199999.96875,250.5379180908203,62769.25,130962.3984375,31330.162109375,31189.333984375,593.3055419921875
1699749.7706811,199999.96875,219.0894317626953,48000.1796875,130373.734375,31189.333984375,31189.333984375,563.6842651367188
1699749.7708885,199999.96875,186.05197143554688,34615.3359375,128966.3125,30852.630859375,31189.333984375,534.2362060546875
1699749.7856402,199999.96875,151.8352508544922,23053.943359375,126750.3359375,30322.494140625,31189.333984375,504.9764099121094
1699749.786002,199999.96875,116.8497085571289,13653.8544921875,123767.7109375,29608.947265625,31189.333984375,475.9305725097656
1699749.7861957,199999.96875,81.50169372558594,6642.52587890625,120089.1015625,28728.896484375,31189.333984375,447.1199645996094
1699749.7865142,199999.96875,46.18845748901367,2133.373779296875,115810.1015625,27705.212890625,31189.333984375,418.5540466308594
1699749.7991457,199999.96875,11.293830871582031,127.55062103271484,111046.734375,26565.650390625,31189.333984375,390.2367248535156
1699749.8004173,199999.96875,-22.815872192382812,520.56396484375,105930.2734375,25341.615234375,31189.333984375,362.1795349121094
1699749.8012402,199999.96875,-55.79548263549805,3113.135986328125,100601.6875,24066.833984375,31189.333984375,334.4051818847656
1699749.8018394,199999.96875,-87.3241195678711,7625.50244140625,95206.125,22776.02734375,31189.333984375,306.9325256347656
1699749.8138744,199999.96875,-117.10791015625,13714.2626953125,89887.109375,21503.541015625,21503.541015625,279.7640075683594
1699749.8159365,199999.96875,-144.8822479248047,20990.865234375,84781.2109375,20282.03125,21503.541015625,252.900390625
1699749.8161138,199999.96875,-170.4134521484375,29040.744140625,80012.9765625,19141.306640625,21503.541015625,226.3619384765625
1699749.8163177,199999.96875,-193.50009155273438,37442.28125,75690.5390625,18107.23046875,21503.541015625,200.17611694335938
1699749.829266,199999.96875,-213.9737548828125,45784.76953125,71901.875,17200.853515625,21503.541015625,174.34774780273438
1699749.8300793,199999.96875,-231.6993865966797,53684.60546875,68711.9765625,16437.71484375,21503.541015625,148.86666870117188
1699749.8304597,199999.96875,-246.5752716064453,60799.36328125,66160.859375,15827.4033203125,21503.541015625,123.744140625
1699749.8306813,199999.96875,-258.53265380859375,66839.125,64262.7734375,15373.3154296875,21503.541015625,99.01114654541016
1699749.8437526,199999.96875,-267.5350646972656,71575.0,63006.20703125,15072.7001953125,21503.541015625,74.6775131225586
1699749.8447258,199999.96875,-273.5768127441406,74844.2734375,62355.0625,14916.9248046875,21503.541015625,50.72800827026367
1699749.8457277,199999.96875,-276.6822204589844,76553.046875,62250.76953125,14891.9736328125,14891.9736328125,27.166549682617188
1699749.8461791,199999.96875,-276.9039001464844,76675.7734375,62615.17578125,14979.1533203125,14891.9736328125,4.027037143707275
1699749.8612664,199999.96875,-274.32080078125,75251.8984375,63354.26171875,15155.966796875,14891.9736328125,-18.673309326171875
1699749.8614949,199999.96875,-269.03662109375,72380.7109375,64362.38671875,15397.1455078125,14891.9736328125,-40.95323944091797
1699749.8618115,199999.96875,-261.1775817871094,68213.7265625,65526.94921875,15675.748046875,14891.9736328125,-62.82139205932617
1699749.8620236,199999.96875,-250.89047241210938,62946.0234375,66733.2109375,15964.328125,14891.9736328125,-84.24869537353516
1699749.8746412,199999.96875,-238.34042358398438,56806.15625,67869.1640625,16236.0859375,14891.9736328125,-105.2116470336914
1699749.8760886,199999.96875,-223.7089385986328,50045.6875,68830.109375,16465.978515625,14891.9736328125,-125.7264175415039
1699749.8769221,199999.96875,-207.19140625,42928.2734375,69522.9140625,16631.71875,14891.9736328125,-145.80953979492188
1699749.8776125,199999.96875,-188.9951934814453,35719.1796875,69869.5390625,16714.646484375,14891.9736328125,-165.4377899169922
1699749.8913013,199999.96875,-169.3373260498047,28675.130859375,69810.0,16700.40234375,16700.40234375,-184.5816650390625
1699749.8925121,199999.96875,-148.4424285888672,22035.15234375,69304.421875,16579.44921875,16700.40234375,-203.25131225585938
1699749.8927529,199999.96875,-126.5406723022461,16012.5419921875,68334.0625,16347.3076171875,16700.40234375,-221.469482421875
1699749.8930712,199999.96875,-103.8657455444336,10788.091796875,66901.484375,16004.583984375,16700.40234375,-239.2234344482422
1699749.9053206,199999.96875,-80.65275573730469,6504.8671875,65029.88671875,15556.833984375,16700.40234375,-256.4847106933594
1699749.9067402,199999.96875,-57.13645553588867,3264.57421875,62761.30078125,15014.109375,16700.40234375,-273.25897216796875
1699749.9073572,199999.96875,-33.54924774169922,1125.5521240234375,60154.2734375,14390.419921875,16700.40234375,-289.5718688964844
1699749.907848,199999.96875,-10.1194486618042,102.40324401855469,57280.7109375,13702.9658203125,16700.40234375,-305.4171447753906
1699749.9207318,199999.96875,12.930509567260742,167.1980743408203,54222.3125,12971.2890625,16700.40234375,-320.7645568847656
1699749.921112,199999.96875,35.385765075683594,1252.15234375,51066.69921875,12216.357421875,11459.5732421875,-335.611083984375
1699749.9214212,199999.96875,57.040672302246094,3253.63818359375,47903.3359375,11459.5732421875,11459.5732421875,-349.9828186035156
1699749.9224354,199999.96875,77.70030212402344,6037.33740234375,44819.61328125,10721.8408203125,11459.5732421875,-363.88525390625
1699749.9353188,199999.96875,97.18205261230469,9444.3515625,41897.09375,10022.6748046875,11459.5732421875,-377.295654296875
1699749.9356611,199999.96875,115.31687927246094,13297.982421875,39208.20703125,9379.3984375,11459.5732421875,-390.2073669433594
1699749.9359296,199999.96875,131.95077514648438,17411.009765625,36813.39453125,8806.4765625,11459.5732421875,-402.6424255371094
1699749.9363195,199999.96875,146.94589233398438,21593.09375,34759.05078125,8315.0078125,11459.5732421875,-414.61077880859375
1699749.9487971,199999.96875,160.181640625,25658.15625,33075.9921875,7912.36181640625,11459.5732421875,-426.093505859375
1699749.9505154,199999.96875,171.5557098388672,29431.359375,31778.83984375,7602.0380859375,11459.5732421875,-437.08001708984375
1699749.9512625,199999.96875,180.9847869873047,32755.494140625,30866.021484375,7383.66015625,11459.5732421875,-447.5889587402344
1699749.9516189,199999.96875,188.4054412841797,35496.61328125,30320.568359375,7253.16943359375,11459.5732421875,-457.63616943359375
1699749.9797297,199999.96875,193.7744903564453,37548.5546875,30111.537109375,7203.16162109375,7203.16162109375,-467.2106018066406
1699749.980291,199999.96875,197.0693359375,38836.32421875,30195.953125,7223.35693359375,7203.16162109375,-476.2994079589844
1699749.9806449,199999.96875,198.2882537841797,39318.23046875,30521.244140625,7301.17822265625,7203.16162109375,-484.914306640625
1699749.9808729,199999.96875,197.45016479492188,38986.5625,31027.896484375,7422.38671875,7203.16162109375,-493.07293701171875
1699749.9941962,199999.96875,194.5946807861328,37867.0859375,31652.38671875,7571.78662109375,7203.16162109375,-500.7732849121094
1699749.9951102,199999.96875,189.7812957763672,36016.9375,32330.05859375,7733.90869140625,7203.16162109375,-508.00653076171875
1699749.9959812,199999.96875,183.0890350341797,33521.59375,32997.9375,7893.6875,7203.16162109375,-514.7810668945312
1699749.9962897,199999.96875,174.61532592773438,30490.51171875,33597.3359375,8037.0849609375,7203.16162109375,-521.1130981445312
1699750.0094963,199999.96875,164.47518920898438,27052.087890625,34076.1171875,8151.62646484375,7203.16162109375,-527.0042724609375
1699750.0107892,199999.96875,152.7997589111328,23347.765625,34390.5625,8226.8515625,7203.16162109375,-532.44677734375
1699750.0117837,199999.96875,139.7347869873047,19525.80859375,34506.79296875,8254.6591796875,8254.6591796875,-537.4441528320312
1699750.0121984,199999.96875,125.43919372558594,15734.990234375,34401.67578125,8229.5107421875,8254.6591796875,-542.0109252929688
1699750.025385,199999.96875,110.0831298828125,12118.294921875,34063.23046875,8148.54296875,8254.6591796875,-546.1544799804688
1699750.0255478,199999.96875,93.84605407714844,8807.0830078125,33490.5234375,8011.53125,8254.6591796875,-549.87255859375
1699750.0257237,199999.96875,76.91465759277344,5915.86474609375,32693.146484375,7820.77197265625,8254.6591796875,-553.1677856445312
1699750.0258848,199999.96875,59.480804443359375,3537.966064453125,31690.212890625,7580.8349609375,8254.6591796875,-556.0504760742188
1699750.0406458,199999.96875,41.7392578125,1742.1656494140625,30509.068359375,7298.2646484375,8254.6591796875,-558.5300903320312
1699750.0420352,199999.96875,23.885473251342773,570.5158081054688,29183.697265625,6981.1904296875,8254.6591796875,-560.6091918945312
1699750.0429442,199999.96875,6.113339900970459,37.3729248046875,27752.943359375,6638.90478515625,8254.6591796875,-562.2907104492188
1699750.0435985,199999.96875,-11.386988639831543,129.6635284423828,26258.650390625,6281.41796875,8254.6591796875,-563.58251953125
1699750.053867,199999.96875,-28.431270599365234,808.3372192382812,24743.759765625,5919.00390625,5919.00390625,-564.4943237304688
1699750.055978,199999.96875,-44.8432502746582,2010.9169921875,23250.458984375,5561.75537109375,5919.00390625,-565.0333862304688
1699750.0567395,199999.96875,-60.45656204223633,3654.99560546875,21818.521484375,5219.1865234375,5919.00390625,-565.2039794921875
1699750.0570488,199999.96875,-75.1165771484375,5642.5,20483.759765625,4899.86572265625,5919.00390625,-565.0105590820312
1699750.0693104,199999.96875,-88.6820068359375,7864.49853515625,19276.775390625,4611.11328125,5919.00390625,-564.4597778320312
1699750.0704001,199999.96875,-101.0263900756836,10206.3310546875,18221.978515625,4358.76953125,5919.00390625,-563.5599365234375
1699750.0716839,199999.96875,-112.03926849365234,12552.796875,17336.912109375,4147.03125,5919.00390625,-562.31787109375
1699750.0721597,199999.96875,-121.62728118896484,14793.1953125,16631.859375,3978.358642578125,5919.00390625,-560.7376708984375
1699750.0834215,199999.96875,-129.7149200439453,16825.962890625,16109.8154296875,3853.468017578125,5919.00390625,-558.8258666992188
1699750.085929,199999.96875,-136.2450714111328,18562.71875,15766.685546875,3771.379638671875,3729.54443359375,-556.5935668945312
1699750.0862029,199999.96875,-141.17929077148438,19931.58984375,15591.8154296875,3729.54443359375,3729.54443359375,-554.0511474609375
1699750.0866021,199999.96875,-144.4979705810547,20879.666015625,15568.7060546875,3724.015625,3729.54443359375,-551.2028198242188
1699750.0989802,199999.96875,-146.20004272460938,21374.453125,15675.943359375,3749.670654296875,3729.54443359375,-548.05126953125
1699750.100394,199999.96875,-146.3026885986328,21404.478515625,15888.271484375,3800.466796875,3729.54443359375,-544.6064453125
1699750.1018791,199999.96875,-144.8405303955078,20978.77734375,16177.75,3869.72021484375,3729.54443359375,-540.8806762695312
1699750.1021632,199999.96875,-141.8650360107422,20125.6875,16514.974609375,3950.39599609375,3729.54443359375,-536.8797607421875
1699750.1158983,199999.96875,-137.44332885742188,18890.66796875,16870.275390625,4035.39599609375,3729.54443359375,-532.60693359375
1699750.116536,199999.96875,-131.6570281982422,17333.572265625,17214.900390625,4117.84228515625,3729.54443359375,-528.0715942382812
1699750.116769,199999.96875,-124.60099792480469,15525.4091796875,17522.0625,4191.32568359375,3729.54443359375,-523.2864990234375
1699750.1171564,199999.96875,-116.38177490234375,13544.716796875,17767.916015625,4250.14306640625,3729.54443359375,-518.2572021484375
1699750.1308803,199999.96875,-107.1160888671875,11473.8564453125,17932.318359375,4289.47265625,4289.47265625,-512.9837646484375
1699750.13242,199999.96875,-96.9292221069336,9395.2734375,17999.478515625,4305.54052734375,4289.47265625,-507.474609375
1699750.1342006,199999.96875,-85.95323181152344,7387.95849609375,17958.349609375,4295.70068359375,4289.47265625,-501.7457580566406
1699750.1344771,199999.96875,-74.32537841796875,5524.26171875,17802.875,4258.50634765625,4289.47265625,-495.8069763183594
1699750.1463359,199999.96875,-62.18632888793945,3867.139404296875,17531.99609375,4193.7021484375,4289.47265625,-489.6587829589844
1699750.1470086,199999.96875,-49.678428649902344,2467.946533203125,17149.494140625,4102.1943359375,4289.47265625,-483.3067321777344
1699750.1474328,199999.96875,-36.94416427612305,1364.87109375,16663.630859375,3985.959716796875,4289.47265625,-476.76556396484375
1699750.1481644,199999.96875,-24.124441146850586,581.9886474609375,16086.640625,3847.92333984375,4289.47265625,-470.046142578125
1699750.161019,199999.96875,-11.357160568237305,128.98507690429688,15434.1123046875,3691.81640625,4289.47265625,-463.1485900878906
1699750.1615998,199999.96875,1.224241852760315,1.4987682104110718,14724.208984375,3521.983154296875,3343.196044921875,-456.07513427734375
1699750.1620118,199999.96875,13.492106437683105,182.0369415283203,13976.8779296875,3343.196044921875,3343.196044921875,-448.83856201171875
1699750.1636176,199999.96875,25.325735092163086,641.3928833007812,13212.9794921875,3160.44482421875,3343.196044921875,-441.45135498046875
1699750.1768998,199999.96875,36.61247634887695,1340.473388671875,12453.4248046875,2978.733154296875,3343.196044921875,-433.916259765625
1699750.1773521,199999.96875,47.24863815307617,2232.43359375,11718.341796875,2802.876220703125,3343.196044921875,-426.23626708984375
1699750.177711,199999.96875,57.14031219482422,3265.01513671875,11026.3017578125,2637.31591796875,3343.196044921875,-418.4247131347656
1699750.1781977,199999.96875,66.20402526855469,4382.97265625,10393.6220703125,2485.957763671875,3343.196044921875,-410.49554443359375
1699750.1904563,199999.96875,74.3672866821289,5530.49365234375,9833.7998046875,2352.02880859375,3343.196044921875,-402.4520568847656
1699750.1910671,199999.96875,81.56888580322266,6653.48291015625,9357.0595703125,2237.97607421875,3343.196044921875,-394.2937927246094
1699750.1920473,199999.96875,87.7592544555664,7701.6865234375,8970.0517578125,2145.39013671875,3343.196044921875,-386.0294494628906
1699750.1931642,199999.96875,92.9005126953125,8630.5048828125,8675.7060546875,2074.97265625,3343.196044921875,-377.67279052734375
1699750.2206252,199999.96875,96.96651458740234,9402.5048828125,8473.2392578125,2026.5357666015625,2026.5357666015625,-369.23040771484375
1699750.2211652,199999.96875,99.9426498413086,9988.5341796875,8358.310546875,1999.040771484375,2026.5357666015625,-360.70355224609375
1699750.2218331,199999.96875,101.82572174072266,10368.4765625,8323.3125,1990.66796875,2026.5357666015625,-352.09930419921875
1699750.2222309,199999.96875,102.62353515625,10531.5908203125,8357.802734375,1998.9193115234375,2026.5357666015625,-343.429931640625
1699750.2358017,199999.96875,102.35453033447266,10476.4501953125,8449.015625,2020.7406005859375,2026.5357666015625,-334.7027282714844
1699750.2359979,199999.96875,101.0472183227539,10210.5390625,8582.466796875,2052.666748046875,2026.5357666015625,-325.9188537597656
1699750.2362137,199999.96875,98.73966979980469,9749.521484375,8742.6142578125,2090.979736328125,2026.5357666015625,-317.08367919921875
1699750.2365889,199999.96875,95.47884368896484,9116.208984375,8913.5283203125,2131.868408203125,2026.5357666015625,-308.20892333984375
1699750.2503721,199999.96875,91.3198471069336,8339.3154296875,9079.5673828125,2171.590576171875,2026.5357666015625,-299.3030700683594
1699750.2507221,199999.96875,86.32525634765625,7452.0498046875,9226.013671875,2206.625,2233.813720703125,-290.36761474609375
1699750.2522887,199999.96875,80.5643081665039,6490.60791015625,9339.6611328125,2233.813720703125,2233.813720703125,-281.4061584472656
1699750.252761,199999.96875,74.11199951171875,5492.58837890625,9409.2939453125,2250.47216796875,2233.813720703125,-272.42840576171875
1699750.2668521,199999.96875,67.04838562011719,4495.48583984375,9426.1044921875,2254.49365234375,2233.813720703125,-263.4432067871094
1699750.2689023,199999.96875,59.45758056640625,3535.203857421875,9383.9580078125,2244.411376953125,2233.813720703125,-254.4531707763672
1699750.2697649,199999.96875,51.42695236206055,2644.731689453125,9279.5625,2219.436279296875,2233.813720703125,-245.4615020751953
1699750.2703354,199999.96875,43.04622268676758,1852.977294921875,9112.4951171875,2179.468017578125,2233.813720703125,-236.47677612304688
1699750.2802484,199999.96875,34.4066047668457,1183.814453125,8885.115234375,2125.071044921875,2233.813720703125,-227.5078582763672
1699750.2832111,199999.96875,25.599889755249023,655.3543701171875,8602.357421875,2057.42529296875,2233.813720703125,-218.5582733154297
1699750.2835573,199999.96875,16.717632293701172,279.47918701171875,8271.427734375,1978.2554931640625,2233.813720703125,-209.6299591064453
1699750.2840491,199999.96875,7.850284576416016,61.62697219848633,7901.40771484375,1889.7340087890625,2233.813720703125,-200.7287139892578
1699750.295935,199999.96875,-0.9136278033256531,0.834715723991394,7502.7919921875,1794.37109375,1794.37109375,-191.8624725341797
1699750.2967166,199999.96875,-9.48828125,90.0274887084961,7086.9990234375,1694.899169921875,1794.37109375,-183.03695678710938
1699750.2971005,199999.96875,-17.79131507873535,316.5309143066406,6665.84130859375,1594.1439208984375,1794.37109375,-174.2555694580078
1699750.2973064,199999.96875,-25.74454689025879,662.7816162109375,6251.0068359375,1494.901123046875,1794.37109375,-165.52218627929688
1699750.3103081,199999.96875,-33.27463912963867,1107.2017822265625,5853.57568359375,1399.8218994140625,1794.37109375,-156.84201049804688
1699750.3120432,199999.96875,-40.313720703125,1625.196044921875,5483.5654296875,1311.302734375,1794.37109375,-148.2200164794922
1699750.3123437,199999.96875,-46.79996871948242,2190.237060546875,5149.55712890625,1231.396240234375,1794.37109375,-139.660400390625
1699750.3129855,199999.96875,-52.67809295654297,2774.981689453125,4858.38525390625,1161.738037109375,1794.37109375,-131.16732788085938
1699750.3269559,199999.96875,-57.89979934692383,3352.38671875,4614.9248046875,1103.493896484375,1023.41259765625,-122.7448501586914
1699750.3273756,199999.96875,-62.42415237426758,3896.77490234375,4421.96630859375,1057.3316650390625,1023.41259765625,-114.3971176147461
1699750.3277076,199999.96875,-66.21788024902344,4384.8076171875,4280.18505859375,1023.41259765625,1023.41259765625,-106.1282730102539
1699750.3279938,199999.96875,-69.255615234375,4796.33984375,4188.2060546875,1001.4080810546875,1023.41259765625,-97.9422607421875
1699750.3401839,199999.96875,-71.52006530761719,5115.11962890625,4142.7490234375,990.533203125,1023.41259765625,-89.8429183959961
1699750.3405736,199999.96875,-73.0020523071289,5329.2998046875,4138.85009765625,989.6004638671875,1023.41259765625,-81.83402252197266
1699750.3409147,199999.96875,-73.70047760009766,5431.76025390625,4170.14306640625,997.0867919921875,1023.41259765625,-73.91912841796875
1699750.3412208,199999.96875,-73.62235260009766,5420.25146484375,4229.18896484375,1011.2127075195312,1023.41259765625,-66.10091400146484
1699750.3544619,199999.96875,-72.78250885009766,5297.29296875,4307.83740234375,1030.028076171875,1023.41259765625,-58.3816032409668
1699750.3572227,199999.96875,-71.20340728759766,5069.9248046875,4397.59619140625,1051.5015869140625,1023.41259765625,-50.764556884765625
1699750.3586883,199999.96875,-68.914794921875,4749.2490234375,4490.00146484375,1073.6080322265625,1023.41259765625,-43.25396728515625
1699750.3593605,199999.96875,-65.9533920288086,4349.85009765625,4576.9677734375,1094.4134521484375,1023.41259765625,-35.852928161621094
1699750.369478,199999.96875,-62.36222457885742,3889.046875,4651.1083984375,1112.150146484375,1112.150146484375,-28.563125610351562
1699750.3707321,199999.96875,-58.1903076171875,3386.112060546875,4706.00244140625,1125.2828369140625,1112.150146484375,-21.386953353881836
1699750.3726729,199999.96875,-53.49193572998047,2861.387451171875,4736.4208984375,1132.5599365234375,1112.150146484375,-14.328634262084961
1699750.3771084,199999.96875,-48.3260383605957,2335.40576171875,4738.48046875,1133.052734375,1112.150146484375,-7.391841888427734
1699750.3851312,199999.96875,-42.75553512573242,1828.0357666015625,4709.74072265625,1126.1771240234375,1112.150146484375,-0.5774734616279602
1699750.3862172,199999.96875,-36.84654998779297,1357.6683349609375,4649.234375,1111.701904296875,1112.150146484375,6.11453104019165
1699750.388615,199999.96875,-30.6677188873291,940.5089721679688,4557.43505859375,1089.740234375,1112.150146484375,12.68230152130127
1699750.3890394,199999.96875,-24.289331436157227,589.9715576171875,4436.1640625,1060.7281494140625,1112.150146484375,19.12307357788086
1699750.4039334,199999.96875,-17.782604217529297,316.2210388183594,4288.45556640625,1025.3912353515625,939.8154296875,25.43585205078125
1699750.4042122,199999.96875,-11.2188720703125,125.86308288574219,4118.3623046875,984.6990966796875,939.8154296875,31.620019912719727
1699750.4047245,199999.96875,-4.668786525726318,21.79756736755371,3930.748779296875,939.8154296875,939.8154296875,37.672210693359375
1699750.405007,199999.96875,1.7984310388565063,3.234354019165039,3731.04248046875,892.0388793945312,939.8154296875,43.58811569213867
1699750.4140346,199999.96875,8.115735054016113,65.86515808105469,3524.990234375,842.7440185546875,939.8154296875,49.366600036621094
1699750.4178208,199999.96875,14.218955993652344,202.1787109375,3318.40185546875,793.3209838867188,939.8154296875,55.00874710083008
1699750.4187072,199999.96875,20.047466278076172,401.90087890625,3116.911376953125,745.1174926757812,939.8154296875,60.513519287109375
1699750.4192254,199999.96875,25.544790267944336,652.5363159179688,2925.751220703125,699.3854370117188,939.8154296875,65.87823486328125
1699750.430991,199999.96875,30.659130096435547,939.9822387695312,2749.56005859375,657.234375,939.8154296875,71.10221862792969
1699750.4313636,199999.96875,35.343894958496094,1249.1910400390625,2592.219970703125,619.59326171875,939.8154296875,76.18699645996094
1699750.4324517,199999.96875,39.558074951171875,1564.8414306640625,2456.72998046875,587.1793823242188,939.8154296875,81.1327896118164
1699750.4367725,199999.96875,43.266624450683594,1872.000732421875,2345.129638671875,560.4807739257812,939.8154296875,85.93754577636719
1699750.4600081,199999.96875,46.440696716308594,2156.73828125,2258.451904296875,539.7444458007812,539.7444458007812,90.59989166259766
1699750.4629045,199999.96875,49.057861328125,2406.673828125,2196.733642578125,524.9793090820312,539.7444458007812,95.12039947509766
1699750.4631537,199999.96875,51.102195739746094,2611.434326171875,2159.052734375,515.9647216796875,539.7444458007812,99.4991455078125
1699750.4633948,199999.96875,52.5643424987793,2763.009765625,2143.608642578125,512.2698974609375,539.7444458007812,103.73433685302734
1699750.4744995,199999.96875,53.44144821166992,2855.98828125,2147.833984375,513.28076171875,539.7444458007812,107.82474517822266
1699750.4751583,199999.96875,53.7370491027832,2887.670654296875,2168.528076171875,518.2316284179688,539.7444458007812,111.77171325683594
1699750.4763493,199999.96875,53.46089553833008,2858.067626953125,2202.012939453125,526.2423706054688,539.7444458007812,115.5767822265625
1699750.477164,199999.96875,52.62868118286133,2769.778076171875,2244.301513671875,536.3591918945312,539.7444458007812,119.23929595947266
1699750.4900982,199999.96875,51.261749267578125,2627.766845703125,2291.26708984375,547.5950317382812,569.55126953125,122.7582015991211
1699750.4906213,199999.96875,49.386680603027344,2439.044189453125,2338.815673828125,558.97021484375,569.55126953125,126.13458251953125
1699750.4910988,199999.96875,47.0349235534668,2212.283935546875,2383.04443359375,569.55126953125,569.55126953125,129.37033081054688
1699750.4913703,199999.96875,44.24226760864258,1957.3782958984375,2420.391357421875,578.4860229492188,569.55126953125,132.4656982421875
1699750.5056741,199999.96875,41.048370361328125,1684.96875,2447.760498046875,585.0335693359375,569.55126953125,135.420166015625
1699750.5059446,199999.96875,37.496238708496094,1405.9677734375,2462.623779296875,588.58935546875,569.55126953125,138.2348175048828
1699750.5063356,199999.96875,33.63165283203125,1131.087890625,2463.1015625,588.70361328125,569.55126953125,140.9115753173828
1699750.5066652,199999.96875,29.502588272094727,870.4027099609375,2448.00537109375,585.0921630859375,569.55126953125,143.4511260986328
1699750.5192068,199999.96875,25.15865135192871,632.9578247070312,2416.860107421875,577.64111328125,569.55126953125,145.8529052734375
1699750.5201912,199999.96875,20.6505069732666,426.4434509277344,2369.889404296875,566.4041137695312,569.55126953125,148.1175079345703
1699750.5216122,199999.96875,16.029281616210938,256.9378967285156,2307.98046875,551.5934448242188,569.55126953125,150.24618530273438
1699750.5218678,199999.96875,11.346043586730957,128.7327117919922,2232.619873046875,533.564453125,569.55126953125,152.23995971679688
1699750.534338,199999.96875,6.651210784912109,44.23860549926758,2145.80810546875,512.7962036132812,512.7962036132812,154.09933471679688
1699750.5365448,199999.96875,1.9940719604492188,3.976322889328003,2049.9609375,489.8662109375,512.7962036132812,155.8256378173828
1699750.537478,199999.96875,-2.5777201652526855,6.644640922546387,1947.7913818359375,465.42376708984375,512.7962036132812,157.4212646484375
1699750.5378936,199999.96875,-7.018601894378662,49.260772705078125,1842.1907958984375,440.1604919433594,512.7962036132812,158.8885498046875
1699750.5505113,199999.96875,-11.285517692565918,127.36289978027344,1736.1025390625,414.780517578125,512.7962036132812,160.22897338867188
1699750.5513566,199999.96875,-15.338299751281738,235.263427734375,1632.4029541015625,389.9720153808594,512.7962036132812,161.44369506835938
1699750.5528447,199999.96875,-19.1400089263916,366.3399353027344,1533.7838134765625,366.37890625,512.7962036132812,162.5341339111328
1699750.5531458,199999.96875,-22.657217025756836,513.3494873046875,1442.65234375,344.57708740234375,512.7962036132812,163.5015411376953
1699750.5646945,199999.96875,-25.860271453857422,668.7537231445312,1361.0426025390625,325.05322265625,294.245361328125,164.3470458984375
1699750.5650737,199999.96875,-28.723485946655273,825.03857421875,1290.5462646484375,308.1881408691406,294.245361328125,165.0720672607422
1699750.56528,199999.96875,-31.225290298461914,975.0187377929688,1232.265625,294.245361328125,294.245361328125,165.6787109375
1699750.5657759,199999.96875,-33.34834671020508,1112.112060546875,1186.7857666015625,283.364990234375,294.245361328125,166.1693878173828
1699750.5794653,199999.96875,-35.0796012878418,1230.5784912109375,1154.1695556640625,275.5621032714844,294.245361328125,166.5459747314453
1699750.5799108,199999.96875,-36.41032028198242,1325.7115478515625,1133.9755859375,270.73095703125,294.245361328125,166.80990600585938
1699750.5801035,199999.96875,-37.33605194091797,1393.9808349609375,1125.2945556640625,268.6542053222656,294.245361328125,166.962646484375
1699750.5802695,199999.96875,-37.8565559387207,1433.1187744140625,1126.803466796875,269.01513671875,294.245361328125,167.005859375
1699750.5964265,199999.96875,-37.97570037841797,1442.1539306640625,1136.8365478515625,271.4154357910156,294.245361328125,166.9414825439453
1699750.5966878,199999.96875,-37.70134353637695,1421.391357421875,1153.46484375,275.39349365234375,294.245361328125,166.7716827392578
1699750.5971253,199999.96875,-37.04509735107422,1372.3392333984375,1174.5872802734375,280.44671630859375,294.245361328125,166.49874877929688
1699750.5974407,199999.96875,-36.02219772338867,1297.5986328125,1198.0218505859375,286.0530700683594,294.245361328125,166.1249237060547
1699750.6124556,199999.96875,-34.65118408203125,1200.7047119140625,1221.5999755859375,291.69378662109375,291.69378662109375,165.6522979736328
1699750.6134139,199999.96875,-32.95372772216797,1085.947998046875,1243.2542724609375,296.87420654296875,291.69378662109375,165.0829620361328
1699750.6136875,199999.96875,-30.954269409179688,958.1668090820312,1261.100341796875,301.1436462402344,291.69378662109375,164.4189453125
1699750.6139733,199999.96875,-28.679744720458984,822.5277099609375,1273.5074462890625,304.11181640625,291.69378662109375,163.6623992919922
1699750.6276577,199999.96875,-26.15926742553711,684.3073120117188,1279.1552734375,305.4629821777344,291.69378662109375,162.8153533935547
1699750.628701,199999.96875,-23.42379379272461,548.6741333007812,1277.078125,304.966064453125,291.69378662109375,161.87997436523438
1699750.6289898,199999.96875,-20.505779266357422,420.4869689941406,1266.688232421875,302.48040771484375,291.69378662109375,160.8582763671875
1699750.6293157,199999.96875,-17.438817977905273,304.1123962402344,1247.7867431640625,297.9585876464844,291.69378662109375,159.75244140625
1699750.6409989,199999.96875,-14.257296562194824,203.2705078125,1220.5552978515625,291.44384765625,273.0291442871094,158.56503295898438
1699750.64189,199999.96875,-10.996053695678711,120.91319274902344,1185.5335693359375,283.0654296875,273.0291442871094,157.29867553710938
1699750.6423036,199999.96875,-7.690003871917725,59.13615798950195,1143.5816650390625,273.0291442871094,273.0291442871094,155.95556640625
1699750.6437066,199999.96875,-4.373809814453125,19.130212783813477,1095.8306884765625,261.60540771484375,273.0291442871094,154.5374298095703
1699750.6544833,199999.96875,-1.0815407037734985,1.1697301864624023,1043.6253662109375,249.1161346435547,273.0291442871094,153.04635620117188
1699750.657111,199999.96875,2.153656005859375,4.638234615325928,988.4578857421875,235.9181671142578,273.0291442871094,151.4850616455078
1699750.6577184,199999.96875,5.299859523773193,28.088510513305664,931.89990234375,222.3875274658203,273.0291442871094,149.8561248779297
1699750.6582934,199999.96875,8.326672554016113,69.3334732055664,875.5330810546875,208.9026641845703,273.0291442871094,148.16159057617188
1699750.670293,199999.96875,11.205495834350586,125.5631332397461,820.8831176757812,195.8284912109375,273.0291442871094,146.4034881591797
1699750.670917,199999.96875,13.909785270690918,193.4821319580078,769.3572387695312,183.501708984375,273.0291442871094,144.58432006835938
1699750.6712436,199999.96875,16.415267944335938,269.4610290527344,722.1911010742188,172.2179718017578,273.0291442871094,142.7067108154297
1699750.6716309,199999.96875,18.70016098022461,349.69598388671875,680.4041137695312,162.2210693359375,273.0291442871094,140.7726287841797
1699750.6986813,199999.96875,20.745351791381836,430.36962890625,644.7658081054688,153.69515991210938,153.69515991210938,138.7838592529297
1699750.699958,199999.96875,22.534509658813477,507.80413818359375,615.7742919921875,146.7593994140625,153.69515991210938,136.7425079345703
1699750.7020754,199999.96875,24.054256439208984,578.6072387695312,593.6471557617188,141.4658203125,153.69515991210938,134.6510772705078
1699750.7035906,199999.96875,25.294214248657227,639.7972412109375,578.3236083984375,137.79989624023438,153.69515991210938,132.5118408203125
1699750.7137565,199999.96875,26.2470760345459,688.9089965820312,569.4801635742188,135.6842498779297,153.69515991210938,130.3269805908203
1699750.7154698,199999.96875,26.908620834350586,724.0739135742188,566.5535278320312,134.98410034179688,153.69515991210938,128.0988006591797
1699750.7159556,199999.96875,27.277721405029297,744.0740966796875,568.7757568359375,135.51571655273438,153.69515991210938,125.8298568725586
1699750.7162721,199999.96875,27.35628890991211,748.3665161132812,575.2142333984375,137.0560302734375,153.69515991210938,123.5222396850586
1699750.728891,199999.96875,27.149211883544922,737.0797729492188,584.8171997070312,139.3533935546875,153.69515991210938,121.1778335571289
1699750.7307701,199999.96875,26.66424560546875,710.98193359375,596.4620971679688,142.13925170898438,145.14013671875,118.798828125
1699750.7314062,199999.96875,25.911901473999023,671.4266357421875,609.005859375,145.14013671875,145.14013671875,116.3875961303711
1699750.7320065,199999.96875,24.9052677154541,620.2723388671875,621.3318481445312,148.08895874023438,145.14013671875,113.94615173339844
1699750.7448967,199999.96875,23.65985107421875,559.78857421875,632.3947143554688,150.73556518554688,145.14013671875,111.47642517089844
1699750.7453569,199999.96875,22.193359375,492.545166015625,641.2604370117188,152.8565673828125,145.14013671875,108.98055267333984
1699750.7455899,199999.96875,20.52549171447754,421.2958068847656,647.1390380859375,154.26290893554688,145.14013671875,106.4608383178711
1699750.7457189,199999.96875,18.677663803100586,348.8551330566406,649.4108276367188,154.806396484375,145.14013671875,103.919189453125
1699750.7603339,199999.96875,16.672800064086914,277.9822692871094,647.6437377929688,154.3836669921875,145.14013671875,101.35722351074219
1699750.7605821,199999.96875,14.535017013549805,211.2667236328125,641.60205078125,152.9383087158203,145.14013671875,98.77689361572266
1699750.7609505,199999.96875,12.289382934570312,151.0289306640625,631.24755859375,150.4611358642578,145.14013671875,96.18077087402344
1699750.7612087,199999.96875,9.96160888671875,99.233642578125,616.7314453125,146.98837280273438,145.14013671875,93.57137298583984
1699750.7750184,199999.96875,7.577772617340088,57.422637939453125,598.3795776367188,142.59799194335938,142.59799194335938,90.95042419433594
1699750.7768288,199999.96875,5.16403341293335,26.6672420501709,576.6707153320312,137.4044952392578,142.59799194335938,88.31925201416016
1699750.77746,199999.96875,2.746347427368164,7.54242467880249,552.2098388671875,131.55258178710938,142.59799194335938,85.6794204711914
1699750.7777005,199999.96875,0.3501977026462555,0.12263844162225723,525.6981201171875,125.21006774902344,142.59799194335938,83.03287506103516
1699750.788929,199999.96875,-1.9996742010116577,3.998696804046631,497.8985290527344,118.5594482421875,142.59799194335938,80.38138580322266
1699750.7893684,199999.96875,-4.279518127441406,18.31427574157715,469.6024475097656,111.7900619506836,142.59799194335938,77.72662353515625
1699750.7907626,199999.96875,-6.466811180114746,41.81965255737305,441.595703125,105.08988189697266,142.59799194335938,75.07054138183594
1699750.7912089,199999.96875,-8.54047679901123,72.93974304199219,414.62664794921875,98.6379623413086,142.59799194335938,72.41526794433594
1699750.8033824,199999.96875,-10.4810791015625,109.85301208496094,389.376953125,92.59735107421875,142.59799194335938,69.76261901855469
1699750.8048,199999.96875,-12.271003723144531,150.5775146484375,366.4365234375,87.10921478271484,82.28794860839844,67.11405944824219
1699750.8049906,199999.96875,-13.894607543945312,193.0601348876953,346.28363037109375,82.28794860839844,82.28794860839844,64.47088623046875
1699750.8053945,199999.96875,-15.338343620300293,235.2647705078125,329.26995849609375,78.21769714355469,82.28794860839844,61.83447265625
1699750.8191024,199999.96875,-16.590862274169922,275.2567443847656,315.61175537109375,74.95018005371094,82.28794860839844,59.206298828125
1699750.8207229,199999.96875,-17.643096923828125,311.2789001464844,305.3868103027344,72.50401306152344,82.28794860839844,56.587982177734375
1699750.8208864,199999.96875,-18.488292694091797,341.8169860839844,298.5370178222656,70.86531829833984,82.28794860839844,53.98115921020508
1699750.8210528,199999.96875,-19.122051239013672,365.65283203125,294.8765563964844,69.98960876464844,82.28794860839844,51.38739013671875
1699750.8353699,199999.96875,-19.54230308532715,381.901611328125,294.1048889160156,69.80499267578125,82.28794860839844,48.80817794799805
1699750.8373519,199999.96875,-19.749292373657227,390.0345764160156,295.8233337402344,70.21611022949219,82.28794860839844,46.24486541748047
1699750.8375275,199999.96875,-19.745513916015625,389.8853454589844,299.55560302734375,71.10899353027344,82.28794860839844,43.69878387451172
1699750.8377442,199999.96875,-19.53564453125,381.6414489746094,304.7701721191406,72.35649108886719,82.28794860839844,41.171173095703125
1699750.8499847,199999.96875,-19.126434326171875,365.82049560546875,310.9039001464844,73.82389831542969,73.82389831542969,38.66328811645508
1699750.8509829,199999.96875,-18.526580810546875,343.2342224121094,317.38592529296875,75.37461853027344,73.82389831542969,36.176353454589844
1699750.85233,199999.96875,-17.74660873413086,314.94207763671875,323.661376953125,76.87593841552734,73.82389831542969,33.71158981323242
1699750.8529613,199999.96875,-16.798690795898438,282.19598388671875,329.2125549316406,78.20396423339844,73.82389831542969,31.27016830444336
1699750.8665706,199999.96875,-15.696497917175293,246.3800506591797,333.578369140625,79.2484130859375,73.82389831542969,28.853235244750977
1699750.8686177,199999.96875,-14.455009460449219,208.9473114013672,336.37060546875,79.91641998291016,73.82389831542969,26.461889266967773
1699750.8707163,199999.96875,-13.090327262878418,171.35665893554688,337.2865295410156,80.13553619384766,73.82389831542969,24.097179412841797
1699750.8710752,199999.96875,-11.619468688964844,135.01205444335938,336.11712646484375,79.85577392578125,73.82389831542969,21.7601318359375
1699750.8795996,199999.96875,-10.060173034667969,101.20707702636719,332.7520446777344,79.05072021484375,73.82389831542969,19.45172119140625
1699750.8816972,199999.96875,-8.430697441101074,71.07666015625,327.17962646484375,77.71761322021484,75.87640380859375,17.172893524169922
1699750.8822898,199999.96875,-6.749603271484375,45.55714797973633,319.4833984375,75.87640380859375,75.87640380859375,14.924558639526367
1699750.88265,199999.96875,-5.035562992095947,25.356897354125977,309.83441162109375,73.56803894042969,75.87640380859375,12.707600593566895
1699750.8944196,199999.96875,-3.3071563243865967,10.937283515930176,298.4810485839844,70.8519287109375,75.87640380859375,10.522855758666992
1699750.8959135,199999.96875,-1.582681655883789,2.504880905151367,285.7351989746094,67.80267333984375,75.87640380859375,8.371131896972656
1699750.8965423,199999.96875,0.12003085762262344,0.014407406561076641,271.957275390625,64.50651550292969,75.87640380859375,6.253201961517334
1699750.8986577,199999.96875,1.7837918996810913,3.181913375854492,257.53948974609375,61.05729293823242,75.87640380859375,4.169795036315918
1699750.9104155,199999.96875,3.3922152519226074,11.507123947143555,242.8881378173828,57.55218505859375,75.87640380859375,2.121610164642334
1699750.9111015,199999.96875,4.929869174957275,24.30360984802246,228.4068603515625,54.08776092529297,75.87640380859375,0.10931126773357391
1699750.9114098,199999.96875,6.382411003112793,40.73516845703125,214.47998046875,50.75597381591797,75.87640380859375,-1.8664747476577759
1699750.9117795,199999.96875,7.736711025238037,59.8567008972168,201.45748901367188,47.64055252075195,75.87640380859375,-3.8051536083221436
1699750.9391132,199999.96875,8.98095417022705,80.65753173828125,189.64208984375,44.81389617919922,44.81389617919922,-5.706165313720703
1699750.9403085,199999.96875,10.10473346710205,102.10563659667969,179.2787628173828,42.33463668823242,44.81389617919922,-7.568986415863037
1699750.9420985,199999.96875,11.099119186401367,123.1904525756836,170.5467987060547,40.24564743041992,44.81389617919922,-9.3931245803833
1699750.9425435,199999.96875,11.956718444824219,142.96310424804688,163.55514526367188,38.572998046875,44.81389617919922,-11.178120613098145
1699750.9546236,199999.96875,12.671712875366211,160.5723114013672,158.3406982421875,37.325523376464844,44.81389617919922,-12.923550605773926
1699750.9549309,199999.96875,13.239875793457031,175.2943115234375,154.86947631835938,36.495086669921875,44.81389617919922,-14.629023551940918
1699750.955214,199999.96875,13.658590316772461,186.5570831298828,153.0409698486328,36.057647705078125,44.81389617919922,-16.2941837310791
1699750.9553927,199999.96875,13.92681884765625,193.95626831054688,152.6947784423828,35.974822998046875,44.81389617919922,-17.9186954498291
1699750.9689976,199999.96875,14.045100212097168,197.2648468017578,153.61947631835938,36.196044921875,44.81389617919922,-19.502269744873047
1699750.9697975,199999.96875,14.015484809875488,196.43380737304688,155.5634765625,36.6611213684082,44.81389617919922,-21.044647216796875
1699750.9707153,199999.96875,13.841496467590332,191.58700561523438,158.2467803955078,37.30305862426758,37.30305862426758,-22.54558753967285
1699750.9712007,199999.96875,13.528058052062988,183.0083770751953,161.3736114501953,38.05110549926758,37.30305862426758,-24.004892349243164
1699750.9845439,199999.96875,13.08141040802002,171.123291015625,164.6452178955078,38.83378982543945,37.30305862426758,-25.422388076782227
1699750.9853741,199999.96875,12.509013175964355,156.4754180908203,167.7722625732422,39.581878662109375,37.30305862426758,-26.79793357849121
1699750.9862922,199999.96875,11.819456100463867,139.6995391845703,170.4862823486328,40.231163024902344,37.30305862426758,-28.13141441345215
1699750.9867391,199999.96875,11.0223388671875,121.491943359375,172.5498504638672,40.72484588623047,37.30305862426758,-29.42275047302246
1699751.0011501,199999.96875,10.128155708312988,102.57952880859375,173.7650146484375,41.01555252075195,37.30305862426758,-30.6718807220459
1699751.0014946,199999.96875,9.148160934448242,83.6888427734375,173.9800262451172,41.06699752807617,37.30305862426758,-31.878780364990234
1699751.0018277,199999.96875,8.094258308410645,65.51701354980469,173.0933074951172,40.8548583984375,37.30305862426758,-33.04344940185547
1699751.0020615,199999.96875,6.978850364685059,48.7043571472168,171.0558319091797,40.36742401123047,37.30305862426758,-34.165916442871094
1699751.014499,199999.96875,5.8147101402282715,33.81085205078125,167.870849609375,39.60546112060547,39.60546112060547,-35.24623489379883
1699751.0149131,199999.96875,4.614841461181641,21.296762466430664,163.5915069580078,38.581695556640625,39.60546112060547,-36.28447341918945
1699751.0172018,199999.96875,3.3923473358154297,11.508021354675293,158.31649780273438,37.319732666015625,39.60546112060547,-37.28074264526367
1699751.0180565,199999.96875,2.1602892875671387,4.666849613189697,152.1842803955078,35.85270309448242,39.60546112060547,-38.23517990112305
1699751.0294804,199999.96875,0.9315613508224487,0.867806613445282,145.3653106689453,34.22136688232422,39.60546112060547,-39.147918701171875
1699751.0313988,199999.96875,-0.2812412679195404,0.07909665256738663,138.05380249023438,32.472198486328125,39.60546112060547,-40.0191535949707
1699751.0317393,199999.96875,-1.4659420251846313,2.1489861011505127,130.458740234375,30.655202865600586,39.60546112060547,-40.84907913208008
1699751.032202,199999.96875,-2.6108996868133545,6.816797733306885,122.7944107055664,28.821630477905273,39.60546112060547,-41.63792037963867
1699751.0443551,199999.96875,-3.705115556716919,13.727880477905273,115.2712631225586,27.021831512451172,39.60546112060547,-42.38591384887695
1699751.0452455,199999.96875,-4.738333702087402,22.451807022094727,108.08746337890625,25.303218841552734,23.70840072631836,-43.09333419799805
1699751.0455859,199999.96875,-5.701132297515869,32.50291061401367,101.4211196899414,23.70840072631836,23.70840072631836,-43.760459899902344
1699751.0459796,199999.96875,-6.5850019454956055,43.36225509643555,95.4236831665039,22.273611068725586,23.70840072631836,-44.38761520385742
1699751.0604905,199999.96875,-7.382415771484375,54.50006103515625,90.21482849121094,21.0274715423584,23.70840072631836,-44.9751091003418
1699751.0607458,199999.96875,-8.086891174316406,65.39781188964844,85.87886810302734,19.990158081054688,23.70840072631836,-45.5233039855957
1699751.0609787,199999.96875,-8.693034172058105,75.56883239746094,82.462646484375,19.172882080078125,23.70840072631836,-46.03255081176758
1699751.0611543,199999.96875,-9.196568489074707,84.5768814086914,79.9752426147461,18.577810287475586,23.70840072631836,-46.50324630737305
1699751.0748877,199999.96875,-9.594372749328613,92.05198669433594,78.38914489746094,18.198360443115234,23.70840072631836,-46.93578338623047
1699751.0763294,199999.96875,-9.884475708007812,97.7028579711914,77.6429672241211,18.019847869873047,23.70840072631836,-47.33058547973633
1699751.0781358,199999.96875,-10.066067695617676,101.32572174072266,77.64532470703125,18.02041244506836,23.70840072631836,-47.68809127807617
1699751.0784339,199999.96875,-10.139477729797363,102.80900573730469,78.27999114990234,18.1722469329834,23.70840072631836,-48.00873947143555
1699751.0890117,199999.96875,-10.10615062713623,102.13427734375,79.4115219116211,18.442947387695312,18.442947387695312,-48.292999267578125
1699751.0924302,199999.96875,-9.96861743927002,99.37333679199219,80.891845703125,18.797094345092773,18.442947387695312,-48.54136276245117
1699751.0945384,199999.96875,-9.730436325073242,94.68138122558594,82.56673431396484,19.197784423828125,18.442947387695312,-48.754302978515625
1699751.0947788,199999.96875,-9.396151542663574,88.28765869140625,84.28238677978516,19.608226776123047,18.442947387695312,-48.93235397338867
1699751.1080371,199999.96875,-8.971209526062012,80.48258972167969,85.89176177978516,19.99324607849121,18.442947387695312,-49.076011657714844
1699751.1084293,199999.96875,-8.461898803710938,71.6037368774414,87.26017761230469,20.32061767578125,18.442947387695312,-49.18583297729492
1699751.1087243,199999.96875,-7.875263214111328,62.01976776123047,88.27043151855469,20.562307357788086,18.442947387695312,-49.26234817504883
1699751.1089106,199999.96875,-7.219010829925537,52.11411666870117,88.82664489746094,20.695369720458984,18.442947387695312,-49.306121826171875
1699751.120957,199999.96875,-6.5014214515686035,42.26848220825195,88.8573226928711,20.702709197998047,20.303264617919922,-49.317710876464844
1699751.1218394,199999.96875,-5.731250762939453,32.84724044799805,88.31712341308594,20.573476791381836,20.303264617919922,-49.29771041870117
1699751.1226341,199999.96875,-4.917627811431885,24.18306541442871,87.1876449584961,20.303264617919922,20.303264617919922,-49.24668502807617
1699751.1240219,199999.96875,-4.0699462890625,16.564462661743164,85.476806640625,19.89397621154785,20.303264617919922,-49.165245056152344
1699751.1351322,199999.96875,-3.197770595550537,10.225736618041992,83.21751403808594,19.35347557067871,20.303264617919922,-49.05399703979492
1699751.1361501,199999.96875,-2.3107199668884277,5.3394269943237305,80.46504974365234,18.694988250732422,20.303264617919922,-48.91355514526367
1699751.1368071,199999.96875,-1.418375015258789,2.0117874145507812,77.2938461303711,17.936325073242188,20.303264617919922,-48.74452590942383
1699751.1372933,199999.96875,-0.5301706194877625,0.28108087182044983,73.79356384277344,17.09893798828125,20.303264617919922,-48.54754638671875
1699751.1492264,199999.96875,0.34469661116600037,0.11881575733423233,70.06480407714844,16.206890106201172,20.303264617919922,-48.3232421875
1699751.1515362,199999.96875,1.1973626613616943,1.433677315711975,66.21435546875,15.285731315612793,20.303264617919922,-48.0722770690918
1699751.1522101,199999.96875,2.019383668899536,4.077910423278809,62.350616455078125,14.3613920211792,20.303264617919922,-47.795257568359375
1699751.152379,199999.96875,2.80281400680542,7.855766296386719,58.57905960083008,13.459104537963867,20.303264617919922,-47.49287033081055
1699751.1801807,199999.96875,3.540283203125,12.533605575561523,54.99798583984375,12.602389335632324,12.602389335632324,-47.165740966796875
1699751.1803551,199999.96875,4.225059509277344,17.85112953186035,51.69484329223633,11.812162399291992,12.602389335632324,-46.814544677734375
1699751.1808225,199999.96875,4.851108551025391,23.533254623413086,48.7430419921875,11.105990409851074,12.602389335632324,-46.43993377685547
1699751.1810232,199999.96875,5.413143157958984,29.3021183013916,46.19957733154297,10.497505187988281,12.602389335632324,-46.04258346557617
1699751.194413,199999.96875,5.9066619873046875,34.8886604309082,44.103355407714844,9.996017456054688,12.602389335632324,-45.623138427734375
1699751.1945732,199999.96875,6.32797908782959,40.0433235168457,42.474388122558594,9.60631275177002,12.602389335632324,-45.18229293823242
1699751.1948024,199999.96875,6.674247741699219,44.54558181762695,41.3137092590332,9.328639030456543,12.602389335632324,-44.72069549560547
1699751.1950344,199999.96875,6.943472385406494,48.21181106567383,40.60416793823242,9.158892631530762,12.602389335632324,-44.23903274536133
1699751.2096845,199999.96875,7.134505271911621,50.90116500854492,40.311851501464844,9.088958740234375,9.199134826660156,-43.73796463012695
1699751.2099023,199999.96875,7.247049808502197,52.51973342895508,40.388153076171875,9.107213020324707,9.199134826660156,-43.218170166015625
1699751.2102173,199999.96875,7.281634330749512,53.02219772338867,40.77238845825195,9.199134826660156,9.199134826660156,-42.680320739746094
1699751.2104327,199999.96875,7.239596366882324,52.4117546081543,41.394683837890625,9.348010063171387,9.199134826660156,-42.12508010864258
1699751.2252247,199999.96875,7.123044490814209,50.737762451171875,42.17927932739258,9.535711288452148,9.199134826660156,-41.553123474121094
1699751.225628,199999.96875,6.934820652008057,48.09173583984375,43.04777908325195,9.743487358093262,9.199134826660156,-40.965118408203125
1699751.2259175,199999.96875,6.678454399108887,44.60175704956055,43.922454833984375,9.952740669250488,9.199134826660156,-40.361724853515625
1699751.2262337,199999.96875,6.358112335205078,40.42559051513672,44.72938919067383,10.145787239074707,9.199134826660156,-39.743614196777344
1699751.2389548,199999.96875,5.978533744812012,35.74287033081055,45.40126419067383,10.306523323059082,9.199134826660156,-39.1114501953125
1699751.2411644,199999.96875,5.544973850250244,30.746734619140625,45.87986373901367,10.421018600463867,9.199134826660156,-38.46588134765625
1699751.2414016,199999.96875,5.063131809234619,25.635305404663086,46.118011474609375,10.477993965148926,9.199134826660156,-37.80756759643555
1699751.2416736,199999.96875,4.539084434509277,20.603286743164062,46.0810432434082,10.469149589538574,9.199134826660156,-37.13715744018555
1699751.2545247,199999.96875,3.9792137145996094,15.834141731262207,45.7476692199707,10.38939380645752,10.38939380645752,-36.455291748046875
1699751.2546891,199999.96875,3.390132427215576,11.492999076843262,45.11027908325195,10.236907958984375,10.38939380645752,-35.76262664794922
1699751.2549411,199999.96875,2.7786078453063965,7.720661163330078,44.1746940612793,10.013084411621094,10.38939380645752,-35.05979537963867
1699751.2552987,199999.96875,2.151491165161133,4.628913879394531,42.959312438964844,9.722323417663574,10.38939380645752,-34.3474235534668
1699751.2702246,199999.96875,1.5156415700912476,2.2971694469451904,41.4938850402832,9.371742248535156,10.38939380645752,-33.62614059448242
1699751.2705003,199999.96875,0.8778565526008606,0.7706321477890015,39.8177604675293,8.970754623413086,10.38939380645752,-32.89656448364258
1699751.270829,199999.96875,0.24480140209197998,0.05992772430181503,37.9779167175293,8.530601501464844,10.38939380645752,-32.15932083129883
1699751.2711572,199999.96875,-0.3770561218261719,0.14217133820056915,36.026695251464844,8.063802719116211,10.38939380645752,-31.415002822875977
1699751.2856389,199999.96875,-0.9815086126327515,0.9633591771125793,34.01945877075195,7.583601951599121,10.38939380645752,-30.664226531982422
1699751.2876613,199999.96875,-1.5626672506332397,2.4419288635253906,32.012107849121094,7.1033759117126465,10.38939380645752,-29.907583236694336
1699751.2880708,199999.96875,-2.1150145530700684,4.473287105560303,30.05889320373535,6.636099338531494,6.636099338531494,-29.14565658569336
1699751.2885513,199999.96875,-2.633455276489258,6.935086727142334,28.210124969482422,6.193809509277344,6.636099338531494,-28.3790340423584
1699751.3003218,199999.96875,-3.1133556365966797,9.692983627319336,26.510356903076172,5.787166595458984,6.636099338531494,-27.608285903930664
1699751.3026944,199999.96875,-3.550584316253662,12.606649398803711,24.996740341186523,5.425057888031006,6.636099338531494,-26.833974838256836
1699751.3031356,199999.96875,-3.9415409564971924,15.535743713378906,23.697799682617188,5.114306449890137,6.636099338531494,-26.05666160583496
1699751.3033536,199999.96875,-4.283182621002197,18.345653533935547,22.632640838623047,4.8594841957092285,6.636099338531494,-25.276897430419922
1699751.3147165,199999.96875,-4.573042869567871,20.9127197265625,21.810497283935547,4.6627984046936035,6.636099338531494,-24.495220184326172
1699751.3177744,199999.96875,-4.80924129486084,23.128799438476562,21.23079490661621,4.52411413192749,6.636099338531494,-23.7121639251709
1699751.3180522,199999.96875,-4.990495204925537,24.905040740966797,20.88352394104004,4.44103479385376,6.636099338531494,-22.92824935913086
1699751.3182789,199999.96875,-5.116114139556885,26.17462158203125,20.750072479248047,4.409108638763428,6.636099338531494,-22.143993377685547
1699751.330261,199999.96875,-5.185994625091553,26.894540786743164,20.804302215576172,4.422082424163818,4.422082424163818,-21.35990333557129
1699751.3315301,199999.96875,-5.200613975524902,27.046382904052734,21.013940811157227,4.472235202789307,4.422082424163818,-20.57647132873535
1699751.333165,199999.96875,-5.161004543304443,26.635967254638672,21.342144012451172,4.55075216293335,4.422082424163818,-19.794185638427734
1699751.333632,199999.96875,-5.0687360763549805,25.692087173461914,21.749197006225586,4.648133754730225,4.422082424163818,-19.013519287109375
1699751.3443698,199999.96875,-4.9258880615234375,24.264373779296875,22.194250106811523,4.754605770111084,4.422082424163818,-18.234949111938477
1699751.3460625,199999.96875,-4.735014915466309,22.420364379882812,22.637035369873047,4.86053466796875,4.422082424163818,-17.45892333984375
1699751.3496699,199999.96875,-4.499111175537109,20.242000579833984,23.039499282836914,4.956817626953125,4.422082424163818,-16.685897827148438
1699751.3502314,199999.96875,-4.2215728759765625,17.821680068969727,23.367258071899414,5.035228729248047,4.422082424163818,-15.916302680969238
1699751.359007,199999.96875,-3.9061496257781982,15.25800609588623,23.59086036682129,5.088722229003906,4.422082424163818,-15.150566101074219
1699751.3617393,199999.96875,-3.5569045543670654,12.651570320129395,23.686777114868164,5.111670017242432,5.100028038024902,-14.389111518859863
1699751.3621045,199999.96875,-3.17816162109375,10.10071086883545,23.638118743896484,5.100028038024902,5.100028038024902,-13.632339477539062
1699751.3623592,199999.96875,-2.77445912361145,7.697623252868652,23.435049057006836,5.05144739151001,5.100028038024902,-12.880648612976074
1699751.3755301,199999.96875,-2.3504955768585205,5.524828910827637,23.074880599975586,4.965282440185547,5.100028038024902,-12.134425163269043
1699751.376458,199999.96875,-1.911081314086914,3.6522319316864014,22.5618839263916,4.842555999755859,5.100028038024902,-11.39404582977295
1699751.3782801,199999.96875,-1.4610849618911743,2.1347689628601074,21.90680503845215,4.6858391761779785,5.100028038024902,-10.659872055053711
1699751.3786306,199999.96875,-1.0053821802139282,1.0107933282852173,21.12615394592285,4.499079704284668,5.100028038024902,-9.932263374328613
1699751.3895567,199999.96875,-0.5488069653511047,0.3011890947818756,20.24126625061035,4.287384033203125,5.100028038024902,-9.21155834197998
1699751.3905112,199999.96875,-0.09610140323638916,0.009235478937625885,19.2772159576416,4.056750297546387,5.100028038024902,-8.498092651367188
1699751.3911975,199999.96875,0.34813055396080017,0.12119488418102264,18.26161766052246,3.813783645629883,5.100028038024902,-7.792189598083496
1699751.3916423,199999.96875,0.7794675827026367,0.607569694519043,17.223369598388672,3.565399169921875,5.100028038024902,-7.094160556793213
1699751.4200155,199999.96875,1.1937131881713867,1.424951195716858,16.19142723083496,3.3185229301452637,3.3185229301452637,-6.404305934906006
1699751.4215195,199999.96875,1.5869340896606445,2.518359661102295,15.193560600280762,3.079799175262451,3.3185229301452637,-5.7229156494140625
1699751.4221357,199999.96875,1.9554952383041382,3.8239619731903076,14.255284309387207,2.8553309440612793,3.3185229301452637,-5.050272464752197
1699751.4237733,199999.96875,2.2960917949676514,5.272037506103516,13.398890495300293,2.6504523754119873,3.3185229301452637,-4.386641502380371
1699751.4370185,199999.96875,2.605775833129883,6.79006814956665,12.642654418945312,2.4695346355438232,3.3185229301452637,-3.7322838306427
1699751.4376551,199999.96875,2.8819820880889893,8.305821418762207,12.000259399414062,2.3158512115478516,3.3185229301452637,-3.0874462127685547
1699751.4386886,199999.96875,3.1225426197052,9.750272750854492,11.48040771484375,2.1914851665496826,3.3185229301452637,-2.452367067337036
1699751.4405475,199999.96875,3.325704574584961,11.060310363769531,11.08668041229248,2.097291946411133,3.3185229301452637,-1.8272721767425537
1699751.4507695,199999.96875,3.4901397228240967,12.181074142456055,10.817594528198242,2.032917022705078,3.3185229301452637,-1.2123785018920898
1699751.4512235,199999.96875,3.61494779586792,13.067846298217773,10.666885375976562,1.9968624114990234,1.9865916967391968,-0.6078919172286987
1699751.4519284,199999.96875,3.699660062789917,13.687484741210938,10.623952865600586,1.9865916967391968,1.9865916967391968,-0.014007722958922386
1699751.4521883,199999.96875,3.744232177734375,14.019274711608887,10.674479484558105,1.998679518699646,1.9865916967391968,0.5690887570381165
1699751.4639182,199999.96875,3.7490394115448,14.055295944213867,10.801170349121094,2.0289878845214844,1.9865916967391968,1.141222357749939
1699751.4668861,199999.96875,3.714862108230591,13.800199508666992,10.984596252441406,2.0728697776794434,1.9865916967391968,1.702228307723999
1699751.4673415,199999.96875,3.6428706645965576,13.270505905151367,11.204063415527344,2.1253738403320312,1.9865916967391968,2.2519524097442627
1699751.4675937,199999.96875,3.53460431098938,12.493428230285645,11.438519477844238,2.1814639568328857,1.9865916967391968,2.790248394012451
1699751.479572,199999.96875,3.3919482231140137,11.5053129196167,11.667427062988281,2.2362265586853027,1.9865916967391968,3.316983461380005
1699751.4797987,199999.96875,3.2171077728271484,10.34978199005127,11.87157917022705,2.285066604614258,1.9865916967391968,3.8320305347442627
1699751.4800784,199999.96875,3.0125770568847656,9.075620651245117,12.033825874328613,2.3238818645477295,1.9865916967391968,4.335276126861572
1699751.4803638,199999.96875,2.7811081409454346,7.734561920166016,12.139677047729492,2.3492050170898438,1.9865916967391968,4.826612949371338
1699751.4945579,199999.96875,2.5256762504577637,6.3790411949157715,12.1777925491333,2.358323574066162,2.358323574066162,5.305944919586182
1699751.4947279,199999.96875,2.249446153640747,5.0600080490112305,12.140292167663574,2.3493518829345703,2.358323574066162,5.773185729980469
1699751.4954135,199999.96875,1.955731987953186,3.82488751411438,12.022929191589355,2.321274995803833,2.358323574066162,6.2282586097717285
1699751.4958226,199999.96875,1.647962212562561,2.7157795429229736,11.825111389160156,2.2739500999450684,2.358323574066162,6.671092987060547
1699751.5116342,199999.96875,1.329639196395874,1.7679402828216553,11.549756050109863,2.208075761795044,2.358323574066162,7.101632595062256
1699751.5118404,199999.96875,1.004302978515625,1.0086244344711304,11.203015327453613,2.1251232624053955,2.358323574066162,7.5198235511779785
1699751.5121629,199999.96875,0.6754913330078125,0.45628851652145386,10.7938871383667,2.0272457599639893,2.358323574066162,7.925626277923584
1699751.5123649,199999.96875,0.34670448303222656,0.12020400911569595,10.333714485168457,1.9171565771102905,2.358323574066162,8.319005966186523
1699751.5248413,199999.96875,0.021368062123656273,0.00045659407624043524,9.835622787475586,1.797995924949646,2.358323574066162,8.69994068145752
1699751.5270875,199999.96875,-0.29720085859298706,0.08832834661006927,9.313896179199219,1.6731809377670288,1.546255111694336,9.068412780761719
1699751.5274526,199999.96875,-0.6058262586593628,0.3670254647731781,8.783346176147461,1.546255111694336,1.546255111694336,9.424413681030273
1699751.5277912,199999.96875,-0.90150386095047,0.8127092123031616,8.258672714233398,1.4207351207733154,1.546255111694336,9.7679443359375
1699751.5395788,199999.96875,-1.18142831325531,1.3957726955413818,7.753869533538818,1.2999687194824219,1.546255111694336,10.09901237487793
1699751.5416673,199999.96875,-1.4430186748504639,2.0823028087615967,7.281673431396484,1.1870031356811523,1.546255111694336,10.417633056640625
1699751.5422428,199999.96875,-1.6839416027069092,2.8356590270996094,6.8530988693237305,1.0844733715057373,1.546255111694336,10.723834037780762
1699751.5426686,199999.96875,-1.9021289348602295,3.6180946826934814,6.477053642272949,0.9945104718208313,1.546255111694336,11.01763916015625
1699751.5550887,199999.96875,-2.095794677734375,4.392355442047119,6.160060882568359,0.9186748266220093,1.546255111694336,11.299092292785645
1699751.5570961,199999.96875,-2.2634479999542236,5.123197078704834,5.906091213226318,0.8579166531562805,1.546255111694336,11.568235397338867
1699751.5595634,199999.96875,-2.4039008617401123,5.778738975524902,5.716506004333496,0.8125613331794739,1.546255111694336,11.825124740600586
1699751.5605144,199999.96875,-2.516274929046631,6.331639766693115,5.590106964111328,0.7823222875595093,1.546255111694336,12.069816589355469
1699751.573516,199999.96875,-2.6000053882598877,6.760027885437012,5.523293972015381,0.7663382291793823,0.7663382291793823,12.30237865447998
1699751.5742693,199999.96875,-2.654836654663086,7.048158168792725,5.510304927825928,0.7632308006286621,0.7663382291793823,12.522880554199219
1699751.574725,199999.96875,-2.6808218955993652,7.186805725097656,5.543543815612793,0.7711828351020813,0.7663382291793823,12.731405258178711
1699751.5751557,199999.96875,-2.678313732147217,7.173365116119385,5.613966464996338,0.7880303263664246,0.7663382291793823,12.928034782409668
1699751.586597,199999.96875,-2.6479525566101074,7.011652946472168,5.7115044593811035,0.8113646507263184,0.7663382291793823,13.112861633300781
1699751.5868575,199999.96875,-2.5906577110290527,6.711507320404053,5.825518608093262,0.8386408686637878,0.7663382291793823,13.285983085632324
1699751.5873266,199999.96875,-2.507607936859131,6.288097381591797,5.94525671005249,0.8672863841056824,0.7663382291793823,13.44749927520752
1699751.587606,199999.96875,-2.400224208831787,5.7610764503479,6.060293674468994,0.8948071599006653,0.7663382291793823,13.597521781921387
1699751.6000649,199999.96875,-2.270150661468506,5.153583526611328,6.160941123962402,0.9188855290412903,0.7663382291793823,13.736160278320312
1699751.601512,199999.96875,-2.1192314624786377,4.491141319274902,6.238612174987793,0.9374669790267944,0.7663382291793823,13.863537788391113
1699751.6039516,199999.96875,-1.9494876861572266,3.800502300262451,6.286123752593994,0.9488334655761719,0.9488334655761719,13.979774475097656
1699751.6043488,199999.96875,-1.763092041015625,3.1084933280944824,6.297926425933838,0.9516571164131165,0.9488334655761719,14.084999084472656
1699751.617637,199999.96875,-1.5623432397842407,2.440916061401367,6.270266056060791,0.9450397491455078,0.9488334655761719,14.179348945617676
1699751.6180855,199999.96875,-1.3496379852294922,1.8215227127075195,6.201254844665527,0.9285299181938171,0.9488334655761719,14.262957572937012
1699751.61835,199999.96875,-1.127445936203003,1.271134376525879,6.090876579284668,0.9021236300468445,0.9488334655761719,14.335966110229492
1699751.6187183,199999.96875,-0.8982812762260437,0.8069092631340027,5.9408979415893555,0.8662435412406921,0.9488334655761719,14.398526191711426
1699751.628517,199999.96875,-0.6646751165390015,0.4417930543422699,5.7547287940979,0.8217055201530457,0.9488334655761719,14.450780868530273
1699751.6307605,199999.96875,-0.4291500449180603,0.184169739484787,5.537206172943115,0.7696665525436401,0.9488334655761719,14.492889404296875
1699751.6313094,199999.96875,-0.19419316947460175,0.03771098703145981,5.294338226318359,0.7115642428398132,0.9488334655761719,14.525009155273438
1699751.6320816,199999.96875,0.03776835650205612,0.0014264486962929368,5.033010959625244,0.6490457653999329,0.9488334655761719,14.547300338745117
1699751.6594176,199999.96875,0.26439133286476135,0.06990277767181396,4.760658264160156,0.5838894844055176,0.5838894844055176,14.55992603302002
1699751.6603911,199999.96875,0.48343873023986816,0.23371300101280212,4.484947204589844,0.5179299116134644,0.5838894844055176,14.563055038452148
1699751.662077,199999.96875,0.6928009986877441,0.4799732267856598,4.213441371917725,0.4529764652252197,0.5838894844055176,14.556859016418457
1699751.6628213,199999.96875,0.8905143737792969,0.7930158376693726,3.9532973766326904,0.3907410204410553,0.5838894844055176,14.541509628295898
1699751.6752302,199999.96875,1.0747785568237305,1.1551491022109985,3.7109901905059814,0.332772821187973,0.5838894844055176,14.517184257507324
1699751.6758291,199999.96875,1.243971824645996,1.5474659204483032,3.4920706748962402,0.28039970993995667,0.5838894844055176,14.484060287475586
1699751.6760578,199999.96875,1.3966630697250366,1.9506677389144897,3.3009777069091797,0.23468370735645294,0.5838894844055176,14.44232177734375
1699751.6761981,199999.96875,1.5316226482391357,2.345867872238159,3.140899658203125,0.19638748466968536,0.5838894844055176,14.3921480178833
1699751.6900656,199999.96875,1.647831916809082,2.7153499126434326,3.0136942863464355,0.16595561802387238,0.1288536787033081,14.333727836608887
1699751.6905695,199999.96875,1.7444877624511719,3.0432372093200684,2.919867753982544,0.14350903034210205,0.1288536787033081,14.267245292663574
1699751.6908705,199999.96875,1.821006417274475,3.3160643577575684,2.8586082458496094,0.1288536787033081,0.1288536787033081,14.192891120910645
1699751.6912671,199999.96875,1.8770246505737305,3.523221492767334,2.8278725147247314,0.12150061130523682,0.1288536787033081,14.11085319519043
1699751.7052293,199999.96875,1.9124000072479248,3.657273769378662,2.8245201110839844,0.12069857120513916,0.1288536787033081,14.021328926086426
1699751.70543,199999.96875,1.9272058010101318,3.7141222953796387,2.844487428665161,0.12547548115253448,0.1288536787033081,13.924505233764648
1699751.70591,199999.96875,1.921726942062378,3.6930344104766846,2.8829891681671143,0.1346864253282547,0.1288536787033081,13.820579528808594
1699751.7062325,199999.96875,1.8964515924453735,3.5965285301208496,2.9347469806671143,0.14706869423389435,0.1288536787033081,13.709747314453125
1699751.7193052,199999.96875,1.8520619869232178,3.43013334274292,2.9942240715026855,0.16129763424396515,0.1288536787033081,13.592204093933105
1699751.7200279,199999.96875,1.7894245386123657,3.202040433883667,3.0558605194091797,0.17604322731494904,0.1288536787033081,13.468145370483398
1699751.7204284,199999.96875,1.7095744609832764,2.922644853591919,3.114304780960083,0.19002509117126465,0.1288536787033081,13.33777141571045
1699751.7214132,199999.96875,1.6137043237686157,2.604041576385498,3.164618730545044,0.20206189155578613,0.1288536787033081,13.201276779174805
1699751.7336624,199999.96875,1.5031459331512451,2.2594478130340576,3.2024669647216797,0.2111165076494217,0.2111165076494217,13.058863639831543
1699751.7355182,199999.96875,1.379356026649475,1.902622938156128,3.2242655754089355,0.21633148193359375,0.2111165076494217,12.910725593566895
1699751.7364944,199999.96875,1.2438961267471313,1.5472774505615234,3.2272956371307373,0.21705639362335205,0.2111165076494217,12.757062911987305
1699751.7369918,199999.96875,1.0984160900115967,1.2065179347991943,3.209779739379883,0.212865948677063,0.2111165076494217,12.598075866699219
1699751.7502089,199999.96875,0.9446347951889038,0.8923348188400269,3.1709132194519043,0.2035677433013916,0.2111165076494217,12.4339599609375
1699751.7503945,199999.96875,0.7843206524848938,0.6151589155197144,3.1108546257019043,0.18919968605041504,0.2111165076494217,12.264913558959961
1699751.7508017,199999.96875,0.6192722320556641,0.38349810242652893,3.030677318572998,0.1700185090303421,0.2111165076494217,12.09113597869873
1699751.7513878,199999.96875,0.4512995779514313,0.20367130637168884,2.9322867393493652,0.14648008346557617,0.2111165076494217,11.912818908691406
1699751.7650734,199999.96875,0.282204806804657,0.07963955402374268,2.818305253982544,0.11921179294586182,0.05664718151092529,11.730161666870117
1699751.7652454,199999.96875,0.11376408487558365,0.012942266650497913,2.6919307708740234,0.08897864818572998,0.05664718151092529,11.543360710144043
1699751.765426,199999.96875,-0.05229073762893677,0.002734321402385831,2.5567851066589355,0.05664718151092529,0.05664718151092529,11.352607727050781
1699751.7659176,199999.96875,-0.21428866684436798,0.04591963812708855,2.4167404174804688,0.023143649101257324,0.05664718151092529,11.158096313476562
1699751.7806702,199999.96875,-0.3706356883049011,0.13737079501152039,2.275751829147339,-0.010585665702819824,0.05664718151092529,10.960020065307617
1699751.7808385,199999.96875,-0.5198299288749695,0.27022314071655273,2.1376888751983643,-0.043615102767944336,0.05664718151092529,10.758570671081543
1699751.7810883,199999.96875,-0.660474956035614,0.4362271726131439,2.00618052482605,-0.07507643848657608,0.05664718151092529,10.553932189941406
1699751.7812723,199999.96875,-0.7912920713424683,0.6261431574821472,1.884473204612732,-0.10419300943613052,0.05664718151092529,10.346298217773438
1699751.7967973,199999.96875,-0.9111315608024597,0.8301607966423035,1.7753143310546875,-0.13030755519866943,0.05664718151092529,10.135854721069336
1699751.7970009,199999.96875,-1.0189815759658813,1.0383234024047852,1.6808593273162842,-0.1529044657945633,0.05664718151092529,9.922785758972168
1699751.7974085,199999.96875,-1.1139752864837646,1.240940809249878,1.6026064157485962,-0.1716252565383911,0.05664718151092529,9.70727252960205
1699751.7976084,199999.96875,-1.1953986883163452,1.4289779663085938,1.5413631200790405,-0.18627676367759705,0.05664718151092529,9.489500045776367
1699751.8125542,199999.96875,-1.2626924514770508,1.59439218044281,1.4972410202026367,-0.19683226943016052,-0.19683226943016052,9.269648551940918
1699751.8139433,199999.96875,-1.3154561519622803,1.7304248809814453,1.469679594039917,-0.20342592895030975,-0.19683226943016052,9.047889709472656
1699751.8143679,199999.96875,-1.3534486293792725,1.8318231105804443,1.4574975967407227,-0.20634028315544128,-0.19683226943016052,8.824407577514648
1699751.8147555,199999.96875,-1.3765876293182373,1.894993543624878,1.4589672088623047,-0.20598872005939484,-0.19683226943016052,8.599370002746582
1699751.8247464,199999.96875,-1.384946584701538,1.9180771112442017,1.471906065940857,-0.20289330184459686,-0.19683226943016052,8.372950553894043
1699751.8259142,199999.96875,-1.3787508010864258,1.9009538888931274,1.4937868118286133,-0.19765865802764893,-0.19683226943016052,8.145317077636719
1699751.827299,199999.96875,-1.3583732843399048,1.8451780080795288,1.5218547582626343,-0.19094383716583252,-0.19683226943016052,7.916639804840088
1699751.8277288,199999.96875,-1.3243252038955688,1.75383722782135,1.5532480478286743,-0.18343348801136017,-0.19683226943016052,7.687078952789307
1699751.8401671,199999.96875,-1.2772506475448608,1.6313692331314087,1.5851211547851562,-0.17580831050872803,-0.19683226943016052,7.4567999839782715
1699751.843912,199999.96875,-1.2179145812988281,1.4833160638809204,1.614758849143982,-0.16871798038482666,-0.1627555638551712,7.225959777832031
1699751.8445218,199999.96875,-1.1471946239471436,1.3160556554794312,1.6396818161010742,-0.1627555638551712,-0.1627555638551712,6.9947190284729
1699751.8450827,199999.96875,-1.0660673379898071,1.1364994049072266,1.6577377319335938,-0.15843594074249268,-0.1627555638551712,6.763228416442871
1699751.856317,199999.96875,-0.9755972623825073,0.9517900347709656,1.667173981666565,-0.15617847442626953,-0.1627555638551712,6.531641960144043
1699751.8567487,199999.96875,-0.8769243359565735,0.7689962387084961,1.6666936874389648,-0.1562933623790741,-0.1627555638551712,6.300108909606934
1699751.8575656,199999.96875,-0.7712492942810059,0.5948254466056824,1.655487060546875,-0.15897437930107117,-0.1627555638551712,6.068775177001953
1699751.8580672,199999.96875,-0.659820556640625,0.43536320328712463,1.6332451105117798,-0.16429540514945984,-0.1627555638551712,5.8377838134765625
1699751.8717234,199999.96875,-0.5439202189445496,0.2958492338657379,1.6001487970352173,-0.17221319675445557,-0.1627555638551712,5.607276916503906
1699751.8721209,199999.96875,-0.42484942078590393,0.18049702048301697,1.556841492652893,-0.18257379531860352,-0.1627555638551712,5.3773908615112305
1699751.8724022,199999.96875,-0.303914874792099,0.09236425161361694,1.504381775856018,-0.19512398540973663,-0.1627555638551712,5.148262023925781
1699751.8731455,199999.96875,-0.18241508305072784,0.033275265246629715,1.4441823959350586,-0.20952574908733368,-0.1627555638551712,4.920022487640381
1699751.8997361,199999.96875,-0.061626631766557693,0.0037978417240083218,1.3779370784759521,-0.22537390887737274,-0.22537390887737274,4.692800045013428
1699751.9017909,199999.96875,0.057208359241485596,0.0032727960497140884,1.3075380325317383,-0.24221579730510712,-0.22537390887737274,4.4667205810546875
1699751.9025396,199999.96875,0.1728946715593338,0.0298925694078207,1.2349904775619507,-0.2595716416835785,-0.22537390887737274,4.241909027099609
1699751.9029328,199999.96875,0.28429532051086426,0.08082382380962372,1.1623245477676392,-0.27695584297180176,-0.22537390887737274,4.018485069274902
1699751.9142633,199999.96875,0.3903424143791199,0.15236720442771912,1.0915111303329468,-0.2938968539237976,-0.22537390887737274,3.796564817428589
1699751.9152934,199999.96875,0.49004650115966797,0.24014556407928467,1.024383306503296,-0.3099561631679535,-0.22537390887737274,3.5762622356414795
1699751.9161791,199999.96875,0.5825055241584778,0.33931270241737366,0.9625670313835144,-0.32474470138549805,-0.22537390887737274,3.3576889038085938
1699751.9164349,199999.96875,0.6669119596481323,0.44477152824401855,0.9074215888977051,-0.33793744444847107,-0.22537390887737274,3.1409518718719482
1699751.9304579,199999.96875,0.7425599098205566,0.5513952374458313,0.8599966764450073,-0.3492831289768219,-0.3658406138420105,2.9261558055877686
1699751.9312022,199999.96875,0.8088495135307312,0.6542375683784485,0.8210005760192871,-0.3586122989654541,-0.3658406138420105,2.713402509689331
1699751.9314913,199999.96875,0.86529141664505,0.7487292289733887,0.7907861471176147,-0.3658406138420105,-0.3658406138420105,2.502789258956909
1699751.93188,199999.96875,0.9115090370178223,0.8308486938476562,0.7693508267402649,-0.3709687292575836,-0.3658406138420105,2.294412136077881
1699751.9440346,199999.96875,0.9472410082817078,0.897265613079071,0.7563505172729492,-0.3740788400173187,-0.3658406138420105,2.0883631706237793
1699751.945499,199999.96875,0.9723399877548218,0.9454450607299805,0.7511290311813354,-0.3753279745578766,-0.3658406138420105,1.8847310543060303
1699751.945868,199999.96875,0.9867730140686035,0.973720908164978,0.7527567744255066,-0.37493857741355896,-0.3658406138420105,1.6836010217666626
1699751.9460917,199999.96875,0.9906185865402222,0.9813251495361328,0.7600801587104797,-0.37318652868270874,-0.3658406138420105,1.485055923461914
1699751.9586317,199999.96875,0.9840638041496277,0.9683815836906433,0.7717778086662292,-0.37038812041282654,-0.3658406138420105,1.289175033569336
1699751.9610711,199999.96875,0.9673997759819031,0.9358623623847961,0.7864215970039368,-0.3668847978115082,-0.3658406138420105,1.0960347652435303
1699751.9613605,199999.96875,0.9410168528556824,0.8855127096176147,0.802539050579071,-0.36302894353866577,-0.3658406138420105,0.9057080149650574
1699751.9616978,199999.96875,0.9053975939750671,0.819744884967804,0.8186750411987305,-0.35916867852211,-0.3658406138420105,0.7182648777961731
1699751.9756648,199999.96875,0.8611105680465698,0.741511344909668,0.8334506154060364,-0.35563382506370544,-0.35563382506370544,0.5337722897529602
1699751.9759284,199999.96875,0.8088019490242004,0.6541606783866882,0.8456153869628906,-0.3527235984802246,-0.35563382506370544,0.35229381918907166
1699751.9761348,199999.96875,0.7491874694824219,0.5612818598747253,0.8540937304496765,-0.35069528222084045,-0.35563382506370544,0.17389042675495148
1699751.9764172,199999.96875,0.6830433011054993,0.4665481448173523,0.8580201864242554,-0.3497559428215027,-0.35563382506370544,-0.0013803938636556268
1699751.9903583,199999.96875,0.6111968159675598,0.3735615611076355,0.8567668795585632,-0.3500557839870453,-0.35563382506370544,-0.17346398532390594
1699751.9905517,199999.96875,0.5345165133476257,0.28570789098739624,0.8499582409858704,-0.35168465971946716,-0.35563382506370544,-0.3423087000846863
1699751.9907266,199999.96875,0.4539026618003845,0.20602762699127197,0.8374754786491394,-0.3546709418296814,-0.35563382506370544,-0.5078660845756531
1699751.9908994,199999.96875,0.37027686834335327,0.13710495829582214,0.8194511532783508,-0.35898298025131226,-0.35563382506370544,-0.6700904965400696
1699752.0051093,199999.96875,0.28457212448120117,0.0809812918305397,0.7962519526481628,-0.36453303694725037,-0.37875327467918396,-0.8289391398429871
1699752.0054774,199999.96875,0.19772279262542725,0.03909429907798767,0.7684542536735535,-0.3711831569671631,-0.37875327467918396,-0.9843724370002747
1699752.0059819,199999.96875,0.11065521091222763,0.0122445747256279,0.7368113398551941,-0.37875327467918396,-0.37875327467918396,-1.1363534927368164
1699752.0063629,199999.96875,0.02427785098552704,0.0005894140340387821,0.7022145986557007,-0.3870300352573395,-0.37875327467918396,-1.2848482131958008
1699752.0208856,199999.96875,-0.060527414083480835,0.003663567826151848,0.6656515002250671,-0.3957771360874176,-0.37875327467918396,-1.429825782775879
1699752.0214107,199999.96875,-0.1429140269756317,0.02042442001402378,0.6281599998474121,-0.4047464430332184,-0.37875327467918396,-1.5712575912475586
1699752.0216935,199999.96875,-0.22207872569561005,0.049318961799144745,0.5907848477363586,-0.4136878550052643,-0.37875327467918396,-1.7091182470321655
1699752.0219698,199999.96875,-0.2972688674926758,0.08836877346038818,0.5545331835746765,-0.42236050963401794,-0.37875327467918396,-1.8433845043182373
1699752.0346646,199999.96875,-0.36778926849365234,0.1352689266204834,0.5203350186347961,-0.43054184317588806,-0.37875327467918396,-1.9740369319915771
1699752.0367482,199999.96875,-0.43300795555114746,0.1874959021806717,0.4890081286430359,-0.43803635239601135,-0.37875327467918396,-2.101057767868042
1699752.0373206,199999.96875,-0.49236154556274414,0.24241991341114044,0.4612291753292084,-0.4446820318698883,-0.37875327467918396,-2.2244315147399902
1699752.0376915,199999.96875,-0.5453594923019409,0.297417014837265,0.4375112056732178,-0.4503561556339264,-0.37875327467918396,-2.3441474437713623
1699752.0508781,199999.96875,-0.5915875434875488,0.3499758243560791,0.4181896150112152,-0.4549785554409027,-0.4549785554409027,-2.4601948261260986
1699752.0525995,199999.96875,-0.630710780620575,0.397796094417572,0.4034155309200287,-0.4585130214691162,-0.4549785554409027,-2.572566270828247
1699752.0533082,199999.96875,-0.6624744534492493,0.43887242674827576,0.3931571841239929,-0.46096721291542053,-0.4549785554409027,-2.6812572479248047
1699752.0539416,199999.96875,-0.6867062449455261,0.4715654253959656,0.38720861077308655,-0.462390273809433,-0.4549785554409027,-2.786266326904297
1699752.0668879,199999.96875,-0.7033149600028992,0.4946519434452057,0.38520511984825134,-0.4628695845603943,-0.4549785554409027,-2.8875930309295654
1699752.0680593,199999.96875,-0.7122906446456909,0.5073579549789429,0.38664498925209045,-0.46252506971359253,-0.4549785554409027,-2.985239028930664
1699752.0684381,199999.96875,-0.7137026786804199,0.5093715786933899,0.39091548323631287,-0.46150344610214233,-0.4549785554409027,-3.0792102813720703
1699752.0686404,199999.96875,-0.7076972126960754,0.5008352994918823,0.3973221778869629,-0.4599708020687103,-0.4549785554409027,-3.16951322555542
1699752.0810436,199999.96875,-0.6944939494132996,0.4823218882083893,0.4051213264465332,-0.4581049382686615,-0.4540988802909851,-3.256157636642456
1699752.0816433,199999.96875,-0.6743828654289246,0.4547922611236572,0.4135517179965973,-0.4560880661010742,-0.4540988802909851,-3.339154005050659
1699752.0821485,199999.96875,-0.6477192044258118,0.4195401668548584,0.4218665659427643,-0.4540988802909851,-0.4540988802909851,-3.418516159057617
1699752.0827075,199999.96875,-0.6149184107780457,0.3781246542930603,0.42936357855796814,-0.45230531692504883,-0.4540988802909851,-3.49426007270813
1699752.0952192,199999.96875,-0.5764508247375488,0.33229556679725647,0.43541163206100464,-0.4508584439754486,-0.4540988802909851,-3.5664031505584717
1699752.0956156,199999.96875,-0.5328356623649597,0.28391385078430176,0.4394734799861908,-0.4498867094516754,-0.4540988802909851,-3.6349639892578125
1699752.0960587,199999.96875,-0.4846343398094177,0.23487043380737305,0.44112348556518555,-0.4494919776916504,-0.4540988802909851,-3.699965715408325
1699752.0964563,199999.96875,-0.43244385719299316,0.18700771033763885,0.4400607645511627,-0.4497462213039398,-0.4540988802909851,-3.761430025100708
1699752.1095217,199999.96875,-0.37689009308815,0.14204613864421844,0.43611541390419006,-0.4506901204586029,-0.4540988802909851,-3.819383144378662
1699752.1118955,199999.96875,-0.3186202943325043,0.1015188917517662,0.4292503893375397,-0.45233243703842163,-0.4540988802909851,-3.873851776123047
1699752.1125093,199999.96875,-0.25829648971557617,0.06671707332134247,0.41955679655075073,-0.45465150475502014,-0.4540988802909851,-3.9248650074005127
1699752.1127911,199999.96875,-0.19658775627613068,0.038646746426820755,0.407245010137558,-0.45759686827659607,-0.4540988802909851,-3.972452163696289
1699752.1393656,199999.96875,-0.134163498878479,0.017999842762947083,0.3926304280757904,-0.4610931873321533,-0.4610931873321533,-4.016645908355713
1699752.1425611,199999.96875,-0.07168636471033096,0.0051389350555837154,0.37611621618270874,-0.46504396200180054,-0.4610931873321533,-4.0574798583984375
1699752.1431391,199999.96875,-0.009805564768612385,9.614910231903195e-05,0.35817280411720276,-0.4693366587162018,-0.4610931873321533,-4.094988822937012
1699752.1436641,199999.96875,0.05084959790110588,0.002585681853815913,0.33931559324264526,-0.4738479554653168,-0.4610931873321533,-4.129209995269775
1699752.1545215,199999.96875,0.1096758097410202,0.012028783559799194,0.32008180022239685,-0.478449285030365,-0.4610931873321533,-4.160180568695068
1699752.1549768,199999.96875,0.16610150039196014,0.02758970856666565,0.3010070323944092,-0.4830126166343689,-0.4610931873321533,-4.1879401206970215
1699752.1552121,199999.96875,0.21959206461906433,0.0482206754386425,0.2826038897037506,-0.4874153137207031,-0.4610931873321533,-4.21252965927124
1699752.1554127,199999.96875,0.26965466141700745,0.07271363586187363,0.2653408944606781,-0.4915452003479004,-0.4610931873321533,-4.2339911460876465
1699752.1690516,199999.96875,0.3158423900604248,0.0997564047574997,0.24962575733661652,-0.49530482292175293,-0.4610931873321533,-4.2523674964904785
1699752.1698025,199999.96875,0.35775813460350037,0.12799088656902313,0.2357906848192215,-0.49861469864845276,-0.4610931873321533,-4.267703056335449
1699752.1707834,199999.96875,0.3950573801994324,0.15607032179832458,0.2240818440914154,-0.5014157295227051,-0.5014157295227051,-4.280043601989746
1699752.1712962,199999.96875,0.4274509847164154,0.1827143430709839,0.21465294063091278,-0.5036715269088745,-0.5014157295227051,-4.289435386657715
1699752.1868437,199999.96875,0.45470666885375977,0.20675814151763916,0.20756244659423828,-0.5053677558898926,-0.5014157295227051,-4.29592752456665
1699752.187117,199999.96875,0.4766506552696228,0.2271958291530609,0.20277540385723114,-0.5065129995346069,-0.5014157295227051,-4.29956579208374
1699752.1873393,199999.96875,0.4931678771972656,0.24321456253528595,0.2001684606075287,-0.5071367025375366,-0.5014157295227051,-4.3004021644592285
1699752.1874826,199999.96875,0.5042021870613098,0.2542198598384857,0.1995387077331543,-0.5072873830795288,-0.5014157295227051,-4.298486232757568
1699752.2025686,199999.96875,0.5097554922103882,0.2598506510257721,0.20061516761779785,-0.5070298314094543,-0.5014157295227051,-4.2938690185546875
1699752.2028307,199999.96875,0.5098867416381836,0.25998449325561523,0.20307275652885437,-0.5064418911933899,-0.5014157295227051,-4.2866034507751465
1699752.2031543,199999.96875,0.5047100186347961,0.254732221364975,0.2065477818250656,-0.5056106448173523,-0.5014157295227051,-4.276740074157715
1699752.203439,199999.96875,0.4943920075893402,0.24442346394062042,0.2106543481349945,-0.50462806224823,-0.5014157295227051,-4.264335632324219
1699752.2146022,199999.96875,0.4791494905948639,0.2295842170715332,0.2150011509656906,-0.5035881996154785,-0.5035881996154785,-4.249442100524902
1699752.2156245,199999.96875,0.4592457711696625,0.21090669929981232,0.2192074954509735,-0.5025819540023804,-0.5035881996154785,-4.232114315032959
1699752.2162376,199999.96875,0.43498706817626953,0.18921375274658203,0.22291848063468933,-0.5016940832138062,-0.5035881996154785,-4.212408542633057
1699752.2165702,199999.96875,0.4067184329032898,0.16541989147663116,0.22581839561462402,-0.5010002851486206,-0.5035881996154785,-4.1903791427612305
1699752.2297819,199999.96875,0.374819278717041,0.14048950374126434,0.22764182090759277,-0.5005640983581543,-0.5035881996154785,-4.166083335876465
1699752.2300084,199999.96875,0.3396987318992615,0.11539522558450699,0.2281823605298996,-0.5004347562789917,-0.5035881996154785,-4.139578342437744
1699752.2302443,199999.96875,0.301790714263916,0.09107762575149536,0.2272985428571701,-0.5006462931632996,-0.5035881996154785,-4.110918998718262
1699752.2305396,199999.96875,0.2615489959716797,0.06840787827968597,0.22491677105426788,-0.5012161135673523,-0.5035881996154785,-4.080164909362793
1699752.2441845,199999.96875,0.21944186091423035,0.04815473034977913,0.22103147208690643,-0.5021455883979797,-0.5035881996154785,-4.047373294830322
1699752.2451207,199999.96875,0.17594711482524872,0.030957385897636414,0.21570226550102234,-0.5034205317497253,-0.5050122141838074,-4.012601375579834
1699752.2456159,199999.96875,0.13154681026935577,0.017304563894867897,0.20904883742332458,-0.5050122141838074,-0.5050122141838074,-3.975907802581787
1699752.2459515,199999.96875,0.08672219514846802,0.007520738989114761,0.2012433558702469,-0.5068796277046204,-0.5050122141838074,-3.9373507499694824
1699752.2593617,199999.96875,0.04194860905408859,0.0017596859252080321,0.19250106811523438,-0.5089710354804993,-0.5050122141838074,-3.896989107131958
1699752.261435,199999.96875,-0.0023092131596058607,5.332464752427768e-06,0.18306989967823029,-0.5112273097038269,-0.5050122141838074,-3.8548800945281982
1699752.261689,199999.96875,-0.04560186341404915,0.0020795296877622604,0.17321844398975372,-0.5135840177536011,-0.5050122141838074,-3.8110835552215576
1699752.2621026,199999.96875,-0.08749952167272568,0.007656166795641184,0.16322441399097443,-0.5159749984741211,-0.5050122141838074,-3.765657424926758
1699752.2748479,199999.96875,-0.12759611010551453,0.01628076657652855,0.15336258709430695,-0.5183342695236206,-0.5050122141838074,-3.718660354614258
1699752.2766456,199999.96875,-0.16551288962364197,0.02739451453089714,0.143893763422966,-0.5205995440483093,-0.5050122141838074,-3.6701507568359375
1699752.2776068,199999.96875,-0.20090198516845703,0.04036160558462143,0.1350545585155487,-0.5227141380310059,-0.5050122141838074,-3.6201870441436768
1699752.2778687,199999.96875,-0.23344919085502625,0.054498523473739624,0.12704868614673615,-0.5246294736862183,-0.5050122141838074,-3.5688278675079346
1699752.2914148,199999.96875,-0.26287660002708435,0.06910411268472672,0.12003996223211288,-0.52630615234375,-0.52630615234375,-3.5161304473876953
1699752.2915781,199999.96875,-0.28894463181495667,0.08348900079727173,0.11414724588394165,-0.5277159810066223,-0.52630615234375,-3.462153196334839
1699752.2919016,199999.96875,-0.31145381927490234,0.09700348228216171,0.10944139957427979,-0.5288417935371399,-0.52630615234375,-3.406953811645508
1699752.2923812,199999.96875,-0.3302461504936218,0.10906253010034561,0.10594438016414642,-0.5296783447265625,-0.52630615234375,-3.3505892753601074
1699752.3080724,199999.96875,-0.34520530700683594,0.11916670948266983,0.10363030433654785,-0.5302319526672363,-0.52630615234375,-3.293117046356201
1699752.3095713,199999.96875,-0.35625767707824707,0.12691955268383026,0.10242854058742523,-0.5305194854736328,-0.52630615234375,-3.2345938682556152
1699752.3098384,199999.96875,-0.36337152123451233,0.132038876414299,0.10222838819026947,-0.5305673480033875,-0.52630615234375,-3.1750755310058594
1699752.3101224,199999.96875,-0.36655697226524353,0.13436400890350342,0.10288529098033905,-0.5304101705551147,-0.52630615234375,-3.1146183013916016
1699752.3198595,199999.96875,-0.3658646047115326,0.1338568925857544,0.10422810167074203,-0.5300889015197754,-0.52630615234375,-3.0532779693603516
1699752.3224959,199999.96875,-0.3613843321800232,0.13059863448143005,0.10606714338064194,-0.5296490788459778,-0.52630615234375,-2.9911093711853027
1699752.323141,199999.96875,-0.35324352979660034,0.12478099018335342,0.10820275545120239,-0.5291380882263184,-0.5291380882263184,-2.9281673431396484
1699752.323543,199999.96875,-0.34160470962524414,0.11669377982616425,0.11043385416269302,-0.5286043286323547,-0.5291380882263184,-2.8645057678222656
1699752.3357006,199999.96875,-0.3266634941101074,0.10670904070138931,0.11256611347198486,-0.5280941724777222,-0.5291380882263184,-2.800178050994873
1699752.3363403,199999.96875,-0.30864542722702026,0.09526199102401733,0.11441963911056519,-0.5276507139205933,-0.5291380882263184,-2.7352383136749268
1699752.3366202,199999.96875,-0.2878032624721527,0.08283071219921112,0.11583566665649414,-0.5273120999336243,-0.5291380882263184,-2.6697375774383545
1699752.3380293,199999.96875,-0.26441359519958496,0.0699145570397377,0.11668217182159424,-0.5271095037460327,-0.5291380882263184,-2.6037285327911377
1699752.3510703,199999.96875,-0.23877370357513428,0.057012878358364105,0.11685802787542343,-0.5270674824714661,-0.5291380882263184,-2.5372626781463623
1699752.3518657,199999.96875,-0.21119773387908936,0.044604480266571045,0.11629583686590195,-0.5272019505500793,-0.5291380882263184,-2.4703896045684814
1699752.3522921,199999.96875,-0.18201327323913574,0.033128827810287476,0.11496327817440033,-0.5275206565856934,-0.5291380882263184,-2.4031600952148438
1699752.3528168,199999.96875,-0.1515575349330902,0.0229696873575449,0.11286286264657974,-0.5280232429504395,-0.5291380882263184,-2.3356235027313232
1699752.3793645,199999.96875,-0.12017379701137543,0.01444174163043499,0.11003027856349945,-0.5287008285522461,-0.5287008285522461,-2.2678279876708984
1699752.3802315,199999.96875,-0.08820752054452896,0.0077805668115615845,0.10653160512447357,-0.5295378565788269,-0.5287008285522461,-2.1998214721679688
1699752.3819305,199999.96875,-0.0560028962790966,0.0031363244634121656,0.10245917737483978,-0.5305121541023254,-0.5287008285522461,-2.131650924682617
1699752.3826519,199999.96875,-0.023899173364043236,0.0005711705307476223,0.09792667627334595,-0.5315964818000793,-0.5287008285522461,-2.063363552093506
1699752.3948568,199999.96875,0.007772672921419144,6.041444794391282e-05,0.0930635929107666,-0.532759964466095,-0.5287008285522461,-1.9950040578842163
1699752.395019,199999.96875,0.03869323804974556,0.001497166813351214,0.08800915628671646,-0.5339691042900085,-0.5287008285522461,-1.9266176223754883
1699752.395253,199999.96875,0.0685577392578125,0.004700163844972849,0.08290612697601318,-0.5351899266242981,-0.5287008285522461,-1.8582481145858765
1699752.3954561,199999.96875,0.09707888215780258,0.009424309246242046,0.07789492607116699,-0.5363887548446655,-0.5287008285522461,-1.7899386882781982
1699752.4092706,199999.96875,0.12398940324783325,0.015373371541500092,0.0731077566742897,-0.5375340580940247,-0.5287008285522461,-1.7217319011688232
1699752.411292,199999.96875,0.14904451370239258,0.022214269265532494,0.0686635747551918,-0.5385972857475281,-0.5395541191101074,-1.6536693572998047
1699752.411459,199999.96875,0.17202386260032654,0.029592210426926613,0.06466373056173325,-0.5395541191101074,-0.5395541191101074,-1.5857915878295898
1699752.411771,199999.96875,0.19273336231708527,0.03714614361524582,0.06118851900100708,-0.5403855443000793,-0.5395541191101074,-1.5181385278701782
1699752.4244855,199999.96875,0.2110065221786499,0.044523756951093674,0.05829472467303276,-0.5410777926445007,-0.5395541191101074,-1.4507490396499634
1699752.4254173,199999.96875,0.22670583426952362,0.051395535469055176,0.05601423233747482,-0.5416234135627747,-0.5395541191101074,-1.3836612701416016
1699752.4265032,199999.96875,0.23972328007221222,0.057467252016067505,0.05435379222035408,-0.5420206189155579,-0.5395541191101074,-1.3169126510620117
1699752.4266971,199999.96875,0.24998100101947784,0.06249050423502922,0.053295694291591644,-0.5422738194465637,-0.5395541191101074,-1.2505391836166382
1699752.4395214,199999.96875,0.2574314475059509,0.06627094745635986,0.052799563854932785,-0.5423924326896667,-0.5395541191101074,-1.184576392173767
1699752.4397872,199999.96875,0.2620571553707123,0.06867395341396332,0.05280487984418869,-0.5423911809921265,-0.5395541191101074,-1.1190589666366577
1699752.4411657,199999.96875,0.26387038826942444,0.06962758302688599,0.05323433876037598,-0.5422884821891785,-0.5395541191101074,-1.0540202856063843
1699752.4413332,199999.96875,0.26291218400001526,0.069122813642025,0.053997647017240524,-0.5421058535575867,-0.5395541191101074,-0.9894930720329285
1699752.4541544,199999.96875,0.25925159454345703,0.06721138954162598,0.054995786398649216,-0.5418670773506165,-0.5418670773506165,-0.9255091547966003
1699752.4556015,199999.96875,0.25298428535461426,0.06400104612112045,0.05612539127469063,-0.5415967702865601,-0.5418670773506165,-0.8620994687080383
1699752.4559722,199999.96875,0.244230717420578,0.05964864417910576,0.057283174246549606,-0.541319727897644,-0.5418670773506165,-0.7992938160896301
1699752.4563036,199999.96875,0.2331347018480301,0.05435178801417351,0.05837010219693184,-0.5410597920417786,-0.5418670773506165,-0.7371211051940918
1699752.4690059,199999.96875,0.21986131370067596,0.04833899810910225,0.05929528921842575,-0.5408384203910828,-0.5418670773506165,-0.6756095886230469
1699752.46985,199999.96875,0.20459458231925964,0.041858941316604614,0.05997934192419052,-0.5406748652458191,-0.5418670773506165,-0.6147864460945129
1699752.471179,199999.96875,0.18753549456596375,0.035169560462236404,0.06035711616277695,-0.54058438539505,-0.5418670773506165,-0.5546776652336121
1699752.4718064,199999.96875,0.16889922320842743,0.028526946902275085,0.060379765927791595,-0.5405790209770203,-0.5418670773506165,-0.4953085482120514
1699752.4842324,199999.96875,0.14891275763511658,0.022175010293722153,0.06001603603363037,-0.5406659841537476,-0.5418670773506165,-0.43670353293418884
1699752.4856618,199999.96875,0.12781231105327606,0.0163359884172678,0.0592527873814106,-0.5408486127853394,-0.5411256551742554,-0.37888598442077637
1699752.4858365,199999.96875,0.10584060847759247,0.011202235706150532,0.058094751089811325,-0.5411256551742554,-0.5411256551742554,-0.3218783736228943
1699752.4859807,199999.96875,0.08324430137872696,0.006929613649845123,0.05656355619430542,-0.5414919853210449,-0.5411256551742554,-0.26570233702659607
1699752.498514,199999.96875,0.06027122214436531,0.0036326199769973755,0.05469614267349243,-0.5419386625289917,-0.5411256551742554,-0.21037837862968445
1699752.5013402,199999.96875,0.037167929112911224,0.0013814549893140793,0.05254252627491951,-0.542453944683075,-0.5411256551742554,-0.15592631697654724
1699752.5016504,199999.96875,0.014177054166793823,0.00020098888489883393,0.05016320198774338,-0.5430231094360352,-0.5411256551742554,-0.1023649349808693
1699752.502331,199999.96875,-0.008465071208775043,7.16574359103106e-05,0.047626249492168427,-0.5436300039291382,-0.5411256551742554,-0.04971211403608322
1699752.5166358,199999.96875,-0.03053075633943081,0.0009321270626969635,0.045004118233919144,-0.5442574620246887,-0.5411256551742554,0.0020151168573647738
1699752.5169332,199999.96875,-0.05180313065648079,0.0026835643220692873,0.0423705093562603,-0.5448874235153198,-0.5411256551742554,0.05280068516731262
1699752.5172016,199999.96875,-0.0720781460404396,0.005195259116590023,0.03979726880788803,-0.5455030202865601,-0.5411256551742554,0.10262938588857651
1699752.5173595,199999.96875,-0.09116645902395248,0.008311321958899498,0.03735153004527092,-0.5460880994796753,-0.5411256551742554,0.15148687362670898
1699752.5317079,199999.96875,-0.10889506340026855,0.011858133599162102,0.035093069076538086,-0.5466283559799194,-0.5466283559799194,0.1993597447872162
1699752.532025,199999.96875,-0.1251087635755539,0.015652203932404518,0.03307223320007324,-0.5471118688583374,-0.5466283559799194,0.2462354153394699
1699752.5323882,199999.96875,-0.13967132568359375,0.019508078694343567,0.031328219920396805,-0.5475291013717651,-0.5466283559799194,0.292102187871933
1699752.5325782,199999.96875,-0.15246669948101044,0.023246094584465027,0.02988789975643158,-0.5478736758232117,-0.5466283559799194,0.3369491994380951
1699752.5447981,199999.96875,-0.16339945793151855,0.026699384674429893,0.028765272349119186,-0.5481422543525696,-0.5466283559799194,0.3807663917541504
1699752.5453807,199999.96875,-0.1723957508802414,0.02972029708325863,0.02796138823032379,-0.5483345985412598,-0.5466283559799194,0.4235447347164154
1699752.5470622,199999.96875,-0.17940327525138855,0.03218553587794304,0.027464842423796654,-0.5484533309936523,-0.5466283559799194,0.46527570486068726
1699752.5475367,199999.96875,-0.1843915730714798,0.034000247716903687,0.02725275792181492,-0.5485041737556458,-0.5466283559799194,0.5059518814086914
1699752.5610099,199999.96875,-0.187351793050766,0.03510069102048874,0.027292191982269287,-0.5484946966171265,-0.5466283559799194,0.545566737651825
1699752.5616132,199999.96875,-0.1882963925600052,0.03545553609728813,0.027541911229491234,-0.5484349131584167,-0.5483363270759583,0.5841139554977417
1699752.562161,199999.96875,-0.18725845217704773,0.035065729171037674,0.02795439027249813,-0.5483363270759583,-0.5483363270759583,0.6215887069702148
1699752.5626092,199999.96875,-0.18429097533226013,0.0339631624519825,0.028478041291236877,-0.5482109785079956,-0.5483363270759583,0.6579865217208862
1699752.5740678,199999.96875,-0.1794658899307251,0.03220800682902336,0.029059479013085365,-0.5480718612670898,-0.5483363270759583,0.6933038830757141
1699752.5757298,199999.96875,-0.17287297546863556,0.02988506481051445,0.029645752161741257,-0.5479315519332886,-0.5483363270759583,0.7275379300117493
1699752.5770722,199999.96875,-0.1646183431148529,0.02709920145571232,0.030186530202627182,-0.5478022694587708,-0.5483363270759583,0.7606863975524902
1699752.5779132,199999.96875,-0.15482327342033386,0.02397024631500244,0.03063599206507206,-0.5476946830749512,-0.5483363270759583,0.7927482724189758
1699752.5891641,199999.96875,-0.14362236857414246,0.02062738500535488,0.03095453605055809,-0.547618567943573,-0.5483363270759583,0.8237226605415344
1699752.5907883,199999.96875,-0.13116201758384705,0.017203474417328835,0.031110119074583054,-0.5475813746452332,-0.5483363270759583,0.853609561920166
1699752.5915724,199999.96875,-0.11759863048791885,0.013829438015818596,0.031079242005944252,-0.5475887060165405,-0.5483363270759583,0.8824098706245422
1699752.5920828,199999.96875,-0.10309670120477676,0.010628929361701012,0.03084753453731537,-0.5476441383361816,-0.5483363270759583,0.9101249575614929
1699752.6195383,199999.96875,-0.08782698959112167,0.007713580038398504,0.030409961938858032,-0.547748863697052,-0.547748863697052,0.9367569088935852
1699752.6199774,199999.96875,-0.07196460664272308,0.005178904626518488,0.029770618304610252,-0.5479018092155457,-0.547748863697052,0.9623085856437683
1699752.6203063,199999.96875,-0.05568714067339897,0.003101057605817914,0.028942162171006203,-0.5480998754501343,-0.547748863697052,0.9867830276489258
1699752.6206689,199999.96875,-0.039172641932964325,0.0015344958519563079,0.02794494293630123,-0.5483385920524597,-0.547748863697052,1.010184645652771
1699752.6346746,199999.96875,-0.02259787544608116,0.0005106640164740384,0.026805812492966652,-0.548611044883728,-0.547748863697052,1.0325177907943726
1699752.635302,199999.96875,-0.006136447191238403,3.765598376048729e-05,0.02555675245821476,-0.5489098429679871,-0.547748863697052,1.0537878274917603
1699752.6358725,199999.96875,0.010042903944849968,0.00010085992835229263,0.024233350530266762,-0.5492264628410339,-0.547748863697052,1.074000358581543
1699752.636169,199999.96875,0.02577797695994377,0.0006645040703006089,0.0228731632232666,-0.5495518445968628,-0.547748863697052,1.093161940574646
1699752.6504083,199999.96875,0.04091464355587959,0.0016740082064643502,0.02151409350335598,-0.5498769879341125,-0.547748863697052,1.1112792491912842
1699752.6506942,199999.96875,0.055308274924755096,0.0030590053647756577,0.020192813128232956,-0.5501931309700012,-0.550491988658905,1.1283601522445679
1699752.651131,199999.96875,0.06882506608963013,0.004736889153718948,0.01894332468509674,-0.550491988658905,-0.550491988658905,1.1444120407104492
1699752.6514052,199999.96875,0.08134319633245468,0.006616715341806412,0.017795637249946594,-0.55076664686203,-0.550491988658905,1.1594438552856445
1699752.6637731,199999.96875,0.09275375306606293,0.008603258058428764,0.016774728894233704,-0.55101078748703,-0.550491988658905,1.1734645366668701
1699752.6661143,199999.96875,0.10296176373958588,0.010601123794913292,0.015899717807769775,-0.5512201189994812,-0.550491988658905,1.186483383178711
1699752.666313,199999.96875,0.11188668012619019,0.012518629431724548,0.015183310024440289,-0.5513914823532104,-0.550491988658905,1.1985101699829102
1699752.6666546,199999.96875,0.11946307122707367,0.014271426014602184,0.014631559140980244,-0.5515235066413879,-0.550491988658905,1.209555983543396
1699752.6797724,199999.96875,0.12564091384410858,0.015785640105605125,0.014243881218135357,-0.551616370677948,-0.550491988658905,1.2196308374404907
1699752.6807284,199999.96875,0.13038572669029236,0.017000436782836914,0.014013350009918213,-0.5516713857650757,-0.550491988658905,1.2287460565567017
1699752.6816991,199999.96875,0.13367874920368195,0.01787000522017479,0.013927251100540161,-0.551692008972168,-0.550491988658905,1.2369136810302734
1699752.6820905,199999.96875,0.13551659882068634,0.01836474798619747,0.013967825099825859,-0.5516823530197144,-0.550491988658905,1.244145393371582
1699752.6944678,199999.96875,0.13591118156909943,0.018471848219633102,0.01411321759223938,-0.5516475439071655,-0.5516475439071655,1.2504539489746094
1699752.6961405,199999.96875,0.13488905131816864,0.018195057287812233,0.01433852780610323,-0.5515936613082886,-0.5516475439071655,1.2558521032333374
1699752.6965974,199999.96875,0.13249096274375916,0.01755385659635067,0.0146169513463974,-0.5515270233154297,-0.5516475439071655,1.2603524923324585
1699752.696822,199999.96875,0.12877114117145538,0.016582006588578224,0.01492096297442913,-0.5514543652534485,-0.5516475439071655,1.26396906375885
1699752.7134668,199999.96875,0.12379626929759979,0.01532551646232605,0.015223453752696514,-0.5513819456100464,-0.5516475439071655,1.2667150497436523
1699752.7160478,199999.96875,0.11764470487833023,0.013840277679264545,0.015498824417591095,-0.5513160824775696,-0.5516475439071655,1.2686052322387695
1699752.7164446,199999.96875,0.11040536314249039,0.012189343571662903,0.015723969787359238,-0.5512621998786926,-0.5516475439071655,1.2696533203125
1699752.717356,199999.96875,0.10217650979757309,0.010440039448440075,0.015879100188612938,-0.5512250661849976,-0.5516475439071655,1.2698745727539062
1699752.7271636,199999.96875,0.09306462854146957,0.008661024272441864,0.01594841480255127,-0.55120849609375,-0.5512466430664062,1.2692832946777344
1699752.7277661,199999.96875,0.08318307250738144,0.006919423583894968,0.015920575708150864,-0.5512151718139648,-0.5512466430664062,1.2678951025009155
1699752.7286363,199999.96875,0.07265077531337738,0.005278135184198618,0.015788977965712547,-0.5512466430664062,-0.5512466430664062,1.2657248973846436
1699752.7290523,199999.96875,0.06159089133143425,0.003793438198044896,0.015551802702248096,-0.5513033866882324,-0.5512466430664062,1.2627887725830078
1699752.7401091,199999.96875,0.05012940242886543,0.002512957202270627,0.015211899764835835,-0.5513847470283508,-0.5512466430664062,1.25910222530365
1699752.741199,199999.96875,0.038393788039684296,0.0014740830520167947,0.014776458963751793,-0.5514888763427734,-0.5512466430664062,1.2546812295913696
1699752.7421899,199999.96875,0.026511650532484055,0.0007028676336631179,0.01425652764737606,-0.5516132116317749,-0.5512466430664062,1.249541997909546
1699752.7432797,199999.96875,0.014609378762543201,0.00021343394473660737,0.013666391372680664,-0.551754355430603,-0.5512466430664062,1.2437009811401367
1699752.756185,199999.96875,0.002810877515003085,7.901032404333819e-06,0.013022838160395622,-0.5519083738327026,-0.5512466430664062,1.2371746301651
1699752.7566228,199999.96875,-0.00876366812735796,7.680188718950376e-05,0.01234437059611082,-0.5520707964897156,-0.5512466430664062,1.2299792766571045
1699752.7571043,199999.96875,-0.019998963922262192,0.0003999585169367492,0.01165035367012024,-0.5522367358207703,-0.5512466430664062,1.2221320867538452
1699752.7574976,199999.96875,-0.03078570030629635,0.0009477593703195453,0.010960198938846588,-0.5524018406867981,-0.5512466430664062,1.2136495113372803
1699752.7700864,199999.96875,-0.041021544486284256,0.0016827670624479651,0.010292540304362774,-0.5525615811347961,-0.5525615811347961,1.2045488357543945
1699752.7718255,199999.96875,-0.050612080842256546,0.002561582950875163,0.009664508514106274,-0.5527118444442749,-0.5525615811347961,1.1948468685150146
1699752.7741174,199999.96875,-0.059471577405929565,0.0035368683747947216,0.009091084823012352,-0.5528489947319031,-0.5525615811347961,1.184560775756836
1699752.7747538,199999.96875,-0.06752375513315201,0.004559457302093506,0.008584573864936829,-0.5529702305793762,-0.5525615811347961,1.1737077236175537
1699752.7873597,199999.96875,-0.07470230758190155,0.005580435041338205,0.00815419852733612,-0.5530732274055481,-0.5525615811347961,1.1623048782348633
1699752.7908174,199999.96875,-0.08095142990350723,0.0065531344152987,0.0078058564104139805,-0.5531565546989441,-0.5525615811347961,1.150369644165039
1699752.7910792,199999.96875,-0.08622612804174423,0.007434944622218609,0.007542008068412542,-0.5532196164131165,-0.5525615811347961,1.1379191875457764
1699752.7914249,199999.96875,-0.09049248695373535,0.008188891224563122,0.007361716125160456,-0.5532627105712891,-0.5525615811347961,1.12497079372406
1699752.8003616,199999.96875,-0.09372780472040176,0.008784902282059193,0.007260824553668499,-0.5532868504524231,-0.5525615811347961,1.111541748046875
1699752.8039297,199999.96875,-0.09592054039239883,0.009200749918818474,0.00723226135596633,-0.5532937049865723,-0.5532854795455933,1.097649335861206
1699752.8043777,199999.96875,-0.09707020223140717,0.009422625415027142,0.0072664422914385796,-0.5532854795455933,-0.5532854795455933,1.083310842514038
1699752.8053074,199999.96875,-0.09718718379735947,0.00944534968584776,0.007351770997047424,-0.5532650947570801,-0.5532854795455933,1.068543791770935
1699752.815858,199999.96875,-0.09629231691360474,0.00927221029996872,0.007475193589925766,-0.5532355308532715,-0.5532854795455933,1.0533647537231445
1699752.8161609,199999.96875,-0.0944165363907814,0.008914482779800892,0.0076227933168411255,-0.5532002449035645,-0.5532854795455933,1.0377912521362305
1699752.8165704,199999.96875,-0.09160027652978897,0.008390611037611961,0.007780393119901419,-0.5531625747680664,-0.5532854795455933,1.0218406915664673
1699752.817028,199999.96875,-0.08789287507534027,0.007725156843662262,0.007934142835438251,-0.5531257390975952,-0.5532854795455933,1.0055291652679443
1699752.8325823,199999.96875,-0.08335189521312714,0.00694753834977746,0.008071077056229115,-0.5530929565429688,-0.5532854795455933,0.988874614238739
1699752.8377861,199999.96875,-0.07804229110479355,0.006090599112212658,0.008179597556591034,-0.5530670881271362,-0.5532854795455933,0.9718931913375854
1699752.8389478,199999.96875,-0.07203559577465057,0.005189127288758755,0.008249901235103607,-0.5530502200126648,-0.5532854795455933,0.954602062702179
1699752.8408266,199999.96875,-0.06540914624929428,0.004278356675058603,0.008274286985397339,-0.5530444979667664,-0.5532854795455933,0.9370176196098328
1699752.8597226,199999.96875,-0.0582449734210968,0.003392476588487625,0.008247400633990765,-0.5530508756637573,-0.5530508756637573,0.9191563725471497
1699752.8615104,199999.96875,-0.05062900111079216,0.0025632954202592373,0.008166330866515636,-0.5530702471733093,-0.5530508756637573,0.9010348320007324
1699752.8618777,199999.96875,-0.042649976909160614,0.0018190204864367843,0.008030645549297333,-0.5531026721000671,-0.5530508756637573,0.8826693296432495
1699752.8623254,199999.96875,-0.03439856693148613,0.0011832615127786994,0.007842290215194225,-0.5531476736068726,-0.5530508756637573,0.8640759587287903
1699752.8752258,199999.96875,-0.025966307148337364,0.0006742490222677588,0.007605402264744043,-0.5532044172286987,-0.5530508756637573,0.8452705144882202
1699752.8790217,199999.96875,-0.017444685101509094,0.0003043170436285436,0.00732605904340744,-0.5532711744308472,-0.5530508756637573,0.8262689709663391
1699752.8802143,199999.96875,-0.008924168534576893,7.964079122757539e-05,0.007011938840150833,-0.5533464550971985,-0.5530508756637573,0.8070869445800781
1699752.8806272,199999.96875,-0.0004932730225846171,2.433182544336887e-07,0.006671935319900513,-0.5534276962280273,-0.5530508756637573,0.7877400517463684
1699752.8894434,199999.96875,0.007762283086776733,6.0253038100199774e-05,0.006315740291029215,-0.5535129308700562,-0.5530508756637573,0.7682433128356934
1699752.8910388,199999.96875,0.015760432928800583,0.0002483912685420364,0.005953413899987936,-0.5535996556282043,-0.5530508756637573,0.7486122250556946
1699752.8939557,199999.96875,0.02342352829873562,0.0005486616864800453,0.0055949492380023,-0.5536854863166809,-0.5536854863166809,0.7288613319396973
1699752.8946425,199999.96875,0.030679043382406235,0.000941203732509166,0.005249872803688049,-0.55376797914505,-0.5536854863166809,0.7090057134628296
1699752.9045046,199999.96875,0.03746024891734123,0.0014032702893018723,0.004926860332489014,-0.553845226764679,-0.5536854863166809,0.6890599131584167
1699752.9061063,199999.96875,0.0437067374587059,0.0019102789228782058,0.004633425734937191,-0.5539153814315796,-0.5536854863166809,0.6690379977226257
1699752.9082899,199999.96875,0.04936496540904045,0.0024368998128920794,0.0043756538070738316,-0.5539770126342773,-0.5536854863166809,0.6489542722702026
1699752.9087898,199999.96875,0.054388612508773804,0.0029581214766949415,0.004158011171966791,-0.5540291666984558,-0.5536854863166809,0.6288226246833801
1699752.9191882,199999.96875,0.058738965541124344,0.003450266318395734,0.003983229398727417,-0.5540709495544434,-0.5536854863166809,0.6086567044258118
1699752.9221277,199999.96875,0.062385112047195435,0.003891902044415474,0.003852266352623701,-0.5541023015975952,-0.5536854863166809,0.5884699821472168
1699752.9223326,199999.96875,0.06530412286520004,0.004264628980308771,0.0037643383257091045,-0.5541232824325562,-0.5536854863166809,0.5682757496833801
1699752.9225897,199999.96875,0.06748108565807343,0.004553697071969509,0.003717023879289627,-0.5541346669197083,-0.5536854863166809,0.548086941242218
1699752.9354869,199999.96875,0.0689091682434082,0.004748473409563303,0.0037064305506646633,-0.5541372299194336,-0.5541372299194336,0.5279162526130676
1699752.9356644,199999.96875,0.06958942115306854,0.004842687398195267,0.0037274155765771866,-0.5541321635246277,-0.5541372299194336,0.5077762603759766
1699752.9361266,199999.96875,0.06953065097332001,0.004834511782974005,0.003773846896365285,-0.5541210174560547,-0.5541372299194336,0.4876791834831238
1699752.9365653,199999.96875,0.06874918937683105,0.004726450890302658,0.003838894423097372,-0.5541055798530579,-0.5541372299194336,0.46763715147972107
1699752.9492544,199999.96875,0.0672684758901596,0.004525048192590475,0.003915338311344385,-0.5540871620178223,-0.5541372299194336,0.44766178727149963
1699752.9519011,199999.96875,0.06511876732110977,0.004240453243255615,0.003995878156274557,-0.5540679693222046,-0.5541372299194336,0.4277645945549011
1699752.953277,199999.96875,0.06233661249279976,0.00388585333712399,0.004073437303304672,-0.5540493726730347,-0.5541372299194336,0.40795692801475525
1699752.9541017,199999.96875,0.058964334428310394,0.0034767924807965755,0.004141437355428934,-0.5540331602096558,-0.5541372299194336,0.38824963569641113
1699752.9640385,199999.96875,0.05504951998591423,0.003030449850484729,0.0041940463706851006,-0.5540205836296082,-0.5541372299194336,0.3686535358428955
1699752.9654472,199999.96875,0.05064436048269272,0.0025648511946201324,0.00422638887539506,-0.5540127754211426,-0.5541372299194336,0.3491790294647217
1699752.9673644,199999.96875,0.045805055648088455,0.0020981032866984606,0.004234695341438055,-0.5540107488632202,-0.5540107488632202,0.32983630895614624
1699752.9677597,199999.96875,0.04059109091758728,0.0016476366436108947,0.004216416738927364,-0.5540151596069336,-0.5540107488632202,0.3106353282928467
1699752.979905,199999.96875,0.03506460040807724,0.0012295262422412634,0.004170270171016455,-0.5540263056755066,-0.5540107488632202,0.29158568382263184
1699752.9809651,199999.96875,0.02928963303565979,0.0008578825509175658,0.004096238408237696,-0.5540439486503601,-0.5540107488632202,0.27269673347473145
1699752.9812892,199999.96875,0.023331468924880028,0.0005443574627861381,0.003995516803115606,-0.5540679693222046,-0.5540107488632202,0.25397762656211853
1699752.9816843,199999.96875,0.017255881801247597,0.0002977654221467674,0.003870409680530429,-0.5540979504585266,-0.5540107488632202,0.23543715476989746
1699752.9954956,199999.96875,0.011128483340144157,0.0001238431577803567,0.003724187146872282,-0.5541329383850098,-0.5540107488632202,0.2170839011669159
1699752.9961328,199999.96875,0.005014020949602127,2.5140407160506584e-05,0.003560912562534213,-0.5541720390319824,-0.5540107488632202,0.1989261358976364
1699752.9966761,199999.96875,-0.001024274853989482,1.0491390867173322e-06,0.003385235322639346,-0.5542140007019043,-0.5540107488632202,0.18097183108329773
1699752.9969748,199999.96875,-0.006925307214260101,4.795987479155883e-05,0.0032021794468164444,-0.5542577505111694,-0.5540107488632202,0.16322879493236542
1699753.0114596,199999.96875,-0.012630711309611797,0.0001595348585397005,0.003016917733475566,-0.5543020963668823,-0.5543020963668823,0.14570435881614685
1699753.0117405,199999.96875,-0.018085390329360962,0.0003270813322160393,0.002834552200511098,-0.5543457865715027,-0.5543020963668823,0.12840577960014343
1699753.0120907,199999.96875,-0.023238033056259155,0.0005400062655098736,0.002659908263012767,-0.5543875694274902,-0.5543020963668823,0.1113399863243103
1699753.0123184,199999.96875,-0.02804156206548214,0.0007863291539251804,0.002497345209121704,-0.5544264912605286,-0.5543020963668823,0.09451355785131454
1699753.0252167,199999.96875,-0.032453518360853195,0.0010532308369874954,0.002350597409531474,-0.5544614791870117,-0.5543020963668823,0.07793285697698593
1699753.0269959,199999.96875,-0.036436427384614944,0.0013276131357997656,0.002222646726295352,-0.554492175579071,-0.5543020963668823,0.061603982001543045
1699753.0280013,199999.96875,-0.039958059787750244,0.0015966463834047318,0.0021156289149075747,-0.5545177459716797,-0.5543020963668823,0.04553275182843208
1699753.0286462,199999.96875,-0.04299166798591614,0.0018482835730537772,0.002030782401561737,-0.5545380711555481,-0.5543020963668823,0.029724696651101112
1699753.0412705,199999.96875,-0.045516155660152435,0.002071720315143466,0.0019684340804815292,-0.5545529127120972,-0.5543020963668823,0.014185106381773949
1699753.0435648,199999.96875,-0.047516148537397385,0.0022577843628823757,0.0019280228298157454,-0.5545627474784851,-0.5545673370361328,-0.0010810127714648843
1699753.0439467,199999.96875,-0.04898204281926155,0.002399240853264928,0.0019081583013758063,-0.5545673370361328,-0.5545673370361328,-0.016068916767835617
1699753.0441969,199999.96875,-0.04991000145673752,0.002491008024662733,0.001906712306663394,-0.5545676946640015,-0.5545673370361328,-0.03077412210404873
1699753.0538588,199999.96875,-0.05030186101794243,0.0025302774738520384,0.0019209375604987144,-0.554564356803894,-0.5545673370361328,-0.0451924093067646
1699753.0556376,199999.96875,-0.05016495659947395,0.0025165225379168987,0.0019476028392091393,-0.5545579791069031,-0.5545673370361328,-0.059319816529750824
1699753.0560571,199999.96875,-0.04951199144124985,0.0024514372926205397,0.0019831466488540173,-0.554549515247345,-0.5545673370361328,-0.07315264642238617
1699753.0568447,199999.96875,-0.04836072772741318,0.0023387602996081114,0.0020238354336470366,-0.554539680480957,-0.5545673370361328,-0.08668744564056396
1699753.0698575,199999.96875,-0.04673374816775322,0.0021840434055775404,0.0020659237634390593,-0.5545296669006348,-0.5545673370361328,-0.09992101043462753
1699753.0723486,199999.96875,-0.044658076018095016,0.001994343474507332,0.0021058055572211742,-0.5545201301574707,-0.5545673370361328,-0.11285040527582169
1699753.0728149,199999.96875,-0.042164821177721024,0.0017778720939531922,0.002140158088877797,-0.5545119047164917,-0.5545673370361328,-0.12547294795513153
1699753.0738827,199999.96875,-0.03928875923156738,0.0015436066314578056,0.0021660621277987957,-0.5545057058334351,-0.5545673370361328,-0.1377861201763153
1699753.1013685,199999.96875,-0.036067914217710495,0.0013008944224566221,0.002181106712669134,-0.5545021891593933,-0.5545021891593933,-0.1497877538204193
1699753.1021674,199999.96875,-0.032543063163757324,0.001059051021002233,0.0021834634244441986,-0.5545015335083008,-0.5545021891593933,-0.16147589683532715
1699753.1025501,199999.96875,-0.028757279738783836,0.0008269812096841633,0.0021719380747526884,-0.5545042753219604,-0.5545021891593933,-0.17284877598285675
1699753.1029554,199999.96875,-0.024755418300628662,0.0006128307431936264,0.002145988866686821,-0.5545104742050171,-0.5545021891593933,-0.18390488624572754
1699753.1147422,199999.96875,-0.020583625882864,0.000423685647547245,0.0021057247649878263,-0.5545201301574707,-0.5545021891593933,-0.19464297592639923
1699753.1152577,199999.96875,-0.01628882624208927,0.0002653258270584047,0.0020518689416348934,-0.5545330047607422,-0.5545021891593933,-0.2050619125366211
1699753.1158493,199999.96875,-0.011918214149773121,0.00014204384933691472,0.0019857040606439114,-0.5545489192008972,-0.5545021891593933,-0.21516096591949463
1699753.1161011,199999.96875,-0.007518771104514599,5.6531920563429594e-05,0.0019089968409389257,-0.5545672178268433,-0.5545021891593933,-0.2249395102262497
1699753.1289732,199999.96875,-0.003136776387691498,9.839364793151617e-06,0.0018239011988043785,-0.5545875430107117,-0.5545021891593933,-0.2343970537185669
1699753.1301356,199999.96875,0.0011826648842543364,1.3986962130729808e-06,0.0017328551039099693,-0.5546092987060547,-0.5545021891593933,-0.24353353679180145
1699753.1319363,199999.96875,0.005396058317273855,2.9117445592419244e-05,0.0016384681221097708,-0.5546320080757141,-0.5546320080757141,-0.2523488402366638
1699753.1321769,199999.96875,0.009461936540901661,8.952825010055676e-05,0.0015434048837050796,-0.554654598236084,-0.5546320080757141,-0.2608433663845062
1699753.1459167,199999.96875,0.013341246172785759,0.0001779888552846387,0.001450274488888681,-0.55467689037323,-0.5546320080757141,-0.26901739835739136
1699753.1462954,199999.96875,0.01699770987033844,0.000288922106847167,0.0013615237548947334,-0.5546981692314148,-0.5546320080757141,-0.27687162160873413
1699753.1465963,199999.96875,0.020398136228322983,0.00041608395986258984,0.0012793445494025946,-0.5547178387641907,-0.5546320080757141,-0.284406840801239
1699753.1468274,199999.96875,0.0235127005726099,0.0005528470501303673,0.0012055924162268639,-0.5547354817390442,-0.5546320080757141,-0.2916240692138672
1699753.1599079,199999.96875,0.026315173134207726,0.0006924883346073329,0.0011417251080274582,-0.5547507405281067,-0.5546320080757141,-0.29852452874183655
1699753.1603049,199999.96875,0.028783133253455162,0.000828468706458807,0.001088758697733283,-0.5547634959220886,-0.5546320080757141,-0.305109441280365
1699753.1605869,199999.96875,0.030898109078407288,0.0009546930668875575,0.001047243713401258,-0.5547733306884766,-0.5546320080757141,-0.311380535364151
1699753.1608153,199999.96875,0.03264569118618965,0.0010657410603016615,0.0010172612965106964,-0.5547804832458496,-0.5546320080757141,-0.31733936071395874
1699753.1752252,199999.96875,0.034015584737062454,0.001157060032710433,0.0009984405478462577,-0.5547850728034973,-0.5547850728034973,-0.32298794388771057
1699753.1765031,199999.96875,0.03500162810087204,0.001225113868713379,0.0009899900760501623,-0.5547870397567749,-0.5547850728034973,-0.32832828164100647
1699753.1768058,199999.96875,0.03560181334614754,0.0012674890458583832,0.0009907493367791176,-0.5547868609428406,-0.5547850728034973,-0.33336251974105835
1699753.1772143,199999.96875,0.035818129777908325,0.0012829384068027139,0.0009992504492402077,-0.5547847747802734,-0.5547850728034973,-0.3380930423736572
1699753.1894932,199999.96875,0.035656560212373734,0.0012713901232928038,0.0010137909557670355,-0.5547813177108765,-0.5547850728034973,-0.3425224721431732
1699753.1916454,199999.96875,0.03512684628367424,0.0012338953092694283,0.001032513566315174,-0.5547769665718079,-0.5547850728034973,-0.3466533124446869
1699753.1919943,199999.96875,0.03424236178398132,0.001172539428807795,0.0010534875327721238,-0.554771900177002,-0.5547850728034973,-0.3504883646965027
1699753.1923103,199999.96875,0.03301988169550896,0.0010903127258643508,0.0010747909545898438,-0.554766833782196,-0.5547850728034973,-0.3540307581424713
1699753.2050739,199999.96875,0.03147932142019272,0.0009909477084875107,0.0010945890098810196,-0.554762065410614,-0.5547552108764648,-0.3572832942008972
1699753.2057772,199999.96875,0.029643487185239792,0.0008787362603470683,0.0011112045031040907,-0.5547580718994141,-0.5547552108764648,-0.36024942994117737
1699753.2063144,199999.96875,0.027537768706679344,0.0007583287660963833,0.0011231803800910711,-0.5547552108764648,-0.5547552108764648,-0.3629322946071625
1699753.2067297,199999.96875,0.025189802050590515,0.0006345261936075985,0.0011293292045593262,-0.5547536611557007,-0.5547552108764648,-0.3653353750705719
1699753.2190815,199999.96875,0.022629166021943092,0.0005120791611261666,0.0011287707602605224,-0.5547537803649902,-0.5547552108764648,-0.36746224761009216
1699753.2214572,199999.96875,0.019887011498212814,0.00039549326174892485,0.0011209541698917747,-0.554755687713623,-0.5547552108764648,-0.36931657791137695
1699753.2217911,199999.96875,0.016995713114738464,0.00028885426581837237,0.0011056665098294616,-0.5547593832015991,-0.5547552108764648,-0.3709021508693695
1699753.2220874,199999.96875,0.01398850791156292,0.00019567836716305465,0.0010830279206857085,-0.5547647476196289,-0.5547552108764648,-0.37222281098365784
1699753.2357736,199999.96875,0.01089912373572588,0.00011879089288413525,0.0010534707689657807,-0.554771900177002,-0.5547552108764648,-0.3732825815677643
1699753.2369649,199999.96875,0.007761429063975811,6.0239777667447925e-05,0.0010177098447456956,-0.5547803640365601,-0.5547552108764648,-0.37408551573753357
1699753.2371399,199999.96875,0.004609073046594858,2.1243555238470435e-05,0.000976700335741043,-0.5547903180122375,-0.5547552108764648,-0.3746356964111328
1699753.2373014,199999.96875,0.001475138938985765,2.1760347408417147e-06,0.0009315881761722267,-0.5548009872436523,-0.5547552108764648,-0.3749374747276306
1699753.2513527,199999.96875,-0.0016081839567050338,2.5862555048661307e-06,0.0008836550405249,-0.5548124313354492,-0.5548124313354492,-0.3749951720237732
1699753.2522331,199999.96875,-0.0046099163591861725,2.1251331418170594e-05,0.0008342599612660706,-0.5548243522644043,-0.5548124313354492,-0.3748130798339844
1699753.2527427,199999.96875,-0.007500586565583944,5.6258799304487184e-05,0.000784779607784003,-0.5548361539840698,-0.5548124313354492,-0.37439578771591187
1699753.2554359,199999.96875,-0.010252502746880054,0.00010511381697142497,0.000736551359295845,-0.5548477172851562,-0.5548124313354492,-0.3737477660179138
1699753.2641016,199999.96875,-0.01284000277519226,0.00016486567619722337,0.0006908199866302311,-0.5548585653305054,-0.5548124313354492,-0.3728736937046051
1699753.2648782,199999.96875,-0.015239683911204338,0.00023224795586429536,0.0006486897473223507,-0.5548686981201172,-0.5548124313354492,-0.3717781603336334
1699753.2667227,199999.96875,-0.017430583015084267,0.00030382521799765527,0.0006110853282734752,-0.5548776388168335,-0.5548124313354492,-0.3704659044742584
1699753.2678225,199999.96875,-0.019394362345337868,0.0003761413099709898,0.0005787213449366391,-0.5548853874206543,-0.5548124313354492,-0.3689417243003845
1699753.2796172,199999.96875,-0.021115422248840332,0.00044586104922927916,0.000552081037312746,-0.5548918843269348,-0.5548124313354492,-0.36721038818359375
1699753.2838111,199999.96875,-0.022581031545996666,0.0005099030095152557,0.0005314069567248225,-0.5548967123031616,-0.5548124313354492,-0.36527690291404724
1699753.2855234,199999.96875,-0.023781364783644676,0.0005655533750541508,0.000516700092703104,-0.5549003481864929,-0.5549003481864929,-0.36314600706100464
1699753.2859772,199999.96875,-0.02470957674086094,0.0006105632637627423,0.0005077304085716605,-0.5549024343490601,-0.5549003481864929,-0.36082276701927185
1699753.2950435,199999.96875,-0.025361787527799606,0.0006432202644646168,0.0005040552350692451,-0.5549033284187317,-0.5549003481864929,-0.35831207036972046
1699753.2966042,199999.96875,-0.025737076997756958,0.0006623971275985241,0.0005050464533269405,-0.5549030303955078,-0.5549003481864929,-0.35561904311180115
1699753.2980039,199999.96875,-0.025837402790784836,0.000667571381200105,0.0005099242553114891,-0.5549018979072571,-0.5549003481864929,-0.3527485728263855
1699753.2983808,199999.96875,-0.02566755935549736,0.0006588235264644027,0.0005177942221052945,-0.554900050163269,-0.5549003481864929,-0.3497057855129242
1699753.3102676,199999.96875,-0.025235027074813843,0.0006368065951392055,0.0005276895244605839,-0.554897665977478,-0.5549003481864929,-0.34649571776390076
1699753.3104923,199999.96875,-0.02454986795783043,0.0006026959745213389,0.0005386127158999443,-0.5548951029777527,-0.5549003481864929,-0.34312352538108826
1699753.3112616,199999.96875,-0.023624548688530922,0.0005581192672252655,0.0005495783989317715,-0.5548924207687378,-0.5549003481864929,-0.3395942151546478
1699753.3123366,199999.96875,-0.02247377298772335,0.0005050704930908978,0.0005596517585217953,-0.5548900365829468,-0.5549003481864929,-0.33591288328170776
1699753.3399379,199999.96875,-0.021114259958267212,0.00044581195106729865,0.0005679855821654201,-0.5548880696296692,-0.5548880696296692,-0.3320848047733307
1699753.3410695,199999.96875,-0.019564563408493996,0.00038277212297543883,0.0005738505278714001,-0.5548866391181946,-0.5548880696296692,-0.3281148374080658
1699753.3429606,199999.96875,-0.0178447924554348,0.00031843659235164523,0.0005766594549641013,-0.5548858642578125,-0.5548880696296692,-0.3240082263946533
1699753.3435226,199999.96875,-0.01597641035914421,0.00025524565717205405,0.0005759859341196716,-0.5548861622810364,-0.5548880696296692,-0.31977009773254395
1699753.3549365,199999.96875,-0.013981970958411694,0.000195495507796295,0.0005715742590837181,-0.5548871755599976,-0.5548880696296692,-0.3154055178165436
1699753.3553539,199999.96875,-0.011884842999279499,0.0001412494748365134,0.0005633422988466918,-0.5548890829086304,-0.5548880696296692,-0.31091946363449097
1699753.3555975,199999.96875,-0.009708976373076439,9.426422184333205e-05,0.0005513777723535895,-0.5548919439315796,-0.5548880696296692,-0.30631718039512634
1699753.3557632,199999.96875,-0.007478624582290649,5.592982051894069e-05,0.000535926956217736,-0.5548956990242004,-0.5548880696296692,-0.3016034960746765
1699753.3704927,199999.96875,-0.005218090023845434,2.7228463295614347e-05,0.0005173776298761368,-0.554900050163269,-0.5548880696296692,-0.29678359627723694
1699753.3707282,199999.96875,-0.0029514729976654053,8.711193913768511e-06,0.0004962370730936527,-0.5549052357673645,-0.5549106597900391,-0.291862428188324
1699753.3716547,199999.96875,-0.000702422927133739,4.933979766974517e-07,0.00047310575610026717,-0.5549106597900391,-0.5549106597900391,-0.2868449091911316
1699753.3718391,199999.96875,0.0015060966834425926,2.2683270799461752e-06,0.0004486488178372383,-0.5549165606498718,-0.5549106597900391,-0.2817361354827881
1699753.3845569,199999.96875,0.0036520324647426605,1.3337342352315318e-05,0.00042356582707725465,-0.5549225807189941,-0.5549106597900391,-0.2765409052371979
1699753.3849549,199999.96875,0.005714450031518936,3.2654934329912066e-05,0.0003985601360909641,-0.5549286007881165,-0.5549106597900391,-0.2712640166282654
1699753.3852557,199999.96875,0.007673731539398432,5.8886151236947626e-05,0.0003743100387509912,-0.5549343824386597,-0.5549106597900391,-0.2659105360507965
1699753.3854655,199999.96875,0.009511743672192097,9.047325875144452e-05,0.0003514416457619518,-0.5549397468566895,-0.5549106597900391,-0.26048508286476135
1699753.4008181,199999.96875,0.011211998760700226,0.00012570891703944653,0.00033050496131181717,-0.5549448132514954,-0.5549106597900391,-0.25499242544174194
1699753.4012661,199999.96875,0.012759797275066376,0.00016281241551041603,0.00031195502378977835,-0.5549492835998535,-0.5549106597900391,-0.24943740665912628
1699753.4015458,199999.96875,0.014142331667244434,0.00020000555377919227,0.0002961361315101385,-0.5549529790878296,-0.5549106597900391,-0.2438245713710785
1699753.401874,199999.96875,0.015348781831562519,0.00023558510292787105,0.0002832731115631759,-0.5549561381340027,-0.5549106597900391,-0.23815862834453583
1699753.4152165,199999.96875,0.016370391473174095,0.0002679897006601095,0.00027346634306013584,-0.5549585223197937,-0.5549585223197937,-0.23244409263134003
1699753.4156253,199999.96875,0.01720050536096096,0.0002958573750220239,0.00026669297949410975,-0.5549601316452026,-0.5549585223197937,-0.22668549418449402
1699753.4168835,199999.96875,0.017834600061178207,0.0003180729690939188,0.000262812856817618,-0.5549610257148743,-0.5549585223197937,-0.22088734805583954
1699753.4171876,199999.96875,0.01827028952538967,0.00033380347304046154,0.00026157908723689616,-0.5549613833427429,-0.5549585223197937,-0.215053990483284
1699753.4298723,199999.96875,0.01850729249417782,0.0003425198665354401,0.0002626523782964796,-0.554961085319519,-0.5549585223197937,-0.20918981730937958
1699753.4303217,199999.96875,0.01854739524424076,0.00034400587901473045,0.00026561893173493445,-0.5549604296684265,-0.5549585223197937,-0.20329909026622772
1699753.4312717,199999.96875,0.01839439570903778,0.0003383538278285414,0.0002700101467780769,-0.5549592971801758,-0.5549585223197937,-0.19738610088825226
1699753.4317079,199999.96875,0.018054017797112465,0.0003259475342929363,0.0002753243315964937,-0.5549580454826355,-0.5549585223197937,-0.1914549618959427
1699753.4471563,199999.96875,0.01753379963338375,0.00030743415118195117,0.0002810481528285891,-0.5549567341804504,-0.5549585223197937,-0.18550977110862732
1699753.4482903,199999.96875,0.016842996701598167,0.0002836865314748138,0.0002866783179342747,-0.5549553036689758,-0.5549540519714355,-0.17955465614795685
1699753.449232,199999.96875,0.01599242351949215,0.00025575762265361845,0.00029174177325330675,-0.5549540519714355,-0.5549540519714355,-0.17359347641468048
1699753.4496139,199999.96875,0.014994338154792786,0.0002248301898362115,0.0002958133409265429,-0.5549530982971191,-0.5549540519714355,-0.1676301658153534
1699753.4591222,199999.96875,0.013862264342606068,0.00019216239161323756,0.0002985314349643886,-0.5549525022506714,-0.5549540519714355,-0.16166862845420837
1699753.4602011,199999.96875,0.01261082012206316,0.00015903280291240662,0.00029960981919430196,-0.5549521446228027,-0.5549540519714355,-0.1557125598192215
1699753.4616746,199999.96875,0.01125556230545044,0.00012668766430579126,0.00029884622199460864,-0.5549524426460266,-0.5549540519714355,-0.14976565539836884
1699753.4621439,199999.96875,0.009812787175178528,9.629080159356818e-05,0.0002961271384265274,-0.5549529790878296,-0.5549540519714355,-0.14383156597614288
1699753.4750527,199999.96875,0.008299353532493114,6.887926429044455e-05,0.0002914282085839659,-0.5549542307853699,-0.5549540519714355,-0.1379137933254242
1699753.4754256,199999.96875,0.006732492707669735,4.5326461986405775e-05,0.00028481188928708434,-0.554955780506134,-0.5549540519714355,-0.13201582431793213
1699753.4757022,199999.96875,0.005129626952111721,2.6313073249184527e-05,0.00027642090572044253,-0.5549577474594116,-0.5549540519714355,-0.12614107131958008
1699753.4759739,199999.96875,0.003508177353069186,1.2307308679737616e-05,0.0002664690255187452,-0.5549601316452026,-0.5549540519714355,-0.12029284238815308
1699753.489473,199999.96875,0.0018853852525353432,3.554677505235304e-06,0.00025522903888486326,-0.5549629330635071,-0.5549629330635071,-0.114474356174469
1699753.4911749,199999.96875,0.00027814111672341824,7.736247198408819e-08,0.00024301931262016296,-0.5549657940864563,-0.5549629330635071,-0.10868880897760391
1699753.4917007,199999.96875,-0.0012971885735169053,1.6826983255668893e-06,0.0002301885688211769,-0.5549688339233398,-0.5549629330635071,-0.10293927043676376
1699753.492077,199999.96875,-0.00282491696998477,7.98015662439866e-06,0.00021710022701881826,-0.5549719929695129,-0.5549629330635071,-0.09722872823476791
1699753.5061422,199999.96875,-0.004290187265723944,1.8405708033242263e-05,0.00020411692094057798,-0.5549750328063965,-0.5549629330635071,-0.09156011044979095
1699753.5074264,199999.96875,-0.005679106805473566,3.22522537317127e-05,0.00019158548093400896,-0.55497807264328,-0.5549629330635071,-0.0859362930059433
1699753.5076956,199999.96875,-0.006978874560445547,4.870468910667114e-05,0.00017982344434130937,-0.5549809336662292,-0.5549629330635071,-0.0803600326180458
1699753.5080242,199999.96875,-0.008177883923053741,6.687778659397736e-05,0.00016910707927308977,-0.5549834370613098,-0.5549629330635071,-0.07483397424221039
1699753.5200257,199999.96875,-0.009265829809010029,8.585560135543346e-05,0.000159661824000068,-0.5549857020378113,-0.5549629330635071,-0.06936077773571014
1699753.5227332,199999.96875,-0.010233772918581963,0.00010473011207068339,0.00015165501099545509,-0.5549876093864441,-0.5549629330635071,-0.06394293159246445
1699753.5238009,199999.96875,-0.011074213311076164,0.0001226381864398718,0.00014519153046421707,-0.5549891591072083,-0.5549891591072083,-0.05858288332819939
1699753.5243968,199999.96875,-0.011781139299273491,0.00013879523612558842,0.0001403119822498411,-0.554990291595459,-0.5549891591072083,-0.05328299477696419
1699753.5358357,199999.96875,-0.012350047938525677,0.00015252370212692767,0.00013699375267606229,-0.5549911260604858,-0.5549891591072083,-0.04804554581642151
1699753.5364122,199999.96875,-0.012777967378497124,0.0001632764469832182,0.00013515434693545103,-0.554991602897644,-0.5549891591072083,-0.04287274554371834
1699753.5369878,199999.96875,-0.013063458725810051,0.0001706539624137804,0.00013465752999763936,-0.5549917221069336,-0.5549891591072083,-0.03776668757200241
1699753.5378022,199999.96875,-0.01320658903568983,0.00017441398813389242,0.0001353207917418331,-0.5549915432929993,-0.5549891591072083,-0.032729435712099075
1699753.5515229,199999.96875,-0.013208898715674877,0.00017447498976252973,0.0001369250239804387,-0.5549911260604858,-0.5549891591072083,-0.02776292897760868
1699753.5517947,199999.96875,-0.013073367066681385,0.00017091291374526918,0.00013922469224780798,-0.5549905896186829,-0.5549891591072083,-0.022869041189551353
1699753.5524342,199999.96875,-0.012804332189261913,0.000163950928254053,0.0001419591426383704,-0.5549899935722351,-0.5549891591072083,-0.0180495735257864
1699753.5528523,199999.96875,-0.012407435104250908,0.00015394444926641881,0.00014486380678135902,-0.554989218711853,-0.5549891591072083,-0.013306237757205963
1699753.5789314,199999.96875,-0.011889521963894367,0.00014136075333226472,0.0001476811448810622,-0.5549885630607605,-0.5549885630607605,-0.008640669286251068
1699753.5802842,199999.96875,-0.011258547194302082,0.00012675486505031586,0.00015017087571322918,-0.554987907409668,-0.5549885630607605,-0.004054423421621323
1699753.5827888,199999.96875,-0.010523473843932152,0.00011074349458795041,0.0001521190133644268,-0.5549874305725098,-0.5549885630607605,0.00045102121657691896
1699753.5832775,199999.96875,-0.009694154374301434,9.397663961863145e-05,0.00015334544877987355,-0.5549872517585754,-0.5549885630607605,0.00487426808103919
1699753.594193,199999.96875,-0.008781212382018566,7.710968930041417e-05,0.000153709901496768,-0.5549871325492859,-0.5549885630607605,0.00921399425715208
1699753.5952695,199999.96875,-0.0077959089539945126,6.0776201280532405e-05,0.00015311595052480698,-0.5549872517585754,-0.5549885630607605,0.01346895657479763
1699753.5956509,199999.96875,-0.006750023458153009,4.5562821469502524e-05,0.0001515130279585719,-0.5549877285957336,-0.5549885630607605,0.017637992277741432
1699753.5959476,199999.96875,-0.005655709654092789,3.198705235263333e-05,0.00014889654994476587,-0.5549882650375366,-0.5549885630607605,0.021720001474022865
1699753.6103341,199999.96875,-0.004525369964540005,2.0478973965509795e-05,0.0001453059958294034,-0.5549891591072083,-0.5549915432929993,0.025713974609971046
1699753.6105588,199999.96875,-0.0033715132158249617,1.136710216087522e-05,0.00014082164852879941,-0.5549901723861694,-0.5549915432929993,0.029618963599205017
1699753.610898,199999.96875,-0.0022066279780119658,4.8692077143641654e-06,0.0001355592394247651,-0.5549915432929993,-0.5549915432929993,0.03343411162495613
1699753.6110933,199999.96875,-0.0010430524125695229,1.087958253265242e-06,0.0001296638511121273,-0.5549929738044739,-0.5549915432929993,0.03715861961245537
1699753.6242002,199999.96875,0.00010715201642597094,1.1481553485737095e-08,0.0001233026123372838,-0.5549944043159485,-0.5549915432929993,0.04079174995422363
1699753.626811,199999.96875,0.0012323189293965697,1.5186100199571229e-06,0.00011665691999951378,-0.5549960136413574,-0.5549915432929993,0.044332873076200485
1699753.6273505,199999.96875,0.0023212905507534742,5.388390036387136e-06,0.00010991428280249238,-0.5549976229667664,-0.5549915432929993,0.04778139665722847
1699753.6275469,199999.96875,0.003363521071150899,1.1313274626445491e-05,0.00010326043411623687,-0.5549992322921753,-0.5549915432929993,0.051136814057826996
1699753.6412391,199999.96875,0.004349175840616226,1.89153306564549e-05,9.68716703937389e-05,-0.5550006628036499,-0.5549915432929993,0.05439867451786995
1699753.6417783,199999.96875,0.0052692168392241,2.776464680209756e-05,9.09080117708072e-05,-0.5550020933151245,-0.5549915432929993,0.05756661295890808
1699753.6421565,199999.96875,0.006115478929132223,3.73990842490457e-05,8.550730854040012e-05,-0.5550034642219543,-0.5549915432929993,0.06064031645655632
1699753.6424951,199999.96875,0.006880736444145441,4.734453250421211e-05,8.078046084847301e-05,-0.5550045967102051,-0.5549915432929993,0.06361953169107437
1699753.6546013,199999.96875,0.007558760698884726,5.7134864619001746e-05,7.68080135458149e-05,-0.5550055503845215,-0.5550055503845215,0.0665040984749794
1699753.6560326,199999.96875,0.008144360966980457,6.633062002947554e-05,7.363802433246747e-05,-0.5550063252449036,-0.5550055503845215,0.06929389387369156
1699753.6564508,199999.96875,0.008633412420749664,7.453581929439679e-05,7.128550350898877e-05,-0.5550068616867065,-0.5550055503845215,0.07198884338140488
1699753.6567135,199999.96875,0.009022889658808708,8.141253783833236e-05,6.973309064051136e-05,-0.55500727891922,-0.5550055503845215,0.07458899170160294
1699753.668896,199999.96875,0.009310859255492687,8.66921036504209e-05,6.893317913636565e-05,-0.5550073385238647,-0.5550055503845215,0.07709439843893051
1699753.6706848,199999.96875,0.009496483020484447,9.018318814923987e-05,6.881102308398113e-05,-0.5550074577331543,-0.5550055503845215,0.07950516790151596
1699753.6710017,199999.96875,0.009580004028975964,9.177647007163614e-05,6.926896458026022e-05,-0.5550073385238647,-0.5550055503845215,0.08182152360677719
1699753.6712858,199999.96875,0.009562723338603973,9.14456759346649e-05,7.019135955488309e-05,-0.5550071597099304,-0.5550055503845215,0.08404366672039032
1699753.6847233,199999.96875,0.009446961805224419,8.924507710617036e-05,7.144999835873023e-05,-0.5550068020820618,-0.5550055503845215,0.08617192506790161
1699753.6856382,199999.96875,0.009236006066203117,8.530381455784664e-05,7.290991197805852e-05,-0.5550063848495483,-0.5550055503845215,0.08820663392543793
1699753.687215,199999.96875,0.00893407128751278,7.981764065334573e-05,7.44351782486774e-05,-0.5550060272216797,-0.5550060272216797,0.0901482105255127
1699753.6874722,199999.96875,0.008546218276023865,7.30378451407887e-05,7.589439337607473e-05,-0.5550057291984558,-0.5550060272216797,0.09199712425470352
1699753.6997141,199999.96875,0.008078302256762981,6.525897333631292e-05,7.716591790085658e-05,-0.5550054311752319,-0.5550060272216797,0.09375385195016861
1699753.7008857,199999.96875,0.007536876015365124,5.680449976352975e-05,7.814240962034091e-05,-0.5550052523612976,-0.5550060272216797,0.09541896730661392
1699753.7023123,199999.96875,0.006929123308509588,4.801275281351991e-05,7.873453432694077e-05,-0.5550050735473633,-0.5550060272216797,0.09699306637048721
1699753.7026834,199999.96875,0.006262756884098053,3.922211908502504e-05,7.887394167482853e-05,-0.5550049543380737,-0.5550060272216797,0.09847681224346161
1699753.7150862,199999.96875,0.005545941647142172,3.0757470085518435e-05,7.851499685784802e-05,-0.5550050735473633,-0.5550060272216797,0.09987092018127441
1699753.7164953,199999.96875,0.004787184298038483,2.2917132810107432e-05,7.763578469166532e-05,-0.5550053715705872,-0.5550060272216797,0.10117610543966293
1699753.7167037,199999.96875,0.0039952537044882774,1.5962050383677706e-05,7.623791316291317e-05,-0.5550057291984558,-0.5550060272216797,0.10239315032958984
1699753.717096,199999.96875,0.003179070772603154,1.0106491572514642e-05,7.434544386342168e-05,-0.555006206035614,-0.5550060272216797,0.10352291911840439
1699753.7314349,199999.96875,0.002347620204091072,5.511320978257572e-06,7.200291292974725e-05,-0.5550066828727722,-0.5550066828727722,0.10456623882055283
1699753.7329765,199999.96875,0.0015098542207852006,2.2796600660512922e-06,6.927258800715208e-05,-0.5550073385238647,-0.5550066828727722,0.10552402585744858
1699753.7332103,199999.96875,0.0006745983846485615,4.5508295443141833e-07,6.623122317250818e-05,-0.5550081133842468,-0.5550066828727722,0.10639724880456924
1699753.733406,199999.96875,-0.0001495346223236993,2.2360604035043252e-08,6.296613719314337e-05,-0.5550087690353394,-0.5550066828727722,0.10718685388565063
1699753.7466387,199999.96875,-0.0009542317129671574,9.105581852963951e-07,5.957127359579317e-05,-0.555009663105011,-0.5550066828727722,0.10789388418197632
1699753.7471902,199999.96875,-0.00173155905213207,2.998296622536145e-06,5.614295878331177e-05,-0.5550104975700378,-0.5550066828727722,0.10851939767599106
1699753.7474794,199999.96875,-0.0024740356020629406,6.120852049207315e-06,5.2775878430111334e-05,-0.5550112724304199,-0.5550066828727722,0.10906444489955902
1699753.7477318,199999.96875,-0.0031747031025588512,1.0078741070174146e-05,4.955918848281726e-05,-0.555012047290802,-0.5550066828727722,0.10953018814325333
1699753.7620543,199999.96875,-0.003827183973044157,1.4647337593487464e-05,4.657311365008354e-05,-0.5550127029418945,-0.5550139546394348,0.10991772264242172
1699753.7630776,199999.96875,-0.0044257380068302155,1.958715438377112e-05,4.3885975173907354e-05,-0.5550134778022766,-0.5550139546394348,0.11022826284170151
1699753.7637159,199999.96875,-0.0049653081223368645,2.465428588038776e-05,4.155184797127731e-05,-0.5550139546394348,-0.5550139546394348,0.110462985932827
1699753.7641052,199999.96875,-0.0054415566846728325,2.961053905892186e-05,3.9608956285519525e-05,-0.555014431476593,-0.5550139546394348,0.11062312126159668
1699753.7756922,199999.96875,-0.005850896239280701,3.423299131100066e-05,3.80787460017018e-05,-0.5550147891044617,-0.5550139546394348,0.11070995032787323
1699753.7763584,199999.96875,-0.0061905113980174065,3.832243237411603e-05,3.6965666367905214e-05,-0.5550150871276855,-0.5550139546394348,0.11072472482919693
1699753.7769683,199999.96875,-0.0064583695493638515,4.1710532968863845e-05,3.6257679312257096e-05,-0.5550152659416199,-0.5550139546394348,0.11066875606775284
1699753.7778216,199999.96875,-0.006653228309005499,4.426544182933867e-05,3.5927467251894996e-05,-0.5550153851509094,-0.5550139546394348,0.11054335534572601
1699753.788871,199999.96875,-0.006774628069251776,4.58955873909872e-05,3.5934121115133166e-05,-0.5550153851509094,-0.5550139546394348,0.1103498786687851
1699753.790951,199999.96875,-0.006822883151471615,4.6551733248634264e-05,3.6225414078217e-05,-0.5550152659416199,-0.5550139546394348,0.11008968204259872
1699753.7916233,199999.96875,-0.0067990622483193874,4.622724372893572e-05,3.6740377254318446e-05,-0.5550150871276855,-0.5550139546394348,0.10976413637399673
1699753.7921411,199999.96875,-0.006704956293106079,4.495644316193648e-05,3.741217005881481e-05,-0.555014967918396,-0.5550139546394348,0.10937462747097015
1699753.8190239,199999.96875,-0.006543050054460764,4.2811501771211624e-05,3.817101242020726e-05,-0.5550147891044617,-0.5550147891044617,0.10892260074615479
1699753.8201786,199999.96875,-0.006316479295492172,3.98979100282304e-05,3.894721157848835e-05,-0.5550146102905273,-0.5550147891044617,0.10840944945812225
1699753.8208766,199999.96875,-0.006028985138982534,3.634866516222246e-05,3.9673952414887026e-05,-0.555014431476593,-0.5550147891044617,0.10783664137125015
1699753.8224685,199999.96875,-0.0056848591193556786,3.231762093491852e-05,4.0289934986503795e-05,-0.5550143122673035,-0.5550147891044617,0.1072055920958519
1699753.8345394,199999.96875,-0.005288891494274139,2.797237175400369e-05,4.0741608245298266e-05,-0.5550141334533691,-0.5550147891044617,0.10651777684688568
1699753.8349869,199999.96875,-0.004846309777349234,2.3486718419007957e-05,4.0985083614941686e-05,-0.5550140142440796,-0.5550147891044617,0.1057746633887291
1699753.8359116,199999.96875,-0.0043627112172544,1.903324664453976e-05,4.098744102520868e-05,-0.5550140142440796,-0.5550147891044617,0.10497774928808212
1699753.8360625,199999.96875,-0.0038440003991127014,1.4776339412492234e-05,4.072767842444591e-05,-0.5550141334533691,-0.5550147891044617,0.10412847995758057
1699753.8500397,199999.96875,-0.0032963226549327374,1.0865743206522893e-05,4.0197006455855444e-05,-0.5550143122673035,-0.5550147891044617,0.1032283753156662
1699753.8506087,199999.96875,-0.00272599165327847,7.431030098814517e-06,3.939873931813054e-05,-0.5550144910812378,-0.5550147891044617,0.102278932929039
1699753.8509567,199999.96875,-0.0021394207142293453,4.577121671900386e-06,3.834757808363065e-05,-0.5550147891044617,-0.5550147891044617,0.10128164291381836
1699753.8512667,199999.96875,-0.0015430569183081388,2.3810243874322623e-06,3.7068588426336646e-05,-0.555014967918396,-0.5550147891044617,0.10023801028728485
1699753.8635905,199999.96875,-0.0009433104423806071,8.898346095520537e-07,3.559567267075181e-05,-0.5550153851509094,-0.5550147891044617,0.09914956241846085
1699753.8649175,199999.96875,-0.00034649018198251724,1.200554322622338e-07,3.396981628611684e-05,-0.5550158619880676,-0.5550147891044617,0.09801778942346573
1699753.8666709,199999.96875,0.00024125969503074884,5.820623982799589e-08,3.223714156774804e-05,-0.5550162196159363,-0.5550147891044617,0.09684418141841888
1699753.8668695,199999.96875,0.0008140205172821879,6.62629474845744e-07,3.04467339447001e-05,-0.5550166964530945,-0.5550147891044617,0.09563028812408447
1699753.8790091,199999.96875,0.0013661555713042617,1.866381012405327e-06,2.864853013306856e-05,-0.5550169944763184,-0.5550147891044617,0.09437757730484009
1699753.8804823,199999.96875,0.0018923617899417877,3.5810330700769555e-06,2.6891237212112173e-05,-0.5550174713134766,-0.5550147891044617,0.0930875912308693
1699753.8807029,199999.96875,0.002387719927355647,5.701206646335777e-06,2.5220360839739442e-05,-0.5550178289413452,-0.5550147891044617,0.0917617678642273
1699753.8809732,199999.96875,0.0028477341402322054,8.109590453386772e-06,2.367647539358586e-05,-0.5550182461738586,-0.5550147891044617,0.09040167182683945
1699753.8936697,199999.96875,0.003268373431637883,1.068226538336603e-05,2.229376696050167e-05,-0.5550186038017273,-0.5550186038017273,0.08900873363018036
1699753.8951385,199999.96875,0.00364609993994236,1.3294044947542716e-05,2.1098891011206433e-05,-0.5550187826156616,-0.5550186038017273,0.0875844731926918
1699753.89537,199999.96875,0.003977898508310318,1.5823676221771166e-05,2.01101884158561e-05,-0.5550190806388855,-0.5550186038017273,0.08613035827875137
1699753.8955305,199999.96875,0.004261294845491648,1.8158632883569226e-05,1.9337268895469606e-05,-0.5550192594528198,-0.5550186038017273,0.08464785665273666
1699753.9096186,199999.96875,0.004494369029998779,2.0199353457428515e-05,1.8781001926981844e-05,-0.5550193786621094,-0.5550186038017273,0.08313840627670288
1699753.9104046,199999.96875,0.004675766918808222,2.186279380111955e-05,1.843381323851645e-05,-0.5550195574760437,-0.5550186038017273,0.08160348981618881
1699753.910828,199999.96875,0.004804696887731552,2.308511102455668e-05,1.8280368749401532e-05,-0.5550195574760437,-0.5550186038017273,0.08004454523324966
1699753.911151,199999.96875,0.004880933556705713,2.382351340202149e-05,1.8298494978807867e-05,-0.5550195574760437,-0.5550186038017273,0.07846298068761826
1699753.9258821,199999.96875,0.004904798232018948,2.405704617558513e-05,1.846039594965987e-05,-0.5550195574760437,-0.5550192594528198,0.076860211789608
1699753.926072,199999.96875,0.004877156112343073,2.3786653400748037e-05,1.873399924079422e-05,-0.5550193786621094,-0.5550192594528198,0.07523766905069351
1699753.9264257,199999.96875,0.004799382295459509,2.303407200088259e-05,1.9084453015238978e-05,-0.5550192594528198,-0.5550192594528198,0.07359673827886581
1699753.9267659,199999.96875,0.004673348274081945,2.1840183762833476e-05,1.9475663066259585e-05,-0.5550192594528198,-0.5550192594528198,0.07193877547979355
1699753.939188,199999.96875,0.004501385148614645,2.0262470570742153e-05,1.9871813492500223e-05,-0.555019199848175,-0.5550192594528198,0.07026517391204834
1699753.9405978,199999.96875,0.004286250565201044,1.8371943951933645e-05,2.0238803699612617e-05,-0.5550190806388855,-0.5550192594528198,0.06857726722955704
1699753.9417145,199999.96875,0.004031093325465918,1.6249712643912062e-05,2.0545587176457047e-05,-0.5550190806388855,-0.5550192594528198,0.06687639653682709
1699753.942286,199999.96875,0.0037394105456769466,1.3983190001454204e-05,2.076528653560672e-05,-0.5550189018249512,-0.5550192594528198,0.06516387313604355
1699753.9544087,199999.96875,0.0034150059800595045,1.1662265933409799e-05,2.087611392198596e-05,-0.5550189018249512,-0.5550192594528198,0.06344101577997208
1699753.9559941,199999.96875,0.0030619390308856964,9.37546974455472e-06,2.086204767692834e-05,-0.5550189018249512,-0.5550192594528198,0.061709076166152954
1699753.9564869,199999.96875,0.002684482838958502,7.206448117358377e-06,2.0713230696856044e-05,-0.5550189018249512,-0.5550192594528198,0.059969354420900345
1699753.9567788,199999.96875,0.0022870730608701706,5.2307032092357986e-06,2.042609776253812e-05,-0.5550190806388855,-0.5550192594528198,0.05822307989001274
1699753.9709751,199999.96875,0.0018742575775831938,3.5128414310747758e-06,2.0003271856694482e-05,-0.555019199848175,-0.555019199848175,0.05647148936986923
1699753.9712846,199999.96875,0.0014506472507491708,2.104377472278429e-06,1.945314579643309e-05,-0.5550192594528198,-0.555019199848175,0.054715801030397415
1699753.9716593,199999.96875,0.001020867726765573,1.0421708793728612e-06,1.878933107946068e-05,-0.5550193786621094,-0.555019199848175,0.0529571995139122
1699753.9719641,199999.96875,0.0005895098438486457,3.475218761650467e-07,1.802983388188295e-05,-0.5550196766853333,-0.555019199848175,0.0511968620121479
1699753.9846653,199999.96875,0.00016108385170809925,2.594800641020356e-08,1.7196140106534585e-05,-0.555019736289978,-0.555019199848175,0.049435924738645554
1699753.9853152,199999.96875,-0.0002600268053356558,6.761393933629734e-08,1.631218401598744e-05,-0.5550200343132019,-0.555019199848175,0.047675538808107376
1699753.9866344,199999.96875,-0.0006696077762171626,4.483746067762695e-07,1.5403240468003787e-05,-0.5550202131271362,-0.555019199848175,0.045916806906461716
1699753.9875476,199999.96875,-0.0010636539664119482,1.1313599088680348e-06,1.449483352189418e-05,-0.5550205111503601,-0.555019199848175,0.04416082426905632
1699754.0000649,199999.96875,-0.0014384069945663214,2.069014499284094e-06,1.3611669601232279e-05,-0.5550206303596497,-0.5550211071968079,0.04240863770246506
1699754.0010364,199999.96875,-0.0017903884872794151,3.205491111657466e-06,1.2776649782608729e-05,-0.555020809173584,-0.5550211071968079,0.04066132381558418
1699754.0016292,199999.96875,-0.002116430550813675,4.479278231883654e-06,1.2010005775664467e-05,-0.5550211071968079,-0.5550211071968079,0.03891988471150398
1699754.0019546,199999.96875,-0.002413702430203557,5.825959760841215e-06,1.1328566870361101e-05,-0.5550211668014526,-0.5550211071968079,0.03718532994389534
1699754.0158185,199999.96875,-0.002679731696844101,7.180961802077945e-06,1.0745212421170436e-05,-0.5550212860107422,-0.5550211071968079,0.03545863553881645
1699754.0161321,199999.96875,-0.0029124233406037092,8.48220952320844e-06,1.0268505320709664e-05,-0.5550214648246765,-0.5550211071968079,0.03374075889587402
1699754.0163696,199999.96875,-0.003110072808340192,9.672553460404743e-06,9.902508281811606e-06,-0.5550215840339661,-0.5550211071968079,0.03203263133764267
1699754.0165276,199999.96875,-0.003271376248449087,1.070190319296671e-05,9.646811122365762e-06,-0.5550215840339661,-0.5550211071968079,0.030335167422890663
1699754.0291506,199999.96875,-0.0033954340033233166,1.152897129941266e-05,9.496725397184491e-06,-0.5550216436386108,-0.5550211071968079,0.02864925004541874
1699754.0305479,199999.96875,-0.003481753868982196,1.2122609405196272e-05,9.443651833862532e-06,-0.5550216436386108,-0.5550211071968079,0.026975741609930992
1699754.0308309,199999.96875,-0.0035302434116601944,1.2462619451980572e-05,9.475588740315288e-06,-0.5550216436386108,-0.5550211071968079,0.025315484032034874
1699754.0312045,199999.96875,-0.0035412076395004988,1.254015205631731e-05,9.577770470059477e-06,-0.5550216436386108,-0.5550211071968079,0.023669293150305748
1699754.0601644,199999.96875,-0.0035153324715793133,1.2357563718978781e-05,9.733380466059316e-06,-0.5550215840339661,-0.5550215840339661,0.022037958726286888
1699754.0606885,199999.96875,-0.003453673794865608,1.1927862942684442e-05,9.92431705526542e-06,-0.5550215840339661,-0.5550215840339661,0.02042224630713463
1699754.0610348,199999.96875,-0.0033576353453099728,1.1273715244897176e-05,1.0131994713447057e-05,-0.5550214648246765,-0.5550215840339661,0.018822908401489258
1699754.0613428,199999.96875,-0.003228947054594755,1.0426098015159369e-05,1.0338115316699259e-05,-0.5550214648246765,-0.5550215840339661,0.01724066399037838
1699754.0756619,199999.96875,-0.0030696436297148466,9.422711627848912e-06,1.0525405741645955e-05,-0.5550214648246765,-0.5550215840339661,0.01567620038986206
1699754.0759134,199999.96875,-0.0028820305597037077,8.30610042612534e-06,1.0678273611119948e-05,-0.5550212860107422,-0.5550215840339661,0.014130200259387493
1699754.0761789,199999.96875,-0.002668661531060934,7.121753696992528e-06,1.0783382094814442e-05,-0.5550212860107422,-0.5550215840339661,0.012603305280208588
1699754.0764785,199999.96875,-0.002432301640510559,5.916091140534263e-06,1.083008373825578e-05,-0.5550212860107422,-0.5550215840339661,0.011096145026385784
1699754.090338,199999.96875,-0.002175896195694804,4.734523827210069e-06,1.081074879039079e-05,-0.5550212860107422,-0.5550215840339661,0.009609316475689411
1699754.0910592,199999.96875,-0.0019025353249162436,3.619640892793541e-06,1.0720951650000643e-05,-0.5550212860107422,-0.5550214648246765,0.008143395185470581
1699754.0913046,199999.96875,-0.001615419634617865,2.609580405987799e-06,1.0559498150541913e-05,-0.5550214648246765,-0.5550214648246765,0.0066989390179514885
1699754.0915369,199999.96875,-0.0013178240042179823,1.7366601241519675e-06,1.0328350072086323e-05,-0.5550214648246765,-0.5550214648246765,0.005276474170386791
1699754.1048295,199999.96875,-0.0010130628943443298,1.026296331474441e-06,1.0032401405624114e-05,-0.5550215840339661,-0.5550214648246765,0.003876506118103862
1699754.1052997,199999.96875,-0.0007044539670459926,4.962553248333279e-07,9.679153663455509e-06,-0.5550215840339661,-0.5550214648246765,0.00249951658770442
1699754.1055592,199999.96875,-0.0003952840343117714,1.5624945604031382e-07,9.278292054659687e-06,-0.5550216436386108,-0.5550214648246765,0.0011459654197096825
1699754.1057183,199999.96875,-8.877587970346212e-05,7.881157948474993e-09,8.84119526745053e-06,-0.5550217628479004,-0.5550214648246765,-0.00018371253099758178
1699754.1203209,199999.96875,0.00021194441069383174,4.492043714776628e-08,8.380389772355556e-06,-0.5550219416618347,-0.5550214648246765,-0.0014891050523146987
1699754.1205342,199999.96875,0.0005038774688728154,2.5389249458385166e-07,7.908997758931946e-06,-0.5550220608711243,-0.5550214648246765,-0.0027698222547769547
1699754.1208486,199999.96875,0.0007841790793463588,6.149368232399866e-07,7.440155513904756e-06,-0.555022120475769,-0.5550214648246765,-0.004025498870760202
1699754.1210489,199999.96875,0.0010501869255676866,1.1028927247025422e-06,6.986480002524331e-06,-0.5550222396850586,-0.5550214648246765,-0.005255789961665869
1699754.1349437,199999.96875,0.0012994434218853712,1.6885530840227148e-06,6.559569555975031e-06,-0.5550224184989929,-0.5550224184989929,-0.006460373755544424
1699754.135402,199999.96875,0.0015297181671485305,2.34003778132319e-06,6.169566859171027e-06,-0.5550224184989929,-0.5550224184989929,-0.007638949900865555
1699754.1357783,199999.96875,0.0017390247667208314,3.0242074444686295e-06,5.824801974085858e-06,-0.5550225377082825,-0.5550224184989929,-0.00879124365746975
1699754.1361065,199999.96875,0.0019256373634561896,3.708079020725563e-06,5.531524038815405e-06,-0.5550225973129272,-0.5550224184989929,-0.009916998445987701
1699754.1505834,199999.96875,0.0020881027448922396,4.360173534223577e-06,5.293734375300119e-06,-0.5550225973129272,-0.5550224184989929,-0.011015979573130608
1699754.1513673,199999.96875,0.0022252488415688276,4.951732080371585e-06,5.113105089549208e-06,-0.5550225973129272,-0.5550224184989929,-0.01208797562867403
1699754.151615,199999.96875,0.00233619287610054,5.4577967603108846e-06,4.989014996681362e-06,-0.5550227165222168,-0.5550224184989929,-0.01313279289752245
1699754.1517977,199999.96875,0.0024203427601605654,5.858059012098238e-06,4.918666490993928e-06,-0.5550227165222168,-0.5550224184989929,-0.014150260016322136
1699754.1636973,199999.96875,0.0024773962795734406,6.137492164270952e-06,4.897288363281405e-06,-0.5550227165222168,-0.5550224184989929,-0.015140230767428875
1699754.1646367,199999.96875,0.0025073401629924774,6.286754796747118e-06,4.9184091039933264e-06,-0.5550227165222168,-0.5550224184989929,-0.01610257290303707
1699754.1657338,199999.96875,0.002510442864149809,6.302323981799418e-06,4.9741988732421305e-06,-0.5550227165222168,-0.5550227165222168,-0.01703716814517975
1699754.1660449,199999.96875,0.0024872454814612865,6.186390237417072e-06,5.055838755652076e-06,-0.5550227165222168,-0.5550227165222168,-0.017943942919373512
1699754.1796243,199999.96875,0.002438552211970091,5.946536930423463e-06,5.153925940248882e-06,-0.5550225973129272,-0.5550227165222168,-0.018822813406586647
1699754.1802453,199999.96875,0.002365412889048457,5.595177754003089e-06,5.258879355096724e-06,-0.5550225973129272,-0.5550227165222168,-0.019673729315400124
1699754.1815661,199999.96875,0.0022691108752042055,5.148864147486165e-06,5.361338025977602e-06,-0.5550225973129272,-0.5550227165222168,-0.020496657118201256
1699754.1819426,199999.96875,0.002151140943169594,4.62740717921406e-06,5.452533514471725e-06,-0.5550225973129272,-0.5550227165222168,-0.021291583776474
1699754.1948343,199999.96875,0.002013192977756262,4.052946223964682e-06,5.524625066755107e-06,-0.5550225973129272,-0.5550227165222168,-0.02205851301550865
1699754.1953088,199999.96875,0.0018571270629763603,3.448921006565797e-06,5.570976554736262e-06,-0.5550225973129272,-0.5550227165222168,-0.022797461599111557
1699754.1963383,199999.96875,0.0016849525272846222,2.8390652460075216e-06,5.586377028521383e-06,-0.5550225973129272,-0.5550227165222168,-0.023508474230766296
1699754.1966344,199999.96875,0.0014988031471148133,2.2464112134912284e-06,5.567195330513641e-06,-0.5550225973129272,-0.5550227165222168,-0.02419160306453705
1699754.2109183,199999.96875,0.0013009121175855398,1.6923722796491347e-06,5.511456947715487e-06,-0.5550225973129272,-0.5550225973129272,-0.024846920743584633
1699754.2121614,199999.96875,0.0010935872560366988,1.195933123199211e-06,5.418856744654477e-06,-0.5550225973129272,-0.5550225973129272,-0.025474509224295616
1699754.2125355,199999.96875,0.000879185157828033,7.729665298938926e-07,5.290697117743548e-06,-0.5550225973129272,-0.5550225973129272,-0.02607448399066925
1699754.2127275,199999.96875,0.000660085934214294,4.357134457677603e-07,5.129767032485688e-06,-0.5550225973129272,-0.5550225973129272,-0.02664695680141449
1699754.2265477,199999.96875,0.00043866768828593194,1.924293400179522e-07,4.940164217259735e-06,-0.5550227165222168,-0.5550225973129272,-0.027192067354917526
1699754.2281052,199999.96875,0.00021728186402469873,4.721140811625446e-08,4.7270709728763904e-06,-0.5550227165222168,-0.5550225973129272,-0.027709966525435448
1699754.2285058,199999.96875,-1.7702720924717141e-06,3.133862960802425e-12,4.496490873862058e-06,-0.5550228953361511,-0.5550225973129272,-0.028200816363096237
1699754.2287471,199999.96875,-0.00021626085799653083,4.676875775544431e-08,4.254975010553608e-06,-0.5550228953361511,-0.5550225973129272,-0.028664803132414818
1699754.2393411,199999.96875,-0.0004240567213855684,1.79824112933602e-07,4.009318217867985e-06,-0.5550230145454407,-0.5550225973129272,-0.029102111235260963
1699754.2422734,199999.96875,-0.0006231397273950279,3.8830307858006563e-07,3.7662819067918463e-06,-0.5550230145454407,-0.5550225973129272,-0.02951294742524624
1699754.2441516,199999.96875,-0.000811625097412616,6.587353595932655e-07,3.5323052998137427e-06,-0.5550230741500854,-0.5550230741500854,-0.0298975370824337
1699754.2444448,199999.96875,-0.0009877781849354506,9.75705688688322e-07,3.3132619137177244e-06,-0.5550230741500854,-0.5550230741500854,-0.030256113037467003
1699754.255244,199999.96875,-0.0011500297114253044,1.3225684369899682e-06,3.114239007118158e-06,-0.555023193359375,-0.5550230741500854,-0.030588915571570396
1699754.2561791,199999.96875,-0.0012969881063327193,1.6821780945974751e-06,2.939360683740233e-06,-0.555023193359375,-0.5550230741500854,-0.030896201729774475
1699754.2566979,199999.96875,-0.0014274492859840393,2.0376114662212785e-06,2.7916587441723095e-06,-0.555023193359375,-0.5550230741500854,-0.031178245320916176
1699754.2570394,199999.96875,-0.0015404075384140015,2.372855306020938e-06,2.672993559826864e-06,-0.555023193359375,-0.5550230741500854,-0.03143531084060669
1699754.2690167,199999.96875,-0.0016350594814866781,2.6734192033472937e-06,2.584026788099436e-06,-0.5550233721733093,-0.5550230741500854,-0.03166770935058594
1699754.2697096,199999.96875,-0.0017108095344156027,2.926869228758733e-06,2.5242425181204453e-06,-0.5550233721733093,-0.5550230741500854,-0.03187572956085205
1699754.2715649,199999.96875,-0.001767270267009735,3.1232441415340872e-06,2.492016847099876e-06,-0.5550233721733093,-0.5550230741500854,-0.0320596881210804
1699754.2720426,199999.96875,-0.001804263680242002,3.255367118981667e-06,2.4847315671649994e-06,-0.5550233721733093,-0.5550230741500854,-0.03221989795565605
1699754.3005669,199999.96875,-0.001821816898882389,3.3190167414431926e-06,2.4989199118863326e-06,-0.5550233721733093,-0.5550233721733093,-0.03235669061541557
1699754.3007914,199999.96875,-0.001820159493945539,3.312980652481201e-06,2.5304466362285893e-06,-0.5550233721733093,-0.5550233721733093,-0.03247040510177612
1699754.3011282,199999.96875,-0.0017997145187109709,3.238972112740157e-06,2.57470014730643e-06,-0.5550233721733093,-0.5550233721733093,-0.03256140276789665
1699754.3015741,199999.96875,-0.0017610916402190924,3.1014437809062656e-06,2.626803961902624e-06,-0.555023193359375,-0.5550233721733093,-0.032630015164613724
1699754.3147747,199999.96875,-0.001705076894722879,2.9072871257085353e-06,2.681824753381079e-06,-0.555023193359375,-0.5550233721733093,-0.03267661854624748
1699754.3149689,199999.96875,-0.0016326187178492546,2.6654440716811223e-06,2.734975623752689e-06,-0.555023193359375,-0.5550233721733093,-0.03270157426595688
1699754.3152752,199999.96875,-0.0015448177000507712,2.386462028880487e-06,2.7818066428153543e-06,-0.555023193359375,-0.5550233721733093,-0.03270526975393295
1699754.3154699,199999.96875,-0.0014429092407226562,2.081987304336508e-06,2.818368784573977e-06,-0.555023193359375,-0.5550233721733093,-0.032688092440366745
1699754.328612,199999.96875,-0.001328249811194837,1.7642475995671703e-06,2.841354898919235e-06,-0.555023193359375,-0.5550233721733093,-0.032650429755449295
1699754.3293427,199999.96875,-0.001202298910357058,1.4455226846621372e-06,2.848207486749743e-06,-0.555023193359375,-0.5550233721733093,-0.032592665404081345
1699754.3305338,199999.96875,-0.0010666021844372153,1.1376401971574523e-06,2.837189413185115e-06,-0.555023193359375,-0.555023193359375,-0.03251521661877632
1699754.330746,199999.96875,-0.0009227736736647785,8.515112313034479e-07,2.8074186957383063e-06,-0.555023193359375,-0.555023193359375,-0.03241847828030586
1699754.344005,199999.96875,-0.0007724777678959072,5.967219181002292e-07,2.758869186436641e-06,-0.555023193359375,-0.555023193359375,-0.03230287507176399
1699754.3447396,199999.96875,-0.0006174104055389762,3.8119560485938564e-07,2.69233123617596e-06,-0.555023193359375,-0.555023193359375,-0.03216881677508354
1699754.3455019,199999.96875,-0.00045928088366054,2.1093894986279338e-07,2.609346893223119e-06,-0.5550233721733093,-0.555023193359375,-0.03201672434806824
1699754.3460481,199999.96875,-0.00029979407554492354,8.98764795920215e-08,2.5121094040514436e-06,-0.5550233721733093,-0.555023193359375,-0.0318470224738121
1699754.3607588,199999.96875,-0.00014063266280572861,1.9777544935095648e-08,2.4033488443819806e-06,-0.5550233721733093,-0.555023193359375,-0.03166013956069946
1699754.3611043,199999.96875,1.6560084986849688e-05,2.7423641135726484e-10,2.2861931938678026e-06,-0.5550233721733093,-0.555023193359375,-0.03145651891827583
1699754.3613214,199999.96875,0.00017019610095303506,2.8966715248657238e-08,2.1640225895680487e-06,-0.5550233721733093,-0.555023193359375,-0.031236568465828896
1699754.361619,199999.96875,0.00031875810236670077,1.0160673724612934e-07,2.0403199414431583e-06,-0.5550234913825989,-0.555023193359375,-0.031000744551420212
1699754.375717,199999.96875,0.000460813898826018,2.1234946245840547e-07,1.9185204109817278e-06,-0.5550234913825989,-0.5550234913825989,-0.030749481171369553
1699754.3758833,199999.96875,0.0005950292688794434,3.5405983567216026e-07,1.801873963813705e-06,-0.5550234913825989,-0.5550234913825989,-0.030483221635222435
1699754.376254,199999.96875,0.0007201796397566795,5.186587372918439e-07,1.6933161077758996e-06,-0.5550234913825989,-0.5550234913825989,-0.03020239993929863
1699754.3765289,199999.96875,0.000835161074064672,6.974940447435074e-07,1.5953626189002534e-06,-0.5550235509872437,-0.5550234913825989,-0.02990747056901455
1699754.3889289,199999.96875,0.0009389984188601375,8.817181083031755e-07,1.5100198424988776e-06,-0.5550235509872437,-0.5550234913825989,-0.029598871245980263
1699754.3908692,199999.96875,0.0010308530181646347,1.0626579296513228e-06,1.4387247802005732e-06,-0.5550235509872437,-0.5550234913825989,-0.02927704155445099
1699754.391041,199999.96875,0.0011100288247689605,1.2321639815127128e-06,1.3823089375364361e-06,-0.5550235509872437,-0.5550234913825989,-0.02894243597984314
1699754.391185,199999.96875,0.001175975427031517,1.3829181852997863e-06,1.340989001619164e-06,-0.5550235509872437,-0.5550234913825989,-0.02859550155699253
1699754.4044306,199999.96875,0.0012282924726605415,1.5087023257365217e-06,1.3143817341187969e-06,-0.5550235509872437,-0.5550234913825989,-0.028236668556928635
1699754.405937,199999.96875,0.0012667294358834624,1.6046033124439418e-06,1.3015456943321624e-06,-0.5550235509872437,-0.5550235509872437,-0.02786639891564846
1699754.4061094,199999.96875,0.0012911846861243248,1.6671580169713707e-06,1.3010412658331916e-06,-0.5550235509872437,-0.5550235509872437,-0.02748512662947178
1699754.4064219,199999.96875,0.0013017046730965376,1.6944350136327557e-06,1.3110114878145396e-06,-0.5550235509872437,-0.5550235509872437,-0.027093296870589256
1699754.4202108,199999.96875,0.0012984788045287132,1.6860473124324926e-06,1.329272890870925e-06,-0.5550235509872437,-0.5550235509872437,-0.026691347360610962
1699754.4212587,199999.96875,0.0012818360701203346,1.6431037010988803e-06,1.3534206573240226e-06,-0.5550235509872437,-0.5550235509872437,-0.02627972699701786
1699754.4216084,199999.96875,0.001252237125299871,1.5680977867305046e-06,1.380934008921031e-06,-0.5550235509872437,-0.5550235509872437,-0.025858864188194275
1699754.4217983,199999.96875,0.0012102670734748244,1.4647463331129984e-06,1.4092847777646966e-06,-0.5550235509872437,-0.5550235509872437,-0.025429198518395424
1699754.4341861,199999.96875,0.0011566278990358114,1.3377881487031118e-06,1.4360406339619658e-06,-0.5550235509872437,-0.5550235509872437,-0.024991163983941078
1699754.4355372,199999.96875,0.0010921272914856672,1.192742047351203e-06,1.458960127820319e-06,-0.5550235509872437,-0.5550235509872437,-0.02454518899321556
1699754.4357588,199999.96875,0.0010176682844758034,1.0356486654927721e-06,1.47607659073401e-06,-0.5550235509872437,-0.5550235509872437,-0.024091705679893494
1699754.4359598,199999.96875,0.0009342387202195823,8.728019338377635e-07,1.4857665746603743e-06,-0.5550235509872437,-0.5550235509872437,-0.023631136864423752
1699754.4511359,199999.96875,0.0008428975706920028,7.104763426468708e-07,1.4868013522573165e-06,-0.5550235509872437,-0.5550235509872437,-0.02316390536725521
1699754.4524255,199999.96875,0.0007447642274200916,5.5467381798735e-07,1.478380681874114e-06,-0.5550235509872437,-0.5550235509872437,-0.02269042655825615
1699754.4527353,199999.96875,0.000641004357021302,4.1088659941124206e-07,1.4601470184061327e-06,-0.5550235509872437,-0.5550235509872437,-0.022211119532585144
1699754.4530453,199999.96875,0.0005328170955181122,2.8389408157636353e-07,1.43218130688183e-06,-0.5550235509872437,-0.5550235509872437,-0.021726394072175026
1699754.4670686,199999.96875,0.00042142230086028576,1.775967604089601e-07,1.3949809272162383e-06,-0.5550235509872437,-0.5550235509872437,-0.021236654371023178
1699754.4672755,199999.96875,0.00030804681591689587,9.489284735764159e-08,1.349421609120327e-06,-0.5550235509872437,-0.5550235509872437,-0.020742308348417282
1699754.4675098,199999.96875,0.0001939121139002964,3.7601910918283465e-08,1.2967054772161646e-06,-0.5550235509872437,-0.5550235509872437,-0.020243749022483826
1699754.46771,199999.96875,8.022121619433165e-05,6.435443733465718e-09,1.2382967042867676e-06,-0.5550235509872437,-0.5550235509872437,-0.019741376861929893
1699754.4803946,199999.96875,-3.185293826390989e-05,1.0146097295660184e-09,1.1758520486182533e-06,-0.5550235509872437,-0.5550235509872437,-0.019235575571656227
1699754.4818774,199999.96875,-0.00014117930550128222,1.9931595929278956e-08,1.111143319576513e-06,-0.5550236701965332,-0.5550236701965332,-0.018726730719208717
1699754.4826687,199999.96875,-0.00024667958496138453,6.08508088362214e-08,1.0459801842443994e-06,-0.5550236701965332,-0.5550236701965332,-0.018215220421552658
1699754.4834491,199999.96875,-0.0003473380929790437,1.2064374743658846e-07,9.821333151194267e-07,-0.5550236701965332,-0.5550236701965332,-0.017701422795653343
1699754.4953371,199999.96875,-0.00044221122516319156,1.9555076846700103e-07,9.212649274559226e-07,-0.5550236701965332,-0.5550236701965332,-0.017185699194669724
1699754.4959982,199999.96875,-0.0005304355872794986,2.8136190621808055e-07,8.648633524899196e-07,-0.5550236701965332,-0.5550236701965332,-0.016668420284986496
1699754.4962878,199999.96875,-0.0006112352712079883,3.73608543213777e-07,8.141898319991014e-07,-0.5550236701965332,-0.5550236701965332,-0.016149943694472313
1699754.4964502,199999.96875,-0.0006839280831627548,4.67757615751907e-07,7.702360562689137e-07,-0.5550236701965332,-0.5550236701965332,-0.015630614012479782
1699754.5102638,199999.96875,-0.0007479306077584624,5.594001777353697e-07,7.336947192015941e-07,-0.5550236701965332,-0.5550236701965332,-0.015110781416296959
1699754.5123384,199999.96875,-0.0008027621661312878,6.444270184147172e-07,7.049436021588917e-07,-0.5550236701965332,-0.5550236701965332,-0.014590787701308727
1699754.5127955,199999.96875,-0.0008480473188683391,7.191841859821579e-07,6.840423338871915e-07,-0.5550236701965332,-0.5550236701965332,-0.014070963487029076
1699754.5132963,199999.96875,-0.0008835185435600579,7.806050348335702e-07,6.70743986574962e-07,-0.5550236701965332,-0.5550236701965332,-0.013551640324294567
1699754.5404923,199999.96875,-0.000909015245269984,8.263086783699691e-07,6.645173016295303e-07,-0.5550236701965332,-0.5550236701965332,-0.013033134862780571
1699754.540863,199999.96875,-0.0009244842221960425,8.546711001145013e-07,6.645805115113035e-07,-0.5550236701965332,-0.5550236701965332,-0.012515765614807606
1699754.5411167,199999.96875,-0.0009299776284024119,8.648584071124787e-07,6.699432333334698e-07,-0.5550236701965332,-0.5550236701965332,-0.011999840848147869
1699754.5412542,199999.96875,-0.0009256500634364784,8.568280236431747e-07,6.794559226364072e-07,-0.5550236701965332,-0.5550236701965332,-0.011485661379992962
1699754.5548785,199999.96875,-0.0009117548470385373,8.312969725920993e-07,6.918630788277369e-07,-0.5550236701965332,-0.5550236701965332,-0.010973525233566761
1699754.5550633,199999.96875,-0.0008886394207365811,7.896800298112794e-07,7.058591222630639e-07,-0.5550236701965332,-0.5550236701965332,-0.010463717393577099
1699754.5554144,199999.96875,-0.0008567394688725471,7.340025263147254e-07,7.201436460491095e-07,-0.5550236701965332,-0.5550236701965332,-0.009956521913409233
1699754.5556884,199999.96875,-0.0008165729232132435,6.667913226010569e-07,7.334739962061576e-07,-0.5550236701965332,-0.5550236701965332,-0.0094522163271904
1699754.5700593,199999.96875,-0.000768732454162091,5.90949525758333e-07,7.447136454175052e-07,-0.5550236701965332,-0.5550236701965332,-0.008951066061854362
1699754.5703949,199999.96875,-0.0007138775545172393,5.096211452837451e-07,7.528739729423251e-07,-0.5550236701965332,-0.5550236701965332,-0.00845333468168974
1699754.5706469,199999.96875,-0.0006527270888909698,4.260526509369811e-07,7.571479727630503e-07,-0.5550236701965332,-0.5550236701965332,-0.00795927457511425
1699754.5708934,199999.96875,-0.0005860496312379837,3.434541611113673e-07,7.569358899672807e-07,-0.5550236701965332,-0.5550236701965332,-0.007469135336577892
1699754.584315,199999.96875,-0.0005146550829522312,2.6486986826057546e-07,7.518600568801048e-07,-0.5550236701965332,-0.5550236701965332,-0.006983157247304916
1699754.5849948,199999.96875,-0.0004393848648760468,1.9305907983380166e-07,7.417714300572698e-07,-0.5550236701965332,-0.5550236701965332,-0.006501573137938976
1699754.5864322,199999.96875,-0.00036110301152803004,1.303953638398525e-07,7.26744929124834e-07,-0.5550236701965332,-0.5550236701965332,-0.00602461164817214
1699754.5867062,199999.96875,-0.00028068627580069005,7.878478669454125e-08,7.070674428177881e-07,-0.5550236701965332,-0.5550236701965332,-0.005552490707486868
1699754.5995763,199999.96875,-0.00019901506311725825,3.960699856975225e-08,6.832163421677251e-07,-0.5550236701965332,-0.5550236701965332,-0.005085422191768885
1699754.6004488,199999.96875,-0.00011696403089445084,1.3680583776931599e-08,6.558315135407611e-07,-0.5550236701965332,-0.5550236701965332,-0.004623613320291042
1699754.6006712,199999.96875,-3.539323734003119e-05,1.2526812920299335e-09,6.256826168282714e-07,-0.5550236701965332,-0.5550236701965332,-0.004167261067777872
1699754.6009449,199999.96875,4.4860575144411996e-05,2.0124713007163564e-09,5.936307161391596e-07,-0.5550238490104675,-0.5550236701965332,-0.0037165575195103884
1699754.614466,199999.96875,0.00012299213267397135,1.5127065822184704e-08,5.605901378658018e-07,-0.5550238490104675,-0.5550238490104675,-0.0032716866116970778
1699754.6158625,199999.96875,0.0001982352405320853,3.9297209042388204e-08,5.274873728922103e-07,-0.5550238490104675,-0.5550238490104675,-0.0028328250627964735
1699754.6168439,199999.96875,0.00026987012824974954,7.282987724011036e-08,4.952230483468156e-07,-0.5550238490104675,-0.5550238490104675,-0.0024001426063477993
1699754.6174737,199999.96875,0.0003372297214809805,1.1372388541985856e-07,4.646354625492677e-07,-0.5550238490104675,-0.5550238490104675,-0.0019738036207854748
1699754.6296661,199999.96875,0.00039970543002709746,1.5976442568899074e-07,4.364687811175827e-07,-0.5550238490104675,-0.5550238490104675,-0.0015539636369794607
1699754.6302325,199999.96875,0.0004567525757011026,2.0862292160472862e-07,4.113463489829883e-07,-0.5550238490104675,-0.5550238490104675,-0.0011407712008804083
1699754.6314709,199999.96875,0.0005078941467218101,2.579564863935957e-07,3.8974971516836376e-07,-0.5550238490104675,-0.5550238490104675,-0.0007343689794652164
1699754.6318018,199999.96875,0.0005527245812118053,3.0550444307664293e-07,3.7200493352429476e-07,-0.5550238490104675,-0.5550238490104675,-0.000334891868988052
1699754.6451766,199999.96875,0.0005909128813073039,3.491780660169752e-07,3.5827557098855323e-07,-0.5550238490104675,-0.5550238490104675,5.753162986366078e-05
1699754.6453798,199999.96875,0.0006222035735845566,3.871372769026493e-07,3.485621959953278e-07,-0.5550238490104675,-0.5550238490104675,0.0004427800013218075
1699754.6456822,199999.96875,0.0006464186008088291,4.1785702364904864e-07,3.4270982496309443e-07,-0.5550238490104675,-0.5550238490104675,0.000820738438051194
1699754.6458763,199999.96875,0.0006634566816501319,4.4017474465363193e-07,3.4041985941257735e-07,-0.5550238490104675,-0.5550238490104675,0.0011912990594282746
1699754.6601643,199999.96875,0.0006732937763445079,4.5332453169066866e-07,3.4126864534300694e-07,-0.5550238490104675,-0.5550238490104675,0.001554360263980925
1699754.6603369,199999.96875,0.0006759807583875954,4.56950004945611e-07,3.447297842740227e-07,-0.5550238490104675,-0.5550238490104675,0.001909827464260161
1699754.6605882,199999.96875,0.0006716417265124619,4.511026361342374e-07,3.501998833144171e-07,-0.5550238490104675,-0.5550238490104675,0.0022576123010367155
1699754.6607948,199999.96875,0.0006604710360988975,4.362219954145985e-07,3.5702640843737754e-07,-0.5550238490104675,-0.5550238490104675,0.00259763328358531
1699754.6752735,199999.96875,0.0006427299231290817,4.131017590225383e-07,3.645364756721392e-07,-0.5550238490104675,-0.5550238490104675,0.002929815324023366
1699754.6755029,199999.96875,0.0006187421968206763,3.828419323781418e-07,3.720645906923892e-07,-0.5550238490104675,-0.5550238490104675,0.0032540890388190746
1699754.6758036,199999.96875,0.0005888895830139518,3.46790955063625e-07,3.789800757658668e-07,-0.5550238490104675,-0.5550238490104675,0.0035703920293599367
1699754.676006,199999.96875,0.0005536068929359317,3.064805582653207e-07,3.8471111452054174e-07,-0.5550238490104675,-0.5550238490104675,0.0038786674849689007
1699754.6908362,199999.96875,0.0005133754457347095,2.635543694395892e-07,3.8876518715369457e-07,-0.5550238490104675,-0.5550238490104675,0.004178865812718868
1699754.6912257,199999.96875,0.0004687182081397623,2.196967443524045e-07,3.9074620872270316e-07,-0.5550238490104675,-0.5550238490104675,0.004470943007618189
1699754.6924576,199999.96875,0.00042019266402348876,1.7656186912518024e-07,3.903664378412941e-07,-0.5550238490104675,-0.5550238490104675,0.004754859954118729
1699754.6930981,199999.96875,0.0003683847899083048,1.357073671215403e-07,3.874533263115154e-07,-0.5550238490104675,-0.5550238490104675,0.005030584987252951
1699754.7075939,199999.96875,0.000313901953632012,9.85344286164036e-08,3.8195184970390983e-07,-0.5550238490104675,-0.5550238490104675,0.005298090633004904
1699754.707779,199999.96875,0.0002573663368821144,6.623744042144608e-08,3.7392146623460576e-07,-0.5550238490104675,-0.5550238490104675,0.005557355936616659
1699754.708083,199999.96875,0.00019940845959354192,3.976373363911989e-08,3.635287555425748e-07,-0.5550238490104675,-0.5550238490104675,0.005808367393910885
1699754.708358,199999.96875,0.0001406597875757143,1.978517616407771e-08,3.5103585105389357e-07,-0.5550238490104675,-0.5550238490104675,0.006051114294677973
1699754.7191947,199999.96875,8.174675895133987e-05,6.682532749380243e-09,3.3678583122309647e-07,-0.5550238490104675,-0.5550238490104675,0.006285591516643763
1699754.7212143,199999.96875,2.3284106646315195e-05,5.421496029889283e-10,3.211845864825591e-07,-0.5550238490104675,-0.5550238490104675,0.006511801388114691
1699754.7218649,199999.96875,-3.4131237043766305e-05,1.1649413655945295e-09,3.04681719853761e-07,-0.5550238490104675,-0.5550238490104675,0.00672975042834878
1699754.7221038,199999.96875,-8.992593211587518e-05,8.086672664830985e-09,2.87750026473077e-07,-0.5550238490104675,-0.5550238490104675,0.006939448416233063
1699754.735338,199999.96875,-0.00014355573512148112,2.0608249329256978e-08,2.7086502996098716e-07,-0.5550238490104675,-0.5550238490104675,0.007140913512557745
1699754.7359784,199999.96875,-0.00019451044499874115,3.783431523629588e-08,2.5448517249060387e-07,-0.5550238490104675,-0.5550238490104675,0.007334166672080755
1699754.7363739,199999.96875,-0.00024231856514234096,5.8718285345094046e-08,2.390335680502176e-07,-0.5550238490104675,-0.5550238490104675,0.007519233971834183
1699754.7366686,199999.96875,-0.00028655133792199194,8.211166857563512e-08,2.2488219997285341e-07,-0.5550238490104675,-0.5550238490104675,0.007696147076785564
1699754.749445,199999.96875,-0.0003268261789344251,1.0681535655976404e-07,2.1233847746771062e-07,-0.5550238490104675,-0.5550238490104675,0.007864941842854023
1699754.7511528,199999.96875,-0.0003628099802881479,1.3163109713332233e-07,2.016352738110072e-07,-0.5550238490104675,-0.5550238490104675,0.008025656454265118
1699754.7523328,199999.96875,-0.00039422110421583056,1.5541029085852642e-07,1.9292448882879398e-07,-0.5550238490104675,-0.5550238490104675,0.00817833561450243
1699754.7533129,199999.96875,-0.0004208316095173359,1.7709923838538089e-07,1.862740361957549e-07,-0.5550238490104675,-0.5550238490104675,0.008323031477630138
1699754.7802428,199999.96875,-0.0004424680373631418,1.9577794319047825e-07,1.816685681887975e-07,-0.5550238490104675,-0.5550238490104675,0.008459794335067272
1699754.7816715,199999.96875,-0.00045901251723989844,2.1069249100946763e-07,1.7901331261782616e-07,-0.5550238490104675,-0.5550238490104675,0.008588681928813457
1699754.7821686,199999.96875,-0.0004704025050159544,2.2127851195818948e-07,1.7814147668104852e-07,-0.5550238490104675,-0.5550238490104675,0.008709755726158619
1699754.7825607,199999.96875,-0.0004766302590724081,2.2717640035807563e-07,1.7882382508105366e-07,-0.5550238490104675,-0.5550238490104675,0.00882307905703783
1699754.7938599,199999.96875,-0.000477741879876703,2.2823731171683903e-07,1.8078067398619169e-07,-0.5550238490104675,-0.5550238490104675,0.008928723633289337
1699754.7946783,199999.96875,-0.00047383568016812205,2.2452024950325722e-07,1.836953913425532e-07,-0.5550238490104675,-0.5550238490104675,0.009026761166751385
1699754.795488,199999.96875,-0.0004650599730666727,2.1628076751767367e-07,1.8722887773492403e-07,-0.5550238490104675,-0.5550238490104675,0.009117265231907368
1699754.7960651,199999.96875,-0.0004516103654168546,2.0395191313582473e-07,1.9103428883227025e-07,-0.5550238490104675,-0.5550238490104675,0.009200316853821278
1699754.8097761,199999.96875,-0.00043372708023525774,1.8811917357197672e-07,1.9477162993553065e-07,-0.5550238490104675,-0.5550238490104675,0.00927599798887968
1699754.81033,199999.96875,-0.0004116910567972809,1.6948952463735623e-07,1.9812114260275848e-07,-0.5550238490104675,-0.5550238490104675,0.009344394318759441
1699754.8106502,199999.96875,-0.0003858205454889685,1.488574952190902e-07,2.0079578177956137e-07,-0.5550238490104675,-0.5550238490104675,0.009405596181750298
1699754.8108847,199999.96875,-0.00035646665492095053,1.2706846064247657e-07,2.025511776082567e-07,-0.5550238490104675,-0.5550238490104675,0.009459694847464561
1699754.8251263,199999.96875,-0.0003240094520151615,1.049821207743662e-07,2.031942329949743e-07,-0.5550238490104675,-0.5550238490104675,0.00950678437948227
1699754.8252882,199999.96875,-0.0002888528979383409,8.343599944282687e-08,2.0258846689102938e-07,-0.5550238490104675,-0.5550238490104675,0.00954696349799633
1699754.825446,199999.96875,-0.00025142054073512554,6.321229051309274e-08,2.006574533197636e-07,-0.5550238490104675,-0.5550238490104675,0.009580329060554504
1699754.8257662,199999.96875,-0.0002121505094692111,4.500784100969213e-08,1.9738513401534874e-07,-0.5550238490104675,-0.5550238490104675,0.009606990031898022
1699754.8411988,199999.96875,-0.0001714905956760049,2.9409022772597382e-08,1.928141983853493e-07,-0.5550238490104675,-0.5550238490104675,0.009627042338252068
1699754.8419059,199999.96875,-0.00012989358219783753,1.6872343522322808e-08,1.8704153603721352e-07,-0.5550238490104675,-0.5550238490104675,0.009640601463615894
1699754.8421701,199999.96875,-8.781228825682774e-05,7.710998950472003e-09,1.8021221137587418e-07,-0.5550238490104675,-0.5550238490104675,0.009647774510085583
1699754.8423663,199999.96875,-4.5694952859776095e-05,2.088028638880246e-09,1.7251122130801377e-07,-0.5550238490104675,-0.5550238490104675,0.009648670442402363
1699754.8548961,199999.96875,-3.98061365558533e-06,1.5845283418691736e-11,1.641544002950468e-07,-0.5550238490104675,-0.5550238490104675,0.009643403813242912
1699754.8550593,199999.96875,3.6905228625983e-05,1.3619958494359707e-09,1.5537814590516064e-07,-0.5550238490104675,-0.5550238490104675,0.009632091037929058
1699754.8553777,199999.96875,7.65547520131804e-05,5.8606302033581414e-09,1.4642884593740746e-07,-0.5550238490104675,-0.5550238490104675,0.009614850394427776
1699754.8559195,199999.96875,0.00011458166409283876,1.3128958364916343e-08,1.3755243344348855e-07,-0.5550238490104675,-0.5550238490104675,0.009591798298060894
1699754.8697542,199999.96875,0.00015062474994920194,2.2687814293931297e-08,1.2898415491235937e-07,-0.5550238490104675,-0.5550238490104675,0.009563055820763111
1699754.8700788,199999.96875,0.0001843511126935482,3.398533365839285e-08,1.2093941847979295e-07,-0.5550239682197571,-0.5550238490104675,0.009528744034469128
1699754.8703041,199999.96875,0.00021545900381170213,4.642258133458199e-08,1.1360582163888466e-07,-0.5550239682197571,-0.5550238490104675,0.009488987736403942
1699754.8704582,199999.96875,0.0002436803188174963,5.93801026127494e-08,1.0713658582517382e-07,-0.5550239682197571,-0.5550238490104675,0.009443908929824829
1699754.8835248,199999.96875,0.0002687826636247337,7.224412001960445e-08,1.0164566077719428e-07,-0.5550239682197571,-0.5550238490104675,0.00939363706856966
1699754.8850395,199999.96875,0.00029057092615403235,8.443146271019941e-08,9.7204676308138e-08,-0.5550239682197571,-0.5550238490104675,0.00933829415589571
1699754.8860296,199999.96875,0.0003088886442128569,9.5412190148636e-08,9.38418196483326e-08,-0.5550239682197571,-0.5550239682197571,0.009278006851673126
1699754.8862947,199999.96875,0.00032361867488361895,1.0472903966274316e-07,9.154248203913085e-08,-0.5550239682197571,-0.5550239682197571,0.009212909266352654
1699754.8994183,199999.96875,0.0003346837474964559,1.1201321825637933e-07,9.025151115338303e-08,-0.5550239682197571,-0.5550239682197571,0.00914312619715929
1699754.9003858,199999.96875,0.0003420462890062481,1.1699567181722159e-07,8.987726829445819e-08,-0.5550239682197571,-0.5550239682197571,0.009068787097930908
1699754.9007464,199999.96875,0.00034570778370834887,1.1951385658903746e-07,9.029685088535189e-08,-0.5550239682197571,-0.5550239682197571,0.008990025147795677
1699754.9009486,199999.96875,0.00034570848220027983,1.195143539689525e-07,9.13624020881798e-08,-0.5550239682197571,-0.5550239682197571,0.00890696607530117
1699754.9151578,199999.96875,0.00034212545142509043,1.1704982938454123e-07,9.290810965012497e-08,-0.5550239682197571,-0.5550239682197571,0.008819746784865856
1699754.9165407,199999.96875,0.0003350716142449528,1.1227299268057322e-07,9.475786555412924e-08,-0.5550239682197571,-0.5550239682197571,0.008728492073714733
1699754.9171833,199999.96875,0.0003246934211347252,1.0542581918571159e-07,9.67327409284735e-08,-0.5550239682197571,-0.5550239682197571,0.008633336052298546
1699754.9174968,199999.96875,0.0003111687838099897,9.682602097882409e-08,9.86584254292211e-08,-0.5550239682197571,-0.5550239682197571,0.008534413762390614
1699754.9311518,199999.96875,0.00029470439767464995,8.685068308977861e-08,1.0037214082103674e-07,-0.5550239682197571,-0.5550239682197571,0.008431850001215935
1699754.9321584,199999.96875,0.0002755333262030035,7.591861361788688e-08,1.017287800664235e-07,-0.5550239682197571,-0.5550239682197571,0.008325782604515553
1699754.9323556,199999.96875,0.0002539115375839174,6.447106670748326e-08,1.0260603033884763e-07,-0.5550239682197571,-0.5550239682197571,0.00821633916348219
1699754.9329135,199999.96875,0.00023011513985693455,5.295298066698706e-08,1.0290840180005034e-07,-0.5550239682197571,-0.5550239682197571,0.008103650994598866
1699754.9475961,199999.96875,0.0002044369903160259,4.179448254149065e-08,1.0256991345158895e-07,-0.5550239682197571,-0.5550239682197571,0.007987847551703453
1699754.9485802,199999.96875,0.00017718315939418972,3.139387061423804e-08,1.0155557816915461e-07,-0.5550239682197571,-0.5550239682197571,0.007869062945246696
1699754.9489118,199999.96875,0.0001486696710344404,2.2102673469248657e-08,9.986131033201673e-08,-0.5550239682197571,-0.5550239682197571,0.007747425232082605
1699754.9491315,199999.96875,0.00011921882105525583,1.4213126675599597e-08,9.751295237947488e-08,-0.5550239682197571,-0.5550239682197571,0.007623061537742615
1699754.9610557,199999.96875,8.915585931390524e-05,7.948767866139406e-09,9.456372396243751e-08,-0.5550239682197571,-0.5550239682197571,0.007496103644371033
1699754.9615156,199999.96875,5.8805442677112296e-05,3.458080044538292e-09,9.109089660341851e-08,-0.5550239682197571,-0.5550239682197571,0.007366678211838007
1699754.9620055,199999.96875,2.8488295356510207e-05,8.115829674970598e-10,8.719157307268688e-08,-0.5550239682197571,-0.5550239682197571,0.0072349123656749725
1699754.9622171,199999.96875,-1.4819901252849377e-06,2.196294795336895e-12,8.297777043253518e-08,-0.5550239682197571,-0.5550239682197571,0.007100933697074652
1699754.9761951,199999.96875,-3.080210808548145e-05,9.487697294474629e-10,7.85711762318897e-08,-0.5550239682197571,-0.5550239682197571,0.006964865140616894
1699754.9765945,199999.96875,-5.918195893173106e-05,3.502504286601038e-09,7.409770574895447e-08,-0.5550239682197571,-0.5550239682197571,0.006826832890510559
1699754.9769656,199999.96875,-8.634736150270328e-05,7.455867034877883e-09,6.96820592338554e-08,-0.5550239682197571,-0.5550239682197571,0.006686961743980646
1699754.9774861,199999.96875,-0.0001120425877161324,1.2553540429394161e-08,6.54427338986352e-08,-0.5550239682197571,-0.5550239682197571,0.006545372307300568
1699754.9889895,199999.96875,-0.0001360326277790591,1.850487407750734e-08,6.148722064835965e-08,-0.5550239682197571,-0.5550239682197571,0.006402186118066311
1699754.9913008,199999.96875,-0.00015810511831659824,2.499722917548297e-08,5.790811741235302e-08,-0.5550239682197571,-0.5550239682197571,0.006257524248212576
1699754.9916802,199999.96875,-0.00017807213589549065,3.170968554400133e-08,5.477993525460079e-08,-0.5550239682197571,-0.5550239682197571,0.006111504975706339
1699754.9919497,199999.96875,-0.00019577173225115985,3.832657213820312e-08,5.2156671870307036e-08,-0.5550239682197571,-0.5550239682197571,0.005964245647192001
1699755.0194042,199999.96875,-0.00021106877829879522,4.455002766690086e-08,5.007051839811538e-08,-0.5550239682197571,-0.5550239682197571,0.005815863609313965
1699755.0203974,199999.96875,-0.0002238560700789094,5.011153803025081e-08,4.853138690918968e-08,-0.5550239682197571,-0.5550239682197571,0.005666472017765045
1699755.0205751,199999.96875,-0.0002340546780033037,5.478158726646143e-08,4.752737225999226e-08,-0.5550239682197571,-0.5550239682197571,0.005516186356544495
1699755.0208695,199999.96875,-0.000241614252445288,5.837744510017728e-08,4.702620159946491e-08,-0.5550239682197571,-0.5550239682197571,0.0053651174530386925
1699755.0350655,199999.96875,-0.00024651287822052836,6.076860614712132e-08,4.6977326917385653e-08,-0.5550239682197571,-0.5550239682197571,0.005213375203311443
1699755.0352233,199999.96875,-0.0002487568708602339,6.187997314555105e-08,4.731477432073916e-08,-0.5550239682197571,-0.5550239682197571,0.0050610690377652645
1699755.0354755,199999.96875,-0.000248379772529006,6.16925035501481e-08,4.7960440952010686e-08,-0.5550239682197571,-0.5550239682197571,0.004908306989818811
1699755.0356804,199999.96875,-0.0002454416826367378,6.024161791629012e-08,4.882782533854879e-08,-0.5550239682197571,-0.5550239682197571,0.004755191504955292
1699755.0502373,199999.96875,-0.0002400281373411417,5.761350507782481e-08,4.982587142876582e-08,-0.5550239682197571,-0.5550239682197571,0.004601831082254648
1699755.0504744,199999.96875,-0.0002322483342140913,5.3939288591209333e-08,5.086290499889401e-08,-0.5550239682197571,-0.5550239682197571,0.004448323510587215
1699755.0506962,199999.96875,-0.0002222338953288272,4.938790354458433e-08,5.185034268606614e-08,-0.5550239682197571,-0.5550239682197571,0.004294771701097488
1699755.0508595,199999.96875,-0.00021013664081692696,4.415740662011558e-08,5.270625180742172e-08,-0.5550239682197571,-0.5550239682197571,0.004141273442655802
1699755.0641166,199999.96875,-0.00019612698815762997,3.8465792329134274e-08,5.335835950859291e-08,-0.5550239682197571,-0.5550239682197571,0.0039879255928099155
1699755.0657791,199999.96875,-0.00018039143469650298,3.254106673011847e-08,5.374660005941223e-08,-0.5550239682197571,-0.5550239682197571,0.003834822680801153
1699755.0666854,199999.96875,-0.00016313041851390153,2.6611536085852094e-08,5.3825072399149576e-08,-0.5550239682197571,-0.5550239682197571,0.0036820578388869762
1699755.0670855,199999.96875,-0.00014455601922236383,2.0896441910167596e-08,5.356329069172716e-08,-0.5550239682197571,-0.5550239682197571,0.0035297225695103407
1699755.0802811,199999.96875,-0.0001248893531737849,1.5597350966345402e-08,5.294679183975859e-08,-0.5550239682197571,-0.5550239682197571,0.0033779058139771223
1699755.0804391,199999.96875,-0.00010435817239340395,1.0890627955006948e-08,5.197699692871538e-08,-0.5550239682197571,-0.5550239682197571,0.003226694418117404
1699755.0805921,199999.96875,-8.319439075421542e-05,6.921306638929536e-09,5.0670546869469035e-08,-0.5550239682197571,-0.5550239682197571,0.0030761733651161194
1699755.0807341,199999.96875,-6.163147190818563e-05,3.798438452662367e-09,4.905788131281952e-08,-0.5550239682197571,-0.5550239682197571,0.002926427172496915
1699755.0949594,199999.96875,-3.9902068238006905e-05,1.5921750584624306e-09,4.7181480056224245e-08,-0.5550239682197571,-0.5550239682197571,0.002777536166831851
1699755.0951211,199999.96875,-1.8235597963212058e-05,3.32537025693469e-10,4.509355377990687e-08,-0.5550239682197571,-0.5550239682197571,0.0026295792777091265
1699755.0952891,199999.96875,3.1440752081834944e-06,9.885208970827897e-12,4.285348609300854e-08,-0.5550239682197571,-0.5550239682197571,0.002482634736225009
1699755.0955244,199999.96875,2.4020857381401584e-05,5.770015576445076e-10,4.052511215490995e-08,-0.5550239682197571,-0.5550239682197571,0.0023367765825241804
1699755.1108508,199999.96875,4.418848402565345e-05,1.952622286083283e-09,3.817389071514299e-08,-0.5550239682197571,-0.5550239682197571,0.002192078158259392
1699755.1110042,199999.96875,6.345248402794823e-05,4.026218025643402e-09,3.586412589129395e-08,-0.5550239682197571,-0.5550239682197571,0.002048610942438245
1699755.1111655,199999.96875,8.16318643046543e-05,6.663761098479881e-09,3.3656402109727424e-08,-0.5550239682197571,-0.5550239682197571,0.0019064437365159392
1699755.1113188,199999.96875,9.856086398940533e-05,9.71424451989833e-09,3.160522510370356e-08,-0.5550239682197571,-0.5550239682197571,0.0017656430136412382
1699755.1249343,199999.96875,0.00011409015860408545,1.301656471497381e-08,2.9757043051859e-08,-0.5550239682197571,-0.5550239682197571,0.0016262739663943648
1699755.125139,199999.96875,0.00012808821338694543,1.640658808810258e-08,2.8148656738835598e-08,-0.5550239682197571,-0.5550239682197571,0.0014883987605571747
1699755.1254478,199999.96875,0.0001404421345796436,1.972399310545825e-08,2.6806119990396837e-08,-0.5550239682197571,-0.5550239682197571,0.0013520788634195924
1699755.1256469,199999.96875,0.00015105865895748138,2.281871935849722e-08,2.5744123277604558e-08,-0.5550239682197571,-0.5550239682197571,0.0012173717841506004
1699755.1397887,199999.96875,0.0001598644012119621,2.5556627036849022e-08,2.496583384470341e-08,-0.5550239682197571,-0.5550239682197571,0.001084334566257894
1699755.1399667,199999.96875,0.00016680647968314588,2.7824404114085155e-08,2.4463261638629774e-08,-0.5550239682197571,-0.5550239682197571,0.0009530213428661227
1699755.1403022,199999.96875,0.00017185248725581914,2.953327715715659e-08,2.4218039129664248e-08,-0.5550239682197571,-0.5550239682197571,0.000823484268039465
1699755.1405299,199999.96875,0.00017499031673651189,3.062160658373614e-08,2.4202591930588824e-08,-0.5550239682197571,-0.5550239682197571,0.0006957737496122718
1699755.1544532,199999.96875,0.00017622807354200631,3.105633439304256e-08,2.4381668239925602e-08,-0.5550239682197571,-0.5550239682197571,0.0005699375760741532
1699755.1553864,199999.96875,0.0001755933481035754,3.083302502204788e-08,2.4714063684427856e-08,-0.5550239682197571,-0.5550239682197571,0.000446021935204044
1699755.1557586,199999.96875,0.0001731326337903738,2.997490966549776e-08,2.5154587746101242e-08,-0.5550239682197571,-0.5550239682197571,0.00032407077378593385
1699755.1559378,199999.96875,0.00016891043924260885,2.8530735107779037e-08,2.5656040847366057e-08,-0.5550239682197571,-0.5550239682197571,0.00020412588492035866
1699755.169547,199999.96875,0.0001630081096664071,2.6571646216666522e-08,2.617124117421099e-08,-0.5550239682197571,-0.5550239682197571,8.622724271845073e-05
1699755.1706924,199999.96875,0.0001555228081997484,2.4187343683479412e-08,2.6654944917936518e-08,-0.5550239682197571,-0.5550239682197571,-2.958733239211142e-05
1699755.1718981,199999.96875,0.00014656607527285814,2.1481616485630184e-08,2.706560131571223e-08,-0.5550239682197571,-0.5550239682197571,-0.000143282042699866
1699755.1722082,199999.96875,0.00013626231520902365,1.8567416049108942e-08,2.7366899857383942e-08,-0.5550239682197571,-0.5550239682197571,-0.0002548230404499918
1699755.1842537,199999.96875,0.0001247472537215799,1.556187712026258e-08,2.7529020840688645e-08,-0.5550239682197571,-0.5550239682197571,-0.000364178471500054
1699755.1860172,199999.96875,0.00011216643906664103,1.2581310215864505e-08,2.7529575064022538e-08,-0.5550239682197571,-0.5550239682197571,-0.0004713185189757496
1699755.1863308,199999.96875,9.867327753454447e-05,9.736416117789304e-09,2.7354204235052748e-08,-0.5550239682197571,-0.5550239682197571,-0.0005762151558883488
1699755.1866069,199999.96875,8.44274545670487e-05,7.127995527156372e-09,2.699682077889065e-08,-0.5550239682197571,-0.5550239682197571,-0.000678842596244067
1699755.1994474,199999.96875,6.959304300835356e-05,4.843192069614588e-09,2.6459494151254148e-08,-0.5550239682197571,-0.5550239682197571,-0.0007791764801368117
1699755.2007744,199999.96875,5.433675687527284e-05,2.952483368900971e-09,2.5752010301971495e-08,-0.5550239682197571,-0.5550239682197571,-0.0008771949214860797
1699755.2017381,199999.96875,3.8826168747618794e-05,1.507471258932469e-09,2.4891159355888703e-08,-0.5550239682197571,-0.5550239682197571,-0.0009728775476105511
1699755.2029047,199999.96875,2.3227892597788014e-05,5.395349722547849e-10,2.3899715984043723e-08,-0.5550239682197571,-0.5550239682197571,-0.0010662057902663946
1699755.2158165,199999.96875,7.705930329393595e-06,5.938136787841941e-11,2.2805275889936638e-08,-0.5550239682197571,-0.5550239682197571,-0.0011571632931008935
1699755.2167684,199999.96875,-7.579996690765256e-06,5.745634523712795e-11,2.1638877356622288e-08,-0.5550239682197571,-0.5550239682197571,-0.0012457349803298712
1699755.217129,199999.96875,-2.2476015146821737e-05,5.051712936854358e-10,2.0433608582948182e-08,-0.5550239682197571,-0.5550239682197571,-0.0013319082790985703
1699755.2175075,199999.96875,-3.683557588374242e-05,1.356859513634845e-09,1.922314574187567e-08,-0.5550239682197571,-0.5550239682197571,-0.0014156714314594865
1699755.2293367,199999.96875,-5.0520815420895815e-05,2.552352551532522e-09,1.804033900043578e-08,-0.5550239682197571,-0.5550239682197571,-0.0014970151241868734
1699755.2305939,199999.96875,-6.340380059555173e-05,4.020042521091227e-09,1.691591045016594e-08,-0.5550239682197571,-0.5550239682197571,-0.0015759316738694906
1699755.2319799,199999.96875,-7.536766497651115e-05,5.680284687059611e-09,1.5877244408102342e-08,-0.5550239682197571,-0.5550239682197571,-0.0016524149104952812
1699755.2324654,199999.96875,-8.630754746263847e-05,7.448992533909404e-09,1.494744061858455e-08,-0.5550239682197571,-0.5550239682197571,-0.0017264606431126595
1699755.2590773,199999.96875,-9.613145084585994e-05,9.241254872449645e-09,1.4144506899071985e-08,-0.5550239682197571,-0.5550239682197571,-0.001798065728507936
1699755.2600848,199999.96875,-0.00010476096940692514,1.0974861019974469e-08,1.3480854654801533e-08,-0.5550239682197571,-0.5550239682197571,-0.001867228769697249
1699755.2612712,199999.96875,-0.00011213170364499092,1.2573520002945315e-08,1.2963009332622732e-08,-0.5550239682197571,-0.5550239682197571,-0.001933950581587851
1699755.2619472,199999.96875,-0.00011819374049082398,1.3969760459531244e-08,1.2591582887466757e-08,-0.5550239682197571,-0.5550239682197571,-0.001998232677578926
1699755.2745493,199999.96875,-0.00012291180610191077,1.5107312734130574e-08,1.236149937966502e-08,-0.5550239682197571,-0.5550239682197571,-0.00206007924862206
1699755.2757787,199999.96875,-0.0001262652949662879,1.5942925202239167e-08,1.2262428406017989e-08,-0.5550239682197571,-0.5550239682197571,-0.0021194941364228725
1699755.2767101,199999.96875,-0.00012824828445445746,1.6447623707449566e-08,1.2279434358219987e-08,-0.5550239682197571,-0.5550239682197571,-0.002176484791561961
1699755.2776731,199999.96875,-0.0001288691273657605,1.660725423846543e-08,1.2393766901652725e-08,-0.5550239682197571,-0.5550239682197571,-0.002231058431789279
1699755.2906422,199999.96875,-0.00012815018999390304,1.6422470494603658e-08,1.2583790010012308e-08,-0.5550239682197571,-0.5550239682197571,-0.0022832241374999285
1699755.2909906,199999.96875,-0.00012612727005034685,1.5908090844618528e-08,1.2825982942388237e-08,-0.5550239682197571,-0.5550239682197571,-0.002332992386072874
1699755.2912865,199999.96875,-0.00012284894182812423,1.509186198234147e-08,1.3095975859300779e-08,-0.5550239682197571,-0.5550239682197571,-0.0023803759831935167
1699755.2915266,199999.96875,-0.0001183757558465004,1.4012819349318306e-08,1.3369581886024662e-08,-0.5550239682197571,-0.5550239682197571,-0.0024253870360553265
1699755.3042153,199999.96875,-0.00011277940211584792,1.2719193698274012e-08,1.3623768779780221e-08,-0.5550239682197571,-0.5550239682197571,-0.0024680409114807844
1699755.3052019,199999.96875,-0.00010614169150358066,1.1266058308478932e-08,1.3837549772688362e-08,-0.5550239682197571,-0.5550239682197571,-0.002508352743461728
1699755.3064532,199999.96875,-9.855352254817262e-05,9.712796789074218e-09,1.3992751846103602e-08,-0.5550239682197571,-0.5550239682197571,-0.0025463395286351442
1699755.3074002,199999.96875,-9.011370275402442e-05,8.120478511841611e-09,1.4074639231864694e-08,-0.5550239682197571,-0.5550239682197571,-0.002582019893452525
1699755.3201474,199999.96875,-8.092779899016023e-05,6.5493090950496935e-09,1.4072348619720287e-08,-0.5550239682197571,-0.5550239682197571,-0.002615411998704076
1699755.3208886,199999.96875,-7.110687147360295e-05,5.056186580532085e-09,1.3979187585277941e-08,-0.5550239682197571,-0.5550239682197571,-0.0026465370319783688
1699755.3213562,199999.96875,-6.0766207752749324e-05,3.692532057897324e-09,1.3792707420634542e-08,-0.5550239682197571,-0.5550239682197571,-0.002675416646525264
1699755.3215222,199999.96875,-5.002402394893579e-05,2.5024029515208213e-09,1.3514624974675371e-08,-0.5550239682197571,-0.5550239682197571,-0.0027020717971026897
1699755.3347215,199999.96875,-3.9000191463856027e-05,1.5210149806321738e-09,1.3150564193153969e-08,-0.5550239682197571,-0.5550239682197571,-0.0027265280950814486
1699755.336679,199999.96875,-2.7814949135063216e-05,7.736713492079161e-10,1.270966265565221e-08,-0.5550239682197571,-0.5550239682197571,-0.002748807892203331
1699755.3369372,199999.96875,-1.658767541812267e-05,2.751509575737998e-10,1.2204033339457965e-08,-0.5550239682197571,-0.5550239682197571,-0.002768938196823001
1699755.3377136,199999.96875,-5.4356073633243795e-06,2.954582759007174e-11,1.1648137565600791e-08,-0.5550239682197571,-0.5550239682197571,-0.0027869443874806166
1699755.3510136,199999.96875,5.527281700778985e-06,3.05508396358789e-11,1.1058082449721951e-08,-0.5550239682197571,-0.5550239682197571,-0.0028028537053614855
1699755.3517802,199999.96875,1.6191412214539014e-05,2.6216179227489533e-10,1.0450894372127095e-08,-0.5550239682197571,-0.5550239682197571,-0.0028166938573122025
1699755.3521351,199999.96875,2.6452642487129197e-05,6.99742319643093e-10,9.84376224977268e-09,-0.5550239682197571,-0.5550239682197571,-0.002828494878485799
1699755.3522989,199999.96875,3.621324503910728e-05,1.3113989894009137e-09,9.253329658065468e-09,-0.5550239682197571,-0.5550239682197571,-0.0028382849413901567
1699755.3644657,199999.96875,4.53827487945091e-05,2.0595940508627564e-09,8.695022479798808e-09,-0.5550239682197571,-0.5550239682197571,-0.002846095245331526
1699755.3654751,199999.96875,5.387876808526926e-05,2.9029216808140745e-09,8.182466260109322e-09,-0.5550239682197571,-0.5550239682197571,-0.0028519562911242247
1699755.3668297,199999.96875,6.162767385831103e-05,3.797970382635185e-09,7.726993267453963e-09,-0.5550239682197571,-0.5550239682197571,-0.002855899976566434
1699755.3670687,199999.96875,6.85651320964098e-05,4.701177225285846e-09,7.337269458673745e-09,-0.5550239682197571,-0.5550239682197571,-0.002857958897948265
1699755.3800205,199999.96875,7.463665679097176e-05,5.570630179363434e-09,7.0190493417499056e-09,-0.5550239682197571,-0.5550239682197571,-0.0028581656515598297
1699755.3801949,199999.96875,7.9797871876508e-05,6.36770058903835e-09,6.775055627628035e-09,-0.5550239682197571,-0.5550239682197571,-0.002856553765013814
1699755.3803539,199999.96875,8.40148059069179e-05,7.05848757220906e-09,6.604987667913065e-09,-0.5550239682197571,-0.5550239682197571,-0.0028531576972454786
1699755.3805055,199999.96875,8.72640375746414e-05,7.615012620476591e-09,6.50566178705958e-09,-0.5550239682197571,-0.5550239682197571,-0.002848011674359441
1699755.3949484,199999.96875,8.953267388278618e-05,8.016099783958452e-09,6.471255087348027e-09,-0.5550239682197571,-0.5550239682197571,-0.002841151086613536
1699755.3960541,199999.96875,9.081829193746671e-05,8.247963201313269e-09,6.493654947092864e-09,-0.5550239682197571,-0.5550239682197571,-0.002832610858604312
1699755.3962789,199999.96875,9.112872794503346e-05,8.304445131557259e-09,6.562879573124292e-09,-0.5550239682197571,-0.5550239682197571,-0.0028224277775734663
1699755.3965597,199999.96875,9.048177162185311e-05,8.186949784771969e-09,6.667568719365136e-09,-0.5550239682197571,-0.5550239682197571,-0.0028106376994401217
1699755.410845,199999.96875,8.890478784451261e-05,7.9040614053838e-09,6.795500606671112e-09,-0.5550239682197571,-0.5550239682197571,-0.0027972771786153316
1699755.4124517,199999.96875,8.64341709529981e-05,7.47086481567294e-09,6.934127494417908e-09,-0.5550239682197571,-0.5550239682197571,-0.0027823839336633682
1699755.4129465,199999.96875,8.311489364132285e-05,6.9080861031523e-09,7.0711010380364314e-09,-0.5550239682197571,-0.5550239682197571,-0.002765995217487216
1699755.4131901,199999.96875,7.899972843006253e-05,6.240957528547142e-09,7.194771001195477e-09,-0.5550239682197571,-0.5550239682197571,-0.002748148050159216
1699755.4256119,199999.96875,7.414860738208517e-05,5.498015376304011e-09,7.294628456833152e-09,-0.5550239682197571,-0.5550239682197571,-0.0027288806159049273
1699755.4264074,199999.96875,6.862780719529837e-05,4.709775680566963e-09,7.361686815698931e-09,-0.5550239682197571,-0.5550239682197571,-0.0027082308661192656
1699755.4267377,199999.96875,6.25091852270998e-05,3.907397960745129e-09,7.388787359730031e-09,-0.5550239682197571,-0.5550239682197571,-0.0026862372178584337
1699755.4275686,199999.96875,5.5869219067972153e-05,3.1213693851839253e-09,7.3708141812289796e-09,-0.5550239682197571,-0.5550239682197571,-0.0026629380881786346
1699755.4408087,199999.96875,4.878822437603958e-05,2.38029085330993e-09,7.304814086950273e-09,-0.5550239682197571,-0.5550239682197571,-0.0026383723597973585
1699755.4423788,199999.96875,4.1349347156938165e-05,1.7097686599854e-09,7.1900303488803274e-09,-0.5550239682197571,-0.5550239682197571,-0.0026125784497708082
1699755.4428756,199999.96875,3.3637705200817436e-05,1.131495230843882e-09,7.027834758588369e-09,-0.5550239682197571,-0.5550239682197571,-0.0025855943094938993
1699755.4434772,199999.96875,2.573939855210483e-05,6.625165971385627e-10,6.821588183214544e-09,-0.5550239682197571,-0.5550239682197571,-0.0025574597530066967
1699755.4543704,199999.96875,1.774065640347544e-05,3.147308524908965e-10,6.576411859526843e-09,-0.5550239682197571,-0.5550239682197571,-0.0025282136630266905
1699755.4554568,199999.96875,9.726897587825079e-06,9.461254002474107e-11,6.298909394075736e-09,-0.5550239682197571,-0.5550239682197571,-0.00249789422377944
1699755.4562083,199999.96875,1.7818798596636043e-06,3.1750956031029176e-12,5.996826590859428e-09,-0.5550239682197571,-0.5550239682197571,-0.0024665407836437225
1699755.4573685,199999.96875,-6.013141501171049e-06,3.615787183552932e-11,5.6786908508854594e-09,-0.5550239682197571,-0.5550239682197571,-0.002434191759675741
1699755.4688305,199999.96875,-1.3580201994045638e-05,1.844218805446829e-10,5.353427035004188e-09,-0.5550239682197571,-0.5550239682197571,-0.0024008858017623425
1699755.470707,199999.96875,-2.0845376639044844e-05,4.3452969000767894e-10,5.0299724385638456e-09,-0.5550239682197571,-0.5550239682197571,-0.002366661559790373
1699755.4710833,199999.96875,-2.773943924694322e-05,7.694764825316724e-10,4.716912194169254e-09,-0.5550239682197571,-0.5550239682197571,-0.0023315579164773226
1699755.4716246,199999.96875,-3.419850690988824e-05,1.1695379109610826e-09,4.422140875703917e-09,-0.5550239682197571,-0.5550239682197571,-0.0022956125903874636
1699755.5003505,199999.96875,-4.016458478872664e-05,1.613193800764634e-09,4.152568067183893e-09,-0.5550239682197571,-0.5550239682197571,-0.002258864464238286
1699755.5005826,199999.96875,-4.558601722237654e-05,2.0780848153378884e-09,3.913873225513953e-09,-0.5550239682197571,-0.5550239682197571,-0.0022213507909327745
1699755.5008762,199999.96875,-5.041792610427365e-05,2.541967303315573e-09,3.7103291550266704e-09,-0.5550239682197571,-0.5550239682197571,-0.0021831095218658447
1699755.5010601,199999.96875,-5.462251647259109e-05,2.9836193515819787e-09,3.5446803270389182e-09,-0.5550239682197571,-0.5550239682197571,-0.0021441783756017685
1699755.5145021,199999.96875,-5.816930206492543e-05,3.3836677904020007e-09,3.4180973607078613e-09,-0.5550239682197571,-0.5550239682197571,-0.002104594837874174
1699755.5169607,199999.96875,-6.103529449319467e-05,3.725307173851888e-09,3.330194120465535e-09,-0.5550239682197571,-0.5550239682197571,-0.002064395695924759
1699755.518669,199999.96875,-6.320506508927792e-05,3.994879982371913e-09,3.279105653675174e-09,-0.5550239682197571,-0.5550239682197571,-0.002023617969825864
1699755.5191497,199999.96875,-6.46707703708671e-05,4.182309165656761e-09,3.261628078732315e-09,-0.5550239682197571,-0.5550239682197571,-0.0019822977483272552
1699755.5291733,199999.96875,-6.543198833242059e-05,4.281345500345424e-09,3.273404214354514e-09,-0.5550239682197571,-0.5550239682197571,-0.0019404718186706305
1699755.530701,199999.96875,-6.549570389324799e-05,4.289687272063247e-09,3.309149843033765e-09,-0.5550239682197571,-0.5550239682197571,-0.001898175454698503
1699755.5312916,199999.96875,-6.487593054771423e-05,4.208887016687868e-09,3.36290750801993e-09,-0.5550239682197571,-0.5550239682197571,-0.0018554441630840302
1699755.5314939,199999.96875,-6.359355757012963e-05,4.044140577974531e-09,3.428316741604931e-09,-0.5550239682197571,-0.5550239682197571,-0.0018123133340850472
1699755.5438222,199999.96875,-6.167586980154738e-05,3.803913184441399e-09,3.4988918429235127e-09,-0.5550239682197571,-0.5550239682197571,-0.001768817543052137
1699755.5447075,199999.96875,-5.915616566198878e-05,3.4994520614617386e-09,3.568290107835992e-09,-0.5550239682197571,-0.5550239682197571,-0.0017249907832592726
1699755.5453888,199999.96875,-5.6073313317028806e-05,3.1442166648076864e-09,3.6305636275102415e-09,-0.5550239682197571,-0.5550239682197571,-0.001680867513641715
1699755.5458191,199999.96875,-5.24711977050174e-05,2.753226535645581e-09,3.6803846636956905e-09,-0.5550239682197571,-0.5550239682197571,-0.001636480912566185
1699755.5602001,199999.96875,-4.839816756430082e-05,2.3423829542679186e-09,3.7132372732173735e-09,-0.5550239682197571,-0.5550239682197571,-0.0015918643912300467
1699755.560381,199999.96875,-4.390643516671844e-05,1.9277748286583574e-09,3.725565189682811e-09,-0.5550239682197571,-0.5550239682197571,-0.001547049731016159
1699755.5606143,199999.96875,-3.905145058524795e-05,1.5250156693014105e-09,3.714873297866461e-09,-0.5550239682197571,-0.5550239682197571,-0.0015020696446299553
1699755.5607987,199999.96875,-3.3891275961650535e-05,1.1486186446418856e-09,3.6797871416638372e-09,-0.5550239682197571,-0.5550239682197571,-0.001456956029869616
1699755.5742029,199999.96875,-2.8485877919592895e-05,8.114452998420063e-10,3.620056698849794e-09,-0.5550239682197571,-0.5550239682197571,-0.00141173938754946
1699755.5766819,199999.96875,-2.2896521841175854e-05,5.24250698408224e-10,3.536518189406479e-09,-0.5550239682197571,-0.5550239682197571,-0.0013664504513144493
1699755.5769129,199999.96875,-1.7185080650961027e-05,2.9532701284473717e-10,3.4310125851533257e-09,-0.5550239682197571,-0.5550239682197571,-0.0013211198383942246
1699755.5771894,199999.96875,-1.1413377251301426e-05,1.3026517364789214e-10,3.3062632631697397e-09,-0.5550239682197571,-0.5550239682197571,-0.0012757766526192427
1699755.5892693,199999.96875,-5.642539235850563e-06,3.183824731634033e-11,3.1657303445342677e-09,-0.5550239682197571,-0.5550239682197571,-0.001230450114235282
1699755.5898139,199999.96875,6.760276249906383e-08,4.570133656142108e-15,3.0134306161500035e-09,-0.5550239682197571,-0.5550239682197571,-0.0011851692106574774
1699755.5913779,199999.96875,5.659122052747989e-06,3.202565990179096e-11,2.8537487928304017e-09,-0.5550239682197571,-0.5550239682197571,-0.0011399611830711365
1699755.591955,199999.96875,1.1076554073952138e-05,1.2269005256193566e-10,2.6912434503145732e-09,-0.5550239682197571,-0.5550239682197571,-0.0010948542039841413
1699755.6043424,199999.96875,1.626742050575558e-05,2.6462892988021736e-10,2.5304469630782478e-09,-0.5550239682197571,-0.5550239682197571,-0.0010498746996745467
1699755.605331,199999.96875,2.1182710042921826e-05,4.4870721027656657e-10,2.3756825395793157e-09,-0.5550239682197571,-0.5550239682197571,-0.0010050492128357291
1699755.6063737,199999.96875,2.5777315386221744e-05,6.644699790392394e-10,2.2308905833767767e-09,-0.5550239682197571,-0.5550239682197571,-0.0009604031220078468
1699755.6066677,199999.96875,3.0010409318492748e-05,9.006247414511392e-10,2.099485696405168e-09,-0.5550239682197571,-0.5550239682197571,-0.0009159619803540409
1699755.6189456,199999.96875,3.384579758858308e-05,1.1455378867708532e-09,1.984234554441855e-09,-0.5550239682197571,-0.5550239682197571,-0.0008717500604689121
1699755.6197307,199999.96875,3.725217538885772e-05,1.387724601897844e-09,1.8871701978895317e-09,-0.5550239682197571,-0.5550239682197571,-0.0008277915185317397
1699755.6206881,199999.96875,4.020335472887382e-05,1.616309752705547e-09,1.8095359655134757e-09,-0.5550239682197571,-0.5550239682197571,-0.0007841096958145499
1699755.6208425,199999.96875,4.267843905836344e-05,1.8214493247015184e-09,1.751769396207692e-09,-0.5550239682197571,-0.5550239682197571,-0.000740727293305099
1699755.6354099,199999.96875,4.466191239771433e-05,1.994686416040281e-09,1.7135152186043001e-09,-0.5550239682197571,-0.5550239682197571,-0.0006976666045375168
1699755.6355708,199999.96875,4.6143686631694436e-05,2.129240117554332e-09,1.693672535552082e-09,-0.5550239682197571,-0.5550239682197571,-0.0006549490499310195
1699755.6357208,199999.96875,4.7119101509451866e-05,2.220209793790673e-09,1.690470874393668e-09,-0.5550239682197571,-0.5550239682197571,-0.000612595584243536
1699755.6359443,199999.96875,4.7588855522917584e-05,2.264699316967267e-09,1.7015695519262408e-09,-0.5550239682197571,-0.5550239682197571,-0.0005706267547793686
1699755.6508201,199999.96875,4.7558871301589534e-05,2.26184648788319e-09,1.7241766903097755e-09,-0.5550239682197571,-0.5550239682197571,-0.0005290618864819407
1699755.6515249,199999.96875,4.7040131903486326e-05,2.2127739640609434e-09,1.7551817776961798e-09,-0.5550239682197571,-0.5550239682197571,-0.00048792053712531924
1699755.6520344,199999.96875,4.6048469812376425e-05,2.1204615840986207e-09,1.791296333486514e-09,-0.5550239682197571,-0.5550239682197571,-0.0004472209548112005
1699755.6527665,199999.96875,4.4604279537452385e-05,1.989541642544168e-09,1.8291949066551183e-09,-0.5550239682197571,-0.5550239682197571,-0.0004069809219799936
1699755.6646526,199999.96875,4.273221566108987e-05,1.8260422063320902e-09,1.865652077270852e-09,-0.5550239682197571,-0.5550239682197571,-0.000367217930033803
1699755.6664004,199999.96875,4.046086178277619e-05,1.637081359362469e-09,1.8976706872564364e-09,-0.5550239682197571,-0.5550239682197571,-0.00032794842263683677
1699755.6680353,199999.96875,3.7822319427505136e-05,1.4305276963000324e-09,1.922592973713222e-09,-0.5550239682197571,-0.5550239682197571,-0.0002891886106226593
1699755.6683035,199999.96875,3.4851829695980996e-05,1.2146500472098865e-09,1.938195381967489e-09,-0.5550239682197571,-0.5550239682197571,-0.0002509536570869386
1699755.680055,199999.96875,3.1587318517267704e-05,9.977586534759553e-10,1.9427606190447477e-09,-0.5550239682197571,-0.5550239682197571,-0.00021325855050235987
1699755.6819877,199999.96875,2.8068965548300184e-05,7.878668273342271e-10,1.935127613705845e-09,-0.5550239682197571,-0.5550239682197571,-0.00017611740622669458
1699755.6827467,199999.96875,2.433870940876659e-05,5.923727064427453e-10,1.914711278416803e-09,-0.5550239682197571,-0.5550239682197571,-0.0001395437866449356
1699755.683668,199999.96875,2.0439805666683242e-05,4.1778566717276533e-10,1.8815053959286843e-09,-0.5550239682197571,-0.5550239682197571,-0.0001035506502375938
1699755.6938122,199999.96875,1.641633571125567e-05,2.694960643534472e-10,1.8360555298357895e-09,-0.5550239682197571,-0.5550239682197571,-6.815036613261327e-05
1699755.695372,199999.96875,1.2312739272601902e-05,1.5160354915888519e-10,1.7794153928107903e-09,-0.5550239682197571,-0.5550239682197571,-3.3354677725583315e-05
1699755.6965277,199999.96875,8.17332329461351e-06,6.680321573693249e-11,1.7130782348218077e-09,-0.5550239682197571,-0.5550239682197571,8.252563930000179e-07
1699755.6970657,199999.96875,4.041832198709017e-06,1.633640965559291e-11,1.6388985724091754e-09,-0.5550239682197571,-0.5550239682197571,3.437887062318623e-05
1699755.7099253,199999.96875,-3.901259404415214e-08,1.5219824691861802e-15,1.5590009283528161e-09,-0.5550239682197571,-0.5550239682197571,6.729620508849621e-05
1699755.7110217,199999.96875,-4.027924205729505e-06,1.6224171311973734e-11,1.4756794675108154e-09,-0.5550239682197571,-0.5550239682197571,9.956785652320832e-05
1699755.7117535,199999.96875,-7.885454579081852e-06,6.218039277916532e-11,1.3912959673234582e-09,-0.5550239682197571,-0.5550239682197571,0.00013118505012243986
1699755.7127002,199999.96875,-1.1574365089472849e-05,1.339659216892386e-10,1.3081816740978525e-09,-0.5550239682197571,-0.5550239682197571,0.00016213953495025635
1699755.7403029,199999.96875,-1.505995896877721e-05,2.2680235467475995e-10,1.2285399364486693e-09,-0.5550239682197571,-0.5550239682197571,0.0001924236712511629
1699755.7405175,199999.96875,-1.831039844546467e-05,3.352707000914279e-10,1.1543626055043887e-09,-0.5550239682197571,-0.5550239682197571,0.00022203040134627372
1699755.7410877,199999.96875,-2.129696076735854e-05,4.5356052247313983e-10,1.0873556499646497e-09,-0.5550239682197571,-0.5550239682197571,0.00025095316232182086
1699755.741739,199999.96875,-2.3994294679141603e-05,5.757261334338182e-10,1.02888098041376e-09,-0.5550239682197571,-0.5550239682197571,0.0002791859151329845
1699755.7544964,199999.96875,-2.6380570488981903e-05,6.959344212020824e-10,9.799153710687847e-10,-0.5550239682197571,-0.5550239682197571,0.00030672334833070636
1699755.7558858,199999.96875,-2.8437672881409526e-05,8.087012726143428e-10,9.410248136276778e-10,-0.5550239682197571,-0.5550239682197571,0.0003335605433676392
1699755.7561416,199999.96875,-3.015129732375499e-05,9.091006836214888e-10,9.123592437099148e-10,-0.5550239682197571,-0.5550239682197571,0.0003596930764615536
1699755.7563469,199999.96875,-3.151099735987373e-05,9.929429500843412e-10,8.936626438860173e-10,-0.5550239682197571,-0.5550239682197571,0.0003851171932183206
1699755.7697346,199999.96875,-3.2510230084881186e-05,1.0569151109862673e-09,8.84300521697412e-10,-0.5550239682197571,-0.5550239682197571,0.0004098296049050987
1699755.7699495,199999.96875,-3.3146363421110436e-05,1.0986814791280608e-09,8.833017650644592e-10,-0.5550239682197571,-0.5550239682197571,0.000433827459346503
1699755.7702632,199999.96875,-3.3420550607843325e-05,1.116933212585991e-09,8.894115444135764e-10,-0.5550239682197571,-0.5550239682197571,0.0004571085737552494
1699755.7704589,199999.96875,-3.333771019242704e-05,1.1114030806780306e-09,9.011545953896416e-10,-0.5550239682197571,-0.5550239682197571,0.00047967108548618853
1699755.7853149,199999.96875,-3.290637323516421e-05,1.0828294927378579e-09,9.169046633061839e-10,-0.5550239682197571,-0.5550239682197571,0.0005015136557631195
1699755.7855688,199999.96875,-3.2138475944520906e-05,1.0328816690829967e-09,9.349570007088914e-10,-0.5550239682197571,-0.5550239682197571,0.0005226355860941112
1699755.785872,199999.96875,-3.104923598584719e-05,9.640551690281995e-10,9.53601309028329e-10,-0.5550239682197571,-0.5550239682197571,0.000543036381714046
1699755.786078,199999.96875,-2.9656855986104347e-05,8.795291717156317e-10,9.711917936527925e-10,-0.5550239682197571,-0.5550239682197571,0.0005627162754535675
1699755.8004844,199999.96875,-2.7982310712104663e-05,7.830096571126433e-10,9.862116678860389e-10,-0.5550239682197571,-0.5550239682197571,0.0005816758493892848
1699755.8008739,199999.96875,-2.60490742221009e-05,6.785542683296342e-10,9.973287751208204e-10,-0.5550239682197571,-0.5550239682197571,0.0005999160930514336
1699755.801102,199999.96875,-2.3882786990725435e-05,5.703875705087569e-10,1.0034441055850607e-09,-0.5550239682197571,-0.5550239682197571,0.0006174384616315365
1699755.8012471,199999.96875,-2.1510972146643326e-05,4.6272194409446854e-10,1.0037242148541736e-09,-0.5550239682197571,-0.5550239682197571,0.0006342449923977256
1699755.8146692,199999.96875,-1.896271169243846e-05,3.5958444555284075e-10,9.976265369360249e-10,-0.5550239682197571,-0.5550239682197571,0.0006503377808257937
1699755.8166317,199999.96875,-1.6268284525722265e-05,2.646571017894672e-10,9.849070448098018e-10,-0.5550239682197571,-0.5550239682197571,0.0006657197955064476
1699755.8169378,199999.96875,-1.34588608489139e-05,1.8114094946231063e-10,9.656192512252915e-10,-0.5550239682197571,-0.5550239682197571,0.0006803938886150718
1699755.8172435,199999.96875,-1.0566133823886048e-05,1.1164318081124947e-10,9.400975553575108e-10,-0.5550239682197571,-0.5550239682197571,0.0006943638436496258
1699755.8296976,199999.96875,-7.621983968419954e-06,5.8094640209560566e-11,9.089332619893753e-10,-0.5550239682197571,-0.5550239682197571,0.0007076335023157299
1699755.8307423,199999.96875,-4.658156740333652e-06,2.1698426042049412e-11,8.729383327299445e-10,-0.5550239682197571,-0.5550239682197571,0.0007202069973573089
1699755.8317976,199999.96875,-1.7059182937373407e-06,2.9101571413087113e-12,8.331028089614279e-10,-0.5550239682197571,-0.5550239682197571,0.0007320892764255404
1699755.8320514,199999.96875,1.204245336339227e-06,1.4502068166125093e-12,7.905470167379747e-10,-0.5550239682197571,-0.5550239682197571,0.0007432851125486195
1699755.8447348,199999.96875,4.042935870529618e-06,1.6345327868982906e-11,7.464697193704239e-10,-0.5550239682197571,-0.5550239682197571,0.0007537998026236892
1699755.8448973,199999.96875,6.782123818993568e-06,4.5997199105141107e-11,7.020956038772397e-10,-0.5550239682197571,-0.5550239682197571,0.0007636392256245017
1699755.8450517,199999.96875,9.395410415891092e-06,8.827374248232545e-11,6.586241552142269e-10,-0.5550239682197571,-0.5550239682197571,0.0007728093187324703
1699755.8453599,199999.96875,1.185825931315776e-05,1.406182947860657e-10,6.171811395283555e-10,-0.5550239682197571,-0.5550239682197571,0.0007813164847902954
1699755.8613169,199999.96875,1.4148228729027323e-05,2.0017239255043506e-10,5.787752499486487e-10,-0.5550239682197571,-0.5550239682197571,0.0007891671848483384
1699755.8623459,199999.96875,1.6245143342530355e-05,2.6390467589010314e-10,5.442625794493949e-10,-0.5550239682197571,-0.5550239682197571,0.0007963685202412307
1699755.8626827,199999.96875,1.8131264369003475e-05,3.2874275524008567e-10,5.143165893173318e-10,-0.5550239682197571,-0.5550239682197571,0.000802927534095943
1699755.8629501,199999.96875,1.9791425074799918e-05,3.9170053311998743e-10,4.894089578044714e-10,-0.5550239682197571,-0.5550239682197571,0.0008088519680313766
1699755.875049,199999.96875,2.1213118088780902e-05,4.499964012527613e-10,4.697983113644e-10,-0.5550239682197571,-0.5550239682197571,0.0008141494472511113
1699755.8757096,199999.96875,2.2386584532796405e-05,5.011591142078942e-10,4.555285038065904e-10,-0.5550239682197571,-0.5550239682197571,0.000818828004412353
1699755.8765263,199999.96875,2.330484494450502e-05,5.431157745761084e-10,4.464356939681835e-10,-0.5550239682197571,-0.5550239682197571,0.0008228959632106125
1699755.8769595,199999.96875,2.396373929514084e-05,5.742608055747667e-10,4.421635557694259e-10,-0.5550239682197571,-0.5550239682197571,0.000826361880172044
1699755.891216,199999.96875,2.436186514387373e-05,5.935005265023108e-10,4.4218606554125017e-10,-0.5550239682197571,-0.5550239682197571,0.0008292342536151409
1699755.8924649,199999.96875,2.4500570361851715e-05,6.002779384672863e-10,4.45835951490281e-10,-0.5550239682197571,-0.5550239682197571,0.0008315223385579884
1699755.8931131,199999.96875,2.4383864001720212e-05,5.94572835410645e-10,4.523374452780615e-10,-0.5550239682197571,-0.5550239682197571,0.0008332350407727063
1699755.8938939,199999.96875,2.4018328986130655e-05,5.768801547567648e-10,4.608430026475929e-10,-0.5550239682197571,-0.5550239682197571,0.0008343819645233452
1699755.9047959,199999.96875,2.341299295949284e-05,5.481681775165725e-10,4.704702183389031e-10,-0.5550239682197571,-0.5550239682197571,0.0008349724812433124
1699755.9052675,199999.96875,2.257916821690742e-05,5.098188537999704e-10,4.803399344943671e-10,-0.5550239682197571,-0.5550239682197571,0.0008350163698196411
1699755.9058815,199999.96875,2.1530311641981825e-05,4.6355430605160564e-10,4.896110183949531e-10,-0.5550239682197571,-0.5550239682197571,0.0008345237001776695
1699755.9061195,199999.96875,2.0281828255974688e-05,4.113525908788773e-10,4.97513585884235e-10,-0.5550239682197571,-0.5550239682197571,0.0008335043676197529
1699755.9205446,199999.96875,1.8850856577046216e-05,3.5535480114035067e-10,5.033770622553391e-10,-0.5550239682197571,-0.5550239682197571,0.000831968616694212
1699755.9215231,199999.96875,1.725607944536023e-05,2.9777225130089846e-10,5.066532193787054e-10,-0.5550239682197571,-0.5550239682197571,0.0008299269829876721
1699755.9218286,199999.96875,1.551747482153587e-05,2.407919974523054e-10,5.06932995580911e-10,-0.5550239682197571,-0.5550239682197571,0.0008273896528407931
1699755.9221397,199999.96875,1.3656092050950974e-05,1.864888660163544e-10,5.039573203191594e-10,-0.5550239682197571,-0.5550239682197571,0.0008243675110861659
1699755.9357343,199999.96875,1.1693808119161986e-05,1.3674514298678275e-10,4.976210554730187e-10,-0.5550239682197571,-0.5550239682197571,0.0008208711515180767
1699755.9362344,199999.96875,9.653082997829188e-06,9.318200377972374e-11,4.879701087645572e-10,-0.5550239682197571,-0.5550239682197571,0.0008169114589691162
1699755.936419,199999.96875,7.556706805189606e-06,5.710381473233994e-11,4.751935511748684e-10,-0.5550239682197571,-0.5550239682197571,0.00081249960931018
1699755.9367066,199999.96875,5.427571977634216e-06,2.9458536304760585e-11,4.596087121999659e-10,-0.5550239682197571,-0.5550239682197571,0.0008076461963355541
1699755.9521359,199999.96875,3.2884188385651214e-06,1.0813697159939295e-11,4.4164294443760355e-10,-0.5550239682197571,-0.5550239682197571,0.0008023626287467778
1699755.9525511,199999.96875,1.161609020527976e-06,1.3493353569898892e-12,4.218111138154512e-10,-0.5550239682197571,-0.5550239682197571,0.0007966600242070854
1699755.9531742,199999.96875,-9.310995778832876e-07,8.66946434346233e-13,4.0069009221710417e-10,-0.5550239682197571,-0.5550239682197571,0.0007905496167950332
1699755.9543557,199999.96875,-2.9687660116906045e-06,8.81357226784063e-12,3.788927782633067e-10,-0.5550239682197571,-0.5550239682197571,0.0007840426405891776
1699755.9801179,199999.96875,-4.931467174174031e-06,2.4319365965475015e-11,3.5704048051421466e-10,-0.5550239682197571,-0.5550239682197571,0.0007771505042910576
1699755.9803344,199999.96875,-6.8004801505594514e-06,4.62465274408963e-11,3.3573735458425347e-10,-0.5550239682197571,-0.5550239682197571,0.0007698846748098731
1699755.9806891,199999.96875,-8.558454283047467e-06,7.32471305830984e-11,3.1554572843539574e-10,-0.5550239682197571,-0.5550239682197571,0.0007622566190548241
1699755.9809104,199999.96875,-1.018956390907988e-05,1.0382721071788836e-10,2.969646195616349e-10,-0.5550239682197571,-0.5550239682197571,0.000754277512896806
1699755.9943121,199999.96875,-1.1679633644234855e-05,1.364138385584468e-10,2.8041177713156173e-10,-0.5550239682197571,-0.5550239682197571,0.0007459589978680015
1699755.9956521,199999.96875,-1.3016254342801403e-05,1.694228785042995e-10,2.6620966542267865e-10,-0.5550239682197571,-0.5550239682197571,0.0007373125990852714
1699755.9959178,199999.96875,-1.4188872228260152e-05,2.0132411016060558e-10,2.545759159033878e-10,-0.5550239682197571,-0.5550239682197571,0.000728349550627172
1699755.9961642,199999.96875,-1.5188867109827697e-05,2.3070167998184843e-10,2.4561885858531696e-10,-0.5550239682197571,-0.5550239682197571,0.0007190816104412079
1699756.0091815,199999.96875,-1.600959149072878e-05,2.563070589101102e-10,2.3933729997871467e-10,-0.5550239682197571,-0.5550239682197571,0.0007095200126059353
1699756.0102014,199999.96875,-1.664639603404794e-05,2.771025076064859e-10,2.3562493622897307e-10,-0.5550239682197571,-0.5550239682197571,0.0006996761076152325
1699756.0112583,199999.96875,-1.709664320515003e-05,2.922952158090908e-10,2.3427912387852246e-10,-0.5550239682197571,-0.5550239682197571,0.0006895616534166038
1699756.0115335,199999.96875,-1.7359687262796797e-05,3.0135871575964757e-10,2.3501312007567776e-10,-0.5550239682197571,-0.5550239682197571,0.000679187651257962
1699756.0266807,199999.96875,-1.7436843336327e-05,3.0404354034452297e-10,2.3747115385219786e-10,-0.5550239682197571,-0.5550239682197571,0.000668565568048507
1699756.0270024,199999.96875,-1.733132558001671e-05,3.0037483611522475e-10,2.4124582886919654e-10,-0.5550239682197571,-0.5550239682197571,0.0006577065214514732
1699756.0276616,199999.96875,-1.704817077552434e-05,2.906401230795552e-10,2.4589677516395625e-10,-0.5550239682197571,-0.5550239682197571,0.0006466219201683998
1699756.0278522,199999.96875,-1.6594160115346313e-05,2.7536611879597217e-10,2.50970078052859e-10,-0.5550239682197571,-0.5550239682197571,0.000635322998277843
1699756.0388131,199999.96875,-1.5977702787495218e-05,2.552869859950846e-10,2.560175960120148e-10,-0.5550239682197571,-0.5550239682197571,0.0006238206406123936
1699756.0412289,199999.96875,-1.5208706827252172e-05,2.3130475312882481e-10,2.606147242456558e-10,-0.5550239682197571,-0.5550239682197571,0.0006121259066276252
1699756.0415596,199999.96875,-1.4298462701844983e-05,2.044460156724881e-10,2.6437674272017375e-10,-0.5550239682197571,-0.5550239682197571,0.0006002497975714505
1699756.0418352,199999.96875,-1.3259482329885941e-05,1.758138773455542e-10,2.669730547744109e-10,-0.5550239682197571,-0.5550239682197571,0.0005882030236534774
1699756.0546863,199999.96875,-1.210534082929371e-05,1.4653929458763315e-10,2.681383448610575e-10,-0.5550239682197571,-0.5550239682197571,0.0005759964697062969
1699756.0556871,199999.96875,-1.085053099814104e-05,1.1773401698000896e-10,2.6768068317473137e-10,-0.5550239682197571,-0.5550239682197571,0.0005636409041471779
1699756.0558928,199999.96875,-9.510270501777995e-06,9.04452415739776e-11,2.6548616083310606e-10,-0.5550239682197571,-0.5550239682197571,0.0005511468043550849
1699756.0566097,199999.96875,-8.10034543974325e-06,6.561560322859705e-11,2.6152036092241815e-10,-0.5550239682197571,-0.5550239682197571,0.0005385245895013213
1699756.0702209,199999.96875,-6.636924808844924e-06,4.4048775044158717e-11,2.5582647111832557e-10,-0.5550239682197571,-0.5550239682197571,0.0005257846787571907
1699756.0704018,199999.96875,-5.136391791893402e-06,2.638252116771156e-11,2.485200933932674e-10,-0.5550239682197571,-0.5550239682197571,0.0005129373748786747
1699756.0706265,199999.96875,-3.615158448155853e-06,1.3069370238816269e-11,2.3978161123316966e-10,-0.5550239682197571,-0.5550239682197571,0.0004999926313757896
1699756.0708331,199999.96875,-2.0895065517834155e-06,4.36603747946962e-12,2.2984573966322586e-10,-0.5550239682197571,-0.5550239682197571,0.00048696063458919525
1699756.0841406,199999.96875,-5.754130256718781e-07,3.3110011043654963e-13,2.189900205618045e-10,-0.5550239682197571,-0.5550239682197571,0.0004738511925097555
1699756.0858631,199999.96875,9.116060937230941e-07,8.310256779595071e-13,2.0752141671742663e-10,-0.5550239682197571,-0.5550239682197571,0.00046067405492067337
1699756.08611,199999.96875,2.3566476556879934e-06,5.553788765683132e-12,1.9576248955210929e-10,-0.5550239682197571,-0.5550239682197571,0.0004474388842936605
1699756.0863497,199999.96875,3.745563617485459e-06,1.402924738186373e-11,1.8403752133355766e-10,-0.5550239682197571,-0.5550239682197571,0.000434155052062124
1699756.0999906,199999.96875,5.06509013575851e-06,2.5655139471170152e-11,1.7265917862108182e-10,-0.5550239682197571,-0.5550239682197571,0.0004208320751786232
1699756.1001497,199999.96875,6.302969268290326e-06,3.9727426209834604e-11,1.619161194010843e-10,-0.5550239682197571,-0.5550239682197571,0.0004074790049344301
1699756.100309,199999.96875,7.448053565894952e-06,5.547350426238218e-11,1.5206222392372126e-10,-0.5550239682197571,-0.5550239682197571,0.0003941048926208168
1699756.1004592,199999.96875,8.490394975524396e-06,7.208681568338093e-11,1.433075880186152e-10,-0.5550239682197571,-0.5550239682197571,0.000380718702217564
1699756.1138403,199999.96875,9.421330105396919e-06,8.876146345704328e-11,1.3581173685661696e-10,-0.5550239682197571,-0.5550239682197571,0.00036732913576997817
1699756.114732,199999.96875,1.0233537068415899e-05,1.0472528400029546e-10,1.2967919793549498e-10,-0.5550239682197571,-0.5550239682197571,0.0003539447207003832
1699756.1161943,199999.96875,1.0921079592662863e-05,1.1926999665679006e-10,1.2495748880070323e-10,-0.5550239682197571,-0.5550239682197571,0.0003405740426387638
1699756.1165427,199999.96875,1.1479450222395826e-05,1.3177778313000488e-10,1.2163758889016663e-10,-0.5550239682197571,-0.5550239682197571,0.0003272251633461565
1699756.1300982,199999.96875,1.1905574865522794e-05,1.4174270090983043e-10,1.1965659019175234e-10,-0.5550239682197571,-0.5550239682197571,0.0003139063192065805
1699756.1321755,199999.96875,1.2197827345516998e-05,1.487869827343502e-10,1.1890255446900255e-10,-0.5550239682197571,-0.5550239682197571,0.00030062542646192014
1699756.1324785,199999.96875,1.2355997569102328e-05,1.526706955301549e-10,1.192210774547675e-10,-0.5550239682197571,-0.5550239682197571,0.0002873901685234159
1699756.1328677,199999.96875,1.238127879332751e-05,1.5329608415992624e-10,1.2042337960149752e-10,-0.5550239682197571,-0.5550239682197571,0.00027420822880230844
1699756.1450296,199999.96875,1.2276223969820421e-05,1.507056701655074e-10,1.2229539603225703e-10,-0.5550239682197571,-0.5550239682197571,0.00026108691236004233
1699756.1462756,199999.96875,1.2044676623190753e-05,1.450742442843378e-10,1.2460772691458288e-10,-0.5550239682197571,-0.5550239682197571,0.00024803364067338407
1699756.1486664,199999.96875,1.1691726285789628e-05,1.3669647358494075e-10,1.2712537966752535e-10,-0.5550239682197571,-0.5550239682197571,0.00023505534045398235
1699756.1489371,199999.96875,1.1223601177334785e-05,1.2596920728746852e-10,1.296177609688698e-10,-0.5550239682197571,-0.5550239682197571,0.00022215901117306203
1699756.1613697,199999.96875,1.0647607268765569e-05,1.1337153438262249e-10,1.318678499728776e-10,-0.5550239682197571,-0.5550239682197571,0.000209351273952052
1699756.1618399,199999.96875,9.972008228942286e-06,9.94409415921993e-11,1.3368040008288062e-10,-0.5550239682197571,-0.5550239682197571,0.00019663872080855072
1699756.1621387,199999.96875,9.205929927702527e-06,8.474913826272967e-11,1.3488898886748757e-10,-0.5550239682197571,-0.5550239682197571,0.00018402775458525866
1699756.1625059,199999.96875,8.35924583952874e-06,6.98769930806975e-11,1.353616108090705e-10,-0.5550239682197571,-0.5550239682197571,0.00017152447253465652
1699756.1748408,199999.96875,7.442453352268785e-06,5.539010916599807e-11,1.35004493695412e-10,-0.5550239682197571,-0.5550239682197571,0.0001591349282534793
1699756.1766637,199999.96875,6.466560989792924e-06,4.181641144462844e-11,1.3376426355460325e-10,-0.5550239682197571,-0.5550239682197571,0.00014686488430015743
1699756.1773343,199999.96875,5.442952442535898e-06,2.9625735892269134e-11,1.316284858887684e-10,-0.5550239682197571,-0.5550239682197571,0.00013472004502546042
1699756.1776778,199999.96875,4.383268333185697e-06,1.9213042615207065e-11,1.2862430565085958e-10,-0.5550239682197571,-0.5550239682197571,0.00012270582374185324
1699756.1910202,199999.96875,3.2992763863148866e-06,1.0885225880385985e-11,1.248155329092171e-10,-0.5550239682197571,-0.5550239682197571,0.00011082753917435184
1699756.1918142,199999.96875,2.2027459181117592e-06,4.8520896502035615e-12,1.202985211445906e-10,-0.5550239682197571,-0.5550239682197571,9.90902044577524e-05
1699756.1922271,199999.96875,1.1053289199480787e-06,1.2217518663426574e-12,1.1519683124072699e-10,-0.5550239682197571,-0.5550239682197571,8.749878907110542e-05
1699756.192844,199999.96875,1.8437594562215054e-08,3.399448943285907e-16,1.0965477137414581e-10,-0.5550239682197571,-0.5550239682197571,7.605799328302965e-05
1699756.2201624,199999.96875,-1.046866941578628e-06,1.0959304210661491e-12,1.0383079812603668e-10,-0.5550239682197571,-0.5550239682197571,6.477236456703395e-05
1699756.2203934,199999.96875,-2.079981641145423e-06,4.326323153891476e-12,9.789014043803945e-11,-0.5550239682197571,-0.5550239682197571,5.364626849768683e-05
1699756.2206679,199999.96875,-3.0708645226695808e-06,9.430209217675678e-12,9.199788847391588e-11,-0.5550239682197571,-0.5550239682197571,4.268388147465885e-05
1699756.2208678,199999.96875,-4.010123575426405e-06,1.6081091319675167e-11,8.63119992144945e-11,-0.5550239682197571,-0.5550239682197571,3.188920527463779e-05
1699756.2339203,199999.96875,-4.889102910965448e-06,2.3903328968954973e-11,8.097726655886817e-11,-0.5550239682197571,-0.5550239682197571,2.126606341334991e-05
1699756.23477,199999.96875,-5.699955181626137e-06,3.248949373424459e-11,7.611974245369524e-11,-0.5550239682197571,-0.5550239682197571,1.0818102055054624e-05
1699756.2363916,199999.96875,-6.435709565266734e-06,4.141835832638385e-11,7.184236539004019e-11,-0.5550239682197571,-0.5550239682197571,5.487784733304579e-07
1699756.2365941,199999.96875,-7.090320195857203e-06,5.027264021739697e-11,6.822172687881434e-11,-0.5550239682197571,-0.5550239682197571,-9.538613085169345e-06
1699756.2506235,199999.96875,-7.65871209296165e-06,5.86558787651903e-11,6.530591345477177e-11,-0.5550239682197571,-0.5550239682197571,-1.944096220540814e-05
1699756.2507836,199999.96875,-8.136815267789643e-06,6.620776149546259e-11,6.31137919704372e-11,-0.5550239682197571,-0.5550239682197571,-2.9155326046748087e-05
1699756.2510254,199999.96875,-8.521579729858786e-06,7.261732187791026e-11,6.163534960190731e-11,-0.5550239682197571,-0.5550239682197571,-3.8678950659232214e-05
1699756.2511593,199999.96875,-8.81099549587816e-06,7.76336425700741e-11,6.083335918338761e-11,-0.5550239682197571,-0.5550239682197571,-4.800922397407703e-05
1699756.2651648,199999.96875,-9.004075764096342e-06,8.107337023943728e-11,6.064591190346746e-11,-0.5550239682197571,-0.5550239682197571,-5.7143734011333436e-05
1699756.2654082,199999.96875,-9.100862371269614e-06,8.28256907503544e-11,6.099012267446469e-11,-0.5550239682197571,-0.5550239682197571,-6.608022522414103e-05
1699756.2657273,199999.96875,-9.102393050852697e-06,8.285355734827249e-11,6.176620326314719e-11,-0.5550239682197571,-0.5550239682197571,-7.481661305064335e-05
1699756.26593,199999.96875,-9.010672329168301e-06,8.11922057364356e-11,6.286240278319255e-11,-0.5550239682197571,-0.5550239682197571,-8.335096208611503e-05
1699756.2797288,199999.96875,-8.828625141177326e-06,7.794462991705942e-11,6.415989961539026e-11,-0.5550239682197571,-0.5550239682197571,-9.168152610072866e-05
1699756.28096,199999.96875,-8.560060450690798e-06,7.327464329742739e-11,6.55380749670087e-11,-0.5550239682197571,-0.5550239682197571,-9.98066971078515e-05
1699756.281298,199999.96875,-8.209598490793724e-06,6.739751118312043e-11,6.687941173089129e-11,-0.5550239682197571,-0.5550239682197571,-0.0001077250562957488
1699756.2815886,199999.96875,-7.78260891820537e-06,6.056899426454265e-11,6.807417823884165e-11,-0.5550239682197571,-0.5550239682197571,-0.0001154353012680076
1699756.294157,199999.96875,-7.285148512892192e-06,5.3073389433277995e-11,6.90245499646025e-11,-0.5550239682197571,-0.5550239682197571,-0.0001229362969752401
1699756.2947741,199999.96875,-6.723868864355609e-06,4.5210411803164874e-11,6.964817611532226e-11,-0.5550239682197571,-0.5550239682197571,-0.00013022714119870216
1699756.2959007,199999.96875,-6.105946340539958e-06,3.7282583270625835e-11,6.988073314451171e-11,-0.5550239682197571,-0.5550239682197571,-0.0001373069389956072
1699756.2960544,199999.96875,-5.438991593109677e-06,2.958263148333806e-11,6.967783988676146e-11,-0.5550239682197571,-0.5550239682197571,-0.00014417502097785473
1699756.3091423,199999.96875,-4.730961336463224e-06,2.238199556248155e-11,6.901600124731289e-11,-0.5550239682197571,-0.5550239682197571,-0.00015083092148415744
1699756.3097254,199999.96875,-3.9900683077576105e-06,1.5920645010658596e-11,6.789267759099715e-11,-0.5550239682197571,-0.5550239682197571,-0.0001572742621647194
1699756.3106068,199999.96875,-3.224692363801296e-06,1.039864028218318e-11,6.632542431939115e-11,-0.5550239682197571,-0.5550239682197571,-0.0001635047374293208
1699756.3111532,199999.96875,-2.4432872578472598e-06,5.969653157217314e-12,6.435032368079519e-11,-0.5550239682197571,-0.5550239682197571,-0.00016952231817413121
1699756.3247833,199999.96875,-1.6542944649700075e-06,2.7366904315623275e-12,6.20196463629874e-11,-0.5550239682197571,-0.5550239682197571,-0.00017532698984723538
1699756.3261172,199999.96875,-8.660529715598386e-07,7.500477561088459e-13,5.939908287455609e-11,-0.5550239682197571,-0.5550239682197571,-0.0001809189561754465
1699756.3264148,199999.96875,-8.671539575288989e-08,7.519558706172574e-15,5.6564385120250193e-11,-0.5550239682197571,-0.5550239682197571,-0.00018629850819706917
1699756.3266498,199999.96875,6.758312451893289e-07,4.567478123149171e-13,5.359778593172493e-11,-0.5550239682197571,-0.5550239682197571,-0.00019146614067722112
1699756.3393319,199999.96875,1.4140430266706971e-06,1.9995179557225073e-12,5.0584359617689145e-11,-0.5550239682197571,-0.5550239682197571,-0.00019642237748485059
1699756.3395433,199999.96875,2.120789986292948e-06,4.497750696191849e-12,4.7608389452946653e-11,-0.5550239682197571,-0.5550239682197571,-0.00020116785890422761
1699756.3410822,199999.96875,2.7894209324585972e-06,7.78086883118645e-12,4.474989823144426e-11,-0.5550239682197571,-0.5550239682197571,-0.0002057035017060116
1699756.3421258,199999.96875,3.4138224691560026e-06,1.165418282711439e-11,4.208149800843941e-11,-0.5550239682197571,-0.5550239682197571,-0.0002100301207974553
1699756.3557592,199999.96875,3.988471689808648e-06,1.5907908670897974e-11,3.966572556524106e-11,-0.5550239682197571,-0.5550239682197571,-0.00021414885122794658
1699756.3577992,199999.96875,4.5084802877681796e-06,2.0326393346259408e-11,3.755287053541778e-11,-0.5550239682197571,-0.5550239682197571,-0.00021806079894304276
1699756.3582173,199999.96875,4.969630481355125e-06,2.4697226902459235e-11,3.5779379459199845e-11,-0.5550239682197571,-0.5550239682197571,-0.0002217672736151144
1699756.3585097,199999.96875,5.368407528294483e-06,2.8819798977841593e-11,3.4366964135612577e-11,-0.5550239682197571,-0.5550239682197571,-0.00022526958491653204
1699756.3694323,199999.96875,5.70201882510446e-06,3.251302005402579e-11,3.332223386109945e-11,-0.5550239682197571,-0.5550239682197571,-0.00022856930445414037
1699756.3709892,199999.96875,5.968408459011698e-06,3.562190473149762e-11,3.2637136049284976e-11,-0.5550239682197571,-0.5550239682197571,-0.00023166796017903835
1699756.3715383,199999.96875,6.166262664919486e-06,3.802279671671904e-11,3.228979236769014e-11,-0.5550239682197571,-0.5550239682197571,-0.00023456721100956202
1699756.3717528,199999.96875,6.295008006418357e-06,3.9627124498453625e-11,3.2246004477709533e-11,-0.5550239682197571,-0.5550239682197571,-0.00023726890503894538
1699756.3859718,199999.96875,6.354799552354962e-06,4.038347434232037e-11,3.2461162230434937e-11,-0.5550239682197571,-0.5550239682197571,-0.00023977489036042243
1699756.3864019,199999.96875,6.346507689158898e-06,4.027815928009382e-11,3.288246411270457e-11,-0.5550239682197571,-0.5550239682197571,-0.00024208705872297287
1699756.3866069,199999.96875,6.2716899265069515e-06,3.933409153944467e-11,3.34514360655902e-11,-0.5550239682197571,-0.5550239682197571,-0.00024420759291388094
1699756.3868701,199999.96875,6.132561793492641e-06,3.760831576715695e-11,3.410656826408065e-11,-0.5550239682197571,-0.5550239682197571,-0.00024613848654553294
1699756.3998381,199999.96875,5.931960913585499e-06,3.5188157943011333e-11,3.478588944672012e-11,-0.5550239682197571,-0.5550239682197571,-0.0002478821261320263
1699756.4008392,199999.96875,5.673301984643331e-06,3.2186354276264595e-11,3.5429614103632545e-11,-0.5550239682197571,-0.5550239682197571,-0.0002494406362529844
1699756.4012653,199999.96875,5.360529030440375e-06,2.8735272841751147e-11,3.5982401086487315e-11,-0.5550239682197571,-0.5550239682197571,-0.00025081649073399603
1699756.4015771,199999.96875,4.998065378458705e-06,2.4980656432305182e-11,3.639548731837472e-11,-0.5550239682197571,-0.5550239682197571,-0.00025201207608915865
1699756.4143262,199999.96875,4.590757271216717e-06,2.1075053160957147e-11,3.662838435336546e-11,-0.5550239682197571,-0.5550239682197571,-0.00025302995345555246
1699756.416907,199999.96875,4.143810656387359e-06,1.717116726585033e-11,3.6650182888564586e-11,-0.5550239682197571,-0.5550239682197571,-0.0002538726548664272
1699756.4172861,199999.96875,3.6627345707529457e-06,1.341562538142993e-11,3.6440427064743375e-11,-0.5550239682197571,-0.5550239682197571,-0.0002545429451856762
1699756.4181627,199999.96875,3.1532740649709012e-06,9.94313659186119e-12,3.5989506513844916e-11,-0.5550239682197571,-0.5550239682197571,-0.00025504338555037975
1699756.429532,199999.96875,2.6213474484393373e-06,6.871463033991665e-12,3.52985626839164e-11,-0.5550239682197571,-0.5550239682197571,-0.0002553767990320921
1699756.4319275,199999.96875,2.0729796688101487e-06,4.297245285306284e-12,3.4379055158240135e-11,-0.5550239682197571,-0.5550239682197571,-0.00025554606691002846
1699756.4326605,199999.96875,1.5142371694309986e-06,2.292914122459244e-12,3.325180061852784e-11,-0.5550239682197571,-0.5550239682197571,-0.0002555539831519127
1699756.4330099,199999.96875,9.511666689832055e-07,9.047180322616089e-13,3.194574119125271e-11,-0.5550239682197571,-0.5550239682197571,-0.0002554035745561123
1699756.4587569,199999.96875,3.897298483934719e-07,1.5188935179044627e-13,3.049642829933141e-11,-0.5550239682197571,-0.5550239682197571,-0.0002550977224018425
1699756.4600149,199999.96875,-1.6425558158061904e-07,2.6979896723851315e-14,2.8944296612265497e-11,-0.5550239682197571,-0.5550239682197571,-0.00025463951169513166
1699756.461838,199999.96875,-7.051732495710894e-07,4.972693264104766e-13,2.7332771462829086e-11,-0.5550239682197571,-0.5550239682197571,-0.00025403191102668643
1699756.4624992,199999.96875,-1.2276619827389368e-06,1.5071541020414414e-12,2.570640401933222e-11,-0.5550239682197571,-0.5550239682197571,-0.0002532780636101961
1699756.4750962,199999.96875,-1.7266669374293997e-06,2.9813785988597186e-12,2.4108959620350312e-11,-0.5550239682197571,-0.5550239682197571,-0.0002523811999708414
1699756.4752866,199999.96875,-2.1974842638883274e-06,4.828937163331437e-12,2.2581695194312523e-11,-0.5550239682197571,-0.5550239682197571,-0.0002513443469069898
1699756.4761391,199999.96875,-2.635804321471369e-06,6.947464738921161e-12,2.116174943611604e-11,-0.5550239682197571,-0.5550239682197571,-0.0002501708804629743
1699756.4765059,199999.96875,-3.0377457278518705e-06,9.227898827013359e-12,1.988081400894348e-11,-0.5550239682197571,-0.5550239682197571,-0.0002488638274371624
1699756.4898783,199999.96875,-3.399888328203815e-06,1.1559239676550703e-11,1.8764051076813892e-11,-0.5550239682197571,-0.5550239682197571,-0.00024742665118537843
1699756.4901833,199999.96875,-3.7192978652456077e-06,1.3833175924182761e-11,1.7829331760976785e-11,-0.5550239682197571,-0.5550239682197571,-0.00024586249492131174
1699756.4907535,199999.96875,-3.993547579739243e-06,1.5948423137679413e-11,1.708683194934224e-11,-0.5550239682197571,-0.5550239682197571,-0.00024417461827397346
1699756.4911223,199999.96875,-4.220731170789804e-06,1.7814569264196223e-11,1.653891780473149e-11,-0.5550239682197571,-0.5550239682197571,-0.00024236652825493366
1699756.5042206,199999.96875,-4.399472345539834e-06,1.9355359329176203e-11,1.6180373013652272e-11,-0.5550239682197571,-0.5550239682197571,-0.000240441455389373
1699756.5056417,199999.96875,-4.528925728664035e-06,2.0511167417303078e-11,1.5998943489470285e-11,-0.5550239682197571,-0.5550239682197571,-0.00023840270296204835
1699756.507147,199999.96875,-4.608778453984996e-06,2.1240838948832774e-11,1.597611973269686e-11,-0.5550239682197571,-0.5550239682197571,-0.00023625371977686882
1699756.5073877,199999.96875,-4.6392378862947226e-06,2.1522528551032316e-11,1.6088155113669345e-11,-0.5550239682197571,-0.5550239682197571,-0.00023399782367050648
1699756.5201781,199999.96875,-4.621021162165562e-06,2.135383536661095e-11,1.630726109702607e-11,-0.5550239682197571,-0.5550239682197571,-0.00023163847799878567
1699756.520347,199999.96875,-4.555336545308819e-06,2.0751091817095002e-11,1.6602890937078563e-11,-0.5550239682197571,-0.5550239682197571,-0.00022917892783880234
1699756.52059,199999.96875,-4.443857960723108e-06,1.9747875210085475e-11,1.6943113578804514e-11,-0.5550239682197571,-0.5550239682197571,-0.0002266226802021265
1699756.520779,199999.96875,-4.288699528842699e-06,1.8392945153045126e-11,1.7295970211606004e-11,-0.5550239682197571,-0.5550239682197571,-0.00022397306747734547
1699756.5348663,199999.96875,-4.0923878259491175e-06,1.674763973336102e-11,1.7630771842469528e-11,-0.5550239682197571,-0.5550239682197571,-0.0002212334657087922
1699756.5350514,199999.96875,-3.857819592667511e-06,1.4882772098046004e-11,1.791929625516442e-11,-0.5550239682197571,-0.5550239682197571,-0.00021840732370037585
1699756.5353612,199999.96875,-3.5882276279153302e-06,1.2875378714582997e-11,1.8136811497093674e-11,-0.5550239682197571,-0.5550239682197571,-0.00021549788652919233
1699756.5355676,199999.96875,-3.287142362751183e-06,1.0805305435124257e-11,1.8262960588266708e-11,-0.5550239682197571,-0.5550239682197571,-0.00021250864665489644
1699756.5505467,199999.96875,-2.958343884529313e-06,8.751797897499358e-12,1.8282380817580268e-11,-0.5550239682197571,-0.5550239682197571,-0.0002094428928103298
1699756.5508503,199999.96875,-2.605821691759047e-06,6.790306598253304e-12,1.8185102729217917e-11,-0.5550239682197571,-0.5550239682197571,-0.00020630398648791015
1699756.5510951,199999.96875,-2.2337255813908996e-06,4.989529622800859e-12,1.7966735738061956e-11,-0.5550239682197571,-0.5550239682197571,-0.00020309523097239435
1699756.5512769,199999.96875,-1.846320969889348e-06,3.4089011995142027e-12,1.7628384862966584e-11,-0.5550239682197571,-0.5550239682197571,-0.00019981998775620013
1699756.5659081,199999.96875,-1.4479426226898795e-06,2.0965377871273727e-12,1.717637143627826e-11,-0.5550239682197571,-0.5550239682197571,-0.00019648147281259298
1699756.5664493,199999.96875,-1.042946109919285e-06,1.0877364547273727e-12,1.6621731768751147e-11,-0.5550239682197571,-0.5550239682197571,-0.00019308304763399065
1699756.5667004,199999.96875,-6.356637527460407e-07,4.0406840742281125e-13,1.597955101573234e-11,-0.5550239682197571,-0.5550239682197571,-0.00018962791364174336
1699756.5669045,199999.96875,-2.3035958918171673e-07,5.306553671957301e-14,1.526817561270377e-11,-0.5550239682197571,-0.5550239682197571,-0.00018611930136103183
1699756.5799693,199999.96875,1.688134432242805e-07,2.8497976276974785e-14,1.4508288667669511e-11,-0.5550239682197571,-0.5550239682197571,-0.0001825604122132063
1699756.5801697,199999.96875,5.578542072726123e-07,3.112013142840542e-13,1.3721972343117006e-11,-0.5550239682197571,-0.5550239682197571,-0.00017895444761961699
1699756.5804481,199999.96875,9.329514796263538e-07,8.703985340634268e-13,1.2931709522656654e-11,-0.5550239682197571,-0.5550239682197571,-0.00017530456534586847
1699756.5807548,199999.96875,1.2905202311230823e-06,1.6654424150538971e-12,1.2159456601323892e-11,-0.5550239682197571,-0.5550239682197571,-0.0001716138795018196
1699756.5950869,199999.96875,1.6272330185529427e-06,2.6478871179014263e-12,1.1425731021030838e-11,-0.5550239682197571,-0.5550239682197571,-0.00016788544598966837
1699756.5965039,199999.96875,1.940049742188421e-06,3.763793530314752e-12,1.0748841920704688e-11,-0.5550239682197571,-0.5550239682197571,-0.00016412239347118884
1699756.5966919,199999.96875,2.2262424863583874e-06,4.95615571152741e-12,1.014420058370602e-11,-0.5550239682197571,-0.5550239682197571,-0.00016032764688134193
1699756.5969652,199999.96875,2.4834189389366657e-06,6.1673700001152465e-12,9.623820837467711e-12,-0.5550239682197571,-0.5550239682197571,-0.00015650429122615606
1699756.6102747,199999.96875,2.7095370569441e-06,7.341590876897008e-12,9.19594782267108e-12,-0.5550239682197571,-0.5550239682197571,-0.0001526552514405921
1699756.6107882,199999.96875,2.9029222332610516e-06,8.426957916196631e-12,8.864872377833954e-12,-0.5550239682197571,-0.5550239682197571,-0.0001487834088038653
1699756.6112554,199999.96875,3.062272980969283e-06,9.377516992092882e-12,8.630922365693294e-12,-0.5550239682197571,-0.5550239682197571,-0.00014489167369902134
1699756.611787,199999.96875,3.1866704830463277e-06,1.015486826572154e-11,8.490597114274578e-12,-0.5550239682197571,-0.5550239682197571,-0.00014098288374952972
1699756.6254871,199999.96875,3.275577455497114e-06,1.072940781360332e-11,8.436873595585315e-12,-0.5550239682197571,-0.5550239682197571,-0.0001370598329231143
1699756.6266293,199999.96875,3.3288367831119103e-06,1.1081154223380185e-11,8.45963316759013e-12,-0.5550239682197571,-0.5550239682197571,-0.0001331253006355837
1699756.6276101,199999.96875,3.346664016135037e-06,1.1200158855917408e-11,8.546208012105705e-12,-0.5550239682197571,-0.5550239682197571,-0.00012918196443933994
1699756.6278919,199999.96875,3.329637820570497e-06,1.1086488498068814e-11,8.681990890102576e-12,-0.5550239682197571,-0.5550239682197571,-0.00012523250188678503
1699756.641617,199999.96875,3.2786865631351247e-06,1.074978561027562e-11,8.85112816373379e-12,-0.5550239682197571,-0.5550239682197571,-0.00012127954687457532
1699756.6418537,199999.96875,3.195070803485578e-06,1.0208477292661389e-11,9.03720414474618e-12,-0.5550239682197571,-0.5550239682197571,-0.00011732567509170622
1699756.6421767,199999.96875,3.08036214846652e-06,9.488630367537887e-12,9.223939320679442e-12,-0.5550239682197571,-0.5550239682197571,-0.00011337343312334269
1699756.6426208,199999.96875,2.9364230158535065e-06,8.622580080497322e-12,9.395850417148743e-12,-0.5550239682197571,-0.5550239682197571,-0.00010942528024315834
1699756.6557771,199999.96875,2.765377985269879e-06,7.647315940217947e-12,9.53885321425263e-12,-0.5550239682197571,-0.5550239682197571,-0.00010548366844886914
1699756.6561497,199999.96875,2.56958810496144e-06,6.602782990500211e-12,9.640764749019315e-12,-0.5550239682197571,-0.5550239682197571,-0.00010155099153053015
1699756.656588,199999.96875,2.3516204237239435e-06,5.5301180301725594e-12,9.691738730999155e-12,-0.5550239682197571,-0.5550239682197571,-9.762959234649315e-05
1699756.6568559,199999.96875,2.1142182049516123e-06,4.469918792743277e-12,9.684558710532087e-12,-0.5550239682197571,-0.5550239682197571,-9.372174827149138e-05
1699756.6701823,199999.96875,1.8602668205858208e-06,3.4605924896513596e-12,9.614821092074344e-12,-0.5550239682197571,-0.5550239682197571,-8.982970757642761e-05
1699756.6706672,199999.96875,1.592762259861047e-06,2.5368919204932228e-12,9.481001921052279e-12,-0.5550239682197571,-0.5550239682197571,-8.595566032454371e-05
1699756.6710506,199999.96875,1.3147764548193663e-06,1.728636981820908e-12,9.284390097008544e-12,-0.5550239682197571,-0.5550239682197571,-8.210175292333588e-05
1699756.6714427,199999.96875,1.0294255616827286e-06,1.059717092723178e-12,9.028920840148391e-12,-0.5550239682197571,-0.5550239682197571,-7.827005902072415e-05
1699756.699852,199999.96875,7.398342063424934e-07,5.473545878695307e-13,8.72089900294526e-12,-0.5550239682197571,-0.5550239682197571,-7.446261588484049e-05
1699756.7009055,199999.96875,4.4910530050401576e-07,2.016955802678841e-13,8.368641717104719e-12,-0.5550239682197571,-0.5550239682197571,-7.068140985211357e-05
1699756.7011271,199999.96875,1.6028658933464612e-07,2.5691791698105072e-14,7.982048182142432e-12,-0.5550239682197571,-0.5550239682197571,-6.692837632726878e-05
1699756.7016563,199999.96875,-1.2365921975288074e-07,1.529160099326271e-14,7.572130422683898e-12,-0.5550239682197571,-0.5550239682197571,-6.320539250737056e-05
1699756.7147511,199999.96875,-3.998834472440649e-07,1.599067693579606e-13,7.150511953379901e-12,-0.5550239682197571,-0.5550239682197571,-5.951425919192843e-05
1699756.7159448,199999.96875,-6.656785558334377e-07,4.4312790199382834e-13,6.728924275417603e-12,-0.5550239682197571,-0.5550239682197571,-5.585676262853667e-05
1699756.716178,199999.96875,-9.185031331071514e-07,8.436479596515833e-13,6.318719852904664e-12,-0.5550239682197571,-0.5550239682197571,-5.2234623581171036e-05
1699756.7165017,199999.96875,-1.1560053962966776e-06,1.3363483496869888e-12,5.930425421574181e-12,-0.5550239682197571,-0.5550239682197571,-4.864949733018875e-05
1699756.7288644,199999.96875,-1.3760425190412207e-06,1.893492957913412e-12,5.5733382318956526e-12,-0.5550239682197571,-0.5550239682197571,-4.5103002776158974e-05
1699756.7299152,199999.96875,-1.5766996739330352e-06,2.485981906441559e-12,5.255198186338017e-12,-0.5550239682197571,-0.5550239682197571,-4.15966787841171e-05
1699756.7312398,199999.96875,-1.7563037317813723e-06,3.084603102457284e-12,4.9819376055082465e-12,-0.5550239682197571,-0.5550239682197571,-3.8132042391225696e-05
1699756.7315476,199999.96875,-1.913436335598817e-06,3.66123797945761e-12,4.757506888442009e-12,-0.5550239682197571,-0.5550239682197571,-3.4710530599113554e-05
1699756.743685,199999.96875,-2.0469433366088197e-06,4.189976924445782e-12,4.5837986184515955e-12,-0.5550239682197571,-0.5550239682197571,-3.133354402962141e-05
1699756.7452067,199999.96875,-2.1559403649007436e-06,4.648079230534785e-12,4.460654068338954e-12,-0.5550239682197571,-0.5550239682197571,-2.8002410545013845e-05
1699756.7457296,199999.96875,-2.2398173769033747e-06,5.016781261246717e-12,4.385953406016441e-12,-0.5550239682197571,-0.5550239682197571,-2.4718432541703805e-05
1699756.7458915,199999.96875,-2.298237859577057e-06,5.281897749037645e-12,4.355785697407466e-12,-0.5550239682197571,-0.5550239682197571,-2.148283238057047e-05
1699756.7596588,199999.96875,-2.3311367840506136e-06,5.434198230291898e-12,4.364678757307061e-12,-0.5550239682197571,-0.5550239682197571,-1.8296797861694358e-05
1699756.7603468,199999.96875,-2.3387176497635664e-06,5.4695995996278945e-12,4.405893618691925e-12,-0.5550239682197571,-0.5550239682197571,-1.5161446754063945e-05
1699756.7616345,199999.96875,-2.321440433661337e-06,5.389086312618252e-12,4.471744589201743e-12,-0.5550239682197571,-0.5550239682197571,-1.2077859537384938e-05
1699756.7619022,199999.96875,-2.2800147689849837e-06,5.1984679581840165e-12,4.5539592062604495e-12,-0.5550239682197571,-0.5550239682197571,-9.047054845723324e-06
1699756.7761078,199999.96875,-2.2153872123453766e-06,4.907940807236111e-12,4.644036457474021e-12,-0.5550239682197571,-0.5550239682197571,-6.070004019420594e-06
1699756.777328,199999.96875,-2.128724418071215e-06,4.531467649032672e-12,4.733604567347394e-12,-0.5550239682197571,-0.5550239682197571,-3.1476236017624615e-06
1699756.7779633,199999.96875,-2.0213967673043953e-06,4.086045304191321e-12,4.814755365234458e-12,-0.5550239682197571,-0.5550239682197571,-2.8077988645236474e-07
1699756.7791609,199999.96875,-1.8949607465401641e-06,3.590876511069818e-12,4.880348729308093e-12,-0.5550239682197571,-0.5550239682197571,2.529711764509557e-06
1699756.7907608,199999.96875,-1.751139052430517e-06,3.0664880357189617e-12,4.9242706266772185e-12,-0.5550239682197571,-0.5550239682197571,5.283087375573814e-06
1699756.791256,199999.96875,-1.5917979681034922e-06,2.533821026259875e-12,4.941638678118698e-12,-0.5550239682197571,-0.5550239682197571,7.97863322077319e-06
1699756.7916772,199999.96875,-1.4189250805429765e-06,2.0133484723156014e-12,4.928947441168452e-12,-0.5550239682197571,-0.5550239682197571,1.061568491422804e-05
1699756.7919725,199999.96875,-1.2346066569079994e-06,1.5242535966047965e-12,4.884156881018731e-12,-0.5550239682197571,-0.5550239682197571,1.3193624909035861e-05
1699756.8049307,199999.96875,-1.0410036566099734e-06,1.0836884774961808e-12,4.806707115667663e-12,-0.5550239682197571,-0.5550239682197571,1.571188840898685e-05
1699756.8053006,199999.96875,-8.403274591728405e-07,7.06150253288601e-13,4.6974832877688666e-12,-0.5550239682197571,-0.5550239682197571,1.8169963368563913e-05
1699756.8055739,199999.96875,-6.348163879010826e-07,4.0299182177058746e-13,4.558710180180281e-12,-0.5550239682197571,-0.5550239682197571,2.0567367755575106e-05
1699756.8057804,199999.96875,-4.267111251010647e-07,1.8208239007267563e-13,4.3938138717669606e-12,-0.5550239682197571,-0.5550239682197571,2.290369047841523e-05
1699756.8193638,199999.96875,-2.1823166207468603e-07,4.762506104001758e-14,4.207215738988301e-12,-0.5550239682197571,-0.5550239682197571,2.5178547730320133e-05
1699756.8217565,199999.96875,-1.155505202632412e-08,1.3351924607868365e-16,4.004121253314841e-12,-0.5550239682197571,-0.5550239682197571,2.7391608455218375e-05
1699756.8219813,199999.96875,1.9120678018680337e-07,3.656002909267764e-14,3.790263242153813e-12,-0.5550239682197571,-0.5550239682197571,2.954259434773121e-05
1699756.8229925,199999.96875,3.88027274311753e-07,1.5056517501960826e-13,3.5716523055090432e-12,-0.5550239682197571,-0.5550239682197571,3.163125802529976e-05
1699756.8343757,199999.96875,5.769848030467983e-07,3.3291143279601254e-13,3.354307066480433e-12,-0.5550239682197571,-0.5550239682197571,3.365740485605784e-05
1699756.835757,199999.96875,7.562798600702081e-07,5.71959146711265e-13,3.144016297307317e-12,-0.5550239682197571,-0.5550239682197571,3.562088750186376e-05
1699756.8359462,199999.96875,9.242518785868015e-07,8.542414822385047e-13,2.9461058159013787e-12,-0.5550239682197571,-0.5550239682197571,3.752158227143809e-05
1699756.8363034,199999.96875,1.0793926321639447e-06,1.1650885334626992e-12,2.7652376916043053e-12,-0.5550239682197571,-0.5550239682197571,3.935943095711991e-05
1699756.8512967,199999.96875,1.2203597634652397e-06,1.489277993461935e-12,2.6052506506279993e-12,-0.5550239682197571,-0.5550239682197571,4.113441173103638e-05
1699756.8522202,199999.96875,1.3459861065712175e-06,1.811678736717004e-12,2.469033007559962e-12,-0.5550239682197571,-0.5550239682197571,4.2846524593187496e-05
1699756.8529231,199999.96875,1.4552886113960994e-06,2.1178649112219006e-12,2.3584439522855716e-12,-0.5550239682197571,-0.5550239682197571,4.4495827751234174e-05
1699756.8531566,199999.96875,1.5474749943678034e-06,2.394678856251775e-12,2.2742814576037773e-12,-0.5550239682197571,-0.5550239682197571,4.60824157926254e-05
1699756.8652816,199999.96875,1.6219470353462384e-06,2.6307122712870834e-12,2.216293771770128e-12,-0.5550239682197571,-0.5550239682197571,4.7606416046619415e-05
1699756.8662506,199999.96875,1.6783030787337339e-06,2.8167012992852403e-12,2.1832288581158377e-12,-0.5550239682197571,-0.5550239682197571,4.906800313619897e-05
1699756.8670243,199999.96875,1.7163387155960663e-06,2.94581850232567e-12,2.1729337079667843e-12,-0.5550239682197571,-0.5550239682197571,5.046737351221964e-05
1699756.8673271,199999.96875,1.73604325937049e-06,3.0138461171169695e-12,2.1824725186803118e-12,-0.5550239682197571,-0.5550239682197571,5.18047709192615e-05
1699756.8792278,199999.96875,1.7375972447553067e-06,3.0192441428933403e-12,2.208284987162412e-12,-0.5550239682197571,-0.5550239682197571,5.308046092977747e-05
1699756.8816169,199999.96875,1.7213651517522521e-06,2.963098082869875e-12,2.2463524096405507e-12,-0.5550239682197571,-0.5550239682197571,5.429477823781781e-05
1699756.8824,199999.96875,1.6878891528904205e-06,2.8489699748640573e-12,2.2923845981182023e-12,-0.5550239682197571,-0.5550239682197571,5.544803570955992e-05
1699756.8831942,199999.96875,1.6378778582293307e-06,2.6826436037852286e-12,2.3420039779037394e-12,-0.5550239682197571,-0.5550239682197571,5.654063352267258e-05
1699756.8957378,199999.96875,1.5721971067250706e-06,2.4718035777915315e-12,2.3909259988519338e-12,-0.5550239682197571,-0.5550239682197571,5.7572957302909344e-05
1699756.8961168,199999.96875,1.4918572333044722e-06,2.2256380766139117e-12,2.4351330413924233e-12,-0.5550239682197571,-0.5550239682197571,5.8545469073578715e-05
1699756.8966508,199999.96875,1.3979982895762078e-06,1.9543995328358266e-12,2.4710227353869074e-12,-0.5550239682197571,-0.5550239682197571,5.945862358203158e-05
1699756.8971906,199999.96875,1.291876969844452e-06,1.668946014374284e-12,2.4955391485920186e-12,-0.5550239682197571,-0.5550239682197571,6.0312915593385696e-05
1699756.9098619,199999.96875,1.1748510360121145e-06,1.3802749091254563e-12,2.506271882737887e-12,-0.5550239682197571,-0.5550239682197571,6.110888352850452e-05
1699756.9122256,199999.96875,1.048361241373641e-06,1.0990612716796355e-12,2.5015261129884836e-12,-0.5550239682197571,-0.5550239682197571,6.184707308420911e-05
1699756.9125275,199999.96875,9.139168355432048e-07,8.352440375621051e-13,2.480360968698525e-12,-0.5550239682197571,-0.5550239682197571,6.252805178519338e-05
1699756.9130642,199999.96875,7.730773177172523e-07,5.976485582467883e-13,2.442594303903034e-12,-0.5550239682197571,-0.5550239682197571,6.315245991572738e-05
1699756.9400124,199999.96875,6.274353836488444e-07,3.936751911872566e-13,2.388776025943895e-12,-0.5550239682197571,-0.5550239682197571,6.372090138029307e-05
1699756.9413672,199999.96875,4.785994747180666e-07,2.2905744141710205e-13,2.3201319337973203e-12,-0.5550239682197571,-0.5550239682197571,6.423403829103336e-05
1699756.943187,199999.96875,3.2817683859320823e-07,1.0770003595547695e-13,2.238486739719603e-12,-0.5550239682197571,-0.5550239682197571,6.469255458796397e-05
1699756.9435769,199999.96875,1.7775732885638718e-07,3.159767301866116e-14,2.14615716691291e-12,-0.5550239682197571,-0.5550239682197571,6.509714148705825e-05
1699756.9544071,199999.96875,2.8896531389932534e-08,8.350095792658216e-16,2.045838108297171e-12,-0.5550239682197571,-0.5550239682197571,6.544854113599285e-05
1699756.9553182,199999.96875,-1.168991587974233e-07,1.366541293101528e-14,1.9404733896111193e-12,-0.5550239682197571,-0.5550239682197571,6.574745930265635e-05
1699756.9564738,199999.96875,-2.5818729909588e-07,6.666068657354765e-14,1.833122846225943e-12,-0.5550239682197571,-0.5550239682197571,6.599470361834392e-05
1699756.9569163,199999.96875,-3.936030736895191e-07,1.549233831499297e-13,1.7268292915387229e-12,-0.5550239682197571,-0.5550239682197571,6.619103805860505e-05
1699756.9698884,199999.96875,-5.218715273258567e-07,2.7234985100488274e-13,1.624494484243899e-12,-0.5550239682197571,-0.5550239682197571,6.633725570281968e-05
1699756.9701979,199999.96875,-6.418193265744776e-07,4.1193207156974e-13,1.528763769222119e-12,-0.5550239682197571,-0.5550239682197571,6.64341714582406e-05
1699756.9705023,199999.96875,-7.523843237322581e-07,5.660821746251987e-13,1.4419264393605857e-12,-0.5550239682197571,-0.5550239682197571,6.648263661190867e-05
1699756.9707069,199999.96875,-8.526244528184179e-07,7.269683986732556e-13,1.3658365887944668e-12,-0.5550239682197571,-0.5550239682197571,6.648349517490715e-05
1699756.9849074,199999.96875,-9.417253750143573e-07,8.868467483817699e-13,1.301852506005452e-12,-0.5550239682197571,-0.5550239682197571,6.643760571023449e-05
1699756.9854723,199999.96875,-1.0190049124503275e-06,1.038371103510849e-12,1.250802413033103e-12,-0.5550239682197571,-0.5550239682197571,6.634584860876203e-05
1699756.9858044,199999.96875,-1.0839191872946685e-06,1.1748808306441538e-12,1.212970370846611e-12,-0.5550239682197571,-0.5550239682197571,6.620914064114913e-05
1699756.9861272,199999.96875,-1.1360634744050913e-06,1.290640120818476e-12,1.1881066876856528e-12,-0.5550239682197571,-0.5550239682197571,6.60283476463519e-05
1699757.0004657,199999.96875,-1.1751744750654325e-06,1.3810350432685858e-12,1.1754604451255646e-12,-0.5550239682197571,-0.5550239682197571,6.580440094694495e-05
1699757.0017887,199999.96875,-1.201130203298817e-06,1.4427137869782447e-12,1.1738298050581464e-12,-0.5550239682197571,-0.5550239682197571,6.553823914146051e-05
1699757.0023698,199999.96875,-1.2139471436967142e-06,1.4736675421622714e-12,1.1816292302263554e-12,-0.5550239682197571,-0.5550239682197571,6.523078627651557e-05
1699757.0027328,199999.96875,-1.213778546116373e-06,1.4732584726825926e-12,1.1969713414883287e-12,-0.5550239682197571,-0.5550239682197571,6.48829955025576e-05
1699757.0166522,199999.96875,-1.200909196086286e-06,1.4421828531743786e-12,1.2177550634540069e-12,-0.5550239682197571,-0.5550239682197571,6.449581269407645e-05
1699757.0168407,199999.96875,-1.1757489346564398e-06,1.3823855254946338e-12,1.2417613595369636e-12,-0.5550239682197571,-0.5550239682197571,6.407020555343479e-05
1699757.0171771,199999.96875,-1.138827087743266e-06,1.2969269755358503e-12,1.2667474491231956e-12,-0.5550239682197571,-0.5550239682197571,6.360715633491054e-05
1699757.0174009,199999.96875,-1.0907837122431374e-06,1.1898092103571067e-12,1.2905409163196935e-12,-0.5550239682197571,-0.5550239682197571,6.310761818895116e-05
1699757.0300143,199999.96875,-1.0323607284590253e-06,1.0657686755691231e-12,1.3111251450856343e-12,-0.5550239682197571,-0.5550239682197571,6.257258064579219e-05
1699757.0304609,199999.96875,-9.643918019719422e-07,9.300515002239051e-13,1.326714779703586e-12,-0.5550239682197571,-0.5550239682197571,6.200303323566914e-05
1699757.0307092,199999.96875,-8.877920549821283e-07,7.881748097064711e-13,1.3358200179683366e-12,-0.5550239682197571,-0.5550239682197571,6.139996548881754e-05
1699757.0309045,199999.96875,-8.035465839384415e-07,6.456870628446243e-13,1.3372945329229169e-12,-0.5550239682197571,-0.5550239682197571,6.076437421143055e-05
1699757.0454093,199999.96875,-7.126988634809095e-07,5.079396105112099e-13,1.3303686494450795e-12,-0.5550239682197571,-0.5550239682197571,6.009724529576488e-05
1699757.0459637,199999.96875,-6.163386387925129e-07,3.7987335174162473e-13,1.3146641978170615e-12,-0.5550239682197571,-0.5550239682197571,5.939957918599248e-05
1699757.0463216,199999.96875,-5.155899884812243e-07,2.6583306411177843e-13,1.2901951642468878e-12,-0.5550239682197571,-0.5550239682197571,5.867237996426411e-05
1699757.0466179,199999.96875,-4.115978242680285e-07,1.6941276940324324e-13,1.257349909952743e-12,-0.5550239682197571,-0.5550239682197571,5.791664443677291e-05
1699757.0591366,199999.96875,-3.05516863363664e-07,9.334055745121791e-14,1.216859620879751e-12,-0.5550239682197571,-0.5550239682197571,5.713337304769084e-05
1699757.0613402,199999.96875,-1.9849858290399425e-07,3.9401689105444254e-14,1.1697540722513389e-12,-0.5550239682197571,-0.5550239682197571,5.632356624118984e-05
1699757.0617975,199999.96875,-9.167971626311555e-08,8.405171463075466e-15,1.1173079605616976e-12,-0.5550239682197571,-0.5550239682197571,5.5488217185484245e-05
1699757.0621891,199999.96875,1.3829511757990076e-08,1.9125538080881112e-16,1.0609774777486924e-12,-0.5550239682197571,-0.5550239682197571,5.462832632474601e-05
1699757.0750146,199999.96875,1.1695610879769447e-07,1.3678732524110854e-14,1.0023348253826447e-12,-0.5550239682197571,-0.5550239682197571,5.374489046516828e-05
1699757.0756541,199999.96875,2.166748060972168e-07,4.694797000703681e-14,9.42996874163382e-13,-0.5550239682197571,-0.5550239682197571,5.283888822305016e-05
1699757.0760212,199999.96875,3.1201761885313317e-07,9.735499217769852e-14,8.845590817978255e-13,-0.5550239682197571,-0.5550239682197571,5.19113200425636e-05
1699757.0765013,199999.96875,4.0208283280662727e-07,1.616705901097415e-13,8.285305492898576e-13,-0.5550239682197571,-0.5550239682197571,5.096315362607129e-05
1699757.0918818,199999.96875,4.860427793573763e-07,2.362375974094416e-13,7.762759077038772e-13,-0.5550239682197571,-0.5550239682197571,4.9995385779766366e-05
1699757.0925122,199999.96875,5.631507633552246e-07,3.171388119563995e-13,7.28965770125517e-13,-0.5550239682197571,-0.5550239682197571,4.900896965409629e-05
1699757.0928771,199999.96875,6.327474579848058e-07,4.003693535557795e-13,6.875371040722389e-13,-0.5550239682197571,-0.5550239682197571,4.8004876589402556e-05
1699757.0930861,199999.96875,6.942656796127267e-07,4.820048982341618e-13,6.526644459256548e-13,-0.5550239682197571,-0.5550239682197571,4.6984081564005464e-05
1699757.1063908,199999.96875,7.472343099834688e-07,5.5835918571015e-13,6.247436378989391e-13,-0.5550239682197571,-0.5550239682197571,4.594751953845844e-05
1699757.1069033,199999.96875,7.91281024703494e-07,6.261257246183149e-13,6.038871659674871e-13,-0.5550239682197571,-0.5550239682197571,4.4896150939166546e-05
1699757.1073672,199999.96875,8.26134339604323e-07,6.824978950048521e-13,5.899316408639055e-13,-0.5550239682197571,-0.5550239682197571,4.3830910726683214e-05
1699757.1104614,199999.96875,8.516240086464677e-07,7.252634365469135e-13,5.824557958340748e-13,-0.5550239682197571,-0.5550239682197571,4.275272294762544e-05
1699757.1206693,199999.96875,8.676809670760122e-07,7.528702596244774e-13,5.808082422127658e-13,-0.5550239682197571,-0.5550239682197571,4.166250437265262e-05
1699757.1209599,199999.96875,8.743354555917904e-07,7.644625492526924e-13,5.841445491379382e-13,-0.5550239682197571,-0.5550239682197571,4.056118632433936e-05
1699757.1213958,199999.96875,8.71715030825726e-07,7.598871076645863e-13,5.914687142838382e-13,-0.5550239682197571,-0.5550239682197571,3.9449652831535786e-05
1699757.1218968,199999.96875,8.600407568337687e-07,7.396700439643578e-13,6.016810313869136e-13,-0.5550239682197571,-0.5550239682197571,3.832881338894367e-05
1699757.1362621,199999.96875,8.396231123697362e-07,7.049669008274417e-13,6.136263372424899e-13,-0.5550239682197571,-0.5550239682197571,3.7199544749455526e-05
1699757.136609,199999.96875,8.108572728815489e-07,6.574895250639756e-13,6.261442644754645e-13,-0.5550239682197571,-0.5550239682197571,3.606271275202744e-05
1699757.1375215,199999.96875,7.742163461443852e-07,5.994109830882721e-13,6.381156996033976e-13,-0.5550239682197571,-0.5550239682197571,3.491917595965788e-05
1699757.1386823,199999.96875,7.302454605451203e-07,5.332584959542863e-13,6.485075605862367e-13,-0.5550239682197571,-0.5550239682197571,3.376979657332413e-05
1699757.1518915,199999.96875,6.795542617510364e-07,4.61794068696425e-13,6.564102560113749e-13,-0.5550239682197571,-0.5550239682197571,3.261540405219421e-05
1699757.152242,199999.96875,6.228095230653707e-07,3.8789170443351284e-13,6.610696148476314e-13,-0.5550239682197571,-0.5550239682197571,3.145682785543613e-05
1699757.1525748,199999.96875,5.607265052276489e-07,3.144142118969434e-13,6.619109015233715e-13,-0.5550239682197571,-0.5550239682197571,3.0294881071313284e-05
1699757.1529453,199999.96875,4.940608846482064e-07,2.4409613870110536e-13,6.585542115973564e-13,-0.5550239682197571,-0.5550239682197571,2.9130364055163227e-05
1699757.1801953,199999.96875,4.236001132085221e-07,1.794370587445554e-13,6.508213022324294e-13,-0.5550239682197571,-0.5550239682197571,2.7964060791418888e-05
1699757.180406,199999.96875,3.50154181205653e-07,1.226079513524242e-13,6.387341285225834e-13,-0.5550239682197571,-0.5550239682197571,2.6796751626534387e-05
1699757.180698,199999.96875,2.745469771525677e-07,7.537604573707238e-14,6.225046519925392e-13,-0.5550239682197571,-0.5550239682197571,2.56291932601016e-05
1699757.1810513,199999.96875,1.9760736336138507e-07,3.9048669489951185e-14,6.025181980943983e-13,-0.5550239682197571,-0.5550239682197571,2.4462142391712405e-05
1699757.1943342,199999.96875,1.201605925871263e-07,1.4438569358675955e-14,5.793094411295219e-13,-0.5550239682197571,-0.5550239682197571,2.3296317522181198e-05
1699757.196576,199999.96875,4.3019603879201895e-08,1.8506863098624203e-15,5.535336186808515e-13,-0.5550239682197571,-0.5550239682197571,2.2132453523227014e-05
1699757.1998238,199999.96875,-3.3023034973211907e-08,1.0905208265137847e-15,5.259346560690381e-13,-0.5550239682197571,-0.5550239682197571,2.0971245248802006e-05
1699757.2015781,199999.96875,-1.0720292209498439e-07,1.1492466795381094e-14,4.973102550424879e-13,-0.5550239682197571,-0.5550239682197571,1.9813389371847734e-05
1699757.2160445,199999.96875,-1.787912395911917e-07,3.196630853356981e-14,4.684762235258877e-13,-0.5550239682197571,-0.5550239682197571,1.8659557099454105e-05
1699757.2175111,199999.96875,-2.4710143975426035e-07,6.10591221680834e-14,4.4023221483155406e-13,-0.5550239682197571,-0.5550239682197571,1.751041600073222e-05
1699757.2186165,199999.96875,-3.1149551205089665e-07,9.702946047540975e-14,4.133291744892048e-13,-0.5550239682197571,-0.5550239682197571,1.636660635995213e-05
1699757.219637,199999.96875,-3.7138983088880195e-07,1.3793042500254843e-13,3.88440093892356e-13,-0.5550239682197571,-0.5550239682197571,1.5228761185426265e-05
1699757.230851,199999.96875,-4.262596462467627e-07,1.8169728146100877e-13,3.661354531191152e-13,-0.5550239682197571,-0.5550239682197571,1.4097498024057131e-05
1699757.232323,199999.96875,-4.7564344640704803e-07,2.262366726249465e-13,3.468640305537285e-13,-0.5550239682197571,-0.5550239682197571,1.2973413504369091e-05
1699757.2350431,199999.96875,-5.19146681199345e-07,2.695132799660632e-13,3.3093897088866397e-13,-0.5550239682197571,-0.5550239682197571,1.185709515993949e-05
1699757.2365524,199999.96875,-5.56443751520419e-07,3.096296548148192e-13,3.1853049386500187e-13,-0.5550239682197571,-0.5550239682197571,1.0749112334451638e-05
1699757.2424034,199999.96875,-5.872810220353131e-07,3.4489896832620714e-13,3.096649727005879e-13,-0.5550239682197571,-0.5550239682197571,9.650018000684213e-06
1699757.2451621,199999.96875,-6.114763664299971e-07,3.7390332800410486e-13,3.042292980037775e-13,-0.5550239682197571,-0.5550239682197571,8.560350579500664e-06
1699757.2458512,199999.96875,-6.289213843047037e-07,3.955421060131137e-13,3.0198131321934607e-13,-0.5550239682197571,-0.5550239682197571,7.480631666112458e-06
1699757.2461353,199999.96875,-6.395792411240109e-07,4.090616192130303e-13,3.025651289841752e-13,-0.5550239682197571,-0.5550239682197571,6.411367849068483e-06
1699757.2543737,199999.96875,-6.434846682168427e-07,4.140725577087695e-13,3.0552990692989113e-13,-0.5550239682197571,-0.5550239682197571,5.353049346012995e-06
1699757.2567673,199999.96875,-6.407417458831333e-07,4.105499848503641e-13,3.1035265503354115e-13,-0.5550239682197571,-0.5550239682197571,4.3061518226750195e-06
1699757.2582173,199999.96875,-6.315211180663027e-07,3.9881891734407093e-13,3.164622155906599e-13,-0.5550239682197571,-0.5550239682197571,3.271132982263225e-06
1699757.2586635,199999.96875,-6.160568659652199e-07,3.795260546807233e-13,3.2326471686126845e-13,-0.5550239682197571,-0.5550239682197571,2.2484359760710504e-06
1699757.2702378,199999.96875,-5.946432679593272e-07,3.5360061233224993e-13,3.301686181400587e-13,-0.5550239682197571,-0.5550239682197571,1.2384880392346531e-06
1699757.2723219,199999.96875,-5.676296268575243e-07,3.222033642495681e-13,3.3660886035978554e-13,-0.5550239682197571,-0.5550239682197571,2.4169958123820834e-07
1699757.2742999,199999.96875,-5.354161771720101e-07,2.866705082951032e-13,3.4206868565998805e-13,-0.5550239682197571,-0.5550239682197571,-7.415337677230127e-07
1699757.2746943,199999.96875,-4.98448287089559e-07,2.4845070120162183e-13,3.460987464502796e-13,-0.5550239682197571,-0.5550239682197571,-1.7108328620452085e-06
1699757.2837843,199999.96875,-4.5721131414211413e-07,2.0904217484622734e-13,3.4833247397614286e-13,-0.5550239682197571,-0.5550239682197571,-2.6658340175345074e-06
1699757.2850567,199999.96875,-4.1222455138267833e-07,1.6992906647778083e-13,3.4849765217712103e-13,-0.5550239682197571,-0.5550239682197571,-3.6061894661543192e-06
1699757.2864102,199999.96875,-3.640349746092397e-07,1.3252146233676265e-13,3.4642332947566745e-13,-0.5550239682197571,-0.5550239682197571,-4.5315669012779836e-06
1699757.2866798,199999.96875,-3.132112738057913e-07,9.810130274312892e-14,3.4204258349268546e-13,-0.5550239682197571,-0.5550239682197571,-5.441648681880906e-06
1699757.3004382,199999.96875,-2.6033708877548634e-07,6.777540903718862e-14,3.3539070500888946e-13,-0.5550239682197571,-0.5550239682197571,-6.3361353568325285e-06
1699757.303445,199999.96875,-2.0600495531652996e-07,4.2438041335203167e-14,3.265993703781278e-13,-0.5550239682197571,-0.5550239682197571,-7.214739980554441e-06
1699757.3038919,199999.96875,-1.5080991033755708e-07,2.274362915068249e-14,3.1588707344321065e-13,-0.5550239682197571,-0.5550239682197571,-8.077191523625515e-06
1699757.3042336,199999.96875,-9.534310407843805e-08,9.090307614989263e-15,3.035463861603832e-13,-0.5550239682197571,-0.5550239682197571,-8.923237146518659e-06
1699757.3150216,199999.96875,-4.0185931027281185e-08,1.6149089715217918e-15,2.899286713486937e-13,-0.5550239682197571,-0.5550239682197571,-9.752633559401147e-06
1699757.3166227,199999.96875,1.4095936862190683e-08,1.9869544028480707e-16,2.7542738597653715e-13,-0.5550239682197571,-0.5550239682197571,-1.0565156117081642e-05
1699757.3168191,199999.96875,6.695800891520776e-08,4.4833750359701656e-15,2.604596226196687e-13,-0.5550239682197571,-0.5550239682197571,-1.136059745476814e-05
1699757.3171182,199999.96875,1.1788220177777475e-07,1.3896212468483132e-14,2.4544832854557497e-13,-0.5550239682197571,-0.5550239682197571,-1.2138759302615654e-05
1699757.3304666,199999.96875,1.6638168176541512e-07,2.7682862919304815e-14,2.3080425374730207e-13,-0.5550239682197571,-0.5550239682197571,-1.2899460671178531e-05
1699757.3306294,199999.96875,2.1200519029207499e-07,4.4946197371581453e-14,2.169097827785585e-13,-0.5550239682197571,-0.5550239682197571,-1.3642534213431645e-05
1699757.3309695,199999.96875,2.543410460020823e-07,6.468937663100735e-14,2.0410420315669642e-13,-0.5550239682197571,-0.5550239682197571,-1.4367828953254502e-05
1699757.3313139,199999.96875,2.9302049142643227e-07,8.586100580521006e-14,1.9267165716606999e-13,-0.5550239682197571,-0.5550239682197571,-1.5075204828463029e-05
1699757.3468813,199999.96875,3.277207270002691e-07,1.0740088424729746e-13,1.8283146535364586e-13,-0.5550239682197571,-0.5550239682197571,-1.5764537238283083e-05
1699757.3474985,199999.96875,3.581671990104951e-07,1.2828373617285865e-13,1.7473194657662006e-13,-0.5550239682197571,-0.5550239682197571,-1.6435718862339854e-05
1699757.3479521,199999.96875,3.841353191091912e-07,1.4755995633285862e-13,1.6844726026359058e-13,-0.5550239682197571,-0.5550239682197571,-1.7088648746721447e-05
1699757.3481706,199999.96875,4.054519990859262e-07,1.643913276989581e-13,1.6397727088928588e-13,-0.5550239682197571,-0.5550239682197571,-1.7723248674883507e-05
1699757.3619019,199999.96875,4.2199613403681724e-07,1.7808072182677603e-13,1.6125061084570208e-13,-0.5550239682197571,-0.5550239682197571,-1.833943861129228e-05
1699757.3624443,199999.96875,4.336986876296578e-07,1.8809454861712371e-13,1.6013056223888877e-13,-0.5550239682197571,-0.5550239682197571,-1.893716944323387e-05
1699757.3627765,199999.96875,4.405427205256274e-07,1.94077894488838e-13,1.6042339169314995e-13,-0.5550239682197571,-0.5550239682197571,-1.9516388420015574e-05
1699757.3631518,199999.96875,4.4256188402869157e-07,1.9586101403928913e-13,1.618884469837753e-13,-0.5550239682197571,-0.5550239682197571,-2.007707007578574e-05
1699757.3751416,199999.96875,4.398393116389343e-07,1.9345861176044143e-13,1.642500968134647e-13,-0.5550239682197571,-0.5550239682197571,-2.0619196220650338e-05
1699757.3770273,199999.96875,4.3250582848486374e-07,1.8706127684169072e-13,1.6721036176763765e-13,-0.5550239682197571,-0.5550239682197571,-2.114275048370473e-05
1699757.3782513,199999.96875,4.207371944175975e-07,1.770197893434175e-13,1.7046195184555746e-13,-0.5550239682197571,-0.5550239682197571,-2.1647745597874746e-05
1699757.3791856,199999.96875,4.0475160290043277e-07,1.6382385628187918e-13,1.7370141241167258e-13,-0.5550239682197571,-0.5550239682197571,-2.213419611507561e-05
1699757.3912608,199999.96875,3.8480638409055246e-07,1.4807595525179879e-13,1.766411452872041e-13,-0.5550239682197571,-0.5550239682197571,-2.2602122044190764e-05
1699757.3923254,199999.96875,3.6119467949902173e-07,1.3046158662925744e-13,1.7902050826988647e-13,-0.5550239682197571,-0.5550239682197571,-2.3051572497934103e-05
1699757.3926874,199999.96875,3.342413492646301e-07,1.1171727605507886e-13,1.8061554584846568e-13,-0.5550239682197571,-0.5550239682197571,-2.348259113205131e-05
1699757.3931418,199999.96875,3.0429913522311836e-07,9.259796705449186e-14,1.8124633467241774e-13,-0.5550239682197571,-0.5550239682197571,-2.3895243430160917e-05
1699757.4201053,199999.96875,2.717444260724733e-07,7.384503029677844e-14,1.807826485083e-13,-0.5550239682197571,-0.5550239682197571,-2.428959123790264e-05
1699757.4208957,199999.96875,2.3697248252574354e-07,5.615595336828927e-14,1.7914714308363278e-13,-0.5550239682197571,-0.5550239682197571,-2.466572550474666e-05
1699757.4216339,199999.96875,2.00393472482574e-07,4.0157540649992524e-14,1.763163589739089e-13,-0.5550239682197571,-0.5550239682197571,-2.502373536117375e-05
1699757.422207,199999.96875,1.6242749723005545e-07,2.6382691062191987e-14,1.7231927148218806e-13,-0.5550239682197571,-0.5550239682197571,-2.5363722670590505e-05
1699757.4341254,199999.96875,1.2350014344519877e-07,1.5252285111982955e-14,1.672340380325793e-13,-0.5550239682197571,-0.5550239682197571,-2.5685798391350545e-05
1699757.4351207,199999.96875,8.40379925648449e-08,7.06238368432038e-15,1.6118269913212302e-13,-0.5550239682197571,-0.5550239682197571,-2.59900807577651e-05
1699757.4362537,199999.96875,4.446402002145078e-08,1.9770490142744217e-15,1.5432425302941422e-13,-0.5550239682197571,-0.5550239682197571,-2.627670437505003e-05
1699757.4365803,199999.96875,5.193440788531234e-09,2.6971826948318595e-17,1.468467274862162e-13,-0.5550239682197571,-0.5550239682197571,-2.65458038484212e-05
1699757.4495611,199999.96875,-3.337053655627642e-08,1.1135928393266894e-15,1.389581537943746e-13,-0.5550239682197571,-0.5550239682197571,-2.6797526516020298e-05
1699757.450069,199999.96875,-7.084059916451224e-08,5.018391115125609e-15,1.308772968472427e-13,-0.5550239682197571,-0.5550239682197571,-2.703203062992543e-05
1699757.450258,199999.96875,-1.068490647071485e-07,1.1416721721105826e-14,1.2282416837067212e-13,-0.5550239682197571,-0.5550239682197571,-2.7249479899182916e-05
1699757.4503993,199999.96875,-1.4105121692864486e-07,1.989544529015612e-14,1.1501108225508982e-13,-0.5550239682197571,-0.5550239682197571,-2.7450043489807285e-05
1699757.4662292,199999.96875,-1.731284129391497e-07,2.9973446684719574e-14,1.0763419100228919e-13,-0.5550239682197571,-0.5550239682197571,-2.7633903300738893e-05
1699757.466592,199999.96875,-2.0279091472730215e-07,4.1124157708740186e-14,1.0086614703197494e-13,-0.5550239682197571,-0.5550239682197571,-2.7801241230918095e-05
1699757.4668598,199999.96875,-2.2978024105668737e-07,5.2798958510413135e-14,9.485011246476022e-14,-0.5550239682197571,-0.5550239682197571,-2.7952259188168682e-05
1699757.467008,199999.96875,-2.5387106461494113e-07,6.44505268924088e-14,8.969505639524339e-14,-0.5550239682197571,-0.5550239682197571,-2.8087151804356836e-05
1699757.4791822,199999.96875,-2.7487308784657216e-07,7.555521692233919e-14,8.5472753007243e-14,-0.5550239682197571,-0.5550239682197571,-2.8206122806295753e-05
1699757.4799474,199999.96875,-2.9263196665851865e-07,8.563346565052324e-14,8.221640599229141e-14,-0.5550239682197571,-0.5550239682197571,-2.8309394110692665e-05
1699757.4809714,199999.96875,-3.070305751862179e-07,9.426778070165467e-14,7.992091960017794e-14,-0.5550239682197571,-0.5550239682197571,-2.8397185815265402e-05
1699757.4813101,199999.96875,-3.179889915827516e-07,1.011169975333702e-13,7.854468079626989e-14,-0.5550239682197571,-0.5550239682197571,-2.846971619874239e-05
1699757.494367,199999.96875,-3.2546472539252136e-07,1.0592729086456379e-13,7.801279153923923e-14,-0.5550239682197571,-0.5550239682197571,-2.8527219910756685e-05
1699757.4951571,199999.96875,-3.2945249017757305e-07,1.085389373864376e-13,7.822154111502416e-14,-0.5550239682197571,-0.5550239682197571,-2.8569935238920152e-05
1699757.4960319,199999.96875,-3.299832371794764e-07,1.0888893817650666e-13,7.904381359516433e-14,-0.5550239682197571,-0.5550239682197571,-2.859810228983406e-05
1699757.496348,199999.96875,-3.27123103716076e-07,1.0700952792061166e-13,8.033524746039328e-14,-0.5550239682197571,-0.5550239682197571,-2.8611966627067886e-05
1699757.5099492,199999.96875,-3.209722194696951e-07,1.0302316725413485e-13,8.194083568136348e-14,-0.5550239682197571,-0.5550239682197571,-2.8611781090148725e-05
1699757.5101262,199999.96875,-3.116626885457663e-07,9.713363875165845e-14,8.370169520596077e-14,-0.5550239682197571,-0.5550239682197571,-2.8597798518603668e-05
1699757.5104344,199999.96875,-2.9935654310975224e-07,8.961433754350184e-14,8.546169414508364e-14,-0.5550239682197571,-0.5550239682197571,-2.8570280846906826e-05
1699757.5105801,199999.96875,-2.8424361175893864e-07,8.079444096175878e-14,8.707361139623573e-14,-0.5550239682197571,-0.5550239682197571,-2.852949546650052e-05
1699757.5255457,199999.96875,-2.6653864892978163e-07,7.104285557188103e-14,8.840479482361344e-14,-0.5550239682197571,-0.5550239682197571,-2.8475706130848266e-05
1699757.5256916,199999.96875,-2.464789758960251e-07,6.07518931537189e-14,8.934191141887413e-14,-0.5550239682197571,-0.5550239682197571,-2.8409176593413576e-05
1699757.5258394,199999.96875,-2.243212975372444e-07,5.0320045439505856e-14,8.979465391731334e-14,-0.5550239682197571,-0.5550239682197571,-2.8330192435532808e-05
1699757.5261155,199999.96875,-2.0033853331824503e-07,4.013552795775928e-14,8.969843097450525e-14,-0.5550239682197571,-0.5550239682197571,-2.8239021048648283e-05
1699757.5388692,199999.96875,-1.7481677616615343e-07,3.05609046912219e-14,8.9015871496817e-14,-0.5550239682197571,-0.5550239682197571,-2.813594983308576e-05
1699757.5399848,199999.96875,-1.4805209502810612e-07,2.1919420353224903e-14,8.773704148184319e-14,-0.5550239682197571,-0.5550239682197571,-2.802125527523458e-05
1699757.541422,199999.96875,-1.203471811095369e-07,1.4483445164221488e-14,8.58786986294123e-14,-0.5550239682197571,-0.5550239682197571,-2.7895221137441695e-05
1699757.5415897,199999.96875,-9.200798700703672e-08,8.465469197491658e-15,8.348232044888548e-14,-0.5550239682197571,-0.5550239682197571,-2.7758138458011672e-05
1699757.5540311,199999.96875,-6.334058610946158e-08,4.012030423459828e-15,8.06113734249346e-14,-0.5550239682197571,-0.5550239682197571,-2.7610294637270272e-05
1699757.5551373,199999.96875,-3.4647960944766965e-08,1.2004811614186803e-15,7.734755896752002e-14,-0.5550239682197571,-0.5550239682197571,-2.7451978894532658e-05
1699757.5554833,199999.96875,-6.2269251976943e-09,3.8774594139235605e-17,7.378671377242588e-14,-0.5550239682197571,-0.5550239682197571,-2.728347317315638e-05
1699757.5556507,199999.96875,2.1634855684737886e-08,4.680669126418189e-16,7.00341816332363e-14,-0.5550239682197571,-0.5550239682197571,-2.7105086701340042e-05
1699757.5712319,199999.96875,4.866161518179979e-08,2.36795281360815e-15,6.619997518914067e-14,-0.5550239682197571,-0.5550239682197571,-2.691709960345179e-05
1699757.5714999,199999.96875,7.459211559535106e-08,5.56398324766047e-15,6.239403254042902e-14,-0.5550239682197571,-0.5550239682197571,-2.67198101937538e-05
1699757.5717214,199999.96875,9.918206700376686e-08,9.837081507441808e-15,5.872161616552254e-14,-0.5550239682197571,-0.5550239682197571,-2.6513513148529455e-05
1699757.571873,199999.96875,1.2220625933423435e-07,1.4934369929955893e-14,5.5279070979973727e-14,-0.5550239682197571,-0.5550239682197571,-2.629850678204093e-05
1699757.5852863,199999.96875,1.4346048260449606e-07,2.0580908396787556e-14,5.2150297291274e-14,-0.5550239682197571,-0.5550239682197571,-2.607507849461399e-05
1699757.5867921,199999.96875,1.6276337078124925e-07,2.649191596074043e-14,4.940366082266216e-14,-0.5550239682197571,-0.5550239682197571,-2.5843528419500217e-05
1699757.5872713,199999.96875,1.7995755285937776e-07,3.23847224807227e-14,4.708982769691117e-14,-0.5550239682197571,-0.5550239682197571,-2.56041585089406e-05
1699757.5884806,199999.96875,1.9491089631173963e-07,3.799025438851189e-14,4.524040579548076e-14,-0.5550239682197571,-0.5550239682197571,-2.5357247068313882e-05
1699757.6002594,199999.96875,2.0751733131874062e-07,4.3063443029610696e-14,4.386732811853186e-14,-0.5550239682197571,-0.5550239682197571,-2.5103101506829262e-05
1699757.6007195,199999.96875,2.1769744762423215e-07,4.7392177801499485e-14,4.29632119268962e-14,-0.5550239682197571,-0.5550239682197571,-2.4842011043801904e-05
1699757.6019951,199999.96875,2.2539867927662272e-07,5.080456522599426e-14,4.250239889853555e-14,-0.5550239682197571,-0.5550239682197571,-2.4574270355515182e-05
1699757.6023291,199999.96875,2.3059526199631364e-07,5.3174173777256056e-14,4.2442767779048846e-14,-0.5550239682197571,-0.5550239682197571,-2.4300166842294857e-05
1699757.6143701,199999.96875,2.332880058020237e-07,5.4423289876440184e-14,4.2728082357001984e-14,-0.5550239682197571,-0.5550239682197571,-2.40199933614349e-05
1699757.6168435,199999.96875,2.3350371236574574e-07,5.4523985153209775e-14,4.3290908645398155e-14,-0.5550239682197571,-0.5550239682197571,-2.373403731326107e-05
1699757.6173167,199999.96875,2.3129420867462613e-07,5.349701191477256e-14,4.40558065018231e-14,-0.5550239682197571,-0.5550239682197571,-2.344258246012032e-05
1699757.617853,199999.96875,2.267354375362629e-07,5.1408957115178094e-14,4.4942738089024867e-14,-0.5550239682197571,-0.5550239682197571,-2.3145921659306623e-05
1699757.6299424,199999.96875,2.1992616439092671e-07,4.8367522687735656e-14,4.587054409812934e-14,-0.5550239682197571,-0.5550239682197571,-2.284433321619872e-05
1699757.6305092,199999.96875,2.1098628621984972e-07,4.45152168436231e-14,4.6760304775374933e-14,-0.5550239682197571,-0.5550239682197571,-2.2538102712132968e-05
1699757.630913,199999.96875,2.0005529677291634e-07,4.0022120410517295e-14,4.753848072028104e-14,-0.5550239682197571,-0.5550239682197571,-2.22275029955199e-05
1699757.6314346,199999.96875,1.8729038231413142e-07,3.507769094179651e-14,4.813966066052888e-14,-0.5550239682197571,-0.5550239682197571,-2.1912817828706466e-05
1699757.6589321,199999.96875,1.728643184151224e-07,2.988206877036978e-14,4.850896702553176e-14,-0.5550239682197571,-0.5550239682197571,-2.159431460313499e-05
1699757.6596417,199999.96875,1.569635230680433e-07,2.4637545692832163e-14,4.8603817774965294e-14,-0.5550239682197571,-0.5550239682197571,-2.127227526216302e-05
1699757.6607867,199999.96875,1.3978569768369198e-07,1.9540042123949476e-14,4.8395146126211513e-14,-0.5550239682197571,-0.5550239682197571,-2.0946958102285862e-05
1699757.6611144,199999.96875,1.215375533547558e-07,1.4771378768047537e-14,4.7868088345112e-14,-0.5550239682197571,-0.5550239682197571,-2.061863779090345e-05
1699757.674828,199999.96875,1.0243244474850144e-07,1.0492405487744043e-14,4.7021956640913576e-14,-0.5550239682197571,-0.5550239682197571,-2.0287576262489893e-05
1699757.6750259,199999.96875,8.268813189715729e-08,6.8373270302349125e-15,4.5869693677050294e-14,-0.5550239682197571,-0.5550239682197571,-1.99540336325299e-05
1699757.6751947,199999.96875,6.252429329833831e-08,3.909287444540249e-15,4.443677820457556e-14,-0.5550239682197571,-0.5550239682197571,-1.9618262740550563e-05
1699757.675377,199999.96875,4.216028060000099e-08,1.7774895342089663e-15,4.2759652969012046e-14,-0.5550239682197571,-0.5550239682197571,-1.9280527340015396e-05
1699757.6896685,199999.96875,2.181278624391325e-08,4.757976235327313e-16,4.088381719215446e-14,-0.5550239682197571,-0.5550239682197571,-1.894107299449388e-05
1699757.6900104,199999.96875,1.6937115043802464e-09,2.8686586420211435e-18,3.886153619498019e-14,-0.5550239682197571,-0.5550239682197571,-1.8600141629576683e-05
1699757.6919924,199999.96875,-1.7991961698271552e-08,3.2371071380107397e-16,3.674945954100159e-14,-0.5550239682197571,-0.5550239682197571,-1.8257982446812093e-05
1699757.6922537,199999.96875,-3.7048163648023547e-08,1.3725663866861137e-15,3.4606134147532885e-14,-0.5550239682197571,-0.5550239682197571,-1.7914839190780185e-05
1699757.7050317,199999.96875,-5.528954005740161e-08,3.0569330127948238e-15,3.248949368003448e-14,-0.5550239682197571,-0.5550239682197571,-1.7570939235156402e-05
1699757.705212,199999.96875,-7.254323008965002e-08,5.262519986567928e-15,3.045455462249644e-14,-0.5550239682197571,-0.5550239682197571,-1.7226524505531415e-05
1699757.7064415,199999.96875,-8.865028888749293e-08,7.858873328579069e-15,2.855126481375245e-14,-0.5550239682197571,-0.5550239682197571,-1.688181873760186e-05
1699757.7067972,199999.96875,-1.0346711576403322e-07,1.0705444438373866e-14,2.6822706043565757e-14,-0.5550239682197571,-0.5550239682197571,-1.6537043848074973e-05
1699757.720098,199999.96875,-1.1686664436183491e-07,1.3657812504379568e-14,2.5303576169587692e-14,-0.5550239682197571,-0.5550239682197571,-1.6192430848605e-05
1699757.7204929,199999.96875,-1.28739173987924e-07,1.657377509431228e-14,2.4019162513425583e-14,-0.5550239682197571,-0.5550239682197571,-1.5848181647015736e-05
1699757.7207252,199999.96875,-1.3899334305733646e-07,1.931914948383271e-14,2.2984687951207484e-14,-0.5550239682197571,-0.5550239682197571,-1.550452179799322e-05
1699757.7210066,199999.96875,-1.4755646304820402e-07,2.1772907370272432e-14,2.2205107625674833e-14,-0.5550239682197571,-0.5550239682197571,-1.5161647752393037e-05
1699757.7338993,199999.96875,-1.5437501588166924e-07,2.3831644665496532e-14,2.1675339339144103e-14,-0.5550239682197571,-0.5550239682197571,-1.48197723319754e-05
1699757.7355692,199999.96875,-1.594148670847062e-07,2.5413099223733568e-14,2.138089205195367e-14,-0.5550239682197571,-0.5550239682197571,-1.4479092897090595e-05
1699757.7362133,199999.96875,-1.6266100999473565e-07,2.6458603848990812e-14,2.129884505255083e-14,-0.5550239682197571,-0.5550239682197571,-1.4139803170110099e-05
1699757.7363945,199999.96875,-1.6411745207278727e-07,2.6934536415459953e-14,2.1399147306032894e-14,-0.5550239682197571,-0.5550239682197571,-1.3802094144921284e-05
1699757.7493183,199999.96875,-1.638066606801658e-07,2.6832621411246316e-14,2.164613194905688e-14,-0.5550239682197571,-0.5550239682197571,-1.3466151358443312e-05
1699757.7510897,199999.96875,-1.61769165174519e-07,2.6169262476406427e-14,2.200020696760223e-14,-0.5550239682197571,-0.5550239682197571,-1.3132160347595345e-05
1699757.7513194,199999.96875,-1.580624058306057e-07,2.49837263643091e-14,2.2419642436489508e-14,-0.5550239682197571,-0.5550239682197571,-1.2800292097381316e-05
1699757.7515629,199999.96875,-1.5276013698439783e-07,2.3335659441034093e-14,2.2862345900437862e-14,-0.5550239682197571,-0.5550239682197571,-1.2470724868762773e-05
1699757.7653401,199999.96875,-1.459510201584635e-07,2.1301699553583076e-14,2.3287602179738673e-14,-0.5550239682197571,-0.5550239682197571,-1.2143621461291332e-05
1699757.7654856,199999.96875,-1.377375582478635e-07,1.8971635582496794e-14,2.365767595659176e-14,-0.5550239682197571,-0.5550239682197571,-1.1819150131486822e-05
1699757.7658167,199999.96875,-1.2823463180211547e-07,1.6444121455141958e-14,2.3939197521007094e-14,-0.5550239682197571,-0.5550239682197571,-1.1497466402943246e-05
1699757.7660319,199999.96875,-1.1756819873198765e-07,1.3822281738780882e-14,2.4104362169458105e-14,-0.5550239682197571,-0.5550239682197571,-1.1178725799254607e-05
1699757.7800611,199999.96875,-1.0587352505808667e-07,1.1209204578259153e-14,2.4131806036949144e-14,-0.5550239682197571,-0.5550239682197571,-1.0863075658562593e-05
1699757.7802754,199999.96875,-9.329377093081348e-08,8.703728554125979e-15,2.4007195631946775e-14,-0.5550239682197571,-0.5550239682197571,-1.0550665137998294e-05
1699757.7805988,199999.96875,-7.997823558980599e-08,6.396518378989566e-15,2.372350566318647e-14,-0.5550239682197571,-0.5550239682197571,-1.0241628842777573e-05
1699757.780801,199999.96875,-6.608073732650155e-08,4.3666636367174164e-15,2.3281000404947773e-14,-0.5550239682197571,-0.5550239682197571,-9.936104106600396e-06
1699757.7953228,199999.96875,-5.175784778543857e-08,2.6788748916226806e-15,2.268688471948003e-14,-0.5550239682197571,-0.5550239682197571,-9.634224625187926e-06
1699757.7954733,199999.96875,-3.71672577159643e-08,1.3814051754907123e-15,2.195470943987341e-14,-0.5550239682197571,-0.5550239682197571,-9.336113180324901e-06
1699757.7957763,199999.96875,-2.2466121407660467e-08,5.047266044781035e-16,2.110353111337525e-14,-0.5550239682197571,-0.5550239682197571,-9.041888915817253e-06
1699757.7959257,199999.96875,-7.80940290212584e-09,6.098677586644855e-17,2.015690911438047e-14,-0.5550239682197571,-0.5550239682197571,-8.751672794460319e-06
1699757.8115791,199999.96875,6.651671213830923e-09,4.4244729603881426e-17,1.9141702857646513e-14,-0.5550239682197571,-0.5550239682197571,-8.465574865113012e-06
1699757.811872,199999.96875,2.0771105724293193e-08,4.3143885219215845e-16,1.808684698865158e-14,-0.5550239682197571,-0.5550239682197571,-8.183703357644845e-06
1699757.8122217,199999.96875,3.4409531224355305e-08,1.184015687957004e-15,1.702206389351483e-14,-0.5550239682197571,-0.5550239682197571,-7.90615740697831e-06
1699757.81247,199999.96875,4.743553816410895e-08,2.250130530645077e-15,1.5976582985180107e-14,-0.5550239682197571,-0.5550239682197571,-7.633039786014706e-06
1699757.8272501,199999.96875,5.972683680965929e-08,3.56729492747101e-15,1.4977990432673595e-14,-0.5550239682197571,-0.5550239682197571,-7.3644405347295105e-06
1699757.8274183,199999.96875,7.117134970258121e-08,5.065361209633228e-15,1.4051117853876999e-14,-0.5550239682197571,-0.5550239682197571,-7.100449238350848e-06
1699757.8276436,199999.96875,8.166816911625574e-08,6.669689892610867e-15,1.321716140126241e-14,-0.5550239682197571,-0.5550239682197571,-6.8411500251386315e-06
1699757.8278419,199999.96875,9.112837773272986e-08,8.304381318615783e-15,1.2492945690261142e-14,-0.5550239682197571,-0.5550239682197571,-6.5866238401213195e-06
1699757.8404063,199999.96875,9.947566326218293e-08,9.895407349156792e-15,1.1890411344330637e-14,-0.5550239682197571,-0.5550239682197571,-6.3369443523697555e-06
1699757.8408694,199999.96875,1.0664687977168796e-07,1.1373556922113746e-14,1.14163286978183e-14,-0.5550239682197571,-0.5550239682197571,-6.09218386671273e-06
1699757.8414486,199999.96875,1.1259246690542568e-07,1.2677063547939914e-14,1.1072229186292765e-14,-0.5550239682197571,-0.5550239682197571,-5.852407866768772e-06
1699757.842684,199999.96875,1.1727655646609492e-07,1.3753791501698847e-14,1.0854553577309672e-14,-0.5550239682197571,-0.5550239682197571,-5.6176781981776e-06
1699757.8556895,199999.96875,1.2067718557773333e-07,1.4562984946100456e-14,1.0755011959414241e-14,-0.5550239682197571,-0.5550239682197571,-5.3880526138527784e-06
1699757.8560818,199999.96875,1.227861758934523e-07,1.5076446154330646e-14,1.0761113137733314e-14,-0.5550239682197571,-0.5550239682197571,-5.163583409739658e-06
1699757.8570298,199999.96875,1.2360882806206064e-07,1.5279142832674494e-14,1.0856848189563784e-14,-0.5550239682197571,-0.5550239682197571,-4.944322427036241e-06
1699757.8574542,199999.96875,1.2316384356836352e-07,1.5169330093260658e-14,1.1023488369408911e-14,-0.5550239682197571,-0.5550239682197571,-4.730312411993509e-06
1699757.8693543,199999.96875,1.2148245787102496e-07,1.475798887121734e-14,1.1240463482144625e-14,-0.5550239682197571,-0.5550239682197571,-4.521595201367745e-06
1699757.8711271,199999.96875,1.1860826987231121e-07,1.406792129348463e-14,1.1486270749371929e-14,-0.5550239682197571,-0.5550239682197571,-4.318206720199669e-06
1699757.8718562,199999.96875,1.1459619742026916e-07,1.313228869994753e-14,1.1739400616428246e-14,-0.5550239682197571,-0.5550239682197571,-4.120179710298544e-06
1699757.8721305,199999.96875,1.0951182360940948e-07,1.199283965051031e-14,1.1979199031927727e-14,-0.5550239682197571,-0.5550239682197571,-3.927542366000125e-06
1699757.8996808,199999.96875,1.03430451758868e-07,1.0697859258331204e-14,1.2186683140489457e-14,-0.5550239682197571,-0.5550239682197571,-3.740319925782387e-06
1699757.8998654,199999.96875,9.643614617971252e-08,9.299931328775757e-15,1.2345231614589464e-14,-0.5550239682197571,-0.5550239682197571,-3.558532625902444e-06
1699757.9002327,199999.96875,8.862061662284759e-08,7.85361325397662e-15,1.2441164025096645e-14,-0.5550239682197571,-0.5550239682197571,-3.3821979741333053e-06
1699757.9004465,199999.96875,8.008216667576562e-08,6.413153259040693e-15,1.246417621620765e-14,-0.5550239682197571,-0.5550239682197571,-3.211328930774471e-06
1699757.9157806,199999.96875,7.0924464523614e-08,5.0302800695732706e-15,1.2407605426759376e-14,-0.5550239682197571,-0.5550239682197571,-3.045934818146634e-06
1699757.9188461,199999.96875,6.125541318624528e-08,3.752225936779147e-15,1.2268540404512113e-14,-0.5550239682197571,-0.5550239682197571,-2.88602086584433e-06
1699757.9205454,199999.96875,5.118591772657055e-08,2.6199982667337446e-15,1.2047783289666908e-14,-0.5550239682197571,-0.5550239682197571,-2.7315902570990147e-06
1699757.9213379,199999.96875,4.082865956434034e-08,1.6669794749213027e-15,1.1749648021024128e-14,-0.5550239682197571,-0.5550239682197571,-2.5826404908002587e-06
1699757.9323226,199999.96875,3.029689921163481e-08,9.17902182247818e-16,1.1381622369837502e-14,-0.5550239682197571,-0.5550239682197571,-2.4391672468482284e-06
1699757.9329107,199999.96875,1.9703293219208717e-08,3.882197636821162e-16,1.0953930023780388e-14,-0.5550239682197571,-0.5550239682197571,-2.3011616576695815e-06
1699757.9345732,199999.96875,9.15872355733427e-09,8.38822220145201e-17,1.0478974086299431e-14,-0.5550239682197571,-0.5550239682197571,-2.1686132640752476e-06
1699757.9354281,199999.96875,-1.228808721442931e-09,1.5099708521254834e-18,9.970741612452642e-15,-0.5550239682197571,-0.5550239682197571,-2.0415070594026474e-06
1699757.9447852,199999.96875,-1.1355240303601022e-08,1.289414697501376e-16,9.444150546507064e-15,-0.5550239682197571,-0.5550239682197571,-1.9198243990103947e-06
1699757.9476213,199999.96875,-2.1121445925587068e-08,4.461154714785725e-16,8.91438056591044e-15,-0.5550239682197571,-0.5550239682197571,-1.8035441371466732e-06
1699757.9479375,199999.96875,-3.0434158304615266e-08,9.262379393608659e-16,8.396253900206773e-15,-0.5550239682197571,-0.5550239682197571,-1.6926427406360744e-06
1699757.9482066,199999.96875,-3.920682090097216e-08,1.5371748521281333e-15,7.903612761820094e-15,-0.5550239682197571,-0.5550239682197571,-1.587092242516519e-06
1699757.9604638,199999.96875,-4.73603343209561e-08,2.243001477844511e-15,7.448796726726003e-15,-0.5550239682197571,-0.5550239682197571,-1.4868628568365239e-06
1699757.9607265,199999.96875,-5.482370823983729e-08,3.0056388150914715e-15,7.042196771604942e-15,-0.5550239682197571,-0.5550239682197571,-1.3919219554736628e-06
1699757.9609952,199999.96875,-6.153467069225371e-08,3.786515101033422e-15,6.691892320224296e-15,-0.5550239682197571,-0.5550239682197571,-1.3022333860135404e-06
1699757.9615336,199999.96875,-6.744005531800212e-08,4.548161621490332e-15,6.403423391575583e-15,-0.5550239682197571,-0.5550239682197571,-1.2177588359918445e-06
1699757.9755493,199999.96875,-7.249625610938892e-08,5.255707300573162e-15,6.179655498119363e-15,-0.5550239682197571,-0.5550239682197571,-1.1384576055206708e-06
1699757.9762768,199999.96875,-7.666934465078157e-08,5.878188425378558e-15,6.020773293038137e-15,-0.5550239682197571,-0.5550239682197571,-1.0642855841069832e-06
1699757.9772324,199999.96875,-7.993536144113023e-08,6.389662070798016e-15,5.924382214190019e-15,-0.5550239682197571,-0.5550239682197571,-9.951970696420176e-07
1699757.9776677,199999.96875,-8.22802448396942e-08,6.770038732905031e-15,5.8857088074007555e-15,-0.5550239682197571,-0.5550239682197571,-9.311436883763236e-07
1699757.9912458,199999.96875,-8.369981685518724e-08,7.0056591583921805e-15,5.897891682281114e-15,-0.5550239682197571,-0.5550239682197571,-8.720744517631829e-07
1699757.9915367,199999.96875,-8.419959840466618e-08,7.089572171377822e-15,5.952349971558935e-15,-0.5550239682197571,-0.5550239682197571,-8.17936495423055e-07
1699757.9918413,199999.96875,-8.379455351814613e-08,7.021527050109569e-15,6.039202612388023e-15,-0.5550239682197571,-0.5550239682197571,-7.686744538659696e-07
1699757.9922535,199999.96875,-8.250871985637787e-08,6.807688500377537e-15,6.147727861722033e-15,-0.5550239682197571,-0.5550239682197571,-7.242313699862279e-07
1699758.0042447,199999.96875,-8.037476106892427e-08,6.460102177724631e-15,6.2668363642155115e-15,-0.5550239682197571,-0.5550239682197571,-6.845475581940264e-07
1699758.0057438,199999.96875,-7.743350494138213e-08,5.995947604387061e-15,6.385535326278993e-15,-0.5550239682197571,-0.5550239682197571,-6.495619118140894e-07
1699758.0061291,199999.96875,-7.373323285264632e-08,5.436589492393423e-15,6.4933816787057785e-15,-0.5550239682197571,-0.5550239682197571,-6.192112778080627e-07
1699758.0066412,199999.96875,-6.932911844614864e-08,4.806526999193627e-15,6.580883570288937e-15,-0.5550239682197571,-0.5550239682197571,-5.934307409916073e-07
1699758.0194395,199999.96875,-6.428244603284838e-08,4.132232445488212e-15,6.639848498362624e-15,-0.5550239682197571,-0.5550239682197571,-5.721537377212371e-07
1699758.0200313,199999.96875,-5.865992491749239e-08,3.4409866449258697e-15,6.663664947257047e-15,-0.5550239682197571,-0.5550239682197571,-5.55311714833806e-07
1699758.0203151,199999.96875,-5.2532744376776463e-08,2.7596892463290293e-15,6.647513299502328e-15,-0.5550239682197571,-0.5550239682197571,-5.428348117675341e-07
1699758.0208123,199999.96875,-4.5975866669323295e-08,2.113780248993763e-15,6.5884818793422815e-15,-0.5550239682197571,-0.5550239682197571,-5.346516331883322e-07
1699758.0341689,199999.96875,-3.906711043555333e-08,1.5262390215043699e-15,6.485611845480615e-15,-0.5550239682197571,-0.5550239682197571,-5.306894195200584e-07
1699758.0348645,199999.96875,-3.188629804640186e-08,1.0167359982366994e-15,6.339859921631252e-15,-0.5550239682197571,-0.5550239682197571,-5.308738764142618e-07
1699758.035815,199999.96875,-2.4514346108617247e-08,6.00953200115777e-16,6.1539709180597705e-15,-0.5550239682197571,-0.5550239682197571,-5.351295726541139e-07
1699758.0359669,199999.96875,-1.7032462551469507e-08,2.901047610280984e-16,5.932301548730373e-15,-0.5550239682197571,-0.5550239682197571,-5.433795990938961e-07
1699758.0503093,199999.96875,-9.52124867836801e-09,9.065417763592432e-17,5.680573521201762e-15,-0.5550239682197571,-0.5550239682197571,-5.555463644668635e-07
1699758.0509179,199999.96875,-2.059891146544146e-09,4.243151165085701e-18,5.405582580809759e-15,-0.5550239682197571,-0.5550239682197571,-5.715505722037051e-07
1699758.051848,199999.96875,5.274627401519183e-09,2.782169050762905e-17,5.114878755729715e-15,-0.5550239682197571,-0.5550239682197571,-5.913126983614347e-07
1699758.0523484,199999.96875,1.2408284177922724e-08,1.539654964597694e-16,4.816429237863504e-15,-0.5550239682197571,-0.5550239682197571,-6.147514568510815e-07
1699758.0641796,199999.96875,1.9270729012532684e-08,3.7136100223511786e-16,4.51827364042999e-15,-0.5550239682197571,-0.5550239682197571,-6.417853910534177e-07
1699758.0660294,199999.96875,2.579592361939831e-08,6.654296656981296e-16,4.228195349181493e-15,-0.5550239682197571,-0.5550239682197571,-6.723316801071633e-07
1699758.0666884,199999.96875,3.1922745336032676e-08,1.0190616330725045e-15,3.953417014059251e-15,-0.5550239682197571,-0.5550239682197571,-7.063072189339437e-07
1699758.0678671,199999.96875,3.759552669180266e-08,1.4134235502925169e-15,3.700326957551455e-15,-0.5550239682197571,-0.5550239682197571,-7.436280498041015e-07
1699758.0809562,199999.96875,4.276448706264091e-08,1.828801307845974e-15,3.474257463819308e-15,-0.5550239682197571,-0.5550239682197571,-7.842094191801152e-07
1699758.0813441,199999.96875,4.738615189125994e-08,2.245447073721471e-15,3.2793096546351787e-15,-0.5550239682197571,-0.5550239682197571,-8.279664029942069e-07
1699758.0817622,199999.96875,5.142367598409692e-08,2.644394509680563e-15,3.1182406222423796e-15,-0.5550239682197571,-0.5550239682197571,-8.748132813707343e-07
1699758.0823388,199999.96875,5.484704956870701e-08,3.008198548658074e-15,2.9924058311147543e-15,-0.5550239682197571,-0.5550239682197571,-9.246641639037989e-07
1699758.0952227,199999.96875,5.763329724572941e-08,3.3215969274939024e-15,2.9017650471873085e-15,-0.5550239682197571,-0.5550239682197571,-9.77432705440151e-07
1699758.0962364,199999.96875,5.976655614858828e-08,3.572041700107423e-15,2.8449431124701746e-15,-0.5550239682197571,-0.5550239682197571,-1.0330320492357714e-06
1699758.0965579,199999.96875,6.123808304892009e-08,3.750102848696854e-15,2.819339635815282e-15,-0.5550239682197571,-0.5550239682197571,-1.0913757932939916e-06
1699758.0967314,199999.96875,6.204620461858212e-08,3.849732134502326e-15,2.821289929176335e-15,-0.5550239682197571,-0.5550239682197571,-1.152376739810279e-06
1699758.1113302,199999.96875,6.219617887381901e-08,3.868364741759552e-15,2.846257072329603e-15,-0.5550239682197571,-0.5550239682197571,-1.215947463606426e-06
1699758.1117429,199999.96875,6.169999267058301e-08,3.806889208030203e-15,2.8890555295719945e-15,-0.5550239682197571,-0.5550239682197571,-1.2820009942515753e-06
1699758.1119695,199999.96875,6.057612012000391e-08,3.6694665826676656e-15,2.9440862013639223e-15,-0.5550239682197571,-0.5550239682197571,-1.3504501339411945e-06
1699758.1121376,199999.96875,5.884910336817484e-08,3.4632172363847956e-15,3.0055862990487417e-15,-0.5550239682197571,-0.5550239682197571,-1.4212079122444266e-06
1699758.1408188,199999.96875,5.654930035348116e-08,3.1978233910434205e-15,3.0678652435285614e-15,-0.5550239682197571,-0.5550239682197571,-1.4941870176699013e-06
1699758.1412344,199999.96875,5.371234124140756e-08,2.885015605930065e-15,3.1255356935006072e-15,-0.5550239682197571,-0.5550239682197571,-1.5693010482209502e-06
1699758.1418322,199999.96875,5.037869499346925e-08,2.5380128889778168e-15,3.173716833364563e-15,-0.5550239682197571,-0.5550239682197571,-1.646463147153554e-06
1699758.1422075,199999.96875,4.6593140012873846e-08,2.1709206680990646e-15,3.208212885416205e-15,-0.5550239682197571,-0.5550239682197571,-1.725586685097369e-06
1699758.1546129,199999.96875,4.240417794676432e-08,1.798114362958135e-15,3.2256505409430924e-15,-0.5550239682197571,-0.5550239682197571,-1.8065862832372659e-06
1699758.1557509,199999.96875,3.786350788459458e-08,1.4336452972379108e-15,3.2235799689035293e-15,-0.5550239682197571,-0.5550239682197571,-1.8893755395765766e-06
1699758.1567793,199999.96875,3.30253655533852e-08,1.0906748806310666e-15,3.200533261199924e-15,-0.5550239682197571,-0.5550239682197571,-1.9738697574211983e-06
1699758.1580583,199999.96875,2.7945935343609563e-08,7.809752829176608e-16,3.15604031454655e-15,-0.5550239682197571,-0.5550239682197571,-2.0599843537638662e-06
1699758.1702823,199999.96875,2.268271259708854e-08,5.145054410354768e-16,3.0905996078328668e-15,-0.5550239682197571,-0.5550239682197571,-2.147634177163127e-06
1699758.1704263,199999.96875,1.729389964566508e-08,2.990789956949189e-16,3.0056180627842637e-15,-0.5550239682197571,-0.5550239682197571,-2.236736008853768e-06
1699758.1705807,199999.96875,1.1837760993671509e-08,1.4013257492837981e-16,2.9033066471513113e-15,-0.5550239682197571,-0.5550239682197571,-2.3272070848179283e-06
1699758.1707283,199999.96875,6.3720255738530795e-09,4.06027096150921e-17,2.7865550138335676e-15,-0.5550239682197571,-0.5550239682197571,-2.418964413664071e-06
1699758.1839426,199999.96875,9.53306544815291e-10,9.087933537148065e-19,2.6587798819820195e-15,-0.5550239682197571,-0.5550239682197571,-2.5119268229900626e-06
1699758.1856852,199999.96875,-4.363470473833786e-09,1.9039876249261855e-17,2.5237600773326055e-15,-0.5550239682197571,-0.5550239682197571,-2.6060126856464194e-06
1699758.1859299,199999.96875,-9.525599864446122e-09,9.073706113330214e-17,2.385461619902607e-15,-0.5550239682197571,-0.5550239682197571,-2.7011421934730606e-06
1699758.1861833,199999.96875,-1.4483099164408486e-08,2.09760165500341e-16,2.247865564544119e-15,-0.5550239682197571,-0.5550239682197571,-2.797234628815204e-06
1699758.2002595,199999.96875,-1.9189158706467424e-08,3.6822380395672475e-16,2.1147990178710732e-15,-0.5550239682197571,-0.5550239682197571,-2.894212911996874e-06
1699758.2004745,199999.96875,-2.360058282135924e-08,5.569875314720689e-16,1.9897850016693374e-15,-0.5550239682197571,-0.5550239682197571,-2.991998599100043e-06
1699758.2007865,199999.96875,-2.767813178650158e-08,7.660789379907731e-16,1.8759048100427857e-15,-0.5550239682197571,-0.5550239682197571,-3.0905139283277094e-06
1699758.2009568,199999.96875,-3.13868717682908e-08,9.851357400734832e-16,1.7756885304048668e-15,-0.5550239682197571,-0.5550239682197571,-3.1896840937406523e-06
1699758.2151777,199999.96875,-3.4696419959345803e-08,1.2038416587577933e-15,1.6910335165574303e-15,-0.5550239682197571,-0.5550239682197571,-3.2894338346523e-06
1699758.2154016,199999.96875,-3.758120215024974e-08,1.4123467596583198e-15,1.6231500727029841e-15,-0.5550239682197571,-0.5550239682197571,-3.389688572497107e-06
1699758.2156143,199999.96875,-4.0020573521815095e-08,1.6016464472710392e-15,1.572538371796882e-15,-0.5550239682197571,-0.5550239682197571,-3.490376229819958e-06
1699758.2157725,199999.96875,-4.199894831913298e-08,1.7639117019435983e-15,1.538996714118559e-15,-0.5550239682197571,-0.5550239682197571,-3.5914235922973603e-06
1699758.2305853,199999.96875,-4.350584248413725e-08,1.8927584363525414e-15,1.5216580555673818e-15,-0.5550239682197571,-0.5550239682197571,-3.6927608562109526e-06
1699758.2313111,199999.96875,-4.453590918274131e-08,1.983447289399744e-15,1.5190514175513251e-15,-0.5550239682197571,-0.5550239682197571,-3.7943179904686986e-06
1699758.2317107,199999.96875,-4.508883577614142e-08,2.0330033754953304e-15,1.5291866961608148e-15,-0.5550239682197571,-0.5550239682197571,-3.89602655559429e-06
1699758.2320437,199999.96875,-4.5169276319256824e-08,2.040263506644484e-15,1.5496572590344647e-15,-0.5550239682197571,-0.5550239682197571,-3.997817657364067e-06
1699758.2445304,199999.96875,-4.4786666819618404e-08,2.005845805140463e-15,1.5777552477190212e-15,-0.5550239682197571,-0.5550239682197571,-4.09962740377523e-06
1699758.2459366,199999.96875,-4.3955065365253176e-08,1.9320478478526953e-15,1.6105939739302416e-15,-0.5550239682197571,-0.5550239682197571,-4.2013889469671994e-06
1699758.2465463,199999.96875,-4.269286435487629e-08,1.8226806477691145e-15,1.6452344450993903e-15,-0.5550239682197571,-0.5550239682197571,-4.303039077058202e-06
1699758.2468069,199999.96875,-4.102254180793352e-08,1.6828489548254672e-15,1.6788065959638145e-15,-0.5550239682197571,-0.5550239682197571,-4.4045145841664635e-06
1699758.2589997,199999.96875,-3.897031319866073e-08,1.518685181680756e-15,1.7086238497730603e-15,-0.5550239682197571,-0.5550239682197571,-4.505754532146966e-06
1699758.2605631,199999.96875,-3.656581881728016e-08,1.3370590831745686e-15,1.7322857151546092e-15,-0.5550239682197571,-0.5550239682197571,-4.606698439602042e-06
1699758.2608106,199999.96875,-3.384168323350423e-08,1.1452594836971466e-15,1.7477638658371423e-15,-0.5550239682197571,-0.5550239682197571,-4.707287644123426e-06
1699758.2611014,199999.96875,-3.083317068330871e-08,9.50684369009809e-16,1.7534688444951368e-15,-0.5550239682197571,-0.5550239682197571,-4.807464392797556e-06
1699758.2751862,199999.96875,-2.7577735650652357e-08,7.60531560400527e-16,1.7482983436268597e-15,-0.5550239682197571,-0.5550239682197571,-4.907172751700273e-06
1699758.2753503,199999.96875,-2.41145805546239e-08,5.815129998829028e-16,1.7316600754439435e-15,-0.5550239682197571,-0.5550239682197571,-5.006357241654769e-06
1699758.275514,199999.96875,-2.048423297651425e-08,4.1960376374598654e-16,1.7034761129152407e-15,-0.5550239682197571,-0.5550239682197571,-5.1049646572209895e-06
1699758.2758285,199999.96875,-1.6728085583395114e-08,2.7982884847958486e-16,1.6641637256463926e-15,-0.5550239682197571,-0.5550239682197571,-5.2029427024535835e-06
1699758.2915545,199999.96875,-1.288793338716232e-08,1.6609881991271362e-16,1.6145977927927943e-15,-0.5550239682197571,-0.5550239682197571,-5.300240445649251e-06
1699758.2918931,199999.96875,-9.005558965213822e-09,8.110008935970414e-17,1.5560559576762605e-15,-0.5550239682197571,-0.5550239682197571,-5.396809228841448e-06
1699758.2922174,199999.96875,-5.122282598080119e-09,2.6237780255294138e-17,1.4901486416877587e-15,-0.5550239682197571,-0.5550239682197571,-5.492598575074226e-06
1699758.292381,199999.96875,-1.2785413838756199e-09,1.6346680192751226e-18,1.4187403761024321e-15,-0.5550239682197571,-0.5550239682197571,-5.587563464359846e-06
1699758.3062729,199999.96875,2.486504113718979e-09,6.18270317229442e-18,1.34386213416956e-15,-0.5550239682197571,-0.5550239682197571,-5.6816584219632205e-06
1699758.3067092,199999.96875,6.135354002623217e-09,3.7642567692454734e-17,1.2676201691916083e-15,-0.5550239682197571,-0.5550239682197571,-5.774838882643962e-06
1699758.3087293,199999.96875,9.632520558966462e-09,9.278545149755905e-17,1.1921087701306636e-15,-0.5550239682197571,-0.5550239682197571,-5.867061645403737e-06
1699758.3090766,199999.96875,1.2944856742080901e-08,1.675693352835961e-16,1.1193223819401543e-15,-0.5550239682197571,-0.5550239682197571,-5.958286692475667e-06
1699758.3196321,199999.96875,1.6041848738268527e-08,2.5734089135359163e-16,1.0510797961160723e-15,-0.5550239682197571,-0.5550239682197571,-6.0484730965981726e-06
1699758.3209948,199999.96875,1.8895875086855085e-08,3.570541128301803e-16,9.889564939403106e-16,-0.5550239682197571,-0.5550239682197571,-6.137581749499077e-06
1699758.3214621,199999.96875,2.1482440715203666e-08,4.614952075205465e-16,9.34229906976447e-16,-0.5550239682197571,-0.5550239682197571,-6.225577635632362e-06
1699758.3219032,199999.96875,2.378033947536551e-08,5.655045006962701e-16,8.878397653399011e-16,-0.5550239682197571,-0.5550239682197571,-6.312423010967905e-06
1699758.334279,199999.96875,2.577184510244024e-08,6.641880212765732e-16,8.503633219842266e-16,-0.5550239682197571,-0.5550239682197571,-6.398084224201739e-06
1699758.3362785,199999.96875,2.7442780492492602e-08,7.531062048870998e-16,8.220069353111984e-16,-0.5550239682197571,-0.5550239682197571,-6.482528988271952e-06
1699758.3369757,199999.96875,2.8782618954892314e-08,8.2843914469397e-16,8.0261353364866e-16,-0.5550239682197571,-0.5550239682197571,-6.56572501611663e-06
1699758.3375289,199999.96875,2.978449842316877e-08,8.8711639920294595e-16,7.916828911016984e-16,-0.5550239682197571,-0.5550239682197571,-6.647642294410616e-06
1699758.351916,199999.96875,3.0445214349583694e-08,9.269112246748147e-16,7.884075735133437e-16,-0.5550239682197571,-0.5550239682197571,-6.728251264576102e-06
1699758.3530049,199999.96875,3.076519305977854e-08,9.464971675141758e-16,7.917181488481279e-16,-0.5550239682197571,-0.5550239682197571,-6.807524187024683e-06
1699758.3537767,199999.96875,3.0748385171364134e-08,9.454630461646968e-16,8.003371855424732e-16,-0.5550239682197571,-0.5550239682197571,-6.885437414894113e-06
1699758.3541582,199999.96875,3.040216256522399e-08,9.242914576480755e-16,8.128414564867556e-16,-0.5550239682197571,-0.5550239682197571,-6.9619622991012875e-06
1699758.3803345,199999.96875,2.9737179829680827e-08,8.842998558346478e-16,8.277248312216386e-16,-0.5550239682197571,-0.5550239682197571,-7.037078376015415e-06
1699758.3805035,199999.96875,2.876716997946005e-08,8.275500777367082e-16,8.434638151123667e-16,-0.5550239682197571,-0.5550239682197571,-7.110761998774251e-06
1699758.3806733,199999.96875,2.7508741951010052e-08,7.56730923566197e-16,8.585802827264222e-16,-0.5550239682197571,-0.5550239682197571,-7.1829917942523025e-06
1699758.3816824,199999.96875,2.5981165663324646e-08,6.750210432763637e-16,8.716998172277664e-16,-0.5550239682197571,-0.5550239682197571,-7.253750482050236e-06
1699758.3948768,199999.96875,2.420609668263296e-08,5.859350412631623e-16,8.816037499635374e-16,-0.5550239682197571,-0.5550239682197571,-7.3230175985372625e-06
1699758.3952679,199999.96875,2.220730266344617e-08,4.931643400502863e-16,8.872719356278855e-16,-0.5550239682197571,-0.5550239682197571,-7.390778137050802e-06
1699758.3954918,199999.96875,2.0010375578749517e-08,4.004151322984468e-16,8.879156806677988e-16,-0.5550239682197571,-0.5550239682197571,-7.457013907696819e-06
1699758.395725,199999.96875,1.7642420857555408e-08,3.112550413721403e-16,8.830010896287109e-16,-0.5550239682197571,-0.5550239682197571,-7.521711722802138e-06
1699758.4099981,199999.96875,1.513175718059756e-08,2.289700786506805e-16,8.722588589729543e-16,-0.5550239682197571,-0.5550239682197571,-7.584858394693583e-06
1699758.4109599,199999.96875,1.2507581637066778e-08,1.564396135242502e-16,8.556849652940294e-16,-0.5550239682197571,-0.5550239682197571,-7.646442099940032e-06
1699758.4111228,199999.96875,9.799649092201435e-09,9.603312140111985e-17,8.335288597949026e-16,-0.5550239682197571,-0.5550239682197571,-7.706452379352413e-06
1699758.4112647,199999.96875,7.03796132484058e-09,4.953289856865538e-17,8.062724512830025e-16,-0.5550239682197571,-0.5550239682197571,-7.764878318994306e-06
1699758.4240077,199999.96875,4.252441065943913e-09,1.8083253451372855e-17,7.74601307050013e-16,-0.5550239682197571,-0.5550239682197571,-7.821712642908096e-06
1699758.4254564,199999.96875,1.4726264652153986e-09,2.168628717712164e-18,7.393664305101286e-16,-0.5550239682197571,-0.5550239682197571,-7.876948984630872e-06
1699758.4267332,199999.96875,-1.2726296683140959e-09,1.6195862419615964e-18,7.015436036185863e-16,-0.5550239682197571,-0.5550239682197571,-7.930580068205018e-06
1699758.4268962,199999.96875,-3.955443528269598e-09,1.564553233384438e-17,6.621876470925137e-16,-0.5550239682197571,-0.5550239682197571,-7.98259861767292e-06
1699758.4416367,199999.96875,-6.54917053921622e-09,4.2891630866589633e-17,6.223853042032382e-16,-0.5550239682197571,-0.5550239682197571,-8.03300463303458e-06
1699758.4419335,199999.96875,-9.028651604126026e-09,8.151654501962254e-17,5.832104009696412e-16,-0.5550239682197571,-0.5550239682197571,-8.081794476311188e-06
1699758.4421993,199999.96875,-1.1370455688108905e-08,1.2928725771596436e-16,5.456792181097504e-16,-0.5550239682197571,-0.5550239682197571,-8.128966328513343e-06
1699758.4424004,199999.96875,-1.3553065336679992e-08,1.8368559294298725e-16,5.107120039811984e-16,-0.5550239682197571,-0.5550239682197571,-8.174516551662236e-06
1699758.4543362,199999.96875,-1.555707740408252e-08,2.4202264460963243e-16,4.790987756259774e-16,-0.5550239682197571,-0.5550239682197571,-8.218448783736676e-06
1699758.4558418,199999.96875,-1.736536070495731e-08,3.015557465024701e-16,4.51472954869956e-16,-0.5550239682197571,-0.5550239682197571,-8.260765753220767e-06
1699758.4560533,199999.96875,-1.8963163483931567e-08,3.596015644190476e-16,4.2829127776016147e-16,-0.5550239682197571,-0.5550239682197571,-8.301467460114509e-06
1699758.4564333,199999.96875,-2.0338248418738658e-08,4.136443840362401e-16,4.0982299489470233e-16,-0.5550239682197571,-0.5550239682197571,-8.340558451891411e-06
1699758.4703663,199999.96875,-2.1480934364603854e-08,4.614305153791999e-16,3.9614643035141997e-16,-0.5550239682197571,-0.5550239682197571,-8.378039638046175e-06
1699758.4705259,199999.96875,-2.238416207944738e-08,5.010507461848158e-16,3.871537197784375e-16,-0.5550239682197571,-0.5550239682197571,-8.413922842009924e-06
1699758.4708401,199999.96875,-2.3043511987452803e-08,5.31003419386504e-16,3.825631982510132e-16,-0.5550239682197571,-0.5550239682197571,-8.44820897327736e-06
1699758.4710566,199999.96875,-2.3457184639141815e-08,5.502395376186491e-16,3.819376908892455e-16,-0.5550239682197571,-0.5550239682197571,-8.4809071267955e-06
1699758.4846077,199999.96875,-2.362596873695111e-08,5.58186400729789e-16,3.847093679811188e-16,-0.5550239682197571,-0.5550239682197571,-8.512026397511363e-06
1699758.4855247,199999.96875,-2.3553180739099844e-08,5.54752264463824e-16,3.9020782941866087e-16,-0.5550239682197571,-0.5550239682197571,-8.541574061382562e-06
1699758.4856693,199999.96875,-2.324456715996348e-08,5.403098762571054e-16,3.9769205372192226e-16,-0.5550239682197571,-0.5550239682197571,-8.56956194184022e-06
1699758.485949,199999.96875,-2.270820687044761e-08,5.156626468601037e-16,4.063832735052414e-16,-0.5550239682197571,-0.5550239682197571,-8.59599640534725e-06
1699758.4996853,199999.96875,-2.195436366037029e-08,4.819940930583702e-16,4.1549840680888176e-16,-0.5550239682197571,-0.5550239682197571,-8.620893822808284e-06
1699758.4998596,199999.96875,-2.0995340577201205e-08,4.4080433667127163e-16,4.2428184730433323e-16,-0.5550239682197571,-0.5550239682197571,-8.644264198665041e-06
1699758.5002406,199999.96875,-1.9845311172161928e-08,3.938363862158003e-16,4.3203487221944985e-16,-0.5550239682197571,-0.5550239682197571,-8.666119356348645e-06
1699758.5004413,199999.96875,-1.8520131206400947e-08,3.4299527172989024e-16,4.3814192682959416e-16,-0.5550239682197571,-0.5550239682197571,-8.686472938279621e-06
1699758.5138766,199999.96875,-1.703712904088661e-08,2.902637385243862e-16,4.4209148264396335e-16,-0.5550239682197571,-0.5550239682197571,-8.705341315362602e-06
1699758.516376,199999.96875,-1.541491201351164e-08,2.3761950265200856e-16,4.4349247513872196e-16,-0.5550239682197571,-0.5550239682197571,-8.722738130018115e-06
1699758.5165484,199999.96875,-1.3673127519098216e-08,1.869544254353396e-16,4.420847857897241e-16,-0.5550239682197571,-0.5550239682197571,-8.738677934161387e-06
1699758.5167646,199999.96875,-1.183224718204201e-08,1.4000209214983325e-16,4.3774374193504583e-16,-0.5550239682197571,-0.5550239682197571,-8.753180736675858e-06
1699758.5299345,199999.96875,-9.913341258993569e-09,9.827433749233023e-17,4.3047929621181733e-16,-0.5550239682197571,-0.5550239682197571,-8.766260179982055e-06
1699758.5319912,199999.96875,-7.937832613436058e-09,6.30091795245815e-17,4.2042940911132267e-16,-0.5550239682197571,-0.5550239682197571,-8.77793354447931e-06
1699758.5322446,199999.96875,-5.9272800001508585e-09,3.513264363361773e-17,4.0784834933641574e-16,-0.5550239682197571,-0.5550239682197571,-8.788221748545766e-06
1699758.5325654,199999.96875,-3.903144918382395e-09,1.523454102905251e-17,3.930909178128777e-16,-0.5550239682197571,-0.5550239682197571,-8.797140253591351e-06
1699758.5449689,199999.96875,-1.886570899500839e-09,3.559149726301315e-18,3.765933100387649e-16,-0.5550239682197571,-0.5550239682197571,-8.80471179698361e-06
1699758.5462252,199999.96875,1.0182329285290947e-10,1.0367982771935517e-20,3.588511461673395e-16,-0.5550239682197571,-0.5550239682197571,-8.81095456861658e-06
1699758.546477,199999.96875,2.0421548896365493e-09,4.1703964943086e-18,3.4039636288947723e-16,-0.5550239682197571,-0.5550239682197571,-8.815884939394891e-06
1699758.5484885,199999.96875,3.9154621767067965e-09,1.5330843050327157e-17,3.2177299358533175e-16,-0.5550239682197571,-0.5550239682197571,-8.819530194159597e-06
1699758.5609047,199999.96875,5.703883143581834e-09,3.253428734985391e-17,3.0351443078365686e-16,-0.5550239682197571,-0.5550239682197571,-8.82190670381533e-06
1699758.5617356,199999.96875,7.390818179686676e-09,5.462419193019682e-17,2.8612108566782263e-16,-0.5550239682197571,-0.5550239682197571,-8.823037205729634e-06
1699758.5633538,199999.96875,8.961076325419981e-09,8.030088068674521e-17,2.700410916064858e-16,-0.5550239682197571,-0.5550239682197571,-8.822945346764755e-06
1699758.5639506,199999.96875,1.0400995620329923e-08,1.0818070544782449e-16,2.5565373407155907e-16,-0.5550239682197571,-0.5550239682197571,-8.821652045298833e-06
1699758.5764891,199999.96875,1.1698567448092945e-08,1.36856463246637e-16,2.432562157484103e-16,-0.5550239682197571,-0.5550239682197571,-8.819178219710011e-06
1699758.5768539,199999.96875,1.2843512031679438e-08,1.6495581512484294e-16,2.3305492150859394e-16,-0.5550239682197571,-0.5550239682197571,-8.815548426355235e-06
1699758.5773674,199999.96875,1.3827349043538106e-08,1.9119559881158069e-16,2.2516015092371023e-16,-0.5550239682197571,-0.5550239682197571,-8.810789040580858e-06
1699758.5780581,199999.96875,1.4643454449014826e-08,2.144307713459502e-16,2.1958545652091526e-16,-0.5550239682197571,-0.5550239682197571,-8.804917342786212e-06
1699758.5902824,199999.96875,1.5287094257132594e-08,2.336952519469386e-16,2.162510716193793e-16,-0.5550239682197571,-0.5550239682197571,-8.797962436801754e-06
1699758.5908026,199999.96875,1.5755409421558397e-08,2.4823290489044375e-16,2.149906204194159e-16,-0.5550239682197571,-0.5550239682197571,-8.789946150500327e-06
1699758.5911936,199999.96875,1.60474336041716e-08,2.575201182312747e-16,2.155616265049837e-16,-0.5550239682197571,-0.5550239682197571,-8.78089304023888e-06
1699758.5918708,199999.96875,1.6164051430678228e-08,2.6127655053366993e-16,2.1765839039146272e-16,-0.5550239682197571,-0.5550239682197571,-8.770829481363762e-06
1699758.6193852,199999.96875,1.6107941647192092e-08,2.5946580585067705e-16,2.2092702436046806e-16,-0.5550239682197571,-0.5550239682197571,-8.75977821124252e-06
1699758.6198948,199999.96875,1.5883523829529622e-08,2.522863545897496e-16,2.2498206224655e-16,-0.5550239682197571,-0.5550239682197571,-8.7477646957268e-06
1699758.6209343,199999.96875,1.549686245994053e-08,2.4015276643900936e-16,2.2942347950547794e-16,-0.5550239682197571,-0.5550239682197571,-8.734814400668256e-06
1699758.6219566,199999.96875,1.4955594096477398e-08,2.236697964530163e-16,2.3385351475917714e-16,-0.5550239682197571,-0.5550239682197571,-8.720952791918535e-06
1699758.6358487,199999.96875,1.4268775494485908e-08,2.0359796110439656e-16,2.378930942939717e-16,-0.5550239682197571,-0.5550239682197571,-8.706204425834585e-06
1699758.6359988,199999.96875,1.3446792124227613e-08,1.808162026597143e-16,2.4119652278826347e-16,-0.5550239682197571,-0.5550239682197571,-8.690595677762758e-06
1699758.6362335,199999.96875,1.250120895690543e-08,1.5628022574637858e-16,2.4346429468585925e-16,-0.5550239682197571,-0.5550239682197571,-8.674152013554703e-06
1699758.6364157,199999.96875,1.1444626579759642e-08,1.3097949719568044e-16,2.4445349681935426e-16,-0.5550239682197571,-0.5550239682197571,-8.656896170577966e-06
1699758.6490689,199999.96875,1.02905275412013e-08,1.0589494733498936e-16,2.4398566993467387e-16,-0.5550239682197571,-0.5550239682197571,-8.638859071652405e-06
1699758.6512491,199999.96875,9.053114702339826e-09,8.19588881239914e-17,2.4195114973492825e-16,-0.5550239682197571,-0.5550239682197571,-8.620064363640267e-06
1699758.6514622,199999.96875,7.747158470294835e-09,6.001846500650418e-17,2.383110256441029e-16,-0.5550239682197571,-0.5550239682197571,-8.600535693403799e-06
1699758.6516194,199999.96875,6.387817386155348e-09,4.0804214121032466e-17,2.3309600260653577e-16,-0.5550239682197571,-0.5550239682197571,-8.580301255278755e-06
1699758.6661326,199999.96875,4.990486246470027e-09,2.490495240609357e-17,2.2640208651284225e-16,-0.5550239682197571,-0.5550239682197571,-8.559385605622083e-06
1699758.6667911,199999.96875,3.5706200218754702e-09,1.274932650947369e-17,2.1838419174814125e-16,-0.5550239682197571,-0.5550239682197571,-8.537815119780134e-06
1699758.666989,199999.96875,2.1435770936051313e-09,4.594923369053983e-18,2.0924748557412553e-16,-0.5550239682197571,-0.5550239682197571,-8.51561617309926e-06
1699758.667185,199999.96875,7.244612687529184e-10,5.248441858097295e-19,1.992369458010088e-16,-0.5550239682197571,-0.5550239682197571,-8.492810593452305e-06
1699758.679787,199999.96875,-6.720292655693072e-10,4.5162339875745435e-19,1.8862593907762755e-16,-0.5550239682197571,-0.5550239682197571,-8.469428394164424e-06
1699758.6805729,199999.96875,-2.0317472149145033e-09,4.127997284060663e-18,1.7770370068568957e-16,-0.5550239682197571,-0.5550239682197571,-8.445492312603164e-06
1699758.6810295,199999.96875,-3.3412319577763583e-09,1.1163832206265737e-17,1.6676325108538561e-16,-0.5550239682197571,-0.5550239682197571,-8.421028724114876e-06
1699758.6812584,199999.96875,-4.587831448077395e-09,2.1048196330285477e-17,1.5608918011210333e-16,-0.5550239682197571,-0.5550239682197571,-8.396062185056508e-06
1699758.6945881,199999.96875,-5.759821508632967e-09,3.317554423048462e-17,1.4594648996432512e-16,-0.5550239682197571,-0.5550239682197571,-8.370618161279708e-06
1699758.6961696,199999.96875,-6.846501143797923e-09,4.6874581616648817e-17,1.3657072197583667e-16,-0.5550239682197571,-0.5550239682197571,-8.344721209141426e-06
1699758.6964582,199999.96875,-7.838290905226586e-09,6.143881352759653e-17,1.2815961863515247e-16,-0.5550239682197571,-0.5550239682197571,-8.31839679449331e-06
1699758.6966751,199999.96875,-8.726797950942e-09,7.615699698543016e-17,1.2086666495929294e-16,-0.5550239682197571,-0.5550239682197571,-8.291669473692309e-06
1699758.7097161,199999.96875,-9.504885767341875e-09,9.034285994058387e-17,1.1479678715459922e-16,-0.5550239682197571,-0.5550239682197571,-8.264561984105967e-06
1699758.7116628,199999.96875,-1.016672079856562e-08,1.0336221294358059e-16,1.1000413577269148e-16,-0.5550239682197571,-0.5550239682197571,-8.237099791585933e-06
1699758.7122646,199999.96875,-1.0707803532739035e-08,1.1465706642297167e-16,1.0649199968368523e-16,-0.5550239682197571,-0.5550239682197571,-8.209307452489156e-06
1699758.7124534,199999.96875,-1.1124980048293764e-08,1.2376517200012776e-16,1.0421491042366966e-16,-0.5550239682197571,-0.5550239682197571,-8.18120770418318e-06
1699758.7261306,199999.96875,-1.141646599478463e-08,1.3033568598131817e-16,1.0308253325230906e-16,-0.5550239682197571,-0.5550239682197571,-8.152822374540847e-06
1699758.7270014,199999.96875,-1.1581811065752845e-08,1.3413833451889794e-16,1.0296525889378374e-16,-0.5550239682197571,-0.5550239682197571,-8.124176929413807e-06
1699758.7273211,199999.96875,-1.1621895446012331e-08,1.3506846933921177e-16,1.0370115185393542e-16,-0.5550239682197571,-0.5550239682197571,-8.095294106169604e-06
1699758.7276502,199999.96875,-1.153887829730138e-08,1.331457177838343e-16,1.0510387150181304e-16,-0.5550239682197571,-0.5550239682197571,-8.066196642175782e-06
1699758.7389606,199999.96875,-1.1336157790253765e-08,1.2850849033030283e-16,1.0697140047949646e-16,-0.5550239682197571,-0.5550239682197571,-8.036906365305185e-06
1699758.7396044,199999.96875,-1.1018303602838841e-08,1.2140300886847233e-16,1.0909475987703029e-16,-0.5550239682197571,-0.5550239682197571,-8.007446012925357e-06
1699758.740865,199999.96875,-1.0590985866087976e-08,1.1216897331486116e-16,1.1126696263537414e-16,-0.5550239682197571,-0.5550239682197571,-7.977837412909139e-06
1699758.7410322,199999.96875,-1.006089700439361e-08,1.0122164157186077e-16,1.132911860908547e-16,-0.5550239682197571,-0.5550239682197571,-7.948100574139971e-06
1699758.7552803,199999.96875,-9.43565492406151e-09,8.90315801463403e-17,1.149884018891359e-16,-0.5550239682197571,-0.5550239682197571,-7.918257324490696e-06
1699758.7555138,199999.96875,-8.723700872792506e-09,7.61029655478182e-17,1.1620385446377643e-16,-0.5550239682197571,-0.5550239682197571,-7.88833131082356e-06
1699758.7557449,199999.96875,-7.93421151001894e-09,6.295172025051112e-17,1.1681219617347242e-16,-0.5550239682197571,-0.5550239682197571,-7.858339813537896e-06
1699758.7559353,199999.96875,-7.0769652360525015e-09,5.0083436897146175e-17,1.167213915945488e-16,-0.5550239682197571,-0.5550239682197571,-7.828304660506546e-06
1699758.7700106,199999.96875,-6.162240939744379e-09,3.797321825307178e-17,1.1587482186843753e-16,-0.5550239682197571,-0.5550239682197571,-7.798245860612951e-06
1699758.7708136,199999.96875,-5.200699426666233e-09,2.7047275746350782e-17,1.142521449695147e-16,-0.5550239682197571,-0.5550239682197571,-7.768181603751145e-06
1699758.771068,199999.96875,-4.203264403201956e-09,1.7667431411803673e-17,1.118683824977043e-16,-0.5550239682197571,-0.5550239682197571,-7.738133717793971e-06
1699758.7719296,199999.96875,-3.1809996858811473e-09,1.0118758985476441e-17,1.0877163004254257e-16,-0.5550239682197571,-0.5550239682197571,-7.708118573646061e-06
1699758.7880211,199999.96875,-2.1449946263629727e-09,4.6010023193756355e-18,1.0503974846072793e-16,-0.5550239682197571,-0.5550239682197571,-7.678155270696152e-06
1699758.7889328,199999.96875,-1.1062482041523936e-09,1.2237850751434948e-18,1.0077560593323747e-16,-0.5550239682197571,-0.5550239682197571,-7.648261089343578e-06
1699758.7891123,199999.96875,-7.555639447431872e-11,5.708768822179464e-21,9.610181709663115e-17,-0.5550239682197571,-0.5550239682197571,-7.618456493219128e-06
1699758.7892605,199999.96875,9.365969111385652e-10,8.772137692766398e-19,9.115470131585771e-17,-0.5550239682197571,-0.5550239682197571,-7.588756943732733e-06
1699758.7997775,199999.96875,1.920140046962615e-09,3.686937964002488e-18,8.607804905115846e-17,-0.5550239682197571,-0.5550239682197571,-7.5591792665363755e-06
1699758.8014358,199999.96875,2.8655111616870954e-09,8.211154761476051e-18,8.10167294062935e-17,-0.5550239682197571,-0.5550239682197571,-7.529740742029389e-06
1699758.8017144,199999.96875,3.763744871321251e-09,1.416577570115847e-17,7.61107278106864e-17,-0.5550239682197571,-0.5550239682197571,-7.500456376874354e-06
1699758.8036965,199999.96875,4.606556469610723e-09,2.122036404862104e-17,7.148940869469554e-17,-0.5550239682197571,-0.5550239682197571,-7.471343906217953e-06
1699758.8159767,199999.96875,5.386407764262913e-09,2.901338645507705e-17,6.726662519783273e-17,-0.5550239682197571,-0.5550239682197571,-7.442416972480714e-06
1699758.8169508,199999.96875,6.09657391237306e-09,3.7168212698380075e-17,6.353659650059021e-17,-0.5550239682197571,-0.5550239682197571,-7.413692856061971e-06
1699758.8173481,199999.96875,6.731194268638774e-09,4.53089768712697e-17,6.037081086022726e-17,-0.5550239682197571,-0.5550239682197571,-7.385183380392846e-06
1699758.8178359,199999.96875,7.285316794281016e-09,5.307584217239556e-17,5.781601390752048e-17,-0.5550239682197571,-0.5550239682197571,-7.356904916377971e-06
1699758.8312273,199999.96875,7.754925590575112e-09,6.013886279902249e-17,5.589318294280422e-17,-0.5550239682197571,-0.5550239682197571,-7.3288697421958204e-06
1699758.8314769,199999.96875,8.136969320560183e-09,6.621026923348821e-17,5.4597794942489025e-17,-0.5550239682197571,-0.5550239682197571,-7.3010924097616225e-06
1699758.8316971,199999.96875,8.429365649931242e-09,7.105420581337424e-17,5.3900977994474354e-17,-0.5550239682197571,-0.5550239682197571,-7.273585652001202e-06
1699758.8325057,199999.96875,8.631007908377342e-09,7.449430439719447e-17,5.3751688437520784e-17,-0.5550239682197571,-0.5550239682197571,-7.246361747093033e-06
1699758.8603378,199999.96875,8.741750434637652e-09,7.64182007705397e-17,5.407968209401031e-17,-0.5550239682197571,-0.5550239682197571,-7.219432973215589e-06
1699758.8606376,199999.96875,8.762396142003581e-09,7.677958605399677e-17,5.4799186951866085e-17,-0.5550239682197571,-0.5550239682197571,-7.192810699052643e-06
1699758.8608911,199999.96875,8.69466099118199e-09,7.559712805962977e-17,5.581303245017028e-17,-0.5550239682197571,-0.5550239682197571,-7.166507657530019e-06
1699758.8611096,199999.96875,8.541142904050503e-09,7.295112286386044e-17,5.701706993235757e-17,-0.5550239682197571,-0.5550239682197571,-7.140532943594735e-06
1699758.8757466,199999.96875,8.30527113748758e-09,6.897752587216801e-17,5.830471883086171e-17,-0.5550239682197571,-0.5550239682197571,-7.114899290172616e-06
1699758.8759606,199999.96875,7.99125832173786e-09,6.386021602600056e-17,5.957143675114582e-17,-0.5550239682197571,-0.5550239682197571,-7.089615337463329e-06
1699758.8762887,199999.96875,7.60402940613858e-09,5.782126154132652e-17,6.071881567009567e-17,-0.5550239682197571,-0.5550239682197571,-7.0646906351612415e-06
1699758.8764824,199999.96875,7.149174141574122e-09,5.111069264754108e-17,6.165847299362121e-17,-0.5550239682197571,-0.5550239682197571,-7.040135187708074e-06
1699758.8893645,199999.96875,6.632853821741946e-09,4.3994749005323e-17,6.23150889638658e-17,-0.5550239682197571,-0.5550239682197571,-7.015957180556143e-06
1699758.8914119,199999.96875,6.061738666574001e-09,3.6744676372418224e-17,6.262902054994193e-17,-0.5550239682197571,-0.5550239682197571,-6.9921661633998156e-06
1699758.8916226,199999.96875,5.442925665732901e-09,2.9625443860084634e-17,6.255802198360528e-17,-0.5550239682197571,-0.5550239682197571,-6.968769412196707e-06
1699758.8917686,199999.96875,4.783849760769954e-09,2.2885220541339167e-17,6.207823075854492e-17,-0.5550239682197571,-0.5550239682197571,-6.945774657651782e-06
1699758.9047434,199999.96875,4.092207461781072e-09,1.6746163967656413e-17,6.118438600606502e-17,-0.5550239682197571,-0.5550239682197571,-6.923190085217357e-06
1699758.9054569,199999.96875,3.3758666972971696e-09,1.1396475926365663e-17,5.988916675059479e-17,-0.5550239682197571,-0.5550239682197571,-6.901022516103694e-06
1699758.9065252,199999.96875,2.6427815491558704e-09,6.984294539007814e-18,5.822200738705131e-17,-0.5550239682197571,-0.5550239682197571,-6.879277407279005e-06
1699758.9069994,199999.96875,1.9009103180422926e-09,3.613460337370015e-18,5.622703303803062e-17,-0.5550239682197571,-0.5550239682197571,-6.857961125206202e-06
1699758.9189985,199999.96875,1.1581290371154296e-09,1.3412629200995009e-18,5.3960703743423133e-17,-0.5550239682197571,-0.5550239682197571,-6.83708140059025e-06
1699758.9196206,199999.96875,4.221563099093828e-10,1.782159337275791e-19,5.148897226782893e-17,-0.5550239682197571,-0.5550239682197571,-6.816640052420553e-06
1699758.9204605,199999.96875,-2.9952773594743576e-10,8.971686872985661e-20,4.8884044861278986e-17,-0.5550239682197571,-0.5550239682197571,-6.796645720896777e-06
1699758.9207722,199999.96875,-9.997519478943673e-10,9.995038408437497e-19,4.6221274368854435e-17,-0.5550239682197571,-0.5550239682197571,-6.7771011345030274e-06
1699758.9343354,199999.96875,-1.6717223161322181e-09,2.7946555489045463e-18,4.357579525995469e-17,-0.5550239682197571,-0.5550239682197571,-6.758009931218112e-06
1699758.9349767,199999.96875,-2.309084479179546e-09,5.331870570896358e-18,4.101951930831267e-17,-0.5550239682197571,-0.5550239682197571,-6.739377568010241e-06
1699758.9359644,199999.96875,-2.9059807893361267e-09,8.444724096681424e-18,3.861824376857328e-17,-0.5550239682197571,-0.5550239682197571,-6.72120722811087e-06
1699758.9361252,199999.96875,-3.4571006057859677e-09,1.195154472307141e-17,3.642921284784765e-17,-0.5550239682197571,-0.5550239682197571,-6.703501185256755e-06
1699758.9500752,199999.96875,-3.957720817737709e-09,1.566355329066946e-17,3.449910600246337e-17,-0.5550239682197571,-0.5550239682197571,-6.686262167932e-06
1699758.9504993,199999.96875,-4.403747588810347e-09,1.9392991380954617e-17,3.286253246924965e-17,-0.5550239682197571,-0.5550239682197571,-6.669494268862763e-06
1699758.9508885,199999.96875,-4.791742558296619e-09,2.2960796725185687e-17,3.154111805814109e-17,-0.5550239682197571,-0.5550239682197571,-6.653198852291098e-06
1699758.9510972,199999.96875,-5.118940826775997e-09,2.6203554830269144e-17,3.0543127957818314e-17,-0.5550239682197571,-0.5550239682197571,-6.637377282459056e-06
1699758.9639106,199999.96875,-5.383273382619791e-09,2.8979634177362434e-17,2.986369172883461e-17,-0.5550239682197571,-0.5550239682197571,-6.622030014113989e-06
1699758.9649667,199999.96875,-5.583366657901934e-09,3.1173982215065556e-17,2.948549813533046e-17,-0.5550239682197571,-0.5550239682197571,-6.607161139982054e-06
1699758.9658792,199999.96875,-5.718546525201873e-09,3.27017715715612e-17,2.9380069003176904e-17,-0.5550239682197571,-0.5550239682197571,-6.592769295821199e-06
1699758.9662698,199999.96875,-5.788827195374324e-09,3.351051929134409e-17,2.950933086313934e-17,-0.5550239682197571,-0.5550239682197571,-6.578854481631424e-06
1699758.980986,199999.96875,-5.794896562605345e-09,3.358082633468865e-17,2.9827603493070144e-17,-0.5550239682197571,-0.5550239682197571,-6.565418061654782e-06
1699758.9821019,199999.96875,-5.738097108576312e-09,3.2925758846550756e-17,3.0283740661333935e-17,-0.5550239682197571,-0.5550239682197571,-6.552460490638623e-06
1699758.9825428,199999.96875,-5.620397924843701e-09,3.158886954054255e-17,3.082349586335949e-17,-0.5550239682197571,-0.5550239682197571,-6.539979040098842e-06
1699758.982823,199999.96875,-5.444355188899408e-09,2.964100809049043e-17,3.139184504479977e-17,-0.5550239682197571,-0.5550239682197571,-6.527975983772194e-06
1699758.9950864,199999.96875,-5.213081522015273e-09,2.7176218314596773e-17,3.193525307641036e-17,-0.5550239682197571,-0.5550239682197571,-6.51644722893252e-06
1699758.9952421,199999.96875,-4.930195807162363e-09,2.4306832994407502e-17,3.24038475846992e-17,-0.5550239682197571,-0.5550239682197571,-6.505393685074523e-06
1699758.9954837,199999.96875,-4.599776559643942e-09,2.1157943345236562e-17,3.275326521905385e-17,-0.5550239682197571,-0.5550239682197571,-6.494813078461448e-06
1699758.9956338,199999.96875,-4.226310412747125e-09,1.78616980873842e-17,3.294627292574207e-17,-0.5550239682197571,-0.5550239682197571,-6.48470313535654e-06
1699759.0105291,199999.96875,-3.814635274324019e-09,1.4551440389955192e-17,3.2953992175218416e-17,-0.5550239682197571,-0.5550239682197571,-6.475061582023045e-06
1699759.0111359,199999.96875,-3.3698834833728597e-09,1.1356115302737364e-17,3.275670629040207e-17,-0.5550239682197571,-0.5550239682197571,-6.4658875089662615e-06
1699759.0120541,199999.96875,-2.8974240784407357e-09,8.395066790148641e-18,3.2344340211432133e-17,-0.5550239682197571,-0.5550239682197571,-6.4571759139653295e-06
1699759.0121925,199999.96875,-2.4027986267327606e-09,5.7734415021633965e-18,3.171644395205538e-17,-0.5550239682197571,-0.5550239682197571,-6.448926342272898e-06
1699759.026053,199999.96875,-1.8916608279795355e-09,3.578381261952866e-18,3.088183194887918e-17,-0.5550239682197571,-0.5550239682197571,-6.4411347011628095e-06
1699759.027879,199999.96875,-1.369716784438424e-09,1.876124004633306e-18,2.985784190754263e-17,-0.5550239682197571,-0.5550239682197571,-6.4337968979089055e-06
1699759.0282961,199999.96875,-8.426637165825923e-10,7.10082185004242e-19,2.8669259467920287e-17,-0.5550239682197571,-0.5550239682197571,-6.426910204027081e-06
1699759.0288754,199999.96875,-3.161312045474318e-10,9.993894701993672e-20,2.7347054272146125e-17,-0.5550239682197571,-0.5550239682197571,-6.420470981538529e-06
1699759.041404,199999.96875,2.0437647407778314e-10,4.17697419576553e-20,2.5926805012727277e-17,-0.5550239682197571,-0.5550239682197571,-6.414473318727687e-06
1699759.0429258,199999.96875,7.135341206776502e-10,5.091309077973074e-19,2.444710131960057e-17,-0.5550239682197571,-0.5550239682197571,-6.4089158513525035e-06
1699759.0437088,199999.96875,1.2062478793595233e-09,1.4550338585379272e-18,2.2947839768070656e-17,-0.5550239682197571,-0.5550239682197571,-6.403792212950066e-06
1699759.0439944,199999.96875,1.6777020883651517e-09,2.814684486666599e-18,2.1468539739082873e-17,-0.5550239682197571,-0.5550239682197571,-6.399098310794216e-06
1699759.0544259,199999.96875,2.123404785336902e-09,4.508847781692328e-18,2.0046776739143054e-17,-0.5550239682197571,-0.5550239682197571,-6.394829597411444e-06
1699759.0580212,199999.96875,2.5392268288015885e-09,6.447673110732919e-18,1.8716706710104738e-17,-0.5550239682197571,-0.5550239682197571,-6.390980615833541e-06
1699759.0586345,199999.96875,2.9214366481511433e-09,8.534792484859873e-18,1.7507853382391168e-17,-0.5550239682197571,-0.5550239682197571,-6.387546363839647e-06
1699759.0590816,199999.96875,3.2667315519319118e-09,1.067153483752419e-17,1.6444080916674498e-17,-0.5550239682197571,-0.5550239682197571,-6.384520929714199e-06
1699759.0706318,199999.96875,3.5722624858181007e-09,1.2761059239282142e-17,1.5542874256742875e-17,-0.5550239682197571,-0.5550239682197571,-6.3819002207310405e-06
1699759.0710082,199999.96875,3.835653128447802e-09,1.471223437486815e-17,1.4814905686859457e-17,-0.5550239682197571,-0.5550239682197571,-6.379676051437855e-06
1699759.0714573,199999.96875,4.055016766812969e-09,1.6443159437472114e-17,1.4263872704362357e-17,-0.5550239682197571,-0.5550239682197571,-6.377845238603186e-06
1699759.0720147,199999.96875,4.22896206941914e-09,1.788411799070684e-17,1.388666345578715e-17,-0.5550239682197571,-0.5550239682197571,-6.3764009610167705e-06
1699759.0997383,199999.96875,4.356602634203455e-09,1.8979988372913016e-17,1.3673754610741514e-17,-0.5550239682197571,-0.5550239682197571,-6.375337306963047e-06
1699759.1009193,199999.96875,4.437546774482826e-09,1.9691821957767974e-17,1.3609885514104457e-17,-0.5550239682197571,-0.5550239682197571,-6.374647000484401e-06
1699759.1010864,199999.96875,4.471900183489197e-09,1.9997892019302395e-17,1.3674920935405214e-17,-0.5550239682197571,-0.5550239682197571,-6.374324584612623e-06
1699759.1013201,199999.96875,4.46025083533641e-09,1.9893836006965675e-17,1.3844868500976684e-17,-0.5550239682197571,-0.5550239682197571,-6.374363238137448e-06
1699759.1149335,199999.96875,4.403648112827341e-09,1.939211456950531e-17,1.4093023511923205e-17,-0.5550239682197571,-0.5550239682197571,-6.374756594595965e-06
1699759.1167184,199999.96875,4.303590372956023e-09,1.852088824369506e-17,1.4391174146273043e-17,-0.5550239682197571,-0.5550239682197571,-6.375498287525261e-06
1699759.11777,199999.96875,4.1619934165737504e-09,1.732218938518119e-17,1.4710791771879858e-17,-0.5550239682197571,-0.5550239682197571,-6.376579221978318e-06
1699759.1182957,199999.96875,3.981162954858064e-09,1.5849659002326542e-17,1.502422043214355e-17,-0.5550239682197571,-0.5550239682197571,-6.377996669471031e-06
1699759.1298256,199999.96875,3.763767519870953e-09,1.4165946100364655e-17,1.5305744736181073e-17,-0.5550239682197571,-0.5550239682197571,-6.37974017081433e-06
1699759.1310212,199999.96875,3.512793611548659e-09,1.2339719077846619e-17,1.5532551042698213e-17,-0.5550239682197571,-0.5550239682197571,-6.381803359545302e-06
1699759.1321314,199999.96875,3.231517498036851e-09,1.0442705247228746e-17,1.568550997284907e-17,-0.5550239682197571,-0.5550239682197571,-6.384181233443087e-06
1699759.1323362,199999.96875,2.923458142234381e-09,8.546607105548968e-18,1.574980506750159e-17,-0.5550239682197571,-0.5550239682197571,-6.386863333318615e-06
1699759.1440487,199999.96875,2.5923387880766313e-09,6.72022043717271e-18,1.571531494468058e-17,-0.5550239682197571,-0.5550239682197571,-6.389844202203676e-06
1699759.1451136,199999.96875,2.2420447720605807e-09,5.026764588365867e-18,1.5576816785998376e-17,-0.5550239682197571,-0.5550239682197571,-6.393117018888006e-06
1699759.1460341,199999.96875,1.8765766718331633e-09,3.521539478209754e-18,1.5333978064848733e-17,-0.5550239682197571,-0.5550239682197571,-6.39667405266664e-06
1699759.1465248,199999.96875,1.5000081177163338e-09,2.2500245307583006e-18,1.499111997275163e-17,-0.5550239682197571,-0.5550239682197571,-6.40050620859256e-06
1699759.1603967,199999.96875,1.1164423829868042e-09,1.246443516675277e-18,1.4556830298826588e-17,-0.5550239682197571,-0.5550239682197571,-6.404608484444907e-06
1699759.160629,199999.96875,7.299674753546981e-10,5.328525349101617e-19,1.40434174905884e-17,-0.5550239682197571,-0.5550239682197571,-6.408971330529312e-06
1699759.160869,199999.96875,3.446161134235126e-10,1.1876025924879885e-19,1.3466200932981546e-17,-0.5550239682197571,-0.5550239682197571,-6.413588380382862e-06
1699759.1611013,199999.96875,-3.5676711584997634e-11,1.2728277016628267e-21,1.2842746633494204e-17,-0.5550239682197571,-0.5550239682197571,-6.418451903300593e-06
1699759.175013,199999.96875,-4.071116777026873e-10,1.6573990459056563e-19,1.2192025152294663e-17,-0.5550239682197571,-0.5550239682197571,-6.423553713830188e-06
1699759.1753042,199999.96875,-7.660618805971353e-10,5.868507302012585e-19,1.1533551334394276e-17,-0.5550239682197571,-0.5550239682197571,-6.428888355003437e-06
1699759.1756261,199999.96875,-1.1091069174185009e-09,1.230118176708354e-18,1.0886537276700198e-17,-0.5550239682197571,-0.5550239682197571,-6.434444912883919e-06
1699759.1758765,199999.96875,-1.4330637787551836e-09,2.053671705672913e-18,1.0269096580266116e-17,-0.5550239682197571,-0.5550239682197571,-6.440218385250773e-06
1699759.1905047,199999.96875,-1.7350147984984687e-09,3.0102763055884377e-18,9.697525530339937e-18,-0.5550239682197571,-0.5550239682197571,-6.446200131904334e-06
1699759.1907118,199999.96875,-2.012332966927488e-09,4.049483781858967e-18,9.185693464252338e-18,-0.5550239682197571,-0.5550239682197571,-6.452382422139635e-06
1699759.1909078,199999.96875,-2.262702691879781e-09,5.1198236480490016e-18,8.744567142564546e-18,-0.5550239682197571,-0.5550239682197571,-6.458757525251713e-06
1699759.1912899,199999.96875,-2.484135563918244e-09,6.170929497045647e-18,8.381847616779431e-18,-0.5550239682197571,-0.5550239682197571,-6.465319984272355e-06
1699759.2043711,199999.96875,-2.6749873427434068e-09,7.155558148933855e-18,8.101801484496541e-18,-0.5550239682197571,-0.5550239682197571,-6.472058885265142e-06
1699759.2061325,199999.96875,-2.8339652846653962e-09,8.031359610712138e-18,7.905193060601874e-18,-0.5550239682197571,-0.5550239682197571,-6.4789687712618615e-06
1699759.2065378,199999.96875,-2.960134137808268e-09,8.762394539126289e-18,7.789412590262827e-18,-0.5550239682197571,-0.5550239682197571,-6.48604191155755e-06
1699759.2069102,199999.96875,-3.0529185846006612e-09,9.320312145861668e-18,7.748697106151742e-18,-0.5550239682197571,-0.5550239682197571,-6.493271030194592e-06
1699759.2190286,199999.96875,-3.112102575641984e-09,9.685182341239421e-18,7.774498523818496e-18,-0.5550239682197571,-0.5550239682197571,-6.500648396468023e-06
1699759.2208143,199999.96875,-3.137823112453475e-09,9.845934967121751e-18,7.855948517194755e-18,-0.5550239682197571,-0.5550239682197571,-6.508165824925527e-06
1699759.2213686,199999.96875,-3.1305600334263772e-09,9.800406946206833e-18,7.980389568547233e-18,-0.5550239682197571,-0.5550239682197571,-6.515816494356841e-06
1699759.2215235,199999.96875,-3.0911251336362966e-09,9.555054423175641e-18,8.133968884157503e-18,-0.5550239682197571,-0.5550239682197571,-6.523593583551701e-06
1699759.2345215,199999.96875,-3.020647509899277e-09,9.124311699717228e-18,8.302252989517129e-18,-0.5550239682197571,-0.5550239682197571,-6.531491180794546e-06
1699759.2362109,199999.96875,-2.920552244489727e-09,8.529625914753867e-18,8.470845633245236e-18,-0.5550239682197571,-0.5550239682197571,-6.539498372148955e-06
1699759.2369137,199999.96875,-2.7925424195274218e-09,7.798293201319196e-18,8.625976739684656e-18,-0.5550239682197571,-0.5550239682197571,-6.54761106488877e-06
1699759.2372843,199999.96875,-2.6385726936695164e-09,6.962065714406676e-18,8.755035940397017e-18,-0.5550239682197571,-0.5550239682197571,-6.555821983056376e-06
1699759.2506963,199999.96875,-2.460825543337819e-09,6.055662292276689e-18,8.847047375834353e-18,-0.5550239682197571,-0.5550239682197571,-6.564121576957405e-06
1699759.2510594,199999.96875,-2.261683507143175e-09,5.1152121161340185e-18,8.893058470227003e-18,-0.5550239682197571,-0.5550239682197571,-6.572506208613049e-06
1699759.2512663,199999.96875,-2.043698543729988e-09,4.176704160069623e-18,8.886414555546977e-18,-0.5550239682197571,-0.5550239682197571,-6.580967692570994e-06
1699759.2515035,199999.96875,-1.809564609267511e-09,3.2745241153521777e-18,8.822951604590684e-18,-0.5550239682197571,-0.5550239682197571,-6.589498752873624e-06
1699759.2661094,199999.96875,-1.5620841287145026e-09,2.4401067064150768e-18,8.70105826952487e-18,-0.5550239682197571,-0.5550239682197571,-6.598092113563325e-06
1699759.2671855,199999.96875,-1.3041375757083529e-09,1.7007748462642886e-18,8.52164362184273e-18,-0.5550239682197571,-0.5550239682197571,-6.606743227166589e-06
1699759.2674735,199999.96875,-1.0386524973426958e-09,1.078799028724308e-18,8.287999013201615e-18,-0.5550239682197571,-0.5550239682197571,-6.615444817725802e-06
1699759.2679796,199999.96875,-7.685711511662419e-10,5.907015661454225e-19,8.005568946393347e-18,-0.5550239682197571,-0.5550239682197571,-6.6241896092833485e-06
1699759.2811309,199999.96875,-4.968198075161467e-10,2.4682994515339333e-19,7.681640882614518e-18,-0.5550239682197571,-0.5550239682197571,-6.632971690123668e-06
1699759.2818163,199999.96875,-2.2627910656325412e-10,5.120223757896233e-20,7.324982109177579e-18,-0.5550239682197571,-0.5550239682197571,-6.641784239036497e-06
1699759.2821885,199999.96875,4.024516830902769e-11,1.6196735595994219e-21,6.945416223037209e-18,-0.5550239682197571,-0.5550239682197571,-6.650623163295677e-06
1699759.2824321,199999.96875,3.000495407690096e-10,9.002971748481212e-20,6.553380175572296e-18,-0.5550239682197571,-0.5550239682197571,-6.659479367954191e-06
1699759.294628,199999.96875,5.505587097331954e-10,3.0311488124789297e-19,6.1594837989097506e-18,-0.5550239682197571,-0.5550239682197571,-6.66834876028588e-06
1699759.2959772,199999.96875,7.893498077393701e-10,6.230731243213204e-19,5.774069332248324e-18,-0.5550239682197571,-0.5550239682197571,-6.677225428575184e-06
1699759.2963354,199999.96875,1.0141736339619456e-09,1.0285481167044413e-18,5.40679783155233e-18,-0.5550239682197571,-0.5550239682197571,-6.68610300635919e-06
1699759.2969004,199999.96875,1.222975498649248e-09,1.4956691061295946e-18,5.066293895478551e-18,-0.5550239682197571,-0.5550239682197571,-6.6949760366696864e-06
1699759.3113091,199999.96875,1.4139107662458628e-09,1.9991439596934175e-18,4.759832163924086e-18,-0.5550239682197571,-0.5550239682197571,-6.7038395172858145e-06
1699759.3116871,199999.96875,1.5853611756710961e-09,2.5133700932688984e-18,4.4931061210451374e-18,-0.5550239682197571,-0.5550239682197571,-6.7126870817446616e-06
1699759.3120166,199999.96875,1.7359456094823145e-09,3.01350727306107e-18,4.270057696050826e-18,-0.5550239682197571,-0.5550239682197571,-6.721512818330666e-06
1699759.3124287,199999.96875,1.8645298638375607e-09,3.4764713697154145e-18,4.092792890780712e-18,-0.5550239682197571,-0.5550239682197571,-6.730313998559723e-06
1699759.3414791,199999.96875,1.970233753922912e-09,3.881820889139369e-18,3.961575162259894e-18,-0.5550239682197571,-0.5550239682197571,-6.739081982232165e-06
1699759.3423388,199999.96875,2.052433556443134e-09,4.212483443875298e-18,3.874893251509237e-18,-0.5550239682197571,-0.5550239682197571,-6.747815405105939e-06
1699759.3428703,199999.96875,2.1107631198447052e-09,4.455320510663715e-18,3.829594773214302e-18,-0.5550239682197571,-0.5550239682197571,-6.756507445970783e-06
1699759.343129,199999.96875,2.1451143084050273e-09,4.601515584945725e-18,3.821090115746338e-18,-0.5550239682197571,-0.5550239682197571,-6.765152647858486e-06
1699759.355201,199999.96875,2.155629674760462e-09,4.646739203395224e-18,3.8435939779011495e-18,-0.5550239682197571,-0.5550239682197571,-6.7737482822849415e-06
1699759.3557081,199999.96875,2.142697796969628e-09,4.591153493412273e-18,3.89041695006502e-18,-0.5550239682197571,-0.5550239682197571,-6.78228889228194e-06
1699759.3567338,199999.96875,2.1069421762831553e-09,4.439205791560263e-18,3.9542719846316634e-18,-0.5550239682197571,-0.5550239682197571,-6.790769020881271e-06
1699759.3578586,199999.96875,2.0492119112702767e-09,4.199269647180069e-18,4.027599891573264e-18,-0.5550239682197571,-0.5550239682197571,-6.799185030104127e-06
1699759.3700686,199999.96875,1.97056593265188e-09,3.883129902458734e-18,4.102887389386003e-18,-0.5550239682197571,-0.5550239682197571,-6.807533736719051e-06
1699759.3709803,199999.96875,1.872259458579606e-09,3.5053552759348474e-18,4.172969439603946e-18,-0.5550239682197571,-0.5550239682197571,-6.815810138505185e-06
1699759.3712081,199999.96875,1.7557242326660116e-09,3.0825675484273564e-18,4.2313055251236355e-18,-0.5550239682197571,-0.5550239682197571,-6.82401014273637e-06
1699759.3715723,199999.96875,1.6225530918845266e-09,2.6326786957156375e-18,4.272221600533265e-18,-0.5550239682197571,-0.5550239682197571,-6.8321301114337984e-06
1699759.3846584,199999.96875,1.4744768739305414e-09,2.174082112695573e-18,4.291101170834175e-18,-0.5550239682197571,-0.5550239682197571,-6.840166406618664e-06
1699759.3864114,199999.96875,1.3133464316084087e-09,1.7248788893140838e-18,4.284525498554685e-18,-0.5550239682197571,-0.5550239682197571,-6.8481153903121594e-06
1699759.386702,199999.96875,1.1411079858802964e-09,1.3021275577535452e-18,4.250362939256245e-18,-0.5550239682197571,-0.5550239682197571,-6.855973879282828e-06
1699759.3869731,199999.96875,9.597831418517444e-10,9.211836921102383e-19,4.1877962384936526e-18,-0.5550239682197571,-0.5550239682197571,-6.863738235551864e-06
1699759.4000065,199999.96875,7.714454630658452e-10,5.951281714947118e-19,4.097302679480351e-18,-0.5550239682197571,-0.5550239682197571,-6.871405730635161e-06
1699759.4005571,199999.96875,5.781973233531801e-10,3.3431215314669526e-19,3.980570537846562e-18,-0.5550239682197571,-0.5550239682197571,-6.8789718170592096e-06
1699759.4010771,199999.96875,3.821480076826589e-10,1.4603708278501193e-19,3.840379967631075e-18,-0.5550239682197571,-0.5550239682197571,-6.886434675834607e-06
1699759.4013414,199999.96875,1.8539192403466132e-10,3.4370165476319514e-20,3.680440046700578e-18,-0.5550239682197571,-0.5550239682197571,-6.893790668982547e-06
1699759.4149914,199999.96875,-1.0013467485747718e-11,1.0026952850976093e-22,3.505194389305706e-18,-0.5550239682197571,-0.5550239682197571,-6.901038432260975e-06
1699759.4161124,199999.96875,-2.0206784856480198e-10,4.083141218146473e-20,3.319604424760552e-18,-0.5550239682197571,-0.5550239682197571,-6.9081747824384365e-06
1699759.4175995,199999.96875,-3.8884756525803255e-10,1.512024121200993e-19,3.1289248179063595e-18,-0.5550239682197571,-0.5550239682197571,-6.915196536283474e-06
1699759.4179235,199999.96875,-5.685242276953772e-10,3.2321979037932987e-19,2.9384708245642408e-18,-0.5550239682197571,-0.5550239682197571,-6.9221014200593345e-06
1699759.4303753,199999.96875,-7.393816114920071e-10,5.466851661011562e-19,2.7533959867455544e-18,-0.5550239682197571,-0.5550239682197571,-6.928888524271315e-06
1699759.4307092,199999.96875,-8.998307099439273e-10,8.096952551745755e-19,2.578489059811523e-18,-0.5550239682197571,-0.5550239682197571,-6.935554210940609e-06
1699759.4310361,199999.96875,-1.0484242363162366e-09,1.0991934769195327e-18,2.417986862859643e-18,-0.5550239682197571,-0.5550239682197571,-6.9420957515831105e-06
1699759.4312679,199999.96875,-1.1838681146514318e-09,1.4015437072393028e-18,2.2754249726231196e-18,-0.5550239682197571,-0.5550239682197571,-6.94851314619882e-06
1699759.4448962,199999.96875,-1.3050321934215958e-09,1.7031091499529132e-18,2.1535212977996485e-18,-0.5550239682197571,-0.5550239682197571,-6.954803211556282e-06
1699759.4452831,199999.96875,-1.410957350955755e-09,1.9908003956497483e-18,2.0540958425319997e-18,-0.5550239682197571,-0.5550239682197571,-6.960965492908144e-06
1699759.4455715,199999.96875,-1.500863433534505e-09,2.2525910654038995e-18,1.9780347240513706e-18,-0.5550239682197571,-0.5550239682197571,-6.9669972617703024e-06
1699759.4458981,199999.96875,-1.574152697081388e-09,2.477956423293972e-18,1.9252893454967736e-18,-0.5550239682197571,-0.5550239682197571,-6.972898063395405e-06
1699759.4616977,199999.96875,-1.6304116945420333e-09,2.6582420921611294e-18,1.8949202364875018e-18,-0.5550239682197571,-0.5550239682197571,-6.9786647145519964e-06
1699759.4619225,199999.96875,-1.6694127191740904e-09,2.786938574174886e-18,1.8851688110412672e-18,-0.5550239682197571,-0.5550239682197571,-6.984298579482129e-06
1699759.462199,199999.96875,-1.691111028989667e-09,2.85985681991812e-18,1.8935636602829148e-18,-0.5550239682197571,-0.5550239682197571,-6.989795565459644e-06
1699759.4623541,199999.96875,-1.6956427373315819e-09,2.8752043290034287e-18,1.9170522809569706e-18,-0.5550239682197571,-0.5550239682197571,-6.995156581979245e-06
1699759.4755494,199999.96875,-1.6833187066467303e-09,2.8335617822208248e-18,1.952147486396064e-18,-0.5550239682197571,-0.5550239682197571,-7.000380719546229e-06
1699759.475804,199999.96875,-1.6546174430587257e-09,2.737758964445852e-18,1.995088499945223e-18,-0.5550239682197571,-0.5550239682197571,-7.0054679781605955e-06
1699759.4759775,199999.96875,-1.61017743582903e-09,2.5926712782088978e-18,2.0420055639037715e-18,-0.5550239682197571,-0.5550239682197571,-7.010414265096188e-06
1699759.4761528,199999.96875,-1.5507859441044047e-09,2.4049372615160065e-18,2.0890804125641643e-18,-0.5550239682197571,-0.5550239682197571,-7.01522230883711e-06
1699759.4909912,199999.96875,-1.4773693379765973e-09,2.182619857388039e-18,2.13269992101077e-18,-0.5550239682197571,-0.5550239682197571,-7.019889835646609e-06
1699759.4925921,199999.96875,-1.3909786655830203e-09,1.9348213612855284e-18,2.1695961054385446e-18,-0.5550239682197571,-0.5550239682197571,-7.024416845524684e-06
1699759.4937489,199999.96875,-1.2927777737203883e-09,1.671274380295774e-18,2.1969592401017988e-18,-0.5550239682197571,-0.5550239682197571,-7.0288033384713344e-06
1699759.4943308,199999.96875,-1.1840270985885581e-09,1.4019202812131676e-18,2.212536085011938e-18,-0.5550239682197571,-0.5550239682197571,-7.0330488597392105e-06
1699759.5054158,199999.96875,-1.0660705651588387e-09,1.1365064569784575e-18,2.2146950264107014e-18,-0.5550239682197571,-0.5550239682197571,-7.037153409328312e-06
1699759.5066787,199999.96875,-9.403186007617137e-10,8.841989993569204e-19,2.202465574644411e-18,-0.5550239682197571,-0.5550239682197571,-7.041116532491287e-06
1699759.5073629,199999.96875,-8.082311486745652e-10,6.5323760952656195e-19,2.1755474631507105e-18,-0.5550239682197571,-0.5550239682197571,-7.044938683975488e-06
1699759.5083161,199999.96875,-6.713045119788319e-10,4.506498071764794e-19,2.134293070870547e-18,-0.5550239682197571,-0.5550239682197571,-7.048619409033563e-06
1699759.5197325,199999.96875,-5.310515360790191e-10,2.8201572686956147e-19,2.0796637884708606e-18,-0.5550239682197571,-0.5550239682197571,-7.052160071907565e-06
1699759.5199581,199999.96875,-3.88988341537555e-10,1.5131194892777723e-19,2.0131603283779755e-18,-0.5550239682197571,-0.5550239682197571,-7.055560217850143e-06
1699759.5211061,199999.96875,-2.466168103065769e-10,6.081985040524504e-20,1.9367402135114983e-18,-0.5550239682197571,-0.5550239682197571,-7.058819846861297e-06
1699759.522004,199999.96875,-1.0540994466179399e-10,1.1111256251102697e-20,1.8527131389368304e-18,-0.5550239682197571,-0.5550239682197571,-7.0619389589410275e-06
1699759.5362561,199999.96875,3.320273569973331e-11,1.1024215282573881e-21,1.76362847530186e-18,-0.5550239682197571,-0.5550239682197571,-7.06492073732079e-06
1699759.5370422,199999.96875,1.6784933165592264e-10,2.817340007851533e-20,1.6721616349003137e-18,-0.5550239682197571,-0.5550239682197571,-7.067763363011181e-06
1699759.537244,199999.96875,2.972285473301639e-10,8.834480227582988e-20,1.580993613495052e-18,-0.5550239682197571,-0.5550239682197571,-7.070468655001605e-06
1699759.5377617,199999.96875,4.2012157641657666e-10,1.7650214474533994e-19,1.4927008718990247e-18,-0.5550239682197571,-0.5550239682197571,-7.07303615854471e-06
1699759.5510349,199999.96875,5.354031107351886e-10,2.866564944493195e-19,1.4096497670495927e-18,-0.5550239682197571,-0.5550239682197571,-7.0754676926299e-06
1699759.5516847,199999.96875,6.420511344806812e-10,4.1222967171704653e-19,1.3339089742611748e-18,-0.5550239682197571,-0.5550239682197571,-7.0777641667518765e-06
1699759.5520444,199999.96875,7.391548484392274e-10,5.463498994591308e-19,1.2671733866088919e-18,-0.5550239682197571,-0.5550239682197571,-7.079927399900043e-06
1699759.5525101,199999.96875,8.25922774616572e-10,6.821484508146911e-19,1.2107092108154097e-18,-0.5550239682197571,-0.5550239682197571,-7.081956482579699e-06
1699759.5805024,199999.96875,9.016871693745543e-10,8.130398048850688e-19,1.1653186052797514e-18,-0.5550239682197571,-0.5550239682197571,-7.083854143274948e-06
1699759.580743,199999.96875,9.659094635239285e-10,9.329809420064695e-19,1.1313246874286956e-18,-0.5550239682197571,-0.5550239682197571,-7.085620836733142e-06
1699759.5809655,199999.96875,1.0181819831700523e-09,1.0366945015695933e-18,1.1085770137883342e-18,-0.5550239682197571,-0.5550239682197571,-7.087257927196333e-06
1699759.5811874,199999.96875,1.0582306142481457e-09,1.1198520025253148e-18,1.0964763954024491e-18,-0.5550239682197571,-0.5550239682197571,-7.0887667789065745e-06
1699759.5937975,199999.96875,1.0859135812779641e-09,1.1792083119330121e-18,1.0940180146219415e-18,-0.5550239682197571,-0.5550239682197571,-7.090149210853269e-06
1699759.595557,199999.96875,1.1012213363414958e-09,1.212688447226096e-18,1.0998480869767918e-18,-0.5550239682197571,-0.5550239682197571,-7.091405677783769e-06
1699759.5957217,199999.96875,1.1042728953469805e-09,1.2194185954849805e-18,1.11233406813055e-18,-0.5550239682197571,-0.5550239682197571,-7.092537998687476e-06
1699759.5959861,199999.96875,1.0953117302037185e-09,1.199707812066031e-18,1.1296419952676096e-18,-0.5550239682197571,-0.5550239682197571,-7.093548447301146e-06
1699759.6101943,199999.96875,1.0747012169076697e-09,1.1549826733331716e-18,1.149820756118111e-18,-0.5550239682197571,-0.5550239682197571,-7.0944383878668305e-06
1699759.6106872,199999.96875,1.0429186403371205e-09,1.0876793295879477e-18,1.1708870817658818e-18,-0.5550239682197571,-0.5550239682197571,-7.095208275131881e-06
1699759.6113674,199999.96875,1.000546645535394e-09,1.0010934751859235e-18,1.1909068171436199e-18,-0.5550239682197571,-0.5550239682197571,-7.095861747075105e-06
1699759.6116865,199999.96875,9.482652441050732e-10,8.992070541983529e-19,1.2080744337692751e-18,-0.5550239682197571,-0.5550239682197571,-7.0963978942018e-06
1699759.6246644,199999.96875,8.868436540687696e-10,7.864915982215442e-19,1.2207801347732428e-18,-0.5550239682197571,-0.5550239682197571,-7.0968212639854755e-06
1699759.6253144,199999.96875,8.171291976388773e-10,6.677000870552274e-19,1.227669722095197e-18,-0.5550239682197571,-0.5550239682197571,-7.097131856426131e-06
1699759.6261805,199999.96875,7.400372536991995e-10,5.47655087068163e-19,1.2276890574420154e-18,-0.5550239682197571,-0.5550239682197571,-7.097331945260521e-06
1699759.6270762,199999.96875,6.565404886416104e-10,4.3104541986381954e-19,1.2201160121389393e-18,-0.5550239682197571,-0.5550239682197571,-7.0974238042254e-06
1699759.6408152,199999.96875,5.676573655577499e-10,3.222349026131148e-19,1.2045768039466712e-18,-0.5550239682197571,-0.5550239682197571,-7.097409252310172e-06
1699759.6415368,199999.96875,4.744403758749627e-10,2.2509370660703115e-19,1.18104796161533e-18,-0.5550239682197571,-0.5550239682197571,-7.09729056325159e-06
1699759.6419311,199999.96875,3.779646873258713e-10,1.4285729711278152e-19,1.1498428831994968e-18,-0.5550239682197571,-0.5550239682197571,-7.097068646544358e-06
1699759.64214,199999.96875,2.7931607027298355e-10,7.801747171515094e-20,1.1115873308325678e-18,-0.5550239682197571,-0.5550239682197571,-7.096745775925228e-06
1699759.6543239,199999.96875,1.795798648673852e-10,3.22489286500869e-20,1.067180243045235e-18,-0.5550239682197571,-0.5550239682197571,-7.096323770383606e-06
1699759.6561295,199999.96875,7.982929595140575e-11,6.372716973072516e-21,1.0177487568196787e-18,-0.5550239682197571,-0.5550239682197571,-7.095806267898297e-06
1699759.6563051,199999.96875,-1.8885167735183117e-11,3.5664954358764323e-22,9.64591028729724e-19,-0.5550239682197571,-0.5550239682197571,-7.095193723216653e-06
1699759.6565774,199999.96875,-1.1554638496003022e-10,1.335096650524436e-20,9.091192628761524e-19,-0.5550239682197571,-0.5550239682197571,-7.09448931957013e-06
1699759.6688868,199999.96875,-2.0918027032745812e-10,4.3756380988589054e-20,8.52797310449241e-19,-0.5550239682197571,-0.5550239682197571,-7.093693966453429e-06
1699759.6697258,199999.96875,-2.9886509933518823e-10,8.932034548606254e-20,7.97079510062223e-19,-0.5550239682197571,-0.5550239682197571,-7.092810847098008e-06
1699759.6706272,199999.96875,-3.8374001198882013e-10,1.4725641163140045e-19,7.4335345719265615e-19,-0.5550239682197571,-0.5550239682197571,-7.091841780493269e-06
1699759.6711283,199999.96875,-4.6301229517098363e-10,2.1438037350597404e-19,6.928859272498771e-19,-0.5550239682197571,-0.5550239682197571,-7.0907894951233175e-06
1699759.6845183,199999.96875,-5.35964883585649e-10,2.8725832004374013e-19,6.467776391352525e-19,-0.5550239682197571,-0.5550239682197571,-7.089654445735505e-06
1699759.6858043,199999.96875,-6.019613141283742e-10,3.623574274719701e-19,6.059260838134024e-19,-0.5550239682197571,-0.5550239682197571,-7.088440725055989e-06
1699759.6863602,199999.96875,-6.604512492458525e-10,4.361958082490927e-19,5.709975552677383e-19,-0.5550239682197571,-0.5550239682197571,-7.087150152074173e-06
1699759.6865473,199999.96875,-7.10974279449772e-10,5.054844371632322e-19,5.424107619845768e-19,-0.5550239682197571,-0.5550239682197571,-7.085784545779461e-06
1699759.700165,199999.96875,-7.531626988743767e-10,5.672539943092647e-19,5.203304163033925e-19,-0.5550239682197571,-0.5550239682197571,-7.084345270413905e-06
1699759.7005784,199999.96875,-7.867428375440966e-10,6.189642597248281e-19,5.046713186210926e-19,-0.5550239682197571,-0.5550239682197571,-7.082836873451015e-06
1699759.7009144,199999.96875,-8.115369487526891e-10,6.585922598243474e-19,4.951129881491009e-19,-0.5550239682197571,-0.5550239682197571,-7.08125935489079e-06
1699759.7011033,199999.96875,-8.274624319071222e-10,6.84694099149823e-19,4.911229273680865e-19,-0.5550239682197571,-0.5550239682197571,-7.079617262206739e-06
1699759.7140776,199999.96875,-8.345303892376421e-10,6.964409944262652e-19,4.919870209154747e-19,-0.5550239682197571,-0.5550239682197571,-7.07790968590416e-06
1699759.7147254,199999.96875,-8.328441825078414e-10,6.936294075241974e-19,4.968466036166472e-19,-0.5550239682197571,-0.5550239682197571,-7.0761416282039136e-06
1699759.716408,199999.96875,-8.225956582563754e-10,6.766636746667934e-19,5.047395610216282e-19,-0.5550239682197571,-0.5550239682197571,-7.074314453348052e-06
1699759.7168571,199999.96875,-8.040624277505515e-10,6.465164051580506e-19,5.146435495920904e-19,-0.5550239682197571,-0.5550239682197571,-7.072429980325978e-06
1699759.730575,199999.96875,-7.776015387150892e-10,6.046642197889528e-19,5.255205093580682e-19,-0.5550239682197571,-0.5550239682197571,-7.0704904828744475e-06
1699759.7307363,199999.96875,-7.436457560849874e-10,5.530090135829124e-19,5.363583848401028e-19,-0.5550239682197571,-0.5550239682197571,-7.068498234730214e-06
1699759.730886,199999.96875,-7.02696012488957e-10,4.937816409531968e-19,5.462120187907759e-19,-0.5550239682197571,-0.5550239682197571,-7.066456419124734e-06
1699759.7311909,199999.96875,-6.553161346900538e-10,4.294392419093947e-19,5.542373767925537e-19,-0.5550239682197571,-0.5550239682197571,-7.06436685504741e-06
1699759.7472085,199999.96875,-6.021242948683891e-10,3.625536760722983e-19,5.59721532554992e-19,-0.5550239682197571,-0.5550239682197571,-7.062229997245595e-06
1699759.7475897,199999.96875,-5.43786349282982e-10,2.957035756039651e-19,5.621055187791581e-19,-0.5550239682197571,-0.5550239682197571,-7.060050847940147e-06
1699759.7487418,199999.96875,-4.810075671102254e-10,2.3136828514355214e-19,5.609998367941161e-19,-0.5550239682197571,-0.5550239682197571,-7.0578294071310665e-06
1699759.7490628,199999.96875,-4.1452463683810947e-10,1.7183068101003793e-19,5.561918494836516e-19,-0.5550239682197571,-0.5550239682197571,-7.05556885804981e-06
1699759.7609788,199999.96875,-3.450971453045071e-10,1.1909204914731212e-19,5.476466601656726e-19,-0.5550239682197571,-0.5550239682197571,-7.053271929180482e-06
1699759.7632475,199999.96875,-2.734993620467918e-10,7.480191048142761e-20,5.354996679666962e-19,-0.5550239682197571,-0.5550239682197571,-7.050939075270435e-06
1699759.7660564,199999.96875,-2.0051175997348736e-10,4.020496827029786e-20,5.200429710405303e-19,-0.5550239682197571,-0.5550239682197571,-7.048572115309071e-06
1699759.7676412,199999.96875,-1.2691296624733894e-10,1.6106899661723768e-20,5.017055659323603e-19,-0.5550239682197571,-0.5550239682197571,-7.046175596769899e-06
1699759.7760512,199999.96875,-5.3471494593226865e-11,2.8592008802326495e-21,4.810288423531019e-19,-0.5550239682197571,-0.5550239682197571,-7.043751338642323e-06
1699759.7800219,199999.96875,1.9061904832362586e-11,3.633561991901171e-22,4.586391311228229e-19,-0.5550239682197571,-0.5550239682197571,-7.0412993409263436e-06
1699759.7806196,199999.96875,8.996173944675334e-11,8.093114110586082e-21,4.352167882953479e-19,-0.5550239682197571,-0.5550239682197571,-7.038822332106065e-06
1699759.7816803,199999.96875,1.5853471313498346e-10,2.513325768020293e-20,4.114656411743831e-19,-0.5550239682197571,-0.5550239682197571,-7.036323040665593e-06
1699759.7896594,199999.96875,2.2412627309620348e-10,5.0232584799419846e-20,3.880819173417567e-19,-0.5550239682197571,-0.5550239682197571,-7.03380283084698e-06
1699759.7914613,199999.96875,2.861266223952441e-10,8.186844336863424e-20,3.6572516408900904e-19,-0.5550239682197571,-0.5550239682197571,-7.031264885881683e-06
1699759.792649,199999.96875,3.439760420942406e-10,1.183195012292788e-19,3.449919337341557e-19,-0.5550239682197571,-0.5550239682197571,-7.028709660517052e-06
1699759.793345,199999.96875,3.971695750060178e-10,1.5774365300659208e-19,3.2639319125120714e-19,-0.5550239682197571,-0.5550239682197571,-7.026139883237192e-06
1699759.8200336,199999.96875,4.4526152209733993e-10,1.9825782203609712e-19,3.1033645233881647e-19,-0.5550239682197571,-0.5550239682197571,-7.023557373031508e-06
1699759.8204067,199999.96875,4.878679682462916e-10,2.380151466545103e-19,2.9711265192805506e-19,-0.5550239682197571,-0.5550239682197571,-7.020963494142052e-06
1699759.8207324,199999.96875,5.246704182226836e-10,2.752790387139589e-19,2.868883635147758e-19,-0.5550239682197571,-0.5550239682197571,-7.0183609750529286e-06
1699759.8210164,199999.96875,5.554169346666527e-10,3.08487988013096e-19,2.7970417064778203e-19,-0.5550239682197571,-0.5550239682197571,-7.015751180006191e-06
1699759.8353706,199999.96875,5.799239422010771e-10,3.363117847293598e-19,2.7547727771763606e-19,-0.5550239682197571,-0.5550239682197571,-7.013135473243892e-06
1699759.8356164,199999.96875,5.980757000756398e-10,3.5769453281082626e-19,2.7401027290127327e-19,-0.5550239682197571,-0.5550239682197571,-7.010516128502786e-06
1699759.8360997,199999.96875,6.098255234121552e-10,3.718871685140404e-19,2.750033032266432e-19,-0.5550239682197571,-0.5550239682197571,-7.0078954195196275e-06
1699759.8367255,199999.96875,6.151933962250666e-10,3.784629183417131e-19,2.7807069573314294e-19,-0.5550239682197571,-0.5550239682197571,-7.005273801041767e-06
1699759.8504163,199999.96875,6.142650832430263e-10,3.7732161589154307e-19,2.8275998262570606e-19,-0.5550239682197571,-0.5550239682197571,-7.002653546805959e-06
1699759.8512333,199999.96875,6.071896874182414e-10,3.6867931039977147e-19,2.885732011755756e-19,-0.5550239682197571,-0.5550239682197571,-7.000036475801608e-06
1699759.8515335,199999.96875,5.941765968131563e-10,3.530458036176724e-19,2.9498915004866073e-19,-0.5550239682197571,-0.5550239682197571,-6.997424407018116e-06
1699759.851797,199999.96875,5.754923759759834e-10,3.3119148503886825e-19,3.0148554223631664e-19,-0.5550239682197571,-0.5550239682197571,-6.994817340455484e-06
1699759.865673,199999.96875,5.514561030039999e-10,3.0410380151959426e-19,3.075604342030885e-19,-0.5550239682197571,-0.5550239682197571,-6.992219368839869e-06
1699759.8660047,199999.96875,5.224360388744742e-10,2.7293941005014095e-19,3.127522333177776e-19,-0.5550239682197571,-0.5550239682197571,-6.989629582676571e-06
1699759.8664227,199999.96875,4.888434657068785e-10,2.3896792947320065e-19,3.166564741102396e-19,-0.5550239682197571,-0.5550239682197571,-6.987051165197045e-06
1699759.8667563,199999.96875,4.5112846791539596e-10,2.0351689419904149e-19,3.189403714802868e-19,-0.5550239682197571,-0.5550239682197571,-6.984485480643343e-06
1699759.879442,199999.96875,4.0977421456034335e-10,1.6791491138778846e-19,3.19353548196257e-19,-0.5550239682197571,-0.5550239682197571,-6.9819325290154666e-06
1699759.880785,199999.96875,3.652909086326872e-10,1.3343744184521007e-19,3.1773470403870246e-19,-0.5550239682197571,-0.5550239682197571,-6.979395493544871e-06
1699759.8821131,199999.96875,3.1821029145007174e-10,1.0125779603377302e-19,3.1401466602889836e-19,-0.5550239682197571,-0.5550239682197571,-6.9768743742315564e-06
1699759.8832175,199999.96875,2.6907936989672976e-10,7.240370709048325e-20,3.0821563879641293e-19,-0.5550239682197571,-0.5550239682197571,-6.9743705353175756e-06
1699759.8957349,199999.96875,2.1845455999702779e-10,4.772239537070258e-20,3.0044618979664376e-19,-0.5550239682197571,-0.5550239682197571,-6.971885795792332e-06
1699759.8961227,199999.96875,1.6689569171113305e-10,2.7854169754380947e-20,2.9089352034196927e-19,-0.5550239682197571,-0.5550239682197571,-6.969420610403176e-06
1699759.8964252,199999.96875,1.1496013169187691e-10,1.3215830719429911e-20,2.798127898019679e-19,-0.5550239682197571,-0.5550239682197571,-6.966978162381565e-06
1699759.8967602,199999.96875,6.319705869728409e-11,3.993868315992184e-21,2.6751338957512865e-19,-0.5550239682197571,-0.5550239682197571,-6.964556632738095e-06
1699759.9096758,199999.96875,1.2142023497752064e-11,1.474287504509148e-22,2.543445191269196e-19,-0.5550239682197571,-0.5550239682197571,-6.962159204704221e-06
1699759.9112071,199999.96875,-3.7688428766724513e-11,1.4204175438214749e-21,2.40679030118449e-19,-0.5550239682197571,-0.5550239682197571,-6.9597872425219975e-06
1699759.9115282,199999.96875,-8.580162275118042e-11,7.361918760831884e-21,2.268974256314913e-19,-0.5550239682197571,-0.5550239682197571,-6.957440746191423e-06
1699759.9119004,199999.96875,-1.3173329094229302e-10,1.735365956205865e-20,2.1337192401699826e-19,-0.5550239682197571,-0.5550239682197571,-6.955121989449253e-06
1699759.9268833,199999.96875,-1.7505204230605642e-10,3.064321598475662e-20,2.0045150502058775e-19,-0.5550239682197571,-0.5550239682197571,-6.9528300628007855e-06
1699759.927144,199999.96875,-2.1536279704026384e-10,4.6381138163319183e-20,1.8844877829031947e-19,-0.5550239682197571,-0.5550239682197571,-6.950565875740722e-06
1699759.9274602,199999.96875,-2.5231047806606455e-10,6.366057603685967e-20,1.7762872596554595e-19,-0.5550239682197571,-0.5550239682197571,-6.94833352099522e-06
1699759.9277449,199999.96875,-2.8558252984645094e-10,8.155737175952602e-20,1.6819969416305399e-19,-0.5550239682197571,-0.5550239682197571,-6.946130270080175e-06
1699759.9394424,199999.96875,-3.149114302658518e-10,9.916921668586491e-20,1.6030746054110898e-19,-0.5550239682197571,-0.5550239682197571,-6.9439583967323415e-06
1699759.9403292,199999.96875,-3.4007655025369843e-10,1.1565205054894843e-19,1.5403168000776037e-19,-0.5550239682197571,-0.5550239682197571,-6.9418192651937716e-06
1699759.9419518,199999.96875,-3.60905083596208e-10,1.3025247336945414e-19,1.493856779256885e-19,-0.5550239682197571,-0.5550239682197571,-6.9397128754644655e-06
1699759.9432604,199999.96875,-3.7727326818171036e-10,1.4233511350171328e-19,1.4631829834388582e-19,-0.5550239682197571,-0.5550239682197571,-6.937641501281178e-06
1699759.9548586,199999.96875,-3.891064415117995e-10,1.5140380474986183e-19,1.447190092529999e-19,-0.5550239682197571,-0.5550239682197571,-6.935602868907154e-06
1699759.9571495,199999.96875,-3.96378568856548e-10,1.5711596509333212e-19,1.4442473975008415e-19,-0.5550239682197571,-0.5550239682197571,-6.9336006163212005e-06
1699759.9581958,199999.96875,-3.9911179916529704e-10,1.592902351828219e-19,1.4522868175730327e-19,-0.5550239682197571,-0.5550239682197571,-6.931632924533915e-06
1699759.9584612,199999.96875,-3.9737518831017837e-10,1.579070211775713e-19,1.46890797800652e-19,-0.5550239682197571,-0.5550239682197571,-6.929702067282051e-06
1699759.972002,199999.96875,-3.912827839513966e-10,1.5310221334258634e-19,1.4914872945428328e-19,-0.5550239682197571,-0.5550239682197571,-6.9278089540603105e-06
1699759.9725835,199999.96875,-3.8099162713578494e-10,1.4515462324308563e-19,1.5172970098651065e-19,-0.5550239682197571,-0.5550239682197571,-6.925952675373992e-06
1699759.9729359,199999.96875,-3.6669911551712175e-10,1.3446823813542185e-19,1.5436186724383681e-19,-0.5550239682197571,-0.5550239682197571,-6.924133685970446e-06
1699759.9733053,199999.96875,-3.4864022779856896e-10,1.2155001633751344e-19,1.5678560983619375e-19,-0.5550239682197571,-0.5550239682197571,-6.922353350091726e-06
1699759.9852827,199999.96875,-3.2708422081917377e-10,1.0698409599583914e-19,1.5876342453020219e-19,-0.5550239682197571,-0.5550239682197571,-6.920613031979883e-06
1699759.9874633,199999.96875,-3.023309103067362e-10,9.14039746749924e-20,1.600888522148477e-19,-0.5550239682197571,-0.5550239682197571,-6.918910912645515e-06
1699759.9883036,199999.96875,-2.747071459197059e-10,7.546401686298803e-20,1.605934582378992e-19,-0.5550239682197571,-0.5550239682197571,-6.917248356330674e-06
1699759.9889613,199999.96875,-2.445629532221716e-10,5.981103902475127e-20,1.6015229955276993e-19,-0.5550239682197571,-0.5550239682197571,-6.915626727277413e-06
1699760.0004548,199999.96875,-2.1226687074715755e-10,4.505722589940526e-20,1.5868705249520881e-19,-0.5550239682197571,-0.5550239682197571,-6.914044206496328e-06
1699760.001903,199999.96875,-1.7820234177179373e-10,3.1756074407847344e-20,1.561673181777045e-19,-0.5550239682197571,-0.5550239682197571,-6.912503067724174e-06
1699760.0031809,199999.96875,-1.427630652584e-10,2.0381290853606183e-20,1.5260979530887293e-19,-0.5550239682197571,-0.5550239682197571,-6.9110028562135994e-06
1699760.0043839,199999.96875,-1.0634872843473531e-10,1.1310051824547485e-20,1.4807566940464887e-19,-0.5550239682197571,-0.5550239682197571,-6.909543117217254e-06
1699760.0173256,199999.96875,-6.936081570207975e-11,4.81092323618354e-21,1.4266632178885834e-19,-0.5550239682197571,-0.5550239682197571,-6.908124305482488e-06
1699760.0181091,199999.96875,-3.2198375909953114e-11,1.0367354914385608e-21,1.3651730668438349e-19,-0.5550239682197571,-0.5550239682197571,-6.906747785251355e-06
1699760.0197386,199999.96875,4.746129270843946e-12,2.2525744866021412e-23,1.2979152697310896e-19,-0.5550239682197571,-0.5550239682197571,-6.905412647029152e-06
1699760.0202533,199999.96875,4.109069681734745e-11,1.6884452668697882e-21,1.226713759801027e-19,-0.5550239682197571,-0.5550239682197571,-6.904118436068529e-06
1699760.0308369,199999.96875,7.646754063284078e-11,5.8472848201748e-21,1.153506078391582e-19,-0.5550239682197571,-0.5550239682197571,-6.902866061864188e-06
1699760.0316173,199999.96875,1.1052666420985346e-10,1.2216143367274797e-20,1.0802565209636265e-19,-0.5550239682197571,-0.5550239682197571,-6.901655524416128e-06
1699760.0322062,199999.96875,1.4293903560780308e-10,2.0431567925212922e-20,1.0088785889185429e-19,-0.5550239682197571,-0.5550239682197571,-6.900485459482297e-06
1699760.0327172,199999.96875,1.7339962798956776e-10,3.0067430423760087e-20,9.411561489460901e-20,-0.5550239682197571,-0.5550239682197571,-6.8993590502941515e-06
1699760.0599738,199999.96875,2.0163022640407036e-10,4.065474772837357e-20,8.786779694337382e-20,-0.5550239682197571,-0.5550239682197571,-6.898272658872884e-06
1699760.0616064,199999.96875,2.2738144700440444e-10,5.1702323189213187e-20,8.227802055647016e-20,-0.5550239682197571,-0.5550239682197571,-6.8972285589552484e-06
1699760.0620289,199999.96875,2.5043514484401896e-10,6.271776462195968e-20,7.745029723357806e-20,-0.5550239682197571,-0.5550239682197571,-6.8962267505412456e-06
1699760.0625209,199999.96875,2.7060553797753073e-10,7.322735279838732e-20,7.345605531306116e-20,-0.5550239682197571,-0.5550239682197571,-6.895264959894121e-06
1699760.0748254,199999.96875,2.877409421842003e-10,8.279485334295095e-20,7.033258254596971e-20,-0.5550239682197571,-0.5550239682197571,-6.8943445512559265e-06
1699760.0762147,199999.96875,3.01724284446081e-10,9.103755305067702e-20,6.80830002466464e-20,-0.5550239682197571,-0.5550239682197571,-6.893466434121365e-06
1699760.0777524,199999.96875,3.12473519281653e-10,9.763970803446608e-20,6.667749760129663e-20,-0.5550239682197571,-0.5550239682197571,-6.892627425258979e-06
1699760.078261,199999.96875,3.199420728350333e-10,1.0236292871918948e-19,6.605600708028228e-20,-0.5550239682197571,-0.5550239682197571,-6.891829798405524e-06
1699760.0892222,199999.96875,3.241185098090682e-10,1.0505280374893828e-19,6.613192028852962e-20,-0.5550239682197571,-0.5550239682197571,-6.891073098813649e-06
1699760.0919245,199999.96875,3.2502556202018695e-10,1.0564161417340825e-19,6.679667623298962e-20,-0.5550239682197571,-0.5550239682197571,-6.890356416988652e-06
1699760.0925832,199999.96875,3.2271954553131366e-10,1.0414791339524502e-19,6.79251767707107e-20,-0.5550239682197571,-0.5550239682197571,-6.889679752930533e-06
1699760.0934488,199999.96875,3.172888618507841e-10,1.0067222324591937e-19,6.938153163668687e-20,-0.5550239682197571,-0.5550239682197571,-6.889042651891941e-06
1699760.1051786,199999.96875,3.088524436201112e-10,9.538983492945867e-20,7.10250231915561e-20,-0.5550239682197571,-0.5550239682197571,-6.888443749630824e-06
1699760.1066971,199999.96875,2.9755789499041896e-10,8.85407083716857e-20,7.271594838467641e-20,-0.5550239682197571,-0.5550239682197571,-6.887885774631286e-06
1699760.1071219,199999.96875,2.835792434208173e-10,8.041718729565263e-20,7.432135085727698e-20,-0.5550239682197571,-0.5550239682197571,-6.88736463416717e-06
1699760.1076194,199999.96875,2.6711463596562623e-10,7.135022149456308e-20,7.571994525204223e-20,-0.5550239682197571,-0.5550239682197571,-6.88688214722788e-06
1699760.1199923,199999.96875,2.483838412725703e-10,6.169452927953451e-20,7.680660208299548e-20,-0.5550239682197571,-0.5550239682197571,-6.8864378590660635e-06
1699760.1216687,199999.96875,2.2762544626964143e-10,5.181334310588002e-20,7.749579216726847e-20,-0.5550239682197571,-0.5550239682197571,-6.88603086018702e-06
1699760.1220005,199999.96875,2.0509394182965934e-10,4.2063523553256605e-20,7.772419741390968e-20,-0.5550239682197571,-0.5550239682197571,-6.8856606958433986e-06
1699760.1221859,199999.96875,1.810569055793465e-10,3.278160065282837e-20,7.745221008874459e-20,-0.5550239682197571,-0.5550239682197571,-6.8853282755299006e-06
1699760.135676,199999.96875,1.5579178225255674e-10,2.4271078603568386e-20,7.66644239528644e-20,-0.5550239682197571,-0.5550239682197571,-6.88503041601507e-06
1699760.1362434,199999.96875,1.2958283057695752e-10,1.6791709889276776e-20,7.536911081239464e-20,-0.5550239682197571,-0.5550239682197571,-6.884768481540959e-06
1699760.1366092,199999.96875,1.0271807709960612e-10,1.0551003752604977e-20,7.359674064068053e-20,-0.5550239682197571,-0.5550239682197571,-6.884542472107569e-06
1699760.1369004,199999.96875,7.548626307363193e-11,5.698175821239314e-21,7.13976615951627e-20,-0.5550239682197571,-0.5550239682197571,-6.8843510234728456e-06
1699760.1497943,199999.96875,4.817376011989616e-11,2.32071114822203e-21,6.883903686417133e-20,-0.5550239682197571,-0.5550239682197571,-6.884193226142088e-06
1699760.1505113,199999.96875,2.1061690586021697e-11,4.43594839065874e-22,6.600119344000357e-20,-0.5550239682197571,-0.5550239682197571,-6.884069534862647e-06
1699760.1508754,199999.96875,-5.576871429935348e-12,3.110149120972429e-23,6.297374470980216e-20,-0.5550239682197571,-0.5550239682197571,-6.8839790401398204e-06
1699760.1517497,199999.96875,-3.1479614054363836e-11,9.909661098837743e-22,5.985125421968813e-20,-0.5550239682197571,-0.5550239682197571,-6.883920832478907e-06
1699760.1651739,199999.96875,-5.639742492458133e-11,3.1806693983926468e-21,5.672906099760672e-20,-0.5550239682197571,-0.5550239682197571,-6.8838949118799064e-06
1699760.1656429,199999.96875,-8.009674867803795e-11,6.41548923854554e-21,5.369922119844716e-20,-0.5550239682197571,-0.5550239682197571,-6.883899914100766e-06
1699760.1660874,199999.96875,-1.0236165387533802e-10,1.0477908128319139e-20,5.084673409249779e-20,-0.5550239682197571,-0.5550239682197571,-6.883936293888837e-06
1699760.1665267,199999.96875,-1.2299568308282716e-10,1.512793948470293e-20,4.8246204262427516e-20,-0.5550239682197571,-0.5550239682197571,-6.884003141749417e-06
1699760.1801063,199999.96875,-1.418234418792963e-10,2.0113888564727078e-20,4.5959120954552285e-20,-0.5550239682197571,-0.5550239682197571,-6.8840990934404545e-06
1699760.1802653,199999.96875,-1.586921427598753e-10,2.518319547851155e-20,4.403178043378093e-20,-0.5550239682197571,-0.5550239682197571,-6.884223694214597e-06
1699760.1804517,199999.96875,-1.7347243086440756e-10,3.0092685281837096e-20,4.249394827746828e-20,-0.5550239682197571,-0.5550239682197571,-6.884377853566548e-06
1699760.1808271,199999.96875,-1.8605939011706596e-10,3.4618096709060945e-20,4.135822929643297e-20,-0.5550239682197571,-0.5550239682197571,-6.8845597525069024e-06
1699760.1950839,199999.96875,-1.9637311221565312e-10,3.856240083126922e-20,4.0620203244276676e-20,-0.5550239682197571,-0.5550239682197571,-6.884768481540959e-06
1699760.1952968,199999.96875,-2.0435886316505503e-10,4.176254936373521e-20,4.0259232610951046e-20,-0.5550239682197571,-0.5550239682197571,-6.885004495416069e-06
1699760.1956282,199999.96875,-2.0998731919963376e-10,4.40946720097291e-20,4.0239978043489313e-20,-0.5550239682197571,-0.5550239682197571,-6.88526642989018e-06
1699760.1958869,199999.96875,-2.1325415044959328e-10,4.547733025300563e-20,4.0514401674052316e-20,-0.5550239682197571,-0.5550239682197571,-6.8855529207212385e-06
1699760.2115102,199999.96875,-2.1417964624070862e-10,4.587291968743631e-20,4.102423896824335e-20,-0.5550239682197571,-0.5550239682197571,-6.885864422656596e-06
1699760.2127284,199999.96875,-2.1280803508272328e-10,4.528725965787743e-20,4.1703783997327e-20,-0.5550239682197571,-0.5550239682197571,-6.886200480948901e-06
1699760.2129208,199999.96875,-2.0920631893517339e-10,4.376728297056856e-20,4.2482910586169526e-20,-0.5550239682197571,-0.5550239682197571,-6.88655927660875e-06
1699760.2132105,199999.96875,-2.0346331564002895e-10,4.1397323273898907e-20,4.329012577292191e-20,-0.5550239682197571,-0.5550239682197571,-6.886941264383495e-06
1699760.2267729,199999.96875,-1.9568799358715694e-10,3.829379331438823e-20,4.405554572052049e-20,-0.5550239682197571,-0.5550239682197571,-6.887345080031082e-06
1699760.2272336,199999.96875,-1.8600829210235759e-10,3.4599087710843564e-20,4.471375853708822e-20,-0.5550239682197571,-0.5550239682197571,-6.887770723551512e-06
1699760.2275687,199999.96875,-1.745689565124664e-10,3.0474316043430946e-20,4.52062993554238e-20,-0.5550239682197571,-0.5550239682197571,-6.888216830702731e-06
1699760.2293836,199999.96875,-1.6152998383311967e-10,2.609193577634488e-20,4.5483811988586805e-20,-0.5550239682197571,-0.5550239682197571,-6.88868294673739e-06
1699760.2426083,199999.96875,-1.4706455497837112e-10,2.1627981283694307e-20,4.550774529638829e-20,-0.5550239682197571,-0.5550239682197571,-6.889169071655488e-06
1699760.242963,199999.96875,-1.3135689758136948e-10,1.7254633764273835e-20,4.525148409638451e-20,-0.5550239682197571,-0.5550239682197571,-6.889673386467621e-06
1699760.2433261,199999.96875,-1.1460021820397515e-10,1.3133209593402642e-20,4.470105679104156e-20,-0.5550239682197571,-0.5550239682197571,-6.89019634592114e-06
1699760.2436032,199999.96875,-9.699439168509016e-11,9.407911231890584e-21,4.385517091065232e-20,-0.5550239682197571,-0.5550239682197571,-6.890737040521344e-06
1699760.2552154,199999.96875,-7.874390028916878e-11,6.200602013350398e-21,4.272482537242434e-20,-0.5550239682197571,-0.5550239682197571,-6.891293651278829e-06
1699760.2566497,199999.96875,-6.005553693233523e-11,3.6066678177542395e-21,4.1332415445207637e-20,-0.5550239682197571,-0.5550239682197571,-6.891866178193595e-06
1699760.2575782,199999.96875,-4.1136150041864994e-11,1.692182725755657e-21,3.971035626925663e-20,-0.5550239682197571,-0.5550239682197571,-6.892455076012993e-06
1699760.2594347,199999.96875,-2.2190565357460557e-11,4.924211639134751e-22,3.789946080674772e-20,-0.5550239682197571,-0.5550239682197571,-6.8930589804949705e-06
1699760.2691578,199999.96875,-3.419446366684231e-12,1.1692613877460715e-23,3.5946900970816296e-20,-0.5550239682197571,-0.5550239682197571,-6.893676527397474e-06
1699760.2715455,199999.96875,1.498267829247446e-11,2.24480657326843e-22,3.390412674932831e-20,-0.5550239682197571,-0.5550239682197571,-6.894307261973154e-06
1699760.2720775,199999.96875,3.282931565484759e-11,1.0777638315747435e-21,3.1824627001112676e-20,-0.5550239682197571,-0.5550239682197571,-6.894951184222009e-06
1699760.2723645,199999.96875,4.9943792157503e-11,2.4943821203024782e-21,2.9761683789845174e-20,-0.5550239682197571,-0.5550239682197571,-6.89560829414404e-06
1699760.3006076,199999.96875,6.616087538935389e-11,4.377261279252327e-21,2.7766272120774384e-20,-0.5550239682197571,-0.5550239682197571,-6.89627540850779e-06
1699760.3007828,199999.96875,8.132822193473999e-11,6.614279561332142e-21,2.588510992705108e-20,-0.5550239682197571,-0.5550239682197571,-6.896955255797366e-06
1699760.3010759,199999.96875,9.530774086607963e-11,9.083565151096732e-21,2.415898270587038e-20,-0.5550239682197571,-0.5550239682197571,-6.897643288539257e-06
1699760.3014877,199999.96875,1.0797666233353098e-10,1.1658959676537906e-20,2.2621347651188067e-20,-0.5550239682197571,-0.5550239682197571,-6.89834268996492e-06
1699760.3140961,199999.96875,1.192285159490325e-10,1.4215439715609032e-20,2.1297312602651967e-20,-0.5550239682197571,-0.5550239682197571,-6.8990507315902505e-06
1699760.3157131,199999.96875,1.2897398427025308e-10,1.663428869453741e-20,2.0202994657509792e-20,-0.5550239682197571,-0.5550239682197571,-6.8997674134152476e-06
1699760.3159374,199999.96875,1.371412566841812e-10,1.880772190989183e-20,1.9345260061080587e-20,-0.5550239682197571,-0.5550239682197571,-6.900491371197859e-06
1699760.3162389,199999.96875,1.4367658451863718e-10,2.0642961039334237e-20,1.872185022255117e-20,-0.5550239682197571,-0.5550239682197571,-6.901223059685435e-06
1699760.3300433,199999.96875,1.485443990034696e-10,2.2065438658699817e-20,1.8321890624923308e-20,-0.5550239682197571,-0.5550239682197571,-6.901961114635924e-06
1699760.3303152,199999.96875,1.5172726963719185e-10,2.3021165077148146e-20,1.8126680847122195e-20,-0.5550239682197571,-0.5550239682197571,-6.902705990796676e-06
1699760.3305639,199999.96875,1.5322573765352843e-10,2.3478125820034007e-20,1.8110822243815905e-20,-0.5550239682197571,-0.5550239682197571,-6.903455414430937e-06
1699760.3308279,199999.96875,1.530578719322051e-10,2.3426711375085008e-20,1.8243524955406712e-20,-0.5550239682197571,-0.5550239682197571,-6.9042098402860574e-06
1699760.3452046,199999.96875,1.5125878327637565e-10,2.2879217975977205e-20,1.849008940143287e-20,-0.5550239682197571,-0.5550239682197571,-6.904968813614687e-06
1699760.3474994,199999.96875,1.4787988888986803e-10,2.186846304416136e-20,1.881349440272123e-20,-0.5550239682197571,-0.5550239682197571,-6.9057314249221236e-06
1699760.3477821,199999.96875,1.429879131764622e-10,2.0445544369508227e-20,1.9175990150301254e-20,-0.5550239682197571,-0.5550239682197571,-6.906497674208367e-06
1699760.3487479,199999.96875,1.366640550726217e-10,1.8677062916025398e-20,1.95406604781635e-20,-0.5550239682197571,-0.5550239682197571,-6.9072657424840145e-06
1699760.360214,199999.96875,1.2900273904659088e-10,1.6641707470656246e-20,1.987286881374444e-20,-0.5550239682197571,-0.5550239682197571,-6.908036993991118e-06
1699760.3609126,199999.96875,1.2011032446412884e-10,1.4426490325257962e-20,2.0141581343789132e-20,-0.5550239682197571,-0.5550239682197571,-6.908809154992923e-06
1699760.3616414,199999.96875,1.1010385658760669e-10,1.2122859366163837e-20,2.0320425223923912e-20,-0.5550239682197571,-0.5550239682197571,-6.909582680236781e-06
1699760.3618556,199999.96875,9.910947756930355e-11,9.822688186916942e-21,2.0388567458057236e-20,-0.5550239682197571,-0.5550239682197571,-6.91035666022799e-06
1699760.3765096,199999.96875,8.726094152811115e-11,7.614472996156948e-21,2.033130297209641e-20,-0.5550239682197571,-0.5550239682197571,-6.9111315497139e-06
1699760.3767288,199999.96875,7.469813656513224e-11,5.579811445461804e-21,2.01403357261089e-20,-0.5550239682197571,-0.5550239682197571,-6.911904165463056e-06
1699760.3771152,199999.96875,6.156541942914373e-11,3.790301105947445e-21,1.9813865956027547e-20,-0.5550239682197571,-0.5550239682197571,-6.912677690706914e-06
1699760.3775792,199999.96875,4.801000222376395e-11,2.3049603853569274e-21,1.9356302599140743e-20,-0.5550239682197571,-0.5550239682197571,-6.913448942214018e-06
1699760.3908718,199999.96875,3.418039809521822e-11,1.168299517022561e-21,1.877781416086921e-20,-0.5550239682197571,-0.5550239682197571,-6.914217919984367e-06
1699760.3919047,199999.96875,2.0224859981210486e-11,4.0904497809305175e-22,1.8093632396711287e-20,-0.5550239682197571,-0.5550239682197571,-6.914985533512663e-06
1699760.3922488,199999.96875,6.2898145893053314e-12,3.956176567184273e-23,1.732317504842923e-20,-0.5550239682197571,-0.5550239682197571,-6.915749509062152e-06
1699760.3925624,199999.96875,-7.48159433711093e-12,5.597425661868107e-23,1.6489044180026196e-20,-0.5550239682197571,-0.5550239682197571,-6.916510756127536e-06
1699760.4051491,199999.96875,-2.0950921553186674e-11,4.389411403266963e-22,1.5615929194082333e-20,-0.5550239682197571,-0.5550239682197571,-6.917269729456166e-06
1699760.4063607,199999.96875,-3.398578640734229e-11,1.155033628143581e-21,1.4729483998696722e-20,-0.5550239682197571,-0.5550239682197571,-6.918022791069234e-06
1699760.4077735,199999.96875,-4.646113008210939e-11,2.1586366586402717e-21,1.3855197712080787e-20,-0.5550239682197571,-0.5550239682197571,-6.918772214703495e-06
1699760.4084301,199999.96875,-5.826034099598587e-11,3.394266981158159e-21,1.3017338876366296e-20,-0.5550239682197571,-0.5550239682197571,-6.919515726622194e-06
1699760.4194219,199999.96875,-6.927632772990577e-11,4.799209421669251e-21,1.2237978027389356e-20,-0.5550239682197571,-0.5550239682197571,-6.920255600562086e-06
1699760.4196658,199999.96875,-7.941234475561387e-11,6.3063203808373634e-21,1.1536156475110026e-20,-0.5550239682197571,-0.5550239682197571,-6.920989108039066e-06
1699760.4211519,199999.96875,-8.858279387791157e-11,7.846911556077916e-21,1.0927219873919586e-20,-0.5550239682197571,-0.5550239682197571,-6.9217167038004845e-06
1699760.4218136,199999.96875,-9.671393547128204e-11,9.353586306719877e-21,1.0422310120486925e-20,-0.5550239682197571,-0.5550239682197571,-6.922438387846341e-06
1699760.4351171,199999.96875,-1.0374431175241838e-10,1.0762882350660027e-20,1.002808101042298e-20,-0.5550239682197571,-0.5550239682197571,-6.923152341187233e-06
1699760.4355586,199999.96875,-1.0962516311385784e-10,1.2017676565811757e-20,9.746595648497733e-21,-0.5550239682197571,-0.5550239682197571,-6.9238594733178616e-06
1699760.4358508,199999.96875,-1.1432062935190501e-10,1.3069206493506352e-20,9.575420960487541e-21,-0.5550239682197571,-0.5550239682197571,-6.924560238985578e-06
1699760.4360597,199999.96875,-1.178078051777831e-10,1.3878678655484782e-20,9.507900727400766e-21,-0.5550239682197571,-0.5550239682197571,-6.925252819200978e-06
1699760.4514068,199999.96875,-1.2007672633984612e-10,1.4418422083111302e-20,9.533603910907431e-21,-0.5550239682197571,-0.5550239682197571,-6.925938123458764e-06
1699760.4516142,199999.96875,-1.2113021696791293e-10,1.4672529705465605e-20,9.638896571184615e-21,-0.5550239682197571,-0.5550239682197571,-6.926614787516883e-06
1699760.4519136,199999.96875,-1.2098359813972337e-10,1.4637030409372582e-20,9.807626068067661e-21,-0.5550239682197571,-0.5550239682197571,-6.927281901880633e-06
1699760.4521776,199999.96875,-1.1966420909725883e-10,1.431952230112293e-20,1.0021883618177368e-20,-0.5550239682197571,-0.5550239682197571,-6.9279412855394185e-06
1699760.4655381,199999.96875,-1.1721087989080559e-10,1.3738392377887483e-20,1.0262808049519107e-20,-0.5550239682197571,-0.5550239682197571,-6.928591574251186e-06
1699760.4664892,199999.96875,-1.1367334851186683e-10,1.2921629878967362e-20,1.0511391171669064e-20,-0.5550239682197571,-0.5550239682197571,-6.929232768015936e-06
1699760.4671249,199999.96875,-1.0911137271474303e-10,1.1905291478016784e-20,1.0749263758914879e-20,-0.5550239682197571,-0.5550239682197571,-6.929864412086317e-06
1699760.4673795,199999.96875,-1.0359407776050489e-10,1.0731733830718577e-20,1.0959408831975262e-20,-0.5550239682197571,-0.5550239682197571,-6.930485596967628e-06
1699760.4801749,199999.96875,-9.719891558290783e-11,9.4476288259902e-21,1.1126805469472847e-20,-0.5550239682197571,-0.5550239682197571,-6.931097686901921e-06
1699760.4811843,199999.96875,-9.001076273218445e-11,8.10193683192427e-21,1.1238957104926972e-20,-0.5550239682197571,-0.5550239682197571,-6.9316984081524424e-06
1699760.4828864,199999.96875,-8.212085178538331e-11,6.7438343013925594e-21,1.1286288961188625e-20,-0.5550239682197571,-0.5550239682197571,-6.932290034455946e-06
1699760.4836744,199999.96875,-7.362569581781386e-11,5.420743159639436e-21,1.1262417853491794e-20,-0.5550239682197571,-0.5550239682197571,-6.932869837328326e-06
1699760.4958183,199999.96875,-6.462593654665838e-11,4.176511653169097e-21,1.1164275781869219e-20,-0.5550239682197571,-0.5550239682197571,-6.9334405452536885e-06
1699760.4966698,199999.96875,-5.5225296557992465e-11,3.049833295786661e-21,1.0992092967487477e-20,-0.5550239682197571,-0.5550239682197571,-6.933998520253226e-06
1699760.4971368,199999.96875,-4.552939622537444e-11,2.0729259241678246e-21,1.0749242756282139e-20,-0.5550239682197571,-0.5550239682197571,-6.934546945558395e-06
1699760.4976181,199999.96875,-3.5644608792351207e-11,1.2705381117715133e-21,1.044196858473213e-20,-0.5550239682197571,-0.5550239682197571,-6.935084002179792e-06
1699760.5109079,199999.96875,-2.5676998721690936e-11,6.593083361058059e-22,1.0079000277915441e-20,-0.5550239682197571,-0.5550239682197571,-6.935608780622715e-06
1699760.5116387,199999.96875,-1.5731240962657544e-11,2.474719516115242e-22,9.671090376001694e-21,-0.5550239682197571,-0.5550239682197571,-6.936122190381866e-06
1699760.5122838,199999.96875,-5.909515932156495e-12,3.4922380024929335e-23,9.230480182704393e-21,-0.5550239682197571,-0.5550239682197571,-6.936624231457245e-06
1699760.5125671,199999.96875,3.689452823113504e-12,1.3612061554574523e-23,8.77032946302266e-21,-0.5550239682197571,-0.5550239682197571,-6.937115358596202e-06
1699760.5398294,199999.96875,1.2971380913828767e-11,1.6825671045444137e-22,8.3041307929052e-21,-0.5550239682197571,-0.5550239682197571,-6.9375942075566854e-06
1699760.540593,199999.96875,2.1847273989905602e-11,4.773033073080748e-22,7.845144911547005e-21,-0.5550239682197571,-0.5550239682197571,-6.938060778338695e-06
1699760.5409759,199999.96875,3.023422484593752e-11,9.141083890082753e-22,7.40584253603459e-21,-0.5550239682197571,-0.5550239682197571,-6.938515525689581e-06
1699760.5416848,199999.96875,3.8056169326949885e-11,1.4482718815969178e-21,6.997437456664304e-21,-0.5550239682197571,-0.5550239682197571,-6.938958449609345e-06
1699760.5550637,199999.96875,4.5244512997255626e-11,2.047066230657564e-21,6.62946809987465e-21,-0.5550239682197571,-0.5550239682197571,-6.939388640603283e-06
1699760.5554448,199999.96875,5.173867931307363e-11,2.676891161798886e-21,6.309464717296702e-21,-0.5550239682197571,-0.5550239682197571,-6.939807008166099e-06
1699760.5556664,199999.96875,5.748664391735936e-11,3.304714178532923e-21,6.042724819142493e-21,-0.5550239682197571,-0.5550239682197571,-6.9402135522977915e-06
1699760.5558044,199999.96875,6.244523648168965e-11,3.899406955757399e-21,5.8321835233375224e-21,-0.5550239682197571,-0.5550239682197571,-6.940607363503659e-06
1699760.5708551,199999.96875,6.658044254814754e-11,4.4329558184157915e-21,5.678384878849129e-21,-0.5550239682197571,-0.5550239682197571,-6.940989351278404e-06
1699760.5710511,199999.96875,6.986753536830648e-11,4.881472695146363e-21,5.579561433352834e-21,-0.5550239682197571,-0.5550239682197571,-6.941358151379973e-06
1699760.571377,199999.96875,7.229119386442662e-11,5.226016442391357e-21,5.531791752977897e-21,-0.5550239682197571,-0.5550239682197571,-6.94171603754512e-06
1699760.5715308,199999.96875,7.384537425991766e-11,5.453138912848251e-21,5.529258512351953e-21,-0.5550239682197571,-0.5550239682197571,-6.942060281289741e-06
1699760.5840848,199999.96875,7.453331007933883e-11,5.555214535245072e-21,5.564556263950023e-21,-0.5550239682197571,-0.5550239682197571,-6.942393611097941e-06
1699760.5859725,199999.96875,7.436712357034025e-11,5.5304693949088055e-21,5.6290666582063555e-21,-0.5550239682197571,-0.5550239682197571,-6.942713753232965e-06
1699760.586162,199999.96875,7.336763141463365e-11,5.382809173735637e-21,5.713357089639719e-21,-0.5550239682197571,-0.5550239682197571,-6.943020707694814e-06
1699760.586401,199999.96875,7.156386594431297e-11,5.121387384529419e-21,5.80760398068248e-21,-0.5550239682197571,-0.5550239682197571,-6.943316748220241e-06
1699760.5996464,199999.96875,6.899267962490185e-11,4.759990236200441e-21,5.90201243043863e-21,-0.5550239682197571,-0.5550239682197571,-6.943600510567194e-06
1699760.6007545,199999.96875,6.569814831047793e-11,4.316246611656955e-21,5.987217284189777e-21,-0.5550239682197571,-0.5550239682197571,-6.943871085240971e-06
1699760.602012,199999.96875,6.173100919326657e-11,3.810717684455229e-21,6.0546539106423726e-21,-0.5550239682197571,-0.5550239682197571,-6.944130291230977e-06
1699760.6021665,199999.96875,5.714796344480355e-11,3.2658896002215658e-21,6.0968704141413375e-21,-0.5550239682197571,-0.5550239682197571,-6.944377673789859e-06
1699760.6145665,199999.96875,5.2010968448756856e-11,2.7051407125769572e-21,6.107800668895688e-21,-0.5550239682197571,-0.5550239682197571,-6.944613232917618e-06
1699760.615391,199999.96875,4.638645023646859e-11,2.151702962558388e-21,6.082949303705368e-21,-0.5550239682197571,-0.5550239682197571,-6.944836059119552e-06
1699760.6169892,199999.96875,4.034451592249688e-11,1.6276801065124061e-21,6.019518525551259e-21,-0.5550239682197571,-0.5550239682197571,-6.945047061890364e-06
1699760.617729,199999.96875,3.3958131445688267e-11,1.1531547003068639e-21,5.91645577941563e-21,-0.5550239682197571,-0.5550239682197571,-6.945247150724754e-06
1699760.6300756,199999.96875,2.7302309718590934e-11,7.454160506293092e-22,5.77442507161051e-21,-0.5550239682197571,-0.5550239682197571,-6.94543496138067e-06
1699760.630287,199999.96875,2.0453269286568876e-11,4.183362197000683e-22,5.595720535866028e-21,-0.5550239682197571,-0.5550239682197571,-6.945610948605463e-06
1699760.6306476,199999.96875,1.3487590384830828e-11,1.8191508603276142e-22,5.384101239545968e-21,-0.5550239682197571,-0.5550239682197571,-6.945776021893835e-06
1699760.630879,199999.96875,6.4814360475895505e-12,4.200901730367367e-23,5.144587619668901e-21,-0.5550239682197571,-0.5550239682197571,-6.945929726498434e-06
1699760.6449482,199999.96875,-4.9026223618992e-13,2.4035704313565856e-25,4.883208239624947e-21,-0.5550239682197571,-0.5550239682197571,-6.946071607671911e-06
1699760.6457293,199999.96875,-7.354564006412101e-12,5.408960480723565e-23,4.606716657530562e-21,-0.5550239682197571,-0.5550239682197571,-6.946202574908966e-06
1699760.6467495,199999.96875,-1.4041224780103612e-11,1.9715599231760172e-22,4.322291330918414e-21,-0.5550239682197571,-0.5550239682197571,-6.9463226282096e-06
1699760.6468909,199999.96875,-2.0483375412494453e-11,4.195686602477387e-22,4.037231886356213e-21,-0.5550239682197571,-0.5550239682197571,-6.946430858079111e-06
1699760.6601209,199999.96875,-2.6618129575495253e-11,7.085248757333399e-22,3.758662255310858e-21,-0.5550239682197571,-0.5550239682197571,-6.946529083506903e-06
1699760.6607584,199999.96875,-3.2387120763033295e-11,1.04892560123476e-21,3.493250369780709e-21,-0.5550239682197571,-0.5550239682197571,-6.946616394998273e-06
1699760.6611077,199999.96875,-3.773702531018053e-11,1.4240832100540814e-21,3.2469640066899723e-21,-0.5550239682197571,-0.5550239682197571,-6.946693702047924e-06
1699760.6613083,199999.96875,-4.2619980461511275e-11,1.8164627757723065e-21,3.0248605596129074e-21,-0.5550239682197571,-0.5550239682197571,-6.946759640413802e-06
1699760.6748743,199999.96875,-4.6993981622778236e-11,2.2084343047650278e-21,2.8309234605765185e-21,-0.5550239682197571,-0.5550239682197571,-6.946816483832663e-06
1699760.6757495,199999.96875,-5.082318940696773e-11,2.5829968726480973e-21,2.66794888701279e-21,-0.5550239682197571,-0.5550239682197571,-6.9468624133151025e-06
1699760.6776,199999.96875,-5.4078148209457666e-11,2.9244463666349035e-21,2.5374847733443832e-21,-0.5550239682197571,-0.5550239682197571,-6.946897883608472e-06
1699760.6785194,199999.96875,-5.6735977027599915e-11,3.218971132317798e-21,2.4398257622748414e-21,-0.5550239682197571,-0.5550239682197571,-6.946925623196876e-06
1699760.6899402,199999.96875,-5.878046660523495e-11,3.4551431121568e-21,2.374051574983021e-21,-0.5550239682197571,-0.5550239682197571,-6.946941539354157e-06
1699760.6917163,199999.96875,-6.020210024937356e-11,3.624293065591441e-21,2.3381229366091663e-21,-0.5550239682197571,-0.5550239682197571,-6.946948815311771e-06
1699760.6922779,199999.96875,-6.099797056347e-11,3.720752099317284e-21,2.3290073901029606e-21,-0.5550239682197571,-0.5550239682197571,-6.946947451069718e-06
1699760.6926361,199999.96875,-6.117178985576288e-11,3.741987376605169e-21,2.3428507504081113e-21,-0.5550239682197571,-0.5550239682197571,-6.946936537133297e-06
1699760.7056085,199999.96875,-6.073361952241285e-11,3.688572026990844e-21,2.3751635028279227e-21,-0.5550239682197571,-0.5550239682197571,-6.946916073502507e-06
1699760.7070762,199999.96875,-5.969962024732212e-11,3.564044590194317e-21,2.4210338585785775e-21,-0.5550239682197571,-0.5550239682197571,-6.946887879166752e-06
1699760.7078858,199999.96875,-5.809193057149109e-11,3.374672332604742e-21,2.4753408103424196e-21,-0.5550239682197571,-0.5550239682197571,-6.946850589883979e-06
1699760.7087095,199999.96875,-5.593810484261219e-11,3.1290717862523426e-21,2.5329730443245963e-21,-0.5550239682197571,-0.5550239682197571,-6.946805569896242e-06
1699760.7220208,199999.96875,-5.3270905048252715e-11,2.8377895039471705e-21,2.589030686696403e-21,-0.5550239682197571,-0.5550239682197571,-6.946751000214135e-06
1699760.7241751,199999.96875,-5.012774570434253e-11,2.5127911298480095e-21,2.6390141253415566e-21,-0.5550239682197571,-0.5550239682197571,-6.946689154574415e-06
1699760.7246172,199999.96875,-4.655027405209289e-11,2.1669282557081922e-21,2.6789871841567198e-21,-0.5550239682197571,-0.5550239682197571,-6.946618668735027e-06
1699760.7249895,199999.96875,-4.258378025201459e-11,1.813378216036922e-21,2.705708995351304e-21,-0.5550239682197571,-0.5550239682197571,-6.946541361685377e-06
1699760.7363188,199999.96875,-3.827665961964044e-11,1.4651027654352236e-21,2.716728713243194e-21,-0.5550239682197571,-0.5550239682197571,-6.946457233425463e-06
1699760.7372798,199999.96875,-3.367986445290683e-11,1.1343333121454065e-21,2.7104501377441036e-21,-0.5550239682197571,-0.5550239682197571,-6.946364010218531e-06
1699760.7377163,199999.96875,-2.8846277796978903e-11,8.321077494146167e-22,2.6861506975083997e-21,-0.5550239682197571,-0.5550239682197571,-6.946264875296038e-06
1699760.7384796,199999.96875,-2.3830156598014796e-11,5.678763532083635e-22,2.643970746668339e-21,-0.5550239682197571,-0.5550239682197571,-6.946158919163281e-06
1699760.7504977,199999.96875,-1.8686524549949013e-11,3.4918621260488138e-22,2.5848598465618673e-21,-0.5550239682197571,-0.5550239682197571,-6.946046141820261e-06
1699760.7519872,199999.96875,-1.3470581421148875e-11,1.8145656220932351e-22,2.510500833137325e-21,-0.5550239682197571,-0.5550239682197571,-6.945926543266978e-06
1699760.7526308,199999.96875,-8.237128860943965e-12,6.785029880040649e-23,2.423199149234777e-21,-0.5550239682197571,-0.5550239682197571,-6.945800123503432e-06
1699760.7540983,199999.96875,-3.0400029282090513e-12,9.241617522912695e-24,2.3257540015120843e-21,-0.5550239682197571,-0.5550239682197571,-6.945668246771675e-06
1699760.7806363,199999.96875,2.0684912116486487e-12,4.278655332173933e-24,2.2213192180029968e-21,-0.5550239682197571,-0.5550239682197571,-6.945530913071707e-06
1699760.7808019,199999.96875,7.038087994348796e-12,4.953468407516608e-23,2.1132473439587334e-21,-0.5550239682197571,-0.5550239682197571,-6.945387667656178e-06
1699760.7810313,199999.96875,1.182102853103384e-11,1.3973671291451128e-22,2.004937776657396e-21,-0.5550239682197571,-0.5550239682197571,-6.945238510525087e-06
1699760.7812152,199999.96875,1.6372497108063655e-11,2.680586968828959e-22,1.8996897469747854e-21,-0.5550239682197571,-0.5550239682197571,-6.945083441678435e-06
1699760.794341,199999.96875,2.0651036436447612e-11,4.264653240432877e-22,1.8005627730457104e-21,-0.5550239682197571,-0.5550239682197571,-6.9449233706109226e-06
1699760.79599,199999.96875,2.4618931893094498e-11,6.060918046831454e-22,1.710256904867689e-21,-0.5550239682197571,-0.5550239682197571,-6.944758752069902e-06
1699760.7964508,199999.96875,2.8242533312017315e-11,7.976407125259554e-22,1.6310098315953588e-21,-0.5550239682197571,-0.5550239682197571,-6.944590040802723e-06
1699760.7966952,199999.96875,3.1492541213706815e-11,9.917801638508644e-22,1.5645205450483993e-21,-0.5550239682197571,-0.5550239682197571,-6.944416327314684e-06
1699760.810554,199999.96875,3.4344176808032145e-11,1.179522394996538e-21,1.5118966311812898e-21,-0.5550239682197571,-0.5550239682197571,-6.944238066353137e-06
1699760.8107043,199999.96875,3.677732424156588e-11,1.3525716689530249e-21,1.4736301372504965e-21,-0.5550239682197571,-0.5550239682197571,-6.94405525791808e-06
1699760.8108725,199999.96875,3.877666937546209e-11,1.5036299747397488e-21,1.4496000961693693e-21,-0.5550239682197571,-0.5550239682197571,-6.943868356756866e-06
1699760.8111346,199999.96875,4.0331755296607597e-11,1.6266504726371372e-21,1.4390990827216548e-21,-0.5550239682197571,-0.5550239682197571,-6.9436782723641954e-06
1699760.8261584,199999.96875,4.1436975378728036e-11,1.7170229837844315e-21,1.44088592209174e-21,-0.5550239682197571,-0.5550239682197571,-6.943484095245367e-06
1699760.8263406,199999.96875,4.209156981294093e-11,1.7717003088987185e-21,1.4532567756985435e-21,-0.5550239682197571,-0.5550239682197571,-6.943286280147731e-06
1699760.826513,199999.96875,4.229949029932456e-11,1.7892465949147512e-21,1.474133392642704e-21,-0.5550239682197571,-0.5550239682197571,-6.943086191313341e-06
1699760.826684,199999.96875,4.2069302902403294e-11,1.769826227823403e-21,1.5011631751346865e-21,-0.5550239682197571,-0.5550239682197571,-6.942882464500144e-06
1699760.8403299,199999.96875,4.1413920903732304e-11,1.7151127539469952e-21,1.5318270189359687e-21,-0.5550239682197571,-0.5550239682197571,-6.9426764639501926e-06
1699760.8413145,199999.96875,4.0350434798996915e-11,1.6281577144588631e-21,1.563550183026105e-21,-0.5550239682197571,-0.5550239682197571,-6.942466825421434e-06
1699760.841472,199999.96875,3.889973412829484e-11,1.5131893028367957e-21,1.5938090193277595e-21,-0.5550239682197571,-0.5550239682197571,-6.942255367903272e-06
1699760.8416271,199999.96875,3.708626114540259e-11,1.3753908274772996e-21,1.6202349761284495e-21,-0.5550239682197571,-0.5550239682197571,-6.942041181901004e-06
1699760.8546082,199999.96875,3.493765693418638e-11,1.2206398953476724e-21,1.640704667063261e-21,-0.5550239682197571,-0.5550239682197571,-6.941826086404035e-06
1699760.8565524,199999.96875,3.248437629999046e-11,1.0552347719151984e-21,1.6534182270908414e-21,-0.5550239682197571,-0.5550239682197571,-6.941607807675609e-06
1699760.8567769,199999.96875,2.975927837489678e-11,8.856145816503986e-22,1.6569598970109216e-21,-0.5550239682197571,-0.5550239682197571,-6.9413872552104294e-06
1699760.8569275,199999.96875,2.6797255386901142e-11,7.180928371241335e-22,1.6503432599040644e-21,-0.5550239682197571,-0.5550239682197571,-6.9411667027452495e-06
1699760.8704956,199999.96875,2.363481632627895e-11,5.586044986469537e-22,1.633033657403147e-21,-0.5550239682197571,-0.5550239682197571,-6.940943421795964e-06
1699760.8707647,199999.96875,2.0309670611950992e-11,4.1248274556558354e-22,1.604953945222526e-21,-0.5550239682197571,-0.5550239682197571,-6.940719231351977e-06
1699760.8710012,199999.96875,1.686031522729614e-11,2.842702302472946e-22,1.5664706596932036e-21,-0.5550239682197571,-0.5550239682197571,-6.9404936766659375e-06
1699760.8713113,199999.96875,1.3325643540007537e-11,1.77572779091867e-22,1.5183624128395199e-21,-0.5550239682197571,-0.5550239682197571,-6.940268121979898e-06
1699760.8856927,199999.96875,9.744520294840964e-12,9.495566678888357e-23,1.4617725354812916e-21,-0.5550239682197571,-0.5550239682197571,-6.940040293557104e-06
1699760.8860892,199999.96875,6.1554012754927445e-12,3.788896718965985e-23,1.3981509160969914e-21,-0.5550239682197571,-0.5550239682197571,-6.939813374629011e-06
1699760.8864556,199999.96875,2.5959525327967636e-12,6.738969711734423e-24,1.3291828140156613e-21,-0.5550239682197571,-0.5550239682197571,-6.939585091458866e-06
1699760.8867396,199999.96875,-8.973185692748298e-13,8.051806131091912e-25,1.2567130277958147e-21,-0.5550239682197571,-0.5550239682197571,-6.9393563535413705e-06
1699760.9000593,199999.96875,-4.2894069372800825e-12,1.8399009944696752e-23,1.1826660246365054e-21,-0.5550239682197571,-0.5550239682197571,-6.9391280703712255e-06
1699760.9003635,199999.96875,-7.547118312245527e-12,5.695898853122484e-23,1.1089653629690244e-21,-0.5550239682197571,-0.5550239682197571,-6.938898877706379e-06
1699760.9006096,199999.96875,-1.063936872630622e-11,1.131961756450597e-22,1.0374578608358026e-21,-0.5550239682197571,-0.5550239682197571,-6.938671049283585e-06
1699760.900925,199999.96875,-1.3537440265998235e-11,1.8326228375403613e-22,9.698423081081281e-22,-0.5550239682197571,-0.5550239682197571,-6.9384427661134396e-06
1699760.9148466,199999.96875,-1.6215237486072454e-11,2.6293392827644364e-22,9.07607468329883e-22,-0.5550239682197571,-0.5550239682197571,-6.9382149376906455e-06
1699760.9150778,199999.96875,-1.8649503816248192e-11,3.4780400208118933e-22,8.519820964905887e-22,-0.5550239682197571,-0.5550239682197571,-6.937988018762553e-06
1699760.9153605,199999.96875,-2.0819979421049517e-11,4.334715700849028e-22,8.038958115245063e-22,-0.5550239682197571,-0.5550239682197571,-6.937761554581812e-06
1699760.915554,199999.96875,-2.270957553951458e-11,5.157247966295259e-22,7.639544586068457e-22,-0.5550239682197571,-0.5550239682197571,-6.937535999895772e-06
1699760.9297723,199999.96875,-2.430446642553985e-11,5.907070227909672e-22,7.324299612470802e-22,-0.5550239682197571,-0.5550239682197571,-6.937310445209732e-06
1699760.9299145,199999.96875,-2.5594151797925235e-11,6.550606546082145e-22,7.092636534374103e-22,-0.5550239682197571,-0.5550239682197571,-6.937086254765745e-06
1699760.9300734,199999.96875,-2.657148112650276e-11,7.060436368182684e-22,6.940824860112005e-22,-0.5550239682197571,-0.5550239682197571,-6.936864338058513e-06
1699760.9302584,199999.96875,-2.723262761128442e-11,7.416160382290999e-22,6.862281576984877e-22,-0.5550239682197571,-0.5550239682197571,-6.936643330845982e-06
1699760.9458886,199999.96875,-2.7577088182462184e-11,7.604957894757692e-22,6.847959397042919e-22,-0.5550239682197571,-0.5550239682197571,-6.936423687875504e-06
1699760.9466218,199999.96875,-2.7607624519809804e-11,7.621809478306151e-22,6.886819821193809e-22,-0.5550239682197571,-0.5550239682197571,-6.936205409147078e-06
1699760.9469883,199999.96875,-2.7330190194296833e-11,7.469392463739823e-22,6.966370321924724e-22,-0.5550239682197571,-0.5550239682197571,-6.935988494660705e-06
1699760.9471207,199999.96875,-2.6753790155487067e-11,7.157652809351736e-22,7.073232828025073e-22,-0.5550239682197571,-0.5550239682197571,-6.935773853911087e-06
1699760.9601006,199999.96875,-2.589034021893699e-11,6.703097776682436e-22,7.193723821341765e-22,-0.5550239682197571,-0.5550239682197571,-6.935561486898223e-06
1699760.9630562,199999.96875,-2.475447624661342e-11,6.127840209756101e-22,7.314432414050553e-22,-0.5550239682197571,-0.5550239682197571,-6.935350484127412e-06
1699760.9632182,199999.96875,-2.3363380674545908e-11,5.458475197151499e-22,7.422746424216508e-22,-0.5550239682197571,-0.5550239682197571,-6.935140845598653e-06
1699760.9633781,199999.96875,-2.173654832515748e-11,4.724775485391375e-22,7.507334527579292e-22,-0.5550239682197571,-0.5550239682197571,-6.934934845048701e-06
1699760.9762879,199999.96875,-1.9895524464019765e-11,3.9583189871851086e-22,7.558554193304461e-22,-0.5550239682197571,-0.5550239682197571,-6.934729753993452e-06
1699760.9765525,199999.96875,-1.7863649795502035e-11,3.1910996289290576e-22,7.568764703990662e-22,-0.5550239682197571,-0.5550239682197571,-6.934528300917009e-06
1699760.9769146,199999.96875,-1.566578464173851e-11,2.4541677331591897e-22,7.532553842739356e-22,-0.5550239682197571,-0.5550239682197571,-6.934328212082619e-06
1699760.9774606,199999.96875,-1.3328019243807887e-11,1.776361025344509e-22,7.44686310115769e-22,-0.5550239682197571,-0.5550239682197571,-6.934130851732334e-06
1699760.9900568,199999.96875,-1.087738493027457e-11,1.1831749850707795e-22,7.310998786520051e-22,-0.5550239682197571,-0.5550239682197571,-6.933935765118804e-06
1699760.9903104,199999.96875,-8.341527121813463e-12,6.958106593734863e-23,7.126559320347034e-22,-0.5550239682197571,-0.5550239682197571,-6.93374386173673e-06
1699760.9930815,199999.96875,-5.748410861899922e-12,3.304422842734294e-23,6.897263077401487e-22,-0.5550239682197571,-0.5550239682197571,-6.933554686838761e-06
1699760.9940639,199999.96875,-3.1260122528714573e-12,9.771952932274677e-24,6.628703018392556e-22,-0.5550239682197571,-0.5550239682197571,-6.9333682404248975e-06
1699761.0207754,199999.96875,-5.020457790813615e-13,2.52049933903297e-25,6.328027611516737e-22,-0.5550239682197571,-0.5550239682197571,-6.933185886737192e-06
1699761.0209106,199999.96875,2.0962960100429084e-12,4.394456957616756e-24,6.003576820481769e-22,-0.5550239682197571,-0.5550239682197571,-6.933004442544188e-06
1699761.0210546,199999.96875,4.642598805393305e-12,2.1553721502660755e-23,5.664482751561983e-22,-0.5550239682197571,-0.5550239682197571,-6.932827091077343e-06
1699761.0213944,199999.96875,7.111485011979113e-12,5.0573219456889544e-23,5.3202566691371905e-22,-0.5550239682197571,-0.5550239682197571,-6.932652468094602e-06
1699761.0349248,199999.96875,9.478859537559448e-12,8.984877692598723e-23,4.980377525844528e-22,-0.5550239682197571,-0.5550239682197571,-6.932481483090669e-06
1699761.035441,199999.96875,1.1722127608859712e-11,1.374082732013375e-22,4.653894124246732e-22,-0.5550239682197571,-0.5550239682197571,-6.932313226570841e-06
1699761.0358084,199999.96875,1.3820403155229144e-11,1.9100355883269993e-22,4.349071707146602e-22,-0.5550239682197571,-0.5550239682197571,-6.932149062777171e-06
1699761.0361424,199999.96875,1.5754671872647563e-11,2.4820966908653793e-22,4.0730824716766614e-22,-0.5550239682197571,-0.5550239682197571,-6.9319867179729044e-06
1699761.0492112,199999.96875,1.750796209398775e-11,3.065287295490107e-22,3.8317501045836147e-22,-0.5550239682197571,-0.5550239682197571,-6.931828920642147e-06
1699761.0509589,199999.96875,1.9065467954382243e-11,3.6349208521420683e-22,3.629370805466168e-22,-0.5550239682197571,-0.5550239682197571,-6.931672942300793e-06
1699761.0511221,199999.96875,2.0414708118421387e-11,4.167602901816029e-22,3.468594389659394e-22,-0.5550239682197571,-0.5550239682197571,-6.931522420927649e-06
1699761.0513244,199999.96875,2.1545598638539332e-11,4.642128610944159e-22,3.350390461879119e-22,-0.5550239682197571,-0.5550239682197571,-6.93137417329126e-06
1699761.0643434,199999.96875,2.245052234395306e-11,5.040259262962258e-22,3.2740729024644175e-22,-0.5550239682197571,-0.5550239682197571,-6.931229108886328e-06
1699761.065639,199999.96875,2.312436353513192e-11,5.347361677405095e-22,3.2374015988799514e-22,-0.5550239682197571,-0.5550239682197571,-6.931087227712851e-06
1699761.0658172,199999.96875,2.356453920882018e-11,5.552875467997783e-22,3.236737945977607e-22,-0.5550239682197571,-0.5550239682197571,-6.930949894012883e-06
1699761.0659997,199999.96875,2.3771012935824842e-11,5.650610411662618e-22,3.2672536101464526e-22,-0.5550239682197571,-0.5550239682197571,-6.930815288797021e-06
1699761.0795029,199999.96875,2.3746227206800086e-11,5.638833791198499e-22,3.3231758966086977e-22,-0.5550239682197571,-0.5550239682197571,-6.930685685802018e-06
1699761.0796842,199999.96875,2.3495044451649072e-11,5.5201704308270235e-22,3.3980651760228423e-22,-0.5550239682197571,-0.5550239682197571,-6.93055835654377e-06
1699761.080084,199999.96875,2.3024615200539778e-11,5.301329560992659e-22,3.485100893893473e-22,-0.5550239682197571,-0.5550239682197571,-6.930434665264329e-06
1699761.0802989,199999.96875,2.234427920466686e-11,4.992668104965616e-22,3.57737591035222e-22,-0.5550239682197571,-0.5550239682197571,-6.930314611963695e-06
1699761.0947626,199999.96875,2.14654041069684e-11,4.607635825635551e-22,3.6681812473901035e-22,-0.5550239682197571,-0.5550239682197571,-6.93019910613657e-06
1699761.0949087,199999.96875,2.0401222378119144e-11,4.1620990508347384e-22,3.751262058444063e-22,-0.5550239682197571,-0.5550239682197571,-6.93008632879355e-06
1699761.0951116,199999.96875,1.9166668252523777e-11,3.6736116396439e-22,3.821054665321756e-22,-0.5550239682197571,-0.5550239682197571,-6.929977189429337e-06
1699761.0953603,199999.96875,1.777814874481809e-11,3.160625616616008e-22,3.8728748750768517e-22,-0.5550239682197571,-0.5550239682197571,-6.9298716880439315e-06
1699761.110024,199999.96875,1.625334242194576e-11,2.6417111461131986e-22,3.903070198609305e-22,-0.5550239682197571,-0.5550239682197571,-6.929769824637333e-06
1699761.1101503,199999.96875,1.461102593081076e-11,2.134820682854385e-22,3.909114261538491e-22,-0.5550239682197571,-0.5550239682197571,-6.929672053956892e-06
1699761.1102673,199999.96875,1.2870794707797728e-11,1.6565735697375296e-22,3.889658805914079e-22,-0.5550239682197571,-0.5550239682197571,-6.929577466507908e-06
1699761.1104848,199999.96875,1.1052876495998287e-11,1.2216609211727435e-22,3.844531165861133e-22,-0.5550239682197571,-0.5550239682197571,-6.929486517037731e-06
1699761.1245234,199999.96875,9.177865065157498e-12,8.423321061874266e-23,3.774683528046692e-22,-0.5550239682197571,-0.5550239682197571,-6.9293992055463605e-06
1699761.1255994,199999.96875,7.266505539643697e-12,5.280210176838082e-23,3.6820987732421196e-22,-0.5550239682197571,-0.5550239682197571,-6.929315532033797e-06
1699761.125976,199999.96875,5.3394615118218525e-12,2.8509852788688944e-23,3.569659462303965e-22,-0.5550239682197571,-0.5550239682197571,-6.929235496500041e-06
1699761.1261263,199999.96875,3.4170975510977586e-12,1.1676555036013131e-23,3.440982490928231e-22,-0.5550239682197571,-0.5550239682197571,-6.929159098945092e-06
1699761.139285,199999.96875,1.5192514130416002e-12,2.308124572712085e-24,3.3002358214848706e-22,-0.5550239682197571,-0.5550239682197571,-6.9290863393689506e-06
1699761.1406994,199999.96875,-3.3496998035585646e-13,1.122048881011783e-25,3.151935020013114e-22,-0.5550239682197571,-0.5550239682197571,-6.929017217771616e-06
1699761.1409327,199999.96875,-2.1273926630732687e-12,4.525799142892434e-24,3.0007405505232615e-22,-0.5550239682197571,-0.5550239682197571,-6.928951279405737e-06
1699761.1412572,199999.96875,-3.840957499973152e-12,1.4752956371915843e-23,2.8512555741694594e-22,-0.5550239682197571,-0.5550239682197571,-6.928889433766017e-06
1699761.1539526,199999.96875,-5.4598847144815554e-12,2.981034363348734e-23,2.7078298068742236e-22,-0.5550239682197571,-0.5550239682197571,-6.9288303166104015e-06
1699761.1550822,199999.96875,-6.969810145696087e-12,4.85782501810144e-23,2.574392407034279e-22,-0.5550239682197571,-0.5550239682197571,-6.9287743826862425e-06
1699761.1554636,199999.96875,-8.357890768362353e-12,6.985433997669167e-23,2.454301019097736e-22,-0.5550239682197571,-0.5550239682197571,-6.928722541488241e-06
1699761.1556872,199999.96875,-9.612896416377747e-12,9.240777859365177e-23,2.3502256532388415e-22,-0.5550239682197571,-0.5550239682197571,-6.928674793016398e-06
1699761.1695158,199999.96875,-1.0725272232836591e-11,1.1503148262916172e-22,2.264062857291492e-22,-0.5550239682197571,-0.5550239682197571,-6.928628863533959e-06
1699761.1698334,199999.96875,-1.1687218033629154e-11,1.3659106379062646e-22,2.1968849772158087e-22,-0.5550239682197571,-0.5550239682197571,-6.928587481525028e-06
1699761.1700075,199999.96875,-1.2492715195655535e-11,1.5606793856633737e-22,2.148932331597958e-22,-0.5550239682197571,-0.5550239682197571,-6.928548828000203e-06
1699761.1702326,199999.96875,-1.3137542269336944e-11,1.7259502891459898e-22,2.1196293675214907e-22,-0.5550239682197571,-0.5550239682197571,-6.9285138124541845e-06
1699761.184684,199999.96875,-1.3619263702913109e-11,1.8548434715186268e-22,2.1076430993832006e-22,-0.5550239682197571,-0.5550239682197571,-6.9284819801396225e-06
1699761.1850104,199999.96875,-1.3937223770910112e-11,1.9424621891526522e-22,2.1109648979917777e-22,-0.5550239682197571,-0.5550239682197571,-6.928452876309166e-06
1699761.1864925,199999.96875,-1.409247978728656e-11,1.9859800480879676e-22,2.127020931094539e-22,-0.5550239682197571,-0.5550239682197571,-6.928427410457516e-06
1699761.186689,199999.96875,-1.4087756135261476e-11,1.9846485770976994e-22,2.152797623815796e-22,-0.5550239682197571,-0.5550239682197571,-6.928404673089972e-06
1699761.2006659,199999.96875,-1.3927347990161376e-11,1.9397102636620068e-22,2.184983401184303e-22,-0.5550239682197571,-0.5550239682197571,-6.928384209459182e-06
1699761.2009468,199999.96875,-1.3617007695032601e-11,1.854229169754513e-22,2.22011308123335e-22,-0.5550239682197571,-0.5550239682197571,-6.928368293301901e-06
1699761.2019409,199999.96875,-1.3163835473062324e-11,1.7328656331677744e-22,2.2547202198187786e-22,-0.5550239682197571,-0.5550239682197571,-6.928354650881374e-06
1699761.2025297,199999.96875,-1.2576162333743923e-11,1.5815985884746418e-22,2.285473425783404e-22,-0.5550239682197571,-0.5550239682197571,-6.928344191692304e-06
1699761.2159171,199999.96875,-1.1863440785297996e-11,1.40741229458558e-22,2.3093109090730106e-22,-0.5550239682197571,-0.5550239682197571,-6.928336460987339e-06
1699761.2165902,199999.96875,-1.1036119067220351e-11,1.217959207152212e-22,2.3235550864486605e-22,-0.5550239682197571,-0.5550239682197571,-6.92833191351383e-06
1699761.2169629,199999.96875,-1.0105525791170855e-11,1.0212165400836227e-22,2.3260100215857083e-22,-0.5550239682197571,-0.5550239682197571,-6.9283296397770755e-06
1699761.2171802,199999.96875,-9.083731163095354e-12,8.251417542118297e-23,2.3150308448334595e-22,-0.5550239682197571,-0.5550239682197571,-6.9283296397770755e-06
1699761.2291899,199999.96875,-7.983405603262383e-12,6.373476097077054e-23,2.289577269538981e-22,-0.5550239682197571,-0.5550239682197571,-6.928333277755883e-06
1699761.2308269,199999.96875,-6.817674896852921e-12,4.6480687966693457e-23,2.2492317674023577e-22,-0.5550239682197571,-0.5550239682197571,-6.928339189471444e-06
1699761.2313776,199999.96875,-5.5999753445501455e-12,3.135972324932658e-23,2.194197548992774e-22,-0.5550239682197571,-0.5550239682197571,-6.928347829671111e-06
1699761.2318615,199999.96875,-4.3439340666195925e-12,1.886976268988739e-23,2.125273320199549e-22,-0.5550239682197571,-0.5550239682197571,-6.928358743607532e-06
1699761.2593061,199999.96875,-3.0632365134036776e-12,9.383416848347982e-24,2.0437981250776398e-22,-0.5550239682197571,-0.5550239682197571,-6.92837284077541e-06
1699761.2603457,199999.96875,-1.7715100220083713e-12,3.138247636441587e-24,1.9515831882654348e-22,-0.5550239682197571,-0.5550239682197571,-6.928388756932691e-06
1699761.2618212,199999.96875,-4.822077524606339e-13,2.325243199482027e-25,1.8508243198698344e-22,-0.5550239682197571,-0.5550239682197571,-6.928406946826726e-06
1699761.2622407,199999.96875,7.915067798229536e-13,6.264829597816766e-25,1.7440024558833226e-22,-0.5550239682197571,-0.5550239682197571,-6.928427865204867e-06
1699761.2753359,199999.96875,2.0368771773415784e-12,4.148868780603351e-24,1.6337746060524285e-22,-0.5550239682197571,-0.5550239682197571,-6.928450602572411e-06
1699761.2762358,199999.96875,3.241668435419176e-12,1.0508414540727288e-23,1.5228641706574648e-22,-0.5550239682197571,-0.5550239682197571,-6.928475158929359e-06
1699761.2764881,199999.96875,4.394278777658522e-12,1.9309686750901993e-23,1.413949364026093e-22,-0.5550239682197571,-0.5550239682197571,-6.928502898517763e-06
1699761.2768059,199999.96875,5.483845148812616e-12,3.007255784293918e-23,1.3095603470712828e-22,-0.5550239682197571,-0.5550239682197571,-6.928532911842922e-06
1699761.2898987,199999.96875,6.500320247349034e-12,4.225416056313653e-23,1.211984816418175e-22,-0.5550239682197571,-0.5550239682197571,-6.928563379915431e-06
1699761.2900472,199999.96875,7.434546034357226e-12,5.527246702473473e-23,1.1231858366521942e-22,-0.5550239682197571,-0.5550239682197571,-6.928597485966748e-06
1699761.2904052,199999.96875,8.278329410860152e-12,6.853073235192668e-23,1.0447392994264822e-22,-0.5550239682197571,-0.5550239682197571,-6.928632501512766e-06
1699761.2906191,199999.96875,9.02450163209334e-12,8.144162751267e-23,9.777856451744988e-23,-0.5550239682197571,-0.5550239682197571,-6.9286702455428895e-06
1699761.3051516,199999.96875,9.666972951294373e-12,9.345037503131531e-23,9.230034836013516e-23,-0.5550239682197571,-0.5550239682197571,-6.928708899067715e-06
1699761.3053042,199999.96875,1.0200761242640244e-11,1.0405552442940623e-22,8.806020206191049e-23,-0.5550239682197571,-0.5550239682197571,-6.9287502810766455e-06
1699761.3056298,199999.96875,1.062203103252557e-11,1.1282753147771905e-22,8.503333645769023e-23,-0.5550239682197571,-0.5550239682197571,-6.928791663085576e-06
1699761.3058352,199999.96875,1.0928131663479057e-11,1.1942406209782405e-22,8.315218087777675e-23,-0.5550239682197571,-0.5550239682197571,-6.928836228325963e-06
1699761.3198163,199999.96875,1.1117613774036528e-11,1.2360133933734622e-22,8.23110658261939e-23,-0.5550239682197571,-0.5550239682197571,-6.9288821578084026e-06
1699761.3200259,199999.96875,1.1190229298740917e-11,1.2522123049633774e-22,8.237216152558146e-23,-0.5550239682197571,-0.5550239682197571,-6.928929451532895e-06
1699761.3203101,199999.96875,1.114692886605706e-11,1.2425403653943885e-22,8.317257766534215e-23,-0.5550239682197571,-0.5550239682197571,-6.928977200004738e-06
1699761.3205179,199999.96875,1.0989831440710862e-11,1.2077640950308805e-22,8.453206268407659e-23,-0.5550239682197571,-0.5550239682197571,-6.929027676960686e-06
1699761.3343532,199999.96875,1.0722213047986706e-11,1.1496584940184733e-22,8.626118267944863e-23,-0.5550239682197571,-0.5550239682197571,-6.929079063411336e-06
1699761.3351057,199999.96875,1.0348463405640551e-11,1.0709068253946218e-22,8.816945614183998e-23,-0.5550239682197571,-0.5550239682197571,-6.92913226885139e-06
1699761.3361372,199999.96875,9.87401826968437e-12,9.749622804402766e-23,9.007322363074071e-23,-0.5550239682197571,-0.5550239682197571,-6.929185474291444e-06
1699761.3364277,199999.96875,9.305281371829732e-12,8.658826965430223e-23,9.180274752289623e-23,-0.5550239682197571,-0.5550239682197571,-6.929241408215603e-06
1699761.3499928,199999.96875,8.649550693740071e-12,7.48147289031576e-23,9.320852289954904e-23,-0.5550239682197571,-0.5550239682197571,-6.929297342139762e-06
1699761.3514306,199999.96875,7.914921322516033e-12,6.264598777115898e-23,9.416639567599184e-23,-0.5550239682197571,-0.5550239682197571,-6.9293550950533245e-06
1699761.3516077,199999.96875,7.110189607223427e-12,5.05547948215872e-23,9.458128602504016e-23,-0.5550239682197571,-0.5550239682197571,-6.929413302714238e-06
1699761.3519183,199999.96875,6.244746907080323e-12,3.8996859222170344e-23,9.438964962305663e-23,-0.5550239682197571,-0.5550239682197571,-6.929471965122502e-06
1699761.3639757,199999.96875,5.328482880623264e-12,2.839272587692535e-23,9.356041797215002e-23,-0.5550239682197571,-0.5550239682197571,-6.92953244652017e-06
1699761.365288,199999.96875,4.3716870401500074e-12,1.911164795381169e-23,9.209449352919592e-23,-0.5550239682197571,-0.5550239682197571,-6.929592927917838e-06
1699761.3657352,199999.96875,3.3849474872366114e-12,1.1457868593589572e-23,9.002302052273245e-23,-0.5550239682197571,-0.5550239682197571,-6.929654773557559e-06
1699761.3663471,199999.96875,2.379032734700637e-12,5.659797343769859e-24,8.740439359240768e-23,-0.5550239682197571,-0.5550239682197571,-6.929717983439332e-06
1699761.3789431,199999.96875,1.3647694085960893e-12,1.8625952605354354e-24,8.432028824090458e-23,-0.5550239682197571,-0.5550239682197571,-6.929780738573754e-06
1699761.3803567,199999.96875,3.5291330947005706e-13,1.2454780025471887e-25,8.087087718141173e-23,-0.5550239682197571,-0.5550239682197571,-6.9298439484555274e-06
1699761.3813624,199999.96875,-6.459637512390426e-13,4.17269159108012e-25,7.716952919234026e-23,-0.5550239682197571,-0.5550239682197571,-6.929908522579353e-06
1699761.3818881,199999.96875,-1.6215776551392613e-12,2.629514196892951e-24,7.333720504945313e-23,-0.5550239682197571,-0.5550239682197571,-6.929974006197881e-06
1699761.3945231,199999.96875,-2.5640524859565916e-12,6.5743656008205546e-24,6.949673355113688e-23,-0.5550239682197571,-0.5550239682197571,-6.930039489816409e-06
1699761.3949525,199999.96875,-3.4640428546450774e-12,1.199959278784023e-23,6.576742202069714e-23,-0.5550239682197571,-0.5550239682197571,-6.930104973434936e-06
1699761.395189,199999.96875,-4.312843918802267e-12,1.8600620703965897e-23,6.226002021833969e-23,-0.5550239682197571,-0.5550239682197571,-6.930171366548166e-06
1699761.3958019,199999.96875,-5.102479636726054e-12,2.6035297103206498e-23,5.907226485477779e-23,-0.5550239682197571,-0.5550239682197571,-6.930238214408746e-06
1699761.4111229,199999.96875,-5.8257834320563084e-12,3.3939749637837075e-23,5.628532656171506e-23,-0.5550239682197571,-0.5550239682197571,-6.930304607521975e-06
1699761.4115378,199999.96875,-6.47647343740565e-12,4.194470620723643e-23,5.396103310145911e-23,-0.5550239682197571,-0.5550239682197571,-6.930371455382556e-06
1699761.4117555,199999.96875,-7.049193260361131e-12,4.969112781444589e-23,5.214002027695969e-23,-0.5550239682197571,-0.5550239682197571,-6.930439212737838e-06
1699761.4119036,199999.96875,-7.539561856784172e-12,5.684498866408954e-23,5.084100617977587e-23,-0.5550239682197571,-0.5550239682197571,-6.930506060598418e-06
1699761.4252959,199999.96875,-7.944193913811404e-12,6.311021663666344e-23,5.0060775412857975e-23,-0.5550239682197571,-0.5550239682197571,-6.9305738179537e-06
1699761.4261462,199999.96875,-8.260732375919844e-12,6.823970578677255e-23,4.977528980670211e-23,-0.5550239682197571,-0.5550239682197571,-6.9306406658142805e-06
1699761.4271729,199999.96875,-8.48782849560692e-12,7.204323966206273e-23,4.9941452312334244e-23,-0.5550239682197571,-0.5550239682197571,-6.9307088779169135e-06
1699761.4274764,199999.96875,-8.625149205965243e-12,7.43931931898437e-23,5.049971024229743e-23,-0.5550239682197571,-0.5550239682197571,-6.9307766352721956e-06
1699761.4423938,199999.96875,-8.673360640809591e-12,7.522717693884336e-23,5.137705294209165e-23,-0.5550239682197571,-0.5550239682197571,-6.930843483132776e-06
1699761.4426185,199999.96875,-8.634111654803878e-12,7.454788565791392e-23,5.2490618462232493e-23,-0.5550239682197571,-0.5550239682197571,-6.930911240488058e-06
1699761.4437729,199999.96875,-8.509981781756881e-12,7.24197913711173e-23,5.375134125107688e-23,-0.5550239682197571,-0.5550239682197571,-6.930978088348638e-06
1699761.4439104,199999.96875,-8.304426590832747e-12,6.896349513364369e-23,5.506784281680764e-23,-0.5550239682197571,-0.5550239682197571,-6.931044481461868e-06
1699761.4548271,199999.96875,-8.021708297611951e-12,6.434780686832313e-23,5.63501519954625e-23,-0.5550239682197571,-0.5550239682197571,-6.931111329322448e-06
1699761.4558138,199999.96875,-7.666807293194022e-12,5.877993824685185e-23,5.75132232705714e-23,-0.5550239682197571,-0.5550239682197571,-6.9311777224356774e-06
1699761.4561661,199999.96875,-7.245345816364601e-12,5.249503608330173e-23,5.848015217020614e-23,-0.5550239682197571,-0.5550239682197571,-6.931243660801556e-06
1699761.4590705,199999.96875,-6.763506421592069e-12,4.5745015219146066e-23,5.918488263760714e-23,-0.5550239682197571,-0.5550239682197571,-6.931309144420084e-06
1699761.4699319,199999.96875,-6.2279474112580946e-12,3.878732829941278e-23,5.9574441085267e-23,-0.5550239682197571,-0.5550239682197571,-6.931374628038611e-06
1699761.4704752,199999.96875,-5.645710895313405e-12,3.187405424864344e-23,5.961045731875577e-23,-0.5550239682197571,-0.5550239682197571,-6.931439656909788e-06
1699761.4710088,199999.96875,-5.0241442950405e-12,2.52420264655253e-23,5.927021845489033e-23,-0.5550239682197571,-0.5550239682197571,-6.931504231033614e-06
1699761.4751987,199999.96875,-4.370818377369412e-12,1.910405280101622e-23,5.854684562657714e-23,-0.5550239682197571,-0.5550239682197571,-6.931567440915387e-06
1699761.5004956,199999.96875,-3.6934357482143465e-12,1.3641467133677542e-23,5.744906679087158e-23,-0.5550239682197571,-0.5550239682197571,-6.931631560291862e-06
1699761.5010305,199999.96875,-2.9997473689064025e-12,8.998484281036337e-24,5.600020698701922e-23,-0.5550239682197571,-0.5550239682197571,-6.9316943154262844e-06
1699761.5018193,199999.96875,-2.2974705905093318e-12,5.278371263181921e-24,5.42367620759392e-23,-0.5550239682197571,-0.5550239682197571,-6.931756615813356e-06
1699761.5022029,199999.96875,-1.5942160785931137e-12,2.5415248487398257e-24,5.220648023050275e-23,-0.5550239682197571,-0.5550239682197571,-6.9318184614530765e-06
1699761.5143301,199999.96875,-8.974170148320915e-13,8.053573179519607e-25,4.996603952902817e-23,-0.5550239682197571,-0.5550239682197571,-6.931879852345446e-06
1699761.5154909,199999.96875,-2.142582986031094e-13,4.5906617147321794e-26,4.75784794241735e-23,-0.5550239682197571,-0.5550239682197571,-6.931939424248412e-06
1699761.5158308,199999.96875,4.4839365510515594e-13,2.0105685565416284e-25,4.511046812876077e-23,-0.5550239682197571,-0.5550239682197571,-6.93199990564608e-06
1699761.5162055,199999.96875,1.0840605756817778e-12,1.175187192536956e-24,4.262955422438224e-23,-0.5550239682197571,-0.5550239682197571,-6.932058113306994e-06
1699761.5301273,199999.96875,1.686717605864363e-12,2.845016402272585e-24,4.020137093835231e-23,-0.5550239682197571,-0.5550239682197571,-6.932116320967907e-06
1699761.5304143,199999.96875,2.250851198135062e-12,5.06633097388485e-24,3.7887168586795947e-23,-0.5550239682197571,-0.5550239682197571,-6.9321745286288206e-06
1699761.530664,199999.96875,2.77150286227823e-12,7.681226986558377e-24,3.574147639092566e-23,-0.5550239682197571,-0.5550239682197571,-6.93223046255298e-06
1699761.5308257,199999.96875,3.2443047814217918e-12,1.0525514678569764e-23,3.381017450098909e-23,-0.5550239682197571,-0.5550239682197571,-6.932286396477139e-06
1699761.544012,199999.96875,3.665510169698072e-12,1.3435964134702037e-23,3.2128969917000177e-23,-0.5550239682197571,-0.5550239682197571,-6.932341875653947e-06
1699761.544926,199999.96875,4.0320190762555e-12,1.6257178434096615e-23,3.072234888145697e-23,-0.5550239682197571,-0.5550239682197571,-6.932395535841351e-06
1699761.5458192,199999.96875,4.3413861915142515e-12,1.884763356377413e-23,2.960300258860267e-23,-0.5550239682197571,-0.5550239682197571,-6.932448741281405e-06
1699761.5463045,199999.96875,4.591838628081879e-12,2.108498193050024e-23,2.877178300821491e-23,-0.5550239682197571,-0.5550239682197571,-6.932501037226757e-06
1699761.5601119,199999.96875,4.782276571274613e-12,2.287017100357177e-23,2.821809100517114e-23,-0.5550239682197571,-0.5550239682197571,-6.932552878424758e-06
1699761.5603308,199999.96875,4.912265039180852e-12,2.4130346322947937e-23,2.79207630191061e-23,-0.5550239682197571,-0.5550239682197571,-6.932603810128057e-06
1699761.5607378,199999.96875,4.982003525000334e-12,2.4820361379022945e-23,2.7849314309198424e-23,-0.5550239682197571,-0.5550239682197571,-6.932652468094602e-06
1699761.5609633,199999.96875,4.992303879319815e-12,2.492309946787531e-23,2.796554507497369e-23,-0.5550239682197571,-0.5550239682197571,-6.932702035555849e-06
1699761.5745039,199999.96875,4.944564722941802e-12,2.4448717962520653e-23,2.822536114727366e-23,-0.5550239682197571,-0.5550239682197571,-6.932749329280341e-06
1699761.5754581,199999.96875,4.840738053457638e-12,2.3432745580408323e-23,2.8580815560279006e-23,-0.5550239682197571,-0.5550239682197571,-6.932796623004833e-06
1699761.5766172,199999.96875,4.6832806729901755e-12,2.1933117844139558e-23,2.898222900962253e-23,-0.5550239682197571,-0.5550239682197571,-6.932841642992571e-06
1699761.5768132,199999.96875,4.4751207947668625e-12,2.0026704515762717e-23,2.9380275600622567e-23,-0.5550239682197571,-0.5550239682197571,-6.932886662980309e-06
1699761.5896221,199999.96875,4.2196190118415355e-12,1.7805183854238963e-23,2.9728030731192956e-23,-0.5550239682197571,-0.5550239682197571,-6.932930318725994e-06
1699761.5912058,199999.96875,3.920526230050125e-12,1.5370527175620785e-23,2.998284858079745e-23,-0.5550239682197571,-0.5550239682197571,-6.932972610229626e-06
1699761.5918272,199999.96875,3.5819409504450617e-12,1.2830301186361406e-23,3.010797138669636e-23,-0.5550239682197571,-0.5550239682197571,-6.933014901733259e-06
1699761.5922252,199999.96875,3.2082561433888213e-12,1.0292907996612675e-23,3.007383579760564e-23,-0.5550239682197571,-0.5550239682197571,-6.933055374247488e-06
1699761.6044683,199999.96875,2.8041024363600897e-12,7.862990794313066e-24,2.9859088926542754e-23,-0.5550239682197571,-0.5550239682197571,-6.933094937267015e-06
1699761.6051931,199999.96875,2.3742900007173162e-12,5.63725288239e-24,2.94511279316859e-23,-0.5550239682197571,-0.5550239682197571,-6.933134045539191e-06
1699761.6057095,199999.96875,1.923751088983572e-12,3.7008178745431624e-24,2.884634929642002e-23,-0.5550239682197571,-0.5550239682197571,-6.933171334821964e-06
1699761.606012,199999.96875,1.457483114232494e-12,2.1242568729231715e-24,2.804993425917061e-23,-0.5550239682197571,-0.5550239682197571,-6.933207714610035e-06
1699761.6198126,199999.96875,9.80500403091611e-13,9.613811367111604e-25,2.7075340786980743e-23,-0.5550239682197571,-0.5550239682197571,-6.933243184903404e-06
1699761.6199982,199999.96875,4.977973870785857e-13,2.478022384034246e-25,2.594339638547006e-23,-0.5550239682197571,-0.5550239682197571,-6.933276836207369e-06
1699761.6217112,199999.96875,1.4313818346204342e-14,2.0488538675352095e-28,2.4681195271289286e-23,-0.5550239682197571,-0.5550239682197571,-6.933310032763984e-06
1699761.6218646,199999.96875,-4.650913443433879e-13,2.1630994964277358e-25,2.332073048731056e-23,-0.5550239682197571,-0.5550239682197571,-6.933342319825897e-06
1699761.6344139,199999.96875,-9.35673739009546e-13,8.754854254004917e-25,2.1897374556523994e-23,-0.5550239682197571,-0.5550239682197571,-6.933372787898406e-06
1699761.6356865,199999.96875,-1.392840703884346e-12,1.9400051950886418e-24,2.0448309648836276e-23,-0.5550239682197571,-0.5550239682197571,-6.933403255970916e-06
1699761.6363372,199999.96875,-1.832192383921516e-12,3.356929345699714e-24,1.9010904105327724e-23,-0.5550239682197571,-0.5550239682197571,-6.9334323598013725e-06
1699761.6366864,199999.96875,-2.2495685869650117e-12,5.060558484210895e-24,1.7621158382269005e-23,-0.5550239682197571,-0.5550239682197571,-6.933460099389777e-06
1699761.6506581,199999.96875,-2.64109871125906e-12,6.975402369081834e-24,1.631227247971725e-23,-0.5550239682197571,-0.5550239682197571,-6.933486929483479e-06
1699761.6510191,199999.96875,-3.0032400177848473e-12,9.019450626175301e-24,1.5113388497233134e-23,-0.5550239682197571,-0.5550239682197571,-6.93351330482983e-06
1699761.6512764,199999.96875,-3.332820130985681e-12,1.1107690082318344e-23,1.4048587202809433e-23,-0.5550239682197571,-0.5550239682197571,-6.933537861186778e-06
1699761.6515031,199999.96875,-3.6270726005982468e-12,1.3155655033806234e-23,1.313610153854852e-23,-0.5550239682197571,-0.5550239682197571,-6.933561053301673e-06
1699761.666081,199999.96875,-3.883651646802155e-12,1.508275071739616e-23,1.2387855137032813e-23,-0.5550239682197571,-0.5550239682197571,-6.933582881174516e-06
1699761.6672405,199999.96875,-4.1006273897303824e-12,1.6815144485524868e-23,1.180925879521122e-23,-0.5550239682197571,-0.5550239682197571,-6.9336047090473585e-06
1699761.667452,199999.96875,-4.276479777937103e-12,1.828827911715269e-23,1.1399277527576092e-23,-0.5550239682197571,-0.5550239682197571,-6.933625172678148e-06
1699761.6675871,199999.96875,-4.410105527291597e-12,1.9449031141200232e-23,1.1150778453822421e-23,-0.5550239682197571,-0.5550239682197571,-6.9336447268142365e-06
1699761.6795427,199999.96875,-4.500835901893874e-12,2.0257523638908574e-23,1.1051086945786021e-23,-0.5550239682197571,-0.5550239682197571,-6.933662916708272e-06
1699761.6809198,199999.96875,-4.548435846712939e-12,2.0688270092151835e-23,1.1082772332905128e-23,-0.5550239682197571,-0.5550239682197571,-6.9336806518549565e-06
1699761.6811072,199999.96875,-4.55311396224678e-12,2.0730844915206613e-23,1.1224559036565932e-23,-0.5550239682197571,-0.5550239682197571,-6.9336965680122375e-06
1699761.6824525,199999.96875,-4.5155120961815065e-12,2.0389850322593968e-23,1.1452386010298286e-23,-0.5550239682197571,-0.5550239682197571,-6.9337124841695186e-06
1699761.6945175,199999.96875,-4.436703174987011e-12,1.9684335727453177e-23,1.1740505623016683e-23,-0.5550239682197571,-0.5550239682197571,-6.933727036084747e-06
1699761.6952046,199999.96875,-4.318176892448289e-12,1.8646652315507353e-23,1.2062608574671095e-23,-0.5550239682197571,-0.5550239682197571,-6.933739314263221e-06
1699761.6965422,199999.96875,-4.161820194026333e-12,1.732074752778636e-23,1.239291646860071e-23,-0.5550239682197571,-0.5550239682197571,-6.933752501936397e-06
1699761.6968841,199999.96875,-3.9698765108564515e-12,1.575992154021236e-23,1.2707196286658046e-23,-0.5550239682197571,-0.5550239682197571,-6.933763415872818e-06
1699761.70915,199999.96875,-3.744914101044827e-12,1.402438179479363e-23,1.2983663634945423e-23,-0.5550239682197571,-0.5550239682197571,-6.933774329809239e-06
1699761.711041,199999.96875,-3.489800028816381e-12,1.2178704445231566e-23,1.3203732950535834e-23,-0.5550239682197571,-0.5550239682197571,-6.933782970008906e-06
1699761.7114735,199999.96875,-3.2076476891296224e-12,1.0289003923992736e-23,1.3352613091456385e-23,-0.5550239682197571,-0.5550239682197571,-6.933791155461222e-06
1699761.7117845,199999.96875,-2.9017736564301844e-12,8.420291047137312e-24,1.3419693089670948e-23,-0.5550239682197571,-0.5550239682197571,-6.933799795660889e-06
1699761.7403767,199999.96875,-2.575651497638276e-12,6.63398179158037e-24,1.339874567719371e-23,-0.5550239682197571,-0.5550239682197571,-6.93380570737645e-06
1699761.7407111,199999.96875,-2.2328840165730668e-12,4.985770526091417e-24,1.328795174077723e-23,-0.5550239682197571,-0.5550239682197571,-6.933811619092012e-06
1699761.7409884,199999.96875,-1.877167475280994e-12,3.523757649935854e-24,1.3089707839851568e-23,-0.5550239682197571,-0.5550239682197571,-6.9338166213128716e-06
1699761.7411401,199999.96875,-1.512248442789299e-12,2.2868951424612297e-24,1.2810303562414053e-23,-0.5550239682197571,-0.5550239682197571,-6.933820259291679e-06
1699761.7548495,199999.96875,-1.1418883416949854e-12,1.3039089791007156e-24,1.245942927582442e-23,-0.5550239682197571,-0.5550239682197571,-6.933822987775784e-06
1699761.7550095,199999.96875,-7.698176406230328e-13,5.926191332728016e-25,1.2049581325682275e-23,-0.5550239682197571,-0.5550239682197571,-6.93382617100724e-06
1699761.7553613,199999.96875,-3.9970465630888297e-13,1.5976382063680418e-25,1.1595371782535026e-23,-0.5550239682197571,-0.5550239682197571,-6.933826625754591e-06
1699761.7555801,199999.96875,-3.512415916928288e-14,1.2337065222822396e-27,1.1112790856931503e-23,-0.5550239682197571,-0.5550239682197571,-6.933827535249293e-06
1699761.7706915,199999.96875,3.2047354678842177e-13,1.0270329885384828e-25,1.0618437760039368e-23,-0.5550239682197571,-0.5550239682197571,-6.933827535249293e-06
1699761.7715131,199999.96875,6.637891733669854e-13,4.406161385475134e-25,1.0128788640725065e-23,-0.5550239682197571,-0.5550239682197571,-6.933826625754591e-06
1699761.7720987,199999.96875,9.916899116127476e-13,9.834489288890393e-25,9.659481877573696e-24,-0.5550239682197571,-0.5550239682197571,-6.933825261512538e-06
1699761.7722715,199999.96875,1.3012224761230207e-12,1.6931800841758498e-24,9.224690934469367e-24,-0.5550239682197571,-0.5550239682197571,-6.933822533028433e-06
1699761.7852955,199999.96875,1.5896327223291484e-12,2.526932302499821e-24,8.836567424796104e-24,-0.5550239682197571,-0.5550239682197571,-6.933818895049626e-06
1699761.7855892,199999.96875,1.8543957602118466e-12,3.438783525377709e-24,8.504808815661786e-24,-0.5550239682197571,-0.5550239682197571,-6.933815257070819e-06
1699761.7858199,199999.96875,2.0932428967251893e-12,4.38166597246905e-24,8.23633736150973e-24,-0.5550239682197571,-0.5550239682197571,-6.93381070959731e-06
1699761.7860169,199999.96875,2.304183536680493e-12,5.309262267369471e-24,8.035113932945049e-24,-0.5550239682197571,-0.5550239682197571,-6.9338047978817485e-06
1699761.8003624,199999.96875,2.485526975209984e-12,6.17784427238076e-24,7.902063863809568e-24,-0.5550239682197571,-0.5550239682197571,-6.933798431418836e-06
1699761.8005684,199999.96875,2.6359136227893654e-12,6.948040728584243e-24,7.835166881325015e-24,-0.5550239682197571,-0.5550239682197571,-6.933791155461222e-06
1699761.8009072,199999.96875,2.7543481818242954e-12,7.586433515882494e-24,7.829636177518511e-24,-0.5550239682197571,-0.5550239682197571,-6.933783879503608e-06
1699761.8011246,199999.96875,2.8402182949277543e-12,8.066839551970322e-24,7.87822764269741e-24,-0.5550239682197571,-0.5550239682197571,-6.933775694051292e-06
1699761.8155802,199999.96875,2.8932925933561338e-12,8.371141857298422e-24,7.971633507041009e-24,-0.5550239682197571,-0.5550239682197571,-6.933767963346327e-06
1699761.8163073,199999.96875,2.913702916093608e-12,8.489664264003353e-24,8.098942246508291e-24,-0.5550239682197571,-0.5550239682197571,-6.933758413651958e-06
1699761.8165657,199999.96875,2.901913084829566e-12,8.421100418426069e-24,8.24813635406912e-24,-0.5550239682197571,-0.5550239682197571,-6.9337488639575895e-06
1699761.8167151,199999.96875,2.8587011230429837e-12,8.172172204339958e-24,8.406624031954358e-24,-0.5550239682197571,-0.5550239682197571,-6.933737950021168e-06
1699761.8293245,199999.96875,2.785147112938091e-12,7.757044408159168e-24,8.561759839853312e-24,-0.5550239682197571,-0.5550239682197571,-6.933727036084747e-06
1699761.8307939,199999.96875,2.6826297259974208e-12,7.196502725875369e-24,8.70136534311118e-24,-0.5550239682197571,-0.5550239682197571,-6.933714757906273e-06
1699761.8311264,199999.96875,2.5528255724605042e-12,6.516917988689192e-24,8.81419296294132e-24,-0.5550239682197571,-0.5550239682197571,-6.93370293447515e-06
1699761.8315187,199999.96875,2.3976990098234507e-12,5.7489607141651794e-24,8.890372471697608e-24,-0.5550239682197571,-0.5550239682197571,-6.933690656296676e-06
1699761.8441287,199999.96875,2.219472435699421e-12,4.926057699870713e-24,8.921755725090015e-24,-0.5550239682197571,-0.5550239682197571,-6.9336774686235e-06
1699761.8445622,199999.96875,2.0205948459556256e-12,4.0828032575129016e-24,8.902199074388681e-24,-0.5550239682197571,-0.5550239682197571,-6.933663826202974e-06
1699761.8454252,199999.96875,1.8037004181903349e-12,3.253334948334733e-24,8.827757426206595e-24,-0.5550239682197571,-0.5550239682197571,-6.933650638529798e-06
1699761.8458958,199999.96875,1.5715698057153227e-12,2.4698315919515297e-24,8.696766284033741e-24,-0.5550239682197571,-0.5550239682197571,-6.93363608661457e-06
1699761.8614754,199999.96875,1.3270816737187552e-12,1.7611457759717502e-24,8.509833859628044e-24,-0.5550239682197571,-0.5550239682197571,-6.933621534699341e-06
1699761.8616304,199999.96875,1.0731731258858956e-12,1.1517004368058108e-24,8.269755087176702e-24,-0.5550239682197571,-0.5550239682197571,-6.93360561854206e-06
1699761.861851,199999.96875,8.128143882783767e-13,6.60667211729491e-25,7.981314408069881e-24,-0.5550239682197571,-0.5550239682197571,-6.93359015713213e-06
1699761.8620545,199999.96875,5.489909742084631e-13,3.013910881130918e-25,7.651039646298284e-24,-0.5550239682197571,-0.5550239682197571,-6.933574240974849e-06
1699761.8755109,199999.96875,2.846767418150653e-13,8.104084559578491e-26,7.286895141561023e-24,-0.5550239682197571,-0.5550239682197571,-6.933558324817568e-06
1699761.8758317,199999.96875,2.2796895664603523e-14,5.196984732420418e-28,6.897924395275552e-24,-0.5550239682197571,-0.5550239682197571,-6.933541499165585e-06
1699761.8761261,199999.96875,-2.338092013835086e-13,5.466674801796602e-26,6.4938670786081816e-24,-0.5550239682197571,-0.5550239682197571,-6.9335246735136025e-06
1699761.8763268,199999.96875,-4.82418521362965e-13,2.327276488465234e-25,6.084756713412418e-24,-0.5550239682197571,-0.5550239682197571,-6.933507393114269e-06
1699761.8918494,199999.96875,-7.204475731270588e-13,5.190446897445864e-25,5.6805199308891096e-24,-0.5550239682197571,-0.5550239682197571,-6.933489203220233e-06
1699761.8921734,199999.96875,-9.454702645794733e-13,8.939140050073597e-25,5.290601762656468e-24,-0.5550239682197571,-0.5550239682197571,-6.9334723775682505e-06
1699761.892365,199999.96875,-1.1552402914491444e-12,1.334580186918548e-24,4.923605920177286e-24,-0.5550239682197571,-0.5550239682197571,-6.933454187674215e-06
1699761.8925364,199999.96875,-1.3477220641572307e-12,1.8163547980693217e-24,4.587000155210838e-24,-0.5550239682197571,-0.5550239682197571,-6.93343599778018e-06
1699761.905371,199999.96875,-1.5211194933847927e-12,2.3138043712296762e-24,4.286861457740494e-24,-0.5550239682197571,-0.5550239682197571,-6.933417807886144e-06
1699761.9057989,199999.96875,-1.6738919278447284e-12,2.8019140284874403e-24,4.0277017177136666e-24,-0.5550239682197571,-0.5550239682197571,-6.933398253750056e-06
1699761.9060008,199999.96875,-1.8047559974254668e-12,3.257144160430819e-24,3.812356495654172e-24,-0.5550239682197571,-0.5550239682197571,-6.933379154361319e-06
1699761.9062592,199999.96875,-1.912677915355543e-12,3.658337320366558e-24,3.6419491294910444e-24,-0.5550239682197571,-0.5550239682197571,-6.933360964467283e-06
1699761.9203066,199999.96875,-1.9968755381877257e-12,3.987512015605824e-24,3.515919527981578e-24,-0.5550239682197571,-0.5550239682197571,-6.933341410331195e-06
1699761.9206192,199999.96875,-2.056832785687912e-12,4.230561243795776e-24,3.432124750476739e-24,-0.5550239682197571,-0.5550239682197571,-6.933321856195107e-06
1699761.9210323,199999.96875,-2.0923037608033823e-12,4.377735078578334e-24,3.386999540115381e-24,-0.5550239682197571,-0.5550239682197571,-6.93330275680637e-06
1699761.9214426,199999.96875,-2.103313617024538e-12,4.423928012174908e-24,3.375763005381413e-24,-0.5550239682197571,-0.5550239682197571,-6.933283202670282e-06
1699761.9349106,199999.96875,-2.0901589920657715e-12,4.368764546794613e-24,3.392662772553963e-24,-0.5550239682197571,-0.5550239682197571,-6.933263648534194e-06
1699761.9361954,199999.96875,-2.0534090920676373e-12,4.216488754107538e-24,3.43125463689828e-24,-0.5550239682197571,-0.5550239682197571,-6.9332440943981055e-06
1699761.9364134,199999.96875,-1.9939009211072944e-12,3.975640447843153e-24,3.484690102465688e-24,-0.5550239682197571,-0.5550239682197571,-6.933223630767316e-06
1699761.937123,199999.96875,-1.9127178139954903e-12,3.658489570521266e-24,3.546007471767612e-24,-0.5550239682197571,-0.5550239682197571,-6.9332040766312275e-06
1699761.9504912,199999.96875,-1.8111730648237567e-12,3.2803481095274424e-24,3.608418991145078e-24,-0.5550239682197571,-0.5550239682197571,-6.93318497724249e-06
1699761.9512553,199999.96875,-1.6907924713094324e-12,2.8587792640555233e-24,3.6655695971456245e-24,-0.5550239682197571,-0.5550239682197571,-6.9331645136117e-06
1699761.9516392,199999.96875,-1.553307612742194e-12,2.4127648024221628e-24,3.711770419351251e-24,-0.5550239682197571,-0.5550239682197571,-6.933144959475612e-06
1699761.9558405,199999.96875,-1.4006293954510474e-12,1.961762570500316e-24,3.742194023452457e-24,-0.5550239682197571,-0.5550239682197571,-6.933124495844822e-06
1699761.9801409,199999.96875,-1.234812274132635e-12,1.5247613377471715e-24,3.75302035051571e-24,-0.5550239682197571,-0.5550239682197571,-6.933104941708734e-06
1699761.9802989,199999.96875,-1.0580161963549828e-12,1.1193981604588208e-24,3.7415443964970076e-24,-0.5550239682197571,-0.5550239682197571,-6.933084478077944e-06
1699761.9804744,199999.96875,-8.72467354438855e-13,7.611993496680173e-25,3.7062294603529785e-24,-0.5550239682197571,-0.5550239682197571,-6.933064923941856e-06
1699761.9810536,199999.96875,-6.804209973232389e-13,4.629727524243163e-25,3.646713454928127e-24,-0.5550239682197571,-0.5550239682197571,-6.933044460311066e-06
1699761.9944108,199999.96875,-4.841259229441952e-13,2.3437794586024577e-25,3.5637674917573056e-24,-0.5550239682197571,-0.5550239682197571,-6.93302581566968e-06
1699761.9957144,199999.96875,-2.8580059868200947e-13,8.168197997055164e-26,3.4592162061142914e-24,-0.5550239682197571,-0.5550239682197571,-6.93300535203889e-06
1699761.9962302,199999.96875,-8.761613261082032e-14,7.676586506120438e-27,3.335813116988758e-24,-0.5550239682197571,-0.5550239682197571,-6.932986252650153e-06
1699761.9964599,199999.96875,1.0832375713651712e-13,1.1734037105342314e-26,3.197086601994533e-24,-0.5550239682197571,-0.5550239682197571,-6.932966698514065e-06
1699762.0102162,199999.96875,3.0000272556972296e-13,9.0001633714731e-26,3.0471578677157168e-24,-0.5550239682197571,-0.5550239682197571,-6.932947144377977e-06
1699762.0103714,199999.96875,4.855106659588937e-13,2.357206364247385e-25,2.8905356486561003e-24,-0.5550239682197571,-0.5550239682197571,-6.9329280449892394e-06
1699762.0105281,199999.96875,6.63060318456532e-13,4.396489950777124e-25,2.7319057785926964e-24,-0.5550239682197571,-0.5550239682197571,-6.932909400347853e-06
1699762.0107714,199999.96875,8.309957539795465e-13,6.905539959846943e-25,2.575923720157667e-24,-0.5550239682197571,-0.5550239682197571,-6.932890300959116e-06
1699762.025613,199999.96875,9.877990352763488e-13,9.757467868333008e-25,2.4270167579663382e-24,-0.5550239682197571,-0.5550239682197571,-6.932870746823028e-06
1699762.0267277,199999.96875,1.1321131749078561e-12,1.2816802592981717e-24,2.2892065049135273e-24,-0.5550239682197571,-0.5550239682197571,-6.9328516474342905e-06
1699762.0269138,199999.96875,1.2627725471184292e-12,1.5945944605209564e-24,2.1659576380949646e-24,-0.5550239682197571,-0.5550239682197571,-6.932833457540255e-06
1699762.0272262,199999.96875,1.378823053996281e-12,1.9011528094303754e-24,2.0600508922015544e-24,-0.5550239682197571,-0.5550239682197571,-6.93281526764622e-06
1699762.0405475,199999.96875,1.479517354983917e-12,2.188971668928656e-24,1.9734917488695948e-24,-0.5550239682197571,-0.5550239682197571,-6.932797077752184e-06
1699762.041183,199999.96875,1.5643030490744558e-12,2.4470439641976367e-24,1.907453638695602e-24,-0.5550239682197571,-0.5550239682197571,-6.932778887858149e-06
1699762.0414223,199999.96875,1.6328174706412013e-12,2.666092690991918e-24,1.8622540781939273e-24,-0.5550239682197571,-0.5550239682197571,-6.932760697964113e-06
1699762.0416277,199999.96875,1.6848883399589454e-12,2.838848496069888e-24,1.837374982965067e-24,-0.5550239682197571,-0.5550239682197571,-6.9327434175647795e-06
1699762.0542061,199999.96875,1.7205270411504991e-12,2.9602131686163303e-24,1.831512563147917e-24,-0.5550239682197571,-0.5550239682197571,-6.932726591912797e-06
1699762.0553959,199999.96875,1.7399048781591153e-12,3.0272689093580583e-24,1.8426613371061793e-24,-0.5550239682197571,-0.5550239682197571,-6.932709311513463e-06
1699762.0558685,199999.96875,1.7433308486039523e-12,3.039202402701789e-24,1.868222402587603e-24,-0.5550239682197571,-0.5550239682197571,-6.9326915763667785e-06
1699762.0564911,199999.96875,1.7312408017583492e-12,2.9971945734226388e-24,1.9051322182667628e-24,-0.5550239682197571,-0.5550239682197571,-6.9326756602094974e-06
1699762.0700023,199999.96875,1.704196137507219e-12,2.904284508157971e-24,1.9500047959232233e-24,-0.5550239682197571,-0.5550239682197571,-6.932658834557515e-06
1699762.0705935,199999.96875,1.66286916961772e-12,2.7651337832119633e-24,1.9992796118612697e-24,-0.5550239682197571,-0.5550239682197571,-6.932642918400234e-06
1699762.0707695,199999.96875,1.6080303321536205e-12,2.5857614072914518e-24,2.0493738570646144e-24,-0.5550239682197571,-0.5550239682197571,-6.932626092748251e-06
1699762.0709953,199999.96875,1.5405446016081292e-12,2.37327758095042e-24,2.0968291653247685e-24,-0.5550239682197571,-0.5550239682197571,-6.9326110860856716e-06
1699762.0848202,199999.96875,1.4613637990684714e-12,2.1355843238764663e-24,2.1384472973167397e-24,-0.5550239682197571,-0.5550239682197571,-6.932595624675741e-06
1699762.0852261,199999.96875,1.3715148808324251e-12,1.8810530279957966e-24,2.1714137945459258e-24,-0.5550239682197571,-0.5550239682197571,-6.93257970851846e-06
1699762.0854454,199999.96875,1.272090722689856e-12,1.6182148295679234e-24,2.1933973758221723e-24,-0.5550239682197571,-0.5550239682197571,-6.932565156603232e-06
1699762.0855851,199999.96875,1.1642466504757643e-12,1.3554703083725451e-24,2.2026286261350686e-24,-0.5550239682197571,-0.5550239682197571,-6.932550604688004e-06
1699762.1006123,199999.96875,1.0491899233092128e-12,1.1007993841116513e-24,2.197952653119371e-24,-0.5550239682197571,-0.5550239682197571,-6.932536052772775e-06
1699762.1007746,199999.96875,9.281603263744387e-13,8.614815666110083e-25,2.1788555138953282e-24,-0.5550239682197571,-0.5550239682197571,-6.9325228650996e-06
1699762.1010256,199999.96875,8.024118479041387e-13,6.438647209673163e-25,2.145456720890081e-24,-0.5550239682197571,-0.5550239682197571,-6.932508313184371e-06
1699762.101207,199999.96875,6.731948982638403e-13,4.531913702376415e-25,2.0984820261364328e-24,-0.5550239682197571,-0.5550239682197571,-6.9324951255111955e-06
1699762.1143909,199999.96875,5.417528405049499e-13,2.934961681736399e-25,2.0392091870856153e-24,-0.5550239682197571,-0.5550239682197571,-6.932481483090669e-06
1699762.1155717,199999.96875,4.09322017469807e-13,1.6754452830832203e-25,1.9693934192517453e-24,-0.5550239682197571,-0.5550239682197571,-6.932469204912195e-06
1699762.1164021,199999.96875,2.771253278938124e-13,7.679845025511946e-26,1.8911788465752135e-24,-0.5550239682197571,-0.5550239682197571,-6.932456017239019e-06
1699762.1169775,199999.96875,1.4636675118445686e-13,2.1423226566323236e-26,1.8069963439354585e-24,-0.5550239682197571,-0.5550239682197571,-6.932443739060545e-06
1699762.1304783,199999.96875,1.8228498002486812e-14,3.322781414479535e-28,1.719448166243578e-24,-0.5550239682197571,-0.5550239682197571,-6.932431915629422e-06
1699762.1319196,199999.96875,-1.0613145290990639e-13,1.1263884479922346e-26,1.6311950427252694e-24,-0.5550239682197571,-0.5550239682197571,-6.932419637450948e-06
1699762.1321927,199999.96875,-2.2558406423227317e-13,5.088816899320351e-26,1.5448373547469805e-24,-0.5550239682197571,-0.5550239682197571,-6.932408723514527e-06
1699762.1323486,199999.96875,-3.3903790690702207e-13,1.1494669743679038e-25,1.462806667441442e-24,-0.5550239682197571,-0.5550239682197571,-6.932397809578106e-06
1699762.1463136,199999.96875,-4.4545617194913234e-13,1.984312184127962e-25,1.3872623889290834e-24,-0.5550239682197571,-0.5550239682197571,-6.9323868956416845e-06
1699762.1481876,199999.96875,-5.438777683428042e-13,2.9580304397953904e-25,1.320008644100145e-24,-0.5550239682197571,-0.5550239682197571,-6.932377345947316e-06
1699762.1484734,199999.96875,-6.334380177504262e-13,4.0124372098938334e-25,1.2624265311844424e-24,-0.5550239682197571,-0.5550239682197571,-6.932366432010895e-06
1699762.1486876,199999.96875,-7.133818817790794e-13,5.089137435692855e-25,1.2154293538949954e-24,-0.5550239682197571,-0.5550239682197571,-6.932356882316526e-06
1699762.1597896,199999.96875,-7.830644769765693e-13,6.13190012579217e-25,1.179437772309513e-24,-0.5550239682197571,-0.5550239682197571,-6.9323468778748065e-06
1699762.1605565,199999.96875,-8.419460332913242e-13,7.088730718371563e-25,1.1543800986932334e-24,-0.5550239682197571,-0.5550239682197571,-6.93233823767514e-06
1699762.1645608,199999.96875,-8.895898882983755e-13,7.913701731529067e-25,1.139712117629167e-24,-0.5550239682197571,-0.5550239682197571,-6.932328687980771e-06
1699762.1651468,199999.96875,-9.256647098138115e-13,8.568551932247265e-25,1.1344613608364028e-24,-0.5550239682197571,-0.5550239682197571,-6.932320502528455e-06
1699762.1751443,199999.96875,-9.49946501668797e-13,9.023983026506248e-25,1.137285482877094e-24,-0.5550239682197571,-0.5550239682197571,-6.93231277182349e-06
1699762.1758037,199999.96875,-9.62330584143578e-13,9.26080104240586e-25,1.146547498765294e-24,-0.5550239682197571,-0.5550239682197571,-6.932304586371174e-06
1699762.1804638,199999.96875,-9.62843520191381e-13,9.270675608786963e-25,1.160401276767559e-24,-0.5550239682197571,-0.5550239682197571,-6.93229731041356e-06
1699762.1806502,199999.96875,-9.516514095850304e-13,9.0564042236347e-25,1.176880581077626e-24,-0.5550239682197571,-0.5550239682197571,-6.932290034455946e-06
1699762.1895313,199999.96875,-9.29055985789129e-13,8.63145077044893e-25,1.1939896922128988e-24,-0.5550239682197571,-0.5550239682197571,-6.9322827584983315e-06
1699762.1897817,199999.96875,-8.954900081008244e-13,8.019023537061256e-25,1.2097931399424176e-24,-0.5550239682197571,-0.5550239682197571,-6.932276392035419e-06
1699762.1947117,199999.96875,-8.515034922822184e-13,7.250581310295758e-25,1.2224942935545417e-24,-0.5550239682197571,-0.5550239682197571,-6.932269570825156e-06
1699762.1950772,199999.96875,-7.977475559479974e-13,6.364011600316006e-25,1.2305078384526161e-24,-0.5550239682197571,-0.5550239682197571,-6.932263204362243e-06
1699762.2202124,199999.96875,-7.349563665992598e-13,5.401609184555424e-25,1.2325181518619587e-24,-0.5550239682197571,-0.5550239682197571,-6.932258202141384e-06
1699762.2207201,199999.96875,-6.639354864501623e-13,4.408103462416175e-25,1.2275232818253256e-24,-0.5550239682197571,-0.5550239682197571,-6.932252290425822e-06
1699762.2211249,199999.96875,-5.855605171752043e-13,3.428811041636745e-25,1.2148660086010545e-24,-0.5550239682197571,-0.5550239682197571,-6.932247742952313e-06
1699762.2213474,199999.96875,-5.007755278160775e-13,2.507761207565914e-25,1.1942478469441323e-24,-0.5550239682197571,-0.5550239682197571,-6.9322427407314535e-06
1699762.2347015,199999.96875,-4.1058879928813907e-13,1.6858316229765865e-25,1.1657276655996113e-24,-0.5550239682197571,-0.5550239682197571,-6.932237738510594e-06
1699762.2355082,199999.96875,-3.160582418611918e-13,9.989280315269959e-26,1.129702458818044e-24,-0.5550239682197571,-0.5550239682197571,-6.932234100531787e-06
1699762.236582,199999.96875,-2.182763518543407e-13,4.7644570166161013e-26,1.0868757919192741e-24,-0.5550239682197571,-0.5550239682197571,-6.932229553058278e-06
1699762.2367337,199999.96875,-1.183558188521533e-13,1.4008098916848965e-26,1.0382151041959423e-24,-0.5550239682197571,-0.5550239682197571,-6.932225915079471e-06
1699762.2508891,199999.96875,-1.7415531026305185e-14,3.0330071987532466e-28,9.848994468785145e-25,-0.5550239682197571,-0.5550239682197571,-6.932223186595365e-06
1699762.2510413,199999.96875,8.34277715270823e-14,6.960192181730896e-27,9.282617976815878e-25,-0.5550239682197571,-0.5550239682197571,-6.932219548616558e-06
1699762.2511985,199999.96875,1.8306306449021592e-13,3.3512086989783744e-26,8.697276282608966e-25,-0.5550239682197571,-0.5550239682197571,-6.932217274879804e-06
1699762.2514644,199999.96875,2.8039029431603524e-13,7.861871597903783e-26,8.107547042654829e-25,-0.5550239682197571,-0.5550239682197571,-6.9322150011430494e-06
1699762.2659091,199999.96875,3.7432557054017934e-13,1.4011961870094219e-25,7.527730333012859e-25,-0.5550239682197571,-0.5550239682197571,-6.932212272658944e-06
1699762.2660601,199999.96875,4.638098173755101e-13,2.1511955853679507e-25,6.971315182124271e-25,-0.5550239682197571,-0.5550239682197571,-6.9322109084168915e-06
1699762.2663214,199999.96875,5.478237763596738e-13,3.0011089012343454e-25,6.450480123251479e-25,-0.5550239682197571,-0.5550239682197571,-6.932208634680137e-06
1699762.266516,199999.96875,6.254045675432862e-13,3.911308446591927e-25,5.9756795355409245e-25,-0.5550239682197571,-0.5550239682197571,-6.932207725185435e-06
1699762.2800978,199999.96875,6.956616814719763e-13,4.839451619314892e-25,5.555316266747409e-25,-0.5550239682197571,-0.5550239682197571,-6.932206360943383e-06
1699762.2804017,199999.96875,7.577913990752805e-13,5.7424774608156205e-25,5.195510398381251e-25,-0.5550239682197571,-0.5550239682197571,-6.93220499670133e-06
1699762.2806584,199999.96875,8.110961446754217e-13,6.578770107077243e-25,4.8999685906208565e-25,-0.5550239682197571,-0.5550239682197571,-6.93220499670133e-06
1699762.2808018,199999.96875,8.54999502187398e-13,7.310241381443426e-25,4.669963374713961e-25,-0.5550239682197571,-0.5550239682197571,-6.932204087206628e-06
1699762.2947772,199999.96875,8.890560271486436e-13,7.904206311420535e-25,4.50440365742103e-25,-0.5550239682197571,-0.5550239682197571,-6.932204087206628e-06
1699762.2953173,199999.96875,9.129592698151057e-13,8.334946552384167e-25,4.4000087634524755e-25,-0.5550239682197571,-0.5550239682197571,-6.932204087206628e-06
1699762.2954945,199999.96875,9.265496356269942e-13,8.584942489705494e-25,4.351548545006683e-25,-0.5550239682197571,-0.5550239682197571,-6.932204087206628e-06
1699762.2957511,199999.96875,9.29820239900514e-13,8.645658155351961e-25,4.352164349550821e-25,-0.5550239682197571,-0.5550239682197571,-6.93220499670133e-06
1699762.3098418,199999.96875,9.229119204978709e-13,8.517665473479852e-25,4.393745207865021e-25,-0.5550239682197571,-0.5550239682197571,-6.932206360943383e-06
1699762.310263,199999.96875,9.060971374250104e-13,8.210120160970388e-25,4.46730993854334e-25,-0.5550239682197571,-0.5550239682197571,-6.932207270438084e-06
1699762.3107757,199999.96875,8.797593729903408e-13,7.73976529749882e-25,4.563405522750904e-25,-0.5550239682197571,-0.5550239682197571,-6.932207725185435e-06
1699762.3109288,199999.96875,8.443894997274548e-13,7.129936374717717e-25,4.67249561821972e-25,-0.5550239682197571,-0.5550239682197571,-6.93220999892219e-06
1699762.3247715,199999.96875,8.005859972355645e-13,6.409379484013332e-25,4.785323435265087e-25,-0.5550239682197571,-0.5550239682197571,-6.9322109084168915e-06
1699762.3257428,199999.96875,7.490512658921145e-13,5.61077861180317e-25,4.893254398241294e-25,-0.5550239682197571,-0.5550239682197571,-6.932212272658944e-06
1699762.3268183,199999.96875,6.905907052809357e-13,4.769155731012582e-25,4.988570982304952e-25,-0.5550239682197571,-0.5550239682197571,-6.9322150011430494e-06
1699762.3271265,199999.96875,6.26104365835517e-13,3.9200667747921434e-25,5.0647187394098045e-25,-0.5550239682197571,-0.5550239682197571,-6.932217274879804e-06
1699762.3399148,199999.96875,5.565603316756706e-13,3.0975939855138616e-25,5.116494145809788e-25,-0.5550239682197571,-0.5550239682197571,-6.932219548616558e-06
1699762.3401319,199999.96875,4.829688623857187e-13,2.3325894666618976e-25,5.1401560286618925e-25,-0.5550239682197571,-0.5550239682197571,-6.932222277100664e-06
1699762.3404488,199999.96875,4.0635919108800156e-13,1.6512779129541924e-25,5.133495577431498e-25,-0.5550239682197571,-0.5550239682197571,-6.93222546033212e-06
1699762.3406657,199999.96875,3.2775800302975444e-13,1.0742530313596064e-25,5.095819580598143e-25,-0.5550239682197571,-0.5550239682197571,-6.932228188816225e-06
1699762.3549224,199999.96875,2.48169974154111e-13,6.15883306969158e-26,5.027889288935364e-25,-0.5550239682197571,-0.5550239682197571,-6.93223046255298e-06
1699762.3562766,199999.96875,1.6857554848564993e-13,2.841771878999169e-26,4.931790253461341e-25,-0.5550239682197571,-0.5550239682197571,-6.932234100531787e-06
1699762.3570063,199999.96875,8.99317309532334e-14,8.087716312092737e-27,4.810768636801056e-25,-0.5550239682197571,-0.5550239682197571,-6.932237738510594e-06
1699762.3571843,199999.96875,1.3161886572223436e-14,1.7323525590056873e-28,4.669029560617405e-25,-0.5550239682197571,-0.5550239682197571,-6.932240466994699e-06
1699762.36983,199999.96875,-6.085765707564486e-14,3.7036545721360185e-27,4.5114955169589665e-25,-0.5550239682197571,-0.5550239682197571,-6.932245014468208e-06
1699762.3707369,199999.96875,-1.3131000193428166e-13,1.7242314613202405e-26,4.343573161254899e-25,-0.5550239682197571,-0.5550239682197571,-6.932248652447015e-06
1699762.3718072,199999.96875,-1.9745428978933804e-13,3.898819299348081e-26,4.170891509102019e-25,-0.5550239682197571,-0.5550239682197571,-6.932252290425822e-06
1699762.3719698,199999.96875,-2.586398434832604e-13,6.689456659803e-26,3.999054184636759e-25,-0.5550239682197571,-0.5550239682197571,-6.932257292646682e-06
1699762.3857496,199999.96875,-3.1431853105522156e-13,9.879613858302265e-26,3.8333998040352014e-25,-0.5550239682197571,-0.5550239682197571,-6.932260930625489e-06
1699762.3863358,199999.96875,-3.640557365118535e-13,1.3253658231594041e-25,3.678779122307357e-25,-0.5550239682197571,-0.5550239682197571,-6.932265478098998e-06
1699762.3872175,199999.96875,-4.075321623133593e-13,1.6608247322810804e-25,3.5393664462370092e-25,-0.5550239682197571,-0.5550239682197571,-6.932269570825156e-06
1699762.3875697,199999.96875,-4.4453525062382315e-13,1.9761159193227158e-25,3.4185082716955255e-25,-0.5550239682197571,-0.5550239682197571,-6.932274118298665e-06
1699762.400417,199999.96875,-4.749509704797539e-13,2.2557844898153826e-25,3.31861235007706e-25,-0.5550239682197571,-0.5550239682197571,-6.9322791205195244e-06
1699762.4020386,199999.96875,-4.987610801795994e-13,2.487626272517246e-25,3.241085072464202e-25,-0.5550239682197571,-0.5550239682197571,-6.932284122740384e-06
1699762.4035216,199999.96875,-5.160471659368393e-13,2.663046504606407e-25,3.1863132272195427e-25,-0.5550239682197571,-0.5550239682197571,-6.932288670213893e-06
1699762.4038319,199999.96875,-5.269906147749304e-13,2.777190733287361e-25,3.153695554421884e-25,-0.5550239682197571,-0.5550239682197571,-6.932294581929455e-06
1699762.4161612,199999.96875,-5.3187012086231e-13,2.828858410869976e-25,3.1416964870154067e-25,-0.5550239682197571,-0.5550239682197571,-6.9322986746556126e-06
1699762.4168687,199999.96875,-5.310516566423007e-13,2.8201587541995853e-25,3.147944265384757e-25,-0.5550239682197571,-0.5550239682197571,-6.932304586371174e-06
1699762.4176078,199999.96875,-5.249741613644332e-13,2.755979003103067e-25,3.169346801300502e-25,-0.5550239682197571,-0.5550239682197571,-6.932309588592034e-06
1699762.4184668,199999.96875,-5.14131001227297e-13,2.6433067395674484e-25,3.202234412439166e-25,-0.5550239682197571,-0.5550239682197571,-6.932314136065543e-06
1699762.4303714,199999.96875,-4.990451411487906e-13,2.4904607483573184e-25,3.242514882854915e-25,-0.5550239682197571,-0.5550239682197571,-6.932320047781104e-06
1699762.43081,199999.96875,-4.80243340754416e-13,2.306336668774208e-25,3.2858398633267517e-25,-0.5550239682197571,-0.5550239682197571,-6.932325050001964e-06
1699762.4310619,199999.96875,-4.582383192515416e-13,2.099823484105761e-25,3.3277757090483006e-25,-0.5550239682197571,-0.5550239682197571,-6.9323309617175255e-06
1699762.4312519,199999.96875,-4.335246083560923e-13,1.8794358384881903e-25,3.363972591684367e-25,-0.5550239682197571,-0.5550239682197571,-6.932337328180438e-06
1699762.4603884,199999.96875,-4.0658557250161653e-13,1.6531181775346533e-25,3.390332378832327e-25,-0.5550239682197571,-0.5550239682197571,-6.932342330401298e-06
1699762.4608829,199999.96875,-3.778973661772156e-13,1.4280640498841509e-25,3.4031703505077e-25,-0.5550239682197571,-0.5550239682197571,-6.932348242116859e-06
1699762.4611806,199999.96875,-3.4791844427152496e-13,1.2104722998780063e-25,3.399355468473858e-25,-0.5550239682197571,-0.5550239682197571,-6.932353244337719e-06
1699762.4613398,199999.96875,-3.1707153721159675e-13,1.0053435660982222e-25,3.376438566139122e-25,-0.5550239682197571,-0.5550239682197571,-6.932360065547982e-06
1699762.4744358,199999.96875,-2.857351941859543e-13,8.16446076851668e-26,3.33274528623216e-25,-0.5550239682197571,-0.5550239682197571,-6.932365067768842e-06
1699762.4748707,199999.96875,-2.5424194000089884e-13,6.463896675097025e-26,3.267446831764425e-25,-0.5550239682197571,-0.5550239682197571,-6.9323709794844035e-06
1699762.4759998,199999.96875,-2.2287354524853226e-13,4.9672617538431527e-26,3.1805920135044273e-25,-0.5550239682197571,-0.5550239682197571,-6.932377345947316e-06
1699762.4762242,199999.96875,-1.918588307973576e-13,3.68098121519833e-26,3.0731050313064397e-25,-0.5550239682197571,-0.5550239682197571,-6.932382348168176e-06
1699762.4894255,199999.96875,-1.6137544317333663e-13,2.6042033359039504e-26,2.9467378959371516e-25,-0.5550239682197571,-0.5550239682197571,-6.932389169378439e-06
1699762.4910847,199999.96875,-1.3155173836116446e-13,1.730585797541554e-26,2.8039937616564424e-25,-0.5550239682197571,-0.5550239682197571,-6.932394171599299e-06
1699762.4913247,199999.96875,-1.0246787278270567e-13,1.0499664692781803e-26,2.648010076195796e-25,-0.5550239682197571,-0.5550239682197571,-6.93240008331486e-06
1699762.4915013,199999.96875,-7.415516632821792e-14,5.4989883625523225e-27,2.482410669338571e-25,-0.5550239682197571,-0.5550239682197571,-6.932406449777773e-06
1699762.5041605,199999.96875,-4.6599653118466894e-14,2.1715276123834072e-27,2.3111462551057275e-25,-0.5550239682197571,-0.5550239682197571,-6.932411451998632e-06
1699762.5057493,199999.96875,-1.9751542862747086e-14,3.901234473276241e-28,2.1383112681143956e-25,-0.5550239682197571,-0.5550239682197571,-6.932418273208896e-06
1699762.5060829,199999.96875,6.46389688532833e-15,4.178196078935629e-29,1.9679661233551676e-25,-0.5550239682197571,-0.5550239682197571,-6.9324232754297554e-06
1699762.5063151,199999.96875,3.2134044774048687e-14,1.0325968730364412e-27,1.8039704460663537e-25,-0.5550239682197571,-0.5550239682197571,-6.932429641892668e-06
1699762.5196825,199999.96875,5.734587880511927e-14,3.2885496467585045e-27,1.6498325718644078e-25,-0.5550239682197571,-0.5550239682197571,-6.932435553608229e-06
1699762.5206245,199999.96875,8.216913477757104e-14,6.751766502405354e-27,1.5085844383347404e-25,-0.5550239682197571,-0.5550239682197571,-6.932441465323791e-06
1699762.5208265,199999.96875,1.0663710447436289e-13,1.1371471548847684e-26,1.3826710212454708e-25,-0.5550239682197571,-0.5550239682197571,-6.9324473770393524e-06
1699762.5210938,199999.96875,1.3073511728484838e-13,1.709166991369639e-26,1.2738739136472341e-25,-0.5550239682197571,-0.5550239682197571,-6.932452379260212e-06
1699762.5349348,199999.96875,1.5440087901795463e-13,2.3839630778531636e-26,1.1832585708001445e-25,-0.5550239682197571,-0.5550239682197571,-6.932458745723125e-06
1699762.5359858,199999.96875,1.7752628794082126e-13,3.1515578646282515e-26,1.1111605051079536e-25,-0.5550239682197571,-0.5550239682197571,-6.932464657438686e-06
1699762.5366281,199999.96875,1.9995177659871272e-13,3.998071251622902e-26,1.057204514602616e-25,-0.5550239682197571,-0.5550239682197571,-6.932469659659546e-06
1699762.5373524,199999.96875,2.2146538346690808e-13,4.904691833661109e-26,1.0203621835087076e-25,-0.5550239682197571,-0.5550239682197571,-6.932475571375107e-06
1699762.5504552,199999.96875,2.418108573619404e-13,5.847249035866418e-26,9.990310764827404e-26,-0.5550239682197571,-0.5550239682197571,-6.932481483090669e-06
1699762.5510477,199999.96875,2.60689852950996e-13,6.79592021823598e-26,9.911379684581802e-26,-0.5550239682197571,-0.5550239682197571,-6.9324873948062304e-06
1699762.5515746,199999.96875,2.777574990755344e-13,7.714923451295828e-26,9.942500863590353e-26,-0.5550239682197571,-0.5550239682197571,-6.93249239702709e-06
1699762.5517463,199999.96875,2.9262703371557564e-13,8.563058625378048e-26,1.0056926370487825e-25,-0.5550239682197571,-0.5550239682197571,-6.932498308742652e-06
1699762.5650491,199999.96875,3.0488618899503217e-13,9.295559116706512e-26,1.0226662736495352e-25,-0.5550239682197571,-0.5550239682197571,-6.9325033109635115e-06
1699762.5654694,199999.96875,3.1411461973163135e-13,9.866799182675499e-26,1.0423650548992772e-25,-0.5550239682197571,-0.5550239682197571,-6.932509222679073e-06
1699762.5657573,199999.96875,3.1990022067961144e-13,1.0233615189520194e-25,1.062091754429493e-25,-0.5550239682197571,-0.5550239682197571,-6.932514224899933e-06
1699762.5660596,199999.96875,3.2185538956230886e-13,1.0359090912066583e-25,1.0793615220184947e-25,-0.5550239682197571,-0.5550239682197571,-6.9325192271207925e-06
1699762.5793677,199999.96875,3.1964071688962703e-13,1.0217018911929025e-25,1.0919978411249709e-25,-0.5550239682197571,-0.5550239682197571,-6.932524229341652e-06
1699762.5807736,199999.96875,3.1298913656142846e-13,9.796220783561507e-26,1.0982113533487507e-25,-0.5550239682197571,-0.5550239682197571,-6.932530141057214e-06
1699762.5809363,199999.96875,3.017176352509976e-13,9.103353157149413e-26,1.0966586532201462e-25,-0.5550239682197571,-0.5550239682197571,-6.932534688530723e-06
1699762.5812707,199999.96875,2.857312368480247e-13,8.164233971006429e-26,1.0864800056119828e-25,-0.5550239682197571,-0.5550239682197571,-6.932539690751582e-06
1699762.5943133,199999.96875,2.65031350815334e-13,7.024162330019707e-26,1.0673117949507601e-25,-0.5550239682197571,-0.5550239682197571,-6.932544692972442e-06
1699762.595188,199999.96875,2.397241747557205e-13,5.746767878063891e-26,1.0392831972097083e-25,-0.5550239682197571,-0.5550239682197571,-6.932549695193302e-06
1699762.5963878,199999.96875,2.10021317828199e-13,4.410895413723075e-26,1.0029891244449286e-25,-0.5550239682197571,-0.5550239682197571,-6.932554242666811e-06
1699762.5965848,199999.96875,1.7623623643336223e-13,3.1059213368148427e-26,9.594484398193206e-26,-0.5550239682197571,-0.5550239682197571,-6.9325592448876705e-06
1699762.6096164,199999.96875,1.3877874543988256e-13,1.9259541340673374e-26,9.100394928754834e-26,-0.5550239682197571,-0.5550239682197571,-6.932563792361179e-06
1699762.6108346,199999.96875,9.814787600270075e-14,9.633006232643257e-27,8.564222195213249e-26,-0.5550239682197571,-0.5550239682197571,-6.932567885087337e-06
1699762.6112865,199999.96875,5.492752520180888e-14,3.0170330061637642e-27,8.004484707318516e-26,-0.5550239682197571,-0.5550239682197571,-6.932572432560846e-06
1699762.6117178,199999.96875,9.780402297776287e-15,9.565626995759887e-29,7.440643293823887e-26,-0.5550239682197571,-0.5550239682197571,-6.932577434781706e-06
1699762.6252297,199999.96875,-3.657316487962366e-14,1.337596383493337e-27,6.892123654520429e-26,-0.5550239682197571,-0.5550239682197571,-6.932581982255215e-06
1699762.6260314,199999.96875,-8.338709361682337e-14,6.953406745350831e-27,6.377368494555595e-26,-0.5550239682197571,-0.5550239682197571,-6.932585620234022e-06
1699762.626654,199999.96875,-1.299102291669671e-13,1.6876668339168733e-26,5.913030174600535e-26,-0.5550239682197571,-0.5550239682197571,-6.93258971296018e-06
1699762.629632,199999.96875,-1.7539049097618775e-13,3.076182205134384e-26,5.513286620533849e-26,-0.5550239682197571,-0.5550239682197571,-6.932593350938987e-06
1699762.6399012,199999.96875,-2.190779431780407e-13,4.799514488282189e-26,5.189312540116059e-26,-0.5550239682197571,-0.5550239682197571,-6.932597898412496e-06
1699762.6413852,199999.96875,-2.602390145826222e-13,6.772433733675771e-26,4.9488735910317256e-26,-0.5550239682197571,-0.5550239682197571,-6.932601536391303e-06
1699762.6420504,199999.96875,-2.9817871804484197e-13,8.891054047519719e-26,4.7960712336904156e-26,-0.5550239682197571,-0.5550239682197571,-6.93260517437011e-06
1699762.6453897,199999.96875,-3.3225801125170984e-13,1.1039540142197268e-25,4.731249053994208e-26,-0.5550239682197571,-0.5550239682197571,-6.932608812348917e-06
1699762.6555796,199999.96875,-3.619051130825113e-13,1.3097532797689488e-25,4.7511055457952357e-26,-0.5550239682197571,-0.5550239682197571,-6.932612450327724e-06
1699762.6562217,199999.96875,-3.8662844627224136e-13,1.4948154875316898e-25,4.848999178198879e-26,-0.5550239682197571,-0.5550239682197571,-6.932616088306531e-06
1699762.6564529,199999.96875,-4.06032981759355e-13,1.648627956610232e-25,5.015436195100077e-26,-0.5550239682197571,-0.5550239682197571,-6.932619726285338e-06
1699762.6611206,199999.96875,-4.1983937485411127e-13,1.7626511444460415e-25,5.238689069807072e-26,-0.5550239682197571,-0.5550239682197571,-6.9326233642641455e-06
1699762.6694762,199999.96875,-4.278997674852375e-13,1.8309822760562855e-25,5.505539143627963e-26,-0.5550239682197571,-0.5550239682197571,-6.932626092748251e-06
1699762.6701967,199999.96875,-4.302028297400312e-13,1.8507445975867527e-25,5.802068876412631e-26,-0.5550239682197571,-0.5550239682197571,-6.932629730727058e-06
1699762.6705978,199999.96875,-4.268709138336574e-13,1.8221875862987192e-25,6.114421433322801e-26,-0.5550239682197571,-0.5550239682197571,-6.932632913958514e-06
1699762.6749536,199999.96875,-4.181565575571422e-13,1.7485490231700515e-25,6.429520212259273e-26,-0.5550239682197571,-0.5550239682197571,-6.9326356424426194e-06
1699762.7004498,199999.96875,-4.0443638564015283e-13,1.6356879260552458e-25,6.735658024350499e-26,-0.5550239682197571,-0.5550239682197571,-6.9326392804214265e-06
1699762.7016937,199999.96875,-3.86200050888838e-13,1.4915048601796069e-25,7.022961166031992e-26,-0.5550239682197571,-0.5550239682197571,-6.932641554158181e-06
1699762.7020656,199999.96875,-3.6403410667851244e-13,1.3252081742378764e-25,7.283659973684905e-26,-0.5550239682197571,-0.5550239682197571,-6.932644282642286e-06
1699762.7023487,199999.96875,-3.385971245137981e-13,1.1464801497655107e-25,7.512176337892713e-26,-0.5550239682197571,-0.5550239682197571,-6.9326474658737425e-06
1699762.7143021,199999.96875,-3.1059183003279145e-13,9.646728560534214e-26,7.705026328423216e-26,-0.5550239682197571,-0.5550239682197571,-6.932648830115795e-06
1699762.7156602,199999.96875,-2.8073376956427865e-13,7.881144455894464e-26,7.860584768552142e-26,-0.5550239682197571,-0.5550239682197571,-6.9326515585999005e-06
1699762.715875,199999.96875,-2.497159922419667e-13,6.235807405113685e-26,7.978723468382392e-26,-0.5550239682197571,-0.5550239682197571,-6.932654741831357e-06
1699762.7161872,199999.96875,-2.1818998159877506e-13,4.760686816156969e-26,8.060434667021316e-26,-0.5550239682197571,-0.5550239682197571,-6.932656106073409e-06
1699762.7302227,199999.96875,-1.867540817086441e-13,3.4877087526752264e-26,8.107445846591831e-26,-0.5550239682197571,-0.5550239682197571,-6.932658379810164e-06
1699762.7303929,199999.96875,-1.559359873214497e-13,2.4316030350319218e-26,8.121893710811437e-26,-0.5550239682197571,-0.5550239682197571,-6.932661108294269e-06
1699762.7306396,199999.96875,-1.2618122421492045e-13,1.592169982810421e-26,8.106057328139126e-26,-0.5550239682197571,-0.5550239682197571,-6.932662472536322e-06
1699762.7308155,199999.96875,-9.785081815996688e-14,9.574783059308498e-27,8.062176323988625e-26,-0.5550239682197571,-0.5550239682197571,-6.932664746273076e-06
1699762.7453071,199999.96875,-7.121677515287486e-14,5.071829041652889e-27,7.99235781979349e-26,-0.5550239682197571,-0.5550239682197571,-6.932666110515129e-06
1699762.7454801,199999.96875,-4.645780898111969e-14,2.158328058916555e-27,7.89858136338776e-26,-0.5550239682197571,-0.5550239682197571,-6.932668384251883e-06
1699762.7457344,199999.96875,-2.3661424924416308e-14,5.598630681567571e-28,7.782756860978685e-26,-0.5550239682197571,-0.5550239682197571,-6.932669293746585e-06
1699762.7459366,199999.96875,-2.826319822575368e-15,7.988083333837719e-30,7.64685461593657e-26,-0.5550239682197571,-0.5550239682197571,-6.932670657988638e-06
1699762.7594385,199999.96875,1.6136077595082197e-14,2.603729691952727e-28,7.493076043225049e-26,-0.5550239682197571,-0.5550239682197571,-6.932672931725392e-06
1699762.760712,199999.96875,3.3389913419888326e-14,1.1148861780667719e-27,7.324044721651564e-26,-0.5550239682197571,-0.5550239682197571,-6.932673386472743e-06
1699762.7611974,199999.96875,4.915831603542406e-14,2.4165397976764848e-27,7.142966631238738e-26,-0.5550239682197571,-0.5550239682197571,-6.932674295967445e-06
1699762.7614203,199999.96875,6.371312033731993e-14,4.0593622772846746e-27,6.953748482360163e-26,-0.5550239682197571,-0.5550239682197571,-6.932676569704199e-06
1699762.7749406,199999.96875,7.735619870358201e-14,5.9839814337517605e-27,6.761044554356643e-26,-0.5550239682197571,-0.5550239682197571,-6.93267702445155e-06
1699762.7768467,199999.96875,9.03895963069376e-14,8.170279388064662e-27,6.570203693944125e-26,-0.5550239682197571,-0.5550239682197571,-6.932677933946252e-06
1699762.7772768,199999.96875,1.0309292211140714e-13,1.0628150412719675e-26,6.387119554901226e-26,-0.5550239682197571,-0.5550239682197571,-6.9326792981883045e-06
1699762.7775481,199999.96875,1.1570460572724733e-13,1.338755658504762e-26,6.217971136787121e-26,-0.5550239682197571,-0.5550239682197571,-6.932680207683006e-06
1699762.7901691,199999.96875,1.2839921725675552e-13,1.6486359376639216e-26,6.06887642570035e-26,-0.5550239682197571,-0.5550239682197571,-6.932680662430357e-06
1699762.7903303,199999.96875,1.4127479568137868e-13,1.9958567628824432e-26,5.945508440885099e-26,-0.5550239682197571,-0.5550239682197571,-6.932680662430357e-06
1699762.7905189,199999.96875,1.543579446119242e-13,2.382637729902634e-26,5.85267738497047e-26,-0.5550239682197571,-0.5550239682197571,-6.932681571925059e-06
1699762.7906662,199999.96875,1.676083994902114e-13,2.809257867454837e-26,5.793926969054135e-26,-0.5550239682197571,-0.5550239682197571,-6.932682936167112e-06
1699762.80516,199999.96875,1.809062611084905e-13,3.2727071781475684e-26,5.771163401557851e-26,-0.5550239682197571,-0.5550239682197571,-6.932682936167112e-06
1699762.8053196,199999.96875,1.940388361055742e-13,3.7651067596155375e-26,5.784347239436357e-26,-0.5550239682197571,-0.5550239682197571,-6.932682936167112e-06
1699762.8055793,199999.96875,2.0670646455351466e-13,4.2727560084575604e-26,5.831283230701843e-26,-0.5550239682197571,-0.5550239682197571,-6.932683845661813e-06
1699762.8058132,199999.96875,2.1853717023945923e-13,4.775849585571932e-26,5.907534649060022e-26,-0.5550239682197571,-0.5550239682197571,-6.932683845661813e-06
1699762.8190746,199999.96875,2.290979363682444e-13,5.248586192679685e-26,6.00647259771671e-26,-0.5550239682197571,-0.5550239682197571,-6.932683845661813e-06
1699762.8203369,199999.96875,2.379124729254972e-13,5.660234767141804e-26,6.119484934258189e-26,-0.5550239682197571,-0.5550239682197571,-6.932683845661813e-06
1699762.821256,199999.96875,2.4448645148320014e-13,5.977361781421308e-26,6.236357758854593e-26,-0.5550239682197571,-0.5550239682197571,-6.932683845661813e-06
1699762.8218948,199999.96875,2.483333905265589e-13,6.166947859956459e-26,6.345789406443467e-26,-0.5550239682197571,-0.5550239682197571,-6.932683845661813e-06
1699762.8341175,199999.96875,2.48994401486069e-13,6.199820556693634e-26,6.436033245108004e-26,-0.5550239682197571,-0.5550239682197571,-6.932683845661813e-06
1699762.835736,199999.96875,2.4605794832210925e-13,6.054451364491285e-26,6.49559779013043e-26,-0.5550239682197571,-0.5550239682197571,-6.932682936167112e-06
1699762.8360511,199999.96875,2.391838083929537e-13,5.720890158884731e-26,6.514025704135909e-26,-0.5550239682197571,-0.5550239682197571,-6.932682936167112e-06
1699762.8362149,199999.96875,2.281270604278379e-13,5.204196126726284e-26,6.482660471284805e-26,-0.5550239682197571,-0.5550239682197571,-6.932682936167112e-06
1699762.8500975,199999.96875,2.1275166415916924e-13,4.526327026423495e-26,6.39536746544386e-26,-0.5550239682197571,-0.5550239682197571,-6.932681571925059e-06
1699762.8521762,199999.96875,1.9304139721194186e-13,3.726498489429582e-26,6.249106490640063e-26,-0.5550239682197571,-0.5550239682197571,-6.932681571925059e-06
1699762.8523645,199999.96875,1.6911241829641044e-13,2.8599008886772795e-26,6.044353944904456e-26,-0.5550239682197571,-0.5550239682197571,-6.932680662430357e-06
1699762.8529115,199999.96875,1.412161132387929e-13,1.9941992305351057e-26,5.785274150999992e-26,-0.5550239682197571,-0.5550239682197571,-6.932680662430357e-06
1699762.8674716,199999.96875,1.0972592192487474e-13,1.203977771364181e-26,5.479628144379364e-26,-0.5550239682197571,-0.5550239682197571,-6.932680207683006e-06
1699762.8684681,199999.96875,7.511503084031007e-14,5.642267920765011e-27,5.138382632369101e-26,-0.5550239682197571,-0.5550239682197571,-6.9326792981883045e-06
1699762.8687222,199999.96875,3.7938629424442635e-14,1.4393396031884203e-27,4.775064730600995e-26,-0.5550239682197571,-0.5550239682197571,-6.932677933946252e-06
1699762.8689485,199999.96875,-1.1691076963270914e-15,1.3668127332265275e-30,4.404917943473279e-26,-0.5550239682197571,-0.5550239682197571,-6.93267702445155e-06
1699762.8796498,199999.96875,-4.149519202095546e-14,1.7218507037601868e-27,4.0439244080364554e-26,-0.5550239682197571,-0.5550239682197571,-6.932676569704199e-06
1699762.885668,199999.96875,-8.226360266811242e-14,6.767301053336781e-27,3.7077491762349835e-26,-0.5550239682197571,-0.5550239682197571,-6.9326756602094974e-06
1699762.8859088,199999.96875,-1.2266370644914426e-13,1.5046384698051634e-26,3.410704218671594e-26,-0.5550239682197571,-0.5550239682197571,-6.932674295967445e-06
1699762.8862044,199999.96875,-1.6187485379903777e-13,2.620346942920991e-26,3.1648104196871734e-26,-0.5550239682197571,-0.5550239682197571,-6.932673386472743e-06
1699762.8941418,199999.96875,-1.990869491833025e-13,3.9635616685073937e-26,2.9790404557810294e-26,-0.5550239682197571,-0.5550239682197571,-6.932672931725392e-06
1699762.8999436,199999.96875,-2.335303445847453e-13,5.453641956825736e-26,2.8588165130813917e-26,-0.5550239682197571,-0.5550239682197571,-6.93267202223069e-06
1699762.9015245,199999.96875,-2.645123161303109e-13,6.996676690448577e-26,2.805815537309437e-26,-0.5550239682197571,-0.5550239682197571,-6.932670657988638e-06
1699762.9020803,199999.96875,-2.914409165388765e-13,8.493780614162506e-26,2.8180684576900243e-26,-0.5550239682197571,-0.5550239682197571,-6.932669293746585e-06
1699762.9088531,199999.96875,-3.138325103263506e-13,9.84908432497263e-26,2.8903339714353e-26,-0.5550239682197571,-0.5550239682197571,-6.932668384251883e-06
1699762.9142893,199999.96875,-3.3131475536164745e-13,1.097694649455831e-25,3.0146590663957136e-26,-0.5550239682197571,-0.5550239682197571,-6.932667020009831e-06
1699762.9153394,199999.96875,-3.436309396753767e-13,1.180822223198176e-25,3.181069274352086e-26,-0.5550239682197571,-0.5550239682197571,-6.932665655767778e-06
1699762.9155756,199999.96875,-3.5064125539739643e-13,1.2294927223790164e-25,3.378335653356662e-26,-0.5550239682197571,-0.5550239682197571,-6.932664746273076e-06
1699762.9394562,199999.96875,-3.52319166679535e-13,1.2412880418048172e-25,3.594749781942731e-26,-0.5550239682197571,-0.5550239682197571,-6.932662472536322e-06
1699762.9405651,199999.96875,-3.487426005529398e-13,1.2162140979323673e-25,3.8188435947006435e-26,-0.5550239682197571,-0.5550239682197571,-6.932662017788971e-06
1699762.9413777,199999.96875,-3.400812617626592e-13,1.1565526709300186e-25,4.040009993943087e-26,-0.5550239682197571,-0.5550239682197571,-6.932659744052216e-06
1699762.9423373,199999.96875,-3.2658446259825613e-13,1.066574086744862e-25,4.249008521871288e-26,-0.5550239682197571,-0.5550239682197571,-6.932658379810164e-06
1699762.9543518,199999.96875,-3.085662693240454e-13,9.521314467746046e-26,4.4383154176017e-26,-0.5550239682197571,-0.5550239682197571,-6.932657470315462e-06
1699762.9555991,199999.96875,-2.86395391993835e-13,8.202232414734793e-26,4.6023436354028546e-26,-0.5550239682197571,-0.5550239682197571,-6.9326551965787075e-06
1699762.956016,199999.96875,-2.604866463588179e-13,6.785329760583388e-26,4.737529742654448e-26,-0.5550239682197571,-0.5550239682197571,-6.932653832336655e-06
1699762.9563898,199999.96875,-2.3128772660106767e-13,5.349402000069348e-26,4.8422880056774694e-26,-0.5550239682197571,-0.5550239682197571,-6.932652468094602e-06
1699762.9690715,199999.96875,-1.9927003027265383e-13,3.9708546259464037e-26,4.916872339075787e-26,-0.5550239682197571,-0.5550239682197571,-6.9326511038525496e-06
1699762.9708629,199999.96875,-1.6492724883281767e-13,2.7200999451301433e-26,4.963154746755346e-26,-0.5550239682197571,-0.5550239682197571,-6.932648830115795e-06
1699762.9710548,199999.96875,-1.2876964848151234e-13,1.658162203466443e-26,4.984350453202503e-26,-0.5550239682197571,-0.5550239682197571,-6.932647920621093e-06
1699762.9713564,199999.96875,-9.131750395999574e-14,8.338886850975987e-27,4.9846878761287595e-26,-0.5550239682197571,-0.5550239682197571,-6.932646556379041e-06
1699762.9988385,199999.96875,-5.310304672660922e-14,2.8199337208411633e-27,4.9690712035445034e-26,-0.5550239682197571,-0.5550239682197571,-6.932644282642286e-06
1699763.0005119,199999.96875,-1.4667864565629483e-14,2.1514628408885435e-28,4.9427263307980326e-26,-0.5550239682197571,-0.5550239682197571,-6.932642918400234e-06
1699763.0012176,199999.96875,2.345184864447486e-14,5.499892105178726e-28,4.910853268739193e-26,-0.5550239682197571,-0.5550239682197571,-6.932640644663479e-06
1699763.0020582,199999.96875,6.074278585547002e-14,3.689686187435367e-27,4.878315837886737e-26,-0.5550239682197571,-0.5550239682197571,-6.9326392804214265e-06
1699763.0028755,199999.96875,9.672511137306591e-14,9.355747046733338e-27,4.849374503426441e-26,-0.5550239682197571,-0.5550239682197571,-6.932637916179374e-06
1699763.0043694,199999.96875,1.3095023654839666e-13,1.7147962534854897e-26,4.8274854621993047e-26,-0.5550239682197571,-0.5550239682197571,-6.932636551937321e-06
1699763.0048536,199999.96875,1.6299188019229527e-13,2.6566354690075307e-26,4.815164132787093e-26,-0.5550239682197571,-0.5550239682197571,-6.932634278200567e-06
1699763.0050407,199999.96875,1.9244610245661153e-13,3.7035506489562194e-26,4.8139324620690584e-26,-0.5550239682197571,-0.5550239682197571,-6.932632913958514e-06
1699763.0145073,199999.96875,2.1894241790648e-13,4.793578309970401e-26,4.82434943195226e-26,-0.5550239682197571,-0.5550239682197571,-6.93263064022176e-06
1699763.0158686,199999.96875,2.421572057459409e-13,5.8640110975072e-26,4.846112440323836e-26,-0.5550239682197571,-0.5550239682197571,-6.932629275979707e-06
1699763.0162214,199999.96875,2.6182457894471933e-13,6.855211127131908e-26,4.8782452718135747e-26,-0.5550239682197571,-0.5550239682197571,-6.932627002242953e-06
1699763.0164432,199999.96875,2.777446241747361e-13,7.714208546100472e-26,4.9193242790065855e-26,-0.5550239682197571,-0.5550239682197571,-6.9326256380009e-06
1699763.0295131,199999.96875,2.8978872795328015e-13,8.397751590093821e-26,4.9677322970471654e-26,-0.5550239682197571,-0.5550239682197571,-6.9326233642641455e-06
1699763.0304089,199999.96875,2.979022735959125e-13,8.874576715361915e-26,5.021885133000259e-26,-0.5550239682197571,-0.5550239682197571,-6.932622000022093e-06
1699763.0318719,199999.96875,3.0209962678141855e-13,9.126418710460976e-26,5.0804164551261204e-26,-0.5550239682197571,-0.5550239682197571,-6.932621090527391e-06
1699763.0321257,199999.96875,3.024459209553104e-13,9.147353723030861e-26,5.1422751678983007e-26,-0.5550239682197571,-0.5550239682197571,-6.932618816790637e-06
1699763.0440449,199999.96875,2.990383548423514e-13,8.942392868712469e-26,5.206705690481018e-26,-0.5550239682197571,-0.5550239682197571,-6.932617452548584e-06
1699763.0447266,199999.96875,2.9200093406601957e-13,8.526454246780629e-26,5.273149349116004e-26,-0.5550239682197571,-0.5550239682197571,-6.9326151788118295e-06
1699763.0460856,199999.96875,2.814893229532295e-13,7.923623383045451e-26,5.341096157553986e-26,-0.5550239682197571,-0.5550239682197571,-6.932613814569777e-06
1699763.0463839,199999.96875,2.676977021130733e-13,7.166206596766065e-26,5.409889758869916e-26,-0.5550239682197571,-0.5550239682197571,-6.9326115408330224e-06
1699763.0593932,199999.96875,2.5086343050616244e-13,6.29324633977509e-26,5.478557019181494e-26,-0.5550239682197571,-0.5550239682197571,-6.93261017659097e-06
1699763.0604434,199999.96875,2.312703793663079e-13,5.348598964319736e-26,5.545645941385048e-26,-0.5550239682197571,-0.5550239682197571,-6.932607902854215e-06
1699763.0606723,199999.96875,2.0925047718861611e-13,4.3785764603635104e-26,5.609136302006113e-26,-0.5550239682197571,-0.5550239682197571,-6.932606538612163e-06
1699763.0608543,199999.96875,1.8517930515816322e-13,3.429137371206522e-26,5.666435337116357e-26,-0.5550239682197571,-0.5550239682197571,-6.93260517437011e-06
1699763.0753152,199999.96875,1.5946041687607548e-13,2.5427624728925043e-26,5.714411638700604e-26,-0.5550239682197571,-0.5550239682197571,-6.932603810128057e-06
1699763.0756462,199999.96875,1.3250453523034472e-13,1.7557452218886555e-26,5.749523960851507e-26,-0.5550239682197571,-0.5550239682197571,-6.932601536391303e-06
1699763.0769752,199999.96875,1.0471860873014979e-13,1.0965986258356395e-26,5.76801165572246e-26,-0.5550239682197571,-0.5550239682197571,-6.93260017214925e-06
1699763.0773227,199999.96875,7.650753945306898e-14,5.853403383522306e-27,5.766183717093643e-26,-0.5550239682197571,-0.5550239682197571,-6.932597898412496e-06
1699763.0899204,199999.96875,4.8277100226550365e-14,2.330678374081802e-27,5.740752813661581e-26,-0.5550239682197571,-0.5550239682197571,-6.932596988917794e-06
1699763.0908548,199999.96875,2.0427395533558976e-14,4.172784336162522e-28,5.689179799387593e-26,-0.5550239682197571,-0.5550239682197571,-6.932595624675741e-06
1699763.0910552,199999.96875,-6.662927181559988e-15,4.439460212027356e-29,5.609997886026034e-26,-0.5550239682197571,-0.5550239682197571,-6.932593350938987e-06
1699763.0913727,199999.96875,-3.264581530451616e-14,1.0657492533201398e-27,5.503057313264428e-26,-0.5550239682197571,-0.5550239682197571,-6.932591986696934e-06
1699763.1064417,199999.96875,-5.720182221771383e-14,3.272048278994995e-27,5.36966771346496e-26,-0.5550239682197571,-0.5550239682197571,-6.932590622454882e-06
1699763.1066489,199999.96875,-8.004265517535733e-14,6.406826286389778e-27,5.212605507235456e-26,-0.5550239682197571,-0.5550239682197571,-6.932589258212829e-06
1699763.1068802,199999.96875,-1.0091907642678297e-13,1.0184660361449804e-26,5.035993417252071e-26,-0.5550239682197571,-0.5550239682197571,-6.9325869844760746e-06
1699763.1070709,199999.96875,-1.196208252894279e-13,1.4309143337572067e-26,4.8450721300050756e-26,-0.5550239682197571,-0.5550239682197571,-6.932586074981373e-06
1699763.1208654,199999.96875,-1.35973345213522e-13,1.848875028056258e-26,4.6458853677343523e-26,-0.5550239682197571,-0.5550239682197571,-6.93258471073932e-06
1699763.1215624,199999.96875,-1.498407517855349e-13,2.2452250935609336e-26,4.444891929101398e-26,-0.5550239682197571,-0.5550239682197571,-6.932582437002566e-06
1699763.1218633,199999.96875,-1.6112636127673524e-13,2.5961702050687134e-26,4.2485573920411147e-26,-0.5550239682197571,-0.5550239682197571,-6.932581982255215e-06
1699763.1249893,199999.96875,-1.697699869140229e-13,2.8821846685058175e-26,4.062958142565241e-26,-0.5550239682197571,-0.5550239682197571,-6.93257970851846e-06
1699763.1352336,199999.96875,-1.7574762717180448e-13,3.088722628337069e-26,3.8934220732719305e-26,-0.5550239682197571,-0.5550239682197571,-6.932578799023759e-06
1699763.1357634,199999.96875,-1.7907095077596136e-13,3.206640693632891e-26,3.7442404642260685e-26,-0.5550239682197571,-0.5550239682197571,-6.932577434781706e-06
1699763.1362698,199999.96875,-1.7978854353634804e-13,3.2323920718076993e-26,3.618461523269236e-26,-0.5550239682197571,-0.5550239682197571,-6.932576070539653e-06
1699763.1383716,199999.96875,-1.7798823938146302e-13,3.1679809625988215e-26,3.517776679115791e-26,-0.5550239682197571,-0.5550239682197571,-6.932574706297601e-06
1699763.1512077,199999.96875,-1.7379649694219956e-13,3.0205222134440105e-26,3.4424805220100276e-26,-0.5550239682197571,-0.5550239682197571,-6.932573796802899e-06
1699763.1521056,199999.96875,-1.6737497076247526e-13,2.801438283731834e-26,3.391521648276706e-26,-0.5550239682197571,-0.5550239682197571,-6.9325715230661444e-06
1699763.1523825,199999.96875,-1.589116614989991e-13,2.5252916690321877e-26,3.3626098961003557e-26,-0.5550239682197571,-0.5550239682197571,-6.9325710683187936e-06
1699763.153776,199999.96875,-1.486126353271791e-13,2.208571411156938e-26,3.3523793562357707e-26,-0.5550239682197571,-0.5550239682197571,-6.932570158824092e-06
1699763.1804566,199999.96875,-1.36703121695822e-13,1.8687741984648536e-26,3.3565917502101345e-26,-0.5550239682197571,-0.5550239682197571,-6.932567885087337e-06
1699763.1806397,199999.96875,-1.2342424716808853e-13,1.523354502930323e-26,3.370380484165574e-26,-0.5550239682197571,-0.5550239682197571,-6.9325674303399865e-06
1699763.180959,199999.96875,-1.0902254576547477e-13,1.1885915170384714e-26,3.388512575331595e-26,-0.5550239682197571,-0.5550239682197571,-6.932566520845285e-06
1699763.1812122,199999.96875,-9.374932199903568e-14,8.788935849264463e-27,3.405660439258837e-26,-0.5550239682197571,-0.5550239682197571,-6.932565156603232e-06
1699763.194286,199999.96875,-7.786282604999376e-14,6.0626198496830135e-27,3.416685694855674e-26,-0.5550239682197571,-0.5550239682197571,-6.932563792361179e-06
1699763.1948565,199999.96875,-6.16187331194118e-14,3.796868811072383e-27,3.416900166414281e-26,-0.5550239682197571,-0.5550239682197571,-6.932562882866478e-06
1699763.1954596,199999.96875,-4.5256811129603183e-14,2.0481787327932045e-27,3.402284977401106e-26,-0.5550239682197571,-0.5550239682197571,-6.932561518624425e-06
1699763.196163,199999.96875,-2.8991538987208076e-14,8.405094352081193e-28,3.369670201202084e-26,-0.5550239682197571,-0.5550239682197571,-6.932560609129723e-06
1699763.2106837,199999.96875,-1.3008867529203105e-14,1.692306336560179e-28,3.3168756851201675e-26,-0.5550239682197571,-0.5550239682197571,-6.932560154382372e-06
1699763.2108304,199999.96875,2.5271882314283805e-15,6.386680860559962e-30,3.242817361708261e-26,-0.5550239682197571,-0.5550239682197571,-6.9325592448876705e-06
1699763.2111532,199999.96875,1.7463374835297897e-14,3.049694659497633e-28,3.1475559362782104e-26,-0.5550239682197571,-0.5550239682197571,-6.932557880645618e-06
1699763.2113925,199999.96875,3.165674170827089e-14,1.0021491724701429e-27,3.032279630568506e-26,-0.5550239682197571,-0.5550239682197571,-6.932556971150916e-06
1699763.2240916,199999.96875,4.4983077186104906e-14,2.0234771405124827e-27,2.899223139612218e-26,-0.5550239682197571,-0.5550239682197571,-6.932556516403565e-06
1699763.2255184,199999.96875,5.733860787430003e-14,3.287715719092585e-27,2.751513865490241e-26,-0.5550239682197571,-0.5550239682197571,-6.932555606908863e-06
1699763.2259593,199999.96875,6.863608937928908e-14,4.710912851562632e-27,2.592980865080808e-26,-0.5550239682197571,-0.5550239682197571,-6.932554242666811e-06
1699763.2262511,199999.96875,7.880993085776847e-14,6.2110050481782725e-27,2.4279112584401248e-26,-0.5550239682197571,-0.5550239682197571,-6.932553333172109e-06
1699763.2402796,199999.96875,8.782822288454922e-14,7.713796243017977e-27,2.260810489042893e-26,-0.5550239682197571,-0.5550239682197571,-6.932552878424758e-06
1699763.24103,199999.96875,9.569596634215194e-14,9.157718307619575e-27,2.096178915908761e-26,-0.5550239682197571,-0.5550239682197571,-6.932551968930056e-06
1699763.2413022,199999.96875,1.024455585467432e-13,1.049509176472185e-26,1.9383212235750278e-26,-0.5550239682197571,-0.5550239682197571,-6.932551968930056e-06
1699763.2418868,199999.96875,1.081222242814428e-13,1.1690415562473921e-26,1.7911727802528565e-26,-0.5550239682197571,-0.5550239682197571,-6.932550604688004e-06
1699763.2548813,199999.96875,1.1277621631694545e-13,1.2718475426043872e-26,1.6581372434143638e-26,-0.5550239682197571,-0.5550239682197571,-6.932549695193302e-06
1699763.255038,199999.96875,1.1646608157056537e-13,1.3564347709478635e-26,1.541942038009593e-26,-0.5550239682197571,-0.5550239682197571,-6.932549695193302e-06
1699763.2553916,199999.96875,1.1925729230099352e-13,1.4222303926751624e-26,1.444521876223478e-26,-0.5550239682197571,-0.5550239682197571,-6.932549240445951e-06
1699763.2614789,199999.96875,1.212084631881799e-13,1.4691491276083465e-26,1.366932783963125e-26,-0.5550239682197571,-0.5550239682197571,-6.932548330951249e-06
1699763.2696149,199999.96875,1.2236034668128282e-13,1.4972054587405975e-26,1.3093052622415657e-26,-0.5550239682197571,-0.5550239682197571,-6.932548330951249e-06
1699763.2697787,199999.96875,1.2273457261364334e-13,1.5063775075077473e-26,1.2708499879303924e-26,-0.5550239682197571,-0.5550239682197571,-6.9325469667091966e-06
1699763.2700396,199999.96875,1.2233873040046889e-13,1.4966766754150666e-26,1.2499283027957227e-26,-0.5550239682197571,-0.5550239682197571,-6.9325469667091966e-06
1699763.2765362,199999.96875,1.2117516462895744e-13,1.4683420859244504e-26,1.2441801722837046e-26,-0.5550239682197571,-0.5550239682197571,-6.932546057214495e-06
1699763.2843034,199999.96875,1.1924861868361364e-13,1.422023316687542e-26,1.2506888140121624e-26,-0.5550239682197571,-0.5550239682197571,-6.932545602467144e-06
1699763.2854098,199999.96875,1.1657063931757444e-13,1.3588716115878978e-26,1.2661593470322384e-26,-0.5550239682197571,-0.5550239682197571,-6.932545602467144e-06
1699763.2855779,199999.96875,1.1315619529708373e-13,1.2804325679244877e-26,1.2871066855537673e-26,-0.5550239682197571,-0.5550239682197571,-6.932545602467144e-06
1699763.2923157,199999.96875,1.0901224584483615e-13,1.1883669536069558e-26,1.3100395808107616e-26,-0.5550239682197571,-0.5550239682197571,-6.932544692972442e-06
1699763.2994885,199999.96875,1.0413252291702202e-13,1.084358185481092e-26,1.3316378836534934e-26,-0.5550239682197571,-0.5550239682197571,-6.932544692972442e-06
1699763.2997764,199999.96875,9.850636745103308e-14,9.703504513071563e-27,1.348913475254647e-26,-0.5550239682197571,-0.5550239682197571,-6.9325433287303895e-06
1699763.302112,199999.96875,9.213678133163442e-14,8.489187194207945e-27,1.3593475473957547e-26,-0.5550239682197571,-0.5550239682197571,-6.9325433287303895e-06
1699763.3101222,199999.96875,8.505649391190792e-14,7.234606383926967e-27,1.3610032308503456e-26,-0.5550239682197571,-0.5550239682197571,-6.9325433287303895e-06
1699763.3146795,199999.96875,7.732743346469326e-14,5.979531765208248e-27,1.3525929258947998e-26,-0.5550239682197571,-0.5550239682197571,-6.9325433287303895e-06
1699763.3149423,199999.96875,6.902831306771287e-14,4.7649078382974835e-27,1.3335044949555935e-26,-0.5550239682197571,-0.5550239682197571,-6.932542419235688e-06
1699763.3178637,199999.96875,6.024951452457059e-14,3.6300039295747396e-27,1.3037869336905118e-26,-0.5550239682197571,-0.5550239682197571,-6.932542419235688e-06
1699763.3248743,199999.96875,5.10963274187419e-14,2.6108347364070634e-27,1.2641042257071817e-26,-0.5550239682197571,-0.5550239682197571,-6.932542419235688e-06
1699763.3296158,199999.96875,4.168486302663643e-14,1.737627536678618e-27,1.215655994249363e-26,-0.5550239682197571,-0.5550239682197571,-6.932542419235688e-06
1699763.3299726,199999.96875,3.212886770867507e-14,1.0322642649350455e-27,1.160076891616654e-26,-0.5550239682197571,-0.5550239682197571,-6.932542419235688e-06
1699763.334624,199999.96875,2.2526709095088346e-14,5.0745264028365e-28,1.0993173455823343e-26,-0.5550239682197571,-0.5550239682197571,-6.932542419235688e-06
1699763.335448,199999.96875,1.2954356723882555e-14,1.6781536403638494e-28,1.0355200687653316e-26,-0.5550239682197571,-0.5550239682197571,-6.932541964488337e-06
1699763.3462236,199999.96875,3.4674187315614138e-15,1.2022993083713198e-29,9.708963368905934e-27,-0.5550239682197571,-0.5550239682197571,-6.932541964488337e-06
1699763.3463811,199999.96875,-5.891127700680815e-15,3.470538699627613e-29,9.076060418721512e-27,-0.5550239682197571,-0.5550239682197571,-6.932541964488337e-06
1699763.3508029,199999.96875,-1.5085680507521612e-14,2.275777766938851e-28,8.476507641826077e-27,-0.5550239682197571,-0.5550239682197571,-6.932541964488337e-06
1699763.3511506,199999.96875,-2.4086767601077738e-14,5.801723846063094e-28,7.927824067365753e-27,-0.5550239682197571,-0.5550239682197571,-6.932541964488337e-06
1699763.3596164,199999.96875,-3.286978436829735e-14,1.0804226246769345e-27,7.444374051237758e-27,-0.5550239682197571,-0.5550239682197571,-6.932541964488337e-06
1699763.360264,199999.96875,-4.141207776003908e-14,1.714960111605158e-27,7.036958208570216e-27,-0.5550239682197571,-0.5550239682197571,-6.932541964488337e-06
1699763.3643232,199999.96875,-4.9690442461679946e-14,2.4691402185386057e-27,6.712587694732673e-27,-0.5550239682197571,-0.5550239682197571,-6.932542419235688e-06
1699763.3724217,199999.96875,-5.768253713220317e-14,3.327275475708265e-27,6.474461094176769e-27,-0.5550239682197571,-0.5550239682197571,-6.932542419235688e-06
1699763.3749245,199999.96875,-6.536961862655191e-14,4.273187493802301e-27,6.322206702423236e-27,-0.5550239682197571,-0.5550239682197571,-6.932542419235688e-06
1699763.3757555,199999.96875,-7.273336392801116e-14,5.290142445312915e-27,6.252231119381837e-27,-0.5550239682197571,-0.5550239682197571,-6.932542419235688e-06
1699763.3795495,199999.96875,-7.974648502315218e-14,6.359501950610306e-27,6.258168376214394e-27,-0.5550239682197571,-0.5550239682197571,-6.932542419235688e-06
1699763.3889853,199999.96875,-8.636214437812359e-14,7.458419473136185e-27,6.331399551233785e-27,-0.5550239682197571,-0.5550239682197571,-6.932542419235688e-06
1699763.3912828,199999.96875,-9.250513901973637e-14,8.557201795379969e-27,6.461580089522718e-27,-0.5550239682197571,-0.5550239682197571,-6.932542419235688e-06
1699763.3917027,199999.96875,-9.806889187443518e-14,9.617507118822807e-27,6.637120515047848e-27,-0.5550239682197571,-0.5550239682197571,-6.9325433287303895e-06
1699763.3969065,199999.96875,-1.0292443709380289e-13,1.0593438992145995e-26,6.845603972271722e-27,-0.5550239682197571,-0.5550239682197571,-6.9325433287303895e-06
1699763.397122,199999.96875,-1.0693560566123889e-13,1.1435222911494812e-26,7.074181812163355e-27,-0.5550239682197571,-0.5550239682197571,-6.9325433287303895e-06
1699763.4212713,199999.96875,-1.0996524600192376e-13,1.2092354830751604e-26,7.309928733679974e-27,-0.5550239682197571,-0.5550239682197571,-6.9325433287303895e-06
1699763.4218559,199999.96875,-1.118754611520445e-13,1.2516118737159083e-26,7.540208325270467e-27,-0.5550239682197571,-0.5550239682197571,-6.932544692972442e-06
1699763.4222983,199999.96875,-1.1254000932114233e-13,1.266525273721672e-26,7.753044384168656e-27,-0.5550239682197571,-0.5550239682197571,-6.932544692972442e-06
1699763.4227935,199999.96875,-1.1186422610703212e-13,1.2513605783767646e-26,7.937561569164575e-27,-0.5550239682197571,-0.5550239682197571,-6.932544692972442e-06
1699763.4354743,199999.96875,-1.0979301371056086e-13,1.2054505685112528e-26,8.084433757095523e-27,-0.5550239682197571,-0.5550239682197571,-6.932545602467144e-06
1699763.435639,199999.96875,-1.0631008877035053e-13,1.1301835314662486e-26,8.186249969535499e-27,-0.5550239682197571,-0.5550239682197571,-6.932545602467144e-06
1699763.4358274,199999.96875,-1.0143654579491956e-13,1.0289373942898116e-26,8.237762432572036e-27,-0.5550239682197571,-0.5550239682197571,-6.932545602467144e-06
1699763.4361222,199999.96875,-9.522219032156651e-14,9.067265852223462e-27,8.235952058424312e-27,-0.5550239682197571,-0.5550239682197571,-6.932546057214495e-06
1699763.4510249,199999.96875,-8.773143751186416e-14,7.696804918676615e-27,8.179986845356352e-27,-0.5550239682197571,-0.5550239682197571,-6.932546057214495e-06
1699763.4513404,199999.96875,-7.903096579942037e-14,6.245893654306836e-27,8.07109707741663e-27,-0.5550239682197571,-0.5550239682197571,-6.932546057214495e-06
1699763.4515065,199999.96875,-6.917956604703818e-14,4.7858118819138626e-27,7.912443590829877e-27,-0.5550239682197571,-0.5550239682197571,-6.9325469667091966e-06
1699763.4516605,199999.96875,-5.822606801006089e-14,3.390274570119116e-27,7.708962158857565e-27,-0.5550239682197571,-0.5550239682197571,-6.9325469667091966e-06
1699763.4654868,199999.96875,-4.6219121872847005e-14,2.136207212761312e-27,7.467238691537523e-27,-0.5550239682197571,-0.5550239682197571,-6.932548330951249e-06
1699763.4658359,199999.96875,-3.32246606800108e-14,1.1038780439871405e-27,7.195487665268551e-27,-0.5550239682197571,-0.5550239682197571,-6.932548330951249e-06
1699763.4660757,199999.96875,-1.9343310251620192e-14,3.7416365106447597e-28,6.903529782023068e-27,-0.5550239682197571,-0.5550239682197571,-6.932549240445951e-06
1699763.4662291,199999.96875,-4.719581608256815e-15,2.2274451105369948e-29,6.60270029508176e-27,-0.5550239682197571,-0.5550239682197571,-6.932549240445951e-06
1699763.4799388,199999.96875,1.0459953961468836e-14,1.0941063569318058e-28,6.305552415822142e-27,-0.5550239682197571,-0.5550239682197571,-6.932549695193302e-06
1699763.4801044,199999.96875,2.5977836418458744e-14,6.748480191844749e-28,6.025380453464331e-27,-0.5550239682197571,-0.5550239682197571,-6.932549695193302e-06
1699763.4803125,199999.96875,4.160405269533658e-14,1.730897374487957e-27,5.775594658211095e-27,-0.5550239682197571,-0.5550239682197571,-6.932549695193302e-06
1699763.4806114,199999.96875,5.711575011774564e-14,3.262209088095109e-27,5.56906409395083e-27,-0.5550239682197571,-0.5550239682197571,-6.932550604688004e-06
1699763.4942671,199999.96875,7.230833634760611e-14,5.228495353723024e-27,5.417547333365997e-27,-0.5550239682197571,-0.5550239682197571,-6.932550604688004e-06
1699763.4949532,199999.96875,8.699367181480566e-14,7.567898575638889e-27,5.331231775490428e-27,-0.5550239682197571,-0.5550239682197571,-6.932551968930056e-06
1699763.4960515,199999.96875,1.0098600558214321e-13,1.019817422668358e-26,5.318323807817156e-27,-0.5550239682197571,-0.5550239682197571,-6.932552878424758e-06
1699763.4961844,199999.96875,1.1408080968604295e-13,1.3014429999109948e-26,5.3845419015370554e-27,-0.5550239682197571,-0.5550239682197571,-6.932552878424758e-06
1699763.5092455,199999.96875,1.2604475026645884e-13,1.5887281148882078e-26,5.532504551002516e-27,-0.5550239682197571,-0.5550239682197571,-6.932553333172109e-06
1699763.5105442,199999.96875,1.3662762056703553e-13,1.8667106800852394e-26,5.7611540354880795e-27,-0.5550239682197571,-0.5550239682197571,-6.932553333172109e-06
1699763.5109381,199999.96875,1.455839978735038e-13,2.1194700341354113e-26,6.0654579000490626e-27,-0.5550239682197571,-0.5550239682197571,-6.932554242666811e-06
1699763.5112098,199999.96875,1.5268924904825176e-13,2.3314007518853427e-26,6.436439385214676e-27,-0.5550239682197571,-0.5550239682197571,-6.932554242666811e-06
1699763.5252759,199999.96875,1.577474045486027e-13,2.4884244395159584e-26,6.861524479564005e-27,-0.5550239682197571,-0.5550239682197571,-6.932555606908863e-06
1699763.5254669,199999.96875,1.605912261894507e-13,2.5789543943330337e-26,7.325099669037901e-27,-0.5550239682197571,-0.5550239682197571,-6.932555606908863e-06
1699763.5260455,199999.96875,1.6107978124089983e-13,2.594669520456047e-26,7.80927922742883e-27,-0.5550239682197571,-0.5550239682197571,-6.932556516403565e-06
1699763.5262124,199999.96875,1.5910118003874957e-13,2.5313185971629554e-26,8.29489938141816e-27,-0.5550239682197571,-0.5550239682197571,-6.932556516403565e-06
1699763.5403608,199999.96875,1.545821576211942e-13,2.3895641443546283e-26,8.76266308333511e-27,-0.5550239682197571,-0.5550239682197571,-6.932556971150916e-06
1699763.5405226,199999.96875,1.4750043363358917e-13,2.175637700959125e-26,9.194432695335418e-27,-0.5550239682197571,-0.5550239682197571,-6.932557880645618e-06
1699763.5406823,199999.96875,1.3789035017974793e-13,1.9013749538938808e-26,9.574468747541574e-27,-0.5550239682197571,-0.5550239682197571,-6.932557880645618e-06
1699763.5408351,199999.96875,1.2584208577536699e-13,1.5836230138660217e-26,9.890497673603986e-27,-0.5550239682197571,-0.5550239682197571,-6.9325592448876705e-06
1699763.554227,199999.96875,1.114956109209142e-13,1.2431270737901137e-26,1.0134572316200136e-26,-0.5550239682197571,-0.5550239682197571,-6.9325592448876705e-06
1699763.5558053,199999.96875,9.503377631277926e-14,9.03141967372655e-27,1.0303598091095382e-26,-0.5550239682197571,-0.5550239682197571,-6.932560154382372e-06
1699763.5561612,199999.96875,7.667843004424343e-14,5.879581778884384e-27,1.039958027654782e-26,-0.5550239682197571,-0.5550239682197571,-6.932560154382372e-06
1699763.5563683,199999.96875,5.669346692408969e-14,3.2141490470768812e-27,1.0429564694665996e-26,-0.5550239682197571,-0.5550239682197571,-6.932560609129723e-06
1699763.5710288,199999.96875,3.539243483246905e-14,1.2526245469399665e-27,1.0405234036492563e-26,-0.5550239682197571,-0.5550239682197571,-6.932560609129723e-06
1699763.5716902,199999.96875,1.3145355030191874e-14,1.7280036888206394e-28,1.0342143653002348e-26,-0.5550239682197571,-0.5550239682197571,-6.932561518624425e-06
1699763.5719578,199999.96875,-9.627753408153906e-15,9.269364201680336e-29,1.0258534411884632e-26,-0.5550239682197571,-0.5550239682197571,-6.932562882866478e-06
1699763.5728906,199999.96875,-3.248326629380627e-14,1.0551626090088376e-27,1.0173834324046415e-26,-0.5550239682197571,-0.5550239682197571,-6.932562882866478e-06
1699763.584557,199999.96875,-5.4983490362699866e-14,3.0231842338131426e-27,1.0107107784821197e-26,-0.5550239682197571,-0.5550239682197571,-6.932563792361179e-06
1699763.5881955,199999.96875,-7.671216228433489e-14,5.8847563674589635e-27,1.0075635778413976e-26,-0.5550239682197571,-0.5550239682197571,-6.932563792361179e-06
1699763.588374,199999.96875,-9.727742428852076e-14,9.46289654437531e-27,1.0093748764354949e-26,-0.5550239682197571,-0.5550239682197571,-6.93256424710853e-06
1699763.58868,199999.96875,-1.1630830304941442e-13,1.3527620995811148e-26,1.017195230530476e-26,-0.5550239682197571,-0.5550239682197571,-6.93256424710853e-06
1699763.6003096,199999.96875,-1.334494580812473e-13,1.7808756802493935e-26,1.0316258384177806e-26,-0.5550239682197571,-0.5550239682197571,-6.932565156603232e-06
1699763.6008833,199999.96875,-1.483624827809324e-13,2.201142560101052e-26,1.0527782499597879e-26,-0.5550239682197571,-0.5550239682197571,-6.932565156603232e-06
1699763.6019478,199999.96875,-1.6073589941684174e-13,2.5836029729212023e-26,1.0802655073120714e-26,-0.5550239682197571,-0.5550239682197571,-6.932566520845285e-06
1699763.6025169,199999.96875,-1.7030579962766523e-13,2.9004064309700496e-26,1.113241510931463e-26,-0.5550239682197571,-0.5550239682197571,-6.9325674303399865e-06
1699763.613916,199999.96875,-1.7688357289297185e-13,3.128779505989995e-26,1.1504864538283855e-26,-0.5550239682197571,-0.5550239682197571,-6.9325674303399865e-06
1699763.6211956,199999.96875,-1.8037227798601424e-13,3.2534161393782126e-26,1.1905276929301628e-26,-0.5550239682197571,-0.5550239682197571,-6.932567885087337e-06
1699763.6213655,199999.96875,-1.8076067986178002e-13,3.2674421479028004e-26,1.2317674767549311e-26,-0.5550239682197571,-0.5550239682197571,-6.932567885087337e-06
1699763.621602,199999.96875,-1.7810716280725752e-13,3.172216159583727e-26,1.2726081308580246e-26,-0.5550239682197571,-0.5550239682197571,-6.932568794582039e-06
1699763.6290808,199999.96875,-1.7252793974281005e-13,2.9765891321478133e-26,1.3115610654668275e-26,-0.5550239682197571,-0.5550239682197571,-6.932568794582039e-06
1699763.6368845,199999.96875,-1.641928373862303e-13,2.695928753956106e-26,1.347345306056729e-26,-0.5550239682197571,-0.5550239682197571,-6.932570158824092e-06
1699763.6377126,199999.96875,-1.5332685479336333e-13,2.3509124251891276e-26,1.3789700001899407e-26,-0.5550239682197571,-0.5550239682197571,-6.932570158824092e-06
1699763.6382324,199999.96875,-1.4021321267671666e-13,1.9659744960885175e-26,1.4057977420920683e-26,-0.5550239682197571,-0.5550239682197571,-6.9325710683187936e-06
1699763.6607518,199999.96875,-1.2518931475236778e-13,1.5672365856015928e-26,1.4275704571505638e-26,-0.5550239682197571,-0.5550239682197571,-6.9325710683187936e-06
1699763.6609154,199999.96875,-1.0863378474773935e-13,1.180129982346405e-26,1.4443927618800063e-26,-0.5550239682197571,-0.5550239682197571,-6.9325715230661444e-06
1699763.6612551,199999.96875,-9.094616471591946e-14,8.271205050498353e-27,1.4566624763697085e-26,-0.5550239682197571,-0.5550239682197571,-6.9325715230661444e-06
1699763.6614943,199999.96875,-7.252497349419587e-14,5.259871834005003e-27,1.4649746359352883e-26,-0.5550239682197571,-0.5550239682197571,-6.932572432560846e-06
1699763.6759115,199999.96875,-5.375232119760216e-14,2.889312073006808e-27,1.4700050108756322e-26,-0.5550239682197571,-0.5550239682197571,-6.932572432560846e-06
1699763.6760768,199999.96875,-3.498310107851073e-14,1.2238173535002972e-27,1.4724081092230408e-26,-0.5550239682197571,-0.5550239682197571,-6.932572432560846e-06
1699763.6763153,199999.96875,-1.653360540382169e-14,2.7336009258925917e-28,1.4727359795367733e-26,-0.5550239682197571,-0.5550239682197571,-6.932573796802899e-06
1699763.6765142,199999.96875,1.3212717654662877e-15,1.7457588219316177e-30,1.4713895233940533e-26,-0.5550239682197571,-0.5550239682197571,-6.932573796802899e-06
1699763.6890855,199999.96875,1.833849878321494e-14,3.3630056650742775e-28,1.468600622760185e-26,-0.5550239682197571,-0.5550239682197571,-6.932574706297601e-06
1699763.6906252,199999.96875,3.429802421890324e-14,1.1763544470613265e-27,1.464428750351851e-26,-0.5550239682197571,-0.5550239682197571,-6.932574706297601e-06
1699763.6910124,199999.96875,4.900197408215165e-14,2.401193410100624e-27,1.4587743741095258e-26,-0.5550239682197571,-0.5550239682197571,-6.9325751610449515e-06
1699763.691234,199999.96875,6.228051657296979e-14,3.8788621969667585e-27,1.4513963676041716e-26,-0.5550239682197571,-0.5550239682197571,-6.9325751610449515e-06
1699763.7056159,199999.96875,7.400294434320095e-14,5.476435722903548e-27,1.4419526856776654e-26,-0.5550239682197571,-0.5550239682197571,-6.9325751610449515e-06
1699763.705803,199999.96875,8.408868084263874e-14,7.070905420141963e-27,1.4300655379121163e-26,-0.5550239682197571,-0.5550239682197571,-6.932576070539653e-06
1699763.7060457,199999.96875,9.25088320833864e-14,8.557883574580282e-27,1.4154070539937917e-26,-0.5550239682197571,-0.5550239682197571,-6.932576070539653e-06
1699763.706236,199999.96875,9.927451791397549e-14,9.855428800432628e-27,1.3977834083330886e-26,-0.5550239682197571,-0.5550239682197571,-6.932577434781706e-06
1699763.7200364,199999.96875,1.0441655000489533e-13,1.0902815756180494e-26,1.3771995313106644e-26,-0.5550239682197571,-0.5550239682197571,-6.932577434781706e-06
1699763.7203255,199999.96875,1.0796775935318151e-13,1.1657036885421757e-26,1.353885764147868e-26,-0.5550239682197571,-0.5550239682197571,-6.932577434781706e-06
1699763.7205473,199999.96875,1.0995900506316839e-13,1.2090982027887245e-26,1.3282992455762992e-26,-0.5550239682197571,-0.5550239682197571,-6.932578344276408e-06
1699763.7207513,199999.96875,1.1042147827610566e-13,1.2192903010916195e-26,1.3011060392079248e-26,-0.5550239682197571,-0.5550239682197571,-6.932578344276408e-06
1699763.7351896,199999.96875,1.0938774571474935e-13,1.1965678714589478e-26,1.2731438475313554e-26,-0.5550239682197571,-0.5550239682197571,-6.932578344276408e-06
1699763.7354651,199999.96875,1.0689809226607089e-13,1.1427202568834406e-26,1.2453720147704892e-26,-0.5550239682197571,-0.5550239682197571,-6.932578799023759e-06
1699763.735722,199999.96875,1.0301101063727586e-13,1.0611268481199154e-26,1.2188032719272828e-26,-0.5550239682197571,-0.5550239682197571,-6.932578799023759e-06
1699763.7358538,199999.96875,9.781110247913602e-14,9.567011546796907e-27,1.1944245425424381e-26,-0.5550239682197571,-0.5550239682197571,-6.932578799023759e-06
1699763.750272,199999.96875,9.141394374323833e-14,8.356508339595153e-27,1.1731099676991135e-26,-0.5550239682197571,-0.5550239682197571,-6.93257970851846e-06
1699763.7510484,199999.96875,8.396309634974702e-14,7.049801850183345e-27,1.1555372436261399e-26,-0.5550239682197571,-0.5550239682197571,-6.93257970851846e-06
1699763.7520146,199999.96875,7.56203368153241e-14,5.718435368577615e-27,1.142111431909421e-26,-0.5550239682197571,-0.5550239682197571,-6.93257970851846e-06
1699763.7522366,199999.96875,6.656245785672046e-14,4.430560236976037e-27,1.1329096467839298e-26,-0.5550239682197571,-0.5550239682197571,-6.93257970851846e-06
1699763.7660798,199999.96875,5.698191213581588e-14,3.246938389566063e-27,1.1276444624647662e-26,-0.5550239682197571,-0.5550239682197571,-6.932581072760513e-06
1699763.766401,199999.96875,4.7073530783005996e-14,2.2159174087066164e-27,1.1256480434844144e-26,-0.5550239682197571,-0.5550239682197571,-6.932581072760513e-06
1699763.7667037,199999.96875,3.7012060083441156e-14,1.3698926879167554e-27,1.1258824676772452e-26,-0.5550239682197571,-0.5550239682197571,-6.932581072760513e-06
1699763.7670387,199999.96875,2.6944068924248353e-14,7.259829036554143e-28,1.1269888759116968e-26,-0.5550239682197571,-0.5550239682197571,-6.932581072760513e-06
1699763.7801109,199999.96875,1.6993893271755045e-14,2.8879237664063965e-28,1.1273810722855718e-26,-0.5550239682197571,-0.5550239682197571,-6.932581982255215e-06
1699763.7802626,199999.96875,7.264097804445414e-15,5.276711009880758e-29,1.125376410325058e-26,-0.5550239682197571,-0.5550239682197571,-6.932581982255215e-06
1699763.7805396,199999.96875,-2.170241982950077e-15,4.7099508284905516e-30,1.1193393903213818e-26,-0.5550239682197571,-0.5550239682197571,-6.932581982255215e-06
1699763.7807252,199999.96875,-1.125831470150801e-14,1.2674965057481519e-28,1.1078232537003194e-26,-0.5550239682197571,-0.5550239682197571,-6.932581982255215e-06
1699763.7943056,199999.96875,-1.9959752031511666e-14,3.9839170532012157e-28,1.089694244022209e-26,-0.5550239682197571,-0.5550239682197571,-6.932581982255215e-06
1699763.7955046,199999.96875,-2.823138620935365e-14,7.970112000044155e-28,1.0642331420086187e-26,-0.5550239682197571,-0.5550239682197571,-6.932582437002566e-06
1699763.796053,199999.96875,-3.60222106050162e-14,1.297599633373275e-27,1.0312109160705618e-26,-0.5550239682197571,-0.5550239682197571,-6.932582437002566e-06
1699763.7992835,199999.96875,-4.327385278997224e-14,1.8726263665024192e-27,9.909331727716138e-27,-0.5550239682197571,-0.5550239682197571,-6.932582437002566e-06
1699763.8103568,199999.96875,-4.9919009220298835e-14,2.491907406783185e-27,9.44244933134174e-27,-0.5550239682197571,-0.5550239682197571,-6.932582437002566e-06
1699763.8105504,199999.96875,-5.58768187427193e-14,3.1222186330414453e-27,8.924812517956916e-27,-0.5550239682197571,-0.5550239682197571,-6.932582437002566e-06
1699763.8107682,199999.96875,-6.104961507028342e-14,3.727055391332301e-27,8.373598271549667e-27,-0.5550239682197571,-0.5550239682197571,-6.932582437002566e-06
1699763.8137586,199999.96875,-6.532307247203439e-14,4.2671038662939705e-27,7.808256173442372e-27,-0.5550239682197571,-0.5550239682197571,-6.932582437002566e-06
1699763.8268339,199999.96875,-6.85729346027418e-14,4.702247707556845e-27,7.2488143543127e-27,-0.5550239682197571,-0.5550239682197571,-6.9325833464972675e-06
1699763.8272178,199999.96875,-7.068347643301998e-14,4.99615386153407e-27,6.714293298291423e-27,-0.5550239682197571,-0.5550239682197571,-6.9325833464972675e-06
1699763.8276061,199999.96875,-7.157142445975845e-14,5.12246828805264e-27,6.221424714363396e-27,-0.5550239682197571,-0.5550239682197571,-6.9325833464972675e-06
1699763.831289,199999.96875,-7.119888581702885e-14,5.0692810363364645e-27,5.783625015707212e-27,-0.5550239682197571,-0.5550239682197571,-6.9325833464972675e-06
1699763.8396679,199999.96875,-6.957289426642518e-14,4.8403877291199414e-27,5.410250369992703e-27,-0.5550239682197571,-0.5550239682197571,-6.9325833464972675e-06
1699763.8416731,199999.96875,-6.674061260245057e-14,4.454309264306265e-27,5.106141409542092e-27,-0.5550239682197571,-0.5550239682197571,-6.9325833464972675e-06
1699763.8422091,199999.96875,-6.278412170582573e-14,3.9418454987520654e-27,4.871530401506672e-27,-0.5550239682197571,-0.5550239682197571,-6.9325833464972675e-06
1699763.8494481,199999.96875,-5.781522314932466e-14,3.3426001002757545e-27,4.702356715191697e-27,-0.5550239682197571,-0.5550239682197571,-6.9325833464972675e-06
1699763.8560285,199999.96875,-5.1970336671300355e-14,2.7009158725098987e-27,4.5909509123726286e-27,-0.5550239682197571,-0.5550239682197571,-6.9325833464972675e-06
1699763.8567355,199999.96875,-4.540548574063705e-14,2.0616581238809764e-27,4.526986156687662e-27,-0.5550239682197571,-0.5550239682197571,-6.9325833464972675e-06
1699763.8608889,199999.96875,-3.829153723158667e-14,1.4662418593200962e-27,4.4985247639695074e-27,-0.5550239682197571,-0.5550239682197571,-6.9325833464972675e-06
1699763.8699402,199999.96875,-3.080970876101659e-14,9.492381954044896e-28,4.4930335525120705e-27,-0.5550239682197571,-0.5550239682197571,-6.9325833464972675e-06
1699763.8710458,199999.96875,-2.3147341994002833e-14,5.35799392021865e-28,4.4982820967965146e-27,-0.5550239682197571,-0.5550239682197571,-6.9325833464972675e-06
1699763.8715284,199999.96875,-1.5493894483923666e-14,2.4006076385080386e-28,4.503048388222884e-27,-0.5550239682197571,-0.5550239682197571,-6.9325833464972675e-06
1699763.8759315,199999.96875,-8.03721357452462e-15,6.459679774446591e-29,4.49761456947779e-27,-0.5550239682197571,-0.5550239682197571,-6.9325833464972675e-06
1699763.8849766,199999.96875,-9.599978139022253e-16,9.215958465249032e-31,4.474106668576599e-27,-0.5550239682197571,-0.5550239682197571,-6.9325833464972675e-06
1699763.8994851,199999.96875,5.563555496022107e-15,3.0953151852406163e-29,4.426701443739463e-27,-0.5550239682197571,-0.5550239682197571,-6.9325833464972675e-06
1699763.9009948,199999.96875,1.1370936202174942e-14,1.2929817348491205e-28,4.351709968750902e-27,-0.5550239682197571,-0.5550239682197571,-6.9325833464972675e-06
1699763.9019514,199999.96875,1.631435261949081e-14,2.661580775622231e-28,4.247504447621919e-27,-0.5550239682197571,-0.5550239682197571,-6.9325833464972675e-06
1699763.902537,199999.96875,2.0263621713207357e-14,4.106143308226835e-28,4.114299043762332e-27,-0.5550239682197571,-0.5550239682197571,-6.9325833464972675e-06
1699763.9155265,199999.96875,2.310889855665875e-14,5.340212290524608e-28,3.953821316332254e-27,-0.5550239682197571,-0.5550239682197571,-6.9325833464972675e-06
1699763.915891,199999.96875,2.476321827715039e-14,6.132170091096195e-28,3.768977108431778e-27,-0.5550239682197571,-0.5550239682197571,-6.9325833464972675e-06
1699763.9161764,199999.96875,2.5164798291509548e-14,6.332670953886572e-28,3.5635859243266125e-27,-0.5550239682197571,-0.5550239682197571,-6.9325833464972675e-06
1699763.9163569,199999.96875,2.4279089819883616e-14,5.894742410517109e-28,3.3422353291442876e-27,-0.5550239682197571,-0.5550239682197571,-6.9325833464972675e-06
1699763.9294688,199999.96875,2.2100468563502826e-14,4.884307117054234e-28,3.1101838820049583e-27,-0.5550239682197571,-0.5550239682197571,-6.9325833464972675e-06
1699763.9303481,199999.96875,1.865353574728723e-14,3.4795441674916353e-28,2.8732850617886008e-27,-0.5550239682197571,-0.5550239682197571,-6.9325833464972675e-06
1699763.9309102,199999.96875,1.3993896543125234e-14,1.9582913452427746e-28,2.6378876965568876e-27,-0.5550239682197571,-0.5550239682197571,-6.9325833464972675e-06
1699763.9312306,199999.96875,8.208436202614394e-15,6.73784183631444e-29,2.410691711400353e-27,-0.5550239682197571,-0.5550239682197571,-6.9325833464972675e-06
1699763.9451894,199999.96875,1.4149512800920084e-15,2.0020869319928296e-30,2.1985060390443836e-27,-0.5550239682197571,-0.5550239682197571,-6.9325833464972675e-06
1699763.9453514,199999.96875,-6.238901217615065e-15,3.8923886770416706e-29,2.0079443229180052e-27,-0.5550239682197571,-0.5550239682197571,-6.9325833464972675e-06
1699763.9455868,199999.96875,-1.4577355707083572e-14,2.1249933412153714e-28,1.8450639978823046e-27,-0.5550239682197571,-0.5550239682197571,-6.9325833464972675e-06
1699763.9457974,199999.96875,-2.3399056469004288e-14,5.475158349867933e-28,1.715018467282473e-27,-0.5550239682197571,-0.5550239682197571,-6.9325833464972675e-06
1699763.9606037,199999.96875,-3.247694403988796e-14,1.0547520007446942e-27,1.6217449097038215e-27,-0.5550239682197571,-0.5550239682197571,-6.932582437002566e-06
1699763.9608022,199999.96875,-4.154983581044873e-14,1.7263887724881464e-27,1.567661330191528e-27,-0.5550239682197571,-0.5550239682197571,-6.932582437002566e-06
1699763.9611326,199999.96875,-5.031154461684721e-14,2.5312512666520996e-27,1.5533477225483449e-27,-0.5550239682197571,-0.5550239682197571,-6.932582437002566e-06
1699763.9613519,199999.96875,-5.841316064745042e-14,3.412096897132979e-27,1.577271142835037e-27,-0.5550239682197571,-0.5550239682197571,-6.932582437002566e-06
1699763.9747591,199999.96875,-6.548004461781956e-14,4.287636590617072e-27,1.6356260497779925e-27,-0.5550239682197571,-0.5550239682197571,-6.932582437002566e-06
1699763.9765924,199999.96875,-7.113387434426119e-14,5.0600280985116505e-27,1.7223067639710177e-27,-0.5550239682197571,-0.5550239682197571,-6.932582437002566e-06
1699763.9767836,199999.96875,-7.501463371913791e-14,5.6271955930202364e-27,1.8290751200769962e-27,-0.5550239682197571,-0.5550239682197571,-6.932582437002566e-06
1699763.9770431,199999.96875,-7.680148699082054e-14,5.898468218291023e-27,1.9459888899440178e-27,-0.5550239682197571,-0.5550239682197571,-6.932582437002566e-06
1699763.9892491,199999.96875,-7.623163032896216e-14,5.811260954851202e-27,2.0621203470676293e-27,-0.5550239682197571,-0.5550239682197571,-6.932582437002566e-06
1699763.9934375,199999.96875,-7.311463717449285e-14,5.345749820597208e-27,2.1665001648565787e-27,-0.5550239682197571,-0.5550239682197571,-6.932581982255215e-06
1699763.9942357,199999.96875,-6.733886180870091e-14,4.534522320560049e-27,2.2492227078278993e-27,-0.5550239682197571,-0.5550239682197571,-6.932581982255215e-06
1699763.9945397,199999.96875,-5.887227283365298e-14,3.4659447428200795e-27,2.302601396980547e-27,-0.5550239682197571,-0.5550239682197571,-6.932581982255215e-06
1699764.0039354,199999.96875,-4.7765394070586886e-14,2.2815330715399118e-27,2.322279778780318e-27,-0.5550239682197571,-0.5550239682197571,-6.932581982255215e-06
1699764.0097146,199999.96875,-3.415697629252645e-14,1.1666988935816384e-27,2.3081617493229874e-27,-0.5550239682197571,-0.5550239682197571,-6.932581982255215e-06
1699764.0099704,199999.96875,-1.827771569891997e-14,3.3407488964132095e-28,2.2650051259431694e-27,-0.5550239682197571,-0.5550239682197571,-6.932581982255215e-06
1699764.0102755,199999.96875,-4.497252612019743e-16,2.0225280734570186e-31,2.2025643586231964e-27,-0.5550239682197571,-0.5550239682197571,-6.932581982255215e-06
1699764.0188609,199999.96875,1.8921518337073652e-14,3.5802382849977623e-28,2.135183966181859e-27,-0.5550239682197571,-0.5550239682197571,-6.932581072760513e-06
1699764.0231906,199999.96875,3.936856334094303e-14,1.5498836486538727e-27,2.080839423162101e-27,-0.5550239682197571,-0.5550239682197571,-6.932581072760513e-06
1699764.0244207,199999.96875,6.039014909886911e-14,3.6469706020128134e-27,2.059733927273539e-27,-0.5550239682197571,-0.5550239682197571,-6.932581072760513e-06
1699764.0253412,199999.96875,8.147024450465973e-14,6.637400160075773e-27,2.0925588994666918e-27,-0.5550239682197571,-0.5550239682197571,-6.932581072760513e-06
1699764.0342138,199999.96875,1.0208573217448599e-13,1.0421497359314947e-26,2.198539550225416e-27,-0.5550239682197571,-0.5550239682197571,-6.932581072760513e-06
1699764.0384798,199999.96875,1.2171105865776272e-13,1.481358290860597e-26,2.393425556855927e-27,-0.5550239682197571,-0.5550239682197571,-6.932581072760513e-06
1699764.0394106,199999.96875,1.398248650110595e-13,1.9550993089529472e-26,2.6876377411013153e-27,-0.5550239682197571,-0.5550239682197571,-6.932581072760513e-06
1699764.0400902,199999.96875,1.5592288202768978e-13,2.4311945838093162e-26,3.084790303095218e-27,-0.5550239682197571,-0.5550239682197571,-6.93257970851846e-06
1699764.0497188,199999.96875,1.6954608561287748e-13,2.874587876358781e-26,3.580870760391499e-27,-0.5550239682197571,-0.5550239682197571,-6.93257970851846e-06
1699764.055784,199999.96875,1.8031450356274792e-13,3.25133212910399e-26,4.164285014724947e-27,-0.5550239682197571,-0.5550239682197571,-6.93257970851846e-06
1699764.0560373,199999.96875,1.8794355991207795e-13,3.53227846937384e-26,4.8167222871493e-27,-0.5550239682197571,-0.5550239682197571,-6.93257970851846e-06
1699764.0563799,199999.96875,1.9223912826188405e-13,3.695588392342936e-26,5.514607269215314e-27,-0.5550239682197571,-0.5550239682197571,-6.93257970851846e-06
1699764.0653284,199999.96875,1.9308606634144826e-13,3.7282225819157976e-26,6.230926867523014e-27,-0.5550239682197571,-0.5550239682197571,-6.93257970851846e-06
1699764.0727712,199999.96875,1.904397863364271e-13,3.626731312376039e-26,6.937288252460265e-27,-0.5550239682197571,-0.5550239682197571,-6.932578799023759e-06
1699764.0729503,199999.96875,1.843279896123276e-13,3.3976806181644606e-26,7.606108255363554e-27,-0.5550239682197571,-0.5550239682197571,-6.932578799023759e-06
1699764.073241,199999.96875,1.748566569315102e-13,3.0574852772342726e-26,8.21280469160871e-27,-0.5550239682197571,-0.5550239682197571,-6.932578799023759e-06
1699764.0796309,199999.96875,1.6220560322428162e-13,2.6310655904706813e-26,8.737725372043207e-27,-0.5550239682197571,-0.5550239682197571,-6.932578799023759e-06
1699764.0872439,199999.96875,1.4661167245522133e-13,2.1494980553075282e-26,9.167607572698015e-27,-0.5550239682197571,-0.5550239682197571,-6.932578799023759e-06
1699764.0874118,199999.96875,1.2834962855989146e-13,1.6473626668590883e-26,9.496460110702136e-27,-0.5550239682197571,-0.5550239682197571,-6.932578799023759e-06
1699764.0875885,199999.96875,1.0771696983815846e-13,1.1602945987375675e-26,9.725932352459941e-27,-0.5550239682197571,-0.5550239682197571,-6.932578344276408e-06
1699764.0942924,199999.96875,8.502660381326521e-14,7.229524239989718e-27,9.865200968970449e-27,-0.5550239682197571,-0.5550239682197571,-6.932578344276408e-06
1699764.1015263,199999.96875,6.060419093650848e-14,3.672867811603011e-27,9.930444542138489e-27,-0.5550239682197571,-0.5550239682197571,-6.932578344276408e-06
1699764.1017809,199999.96875,3.4783123375927566e-14,1.2098656280936644e-27,9.943961488860176e-27,-0.5550239682197571,-0.5550239682197571,-6.932578344276408e-06
1699764.1020325,199999.96875,7.895822599804196e-15,6.234401943292293e-29,9.932945939950259e-27,-0.5550239682197571,-0.5550239682197571,-6.932578344276408e-06
1699764.1087701,199999.96875,-1.9733934741839564e-14,3.8942818661770033e-28,9.928067174215137e-27,-0.5550239682197571,-0.5550239682197571,-6.932578344276408e-06
1699764.1148862,199999.96875,-4.779233649457315e-14,2.2841076546895686e-27,9.961961230120419e-27,-0.5550239682197571,-0.5550239682197571,-6.932577434781706e-06
1699764.1254861,199999.96875,-7.596482850310421e-14,5.7706550330897306e-27,1.0067605420917859e-26,-0.5550239682197571,-0.5550239682197571,-6.932577434781706e-06
1699764.1260081,199999.96875,-1.0391980245078036e-13,1.0799325525432857e-26,1.0276632760758028e-26,-0.5550239682197571,-0.5550239682197571,-6.932577434781706e-06
1699764.1396267,199999.96875,-1.313025209392915e-13,1.724035324614704e-26,1.0617523131286546e-26,-0.5550239682197571,-0.5550239682197571,-6.932577434781706e-06
1699764.1415032,199999.96875,-1.5774169893467e-13,2.4882443265475593e-26,1.111382372237547e-26,-0.5550239682197571,-0.5550239682197571,-6.932577434781706e-06
1699764.1420191,199999.96875,-1.8285973592529342e-13,3.3437684464172176e-26,1.1782537413945829e-26,-0.5550239682197571,-0.5550239682197571,-6.932577434781706e-06
1699764.1424257,199999.96875,-2.0627722891342765e-13,4.255029441100629e-26,1.2632765380542818e-26,-0.5550239682197571,-0.5550239682197571,-6.932576070539653e-06
1699764.1551251,199999.96875,-2.2760282157238687e-13,5.180304734654567e-26,1.3664574644528502e-26,-0.5550239682197571,-0.5550239682197571,-6.932576070539653e-06
1699764.1552786,199999.96875,-2.464175510776684e-13,6.072161291813497e-26,1.4868060533384887e-26,-0.5550239682197571,-0.5550239682197571,-6.932576070539653e-06
1699764.1555992,199999.96875,-2.62276447305157e-13,6.878893594323258e-26,1.6222744248827313e-26,-0.5550239682197571,-0.5550239682197571,-6.932576070539653e-06
1699764.1558637,199999.96875,-2.747307589756609e-13,7.547699730530947e-26,1.7697753904219232e-26,-0.5550239682197571,-0.5550239682197571,-6.932576070539653e-06
1699764.1696715,199999.96875,-2.8335574988810897e-13,8.029047863754835e-26,1.9252939252824014e-26,-0.5550239682197571,-0.5550239682197571,-6.932576070539653e-06
1699764.170572,199999.96875,-2.877768281919074e-13,8.281550529862019e-26,2.0841007158927286e-26,-0.5550239682197571,-0.5550239682197571,-6.932576070539653e-06
1699764.1709246,199999.96875,-2.8769001070294564e-13,8.276554205363092e-26,2.2410564567149063e-26,-0.5550239682197571,-0.5550239682197571,-6.9325751610449515e-06
1699764.1710865,199999.96875,-2.828696478440751e-13,8.001523397436026e-26,2.3909668376517244e-26,-0.5550239682197571,-0.5550239682197571,-6.9325751610449515e-06
1699764.1848934,199999.96875,-2.7316807127940324e-13,7.462079972625686e-26,2.52895417148883e-26,-0.5550239682197571,-0.5550239682197571,-6.9325751610449515e-06
1699764.1853184,199999.96875,-2.5852331885477253e-13,6.68343050204421e-26,2.6508259398488855e-26,-0.5550239682197571,-0.5550239682197571,-6.9325751610449515e-06
1699764.1856661,199999.96875,-2.389754518404563e-13,5.710927092170823e-26,2.7534219228047446e-26,-0.5550239682197571,-0.5550239682197571,-6.9325751610449515e-06
1699764.1858177,199999.96875,-2.1468262822836592e-13,4.6088631393761987e-26,2.834907248379791e-26,-0.5550239682197571,-0.5550239682197571,-6.9325751610449515e-06
1699764.2004127,199999.96875,-1.8593091476171164e-13,3.4570300753306977e-26,2.894979006312371e-26,-0.5550239682197571,-0.5550239682197571,-6.9325751610449515e-06
1699764.2006166,199999.96875,-1.5313691612527103e-13,2.345091648599607e-26,2.934948986006206e-26,-0.5550239682197571,-0.5550239682197571,-6.932574706297601e-06
1699764.2008488,199999.96875,-1.168394401411879e-13,1.3651455209747336e-26,2.9576885178967836e-26,-0.5550239682197571,-0.5550239682197571,-6.932574706297601e-06
1699764.2010932,199999.96875,-7.768330249902089e-14,6.034695406233354e-27,2.967425095249232e-26,-0.5550239682197571,-0.5550239682197571,-6.932574706297601e-06
1699764.2155814,199999.96875,-3.6403731185118485e-14,1.3252316243608792e-27,2.9694071082736e-26,-0.5550239682197571,-0.5550239682197571,-6.932574706297601e-06
1699764.2161408,199999.96875,6.18773280430438e-15,3.8288034980746184e-29,2.969483529173793e-26,-0.5550239682197571,-0.5550239682197571,-6.932574706297601e-06
1699764.2164576,199999.96875,4.921909234345545e-14,2.4225190397818294e-27,2.9736127229745595e-26,-0.5550239682197571,-0.5550239682197571,-6.932574706297601e-06
1699764.2166214,199999.96875,9.177768001958006e-14,8.42314243418304e-27,2.987358932396827e-26,-0.5550239682197571,-0.5550239682197571,-6.932574706297601e-06
1699764.2304219,199999.96875,1.3293616966773836e-13,1.7672025020906174e-26,3.015409408702047e-26,-0.5550239682197571,-0.5550239682197571,-6.932573796802899e-06
1699764.2311018,199999.96875,1.717898826664177e-13,2.951176409494426e-26,3.0611574863778346e-26,-0.5550239682197571,-0.5550239682197571,-6.932573796802899e-06
1699764.2317562,199999.96875,2.0749833871524376e-13,4.305555982080035e-26,3.126425865523558e-26,-0.5550239682197571,-0.5550239682197571,-6.932573796802899e-06
1699764.2322974,199999.96875,2.3931478001538997e-13,5.72715667270058e-26,3.2113418115899424e-26,-0.5550239682197571,-0.5550239682197571,-6.932573796802899e-06
1699764.245305,199999.96875,2.6660040819935504e-13,7.107577591473425e-26,3.3143910814175124e-26,-0.5550239682197571,-0.5550239682197571,-6.932573796802899e-06
1699764.2455868,199999.96875,2.8883270558263674e-13,8.342433951710362e-26,3.432616371058063e-26,-0.5550239682197571,-0.5550239682197571,-6.932573796802899e-06
1699764.2461545,199999.96875,3.056111407776646e-13,9.339816062382157e-26,3.561920842333893e-26,-0.5550239682197571,-0.5550239682197571,-6.932573796802899e-06
1699764.2463361,199999.96875,3.166603264326273e-13,1.0027376750313894e-25,3.697441907321414e-26,-0.5550239682197571,-0.5550239682197571,-6.932573796802899e-06
1699764.2589988,199999.96875,3.2183188948022023e-13,1.0357576052609526e-25,3.833947199547715e-26,-0.5550239682197571,-0.5550239682197571,-6.932573796802899e-06
1699764.2600783,199999.96875,3.211028990444953e-13,1.0310706621482918e-25,3.966249650412176e-26,-0.5550239682197571,-0.5550239682197571,-6.932573796802899e-06
1699764.2610357,199999.96875,3.145783601058577e-13,9.89595437239682e-26,4.089604692978201e-26,-0.5550239682197571,-0.5550239682197571,-6.932572432560846e-06
1699764.2613523,199999.96875,3.02504413662516e-13,9.150891887450294e-26,4.2000877442423145e-26,-0.5550239682197571,-0.5550239682197571,-6.932572432560846e-06
1699764.2752472,199999.96875,2.8528468107823224e-13,8.138735274840324e-26,4.29490882504988e-26,-0.5550239682197571,-0.5550239682197571,-6.932572432560846e-06
1699764.2756183,199999.96875,2.6347603569384925e-13,6.941963023695678e-26,4.3725983738161324e-26,-0.5550239682197571,-0.5550239682197571,-6.932572432560846e-06
1699764.2759189,199999.96875,2.377614164578157e-13,5.653049353630888e-26,4.433037753256497e-26,-0.5550239682197571,-0.5550239682197571,-6.932572432560846e-06
1699764.2761715,199999.96875,2.0891372399384212e-13,4.364494676907733e-26,4.4773378397628967e-26,-0.5550239682197571,-0.5550239682197571,-6.932572432560846e-06
1699764.2902534,199999.96875,1.777594998281229e-13,3.159843985620983e-26,4.5075875739902115e-26,-0.5550239682197571,-0.5550239682197571,-6.932572432560846e-06
1699764.290548,199999.96875,1.4514322903280696e-13,2.1066555125830408e-26,4.526514997186067e-26,-0.5550239682197571,-0.5550239682197571,-6.932572432560846e-06
1699764.2908699,199999.96875,1.1189351311821638e-13,1.2520157797438452e-26,4.537095902226135e-26,-0.5550239682197571,-0.5550239682197571,-6.932572432560846e-06
1699764.2931734,199999.96875,7.879275302959815e-14,6.208297575862453e-27,4.542166798732509e-26,-0.5550239682197571,-0.5550239682197571,-6.932572432560846e-06
1699764.3060978,199999.96875,4.655116217630248e-14,2.1670107288848358e-27,4.544081327171625e-26,-0.5550239682197571,-0.5550239682197571,-6.932572432560846e-06
1699764.3069956,199999.96875,1.578570749864814e-14,2.4918856437748134e-28,4.544455111655232e-26,-0.5550239682197571,-0.5550239682197571,-6.932572432560846e-06
1699764.3072622,199999.96875,-1.299541241083597e-14,1.688807282963092e-28,4.544013842586374e-26,-0.5550239682197571,-0.5550239682197571,-6.932572432560846e-06
1699764.3106516,199999.96875,-3.939912090154818e-14,1.5522907721948651e-27,4.542550443977431e-26,-0.5550239682197571,-0.5550239682197571,-6.9325715230661444e-06
1699764.3202225,199999.96875,-6.313898107688024e-14,3.986531310507727e-27,4.538981772827679e-26,-0.5550239682197571,-0.5550239682197571,-6.9325715230661444e-06
1699764.320721,199999.96875,-8.401806539989204e-14,7.059035528708716e-27,4.531501460923679e-26,-0.5550239682197571,-0.5550239682197571,-6.9325715230661444e-06
1699764.3209746,199999.96875,-1.0191925293090084e-13,1.0387533969931667e-26,4.517795927141837e-26,-0.5550239682197571,-0.5550239682197571,-6.9325715230661444e-06
1699764.3251116,199999.96875,-1.168051115899016e-13,1.3643432555970997e-26,4.495318013574905e-26,-0.5550239682197571,-0.5550239682197571,-6.9325715230661444e-06
1699764.3352127,199999.96875,-1.2871884005720424e-13,1.6568539577738197e-26,4.4615794187347337e-26,-0.5550239682197571,-0.5550239682197571,-6.9325715230661444e-06
1699764.3360266,199999.96875,-1.3778182154228213e-13,1.898383137281072e-26,4.414446828540525e-26,-0.5550239682197571,-0.5550239682197571,-6.9325715230661444e-06
1699764.3363848,199999.96875,-1.4418812823401017e-13,2.0790216534433906e-26,4.352421099123567e-26,-0.5550239682197571,-0.5550239682197571,-6.9325715230661444e-06
1699764.3406063,199999.96875,-1.4819598998482009e-13,2.1962052460956208e-26,4.2749022647875855e-26,-0.5550239682197571,-0.5550239682197571,-6.9325715230661444e-06
1699764.349216,199999.96875,-1.5011672189601394e-13,2.2535028945363055e-26,4.182394148806031e-26,-0.5550239682197571,-0.5550239682197571,-6.9325715230661444e-06
1699764.3618167,199999.96875,-1.5030138863104253e-13,2.259050805371305e-26,4.076621151813911e-26,-0.5550239682197571,-0.5550239682197571,-6.9325715230661444e-06
1699764.3623339,199999.96875,-1.4912589663563375e-13,2.2238531260052662e-26,3.9605171584513063e-26,-0.5550239682197571,-0.5550239682197571,-6.9325715230661444e-06
1699764.3663861,199999.96875,-1.469752461012372e-13,2.1601723294313e-26,3.8380893355977074e-26,-0.5550239682197571,-0.5550239682197571,-6.9325715230661444e-06
1699764.3795198,199999.96875,-1.4422701043442093e-13,2.0801431609686062e-26,3.714161136280233e-26,-0.5550239682197571,-0.5550239682197571,-6.9325715230661444e-06
1699764.3801536,199999.96875,-1.4123562887789765e-13,1.9947503546479916e-26,3.5940256322836416e-26,-0.5550239682197571,-0.5550239682197571,-6.9325715230661444e-06
1699764.3813346,199999.96875,-1.3831717347000116e-13,1.913163956269464e-26,3.483047694061018e-26,-0.5550239682197571,-0.5550239682197571,-6.9325715230661444e-06
1699764.3819493,199999.96875,-1.3573604046301924e-13,1.8424273227512407e-26,3.386227343896783e-26,-0.5550239682197571,-0.5550239682197571,-6.9325715230661444e-06
1699764.3943005,199999.96875,-1.3369347133269233e-13,1.78739441385076e-26,3.3077569460938784e-26,-0.5550239682197571,-0.5550239682197571,-6.9325715230661444e-06
1699764.3949473,199999.96875,-1.323187029779807e-13,1.7508237775459662e-26,3.2505959616420474e-26,-0.5550239682197571,-0.5550239682197571,-6.9325715230661444e-06
1699764.3952095,199999.96875,-1.3166323500207744e-13,1.733520606628009e-26,3.2161258215718e-26,-0.5550239682197571,-0.5550239682197571,-6.9325715230661444e-06
1699764.4011356,199999.96875,-1.316980107867599e-13,1.734436424835164e-26,3.203912652385265e-26,-0.5550239682197571,-0.5550239682197571,-6.9325715230661444e-06
1699764.4097071,199999.96875,-1.323140138035847e-13,1.7507000558063387e-26,3.2116237677338006e-26,-0.5550239682197571,-0.5550239682197571,-6.9325715230661444e-06
1699764.410599,199999.96875,-1.333261842942357e-13,1.7775871163507534e-26,3.2351062463597253e-26,-0.5550239682197571,-0.5550239682197571,-6.9325715230661444e-06
1699764.4109091,199999.96875,-1.3448061566244396e-13,1.8085035304876173e-26,3.268625439260632e-26,-0.5550239682197571,-0.5550239682197571,-6.9325715230661444e-06
1699764.4176026,199999.96875,-1.3546440716123015e-13,1.8350605636767617e-26,3.305250155678264e-26,-0.5550239682197571,-0.5550239682197571,-6.9325715230661444e-06
1699764.4249044,199999.96875,-1.3591855234623001e-13,1.8473852827256756e-26,3.337353404884057e-26,-0.5550239682197571,-0.5550239682197571,-6.9325715230661444e-06
1699764.4254329,199999.96875,-1.35452670672713e-13,1.8347425541243445e-26,3.357201576667725e-26,-0.5550239682197571,-0.5550239682197571,-6.9325715230661444e-06
1699764.4256578,199999.96875,-1.33661487368604e-13,1.7865391468810564e-26,3.357588303400558e-26,-0.5550239682197571,-0.5550239682197571,-6.9325715230661444e-06
1699764.4310282,199999.96875,-1.301424923773678e-13,1.6937070124456583e-26,3.332438739814772e-26,-0.5550239682197571,-0.5550239682197571,-6.9325715230661444e-06
1699764.4397767,199999.96875,-1.2451376193121921e-13,1.550367750404694e-26,3.2773349566923376e-26,-0.5550239682197571,-0.5550239682197571,-6.9325715230661444e-06
1699764.4399521,199999.96875,-1.164318614394963e-13,1.3556377440996783e-26,3.1899045164905614e-26,-0.5550239682197571,-0.5550239682197571,-6.9325715230661444e-06
1699764.4401791,199999.96875,-1.056087048324425e-13,1.1153197434158523e-26,3.070059288655188e-26,-0.5550239682197571,-0.5550239682197571,-6.9325715230661444e-06
1699764.4475459,199999.96875,-9.182706542853677e-14,8.432210482733193e-27,2.9200755683060876e-26,-0.5550239682197571,-0.5550239682197571,-6.9325715230661444e-06
1699764.4545022,199999.96875,-7.495391839747872e-14,5.6180897962431736e-27,2.7445151901467336e-26,-0.5550239682197571,-0.5550239682197571,-6.9325715230661444e-06
1699764.4549241,199999.96875,-5.495147590542544e-14,3.0196649820257638e-27,2.550007205045707e-26,-0.5550239682197571,-0.5550239682197571,-6.9325715230661444e-06
1699764.4591514,199999.96875,-3.188498659436982e-14,1.0166524842128482e-27,2.3448887326206665e-26,-0.5550239682197571,-0.5550239682197571,-6.9325715230661444e-06
1699764.4595557,199999.96875,-5.927478119612233e-15,3.513499576302708e-29,2.1387448950932343e-26,-0.5550239682197571,-0.5550239682197571,-6.9325715230661444e-06
1699764.4692387,199999.96875,2.2639081568068785e-14,5.125279953178451e-28,1.9418510679771007e-26,-0.5550239682197571,-0.5550239682197571,-6.9325715230661444e-06
1699764.4694989,199999.96875,5.342624739422715e-14,2.8543637630499684e-27,1.7645420995026387e-26,-0.5550239682197571,-0.5550239682197571,-6.9325715230661444e-06
1699764.4724846,199999.96875,8.594510601247704e-14,7.386560715795164e-27,1.616540392177906e-26,-0.5550239682197571,-0.5550239682197571,-6.9325715230661444e-06
1699764.4808382,199999.96875,1.1961575664427154e-13,1.430792769059117e-26,1.5063171103446913e-26,-0.5550239682197571,-0.5550239682197571,-6.9325715230661444e-06
1699764.4841538,199999.96875,1.5378002419640796e-13,2.3648296571904564e-26,1.4405524575708981e-26,-0.5550239682197571,-0.5550239682197571,-6.9325715230661444e-06
1699764.484333,199999.96875,1.8771696165802848e-13,3.52376616716844e-26,1.4237381647100243e-26,-0.5550239682197571,-0.5550239682197571,-6.9325715230661444e-06
1699764.4875697,199999.96875,2.2066098677008678e-13,4.869127149084868e-26,1.4579234212228977e-26,-0.5550239682197571,-0.5550239682197571,-6.9325715230661444e-06
1699764.4946608,199999.96875,2.5182172970136807e-13,6.341419240288059e-26,1.542618732754853e-26,-0.5550239682197571,-0.5550239682197571,-6.9325715230661444e-06
1699764.4993618,199999.96875,2.8040533762117847e-13,7.862714692996238e-26,1.674832744916268e-26,-0.5550239682197571,-0.5550239682197571,-6.9325715230661444e-06
1699764.5001506,199999.96875,3.056363213731206e-13,9.341355573742503e-26,1.849243574010416e-26,-0.5550239682197571,-0.5550239682197571,-6.9325715230661444e-06
1699764.5045174,199999.96875,3.267799713550096e-13,1.067851425113738e-25,2.0584795305821608e-26,-0.5550239682197571,-0.5550239682197571,-6.9325715230661444e-06
1699764.512674,199999.96875,3.4316343169860097e-13,1.1776113127948935e-25,2.2935033809604595e-26,-0.5550239682197571,-0.5550239682197571,-6.9325715230661444e-06
1699764.514801,199999.96875,3.541963543209764e-13,1.2545505192548126e-25,2.5440759571145764e-26,-0.5550239682197571,-0.5550239682197571,-6.9325715230661444e-06
1699764.5156603,199999.96875,3.593888695755526e-13,1.2916035624920764e-25,2.7992920274018087e-26,-0.5550239682197571,-0.5550239682197571,-6.9325715230661444e-06
1699764.5213329,199999.96875,3.5836820165037475e-13,1.2842777563919349e-25,3.048174869659918e-26,-0.5550239682197571,-0.5550239682197571,-6.9325715230661444e-06
1699764.5215051,199999.96875,3.508914892588061e-13,1.2312485541907154e-25,3.280306435484934e-26,-0.5550239682197571,-0.5550239682197571,-6.9325715230661444e-06
1699764.5305727,199999.96875,3.368557602995148e-13,1.1347179871496326e-25,3.486474308618072e-26,-0.5550239682197571,-0.5550239682197571,-6.9325715230661444e-06
1699764.5308408,199999.96875,3.1630462680488913e-13,1.0004861550743238e-25,3.659285075114423e-26,-0.5550239682197571,-0.5550239682197571,-6.9325715230661444e-06
1699764.5349115,199999.96875,2.8943031782011075e-13,8.3769909897397e-26,3.793687868139035e-26,-0.5550239682197571,-0.5550239682197571,-6.9325715230661444e-06
1699764.544877,199999.96875,2.565696407500623e-13,6.582797735036462e-26,3.887375885841719e-26,-0.5550239682197571,-0.5550239682197571,-6.932572432560846e-06
1699764.5452793,199999.96875,2.1818590228810109e-13,4.760508706155712e-26,3.9410054851475215e-26,-0.5550239682197571,-0.5550239682197571,-6.932572432560846e-06
1699764.5465374,199999.96875,1.7484492044299305e-13,3.0570745148957337e-26,3.958222990701552e-26,-0.5550239682197571,-0.5550239682197571,-6.932572432560846e-06
1699764.5508285,199999.96875,1.271992087397214e-13,1.617964039592797e-26,3.9455124693661787e-26,-0.5550239682197571,-0.5550239682197571,-6.932572432560846e-06
1699764.5603055,199999.96875,7.598372750222335e-14,5.773526979822801e-27,3.911878336966191e-26,-0.5550239682197571,-0.5550239682197571,-6.932572432560846e-06
1699764.5626223,199999.96875,2.2013244498726367e-14,4.845829925660294e-28,3.8683708091505057e-26,-0.5550239682197571,-0.5550239682197571,-6.932572432560846e-06
1699764.5629332,199999.96875,-3.382289972186578e-14,1.1439885202704185e-27,3.82745542896557e-26,-0.5550239682197571,-0.5550239682197571,-6.932572432560846e-06
1699764.5693323,199999.96875,-9.056911985791047e-14,8.202765203994608e-27,3.802257794168372e-26,-0.5550239682197571,-0.5550239682197571,-6.932572432560846e-06
1699764.5695252,199999.96875,-1.472148818864108e-13,2.1672223115485262e-26,3.805707519884758e-26,-0.5550239682197571,-0.5550239682197571,-6.932572432560846e-06
1699764.5748199,199999.96875,-2.0270941771937528e-13,4.109110819603746e-26,3.8496258100389825e-26,-0.5550239682197571,-0.5550239682197571,-6.932572432560846e-06
1699764.5753263,199999.96875,-2.5597913003681805e-13,6.55253197707201e-26,3.9438281280740154e-26,-0.5550239682197571,-0.5550239682197571,-6.932572432560846e-06
1699764.5806064,199999.96875,-3.0594783976233e-13,9.360408413496337e-26,4.0952884974300764e-26,-0.5550239682197571,-0.5550239682197571,-6.932572432560846e-06
1699764.5920889,199999.96875,-3.515594120071658e-13,1.2359403044245174e-25,4.307460033460254e-26,-0.5550239682197571,-0.5550239682197571,-6.932572432560846e-06
1699764.5926418,199999.96875,-3.9180133746749557e-13,1.5350828924386964e-25,4.5798059409704485e-26,-0.5550239682197571,-0.5550239682197571,-6.932572432560846e-06
1699764.5933454,199999.96875,-4.2573019762293107e-13,1.8124619174134757e-25,4.9076096945640535e-26,-0.5550239682197571,-0.5550239682197571,-6.932572432560846e-06
1699764.6001347,199999.96875,-4.524961134955152e-13,2.047527306248815e-25,5.28210230409268e-26,-0.5550239682197571,-0.5550239682197571,-6.932572432560846e-06
1699764.600472,199999.96875,-4.71367573879472e-13,2.2218735781712272e-25,5.690924537842812e-26,-0.5550239682197571,-0.5550239682197571,-6.932572432560846e-06
1699764.6202496,199999.96875,-4.817535259604711e-13,2.3208642819009517e-25,6.118926568648712e-26,-0.5550239682197571,-0.5550239682197571,-6.932572432560846e-06
1699764.6204485,199999.96875,-4.832243004175563e-13,2.335057122181042e-25,6.549236633899966e-26,-0.5550239682197571,-0.5550239682197571,-6.932572432560846e-06
1699764.6206691,199999.96875,-4.755284707669283e-13,2.2612732360824907e-25,6.964544167107629e-26,-0.5550239682197571,-0.5550239682197571,-6.932572432560846e-06
1699764.6209415,199999.96875,-4.586062432587745e-13,2.1031970970707453e-25,7.348488932654518e-26,-0.5550239682197571,-0.5550239682197571,-6.932572432560846e-06
1699764.6354885,199999.96875,-4.3260290098420806e-13,1.8714528126463865e-25,7.687048927950327e-26,-0.5550239682197571,-0.5550239682197571,-6.932573796802899e-06
1699764.6359132,199999.96875,-3.9789192448659583e-13,1.5831797418300215e-25,7.969810572748559e-26,-0.5550239682197571,-0.5550239682197571,-6.932573796802899e-06
1699764.6367687,199999.96875,-3.5509616080897644e-13,1.2609327737565999e-25,8.190989297942647e-26,-0.5550239682197571,-0.5550239682197571,-6.932573796802899e-06
1699764.6372819,199999.96875,-3.05086332716073e-13,9.307766739214807e-26,8.350032284601354e-26,-0.5550239682197571,-0.5550239682197571,-6.932573796802899e-06
1699764.6499887,199999.96875,-2.4895138576487563e-13,6.197679538893057e-26,8.451680093726992e-26,-0.5550239682197571,-0.5550239682197571,-6.932573796802899e-06
1699764.6510807,199999.96875,-1.8795758677768448e-13,3.5328050956578335e-26,8.505471779296915e-26,-0.5550239682197571,-0.5550239682197571,-6.932573796802899e-06
1699764.6512566,199999.96875,-1.2350320419129979e-13,1.525304160331625e-26,8.52474032320452e-26,-0.5550239682197571,-0.5550239682197571,-6.932573796802899e-06
1699764.6515609,199999.96875,-5.707009165375684e-14,3.256995210549664e-27,8.525214872342817e-26,-0.5550239682197571,-0.5550239682197571,-6.932573796802899e-06
1699764.6641843,199999.96875,9.824819011464408e-15,9.65270671448914e-29,8.523374607762356e-26,-0.5550239682197571,-0.5550239682197571,-6.932573796802899e-06
1699764.6656568,199999.96875,7.567736584959683e-14,5.72706353472847e-27,8.534758856700827e-26,-0.5550239682197571,-0.5550239682197571,-6.932573796802899e-06
1699764.6658291,199999.96875,1.3904155604649304e-13,1.9332552574493116e-26,8.572398615236349e-26,-0.5550239682197571,-0.5550239682197571,-6.932573796802899e-06
1699764.6661396,199999.96875,1.9857076052898215e-13,3.943034336788137e-26,8.645550673053625e-26,-0.5550239682197571,-0.5550239682197571,-6.932573796802899e-06
1699764.6792657,199999.96875,2.530542236259953e-13,6.403644341972859e-26,8.758850820565992e-26,-0.5550239682197571,-0.5550239682197571,-6.932573796802899e-06
1699764.6802864,199999.96875,3.0144709970390815e-13,9.0870354460654e-26,8.91197673413796e-26,-0.5550239682197571,-0.5550239682197571,-6.932573796802899e-06
1699764.681482,199999.96875,3.4289411587895557e-13,1.1757636526434462e-25,9.099832865359864e-26,-0.5550239682197571,-0.5550239682197571,-6.932573796802899e-06
1699764.6817222,199999.96875,3.767458079447644e-13,1.4193741307155592e-25,9.313231449876209e-26,-0.5550239682197571,-0.5550239682197571,-6.932573796802899e-06
1699764.6949338,199999.96875,4.025678716160913e-13,1.6206089731114626e-25,9.539971028154523e-26,-0.5550239682197571,-0.5550239682197571,-6.932573796802899e-06
1699764.6954426,199999.96875,4.2014259909670115e-13,1.7651981790937738e-25,9.766181823107306e-26,-0.5550239682197571,-0.5550239682197571,-6.932573796802899e-06
1699764.695839,199999.96875,4.29464352535297e-13,1.8443962394519867e-25,9.977806703182069e-26,-0.5550239682197571,-0.5550239682197571,-6.932573796802899e-06
1699764.6960793,199999.96875,4.307280714824918e-13,1.8552667427259322e-25,1.0162034074239956e-25,-0.5550239682197571,-0.5550239682197571,-6.932573796802899e-06
1699764.7093928,199999.96875,4.2431206118132003e-13,1.800407136705567e-25,1.0308545265862129e-25,-0.5550239682197571,-0.5550239682197571,-6.932573796802899e-06
1699764.7107576,199999.96875,4.1075685062487433e-13,1.687211759782174e-25,1.0410465478519101e-25,-0.5550239682197571,-0.5550239682197571,-6.932573796802899e-06
1699764.7109412,199999.96875,3.90735973307757e-13,1.5267459885251912e-25,1.0464904276550337e-25,-0.5550239682197571,-0.5550239682197571,-6.932574706297601e-06
1699764.7110852,199999.96875,3.6501582464064375e-13,1.332365361319527e-25,1.0473055428372566e-25,-0.5550239682197571,-0.5550239682197571,-6.932574706297601e-06
1699764.7246364,199999.96875,3.344101796691479e-13,1.1183016684524669e-25,1.04398604079999e-25,-0.5550239682197571,-0.5550239682197571,-6.932574706297601e-06
1699764.7263594,199999.96875,2.9974720622272244e-13,8.984838515794017e-26,1.0373307664692863e-25,-0.5550239682197571,-0.5550239682197571,-6.932574706297601e-06
1699764.7265342,199999.96875,2.618506540069676e-13,6.856575609978907e-26,1.028349585063345e-25,-0.5550239682197571,-0.5550239682197571,-6.932574706297601e-06
1699764.7267778,199999.96875,2.2152787416962472e-13,4.907460242400369e-26,1.0181548520882861e-25,-0.5550239682197571,-0.5550239682197571,-6.932574706297601e-06
1699764.7395035,199999.96875,1.795591263566501e-13,3.2241478590505575e-26,1.007849062288914e-25,-0.5550239682197571,-0.5550239682197571,-6.932574706297601e-06
1699764.7460135,199999.96875,1.366892032504327e-13,1.8683936347078427e-26,9.984202023192599e-26,-0.5550239682197571,-0.5550239682197571,-6.932574706297601e-06
1699764.7465173,199999.96875,9.362060687237092e-14,8.764817813756891e-27,9.90652202703887e-26,-0.5550239682197571,-0.5550239682197571,-6.932574706297601e-06
1699764.7468692,199999.96875,5.10082529328864e-14,2.6018416065317472e-27,9.850583776990132e-26,-0.5550239682197571,-0.5550239682197571,-6.932574706297601e-06
1699764.753817,199999.96875,9.455390673717128e-15,8.940441246862624e-29,9.818403182437772e-26,-0.5550239682197571,-0.5550239682197571,-6.932574706297601e-06
1699764.7608531,199999.96875,-3.048929313772923e-14,9.29596887756148e-28,9.808716217040691e-26,-0.5550239682197571,-0.5550239682197571,-6.932574706297601e-06
1699764.7610344,199999.96875,-6.833366473580141e-14,4.669489565132762e-27,9.817086154504603e-26,-0.5550239682197571,-0.5550239682197571,-6.932574706297601e-06
1699764.7614015,199999.96875,-1.0364341898822307e-13,1.0741958235365383e-26,9.836281975297508e-26,-0.5550239682197571,-0.5550239682197571,-6.932574706297601e-06
1699764.7696292,199999.96875,-1.3604276125761539e-13,1.8507633638481309e-26,9.856890966446407e-26,-0.5550239682197571,-0.5550239682197571,-6.932574706297601e-06
1699764.7768272,199999.96875,-1.6521467082874358e-13,2.729588770854546e-26,9.868139013619211e-26,-0.5550239682197571,-0.5550239682197571,-6.932574706297601e-06
1699764.7771678,199999.96875,-1.9090065357489638e-13,3.644305654230166e-26,9.858842164591665e-26,-0.5550239682197571,-0.5550239682197571,-6.932574706297601e-06
1699764.7773362,199999.96875,-2.1290041669723425e-13,4.532658559634267e-26,9.818445706970945e-26,-0.5550239682197571,-0.5550239682197571,-6.932574706297601e-06
1699764.784136,199999.96875,-2.3107110300700506e-13,5.339385315465788e-26,9.738024419171573e-26,-0.5550239682197571,-0.5550239682197571,-6.932574706297601e-06
1699764.7918209,199999.96875,-2.4532632869611604e-13,6.018500877628584e-26,9.611207016788727e-26,-0.5550239682197571,-0.5550239682197571,-6.932574706297601e-06
1699764.7921597,199999.96875,-2.5563500426727115e-13,6.534925587743608e-26,9.434888592603262e-26,-0.5550239682197571,-0.5550239682197571,-6.932574706297601e-06
1699764.792373,199999.96875,-2.620197353357667e-13,6.865434887723089e-26,9.209704549422431e-26,-0.5550239682197571,-0.5550239682197571,-6.932574706297601e-06
1699764.8001687,199999.96875,-2.6455503369590683e-13,6.998936653682519e-26,8.940178511499611e-26,-0.5550239682197571,-0.5550239682197571,-6.932574706297601e-06
1699764.8081684,199999.96875,-2.633651489166583e-13,6.936120522616384e-26,8.634525109307997e-26,-0.5550239682197571,-0.5550239682197571,-6.932574706297601e-06
1699764.8093797,199999.96875,-2.5862119520589366e-13,6.688492154086851e-26,8.304123661405402e-26,-0.5550239682197571,-0.5550239682197571,-6.932574706297601e-06
1699764.809594,199999.96875,-2.5053830537968835e-13,6.276944652428214e-26,7.962650427438514e-26,-0.5550239682197571,-0.5550239682197571,-6.932574706297601e-06
1699764.8141672,199999.96875,-2.39371836154717e-13,5.729888103584908e-26,7.624993308100633e-26,-0.5550239682197571,-0.5550239682197571,-6.932574706297601e-06
1699764.8221442,199999.96875,-2.2541319396988946e-13,5.081110714352473e-26,7.305976109136509e-26,-0.5550239682197571,-0.5550239682197571,-6.932574706297601e-06
1699764.8232818,199999.96875,-2.0898510515437313e-13,4.3674775572056e-26,7.019035966730935e-26,-0.5550239682197571,-0.5550239682197571,-6.932574706297601e-06
1699764.8236975,199999.96875,-1.9043660149254543e-13,3.626609901752345e-26,6.774931587776444e-26,-0.5550239682197571,-0.5550239682197571,-6.932574706297601e-06
1699764.8294189,199999.96875,-1.7013720618984374e-13,2.8946668515869845e-26,6.58063822830842e-26,-0.5550239682197571,-0.5550239682197571,-6.932574706297601e-06
1699764.8396417,199999.96875,-1.484709436557624e-13,2.2043620986704852e-26,6.43857115855152e-26,-0.5550239682197571,-0.5550239682197571,-6.932574706297601e-06
1699764.8400902,199999.96875,-1.258315283567124e-13,1.5833572355336962e-26,6.346284293401976e-26,-0.5550239682197571,-0.5550239682197571,-6.9325751610449515e-06
1699764.8403482,199999.96875,-1.0262210731800531e-13,1.0531296936560396e-26,6.296690826962027e-26,-0.5550239682197571,-0.5550239682197571,-6.9325751610449515e-06
1699764.8595534,199999.96875,-7.925619524822708e-14,6.281544543507388e-27,6.278747939153742e-26,-0.5550239682197571,-0.5550239682197571,-6.9325751610449515e-06
1699764.8609185,199999.96875,-5.615263977539961e-14,3.1531192160341663e-27,6.278539014273375e-26,-0.5550239682197571,-0.5550239682197571,-6.9325751610449515e-06
1699764.861133,199999.96875,-3.372343094880381e-14,1.1372698173629264e-27,6.280621483803642e-26,-0.5550239682197571,-0.5550239682197571,-6.9325751610449515e-06
1699764.866719,199999.96875,-1.235974467710772e-14,1.527632826301508e-28,6.269472044243991e-26,-0.5550239682197571,-0.5550239682197571,-6.9325751610449515e-06
1699764.8749544,199999.96875,7.581568294175167e-15,5.748017965487019e-29,6.230921397881972e-26,-0.5550239682197571,-0.5550239682197571,-6.9325751610449515e-06
1699764.8753612,199999.96875,2.5790111894490562e-14,6.651298248333455e-28,6.15339116204072e-26,-0.5550239682197571,-0.5550239682197571,-6.9325751610449515e-06
1699764.8756025,199999.96875,4.201241744360325e-14,1.765043342029965e-27,6.028848514033788e-26,-0.5550239682197571,-0.5550239682197571,-6.9325751610449515e-06
1699764.8806947,199999.96875,5.606025558590848e-14,3.1427521277365242e-27,5.853394139058573e-26,-0.5550239682197571,-0.5550239682197571,-6.9325751610449515e-06
1699764.8898883,199999.96875,6.781641220809931e-14,4.599065240414321e-27,5.627439723899987e-26,-0.5550239682197571,-0.5550239682197571,-6.9325751610449515e-06
1699764.8900549,199999.96875,7.723783770766449e-14,5.965683558536126e-27,5.35549595056218e-26,-0.5550239682197571,-0.5550239682197571,-6.9325751610449515e-06
1699764.8903213,199999.96875,8.435593667815641e-14,7.115924417778004e-27,5.0456055024929144e-26,-0.5550239682197571,-0.5550239682197571,-6.9325751610449515e-06
1699764.8966079,199999.96875,8.927400648155864e-14,7.969847858752283e-27,4.7085055161693456e-26,-0.5550239682197571,-0.5550239682197571,-6.9325751610449515e-06
1699764.9041922,199999.96875,9.216215843873415e-14,8.49386258174094e-27,4.356614387872883e-26,-0.5550239682197571,-0.5550239682197571,-6.9325751610449515e-06
1699764.9047528,199999.96875,9.324950479751987e-14,8.695470469063351e-27,4.002952328473957e-26,-0.5550239682197571,-0.5550239682197571,-6.9325751610449515e-06
1699764.9054421,199999.96875,9.281441446570143e-14,8.614515159409e-27,3.6600995123693056e-26,-0.5550239682197571,-0.5550239682197571,-6.9325751610449515e-06
1699764.9126937,199999.96875,9.117283750886829e-14,8.312486203298327e-27,3.339282108167564e-26,-0.5550239682197571,-0.5550239682197571,-6.9325751610449515e-06
1699764.9191862,199999.96875,8.866540314456106e-14,7.861553588351366e-27,3.049656449047536e-26,-0.5550239682197571,-0.5550239682197571,-6.9325751610449515e-06
1699764.9196522,199999.96875,8.564358938830882e-14,7.334824844885079e-27,2.7978523562497804e-26,-0.5550239682197571,-0.5550239682197571,-6.9325751610449515e-06
1699764.9238512,199999.96875,8.245563520165033e-14,6.79893175637142e-27,2.587790714992278e-26,-0.5550239682197571,-0.5550239682197571,-6.9325751610449515e-06
1699764.9314096,199999.96875,7.943264237553552e-14,6.3095448685968565e-27,2.420712594531192e-26,-0.5550239682197571,-0.5550239682197571,-6.9325751610449515e-06
1699764.9347089,199999.96875,7.687535504008469e-14,5.909820419755219e-27,2.2954008071416698e-26,-0.5550239682197571,-0.5550239682197571,-6.9325751610449515e-06
1699764.9348834,199999.96875,7.504226054574556e-14,5.6313409646325355e-27,2.2085142495561885e-26,-0.5550239682197571,-0.5550239682197571,-6.9325751610449515e-06
1699764.9386639,199999.96875,7.413907947848367e-14,5.4966032909091934e-27,2.1550245498015463e-26,-0.5550239682197571,-0.5550239682197571,-6.9325751610449515e-06
1699764.9462787,199999.96875,7.431055282832583e-14,5.5220583069841595e-27,2.128700477098475e-26,-0.5550239682197571,-0.5550239682197571,-6.9325751610449515e-06
1699764.9494085,199999.96875,7.563435690466705e-14,5.720556202632374e-27,2.122612227358278e-26,-0.5550239682197571,-0.5550239682197571,-6.9325751610449515e-06
1699764.9497211,199999.96875,7.811745770646555e-14,6.102337147368145e-27,2.1296133678921144e-26,-0.5550239682197571,-0.5550239682197571,-6.9325751610449515e-06
1699764.9532248,199999.96875,8.169535875698561e-14,6.674131495975127e-27,2.1427825687030433e-26,-0.5550239682197571,-0.5550239682197571,-6.9325751610449515e-06
1699764.961327,199999.96875,8.623370030200195e-14,7.43625124910431e-27,2.1557958462256745e-26,-0.5550239682197571,-0.5550239682197571,-6.9325751610449515e-06
1699764.9647781,199999.96875,9.15327248674977e-14,8.378238992343663e-27,2.1632136039250808e-26,-0.5550239682197571,-0.5550239682197571,-6.9325751610449515e-06
1699764.9649776,199999.96875,9.733403319445166e-14,9.473913634029183e-27,2.1606773852999162e-26,-0.5550239682197571,-0.5550239682197571,-6.9325751610449515e-06
1699764.9687312,199999.96875,1.0332961699818788e-13,1.0677008944292846e-26,2.1450160311409503e-26,-0.5550239682197571,-0.5550239682197571,-6.9325751610449515e-06
1699764.9776469,199999.96875,1.0917281618658126e-13,1.1918704512873895e-26,2.1142615491938105e-26,-0.5550239682197571,-0.5550239682197571,-6.9325751610449515e-06
1699764.9797176,199999.96875,1.1449077363251403e-13,1.3108136505740097e-26,2.0675917984838368e-26,-0.5550239682197571,-0.5550239682197571,-6.9325751610449515e-06
1699764.9799426,199999.96875,1.188980283586133e-13,1.41367417926703e-26,2.0052121601802986e-26,-0.5550239682197571,-0.5550239682197571,-6.9325751610449515e-06
1699764.9837819,199999.96875,1.220107999008735e-13,1.4886635742512513e-26,1.9281976113409552e-26,-0.5550239682197571,-0.5550239682197571,-6.9325751610449515e-06
1699764.9938131,199999.96875,1.2346131332986038e-13,1.5242695507655003e-26,1.838313074166843e-26,-0.5550239682197571,-0.5550239682197571,-6.9325751610449515e-06
1699764.9948401,199999.96875,1.229120294042249e-13,1.5107368884554667e-26,1.7378292970995922e-26,-0.5550239682197571,-0.5550239682197571,-6.9325751610449515e-06
1699764.9950325,199999.96875,1.2006903446753342e-13,1.4416573250613942e-26,1.629353681135112e-26,-0.5550239682197571,-0.5550239682197571,-6.9325751610449515e-06
1699764.9996154,199999.96875,1.1469406153985506e-13,1.3154728602954713e-26,1.5156845254453997e-26,-0.5550239682197571,-0.5550239682197571,-6.9325751610449515e-06
1699765.0101534,199999.96875,1.0661511549905217e-13,1.1366783064991068e-26,1.3996956256562718e-26,-0.5550239682197571,-0.5550239682197571,-6.9325751610449515e-06
1699765.0103174,199999.96875,9.573505183047004e-14,9.165200160267531e-27,1.2842561551616786e-26,-0.5550239682197571,-0.5550239682197571,-6.9325751610449515e-06
1699765.0106848,199999.96875,8.203783789448305e-14,6.730207642607883e-27,1.1721776635316345e-26,-0.5550239682197571,-0.5550239682197571,-6.9325751610449515e-06
1699765.0175945,199999.96875,6.559240862047053e-14,4.302364176901801e-27,1.0661847253398652e-26,-0.5550239682197571,-0.5550239682197571,-6.9325751610449515e-06
1699765.0286368,199999.96875,4.655395399689663e-14,2.1672705368343336e-27,9.68897067533924e-27,-0.5550239682197571,-0.5550239682197571,-6.9325751610449515e-06
1699765.0303499,199999.96875,2.5162475727168176e-14,6.331501432927843e-28,8.828138538468454e-27,-0.5550239682197571,-0.5550239682197571,-6.9325751610449515e-06
1699765.0309213,199999.96875,1.7387457178059625e-15,3.023236617602997e-30,8.102875691870998e-27,-0.5550239682197571,-0.5550239682197571,-6.9325751610449515e-06
1699765.0364619,199999.96875,-2.3322254297610846e-14,5.439275386109082e-28,7.534821884402005e-27,-0.5550239682197571,-0.5550239682197571,-6.9325751610449515e-06
1699765.0472848,199999.96875,-4.9560236557028015e-14,2.456217036018773e-27,7.143072326274086e-27,-0.5550239682197571,-0.5550239682197571,-6.9325751610449515e-06
1699765.0497674,199999.96875,-7.64605799464732e-14,5.846220435201719e-27,6.94332565764993e-27,-0.5550239682197571,-0.5550239682197571,-6.9325751610449515e-06
1699765.0530915,199999.96875,-1.0346713449124051e-13,1.0705448766595623e-26,6.946810050105316e-27,-0.5550239682197571,-0.5550239682197571,-6.9325751610449515e-06
1699765.0580969,199999.96875,-1.2999627416188098e-13,1.6899032237682958e-26,7.159159233913564e-27,-0.5550239682197571,-0.5550239682197571,-6.9325751610449515e-06
1699765.0595222,199999.96875,-1.5545214854945089e-13,2.416537024337365e-26,7.579404081126658e-27,-0.5550239682197571,-0.5550239682197571,-6.9325751610449515e-06
1699765.0600158,199999.96875,-1.7924225471921407e-13,3.2127784012540597e-26,8.199214559549136e-27,-0.5550239682197571,-0.5550239682197571,-6.9325751610449515e-06
1699765.0604025,199999.96875,-2.0079330721994165e-13,4.0317956716186824e-26,9.002517628237119e-27,-0.5550239682197571,-0.5550239682197571,-6.9325751610449515e-06
1699765.0668998,199999.96875,-2.195666608598157e-13,4.82095178338157e-26,9.965558867256535e-27,-0.5550239682197571,-0.5550239682197571,-6.9325751610449515e-06
1699765.0782168,199999.96875,-2.35072974540812e-13,5.525929965432762e-26,1.1057442508439523e-26,-0.5550239682197571,-0.5550239682197571,-6.9325751610449515e-06
1699765.0784527,199999.96875,-2.468856282605847e-13,6.095250880730766e-26,1.224119069685385e-26,-0.5550239682197571,-0.5550239682197571,-6.9325751610449515e-06
1699765.0821888,199999.96875,-2.546527170989993e-13,6.484800256490217e-26,1.3475297331082036e-26,-0.5550239682197571,-0.5550239682197571,-6.9325751610449515e-06
1699765.0912303,199999.96875,-2.581067683801036e-13,6.661910623068814e-26,1.4715699445112435e-26,-0.5550239682197571,-0.5550239682197571,-6.9325751610449515e-06
1699765.0915239,199999.96875,-2.570712197801084e-13,6.608562055460497e-26,1.5918096027992274e-26,-0.5550239682197571,-0.5550239682197571,-6.932574706297601e-06
1699765.1028628,199999.96875,-2.5145952486059497e-13,6.323188541508885e-26,1.7040415525272402e-26,-0.5550239682197571,-0.5550239682197571,-6.932574706297601e-06
1699765.103595,199999.96875,-2.412699760031417e-13,5.821119867273718e-26,1.804524251073722e-26,-0.5550239682197571,-0.5550239682197571,-6.932574706297601e-06
1699765.1040073,199999.96875,-2.2658489125769454e-13,5.134071322632793e-26,1.8902179646888478e-26,-0.5550239682197571,-0.5550239682197571,-6.932574706297601e-06
1699765.1043007,199999.96875,-2.07573907606666e-13,4.308692628624662e-26,1.9590009348714846e-26,-0.5550239682197571,-0.5550239682197571,-6.932574706297601e-06
1699765.1145721,199999.96875,-1.8449681344311075e-13,3.403907072637467e-26,2.0098499535607786e-26,-0.5550239682197571,-0.5550239682197571,-6.932574706297601e-06
1699765.1198664,199999.96875,-1.577044023799365e-13,2.4870676603887365e-26,2.0429665500661105e-26,-0.5550239682197571,-0.5550239682197571,-6.932574706297601e-06
1699765.1204195,199999.96875,-1.2763611511017875e-13,1.6290976094897064e-26,2.059825216352903e-26,-0.5550239682197571,-0.5550239682197571,-6.932574706297601e-06
1699765.1208222,199999.96875,-9.481512661590683e-14,8.989908179705227e-27,2.0631355047413158e-26,-0.5550239682197571,-0.5550239682197571,-6.932574706297601e-06
1699765.1291983,199999.96875,-5.984028241456593e-14,3.5808595899978216e-27,2.0566992009415692e-26,-0.5550239682197571,-0.5550239682197571,-6.932574706297601e-06
1699765.1357769,199999.96875,-2.3375353099008324e-14,5.464071252660582e-28,2.0451728954104005e-26,-0.5550239682197571,-0.5550239682197571,-6.932574706297601e-06
1699765.1363392,199999.96875,1.3864129401539981e-14,1.922140677221654e-28,2.0337376478470024e-26,-0.5550239682197571,-0.5550239682197571,-6.932574706297601e-06
1699765.1373664,199999.96875,5.1126403864633005e-14,2.6139090983772887e-27,2.0277028619220616e-26,-0.5550239682197571,-0.5550239682197571,-6.932574706297601e-06
1699765.1441563,199999.96875,8.764068979002712e-14,7.680890574360155e-27,2.0320716414079096e-26,-0.5550239682197571,-0.5550239682197571,-6.932574706297601e-06
1699765.1493887,199999.96875,1.2263573403309413e-13,1.5039522224473793e-26,2.0511066085318598e-26,-0.5550239682197571,-0.5550239682197571,-6.932574706297601e-06
1699765.1511815,199999.96875,1.5535909689799732e-13,2.4136448938584775e-26,2.0879380927883213e-26,-0.5550239682197571,-0.5550239682197571,-6.932574706297601e-06
1699765.152037,199999.96875,1.8509648566471248e-13,3.426071290735057e-26,2.144255057701324e-26,-0.5550239682197571,-0.5550239682197571,-6.932574706297601e-06
1699765.159608,199999.96875,2.1119076539649617e-13,4.460153922427096e-26,2.2201097344909596e-26,-0.5550239682197571,-0.5550239682197571,-6.932574706297601e-06
1699765.1669251,199999.96875,2.33059746631778e-13,5.431685122864557e-26,2.3138707834571345e-26,-0.5550239682197571,-0.5550239682197571,-6.932574706297601e-06
1699765.1675233,199999.96875,2.5021252973191077e-13,6.260630639129694e-26,2.4223272941965662e-26,-0.5550239682197571,-0.5550239682197571,-6.932574706297601e-06
1699765.1681044,199999.96875,2.6226343687908715e-13,6.878210120304594e-26,2.540943624653025e-26,-0.5550239682197571,-0.5550239682197571,-6.932574706297601e-06
1699765.1750461,199999.96875,2.6894364014463934e-13,7.233068721459368e-26,2.6642510582308245e-26,-0.5550239682197571,-0.5550239682197571,-6.932574706297601e-06
1699765.1813943,199999.96875,2.701092387952242e-13,7.295900259965057e-26,2.7863315973968515e-26,-0.5550239682197571,-0.5550239682197571,-6.932574706297601e-06
1699765.183203,199999.96875,2.657467887239029e-13,7.062136121844783e-26,2.9013579944369725e-26,-0.5550239682197571,-0.5550239682197571,-6.932574706297601e-06
1699765.1846268,199999.96875,2.5597444086242205e-13,6.55229162101495e-26,3.004130238501342e-26,-0.5550239682197571,-0.5550239682197571,-6.932574706297601e-06
1699765.1910031,199999.96875,2.410401793526834e-13,5.810037604150527e-26,3.09055734623929e-26,-0.5550239682197571,-0.5550239682197571,-6.932574706297601e-06
1699765.1981458,199999.96875,2.2131619724797408e-13,4.8980860480262564e-26,3.15803391962205e-26,-0.5550239682197571,-0.5550239682197571,-6.932574706297601e-06
1699765.1996247,199999.96875,1.9728988408240777e-13,3.892329993956265e-26,3.2056660190066354e-26,-0.5550239682197571,-0.5550239682197571,-6.932574706297601e-06
1699765.1999909,199999.96875,1.695517234641744e-13,2.874778620460473e-26,3.234328170662193e-26,-0.5550239682197571,-0.5550239682197571,-6.932574706297601e-06
1699765.2060147,199999.96875,1.387799380622723e-13,1.9259871059879853e-26,3.246538874658399e-26,-0.5550239682197571,-0.5550239682197571,-6.932574706297601e-06
1699765.2153225,199999.96875,1.0572340664602789e-13,1.1177437958810559e-26,3.2461595434965526e-26,-0.5550239682197571,-0.5550239682197571,-6.932574706297601e-06
1699765.215684,199999.96875,7.118195871061092e-14,5.066871312790047e-27,3.2379627856532405e-26,-0.5550239682197571,-0.5550239682197571,-6.932574706297601e-06
1699765.2161394,199999.96875,3.5985662827408074e-14,1.2949680426972643e-27,3.227092837047119e-26,-0.5550239682197571,-0.5550239682197571,-6.932574706297601e-06
1699765.2202455,199999.96875,9.73297289965302e-16,9.473075755197612e-31,3.2184899390971345e-26,-0.5550239682197571,-0.5550239682197571,-6.932574706297601e-06
1699765.2280294,199999.96875,-3.3029524617754144e-14,1.0909494688634634e-27,3.216337211642496e-26,-0.5550239682197571,-0.5550239682197571,-6.932574706297601e-06
1699765.228296,199999.96875,-6.523162001878524e-14,4.255164256196736e-27,3.22358086527493e-26,-0.5550239682197571,-0.5550239682197571,-6.932574706297601e-06
1699765.2288019,199999.96875,-9.489658408037838e-14,9.005362611950968e-27,3.2415863072878084e-26,-0.5550239682197571,-0.5550239682197571,-6.932574706297601e-06
1699765.2356379,199999.96875,-1.213614441147176e-13,1.4728600094251918e-26,3.269955717591819e-26,-0.5550239682197571,-0.5550239682197571,-6.932574706297601e-06
1699765.2430656,199999.96875,-1.4405336190397022e-13,2.0751372838571548e-26,3.3065459213448477e-26,-0.5550239682197571,-0.5550239682197571,-6.932574706297601e-06
1699765.2435231,199999.96875,-1.6250344711359055e-13,2.6407374565769985e-26,3.347668377517404e-26,-0.5550239682197571,-0.5550239682197571,-6.932574706297601e-06
1699765.2438866,199999.96875,-1.763581278626039e-13,3.1102187798555506e-26,3.3884617307810633e-26,-0.5550239682197571,-0.5550239682197571,-6.932574706297601e-06
1699765.2503555,199999.96875,-1.8538682145397695e-13,3.436827224288471e-26,3.4233999488649944e-26,-0.5550239682197571,-0.5550239682197571,-6.932574706297601e-06
1699765.258959,199999.96875,-1.894864202611063e-13,3.5905102708747505e-26,3.446879346003008e-26,-0.5550239682197571,-0.5550239682197571,-6.932574706297601e-06
1699765.2596253,199999.96875,-1.8868244369262682e-13,3.560106462251885e-26,3.4538262523496106e-26,-0.5550239682197571,-0.5550239682197571,-6.932574706297601e-06
1699765.260011,199999.96875,-1.831263412395076e-13,3.35352566973867e-26,3.44026092626772e-26,-0.5550239682197571,-0.5550239682197571,-6.932574706297601e-06
1699765.2665467,199999.96875,-1.730896648883748e-13,2.99600343043361e-26,3.4037616264080666e-26,-0.5550239682197571,-0.5550239682197571,-6.932574706297601e-06
1699765.274923,199999.96875,-1.5895507024348e-13,2.5266714052443467e-26,3.343776150136995e-26,-0.5550239682197571,-0.5550239682197571,-6.932574706297601e-06
1699765.2752135,199999.96875,-1.4120440385533006e-13,1.9938685868822533e-26,3.2617490989871917e-26,-0.5550239682197571,-0.5550239682197571,-6.932574706297601e-06
1699765.2756639,199999.96875,-1.2040412070146722e-13,1.449715261874315e-26,3.161046998501445e-26,-0.5550239682197571,-0.5550239682197571,-6.932574706297601e-06
1699765.2806185,199999.96875,-9.718900760135457e-14,9.445703382575777e-27,3.046700685843286e-26,-0.5550239682197571,-0.5550239682197571,-6.932574706297601e-06
1699765.2896827,199999.96875,-7.224386019966111e-14,5.219175778722134e-27,2.924967430364831e-26,-0.5550239682197571,-0.5550239682197571,-6.932574706297601e-06
1699765.2900205,199999.96875,-4.628452636890219e-14,2.1422575216816044e-27,2.8027876672880693e-26,-0.5550239682197571,-0.5550239682197571,-6.932574706297601e-06
1699765.2906175,199999.96875,-2.0038097496935005e-14,4.0152533778438543e-28,2.687168391973868e-26,-0.5550239682197571,-0.5550239682197571,-6.932574706297601e-06
1699765.2945002,199999.96875,5.776667715001868e-15,3.3369889996792795e-29,2.5845540741649385e-26,-0.5550239682197571,-0.5550239682197571,-6.932574706297601e-06
1699765.3043046,199999.96875,3.046843918656783e-14,9.283257739928524e-28,2.5002367071252697e-26,-0.5550239682197571,-0.5550239682197571,-6.932574706297601e-06
1699765.3045538,199999.96875,5.339131914361417e-14,2.850633044154696e-27,2.437859996235247e-26,-0.5550239682197571,-0.5550239682197571,-6.932574706297601e-06
1699765.3049363,199999.96875,7.396123644087815e-14,5.4702646581757424e-27,2.399059133054853e-26,-0.5550239682197571,-0.5550239682197571,-6.932574706297601e-06
1699765.3091771,199999.96875,9.167041176713978e-14,8.403464052383269e-27,2.3832840719919704e-26,-0.5550239682197571,-0.5550239682197571,-6.932574706297601e-06
1699765.3192727,199999.96875,1.0609948249834522e-13,1.1257099043542281e-26,2.3878186355274313e-26,-0.5550239682197571,-0.5550239682197571,-6.932574706297601e-06
1699765.3204865,199999.96875,1.1692694880903465e-13,1.3671913207988595e-26,2.408000840600654e-26,-0.5550239682197571,-0.5550239682197571,-6.932574706297601e-06
1699765.3211268,199999.96875,1.2393588217328444e-13,1.536010327855276e-26,2.4376279601955473e-26,-0.5550239682197571,-0.5550239682197571,-6.932574706297601e-06
1699765.3413341,199999.96875,1.2701751000814e-13,1.6133447351397832e-26,2.4695102667181202e-26,-0.5550239682197571,-0.5550239682197571,-6.932574706297601e-06
1699765.3422469,199999.96875,1.2617196783887286e-13,1.5919365601011614e-26,2.4961215340944987e-26,-0.5550239682197571,-0.5550239682197571,-6.932574706297601e-06
1699765.3425139,199999.96875,1.215060360269457e-13,1.4763716730485897e-26,2.51028697994706e-26,-0.5550239682197571,-0.5550239682197571,-6.932574706297601e-06
1699765.342958,199999.96875,1.1322796948090227e-13,1.282057205388375e-26,2.5058491751320053e-26,-0.5550239682197571,-0.5550239682197571,-6.932574706297601e-06
1699765.354753,199999.96875,1.0163982014973344e-13,1.0330653554954134e-26,2.4782373486309188e-26,-0.5550239682197571,-0.5550239682197571,-6.932574706297601e-06
1699765.35572,199999.96875,8.712727940377377e-14,7.591163038995109e-27,2.424898487709521e-26,-0.5550239682197571,-0.5550239682197571,-6.932574706297601e-06
1699765.3563693,199999.96875,7.014754174663324e-14,4.920677052199523e-27,2.3455369236027495e-26,-0.5550239682197571,-0.5550239682197571,-6.932574706297601e-06
1699765.3568357,199999.96875,5.121553544760668e-14,2.623031265558879e-27,2.2421493064025494e-26,-0.5550239682197571,-0.5550239682197571,-6.932574706297601e-06
1699765.3690963,199999.96875,3.088882163829014e-14,9.541192722555446e-28,2.11884464616387e-26,-0.5550239682197571,-0.5550239682197571,-6.932574706297601e-06
1699765.3719338,199999.96875,9.751750561302463e-15,9.509663082694639e-29,1.9814706824954527e-26,-0.5550239682197571,-0.5550239682197571,-6.932574706297601e-06
1699765.372163,199999.96875,-1.1600782827577132e-14,1.3457817061276042e-28,1.8370783219608974e-26,-0.5550239682197571,-0.5550239682197571,-6.932574706297601e-06
1699765.3726824,199999.96875,-3.257945196716468e-14,1.0614206294736322e-27,1.6932833078578931e-26,-0.5550239682197571,-0.5550239682197571,-6.932574706297601e-06
1699765.386552,199999.96875,-5.261613153094598e-14,2.7684574652875813e-27,1.5575775076701064e-26,-0.5550239682197571,-0.5550239682197571,-6.932574706297601e-06
1699765.3867589,199999.96875,-7.117857735508548e-14,5.066390215489939e-27,1.4366645442735647e-26,-0.5550239682197571,-0.5550239682197571,-6.932574706297601e-06
1699765.3871805,199999.96875,-8.778381802932236e-14,7.705998537859142e-27,1.3358755458287275e-26,-0.5550239682197571,-0.5550239682197571,-6.932574706297601e-06
1699765.3874957,199999.96875,-1.0200980414109412e-13,1.0405999786238452e-26,1.2587260278188814e-26,-0.5550239682197571,-0.5550239682197571,-6.932574706297601e-06
1699765.4020351,199999.96875,-1.1350538293552342e-13,1.2883471385123482e-26,1.206646339895124e-26,-0.5550239682197571,-0.5550239682197571,-6.932574706297601e-06
1699765.4025478,199999.96875,-1.219978707899666e-13,1.4883480298891628e-26,1.1789177250022098e-26,-0.5550239682197571,-0.5550239682197571,-6.932574706297601e-06
1699765.4028252,199999.96875,-1.2729849455366676e-13,1.6204908596798332e-26,1.1728079048466358e-26,-0.5550239682197571,-0.5550239682197571,-6.932574706297601e-06
1699765.4030742,199999.96875,-1.2930550185273615e-13,1.6719914589879123e-26,1.1838927101973532e-26,-0.5550239682197571,-0.5550239682197571,-6.932574706297601e-06
1699765.4146565,199999.96875,-1.2800470319124235e-13,1.6385203372984176e-26,1.206529320391703e-26,-0.5550239682197571,-0.5550239682197571,-6.932574706297601e-06
1699765.4158534,199999.96875,-1.234679405156397e-13,1.5244330236991799e-26,1.2344280334173054e-26,-0.5550239682197571,-0.5550239682197571,-6.932574706297601e-06
1699765.416456,199999.96875,-1.1584903500914956e-13,1.342099843260196e-26,1.2612682553454726e-26,-0.5550239682197571,-0.5550239682197571,-6.932574706297601e-06
1699765.4205633,199999.96875,-1.0537793240002896e-13,1.1104509154792436e-26,1.2812953845395732e-26,-0.5550239682197571,-0.5550239682197571,-6.932574706297601e-06
1699765.4307535,199999.96875,-9.235281539076573e-14,8.529043158849072e-27,1.2898430468187527e-26,-0.5550239682197571,-0.5550239682197571,-6.932574706297601e-06
1699765.431022,199999.96875,-7.713068465170503e-14,5.949142131429773e-27,1.2837306073984542e-26,-0.5550239682197571,-0.5550239682197571,-6.932574706297601e-06
1699765.4314167,199999.96875,-6.011671331096827e-14,3.614019481408303e-27,1.2615016010175345e-26,-0.5550239682197571,-0.5550239682197571,-6.932574706297601e-06
1699765.4345749,199999.96875,-4.1752554511649206e-14,1.743275904019517e-27,1.2234854387336815e-26,-0.5550239682197571,-0.5550239682197571,-6.932574706297601e-06
1699765.4456925,199999.96875,-2.250406112814466e-14,5.064327640815998e-28,1.171683392870707e-26,-0.5550239682197571,-0.5550239682197571,-6.932574706297601e-06
1699765.4463966,199999.96875,-2.8487208794149288e-15,8.115210508811351e-30,1.1094952690408387e-26,-0.5550239682197571,-0.5550239682197571,-6.932574706297601e-06
1699765.4467794,199999.96875,1.6736861123910728e-14,2.8012253818061316e-28,1.0413189667906838e-26,-0.5550239682197571,-0.5550239682197571,-6.932574706297601e-06
1699765.4509825,199999.96875,3.5789052927823195e-14,1.2808563688087502e-27,9.720705378590875e-27,-0.5550239682197571,-0.5550239682197571,-6.932574706297601e-06
1699765.4607643,199999.96875,5.3868628985655545e-14,2.9018290769013696e-27,9.06672119923519e-27,-0.5550239682197571,-0.5550239682197571,-6.932574706297601e-06
1699765.461556,199999.96875,7.057115308795048e-14,4.980287665466219e-27,8.495621340966154e-27,-0.5550239682197571,-0.5550239682197571,-6.932574706297601e-06
1699765.462045,199999.96875,8.553621949191487e-14,7.316444539867825e-27,8.042748929379206e-27,-0.5550239682197571,-0.5550239682197571,-6.932574706297601e-06
1699765.4661937,199999.96875,9.845518633222819e-14,9.693422654998685e-27,7.731284457284991e-27,-0.5550239682197571,-0.5550239682197571,-6.932574706297601e-06
1699765.4754574,199999.96875,1.0907729797518528e-13,1.1897856706411892e-26,7.570467766184702e-27,-0.5550239682197571,-0.5550239682197571,-6.932574706297601e-06
1699765.4765612,199999.96875,1.1721428948979762e-13,1.3739191333549886e-26,7.555307616034463e-27,-0.5550239682197571,-0.5550239682197571,-6.932574706297601e-06
1699765.4774929,199999.96875,1.2274292097037148e-13,1.5065822723794345e-26,7.667709509820769e-27,-0.5550239682197571,-0.5550239682197571,-6.932574706297601e-06
1699765.4822614,199999.96875,1.2560601430483542e-13,1.577686989628629e-26,7.878863846691519e-27,-0.5550239682197571,-0.5550239682197571,-6.932574706297601e-06
1699765.4929989,199999.96875,1.2581161969432014e-13,1.58285633967376e-26,8.152590106711454e-27,-0.5550239682197571,-0.5550239682197571,-6.932574706297601e-06
1699765.4933023,199999.96875,1.2343053554068895e-13,1.5235095017722473e-26,8.449261125716842e-27,-0.5550239682197571,-0.5550239682197571,-6.932574706297601e-06
1699765.4935186,199999.96875,1.1859241887124394e-13,1.40641619671581e-26,8.729877592705818e-27,-0.5550239682197571,-0.5550239682197571,-6.932574706297601e-06
1699765.4995191,199999.96875,1.1148030334149142e-13,1.242785876041166e-26,8.959867524432675e-27,-0.5550239682197571,-0.5550239682197571,-6.932574706297601e-06
1699765.510041,199999.96875,1.0232409402210693e-13,1.0470220305420033e-26,9.112259427584237e-27,-0.5550239682197571,-0.5550239682197571,-6.932574706297601e-06
1699765.5102734,199999.96875,9.139320160042597e-14,8.352716568720643e-27,9.169908673795569e-27,-0.5550239682197571,-0.5550239682197571,-6.932574706297601e-06
1699765.5105652,199999.96875,7.898822790503371e-14,6.239140188363848e-27,9.126621472365521e-27,-0.5550239682197571,-0.5550239682197571,-6.932574706297601e-06
1699765.5154928,199999.96875,6.543230584091231e-14,4.281386562761546e-27,8.987107877566088e-27,-0.5550239682197571,-0.5550239682197571,-6.932574706297601e-06
1699765.5258234,199999.96875,5.106222587228544e-14,2.6073511143236558e-27,8.765816215840061e-27,-0.5550239682197571,-0.5550239682197571,-6.932574706297601e-06
1699765.5275494,199999.96875,3.621950829535425e-14,1.3118528631127016e-27,8.484850770345163e-27,-0.5550239682197571,-0.5550239682197571,-6.932574706297601e-06
1699765.5278175,199999.96875,2.1241810936080407e-14,4.5121447479432195e-28,8.171206145553901e-27,-0.5550239682197571,-0.5550239682197571,-6.932574706297601e-06
1699765.5338817,199999.96875,6.454727753674302e-15,4.1663513088510935e-29,7.853652653347512e-27,-0.5550239682197571,-0.5550239682197571,-6.932574706297601e-06
1699765.5441404,199999.96875,-7.835678178351457e-15,6.13978581994941e-29,7.559607062042313e-27,-0.5550239682197571,-0.5550239682197571,-6.932574706297601e-06
1699765.544673,199999.96875,-2.1349526421916842e-14,4.558022806630954e-28,7.31231149420717e-27,-0.5550239682197571,-0.5550239682197571,-6.932574706297601e-06
1699765.5455591,199999.96875,-3.383878328369269e-14,1.1450631891793866e-27,7.128599347928005e-27,-0.5550239682197571,-0.5550239682197571,-6.932574706297601e-06
1699765.5540725,199999.96875,-4.50918531571913e-14,2.0332751165115583e-27,7.017441604885773e-27,-0.5550239682197571,-0.5550239682197571,-6.932574706297601e-06
1699765.5552789,199999.96875,-5.493696792510487e-14,3.0180705046248056e-27,6.979389851416548e-27,-0.5550239682197571,-0.5550239682197571,-6.932574706297601e-06
1699765.5567052,199999.96875,-6.32443723043094e-14,3.99985065681712e-27,7.006926027389419e-27,-0.5550239682197571,-0.5550239682197571,-6.932574706297601e-06
1699765.5569769,199999.96875,-6.992738771924648e-14,4.8898394471159836e-27,7.085639554588503e-27,-0.5550239682197571,-0.5550239682197571,-6.932574706297601e-06
1699765.5634877,199999.96875,-7.494213447511652e-14,5.616322948112193e-27,7.196065444251867e-27,-0.5550239682197571,-0.5550239682197571,-6.932574706297601e-06
1699765.5798435,199999.96875,-7.828633574735733e-14,6.128750891369427e-27,7.315949190686129e-27,-0.5550239682197571,-0.5550239682197571,-6.932574706297601e-06
1699765.5800474,199999.96875,-7.99969153962056e-14,6.39950659704314e-27,7.422710420851313e-27,-0.5550239682197571,-0.5550239682197571,-6.932574706297601e-06
1699765.5843072,199999.96875,-8.014673858391594e-14,6.423499447104327e-27,7.495810247448497e-27,-0.5550239682197571,-0.5550239682197571,-6.932574706297601e-06
1699765.5848109,199999.96875,-7.884065443683128e-14,6.215849147174395e-27,7.518799688008659e-27,-0.5550239682197571,-0.5550239682197571,-6.932574706297601e-06
1699765.5946958,199999.96875,-7.621075943714181e-14,5.8080797037690634e-27,7.48084191992072e-27,-0.5550239682197571,-0.5550239682197571,-6.932574706297601e-06
1699765.5950215,199999.96875,-7.24113152252015e-14,5.2433981996326925e-27,7.377589734114209e-27,-0.5550239682197571,-0.5550239682197571,-6.932574706297601e-06
1699765.5982319,199999.96875,-6.761328693108415e-14,4.571556027460671e-27,7.21135116503448e-27,-0.5550239682197571,-0.5550239682197571,-6.932574706297601e-06
1699765.6057321,199999.96875,-6.19987663096587e-14,3.843846864647854e-27,6.990558704350039e-27,-0.5550239682197571,-0.5550239682197571,-6.932574706297601e-06
1699765.6097379,199999.96875,-5.5755411816323444e-14,3.1086660566157867e-27,6.728634543029308e-27,-0.5550239682197571,-0.5550239682197571,-6.932574706297601e-06
1699765.6099328,199999.96875,-4.907108858251581e-14,2.407971720539895e-27,6.44239474578871e-27,-0.5550239682197571,-0.5550239682197571,-6.932574706297601e-06
1699765.6132338,199999.96875,-4.2128809934951356e-14,1.7748365032041795e-27,6.1501876472084235e-27,-0.5550239682197571,-0.5550239682197571,-6.932574706297601e-06
1699765.620824,199999.96875,-3.510212953639069e-14,1.2321596153509078e-27,5.869944040256681e-27,-0.5550239682197571,-0.5550239682197571,-6.932574706297601e-06
1699765.6258411,199999.96875,-2.815109765034931e-14,7.924842535218847e-28,5.6173737354898504e-27,-0.5550239682197571,-0.5550239682197571,-6.932574706297601e-06
1699765.6260641,199999.96875,-2.141884251612245e-14,4.5876681647824205e-28,5.404459483835919e-27,-0.5550239682197571,-0.5550239682197571,-6.932574706297601e-06
1699765.6311832,199999.96875,-1.5028881866210528e-14,2.2586728608790186e-28,5.238395789195141e-27,-0.5550239682197571,-0.5550239682197571,-6.932574706297601e-06
1699765.6317965,199999.96875,-9.083177291639277e-15,8.250411242297166e-29,5.1210623591932375e-27,-0.5550239682197571,-0.5550239682197571,-6.932574706297601e-06
1699765.6394238,199999.96875,-3.660918326163975e-15,1.3402322292708185e-29,5.049050683014632e-27,-0.5550239682197571,-0.5550239682197571,-6.932574706297601e-06
1699765.6413086,199999.96875,1.1818984232262234e-15,1.3968837595115229e-30,5.0142125362506114e-27,-0.5550239682197571,-0.5550239682197571,-6.932574706297601e-06
1699765.6477083,199999.96875,5.412181390985343e-15,2.929170324689744e-29,5.0046703237481504e-27,-0.5550239682197571,-0.5550239682197571,-6.932574706297601e-06
1699765.6483081,199999.96875,9.018782458857216e-15,8.133844332413129e-29,5.0061348008778624e-27,-0.5550239682197571,-0.5550239682197571,-6.932574706297601e-06
1699765.6557458,199999.96875,1.2010911098439981e-14,1.4426197507732034e-28,5.003417313726332e-27,-0.5550239682197571,-0.5550239682197571,-6.932574706297601e-06
1699765.6562044,199999.96875,1.4416031506015413e-14,2.078219725103497e-28,4.981956676356025e-27,-0.5550239682197571,-0.5550239682197571,-6.932574706297601e-06
1699765.6623055,199999.96875,1.627730848057559e-14,2.6495076022833535e-28,4.9292189366888694e-27,-0.5550239682197571,-0.5550239682197571,-6.932574706297601e-06
1699765.6629513,199999.96875,1.7650743605428232e-14,3.1154875560340605e-28,4.835843690009154e-27,-0.5550239682197571,-0.5550239682197571,-6.932574706297601e-06
1699765.6694035,199999.96875,1.8602063249148482e-14,3.4603676830353716e-28,4.696436021356662e-27,-0.5550239682197571,-0.5550239682197571,-6.932574706297601e-06
1699765.6697484,199999.96875,1.920349221708282e-14,3.6877410463397843e-28,4.509943602609779e-27,-0.5550239682197571,-0.5550239682197571,-6.932574706297601e-06
1699765.6753983,199999.96875,1.9530516391424654e-14,3.814410903229591e-28,4.27961470721271e-27,-0.5550239682197571,-0.5550239682197571,-6.932574706297601e-06
1699765.6861317,199999.96875,1.9658772426232006e-14,3.86467310069448e-28,4.012560638892109e-27,-0.5550239682197571,-0.5550239682197571,-6.932574706297601e-06
1699765.6865688,199999.96875,1.9661067885519065e-14,3.8655758803559115e-28,3.71897495965763e-27,-0.5550239682197571,-0.5550239682197571,-6.932574706297601e-06
1699765.6868435,199999.96875,1.960473850046076e-14,3.8434577786508393e-28,3.411125072883041e-27,-0.5550239682197571,-0.5550239682197571,-6.932574706297601e-06
1699765.6923483,199999.96875,1.9549284947469915e-14,3.8217453259403037e-28,3.1021966653395956e-27,-0.5550239682197571,-0.5550239682197571,-6.932574706297601e-06
1699765.702951,199999.96875,1.9544500905383823e-14,3.8198752479643037e-28,2.805134489962503e-27,-0.5550239682197571,-0.5550239682197571,-6.932574706297601e-06
1699765.7034844,199999.96875,1.9628965336818127e-14,3.8529627244088764e-28,2.5315572969202627e-27,-0.5550239682197571,-0.5550239682197571,-6.932574706297601e-06
1699765.7037737,199999.96875,1.982907856467285e-14,3.9319239261988087e-28,2.2908640095274735e-27,-0.5550239682197571,-0.5550239682197571,-6.932574706297601e-06
1699765.7117362,199999.96875,2.0158557440495828e-14,4.06367366405818e-28,2.0895868043765134e-27,-0.5550239682197571,-0.5550239682197571,-6.932574706297601e-06
1699765.7126683,199999.96875,2.061841670975787e-14,4.251191351610957e-28,1.931035006890823e-27,-0.5550239682197571,-0.5550239682197571,-6.932574706297601e-06
1699765.7148531,199999.96875,2.1197434879973755e-14,4.493312523464515e-28,1.8152388541705294e-27,-0.5550239682197571,-0.5550239682197571,-6.932574706297601e-06
1699765.7159961,199999.96875,2.187304191123094e-14,4.78430031579701e-28,1.7391794510278054e-27,-0.5550239682197571,-0.5550239682197571,-6.932574706297601e-06
1699765.7214293,199999.96875,2.261258976561046e-14,5.113292483722099e-28,1.6972594672652784e-27,-0.5550239682197571,-0.5550239682197571,-6.932574706297601e-06
1699765.7333272,199999.96875,2.337498379264332e-14,5.463899363413045e-28,1.681949672358361e-27,-0.5550239682197571,-0.5550239682197571,-6.932574706297601e-06
1699765.7338551,199999.96875,2.4112530955201425e-14,5.8141412793795305e-28,1.6845539148291613e-27,-0.5550239682197571,-0.5550239682197571,-6.932574706297601e-06
1699765.7345469,199999.96875,2.477304385933854e-14,6.137036434583175e-28,1.6959949016637937e-27,-0.5550239682197571,-0.5550239682197571,-6.932574706297601e-06
1699765.7418112,199999.96875,2.5302022711162428e-14,6.401923542826849e-28,1.7075707035945332e-27,-0.5550239682197571,-0.5550239682197571,-6.932574706297601e-06
1699765.7429058,199999.96875,2.564490164821097e-14,6.576610203607632e-28,1.7116078379439577e-27,-0.5550239682197571,-0.5550239682197571,-6.932574706297601e-06
1699765.7443085,199999.96875,2.5749273047971644e-14,6.630251204418705e-28,1.701967017828344e-27,-0.5550239682197571,-0.5550239682197571,-6.932574706297601e-06
1699765.749614,199999.96875,2.5566978005195362e-14,6.536703972194956e-28,1.6743751824800804e-27,-0.5550239682197571,-0.5550239682197571,-6.932574706297601e-06
1699765.7575647,199999.96875,2.5056088388993036e-14,6.278075654788055e-28,1.626569556807506e-27,-0.5550239682197571,-0.5550239682197571,-6.932574706297601e-06
1699765.7588186,199999.96875,2.418260090873009e-14,5.847981312949873e-28,1.5582686661492487e-27,-0.5550239682197571,-0.5550239682197571,-6.932574706297601e-06
1699765.7600294,199999.96875,2.2921885540366262e-14,5.254128518317846e-28,1.4709801284657749e-27,-0.5550239682197571,-0.5550239682197571,-6.932574706297601e-06
1699765.7628303,199999.96875,2.1259822244670823e-14,4.519800800954645e-28,1.3676932759202652e-27,-0.5550239682197571,-0.5550239682197571,-6.932574706297601e-06
1699765.771624,199999.96875,1.9193571767204577e-14,3.6839317976510294e-28,1.2524859762804679e-27,-0.5550239682197571,-0.5550239682197571,-6.932574706297601e-06
1699765.7720383,199999.96875,1.6731985602266332e-14,2.7995933969195064e-28,1.1300951505411006e-27,-0.5550239682197571,-0.5550239682197571,-6.932574706297601e-06
1699765.7746746,199999.96875,1.3895648344540261e-14,1.9308905380708698e-28,1.0054869053602632e-27,-0.5550239682197571,-0.5550239682197571,-6.932574706297601e-06
1699765.7778373,199999.96875,1.0716559204707737e-14,1.1484464703126916e-28,8.834669174316877e-28,-0.5550239682197571,-0.5550239682197571,-6.932574706297601e-06
1699765.7861483,199999.96875,7.237438289463532e-15,5.23805157736583e-29,7.683528328011988e-28,-0.5550239682197571,-0.5550239682197571,-6.932574706297601e-06
1699765.7988943,199999.96875,3.5107279496709998e-15,1.2325209860123167e-29,6.637314552489745e-28,-0.5550239682197571,-0.5550239682197571,-6.932574706297601e-06
1699765.8001362,199999.96875,-4.0269492147598177e-16,1.6216318376797018e-31,5.723034681877806e-28,-0.5550239682197571,-0.5550239682197571,-6.932574706297601e-06
1699765.8054443,199999.96875,-4.4350725586365155e-15,1.9669868587563722e-29,4.958200234195511e-28,-0.5550239682197571,-0.5550239682197571,-6.932574706297601e-06
1699765.8073321,199999.96875,-8.51350104779866e-15,7.247970724774686e-29,4.350963189414966e-28,-0.5550239682197571,-0.5550239682197571,-6.932574706297601e-06
1699765.808573,199999.96875,-1.2561812857004705e-14,1.5779914406342378e-28,3.9009280096738406e-28,-0.5550239682197571,-0.5550239682197571,-6.932574706297601e-06
1699765.8204224,199999.96875,-1.6502551481909454e-14,2.723341978561327e-28,3.6004273271222876e-28,-0.5550239682197571,-0.5550239682197571,-6.932574706297601e-06
1699765.8210097,199999.96875,-2.0258963031997458e-14,4.1042558968813355e-28,3.4360805027304333e-28,-0.5550239682197571,-0.5550239682197571,-6.932574706297601e-06
1699765.8216355,199999.96875,-2.3756975323064276e-14,5.643939146474253e-28,3.390462444585191e-28,-0.5550239682197571,-0.5550239682197571,-6.932574706297601e-06
1699765.8222856,199999.96875,-2.69270876077218e-14,7.250680869318303e-28,3.443722592749762e-28,-0.5550239682197571,-0.5550239682197571,-6.932574706297601e-06
1699765.8362539,199999.96875,-2.9706092593380015e-14,8.824518560544984e-28,3.575039718595375e-28,-0.5550239682197571,-0.5550239682197571,-6.932574706297601e-06
1699765.8364941,199999.96875,-3.203867902858322e-14,1.0264770380451563e-27,3.763834538442524e-28,-0.5550239682197571,-0.5550239682197571,-6.932574706297601e-06
1699765.8373406,199999.96875,-3.387875307440773e-14,1.1477699874197256e-27,3.990707882185125e-28,-0.5550239682197571,-0.5550239682197571,-6.932574706297601e-06
1699765.8378722,199999.96875,-3.5190512342238994e-14,1.2383721838690149e-27,4.238103694673874e-28,-0.5550239682197571,-0.5550239682197571,-6.932574706297601e-06
1699765.8511134,199999.96875,-3.5949291232652975e-14,1.2923516668678142e-27,4.490715406934509e-28,-0.5550239682197571,-0.5550239682197571,-6.932574706297601e-06
1699765.852004,199999.96875,-3.6142035273866585e-14,1.3062465773410876e-27,4.735696103272996e-28,-0.5550239682197571,-0.5550239682197571,-6.932574706297601e-06
1699765.8535445,199999.96875,-3.576751457404041e-14,1.2793151433707543e-27,4.96270787323035e-28,-0.5550239682197571,-0.5550239682197571,-6.932574706297601e-06
1699765.8538984,199999.96875,-3.4836222177325044e-14,1.2135623543254185e-27,5.163855848482041e-28,-0.5550239682197571,-0.5550239682197571,-6.932574706297601e-06
1699765.8644765,199999.96875,-3.3369991204968905e-14,1.1135563234401725e-27,5.333576498901222e-28,-0.5550239682197571,-0.5550239682197571,-6.932574706297601e-06
1699765.8746526,199999.96875,-3.1401296900169726e-14,9.860414647872658e-28,5.468475372960909e-28,-0.5550239682197571,-0.5550239682197571,-6.932574706297601e-06
1699765.8756634,199999.96875,-2.8972375713809395e-14,8.393985588161967e-28,5.567147023284187e-28,-0.5550239682197571,-0.5550239682197571,-6.932574706297601e-06
1699765.8761089,199999.96875,-2.613405301085496e-14,6.829886843181567e-28,5.629990117369542e-28,-0.5550239682197571,-0.5550239682197571,-6.932574706297601e-06
1699765.8836492,199999.96875,-2.2944397982038386e-14,5.264453910232192e-28,5.658990770472125e-28,-0.5550239682197571,-0.5550239682197571,-6.932574706297601e-06
1699765.8843236,199999.96875,-1.9467293852241593e-14,3.7897556295640318e-28,5.657492396975392e-28,-0.5550239682197571,-0.5550239682197571,-6.932574706297601e-06
1699765.8849575,199999.96875,-1.5770823435698987e-14,2.487189022864182e-28,5.629924635751433e-28,-0.5550239682197571,-0.5550239682197571,-6.932574706297601e-06
1699765.8852526,199999.96875,-1.1925647914936416e-14,1.4222106711525319e-28,5.581500497677219e-28,-0.5550239682197571,-0.5550239682197571,-6.932574706297601e-06
1699765.8944195,199999.96875,-8.00335936168876e-15,6.40537637410527e-29,5.517876438999414e-28,-0.5550239682197571,-0.5550239682197571,-6.932574706297601e-06
1699765.905133,199999.96875,-4.074856551223574e-15,1.660445767768147e-29,5.444799434672071e-28,-0.5550239682197571,-0.5550239682197571,-6.932574706297601e-06
1699765.9059966,199999.96875,-2.087961228923574e-16,4.359581759770336e-32,5.367749236869457e-28,-0.5550239682197571,-0.5550239682197571,-6.932574706297601e-06
1699765.9064043,199999.96875,3.5298454832905293e-15,1.245980828911153e-29,5.291602781693247e-28,-0.5550239682197571,-0.5550239682197571,-6.932574706297601e-06
1699765.914529,199999.96875,7.081075583883914e-15,5.014162823183922e-29,5.220357818225502e-28,-0.5550239682197571,-0.5550239682197571,-6.932574706297601e-06
1699765.9147433,199999.96875,1.0391009714727072e-14,1.0797308547150349e-28,5.156927796989594e-28,-0.5550239682197571,-0.5550239682197571,-6.932574706297601e-06
1699765.9151536,199999.96875,1.3412816694715734e-14,1.7990365592532586e-28,5.10304268455807e-28,-0.5550239682197571,-0.5550239682197571,-6.932574706297601e-06
1699765.9180324,199999.96875,1.610743263487195e-14,2.5944941356456613e-28,5.059246074657732e-28,-0.5550239682197571,-0.5550239682197571,-6.932574706297601e-06
1699765.9252129,199999.96875,1.844408652228787e-14,3.4018432461090614e-28,5.025017003238624e-28,-0.5550239682197571,-0.5550239682197571,-6.932574706297601e-06
1699765.9394439,199999.96875,2.0400559835724065e-14,4.161828202191389e-28,4.998976022978078e-28,-0.5550239682197571,-0.5550239682197571,-6.932574706297601e-06
1699765.939733,199999.96875,2.1963271248904258e-14,4.823852657582405e-28,4.979170722394972e-28,-0.5550239682197571,-0.5550239682197571,-6.932574706297601e-06
1699765.9431919,199999.96875,2.3127108070958823e-14,5.348631011794011e-28,4.963401689492815e-28,-0.5550239682197571,-0.5550239682197571,-6.932574706297601e-06
1699765.9526704,199999.96875,2.3895078962916406e-14,5.709748172673965e-28,4.94955810505256e-28,-0.5550239682197571,-0.5550239682197571,-6.932574706297601e-06
1699765.9528952,199999.96875,2.427778030694716e-14,5.894106853635461e-28,4.935908076571715e-28,-0.5550239682197571,-0.5550239682197571,-6.932574706297601e-06
1699765.9537254,199999.96875,2.429271519187315e-14,5.901359905806023e-28,4.921331194305134e-28,-0.5550239682197571,-0.5550239682197571,-6.932574706297601e-06
1699765.9576339,199999.96875,2.3963451462418774e-14,5.742470685394076e-28,4.905446124123828e-28,-0.5550239682197571,-0.5550239682197571,-6.932574706297601e-06
1699765.9680632,199999.96875,2.33186899829688e-14,5.43761282708459e-28,4.8886366075692165e-28,-0.5550239682197571,-0.5550239682197571,-6.932574706297601e-06
1699765.9694355,199999.96875,2.2391287161547223e-14,5.013697831472974e-28,4.871950832013532e-28,-0.5550239682197571,-0.5550239682197571,-6.932574706297601e-06
1699765.9704556,199999.96875,2.1217177523908358e-14,4.501686466862711e-28,4.85690161542809e-28,-0.5550239682197571,-0.5550239682197571,-6.932574706297601e-06
1699765.9760954,199999.96875,1.9834340333341194e-14,3.9340104305523093e-28,4.845186665058868e-28,-0.5550239682197571,-0.5550239682197571,-6.932574706297601e-06
1699765.9770014,199999.96875,1.8281744187617112e-14,3.3422217513381796e-28,4.838352021168724e-28,-0.5550239682197571,-0.5550239682197571,-6.932574706297601e-06
1699765.9789263,199999.96875,1.6598345826046232e-14,2.7550504891657184e-28,4.837461278569445e-28,-0.5550239682197571,-0.5550239682197571,-6.932574706297601e-06
1699765.9795134,199999.96875,1.4822177027960272e-14,2.1969694358382542e-28,4.842783104488273e-28,-0.5550239682197571,-0.5550239682197571,-6.932574706297601e-06
1699765.9828823,199999.96875,1.2989478945040454e-14,1.68726557604261e-28,4.853559164009606e-28,-0.5550239682197571,-0.5550239682197571,-6.932574706297601e-06
1699765.9921737,199999.96875,1.1134008381333705e-14,1.2396614013737877e-28,4.86787652721618e-28,-0.5550239682197571,-0.5550239682197571,-6.932574706297601e-06
1699765.993498,199999.96875,9.28639997744337e-15,8.623722067508143e-29,4.882658521021839e-28,-0.5550239682197571,-0.5550239682197571,-6.932574706297601e-06
1699765.9937907,199999.96875,7.473713047902435e-15,5.585638598903978e-29,4.893798099820174e-28,-0.5550239682197571,-0.5550239682197571,-6.932574706297601e-06
1699765.9997726,199999.96875,5.719089803379309e-15,3.27079869953589e-29,4.896405808964875e-28,-0.5550239682197571,-0.5550239682197571,-6.932574706297601e-06
1699766.0098972,199999.96875,4.041557992001113e-15,1.6334192530438718e-29,4.885176674424125e-28,-0.5550239682197571,-0.5550239682197571,-6.932574706297601e-06
1699766.0108514,199999.96875,2.4559733011132647e-15,6.0318049464986934e-30,4.854822574053124e-28,-0.5550239682197571,-0.5550239682197571,-6.932574706297601e-06
1699766.0117142,199999.96875,9.730907198052903e-16,9.4690555645178e-31,4.8005450533954305e-28,-0.5550239682197571,-0.5550239682197571,-6.932574706297601e-06
1699766.0182091,199999.96875,-4.0025054320888347e-16,1.6020048436028922e-31,4.718492252562271e-28,-0.5550239682197571,-0.5550239682197571,-6.932574706297601e-06
1699766.0304704,199999.96875,-1.6608306509989469e-15,2.7583584318316443e-30,4.6061647959683155e-28,-0.5550239682197571,-0.5550239682197571,-6.932574706297601e-06
1699766.0311622,199999.96875,-2.8086676559545883e-15,7.888613566108425e-30,4.462729237430132e-28,-0.5550239682197571,-0.5550239682197571,-6.932574706297601e-06
1699766.0325674,199999.96875,-3.846561690180753e-15,1.47960365432917e-29,4.289198616098467e-28,-0.5550239682197571,-0.5550239682197571,-6.932574706297601e-06
1699766.0390083,199999.96875,-4.779586692789731e-15,2.2844449632637348e-29,4.088470975057138e-28,-0.5550239682197571,-0.5550239682197571,-6.932574706297601e-06
1699766.0404143,199999.96875,-5.614555773292762e-15,3.15232361437414e-29,3.8652219907286303e-28,-0.5550239682197571,-0.5550239682197571,-6.932574706297601e-06
1699766.0406755,199999.96875,-6.359462381613085e-15,4.0442762393261085e-29,3.625636305646858e-28,-0.5550239682197571,-0.5550239682197571,-6.932574706297601e-06
1699766.0410145,199999.96875,-7.022938630516168e-15,4.9321663558016353e-29,3.3770302869293054e-28,-0.5550239682197571,-0.5550239682197571,-6.932574706297601e-06
1699766.0467013,199999.96875,-7.613732676281255e-15,5.796893252650706e-29,3.1273746363920615e-28,-0.5550239682197571,-0.5550239682197571,-6.932574706297601e-06
1699766.0609949,199999.96875,-8.140228027503794e-15,6.626330492534419e-29,2.8847645190738723e-28,-0.5550239682197571,-0.5550239682197571,-6.932574706297601e-06
1699766.0614212,199999.96875,-8.610019605105341e-15,7.413244402952277e-29,2.6568781361805235e-28,-0.5550239682197571,-0.5550239682197571,-6.932574706297601e-06
1699766.0622314,199999.96875,-9.029552482781554e-15,8.153281780376857e-29,2.45047357588687e-28,-0.5550239682197571,-0.5550239682197571,-6.932574706297601e-06
1699766.0678187,199999.96875,-9.403847871843757e-15,8.843234747744539e-29,2.2709518679807025e-28,-0.5550239682197571,-0.5550239682197571,-6.932574706297601e-06
1699766.075113,199999.96875,-9.736293904080966e-15,9.479541538364423e-29,2.122031260960904e-28,-0.5550239682197571,-0.5550239682197571,-6.932574706297601e-06
1699766.0753319,199999.96875,-1.0028533823410856e-14,1.0057148391691814e-28,2.0055476475469611e-28,-0.5550239682197571,-0.5550239682197571,-6.932574706297601e-06
1699766.0792234,199999.96875,-1.0280448198187863e-14,1.0568762051768561e-28,1.9213960645569053e-28,-0.5550239682197571,-0.5550239682197571,-6.932574706297601e-06
1699766.0863166,199999.96875,-1.0490195578784656e-14,1.1004420645957322e-28,1.8676098967762738e-28,-0.5550239682197571,-0.5550239682197571,-6.932574706297601e-06
1699766.089291,199999.96875,-1.0654364963522643e-14,1.1351550259133677e-28,1.8405692385039694e-28,-0.5550239682197571,-0.5550239682197571,-6.932574706297601e-06
1699766.0895153,199999.96875,-1.0768165534052153e-14,1.159533808261286e-28,1.8353156627275456e-28,-0.5550239682197571,-0.5550239682197571,-6.932574706297601e-06
1699766.0928212,199999.96875,-1.0825702788093243e-14,1.1719585841856356e-28,1.8459441478668896e-28,-0.5550239682197571,-0.5550239682197571,-6.932574706297601e-06
1699766.100841,199999.96875,-1.0820294482725024e-14,1.1707878595206912e-28,1.8660389397947614e-28,-0.5550239682197571,-0.5550239682197571,-6.932574706297601e-06
1699766.1039922,199999.96875,-1.0744818764926983e-14,1.154511223707567e-28,1.8891203675838918e-28,-0.5550239682197571,-0.5550239682197571,-6.932574706297601e-06
1699766.1052637,199999.96875,-1.0592095336405243e-14,1.1219248501603996e-28,1.9090671036472888e-28,-0.5550239682197571,-0.5550239682197571,-6.932574706297601e-06
1699766.108699,199999.96875,-1.035527424171536e-14,1.0723169873941162e-28,1.9204849793225886e-28,-0.5550239682197571,-0.5550239682197571,-6.932574706297601e-06
1699766.1172633,199999.96875,-1.0028217033088583e-14,1.0056512834810166e-28,1.9190033373422472e-28,-0.5550239682197571,-0.5550239682197571,-6.932574706297601e-06
1699766.1195765,199999.96875,-9.605853371302646e-15,9.227241104531049e-29,1.9014771341070803e-28,-0.5550239682197571,-0.5550239682197571,-6.932574706297601e-06
1699766.1198596,199999.96875,-9.084530003256042e-15,8.252868608535583e-29,1.8660929862038258e-28,-0.5550239682197571,-0.5550239682197571,-6.932574706297601e-06
1699766.1243102,199999.96875,-8.462290282840613e-15,7.161034848938154e-29,1.8123780778311366e-28,-0.5550239682197571,-0.5550239682197571,-6.932574706297601e-06
1699766.133456,199999.96875,-7.73912150456215e-15,5.98940018209504e-29,1.7411203550775102e-28,-0.5550239682197571,-0.5550239682197571,-6.932574706297601e-06
1699766.1354934,199999.96875,-6.917138709689949e-15,4.7846807471463375e-29,1.6542127663370362e-28,-0.5550239682197571,-0.5550239682197571,-6.932574706297601e-06
1699766.1357405,199999.96875,-6.000691835924632e-15,3.60083026777784e-29,1.5544417711273783e-28,-0.5550239682197571,-0.5550239682197571,-6.932574706297601e-06
1699766.1405802,199999.96875,-4.9964237391550426e-15,2.4964250004684233e-29,1.4452397377212992e-28,-0.5550239682197571,-0.5550239682197571,-6.932574706297601e-06
1699766.1510461,199999.96875,-3.913239276755664e-15,1.5313442136749637e-29,1.3304202481499286e-28,-0.5550239682197571,-0.5550239682197571,-6.932574706297601e-06
1699766.1516905,199999.96875,-2.762214675061268e-15,7.629830271526312e-30,1.2139190606252433e-28,-0.5550239682197571,-0.5550239682197571,-6.932574706297601e-06
1699766.1520329,199999.96875,-1.5564372283816434e-15,2.4224969382310848e-30,1.0995542108913697e-28,-0.5550239682197571,-0.5550239682197571,-6.932574706297601e-06
1699766.1551781,199999.96875,-3.1077892944644456e-16,9.658354118488909e-32,9.908211414267488e-29,-0.5550239682197571,-0.5550239682197571,-6.932574706297601e-06
1699766.1652928,199999.96875,9.583810397641537e-16,9.184943281901456e-31,8.907309233288087e-29,-0.5550239682197571,-0.5550239682197571,-6.932574706297601e-06
1699766.1655312,199999.96875,2.2334835803744513e-15,4.98844932624556e-30,8.016948208879222e-29,-0.5550239682197571,-0.5550239682197571,-6.932574706297601e-06
1699766.1660892,199999.96875,3.4961572889123313e-15,1.222311676516103e-29,7.25459291451784e-29,-0.5550239682197571,-0.5550239682197571,-6.932574706297601e-06
1699766.1713674,199999.96875,4.727609363014418e-15,2.235029212009404e-29,6.630849807519545e-29,-0.5550239682197571,-0.5550239682197571,-6.932574706297601e-06
1699766.1819172,199999.96875,5.909039906416402e-15,3.4916748779876013e-29,6.1496724609483e-29,-0.5550239682197571,-0.5550239682197571,-6.932574706297601e-06
1699766.1833438,199999.96875,7.0220568692180765e-15,4.9309286448858127e-29,5.808897212882207e-29,-0.5550239682197571,-0.5550239682197571,-6.932574706297601e-06
1699766.1836595,199999.96875,8.049083047214495e-15,6.478773564285868e-29,5.601020158775448e-29,-0.5550239682197571,-0.5550239682197571,-6.932574706297601e-06
1699766.1890361,199999.96875,8.973760963644755e-15,8.052837913392879e-29,5.514143264543463e-29,-0.5550239682197571,-0.5550239682197571,-6.932574706297601e-06
1699766.1997895,199999.96875,9.781304387865113e-15,9.567392230924539e-29,5.533017377998458e-29,-0.5550239682197571,-0.5550239682197571,-6.932574706297601e-06
1699766.2001747,199999.96875,1.0458837572044355e-14,1.0938729582966704e-28,5.640079221753836e-29,-0.5550239682197571,-0.5550239682197571,-6.932574706297601e-06
1699766.2006188,199999.96875,1.0995678583684658e-14,1.2090494671314817e-28,5.816473941654048e-29,-0.5550239682197571,-0.5550239682197571,-6.932574706297601e-06
1699766.2081945,199999.96875,1.1383567157484398e-14,1.2958559445498754e-28,6.042975942029247e-29,-0.5550239682197571,-0.5550239682197571,-6.932574706297601e-06
1699766.218735,199999.96875,1.1616844266322968e-14,1.3495106676118025e-28,6.300814628158949e-29,-0.5550239682197571,-0.5550239682197571,-6.932574706297601e-06
1699766.2201465,199999.96875,1.1692558000379188e-14,1.3671592877690595e-28,6.572353296577428e-29,-0.5550239682197571,-0.5550239682197571,-6.932574706297601e-06
1699766.2206794,199999.96875,1.161052878866824e-14,1.3480438312179086e-28,6.841641636226513e-29,-0.5550239682197571,-0.5550239682197571,-6.932574706297601e-06
1699766.2278579,199999.96875,1.1373314670690832e-14,1.2935229211634933e-28,7.09482920154052e-29,-0.5550239682197571,-0.5550239682197571,-6.932574706297601e-06
1699766.2293596,199999.96875,1.098615793335752e-14,1.2069568238762835e-28,7.320443468581978e-29,-0.5550239682197571,-0.5550239682197571,-6.932574706297601e-06
1699766.2296665,199999.96875,1.0456834339124099e-14,1.093453827792523e-28,7.509541502024746e-29,-0.5550239682197571,-0.5550239682197571,-6.932574706297601e-06
1699766.2299477,199999.96875,9.795472707973835e-15,9.595129233242361e-29,7.655754492283979e-29,-0.5550239682197571,-0.5550239682197571,-6.932574706297601e-06
1699766.2353489,199999.96875,9.014312665994555e-15,8.125782510036545e-29,7.755223959086719e-29,-0.5550239682197571,-0.5550239682197571,-6.932574706297601e-06
1699766.2469024,199999.96875,8.127427665604887e-15,6.605508180570055e-29,7.806448880782559e-29,-0.5550239682197571,-0.5550239682197571,-6.932574706297601e-06
1699766.2474451,199999.96875,7.150405654133152e-15,5.11283062164731e-29,7.810063008693823e-29,-0.5550239682197571,-0.5550239682197571,-6.932574706297601e-06
1699766.2510069,199999.96875,6.100018730967934e-15,3.721022740782186e-29,7.768544773917695e-29,-0.5550239682197571,-0.5550239682197571,-6.932574706297601e-06
1699766.2587376,199999.96875,4.993858076357809e-15,2.4938618585463423e-29,7.68589529591364e-29,-0.5550239682197571,-0.5550239682197571,-6.932574706297601e-06
1699766.2600358,199999.96875,3.849976079991135e-15,1.4822314954603202e-29,7.567275465079507e-29,-0.5550239682197571,-0.5550239682197571,-6.932574706297601e-06
1699766.2608301,199999.96875,2.6865180934222297e-15,7.217378832240864e-30,7.418643627180745e-29,-0.5550239682197571,-0.5550239682197571,-6.932574706297601e-06
1699766.2642054,199999.96875,1.5213745112882884e-15,2.3145805382945226e-30,7.246409517813517e-29,-0.5550239682197571,-0.5550239682197571,-6.932574706297601e-06
1699766.2752467,199999.96875,3.718450021551349e-16,1.382686985098224e-31,7.057095419105113e-29,-0.5550239682197571,-0.5550239682197571,-6.932574706297601e-06
1699766.2758493,199999.96875,-7.456727496211145e-16,5.560278709474253e-31,6.857063520256194e-29,-0.5550239682197571,-0.5550239682197571,-6.932574706297601e-06
1699766.2761862,199999.96875,-1.815959017816178e-15,3.297706649197964e-30,6.65228420409436e-29,-0.5550239682197571,-0.5550239682197571,-6.932574706297601e-06
1699766.2784253,199999.96875,-2.825214656337438e-15,7.981838355529766e-30,6.448159704113618e-29,-0.5550239682197571,-0.5550239682197571,-6.932574706297601e-06
1699766.286852,199999.96875,-3.7612557315133514e-15,1.414704630028181e-29,6.249422993152299e-29,-0.5550239682197571,-0.5550239682197571,-6.932574706297601e-06
1699766.2980567,199999.96875,-4.613676655345136e-15,2.128601270039627e-29,6.060086625878912e-29,-0.5550239682197571,-0.5550239682197571,-6.932574706297601e-06
1699766.2997866,199999.96875,-5.373951829460441e-15,2.8879358636538597e-29,5.883454775854298e-29,-0.5550239682197571,-0.5550239682197571,-6.932574706297601e-06
1699766.3075225,199999.96875,-6.035501925441469e-15,3.642727970938323e-29,5.722151522627683e-29,-0.5550239682197571,-0.5550239682197571,-6.932574706297601e-06
1699766.3090766,199999.96875,-6.593713154824524e-15,4.3477049974315485e-29,5.578203907465535e-29,-0.5550239682197571,-0.5550239682197571,-6.932574706297601e-06
1699766.3096311,199999.96875,-7.0459059288809685e-15,4.964478645443592e-29,5.453108739046508e-29,-0.5550239682197571,-0.5550239682197571,-6.932574706297601e-06
1699766.3142264,199999.96875,-7.391274719277963e-15,5.463094685808156e-29,5.347906621393678e-29,-0.5550239682197571,-0.5550239682197571,-6.932574706297601e-06
1699766.3201193,199999.96875,-7.630774979180011e-15,5.822872843894275e-29,5.263233111388694e-29,-0.5550239682197571,-0.5550239682197571,-6.932574706297601e-06
1699766.3205309,199999.96875,-7.766998205889237e-15,6.032625874137489e-29,5.199341589189862e-29,-0.5550239682197571,-0.5550239682197571,-6.932574706297601e-06
1699766.3211742,199999.96875,-7.803997452058252e-15,6.090237059158295e-29,5.156088813757571e-29,-0.5550239682197571,-0.5550239682197571,-6.932574706297601e-06
1699766.3289262,199999.96875,-7.747116648551284e-15,6.001782106078127e-29,5.132903626492686e-29,-0.5550239682197571,-0.5550239682197571,-6.932574706297601e-06
1699766.3366608,199999.96875,-7.602775458075573e-15,5.780219514157174e-29,5.12872074739472e-29,-0.5550239682197571,-0.5550239682197571,-6.932574706297601e-06
1699766.3370579,199999.96875,-7.378271069471715e-15,5.443888349437754e-29,5.141904339717159e-29,-0.5550239682197571,-0.5550239682197571,-6.932574706297601e-06
1699766.3375261,199999.96875,-7.0815605102462174e-15,5.0148495375797175e-29,5.170184815391162e-29,-0.5550239682197571,-0.5550239682197571,-6.932574706297601e-06
1699766.3442726,199999.96875,-6.7210594762465246e-15,4.517263869735401e-29,5.210601658980344e-29,-0.5550239682197571,-0.5550239682197571,-6.932574706297601e-06
1699766.3518156,199999.96875,-6.305424220677102e-15,3.9758377168992005e-29,5.259491390618614e-29,-0.5550239682197571,-0.5550239682197571,-6.932574706297601e-06
1699766.3522361,199999.96875,-5.8433753712464065e-15,3.414503767895666e-29,5.312521871637316e-29,-0.5550239682197571,-0.5550239682197571,-6.932574706297601e-06
1699766.3530754,199999.96875,-5.343517512149121e-15,2.8553178326332314e-29,5.364782582531372e-29,-0.5550239682197571,-0.5550239682197571,-6.932574706297601e-06
1699766.3593176,199999.96875,-4.814184177036806e-15,2.3176368612224798e-29,5.410942308473473e-29,-0.5550239682197571,-0.5550239682197571,-6.932574706297601e-06
1699766.3667141,199999.96875,-4.263308676493447e-15,1.817580285444825e-29,5.44545798234243e-29,-0.5550239682197571,-0.5550239682197571,-6.932574706297601e-06
1699766.3671941,199999.96875,-3.698314407268779e-15,1.3677530158597276e-29,5.462835888971879e-29,-0.5550239682197571,-0.5550239682197571,-6.932574706297601e-06
1699766.3675654,199999.96875,-3.1260384075548027e-15,9.772116627990302e-30,5.457933193557198e-29,-0.5550239682197571,-0.5550239682197571,-6.932574706297601e-06
1699766.3741562,199999.96875,-2.552663170833527e-15,6.516089058811478e-30,5.426264284887288e-29,-0.5550239682197571,-0.5550239682197571,-6.932574706297601e-06
1699766.3831348,199999.96875,-1.9836941995038685e-15,3.9350431352533485e-30,5.364301100045275e-29,-0.5550239682197571,-0.5550239682197571,-6.932574706297601e-06
1699766.3835817,199999.96875,-1.4239474052665595e-15,2.027626192456535e-30,5.269737939775861e-29,-0.5550239682197571,-0.5550239682197571,-6.932574706297601e-06
1699766.3839132,199999.96875,-8.775607558271742e-16,7.701129458197471e-31,5.141702117072998e-29,-0.5550239682197571,-0.5550239682197571,-6.932574706297601e-06
1699766.3893786,199999.96875,-3.4802770622776485e-16,1.2112327880209024e-31,4.980888170422879e-29,-0.5550239682197571,-0.5550239682197571,-6.932574706297601e-06
1699766.3978749,199999.96875,1.6175675697152066e-16,2.6165249409084617e-32,4.7895927712841864e-29,-0.5550239682197571,-0.5550239682197571,-6.932574706297601e-06
1699766.3990304,199999.96875,6.49434983736449e-16,4.217657744027196e-31,4.571661761014618e-29,-0.5550239682197571,-0.5550239682197571,-6.932574706297601e-06
1699766.399349,199999.96875,1.1131162774147404e-15,1.2390279396932708e-30,4.332330358870816e-29,-0.5550239682197571,-0.5550239682197571,-6.932574706297601e-06
1699766.4044578,199999.96875,1.5513024087762694e-15,2.406539179240706e-30,4.077972189262486e-29,-0.5550239682197571,-0.5550239682197571,-6.932574706297601e-06
1699766.4126955,199999.96875,1.962808061090472e-15,3.852615214424536e-30,3.8157751838539464e-29,-0.5550239682197571,-0.5550239682197571,-6.932574706297601e-06
1699766.4129207,199999.96875,2.346685510368489e-15,5.5069329890825245e-30,3.553356997428356e-29,-0.5550239682197571,-0.5550239682197571,-6.932574706297601e-06
1699766.4143171,199999.96875,2.7021496629473342e-15,7.301613440867116e-30,3.2983515348027797e-29,-0.5550239682197571,-0.5550239682197571,-6.932574706297601e-06
1699766.4201445,199999.96875,3.0285133633485475e-15,9.17189228534179e-30,3.0579906629183917e-29,-0.5550239682197571,-0.5550239682197571,-6.932574706297601e-06
1699766.4286891,199999.96875,3.325129054883953e-15,1.1056483196715693e-29,2.838712404467414e-29,-0.5550239682197571,-0.5550239682197571,-6.932574706297601e-06
1699766.4289124,199999.96875,3.591343039876507e-15,1.289774519823919e-29,2.645816978842111e-29,-0.5550239682197571,-0.5550239682197571,-6.932574706297601e-06
1699766.4293248,199999.96875,3.826462445375356e-15,1.4641814693729353e-29,2.4831982251855133e-29,-0.5550239682197571,-0.5550239682197571,-6.932574706297601e-06
1699766.4353131,199999.96875,4.0297346826068635e-15,1.623876270169433e-29,2.3531598867303178e-29,-0.5550239682197571,-0.5550239682197571,-6.932574706297601e-06
1699766.4451028,199999.96875,4.200341517743983e-15,1.764287095544646e-29,2.2563357147988493e-29,-0.5550239682197571,-0.5550239682197571,-6.932574706297601e-06
1699766.4453264,199999.96875,4.337405001136885e-15,1.8813082540616603e-29,2.1917051169838594e-29,-0.5550239682197571,-0.5550239682197571,-6.932574706297601e-06
1699766.4455072,199999.96875,4.4400069490707454e-15,1.9713662428939765e-29,2.1567121736005586e-29,-0.5550239682197571,-0.5550239682197571,-6.932574706297601e-06
1699766.4515708,199999.96875,4.507221554534216e-15,2.0315046091136832e-29,2.1474648510652386e-29,-0.5550239682197571,-0.5550239682197571,-6.932574706297601e-06
1699766.46114,199999.96875,4.538153080185575e-15,2.059483255454215e-29,2.1590100487654556e-29,-0.5550239682197571,-0.5550239682197571,-6.932574706297601e-06
1699766.462215,199999.96875,4.5319879508789844e-15,2.053891588694585e-29,2.1856528821336225e-29,-0.5550239682197571,-0.5550239682197571,-6.932574706297601e-06
1699766.4629871,199999.96875,4.488050657839009e-15,2.0142598624842952e-29,2.2213090676415217e-29,-0.5550239682197571,-0.5550239682197571,-6.932574706297601e-06
1699766.4664266,199999.96875,4.405858815802188e-15,1.941159235422478e-29,2.2598556526987708e-29,-0.5550239682197571,-0.5550239682197571,-6.932574706297601e-06
1699766.4767219,199999.96875,4.285182878839815e-15,1.8362791091822253e-29,2.295468956172752e-29,-0.5550239682197571,-0.5550239682197571,-6.932574706297601e-06
1699766.4769388,199999.96875,4.126106703213669e-15,1.7024755776857528e-29,2.322923087529992e-29,-0.5550239682197571,-0.5550239682197571,-6.932574706297601e-06
1699766.4787295,199999.96875,3.9290787928693196e-15,1.5437660104264307e-29,2.337835051514241e-29,-0.5550239682197571,-0.5550239682197571,-6.932574706297601e-06
1699766.4818361,199999.96875,3.694961003830599e-15,1.365273681982883e-29,2.3368460563951427e-29,-0.5550239682197571,-0.5550239682197571,-6.932574706297601e-06
1699766.4908471,199999.96875,3.425069201781067e-15,1.173109808809893e-29,2.3177363174485141e-29,-0.5550239682197571,-0.5550239682197571,-6.932574706297601e-06
1699766.4925786,199999.96875,3.121199096568902e-15,9.741883289445345e-30,2.2794616195326328e-29,-0.5550239682197571,-0.5550239682197571,-6.932574706297601e-06
1699766.4928505,199999.96875,2.7856484768217686e-15,7.759836561303526e-30,2.2221266850882248e-29,-0.5550239682197571,-0.5550239682197571,-6.932574706297601e-06
1699766.4986942,199999.96875,2.4212176334632894e-15,5.862294899528197e-30,2.146897153121475e-29,-0.5550239682197571,-0.5550239682197571,-6.932574706297601e-06
1699766.5111381,199999.96875,2.031203642240652e-15,4.1257884406516755e-30,2.0558588960401212e-29,-0.5550239682197571,-0.5550239682197571,-6.932574706297601e-06
1699766.5116773,199999.96875,1.6193804584503473e-15,2.622392855893501e-30,1.951841827156197e-29,-0.5550239682197571,-0.5550239682197571,-6.932574706297601e-06
1699766.5125366,199999.96875,1.1899587887522953e-15,1.4160019055937485e-30,1.8382166247989342e-29,-0.5550239682197571,-0.5550239682197571,-6.932574706297601e-06
1699766.5174762,199999.96875,7.475417278192311e-16,5.588186355955995e-31,1.7186815258513868e-29,-0.5550239682197571,-0.5550239682197571,-6.932574706297601e-06
1699766.5286557,199999.96875,2.970636396156049e-16,8.824680594447883e-32,1.5970533322588105e-29,-0.5550239682197571,-0.5550239682197571,-6.932574706297601e-06
1699766.5302029,199999.96875,-1.562804375046154e-16,2.4423575265452898e-32,1.4770663920907166e-29,-0.5550239682197571,-0.5550239682197571,-6.932574706297601e-06
1699766.5305904,199999.96875,-6.071138295598352e-16,3.685872093076779e-31,1.3621994163091547e-29,-0.5550239682197571,-0.5550239682197571,-6.932574706297601e-06
1699766.5403465,199999.96875,-1.0499665830651433e-15,1.102429853754837e-30,1.2555265953562145e-29,-0.5550239682197571,-0.5550239682197571,-6.932574706297601e-06
1699766.5431754,199999.96875,-1.4793664416648034e-15,2.1885250380106476e-30,1.1596064820240311e-29,-0.5550239682197571,-0.5550239682197571,-6.932574706297601e-06
1699766.5437885,199999.96875,-1.8899331579569746e-15,3.571846978137412e-30,1.0764050294886489e-29,-0.5550239682197571,-0.5550239682197571,-6.932574706297601e-06
1699766.5450086,199999.96875,-2.2764734670629224e-15,5.1823314148091696e-30,1.0072527845077408e-29,-0.5550239682197571,-0.5550239682197571,-6.932574706297601e-06
1699766.5562654,199999.96875,-2.6340742602512165e-15,6.938346942169226e-30,9.52839395511002e-30,-0.5550239682197571,-0.5550239682197571,-6.932574706297601e-06
1699766.5567015,199999.96875,-2.958192052792785e-15,8.7509005504592e-30,9.132349031538321e-30,-0.5550239682197571,-0.5550239682197571,-6.932574706297601e-06
1699766.5571943,199999.96875,-3.2447354637941527e-15,1.0528308946529646e-29,8.879387913456056e-30,-0.5550239682197571,-0.5550239682197571,-6.932574706297601e-06
1699766.5574666,199999.96875,-3.4901416609209313e-15,1.2181089362655855e-29,8.759494260519644e-30,-0.5550239682197571,-0.5550239682197571,-6.932574706297601e-06
1699766.570334,199999.96875,-3.691438617319442e-15,1.362672021461914e-29,8.758477881084149e-30,-0.5550239682197571,-0.5550239682197571,-6.932574706297601e-06
1699766.570578,199999.96875,-3.8462974159012096e-15,1.479400378442071e-29,8.858915127683943e-30,-0.5550239682197571,-0.5550239682197571,-6.932574706297601e-06
1699766.5708609,199999.96875,-3.9530756597815075e-15,1.56268074896619e-29,9.041129917598127e-30,-0.5550239682197571,-0.5550239682197571,-6.932574706297601e-06
1699766.5746762,199999.96875,-4.0108424597513036e-15,1.6086856481963556e-29,9.284165725619337e-30,-0.5550239682197571,-0.5550239682197571,-6.932574706297601e-06
1699766.5854093,199999.96875,-4.019392833837362e-15,1.61555188937465e-29,9.566723722585249e-30,-0.5550239682197571,-0.5550239682197571,-6.932574706297601e-06
1699766.5859805,199999.96875,-3.9792443191704555e-15,1.5834386626480387e-29,9.868009883627558e-30,-0.5550239682197571,-0.5550239682197571,-6.932574706297601e-06
1699766.5864731,199999.96875,-3.8916229959417344e-15,1.5144727664355777e-29,1.0168481286025425e-29,-0.5550239682197571,-0.5550239682197571,-6.932574706297601e-06
1699766.5902472,199999.96875,-3.7584334177331e-15,1.4125821950441555e-29,1.0450473541070174e-29,-0.5550239682197571,-0.5550239682197571,-6.932574706297601e-06
1699766.6007525,199999.96875,-3.582220918551052e-15,1.2832307214480326e-29,1.0698685285816924e-29,-0.5550239682197571,-0.5550239682197571,-6.932574706297601e-06
1699766.601037,199999.96875,-3.366115285135694e-15,1.1330731859214512e-29,1.0900520487039553e-29,-0.5550239682197571,-0.5550239682197571,-6.932574706297601e-06
1699766.6015987,199999.96875,-3.1137672294896928e-15,9.695546618689604e-30,1.1046299842134745e-29,-0.5550239682197571,-0.5550239682197571,-6.932574706297601e-06
1699766.6037872,199999.96875,-2.829280838000732e-15,8.004830648873658e-30,1.1129345038557061e-29,-0.5550239682197571,-0.5550239682197571,-6.932574706297601e-06
1699766.6164955,199999.96875,-2.5171307739709197e-15,6.335946900536664e-30,1.1145924587039251e-29,-0.5550239682197571,-0.5550239682197571,-6.932574706297601e-06
1699766.6171188,199999.96875,-2.1820828682779818e-15,4.7614856293051775e-30,1.1095122166224962e-29,-0.5550239682197571,-0.5550239682197571,-6.932574706297601e-06
1699766.6173953,199999.96875,-1.8291028515751966e-15,3.345617165830134e-30,1.0978595129109304e-29,-0.5550239682197571,-0.5550239682197571,-6.932574706297601e-06
1699766.6213046,199999.96875,-1.4632739803372742e-15,2.141170671265738e-30,1.0800290127445503e-29,-0.5550239682197571,-0.5550239682197571,-6.932574706297601e-06
1699766.629445,199999.96875,-1.0897082042800126e-15,1.1874639866187446e-30,1.0566083504513094e-29,-0.5550239682197571,-0.5550239682197571,-6.932574706297601e-06
1699766.6434941,199999.96875,-7.13459980757915e-16,5.0902516509250775e-31,1.0283428458733578e-29,-0.5550239682197571,-0.5550239682197571,-6.932574706297601e-06
1699766.6437326,199999.96875,-3.394509947110026e-16,1.1522697562847863e-31,9.960957820619394e-30,-0.5550239682197571,-0.5550239682197571,-6.932574706297601e-06
1699766.6499816,199999.96875,2.760828452703527e-17,7.6221735303804935e-34,9.6081154177455e-30,-0.5550239682197571,-0.5550239682197571,-6.932574706297601e-06
1699766.6512931,199999.96875,3.8328333507485696e-16,1.4690611345022948e-31,9.234791953619262e-30,-0.5550239682197571,-0.5550239682197571,-6.932574706297601e-06
1699766.6516805,199999.96875,7.234757218427235e-16,5.234171185878173e-31,8.85098796994019e-30,-0.5550239682197571,-0.5550239682197571,-6.932574706297601e-06
1699766.6519508,199999.96875,1.0444720920945415e-15,1.090921952139383e-30,8.46650464456589e-30,-0.5550239682197571,-0.5550239682197571,-6.932574706297601e-06
1699766.6558447,199999.96875,1.3429851374317965e-15,1.8036089426361493e-30,8.090679728461104e-30,-0.5550239682197571,-0.5550239682197571,-6.932574706297601e-06
1699766.666602,199999.96875,1.6161840737447647e-15,2.6120509506345145e-30,7.73214304287273e-30,-0.5550239682197571,-0.5550239682197571,-6.932574706297601e-06
1699766.667097,199999.96875,1.861714043560961e-15,3.465978759557722e-30,7.398610344640472e-30,-0.5550239682197571,-0.5550239682197571,-6.932574706297601e-06
1699766.6674236,199999.96875,2.0777087156602283e-15,4.3168737930558085e-30,7.09671706427585e-30,-0.5550239682197571,-0.5550239682197571,-6.932574706297601e-06
1699766.672719,199999.96875,2.262789861558266e-15,5.12021829331172e-30,6.831865585736148e-30,-0.5550239682197571,-0.5550239682197571,-6.932574706297601e-06
1699766.6839952,199999.96875,2.4160592028145108e-15,5.83734206968623e-30,6.608116160548653e-30,-0.5550239682197571,-0.5550239682197571,-6.932574706297601e-06
1699766.6845175,199999.96875,2.537082211527021e-15,6.43678663640218e-30,6.428098134477286e-30,-0.5550239682197571,-0.5550239682197571,-6.932574706297601e-06
1699766.6847547,199999.96875,2.6258665109923224e-15,6.895176018759571e-30,6.2929478814208734e-30,-0.5550239682197571,-0.5550239682197571,-6.932574706297601e-06
1699766.6903951,199999.96875,2.682829476695174e-15,7.197573351101825e-30,6.202276829966807e-30,-0.5550239682197571,-0.5550239682197571,-6.932574706297601e-06
1699766.7021247,199999.96875,2.708765202023627e-15,7.337407902126491e-30,6.154187638193311e-30,-0.5550239682197571,-0.5550239682197571,-6.932574706297601e-06
1699766.7026645,199999.96875,2.7048048994787396e-15,7.315969894433031e-30,6.145310304855901e-30,-0.5550239682197571,-0.5550239682197571,-6.932574706297601e-06
1699766.7031224,199999.96875,2.672374972543688e-15,7.14158747039815e-30,6.170896208935447e-30,-0.5550239682197571,-0.5550239682197571,-6.932574706297601e-06
1699766.7088021,199999.96875,2.613155299311114e-15,6.828580972401306e-30,6.2249516457964284e-30,-0.5550239682197571,-0.5550239682197571,-6.932574706297601e-06
1699766.7101516,199999.96875,2.5290320103963163e-15,6.396003565197011e-30,6.300424025492103e-30,-0.5550239682197571,-0.5550239682197571,-6.932574706297601e-06
1699766.7107551,199999.96875,2.4220602194875707e-15,5.86637583975606e-30,6.389432833894559e-30,-0.5550239682197571,-0.5550239682197571,-6.932574706297601e-06
1699766.7110564,199999.96875,2.294415318951663e-15,5.26434180004457e-30,6.483543099700488e-30,-0.5550239682197571,-0.5550239682197571,-6.932574706297601e-06
1699766.717655,199999.96875,2.1483574044501045e-15,4.6154392018934784e-30,6.574085881210992e-30,-0.5550239682197571,-0.5550239682197571,-6.932574706297601e-06
1699766.7291563,199999.96875,1.986193581972979e-15,3.944965436048865e-30,6.652496808704627e-30,-0.5550239682197571,-0.5550239682197571,-6.932574706297601e-06
1699766.7296823,199999.96875,1.8102459923451846e-15,3.276990112917264e-30,6.710665911556198e-30,-0.5550239682197571,-0.5550239682197571,-6.932574706297601e-06
1699766.7299329,199999.96875,1.6228188828206077e-15,2.6335412443166995e-30,6.741288197671955e-30,-0.5550239682197571,-0.5550239682197571,-6.932574706297601e-06
1699766.736329,199999.96875,1.426177854774917e-15,2.033983265905782e-30,6.738195425015167e-30,-0.5550239682197571,-0.5550239682197571,-6.932574706297601e-06
1699766.748423,199999.96875,1.2225260409039207e-15,1.4945697850931047e-30,6.696651009628858e-30,-0.5550239682197571,-0.5550239682197571,-6.932574706297601e-06
1699766.7494911,199999.96875,1.0139895997843457e-15,1.0281748160088738e-30,6.613567445070931e-30,-0.5550239682197571,-0.5550239682197571,-6.932574706297601e-06
1699766.7575657,199999.96875,8.026025751599049e-16,6.4417090425061355e-31,6.487685353713689e-30,-0.5550239682197571,-0.5550239682197571,-6.932574706297601e-06
1699766.7579741,199999.96875,5.903005431941925e-16,3.4845470564024073e-31,6.31963592900375e-30,-0.5550239682197571,-0.5550239682197571,-6.932574706297601e-06
1699766.7586009,199999.96875,3.7891235389944915e-16,1.4357457438090298e-31,6.111940559303854e-30,-0.5550239682197571,-0.5550239682197571,-6.932574706297601e-06
1699766.759541,199999.96875,1.7016019731101018e-16,2.8954488853338634e-32,5.868897604276992e-30,-0.5550239682197571,-0.5550239682197571,-6.932574706297601e-06
1699766.7615512,199999.96875,-3.4343046799376663e-17,1.1794447465250197e-33,5.59638716878462e-30,-0.5550239682197571,-0.5550239682197571,-6.932574706297601e-06
1699766.7705621,199999.96875,-2.330902851341418e-16,5.433108440877719e-32,5.301593874298965e-30,-0.5550239682197571,-0.5550239682197571,-6.932574706297601e-06
1699766.7836187,199999.96875,-4.2467831166320745e-16,1.8035165487801746e-31,4.992664554948061e-30,-0.5550239682197571,-0.5550239682197571,-6.932574706297601e-06
1699766.7840477,199999.96875,-6.078038967140514e-16,3.694255953885714e-31,4.67831554836303e-30,-0.5550239682197571,-0.5550239682197571,-6.932574706297601e-06
1699766.7893053,199999.96875,-7.812591448341094e-16,6.103658496305701e-31,4.3674125269773216e-30,-0.5550239682197571,-0.5550239682197571,-6.932574706297601e-06
1699766.7895755,199999.96875,-9.43928222464272e-16,8.91000455719893e-31,4.0685450631112644e-30,-0.5550239682197571,-0.5550239682197571,-6.932574706297601e-06
1699766.79513,199999.96875,-1.0947850021284997e-15,1.1985541645616904e-30,3.7896215065989984e-30,-0.5550239682197571,-0.5550239682197571,-6.932574706297601e-06
1699766.7953712,199999.96875,-1.232888959617985e-15,1.5200151940878404e-30,3.537505239816557e-30,-0.5550239682197571,-0.5550239682197571,-6.932574706297601e-06
1699766.8012924,199999.96875,-1.357385862205422e-15,1.842496176552312e-30,3.317709237229748e-30,-0.5550239682197571,-0.5550239682197571,-6.932574706297601e-06
1699766.8099239,199999.96875,-1.4675074510076512e-15,2.1535778730793452e-30,3.134166232738683e-30,-0.5550239682197571,-0.5550239682197571,-6.932574706297601e-06
1699766.8113429,199999.96875,-1.5625745114800928e-15,2.4416392524771633e-30,2.9890880365138694e-30,-0.5550239682197571,-0.5550239682197571,-6.932574706297601e-06
1699766.8117945,199999.96875,-1.6419977204496948e-15,2.6961565370008205e-30,2.8829145655611584e-30,-0.5550239682197571,-0.5550239682197571,-6.932574706297601e-06
1699766.818954,199999.96875,-1.705284634136747e-15,2.9079956653466872e-30,2.8143554092019915e-30,-0.5550239682197571,-0.5550239682197571,-6.932574706297601e-06
1699766.8191784,199999.96875,-1.7520449821108023e-15,3.0696614974548245e-30,2.780518851333346e-30,-0.5550239682197571,-0.5550239682197571,-6.932574706297601e-06
1699766.8253543,199999.96875,-1.7819974435542537e-15,3.1755146697068234e-30,2.7771168766425183e-30,-0.5550239682197571,-0.5550239682197571,-6.932574706297601e-06
1699766.8258485,199999.96875,-1.794975682372084e-15,3.221938233004978e-30,2.798732431002727e-30,-0.5550239682197571,-0.5550239682197571,-6.932574706297601e-06
1699766.8339133,199999.96875,-1.79093872334547e-15,3.207461032659347e-30,2.8391321970099795e-30,-0.5550239682197571,-0.5550239682197571,-6.932574706297601e-06
1699766.8426926,199999.96875,-1.7699766696041759e-15,3.1328175175403237e-30,2.891608333700744e-30,-0.5550239682197571,-0.5550239682197571,-6.932574706297601e-06
1699766.8440097,199999.96875,-1.7323185376813153e-15,3.0009274275362553e-30,2.94932209706058e-30,-0.5550239682197571,-0.5550239682197571,-6.932574706297601e-06
1699766.8446837,199999.96875,-1.678337974985746e-15,2.8168181168867383e-30,3.0056433227926582e-30,-0.5550239682197571,-0.5550239682197571,-6.932574706297601e-06
1699766.8509773,199999.96875,-1.6085585537579895e-15,2.587460737289889e-30,3.0544541740580106e-30,-0.5550239682197571,-0.5550239682197571,-6.932574706297601e-06
1699766.8515033,199999.96875,-1.5236555710152443e-15,2.3215261112355652e-30,3.090416401871135e-30,-0.5550239682197571,-0.5550239682197571,-6.932574706297601e-06
1699766.8541805,199999.96875,-1.4244586955293459e-15,2.0290824888978816e-30,3.1091801128967007e-30,-0.5550239682197571,-0.5550239682197571,-6.932574706297601e-06
1699766.8583678,199999.96875,-1.3119487914532149e-15,1.721209609829949e-30,3.1075315996191076e-30,-0.5550239682197571,-0.5550239682197571,-6.932574706297601e-06
1699766.8682234,199999.96875,-1.1872564360131989e-15,1.4095778759862788e-30,3.0834824898340526e-30,-0.5550239682197571,-0.5550239682197571,-6.932574706297601e-06
1699766.8695426,199999.96875,-1.0516529197840082e-15,1.1059738281632442e-30,3.036282347947971e-30,-0.5550239682197571,-0.5550239682197571,-6.932574706297601e-06
1699766.8699538,199999.96875,-9.065417763592432e-16,8.218180992756942e-31,2.9663814353170015e-30,-0.5550239682197571,-0.5550239682197571,-6.932574706297601e-06
1699766.8747288,199999.96875,-7.534469768296921e-16,5.676823802183139e-31,2.875330276009653e-30,-0.5550239682197571,-0.5550239682197571,-6.932574706297601e-06
1699766.8857626,199999.96875,-5.939983714045496e-16,3.528340568640032e-31,2.7656404782756662e-30,-0.5550239682197571,-0.5550239682197571,-6.932574706297601e-06
1699766.8866063,199999.96875,-4.2991313409591664e-16,1.848253042586029e-31,2.640600981269094e-30,-0.5550239682197571,-0.5550239682197571,-6.932574706297601e-06
1699766.8871001,199999.96875,-2.6297741916153617e-16,6.915712445795838e-32,2.5040805719973626e-30,-0.5550239682197571,-0.5550239682197571,-6.932574706297601e-06
1699766.8923568,199999.96875,-9.50246757378544e-17,9.029689160219992e-33,2.3603099016488554e-30,-0.5550239682197571,-0.5550239682197571,-6.932574706297601e-06
1699766.9025424,199999.96875,7.208857200831465e-17,5.196762444675436e-33,2.213665382711458e-30,-0.5550239682197571,-0.5550239682197571,-6.932574706297601e-06
1699766.9037166,199999.96875,2.36505998433504e-16,5.593508759277648e-32,2.0684649350741586e-30,-0.5550239682197571,-0.5550239682197571,-6.932574706297601e-06
1699766.9040508,199999.96875,3.963967285873336e-16,1.571303634796421e-31,1.9287757691908026e-30,-0.5550239682197571,-0.5550239682197571,-6.932574706297601e-06
1699766.9092417,199999.96875,5.499801867181117e-16,3.02478206353591e-31,1.7982537665319952e-30,-0.5550239682197571,-0.5550239682197571,-6.932574706297601e-06
1699766.9187012,199999.96875,6.955520101870646e-16,4.8379261461481896e-31,1.6800093791895603e-30,-0.5550239682197571,-0.5550239682197571,-6.932574706297601e-06
1699766.9199854,199999.96875,8.315074156662803e-16,6.914045712355807e-31,1.576510110865196e-30,-0.5550239682197571,-0.5550239682197571,-6.932574706297601e-06
1699766.9202997,199999.96875,9.563642543167412e-16,9.146326881883723e-31,1.4895160057405015e-30,-0.5550239682197571,-0.5550239682197571,-6.932574706297601e-06
1699766.9273393,199999.96875,1.0687850081751737e-15,1.1423013996206042e-30,1.4200531293244225e-30,-0.5550239682197571,-0.5550239682197571,-6.932574706297601e-06
1699766.9377248,199999.96875,1.1675947896041768e-15,1.3632775985356386e-30,1.3684193989052314e-30,-0.5550239682197571,-0.5550239682197571,-6.932574706297601e-06
1699766.9387849,199999.96875,1.25179812313249e-15,1.5669985748156304e-30,1.3342195662624077e-30,-0.5550239682197571,-0.5550239682197571,-6.932574706297601e-06
1699766.9390763,199999.96875,1.3205929744381818e-15,1.7439656758290993e-30,1.3164280360847461e-30,-0.5550239682197571,-0.5550239682197571,-6.932574706297601e-06
1699766.948565,199999.96875,1.3733805971066619e-15,1.8861741612051377e-30,1.3134719028912982e-30,-0.5550239682197571,-0.5550239682197571,-6.932574706297601e-06
1699766.9490162,199999.96875,1.409773155927206e-15,1.98746039684487e-30,1.323329598517294e-30,-0.5550239682197571,-0.5550239682197571,-6.932574706297601e-06
1699766.9495567,199999.96875,1.4295965856291537e-15,2.0437466398650676e-30,1.3436411064644743e-30,-0.5550239682197571,-0.5550239682197571,-6.932574706297601e-06
1699766.9514389,199999.96875,1.4328929202225122e-15,2.053182191959796e-30,1.3718213735960591e-30,-0.5550239682197571,-0.5550239682197571,-6.932574706297601e-06
1699766.961229,199999.96875,1.4199138343717345e-15,2.0161552483834707e-30,1.405175320504031e-30,-0.5550239682197571,-0.5550239682197571,-6.932574706297601e-06
1699766.9616103,199999.96875,1.391116725868338e-15,1.9352056292502524e-30,1.4410078677803728e-30,-0.5550239682197571,-0.5550239682197571,-6.932574706297601e-06
1699766.961993,199999.96875,1.3471530689278797e-15,1.8148214660311287e-30,1.476725310649882e-30,-0.5550239682197571,-0.5550239682197571,-6.932574706297601e-06
1699766.9655833,199999.96875,1.288856661607813e-15,1.661151628615929e-30,1.50992484461993e-30,-0.5550239682197571,-0.5550239682197571,-6.932574706297601e-06
1699766.9731962,199999.96875,1.2172281674562003e-15,1.4816445194092032e-30,1.5384710196330387e-30,-0.5550239682197571,-0.5550239682197571,-6.932574706297601e-06
1699766.9851152,199999.96875,1.1334159513912818e-15,1.2846318542904839e-30,1.5605566776940282e-30,-0.5550239682197571,-0.5550239682197571,-6.932574706297601e-06
1699766.9853527,199999.96875,1.0386987155260562e-15,1.078895140297702e-30,1.574746117022578e-30,-0.5550239682197571,-0.5550239682197571,-6.932574706297601e-06
1699766.9883301,199999.96875,9.344619940039947e-16,8.732191758529705e-31,1.5800028337199072e-30,-0.5550239682197571,-0.5550239682197571,-6.932574706297601e-06
1699766.9974864,199999.96875,8.221763419006493e-16,6.759739509318846e-31,1.575702405186859e-30,-0.5550239682197571,-0.5550239682197571,-6.932574706297601e-06
1699766.9979536,199999.96875,7.033747300318725e-16,4.947359498034601e-31,1.5616262835137284e-30,-0.5550239682197571,-0.5550239682197571,-6.932574706297601e-06
1699766.9984926,199999.96875,5.796296221246828e-16,3.359705089466547e-31,1.5379451504802548e-30,-0.5550239682197571,-0.5550239682197571,-6.932574706297601e-06
1699767.0017122,199999.96875,4.525280402848796e-16,2.047816013228518e-31,1.5051909878098465e-30,-0.5550239682197571,-0.5550239682197571,-6.932574706297601e-06
1699767.0105676,199999.96875,3.2365102444807214e-16,1.047499708037522e-31,1.4642143832147583e-30,-0.5550239682197571,-0.5550239682197571,-6.932574706297601e-06
1699767.0107946,199999.96875,1.9455182128128804e-16,3.7850409695170927e-32,1.4161385450570881e-30,-0.5550239682197571,-0.5550239682197571,-6.932574706297601e-06
1699767.0111277,199999.96875,6.673453630572432e-17,4.453498468676458e-33,1.3623045713318019e-30,-0.5550239682197571,-0.5550239682197571,-6.932574706297601e-06
1699767.0193771,199999.96875,-5.83638523184919e-17,3.4063387136051936e-33,1.3042126749491932e-30,-0.5550239682197571,-0.5550239682197571,-6.932574706297601e-06
1699767.0296317,199999.96875,-1.7938957418341144e-16,3.218061546675514e-32,1.2434631268986974e-30,-0.5550239682197571,-0.5550239682197571,-6.932574706297601e-06
1699767.0299117,199999.96875,-2.950882793732691e-16,8.707709502586259e-32,1.1816944722658126e-30,-0.5550239682197571,-0.5550239682197571,-6.932574706297601e-06
1699767.0308153,199999.96875,-4.0431542785297726e-16,1.6347098000797751e-31,1.1205251316727512e-30,-0.5550239682197571,-0.5550239682197571,-6.932574706297601e-06
1699767.0342899,199999.96875,-5.060485582109714e-16,2.560851118690099e-31,1.061497635826436e-30,-0.5550239682197571,-0.5550239682197571,-6.932574706297601e-06
1699767.0433331,199999.96875,-5.99392541910461e-16,3.592714400872983e-31,1.0060266216484206e-30,-0.5550239682197571,-0.5550239682197571,-6.932574706297601e-06
1699767.0442728,199999.96875,-6.835876168675384e-16,4.672920593530044e-31,9.553540694500099e-31,-0.5550239682197571,-0.5550239682197571,-6.932574706297601e-06
1699767.0445502,199999.96875,-7.580113197450903e-16,5.745811684841938e-31,9.105092420847838e-31,-0.5550239682197571,-0.5550239682197571,-6.932574706297601e-06
1699767.0498184,199999.96875,-8.22178882999491e-16,6.759780886719995e-31,8.722795326886972e-31,-0.5550239682197571,-0.5550239682197571,-6.932574706297601e-06
1699767.0604308,199999.96875,-8.757435525179585e-16,7.669267448719563e-31,8.411875190303516e-31,-0.5550239682197571,-0.5550239682197571,-6.932574706297601e-06
1699767.0620133,199999.96875,-9.184928818494094e-16,8.436292558958796e-31,8.174785502906506e-31,-0.5550239682197571,-0.5550239682197571,-6.932574706297601e-06
1699767.0623622,199999.96875,-9.503435441276576e-16,9.031528103582418e-31,8.011173616390695e-31,-0.5550239682197571,-0.5550239682197571,-6.932574706297601e-06
1699767.0678703,199999.96875,-9.713353499012241e-16,9.434924850942804e-31,7.917955033579526e-31,-0.5550239682197571,-0.5550239682197571,-6.932574706297601e-06
1699767.0781157,199999.96875,-9.816242591115221e-16,9.635861974481405e-31,7.889478918029727e-31,-0.5550239682197571,-0.5550239682197571,-6.932574706297601e-06
1699767.078621,199999.96875,-9.814743342798581e-16,9.632919477022427e-31,7.91777353725176e-31,-0.5550239682197571,-0.5550239682197571,-6.932574706297601e-06
1699767.0788993,199999.96875,-9.712469408373545e-16,9.433204867608681e-31,7.992900791806033e-31,-0.5550239682197571,-0.5550239682197571,-6.932574706297601e-06
1699767.0870169,199999.96875,-9.513936532240161e-16,9.051499282405149e-31,8.103363406546024e-31,-0.5550239682197571,-0.5550239682197571,-6.932574706297601e-06
1699767.087567,199999.96875,-9.224437611527587e-16,8.509024626223834e-31,8.236580770731493e-31,-0.5550239682197571,-0.5550239682197571,-6.932574706297601e-06
1699767.0880424,199999.96875,-8.84995111065666e-16,7.8321641644723335e-31,8.379392990006114e-31,-0.5550239682197571,-0.5550239682197571,-6.932574706297601e-06
1699767.0886903,199999.96875,-8.397035711617089e-16,7.051020426684244e-31,8.518606315776257e-31,-0.5550239682197571,-0.5550239682197571,-6.932574706297601e-06
1699767.0938655,199999.96875,-7.872739257925622e-16,6.198002262309477e-31,8.641527289844003e-31,-0.5550239682197571,-0.5550239682197571,-6.932574706297601e-06
1699767.1057929,199999.96875,-7.284490228529679e-16,5.306379923058225e-31,8.736467736780256e-31,-0.5550239682197571,-0.5550239682197571,-6.932574706297601e-06
1699767.1061927,199999.96875,-6.640017269677364e-16,4.408983085357993e-31,8.793221544433437e-31,-0.5550239682197571,-0.5550239682197571,-6.932574706297601e-06
1699767.1064171,199999.96875,-5.94725443310649e-16,3.536983508403888e-31,8.803466212799723e-31,-0.5550239682197571,-0.5550239682197571,-6.932574706297601e-06
1699767.1130876,199999.96875,-5.214267060661693e-16,2.7188577779434486e-31,8.761083528881956e-31,-0.5550239682197571,-0.5550239682197571,-6.932574706297601e-06
1699767.1250084,199999.96875,-4.449163375230564e-16,1.9795054504146633e-31,8.66239372516432e-31,-0.5550239682197571,-0.5550239682197571,-6.932574706297601e-06
1699767.1252871,199999.96875,-3.660050540909513e-16,1.3395968886801313e-31,8.506257982719739e-31,-0.5550239682197571,-0.5550239682197571,-6.932574706297601e-06
1699767.1275424,199999.96875,-2.854948636220057e-16,8.150730891807889e-32,8.294098179514968e-31,-0.5550239682197571,-0.5550239682197571,-6.932574706297601e-06
1699767.1360417,199999.96875,-2.0417528023239937e-16,4.168754357846547e-32,8.029781221766471e-31,-0.5550239682197571,-0.5550239682197571,-6.932574706297601e-06
1699767.1364352,199999.96875,-1.2281713037391338e-16,1.508404636550729e-32,7.719398051002471e-31,-0.5550239682197571,-0.5550239682197571,-6.932574706297601e-06
1699767.1369461,199999.96875,-4.2167718790430176e-17,1.7781164888881257e-33,7.370961306915911e-31,-0.5550239682197571,-0.5550239682197571,-6.932574706297601e-06
1699767.1399778,199999.96875,3.705207984910008e-17,1.372856638082984e-33,6.9940009573077775e-31,-0.5550239682197571,-0.5550239682197571,-6.932574706297601e-06
1699767.1486238,199999.96875,1.1415350533582898e-16,1.303102197190915e-32,6.599114789047345e-31,-0.5550239682197571,-0.5550239682197571,-6.932574706297601e-06
1699767.1490367,199999.96875,1.8848085821563065e-16,3.552503207669489e-32,6.197470938862905e-31,-0.5550239682197571,-0.5550239682197571,-6.932574706297601e-06
1699767.1496103,199999.96875,2.5941718086554873e-16,6.729727492850262e-32,5.80029396721159e-31,-0.5550239682197571,-0.5550239682197571,-6.932574706297601e-06
1699767.1527095,199999.96875,3.2638545856004584e-16,1.0652747107646111e-31,5.418368329465583e-31,-0.5550239682197571,-0.5550239682197571,-6.932574706297601e-06
1699767.1593549,199999.96875,3.888526561123928e-16,1.5120637741406862e-31,5.061568178171793e-31,-0.5550239682197571,-0.5550239682197571,-6.932574706297601e-06
1699767.1718334,199999.96875,4.463317295779184e-16,1.9921201504910775e-31,4.738445940029061e-31,-0.5550239682197571,-0.5550239682197571,-6.932574706297601e-06
1699767.1721088,199999.96875,4.983844452855369e-16,2.483870344643449e-31,4.455893303317388e-31,-0.5550239682197571,-0.5550239682197571,-6.932574706297601e-06
1699767.1761074,199999.96875,5.446238679970307e-16,2.9661514616022067e-31,4.218887781315897e-31,-0.5550239682197571,-0.5550239682197571,-6.932574706297601e-06
1699767.1875528,199999.96875,5.847161608520633e-16,3.418929551146286e-31,4.030339427839483e-31,-0.5550239682197571,-0.5550239682197571,-6.932574706297601e-06
1699767.1878892,199999.96875,6.183837617417312e-16,3.8239846859368123e-31,3.8910405260805995e-31,-0.5550239682197571,-0.5550239682197571,-6.932574706297601e-06
1699767.1885843,199999.96875,6.454062303415116e-16,4.165492125924145e-31,3.7997067309115393e-31,-0.5550239682197571,-0.5550239682197571,-6.932574706297601e-06
1699767.1914064,199999.96875,6.656233715452548e-16,4.430544472938516e-31,3.7531228301839327e-31,-0.5550239682197571,-0.5550239682197571,-6.932574706297601e-06
1699767.2015768,199999.96875,6.789365589541651e-16,4.609547812286253e-31,3.7463663237542763e-31,-0.5550239682197571,-0.5550239682197571,-6.932574706297601e-06
1699767.2020286,199999.96875,6.853082584207671e-16,4.69647420893634e-31,3.7731017672693784e-31,-0.5550239682197571,-0.5550239682197571,-6.932574706297601e-06
1699767.202338,199999.96875,6.847645691477483e-16,4.68902533633405e-31,3.82592566220889e-31,-0.5550239682197571,-0.5550239682197571,-6.932574706297601e-06
1699767.2073288,199999.96875,6.773945884132478e-16,4.588634827389644e-31,3.8967482564504522e-31,-0.5550239682197571,-0.5550239682197571,-6.932574706297601e-06
1699767.2189242,199999.96875,6.633512056642451e-16,4.400348844252333e-31,3.977185924284e-31,-0.5550239682197571,-0.5550239682197571,-6.932574706297601e-06
1699767.2206616,199999.96875,6.428501496044941e-16,4.132563237773431e-31,4.058946258361094e-31,-0.5550239682197571,-0.5550239682197571,-6.932574706297601e-06
1699767.2208659,199999.96875,6.16167658853918e-16,3.7966259953169042e-31,4.134196704723333e-31,-0.5550239682197571,-0.5550239682197571,-6.932574706297601e-06
1699767.2266298,199999.96875,5.836397407947807e-16,3.4063531721857087e-31,4.195888058847708e-31,-0.5550239682197571,-0.5550239682197571,-6.932574706297601e-06
1699767.2281124,199999.96875,5.456584658025427e-16,2.977431270293827e-31,4.238021537963101e-31,-0.5550239682197571,-0.5550239682197571,-6.932574706297601e-06
1699767.2284595,199999.96875,5.0267000848217e-16,2.5267711864710592e-31,4.255862721022142e-31,-0.5550239682197571,-0.5550239682197571,-6.932574706297601e-06
1699767.2288911,199999.96875,4.551695654704513e-16,2.071793511897721e-31,4.246081197430079e-31,-0.5550239682197571,-0.5550239682197571,-6.932574706297601e-06
1699767.2340944,199999.96875,4.0369619382897516e-16,1.62970607327663e-31,4.206821566903576e-31,-0.5550239682197571,-0.5550239682197571,-6.932574706297601e-06
1699767.2440444,199999.96875,3.48828496470055e-16,1.216813212352561e-31,4.137698737493303e-31,-0.5550239682197571,-0.5550239682197571,-6.932574706297601e-06
1699767.2442513,199999.96875,2.911781105909472e-16,8.4784692962663e-32,4.039739621064138e-31,-0.5550239682197571,-0.5550239682197571,-6.932574706297601e-06
1699767.2447734,199999.96875,2.3138306375917116e-16,5.353811355212774e-32,3.915251948125616e-31,-0.5550239682197571,-0.5550239682197571,-6.932574706297601e-06
1699767.2503659,199999.96875,1.701014344002944e-16,2.8934496633167024e-32,3.7676538211510575e-31,-0.5550239682197571,-0.5550239682197571,-6.932574706297601e-06
1699767.2613738,199999.96875,1.080031395488114e-16,1.1664677297023232e-32,3.6012607150012014e-31,-0.5550239682197571,-0.5550239682197571,-6.932574706297601e-06
1699767.2622707,199999.96875,4.5762367799899816e-17,2.094194246525769e-33,3.4210489674608188e-31,-0.5550239682197571,-0.5550239682197571,-6.932574706297601e-06
1699767.2627013,199999.96875,-1.5949397131865735e-17,2.543832912083039e-34,3.232401402261195e-31,-0.5550239682197571,-0.5550239682197571,-6.932574706297601e-06
1699767.2676978,199999.96875,-7.647177560445354e-17,5.8479326831012274e-33,3.0408534223003525e-31,-0.5550239682197571,-0.5550239682197571,-6.932574706297601e-06
1699767.2790982,199999.96875,-1.3516365466665947e-16,1.8269212878269393e-32,2.8518489770158192e-31,-0.5550239682197571,-0.5550239682197571,-6.932574706297601e-06
1699767.2801528,199999.96875,-1.9141081135463228e-16,3.6638098861280886e-32,2.67051251648057e-31,-0.5550239682197571,-0.5550239682197571,-6.932574706297601e-06
1699767.2805478,199999.96875,-2.446317972547513e-16,5.984471715142212e-32,2.5014515083520875e-31,-0.5550239682197571,-0.5550239682197571,-6.932574706297601e-06
1699767.2856159,199999.96875,-2.942867215073705e-16,8.660467560121062e-32,2.3485918686632484e-31,-0.5550239682197571,-0.5550239682197571,-6.932574706297601e-06
1699767.2974675,199999.96875,-3.3988348443991475e-16,1.1552077868652316e-31,2.2150526541245244e-31,-0.5550239682197571,-0.5550239682197571,-6.932574706297601e-06
1699767.2981065,199999.96875,-3.80981814208269e-16,1.4514712721354602e-31,2.1030621318273342e-31,-0.5550239682197571,-0.5550239682197571,-6.932574706297601e-06
1699767.3008479,199999.96875,-4.1719993718123804e-16,1.7405578941961785e-31,2.013912875359842e-31,-0.5550239682197571,-0.5550239682197571,-6.932574706297601e-06
1699767.3088939,199999.96875,-4.482178072536577e-16,2.00899202090843e-31,1.94796505619114e-31,-0.5550239682197571,-0.5550239682197571,-6.932574706297601e-06
1699767.3107225,199999.96875,-4.737806792666412e-16,2.2446814594347405e-31,1.9046792399636355e-31,-0.5550239682197571,-0.5550239682197571,-6.932574706297601e-06
1699767.3111561,199999.96875,-4.937014648179639e-16,2.4374110463170296e-31,1.8826877390001469e-31,-0.5550239682197571,-0.5550239682197571,-6.932574706297601e-06
1699767.3132444,199999.96875,-5.078617910532469e-16,2.5792358503369596e-31,1.8798953521697685e-31,-0.5550239682197571,-0.5550239682197571,-6.932574706297601e-06
1699767.3221278,199999.96875,-5.162134829736151e-16,2.6647636438084384e-31,1.8936004408060056e-31,-0.5550239682197571,-0.5550239682197571,-6.932574706297601e-06
1699767.3230759,199999.96875,-5.187766576115658e-16,2.6912922003177958e-31,1.9206343423367814e-31,-0.5550239682197571,-0.5550239682197571,-6.932574706297601e-06
1699767.3234275,199999.96875,-5.156390887562582e-16,2.6588365661927222e-31,1.9575097176715117e-31,-0.5550239682197571,-0.5550239682197571,-6.932574706297601e-06
1699767.3288288,199999.96875,-5.06953454096435e-16,2.5700180938355515e-31,2.00057242507123e-31,-0.5550239682197571,-0.5550239682197571,-6.932574706297601e-06
1699767.3387465,199999.96875,-4.929350588193764e-16,2.4298497964548003e-31,2.0461526887221047e-31,-0.5550239682197571,-0.5550239682197571,-6.932574706297601e-06
1699767.3389641,199999.96875,-4.738569122318941e-16,2.2454036831638857e-31,2.0907053352114903e-31,-0.5550239682197571,-0.5550239682197571,-6.932574706297601e-06
1699767.3392744,199999.96875,-4.500449632000036e-16,2.025404508133481e-31,2.1309387452582146e-31,-0.5550239682197571,-0.5550239682197571,-6.932574706297601e-06
1699767.3430868,199999.96875,-4.21872753253444e-16,1.7797661556195507e-31,2.1639278187196913e-31,-0.5550239682197571,-0.5550239682197571,-6.932574706297601e-06
1699767.3525117,199999.96875,-3.8975657261601114e-16,1.5191016939179294e-31,2.187204957854674e-31,-0.5550239682197571,-0.5550239682197571,-6.932574706297601e-06
1699767.3531945,199999.96875,-3.5414757221123637e-16,1.2542050999050426e-31,2.198829656588826e-31,-0.5550239682197571,-0.5550239682197571,-6.932574706297601e-06
1699767.3533943,199999.96875,-3.155266814647029e-16,9.955709520461616e-32,2.1974352851898806e-31,-0.5550239682197571,-0.5550239682197571,-6.932574706297601e-06
1699767.3595054,199999.96875,-2.7439687912840223e-16,7.529364577963228e-32,2.18225283525353e-31,-0.5550239682197571,-0.5550239682197571,-6.932574706297601e-06
1699767.3678385,199999.96875,-2.3127705229186637e-16,5.348907192781143e-32,2.1531080985169826e-31,-0.5550239682197571,-0.5550239682197571,-6.932574706297601e-06
1699767.3680804,199999.96875,-1.866941083878467e-16,3.48546917294591e-32,2.1104016834549984e-31,-0.5550239682197571,-0.5550239682197571,-6.932574706297601e-06
1699767.3684947,199999.96875,-1.4117823710176525e-16,1.9931294299406936e-32,2.055065051791169e-31,-0.5550239682197571,-0.5550239682197571,-6.932574706297601e-06
1699767.3727922,199999.96875,-9.5254042995548e-17,9.073333061414116e-33,1.988501273582636e-31,-0.5550239682197571,-0.5550239682197571,-6.932574706297601e-06
1699767.3843325,199999.96875,-4.9435744551349804e-17,2.443892979306853e-33,1.9125101482299434e-31,-0.5550239682197571,-0.5550239682197571,-6.932574706297601e-06
1699767.3846079,199999.96875,-4.2210819863427864e-18,1.7817532663714783e-35,1.8292036864332134e-31,-0.5550239682197571,-0.5550239682197571,-6.932574706297601e-06
1699767.3849463,199999.96875,3.9914134694700906e-17,1.593138126448838e-33,1.740911600446341e-31,-0.5550239682197571,-0.5550239682197571,-6.932574706297601e-06
1699767.3904159,199999.96875,8.252096727638853e-17,6.809709303974561e-33,1.6500825625515238e-31,-0.5550239682197571,-0.5550239682197571,-6.932574706297601e-06
1699767.4007329,199999.96875,1.2318163247391855e-16,1.5173713074588014e-32,1.5591876969730605e-31,-0.5550239682197571,-0.5550239682197571,-6.932574706297601e-06
1699767.4009776,199999.96875,1.6151274530826242e-16,2.608636786067269e-32,1.4706246595383235e-31,-0.5550239682197571,-0.5550239682197571,-6.932574706297601e-06
1699767.40121,199999.96875,1.9716944425587945e-16,3.887579341739321e-32,1.38662700706331e-31,-0.5550239682197571,-0.5550239682197571,-6.932574706297601e-06
1699767.4074813,199999.96875,2.2984641364395385e-16,5.282937862065821e-32,1.3091860269783132e-31,-0.5550239682197571,-0.5550239682197571,-6.932574706297601e-06
1699767.4177373,199999.96875,2.592808879703796e-16,6.722658657571592e-32,1.2399798550185667e-31,-0.5550239682197571,-0.5550239682197571,-6.932574706297601e-06
1699767.4182961,199999.96875,2.8525375039961383e-16,8.136969379442812e-32,1.1803214008245041e-31,-0.5550239682197571,-0.5550239682197571,-6.932574706297601e-06
1699767.4188207,199999.96875,3.075894268835585e-16,9.461124974330542e-32,1.1311167354417393e-31,-0.5550239682197571,-0.5550239682197571,-6.932574706297601e-06
1699767.4254768,199999.96875,3.261571567109812e-16,1.0637847716749439e-31,1.0928436973238813e-31,-0.5550239682197571,-0.5550239682197571,-6.932574706297601e-06
1699767.4364603,199999.96875,3.40870277823466e-16,1.1619253844318757e-31,1.0655467201573914e-31,-0.5550239682197571,-0.5550239682197571,-6.932574706297601e-06
1699767.4384387,199999.96875,3.516848503868741e-16,1.236822242093388e-31,1.0488472947613047e-31,-0.5550239682197571,-0.5550239682197571,-6.932574706297601e-06
1699767.4389404,199999.96875,3.5859915386553135e-16,1.2859334556752624e-31,1.0419719458527803e-31,-0.5550239682197571,-0.5550239682197571,-6.932574706297601e-06
1699767.4469075,199999.96875,3.616510929838274e-16,1.307914964936769e-31,1.0437938445471197e-31,-0.5550239682197571,-0.5550239682197571,-6.932574706297601e-06
1699767.4471708,199999.96875,3.6091692717679473e-16,1.3026101940303782e-31,1.052889114537172e-31,-0.5550239682197571,-0.5550239682197571,-6.932574706297601e-06
1699767.4475213,199999.96875,3.5650888830994455e-16,1.2709858695102062e-31,1.0676012491837586e-31,-0.5550239682197571,-0.5550239682197571,-6.932574706297601e-06
1699767.4506544,199999.96875,3.485725601710862e-16,1.2150283417302725e-31,1.0861150501103395e-31,-0.5550239682197571,-0.5550239682197571,-6.932574706297601e-06
1699767.4579361,199999.96875,3.372837815061137e-16,1.137603583467317e-31,1.106533974731298e-31,-0.5550239682197571,-0.5550239682197571,-6.932574706297601e-06
1699767.4712377,199999.96875,3.228457608130293e-16,1.0422936786566003e-31,1.1269611278127123e-31,-0.5550239682197571,-0.5550239682197571,-6.932574706297601e-06
1699767.4719421,199999.96875,3.054868264106773e-16,9.33222026381937e-32,1.145574728209678e-31,-0.5550239682197571,-0.5550239682197571,-6.932574706297601e-06
1699767.4765236,199999.96875,2.854562442135668e-16,8.148526839900097e-32,1.160702282559845e-31,-0.5550239682197571,-0.5550239682197571,-6.932574706297601e-06
1699767.476979,199999.96875,2.6302202074016503e-16,6.918058732520079e-32,1.1708842970772327e-31,-0.5550239682197571,-0.5550239682197571,-6.932574706297601e-06
1699767.4774728,199999.96875,2.3846759439044693e-16,5.686679617018174e-32,1.1749301135338928e-31,-0.5550239682197571,-0.5550239682197571,-6.932574706297601e-06
1699767.4777607,199999.96875,2.1208808997208163e-16,4.49813580953382e-32,1.1719575234195334e-31,-0.5550239682197571,-0.5550239682197571,-6.932574706297601e-06
1699767.4807483,199999.96875,1.8418812170872546e-16,3.3925260672358563e-32,1.1614216851025483e-31,-0.5550239682197571,-0.5550239682197571,-6.932574706297601e-06
1699767.4892546,199999.96875,1.5507845804779214e-16,2.404932872087779e-32,1.143127466520701e-31,-0.5550239682197571,-0.5550239682197571,-6.932574706297601e-06
1699767.5017426,199999.96875,1.2507273940778218e-16,1.564319229399499e-32,1.1172265064452477e-31,-0.5550239682197571,-0.5550239682197571,-6.932574706297601e-06
1699767.5027104,199999.96875,9.448520177723712e-17,8.92745421247707e-33,1.0842007575600254e-31,-0.5550239682197571,-0.5550239682197571,-6.932574706297601e-06
1699767.5082046,199999.96875,6.362814223334268e-17,4.04854066481818e-33,1.04483074811398e-31,-0.5550239682197571,-0.5550239682197571,-6.932574706297601e-06
1699767.5087292,199999.96875,3.2808259494898824e-17,1.076381809948737e-33,1.0001525588279266e-31,-0.5550239682197571,-0.5550239682197571,-6.932574706297601e-06
1699767.5090366,199999.96875,2.325405499980258e-18,5.407511135903462e-36,9.514051607476316e-32,-0.5550239682197571,-0.5550239682197571,-6.932574706297601e-06
1699767.5138664,199999.96875,-2.7530711529190048e-17,7.5794002296899475e-34,8.999721107240129e-32,-0.5550239682197571,-0.5550239682197571,-6.932574706297601e-06
1699767.5189557,199999.96875,-5.648199657259906e-17,3.190216363024839e-33,8.473149596581654e-32,-0.5550239682197571,-0.5550239682197571,-6.932574706297601e-06
1699767.5270992,199999.96875,-8.426482944377283e-17,7.100560401830581e-33,7.949091292845237e-32,-0.5550239682197571,-0.5550239682197571,-6.932574706297601e-06
1699767.5282302,199999.96875,-1.106314364620272e-16,1.2239315506370799e-32,7.441802591517651e-32,-0.5550239682197571,-0.5550239682197571,-6.932574706297601e-06
1699767.5295148,199999.96875,-1.3535190773918674e-16,1.8320138232282892e-32,6.964440213120474e-32,-0.5550239682197571,-0.5550239682197571,-6.932574706297601e-06
1699767.5345023,199999.96875,-1.5821598719843028e-16,2.503230207629034e-32,6.528533993993747e-32,-0.5550239682197571,-0.5550239682197571,-6.932574706297601e-06
1699767.5446129,199999.96875,-1.7903446885516488e-16,3.2053341754655734e-32,6.143560181846623e-32,-0.5550239682197571,-0.5550239682197571,-6.932574706297601e-06
1699767.5456807,199999.96875,-1.9764060633278965e-16,3.906180952093908e-32,5.816602893384333e-32,-0.5550239682197571,-0.5550239682197571,-6.932574706297601e-06
1699767.5459037,199999.96875,-2.1389110547943082e-16,4.5749408471750223e-32,5.552148402796791e-32,-0.5550239682197571,-0.5550239682197571,-6.932574706297601e-06
1699767.5516042,199999.96875,-2.276677125547178e-16,5.183259467599144e-32,5.351992865452052e-32,-0.5550239682197571,-0.5550239682197571,-6.932574706297601e-06
1699767.5623252,199999.96875,-2.38877558336918e-16,5.706248071476312e-32,5.215276994979666e-32,-0.5550239682197571,-0.5550239682197571,-6.932574706297601e-06
1699767.5632486,199999.96875,-2.4745318459271656e-16,6.123308177423481e-32,5.138629473581474e-32,-0.5550239682197571,-0.5550239682197571,-6.932574706297601e-06
1699767.5634585,199999.96875,-2.5335441019667807e-16,6.418846265129817e-32,5.116419095569862e-32,-0.5550239682197571,-0.5550239682197571,-6.932574706297601e-06
1699767.5698457,199999.96875,-2.5656712675627483e-16,6.58266844758499e-32,5.141093897487973e-32,-0.5550239682197571,-0.5550239682197571,-6.932574706297601e-06
1699767.5701811,199999.96875,-2.5710380153769923e-16,6.610236141100474e-32,5.20358905464944e-32,-0.5550239682197571,-0.5550239682197571,-6.932574706297601e-06
1699767.5704736,199999.96875,-2.5500315982850857e-16,6.502660775584973e-32,5.293780621957806e-32,-0.5550239682197571,-0.5550239682197571,-6.932574706297601e-06
1699767.5747225,199999.96875,-2.50329920239829e-16,6.266506899240652e-32,5.400962784612958e-32,-0.5550239682197571,-0.5550239682197571,-6.932574706297601e-06
1699767.5814889,199999.96875,-2.431730741706814e-16,5.91331375236236e-32,5.514341565738469e-32,-0.5550239682197571,-0.5550239682197571,-6.932574706297601e-06
1699767.5926064,199999.96875,-2.336458593382018e-16,5.459038083015333e-32,5.623487979453845e-32,-0.5550239682197571,-0.5550239682197571,-6.932574706297601e-06
1699767.5928494,199999.96875,-2.218838804232898e-16,4.9232454069218325e-32,5.718765910818219e-32,-0.5550239682197571,-0.5550239682197571,-6.932574706297601e-06
1699767.5931669,199999.96875,-2.080443149772202e-16,4.3282439619981767e-32,5.791711212758496e-32,-0.5550239682197571,-0.5550239682197571,-6.932574706297601e-06
1699767.6031146,199999.96875,-1.923032664436831e-16,3.698054975303419e-32,5.83532499190988e-32,-0.5550239682197571,-0.5550239682197571,-6.932574706297601e-06
1699767.6049321,199999.96875,-1.748543215557955e-16,3.057403501139167e-32,5.844301066772759e-32,-0.5550239682197571,-0.5550239682197571,-6.932574706297601e-06
1699767.6051887,199999.96875,-1.559062209954964e-16,2.4306750228764363e-32,5.815162912804576e-32,-0.5550239682197571,-0.5550239682197571,-6.932574706297601e-06
1699767.6055342,199999.96875,-1.3568087416007663e-16,1.8409299478792762e-32,5.74632243713737e-32,-0.5550239682197571,-0.5550239682197571,-6.932574706297601e-06
1699767.6104671,199999.96875,-1.1441093717734529e-16,1.3089862811007497e-32,5.63804882797748e-32,-0.5550239682197571,-0.5550239682197571,-6.932574706297601e-06
1699767.6210457,199999.96875,-9.233658359251838e-17,8.526044932190337e-33,5.492360996872443e-32,-0.5550239682197571,-0.5550239682197571,-6.932574706297601e-06
1699767.6212855,199999.96875,-6.970338678585064e-17,4.85856206702631e-33,5.31285654428295e-32,-0.5550239682197571,-0.5550239682197571,-6.932574706297601e-06
1699767.6242844,199999.96875,-4.6759563806834543e-17,2.186456777740895e-33,5.104471370988105e-32,-0.5550239682197571,-0.5550239682197571,-6.932574706297601e-06
1699767.6349648,199999.96875,-2.375341111430135e-17,5.642245691784801e-34,4.873215485730073e-32,-0.5550239682197571,-0.5550239682197571,-6.932574706297601e-06
1699767.6359953,199999.96875,-9.300835351158494e-19,8.650554870817094e-37,4.6258523891298987e-32,-0.5550239682197571,-0.5550239682197571,-6.932574706297601e-06
1699767.63629,199999.96875,2.1470718532816338e-17,4.609916910165572e-34,4.369587567684535e-32,-0.5550239682197571,-0.5550239682197571,-6.932574706297601e-06
1699767.6385697,199999.96875,4.3217500323266124e-17,1.8677523412421407e-33,4.111739943095789e-32,-0.5550239682197571,-0.5550239682197571,-6.932574706297601e-06
1699767.6505479,199999.96875,6.408966931047787e-17,4.1074858290401634e-33,3.859433305003232e-32,-0.5550239682197571,-0.5550239682197571,-6.932574706297601e-06
1699767.6509691,199999.96875,8.387953533189053e-17,7.035776704104857e-33,3.6193071393738953e-32,-0.5550239682197571,-0.5550239682197571,-6.932574706297601e-06
1699767.6512782,199999.96875,1.0239446456645275e-16,1.0484626436223569e-32,3.397271244056538e-32,-0.5550239682197571,-0.5550239682197571,-6.932574706297601e-06
1699767.6547959,199999.96875,1.194591476638625e-16,1.4270486725303185e-32,3.1982914949362094e-32,-0.5550239682197571,-0.5550239682197571,-6.932574706297601e-06
1699767.6637773,199999.96875,1.3491731366279628e-16,1.8202679898012852e-32,3.0262382071629913e-32,-0.5550239682197571,-0.5550239682197571,-6.932574706297601e-06
1699767.6643316,199999.96875,1.4863329170790556e-16,2.2091857324322116e-32,2.8837776957981367e-32,-0.5550239682197571,-0.5550239682197571,-6.932574706297601e-06
1699767.6649767,199999.96875,1.6049269264664163e-16,2.5757902412958293e-32,2.772322611177746e-32,-0.5550239682197571,-0.5550239682197571,-6.932574706297601e-06
1699767.6700962,199999.96875,1.704040104509214e-16,2.903752577428072e-32,2.692036347016584e-32,-0.5550239682197571,-0.5550239682197571,-6.932574706297601e-06
1699767.6768963,199999.96875,1.7829945601518496e-16,3.1790695174379756e-32,2.6418844682859263e-32,-0.5550239682197571,-0.5550239682197571,-6.932574706297601e-06
1699767.6902308,199999.96875,1.8413452040503202e-16,3.390552118347238e-32,2.619732571118268e-32,-0.5550239682197571,-0.5550239682197571,-6.932574706297601e-06
1699767.6907471,199999.96875,1.8788859689704269e-16,3.530212602168434e-32,2.622486460508657e-32,-0.5550239682197571,-0.5550239682197571,-6.932574706297601e-06
1699767.6963332,199999.96875,1.8956476922054054e-16,3.593480059118391e-32,2.646257307270985e-32,-0.5550239682197571,-0.5550239682197571,-6.932574706297601e-06
1699767.6972867,199999.96875,1.8918859394773102e-16,3.579232185965662e-32,2.686555604605875e-32,-0.5550239682197571,-0.5550239682197571,-6.932574706297601e-06
1699767.6976902,199999.96875,1.8680835195660763e-16,3.4897362174393947e-32,2.7384951163705454e-32,-0.5550239682197571,-0.5550239682197571,-6.932574706297601e-06
1699767.6985422,199999.96875,1.8249332789527781e-16,3.330381501264522e-32,2.7970059354299e-32,-0.5550239682197571,-0.5550239682197571,-6.932574706297601e-06
1699767.7033778,199999.96875,1.7633277786055848e-16,3.1093250866149877e-32,2.857039901294333e-32,-0.5550239682197571,-0.5550239682197571,-6.932574706297601e-06
1699767.7137078,199999.96875,1.6843444709031835e-16,2.837016530522426e-32,2.9137692586650165e-32,-0.5550239682197571,-0.5550239682197571,-6.932574706297601e-06
1699767.7152843,199999.96875,1.5892239944155056e-16,2.5256327789670054e-32,2.962766214195991e-32,-0.5550239682197571,-0.5550239682197571,-6.932574706297601e-06
1699767.7157524,199999.96875,1.4793621006209488e-16,2.1885123132843e-32,3.0001554568861833e-32,-0.5550239682197571,-0.5550239682197571,-6.932574706297601e-06
1699767.719749,199999.96875,1.3562794783576304e-16,1.8394942284665407e-32,3.0227446379523475e-32,-0.5550239682197571,-0.5550239682197571,-6.932574706297601e-06
1699767.7316677,199999.96875,1.2216103718181592e-16,1.492331955355142e-32,3.0281125329053775e-32,-0.5550239682197571,-0.5550239682197571,-6.932574706297601e-06
1699767.7319244,199999.96875,1.0770698241973782e-16,1.1600793587159856e-32,3.0146736937396017e-32,-0.5550239682197571,-0.5550239682197571,-6.932574706297601e-06
1699767.7321771,199999.96875,9.244434868272179e-17,8.545957806493266e-33,2.9817010771990365e-32,-0.5550239682197571,-0.5550239682197571,-6.932574706297601e-06
1699767.7391424,199999.96875,7.655565171856642e-17,5.860767979386253e-33,2.929316346948992e-32,-0.5550239682197571,-0.5550239682197571,-6.932574706297601e-06
1699767.7501421,199999.96875,6.022561088422215e-17,3.6271241033384666e-33,2.8584466741586795e-32,-0.5550239682197571,-0.5550239682197571,-6.932574706297601e-06
1699767.7512579,199999.96875,4.363957750262743e-17,1.904412520295434e-33,2.770756852702451e-32,-0.5550239682197571,-0.5550239682197571,-6.932574706297601e-06
1699767.7514551,199999.96875,2.6980130187307402e-17,7.279273563050978e-34,2.668547618898453e-32,-0.5550239682197571,-0.5550239682197571,-6.932574706297601e-06
1699767.7593888,199999.96875,1.042589445563983e-17,1.086992827557942e-34,2.5546398653150716e-32,-0.5550239682197571,-0.5550239682197571,-6.932574706297601e-06
1699767.761871,199999.96875,-5.850274586950691e-18,3.4225711885640955e-35,2.4322419568460824e-32,-0.5550239682197571,-0.5550239682197571,-6.932574706297601e-06
1699767.7624404,199999.96875,-2.1683138514119956e-17,4.701584347365594e-34,2.3048054387790874e-32,-0.5550239682197571,-0.5550239682197571,-6.932574706297601e-06
1699767.7641128,199999.96875,-3.691685567128236e-17,1.3628541913479441e-33,2.1758776591912805e-32,-0.5550239682197571,-0.5550239682197571,-6.932574706297601e-06
1699767.7692391,199999.96875,-5.1405761206928545e-17,2.6425520756087965e-33,2.0489580647650596e-32,-0.5550239682197571,-0.5550239682197571,-6.932574706297601e-06
1699767.7804801,199999.96875,-6.501631011988427e-17,4.227120664569148e-33,1.927359051644248e-32,-0.5550239682197571,-0.5550239682197571,-6.932574706297601e-06
1699767.7806868,199999.96875,-7.762816748335777e-17,6.026132483898101e-33,1.8140813630329075e-32,-0.5550239682197571,-0.5550239682197571,-6.932574706297601e-06
1699767.7810672,199999.96875,-8.91343755354235e-17,7.944937095809431e-33,1.711705062094299e-32,-0.5550239682197571,-0.5550239682197571,-6.932574706297601e-06
1699767.7875577,199999.96875,-9.944239592659391e-17,9.888791124994799e-33,1.622301663748159e-32,-0.5550239682197571,-0.5550239682197571,-6.932574706297601e-06
1699767.7882464,199999.96875,-1.0847513542377906e-16,1.1766854939416551e-32,1.5473706579757555e-32,-0.5550239682197571,-0.5550239682197571,-6.932574706297601e-06
1699767.7888248,199999.96875,-1.161708201788335e-16,1.3495659623958674e-32,1.4877968981496697e-32,-0.5550239682197571,-0.5550239682197571,-6.932574706297601e-06
1699767.7913451,199999.96875,-1.2248284352732355e-16,1.5002046818329805e-32,1.4438397277110518e-32,-0.5550239682197571,-0.5550239682197571,-6.932574706297601e-06
1699767.7995713,199999.96875,-1.273802689143397e-16,1.622573349879993e-32,1.4151432657451904e-32,-0.5550239682197571,-0.5550239682197571,-6.932574706297601e-06
1699767.8112841,199999.96875,-1.3084803503528861e-16,1.7121208932209024e-32,1.4007724064960064e-32,-0.5550239682197571,-0.5550239682197571,-6.932574706297601e-06
1699767.811489,199999.96875,-1.3288546691079043e-16,1.7658546501753092e-32,1.399270565526037e-32,-0.5550239682197571,-0.5550239682197571,-6.932574706297601e-06
1699767.8145405,199999.96875,-1.3350634206112783e-16,1.7823942965017604e-32,1.4087390255851167e-32,-0.5550239682197571,-0.5550239682197571,-6.932574706297601e-06
1699767.8232041,199999.96875,-1.3273902285514404e-16,1.7619646454948506e-32,1.426926274181039e-32,-0.5550239682197571,-0.5550239682197571,-6.932574706297601e-06
1699767.8236038,199999.96875,-1.306246565652299e-16,1.706280155665254e-32,1.451334385818307e-32,-0.5550239682197571,-0.5550239682197571,-6.932574706297601e-06
1699767.8242448,199999.96875,-1.2721729448133206e-16,1.6184238548215902e-32,1.4793299592774906e-32,-0.5550239682197571,-0.5550239682197571,-6.932574706297601e-06
1699767.8295395,199999.96875,-1.2258239636840553e-16,1.502644567294906e-32,1.5082544671474115e-32,-0.5550239682197571,-0.5550239682197571,-6.932574706297601e-06
1699767.8387769,199999.96875,-1.1679597019857658e-16,1.364129896592174e-32,1.535535340041295e-32,-0.5550239682197571,-0.5550239682197571,-6.932574706297601e-06
1699767.8399642,199999.96875,-1.0994367879608121e-16,1.2087612817609398e-32,1.558788675415674e-32,-0.5550239682197571,-0.5550239682197571,-6.932574706297601e-06
1699767.8403805,199999.96875,-1.0211919209348491e-16,1.0428329807710782e-32,1.5759097506354005e-32,-0.5550239682197571,-0.5550239682197571,-6.932574706297601e-06
1699767.8453129,199999.96875,-9.342406140022959e-17,8.728055105747085e-33,1.5851510464111838e-32,-0.5550239682197571,-0.5550239682197571,-6.932574706297601e-06
1699767.853333,199999.96875,-8.396587975295126e-17,7.050268345398588e-33,1.5851799929595728e-32,-0.5550239682197571,-0.5550239682197571,-6.932574706297601e-06
1699767.8554151,199999.96875,-7.385742826508784e-17,5.454919738557227e-33,1.5751205531156172e-32,-0.5550239682197571,-0.5550239682197571,-6.932574706297601e-06
1699767.856192,199999.96875,-6.32150019133194e-17,3.996136391974553e-33,1.5545720302424805e-32,-0.5550239682197571,-0.5550239682197571,-6.932574706297601e-06
1699767.8630631,199999.96875,-5.215755588717594e-17,2.7204107602645184e-33,1.5236073049899137e-32,-0.5550239682197571,-0.5550239682197571,-6.932574706297601e-06
1699767.8760068,199999.96875,-4.0805590549571755e-17,1.6650961968054168e-33,1.482754027384642e-32,-0.5550239682197571,-0.5550239682197571,-6.932574706297601e-06
1699767.8762688,199999.96875,-2.9279457370910854e-17,8.572865606867558e-34,1.4329527398441173e-32,-0.5550239682197571,-0.5550239682197571,-6.932574706297601e-06
1699767.883249,199999.96875,-1.7699203419131834e-17,3.1326182877782486e-34,1.3755042738043182e-32,-0.5550239682197571,-0.5550239682197571,-6.932574706297601e-06
1699767.8835836,199999.96875,-6.1822234075391396e-18,3.8219884421447917e-35,1.3119990731219072e-32,-0.5550239682197571,-0.5550239682197571,-6.932574706297601e-06
1699767.8839178,199999.96875,5.156817232993904e-18,2.65927673142992e-35,1.244241227751809e-32,-0.5550239682197571,-0.5550239682197571,-6.932574706297601e-06
1699767.8841543,199999.96875,1.620733189919447e-17,2.6267757475593113e-34,1.174162368786012e-32,-0.5550239682197571,-0.5550239682197571,-6.932574706297601e-06
1699767.8884521,199999.96875,2.6863869952213074e-17,7.216674815449845e-34,1.1037360777711502e-32,-0.5550239682197571,-0.5550239682197571,-6.932574706297601e-06
1699767.8986894,199999.96875,3.7027323987727593e-17,1.371022683224709e-33,1.0348934715204337e-32,-0.5550239682197571,-0.5550239682197571,-6.932574706297601e-06
1699767.8989195,199999.96875,4.660497036779328e-17,2.1720231764807357e-33,9.694429011558088e-33,-0.5550239682197571,-0.5550239682197571,-6.932574706297601e-06
1699767.8994129,199999.96875,5.551194532464588e-17,3.081576073095889e-33,9.089983938893513e-33,-0.5550239682197571,-0.5550239682197571,-6.932574706297601e-06
1699767.9056099,199999.96875,6.367128797409345e-17,4.054032427488428e-33,8.549198497481689e-33,-0.5550239682197571,-0.5550239682197571,-6.932574706297601e-06
1699767.9142949,199999.96875,7.101522906291074e-17,5.043162801905396e-33,8.08265801395177e-33,-0.5550239682197571,-0.5550239682197571,-6.932574706297601e-06
1699767.9157996,199999.96875,7.74851115595004e-17,6.003942456632438e-33,7.697610880344514e-33,-0.5550239682197571,-0.5550239682197571,-6.932574706297601e-06
1699767.9168416,199999.96875,8.30321318077218e-17,6.894335346342165e-33,7.397795168695535e-33,-0.5550239682197571,-0.5550239682197571,-6.932574706297601e-06
1699767.9225306,199999.96875,8.761726673499714e-17,7.676785528551758e-33,7.183432018879583e-33,-0.5550239682197571,-0.5550239682197571,-6.932574706297601e-06
1699767.9352,199999.96875,9.12123392609404e-17,8.31969057232333e-33,7.051359351092945e-33,-0.5550239682197571,-0.5550239682197571,-6.932574706297601e-06
1699767.9359791,199999.96875,9.379940949242655e-17,8.79832836209115e-33,6.9953103110778e-33,-0.5550239682197571,-0.5550239682197571,-6.932574706297601e-06
1699767.9365652,199999.96875,9.53709732469385e-17,9.095622638357614e-33,7.006303387309896e-33,-0.5550239682197571,-0.5550239682197571,-6.932574706297601e-06
1699767.9412988,199999.96875,9.592999513979164e-17,9.202563236923672e-33,7.073139792045743e-33,-0.5550239682197571,-0.5550239682197571,-6.932574706297601e-06
1699767.9536627,199999.96875,9.548971006078681e-17,9.118284700073529e-33,7.182962555823223e-33,-0.5550239682197571,-0.5550239682197571,-6.932574706297601e-06
1699767.9538805,199999.96875,9.407364964398993e-17,8.849852483539598e-33,7.321870723259893e-33,-0.5550239682197571,-0.5550239682197571,-6.932574706297601e-06
1699767.9566738,199999.96875,9.171433201364169e-17,8.411518721641629e-33,7.47554309974289e-33,-0.5550239682197571,-0.5550239682197571,-6.932574706297601e-06
1699767.9645754,199999.96875,8.845383088441897e-17,7.824080848181545e-33,7.629850243175332e-33,-0.5550239682197571,-0.5550239682197571,-6.932574706297601e-06
1699767.9650669,199999.96875,8.43424454550099e-17,7.113648796743018e-33,7.771438537731877e-33,-0.5550239682197571,-0.5550239682197571,-6.932574706297601e-06
1699767.9654733,199999.96875,7.943866732088934e-17,6.31050256711926e-33,7.888246676689118e-33,-0.5550239682197571,-0.5550239682197571,-6.932574706297601e-06
1699767.9685852,199999.96875,7.380820770991849e-17,5.447651510049299e-33,7.969942064703329e-33,-0.5550239682197571,-0.5550239682197571,-6.932574706297601e-06
1699767.9760085,199999.96875,6.752310412728337e-17,4.559369367383267e-33,8.00827860890349e-33,-0.5550239682197571,-0.5550239682197571,-6.932574706297601e-06
1699767.9762548,199999.96875,6.066130345646609e-17,3.679793229753013e-33,7.997332552445427e-33,-0.5550239682197571,-0.5550239682197571,-6.932574706297601e-06
1699767.9789194,199999.96875,5.330530869176267e-17,2.8414560053434972e-33,7.933638391046121e-33,-0.5550239682197571,-0.5550239682197571,-6.932574706297601e-06
1699767.9820817,199999.96875,4.55414080059522e-17,2.0740198247297815e-33,7.81622046439439e-33,-0.5550239682197571,-0.5550239682197571,-6.932574706297601e-06
1699767.9889204,199999.96875,3.7458506771271885e-17,1.4031396684475701e-33,7.646506998126484e-33,-0.5550239682197571,-0.5550239682197571,-6.932574706297601e-06
1699768.0019139,199999.96875,2.914713494268197e-17,8.495554812781914e-34,7.428160391829183e-33,-0.5550239682197571,-0.5550239682197571,-6.932574706297601e-06
1699768.0021295,199999.96875,2.0698901118661485e-17,4.284444564941958e-34,7.166817140914679e-33,-0.5550239682197571,-0.5550239682197571,-6.932574706297601e-06
1699768.0085844,199999.96875,1.220531463601594e-17,1.4896972179292433e-34,6.869755759466471e-33,-0.5550239682197571,-0.5550239682197571,-6.932574706297601e-06
1699768.0102848,199999.96875,3.756398387990097e-18,1.4110528289464232e-35,6.545522826099006e-33,-0.5550239682197571,-0.5550239682197571,-6.932574706297601e-06
1699768.0106713,199999.96875,-4.559141603706471e-18,2.0785770693911257e-35,6.203514948779169e-33,-0.5550239682197571,-0.5550239682197571,-6.932574706297601e-06
1699768.011132,199999.96875,-1.2656511881661565e-17,1.601872784159417e-34,5.853546770652358e-33,-0.5550239682197571,-0.5550239682197571,-6.932574706297601e-06
1699768.0163853,199999.96875,-2.0454358405449983e-17,4.183807554832185e-34,5.5054358735998454e-33,-0.5550239682197571,-0.5550239682197571,-6.932574706297601e-06
1699768.0252613,199999.96875,-2.7876165314049344e-17,7.770806525847318e-34,5.168585110402257e-33,-0.5550239682197571,-0.5550239682197571,-6.932574706297601e-06
1699768.0263131,199999.96875,-3.485117061477819e-17,1.2146040580646028e-33,4.851620772884704e-33,-0.5550239682197571,-0.5550239682197571,-6.932574706297601e-06
1699768.026869,199999.96875,-4.131433309607147e-17,1.7068741843886025e-33,4.5620730043901584e-33,-0.5550239682197571,-0.5550239682197571,-6.932574706297601e-06
1699768.0336819,199999.96875,-4.720751850447896e-17,2.2285497610759025e-33,4.306116088996313e-33,-0.5550239682197571,-0.5550239682197571,-6.932574706297601e-06
1699768.0427259,199999.96875,-5.247997434633686e-17,2.7541476318041103e-33,4.088372290895793e-33,-0.5550239682197571,-0.5550239682197571,-6.932574706297601e-06
1699768.0430136,199999.96875,-5.708868392106996e-17,3.259117964398287e-33,3.9118031211687004e-33,-0.5550239682197571,-0.5550239682197571,-6.932574706297601e-06
1699768.0434668,199999.96875,-6.09984291869182e-17,3.720808799047095e-33,3.777652767116984e-33,-0.5550239682197571,-0.5550239682197571,-6.932574706297601e-06
1699768.0487105,199999.96875,-6.418203560639799e-17,4.119333710070498e-33,3.685477479623208e-33,-0.5550239682197571,-0.5550239682197571,-6.932574706297601e-06
1699768.0591947,199999.96875,-6.662103389079224e-17,4.438362142199698e-33,3.6332396126986195e-33,-0.5550239682197571,-0.5550239682197571,-6.932574706297601e-06
1699768.059405,199999.96875,-6.830576257054635e-17,4.665677035709804e-33,3.6174545602769994e-33,-0.5550239682197571,-0.5550239682197571,-6.932574706297601e-06
1699768.0596725,199999.96875,-6.923414376796156e-17,4.793366211593829e-33,3.6333994064619344e-33,-0.5550239682197571,-0.5550239682197571,-6.932574706297601e-06
1699768.0648495,199999.96875,-6.94126559615954e-17,4.818117347176346e-33,3.675353534526751e-33,-0.5550239682197571,-0.5550239682197571,-6.932574706297601e-06
1699768.0754273,199999.96875,-6.885583767789411e-17,4.741126507959317e-33,3.7368741334029894e-33,-0.5550239682197571,-0.5550239682197571,-6.932574706297601e-06
1699768.0759115,199999.96875,-6.758558604203318e-17,4.567811620874079e-33,3.8110841937963543e-33,-0.5550239682197571,-0.5550239682197571,-6.932574706297601e-06
1699768.0764741,199999.96875,-6.563088546267647e-17,4.307413173544049e-33,3.89096785114236e-33,-0.5550239682197571,-0.5550239682197571,-6.932574706297601e-06
1699768.0856368,199999.96875,-6.30279135110946e-17,3.972517771730656e-33,3.969653238934496e-33,-0.5550239682197571,-0.5550239682197571,-6.932574706297601e-06
1699768.086031,199999.96875,-5.981834685527045e-17,3.578234191261814e-33,4.040686525844764e-33,-0.5550239682197571,-0.5550239682197571,-6.932574706297601e-06
1699768.0866998,199999.96875,-5.604993697760547e-17,3.141595712622921e-33,4.0982651778839165e-33,-0.5550239682197571,-0.5550239682197571,-6.932574706297601e-06
1699768.0869174,199999.96875,-5.1775004706204866e-17,2.680651133215893e-33,4.137444404596823e-33,-0.5550239682197571,-0.5550239682197571,-6.932574706297601e-06
1699768.0923531,199999.96875,-4.704999684606926e-17,2.213702165399063e-33,4.154298054851738e-33,-0.5550239682197571,-0.5550239682197571,-6.932574706297601e-06
1699768.1044108,199999.96875,-4.193484428693935e-17,1.758531283635488e-33,4.146028452093703e-33,-0.5550239682197571,-0.5550239682197571,-6.932574706297601e-06
1699768.10521,199999.96875,-3.6492475621095706e-17,1.3317006523152764e-33,4.1110310465338465e-33,-0.5550239682197571,-0.5550239682197571,-6.932574706297601e-06
1699768.1055135,199999.96875,-3.078765247305634e-17,9.478795225817293e-34,4.0489072721188425e-33,-0.5550239682197571,-0.5550239682197571,-6.932574706297601e-06
1699768.1111409,199999.96875,-2.4886693221252074e-17,6.193475400503681e-34,3.960431485752295e-33,-0.5550239682197571,-0.5550239682197571,-6.932574706297601e-06
1699768.1219569,199999.96875,-1.8855916244113737e-17,3.5554560035610068e-34,3.8474635399023964e-33,-0.5550239682197571,-0.5550239682197571,-6.932574706297601e-06
1699768.1229133,199999.96875,-1.2761566300997637e-17,1.6285757913772761e-34,3.7128334372187505e-33,-0.5550239682197571,-0.5550239682197571,-6.932574706297601e-06
1699768.1259762,199999.96875,-6.6687156227417894e-18,4.447176662353623e-35,3.5601874142408146e-33,-0.5550239682197571,-0.5550239682197571,-6.932574706297601e-06
1699768.1342856,199999.96875,-6.412487639209481e-19,4.112000257553818e-37,3.393802066353674e-33,-0.5550239682197571,-0.5550239682197571,-6.932574706297601e-06
1699768.1345105,199999.96875,5.2592031676738805e-18,2.765921562301164e-35,3.218388187168249e-33,-0.5550239682197571,-0.5550239682197571,-6.932574706297601e-06
1699768.1348892,199999.96875,1.0974276324273698e-17,1.2043475713883158e-34,3.038884689667916e-33,-0.5550239682197571,-0.5550239682197571,-6.932574706297601e-06
1699768.1381756,199999.96875,1.6448564235594535e-17,2.705552695341117e-34,2.860244813173453e-33,-0.5550239682197571,-0.5550239682197571,-6.932574706297601e-06
1699768.1453404,199999.96875,2.163034122998192e-17,4.6787163904672924e-34,2.6872364729743902e-33,-0.5550239682197571,-0.5550239682197571,-6.932574706297601e-06
1699768.1597182,199999.96875,2.647286829410416e-17,7.008127423934586e-34,2.5242556506008186e-33,-0.5550239682197571,-0.5550239682197571,-6.932574706297601e-06
1699768.1611352,199999.96875,3.093350095866169e-17,9.568815134216241e-34,2.3751627429692354e-33,-0.5550239682197571,-0.5550239682197571,-6.932574706297601e-06
1699768.1649727,199999.96875,3.497489036463652e-17,1.2232429313526888e-33,2.2431464621772383e-33,-0.5550239682197571,-0.5550239682197571,-6.932574706297601e-06
1699768.1658578,199999.96875,3.856485422311666e-17,1.4872479422878356e-33,2.1306182246829438e-33,-0.5550239682197571,-0.5550239682197571,-6.932574706297601e-06
1699768.1662542,199999.96875,4.167655548630844e-17,1.7369350646879824e-33,2.039146764431723e-33,-0.5550239682197571,-0.5550239682197571,-6.932574706297601e-06
1699768.1694413,199999.96875,4.4289149202775523e-17,1.9615288724469273e-33,1.9694243373936144e-33,-0.5550239682197571,-0.5550239682197571,-6.932574706297601e-06
1699768.1699357,199999.96875,4.638697518916106e-17,2.1517512253878285e-33,1.9212720480221025e-33,-0.5550239682197571,-0.5550239682197571,-6.932574706297601e-06
1699768.1790781,199999.96875,4.7960266096792016e-17,2.3001873255508898e-33,1.8936798895304418e-33,-0.5550239682197571,-0.5550239682197571,-6.932574706297601e-06
1699768.1795933,199999.96875,4.9004922418552585e-17,2.4014826124971233e-33,1.884880212288583e-33,-0.5550239682197571,-0.5550239682197571,-6.932574706297601e-06
1699768.1799242,199999.96875,4.9522194851528946e-17,2.4524480067869468e-33,1.89244892653994e-33,-0.5550239682197571,-0.5550239682197571,-6.932574706297601e-06
1699768.1839589,199999.96875,4.9518588344058215e-17,2.4520905830359e-33,1.913428010953264e-33,-0.5550239682197571,-0.5550239682197571,-6.932574706297601e-06
1699768.1920728,199999.96875,4.9005868713173346e-17,2.4015751826772506e-33,1.944468408654665e-33,-0.5550239682197571,-0.5550239682197571,-6.932574706297601e-06
1699768.2041921,199999.96875,4.8000632510684604e-17,2.3040609467788338e-33,1.9819810047832965e-33,-0.5550239682197571,-0.5550239682197571,-6.932574706297601e-06
1699768.204934,199999.96875,4.6524230922563207e-17,2.1645038697263117e-33,2.0222916448088698e-33,-0.5550239682197571,-0.5550239682197571,-6.932574706297601e-06
1699768.2117338,199999.96875,4.4602256916961546e-17,1.989361088925545e-33,2.061796520191153e-33,-0.5550239682197571,-0.5550239682197571,-6.932574706297601e-06
1699768.2125589,199999.96875,4.2264578331437685e-17,1.786294439820995e-33,2.0971065337799313e-33,-0.5550239682197571,-0.5550239682197571,-6.932574706297601e-06
1699768.2131494,199999.96875,3.954390850485687e-17,1.5637204619645488e-33,2.1251773388775675e-33,-0.5550239682197571,-0.5550239682197571,-6.932574706297601e-06
1699768.2133737,199999.96875,3.647645147826933e-17,1.330531494613689e-33,2.1434204601893524e-33,-0.5550239682197571,-0.5550239682197571,-6.932574706297601e-06
1699768.2199665,199999.96875,3.310102518346094e-17,1.0956778252239734e-33,2.1497921905837862e-33,-0.5550239682197571,-0.5550239682197571,-6.932574706297601e-06
1699768.2289322,199999.96875,2.945904820806347e-17,8.67835612294928e-34,2.1428567739139347e-33,-0.5550239682197571,-0.5550239682197571,-6.932574706297601e-06
1699768.229517,199999.96875,2.559358522912764e-17,6.55031599614998e-34,2.1218198331380313e-33,-0.5550239682197571,-0.5550239682197571,-6.932574706297601e-06
1699768.2302183,199999.96875,2.1549131946163915e-17,4.643650842969287e-34,2.0865362681721465e-33,-0.5550239682197571,-0.5550239682197571,-6.932574706297601e-06
1699768.2354979,199999.96875,1.737086400114626e-17,3.0174694325655898e-34,2.0374882153711096e-33,-0.5550239682197571,-0.5550239682197571,-6.932574706297601e-06
1699768.2457377,199999.96875,1.310397027093845e-17,1.7171404515452303e-34,1.9757400481353918e-33,-0.5550239682197571,-0.5550239682197571,-6.932574706297601e-06
1699768.2462023,199999.96875,8.794233548084068e-18,7.733854562463856e-35,1.9028707859859335e-33,-0.5550239682197571,-0.5550239682197571,-6.932574706297601e-06
1699768.2466002,199999.96875,4.4862661645599364e-18,2.012658411206696e-35,1.8208868508427947e-33,-0.5550239682197571,-0.5550239682197571,-6.932574706297601e-06
1699768.2518928,199999.96875,2.24349166507551e-19,5.033255010123866e-38,1.7321203132954112e-33,-0.5550239682197571,-0.5550239682197571,-6.932574706297601e-06
1699768.2629313,199999.96875,-3.9490818398781994e-18,1.559524710514675e-35,1.6391190573491904e-33,-0.5550239682197571,-0.5550239682197571,-6.932574706297601e-06
1699768.2632167,199999.96875,-7.992991665179478e-18,6.388791707704348e-35,1.5445290473194364e-33,-0.5550239682197571,-0.5550239682197571,-6.932574706297601e-06
1699768.2635114,199999.96875,-1.186856196402009e-17,1.4086275969858534e-34,1.4509842170714565e-33,-0.5550239682197571,-0.5550239682197571,-6.932574706297601e-06
1699768.2690805,199999.96875,-1.5539764057639675e-17,2.4148426108894475e-34,1.3609913083083793e-33,-0.5550239682197571,-0.5550239682197571,-6.932574706297601e-06
1699768.2802179,199999.96875,-1.8973031783961445e-17,3.599759283617545e-34,1.2768344534906462e-33,-0.5550239682197571,-0.5550239682197571,-6.932574706297601e-06
1699768.2806709,199999.96875,-2.213820696503233e-17,4.901001913030306e-34,1.2004882994566464e-33,-0.5550239682197571,-0.5550239682197571,-6.932574706297601e-06
1699768.2810272,199999.96875,-2.5008115063368733e-17,6.2540583589641466e-34,1.1335461002292249e-33,-0.5550239682197571,-0.5550239682197571,-6.932574706297601e-06
1699768.2888211,199999.96875,-2.755904246516999e-17,7.595007672261998e-34,1.0771714115447035e-33,-0.5550239682197571,-0.5550239682197571,-6.932574706297601e-06
1699768.2893563,199999.96875,-2.977107397000827e-17,8.863168630482507e-34,1.0320659484292253e-33,-0.5550239682197571,-0.5550239682197571,-6.932574706297601e-06
1699768.2899538,199999.96875,-3.162844186104709e-17,1.0003584576837326e-33,9.984600343071546e-34,-0.5550239682197571,-0.5550239682197571,-6.932574706297601e-06
1699768.293712,199999.96875,-3.3119008089977845e-17,1.0968687479381502e-33,9.761234375896234e-34,-0.5550239682197571,-0.5550239682197571,-6.932574706297601e-06
1699768.3012121,199999.96875,-3.423488466247923e-17,1.1720271935003387e-33,9.64393197829867e-34,-0.5550239682197571,-0.5550239682197571,-6.932574706297601e-06
1699768.3137299,199999.96875,-3.4972041554606886e-17,1.223043648326026e-33,9.622200026487843e-34,-0.5550239682197571,-0.5550239682197571,-6.932574706297601e-06
1699768.3142373,199999.96875,-3.533045891402611e-17,1.2482412880908633e-33,9.682273297944631e-34,-0.5550239682197571,-0.5550239682197571,-6.932574706297601e-06
1699768.3165706,199999.96875,-3.531407412045266e-17,1.2470838853327841e-33,9.80782068638726e-34,-0.5550239682197571,-0.5550239682197571,-6.932574706297601e-06
1699768.3261806,199999.96875,-3.4930192833056603e-17,1.2201183204314093e-33,9.980735905393218e-34,-0.5550239682197571,-0.5550239682197571,-6.932574706297601e-06
1699768.326598,199999.96875,-3.419040550658103e-17,1.168983856993159e-33,1.0181960334444839e-33,-0.5550239682197571,-0.5550239682197571,-6.932574706297601e-06
1699768.3269763,199999.96875,-3.3109353237868126e-17,1.0962292973784021e-33,1.0392313211814564e-33,-0.5550239682197571,-0.5550239682197571,-6.932574706297601e-06
1699768.3307755,199999.96875,-3.170489320198169e-17,1.0052002087121742e-33,1.0593268562862442e-33,-0.5550239682197571,-0.5550239682197571,-6.932574706297601e-06
1699768.339949,199999.96875,-2.9998300484276587e-17,8.998980472330714e-34,1.0767717434654239e-33,-0.5550239682197571,-0.5550239682197571,-6.932574706297601e-06
1699768.3402246,199999.96875,-2.8013301933443285e-17,7.847450594230854e-34,1.0900579520365851e-33,-0.5550239682197571,-0.5550239682197571,-6.932574706297601e-06
1699768.3404975,199999.96875,-2.5776228362740574e-17,6.644139271622311e-34,1.0979350498840407e-33,-0.5550239682197571,-0.5550239682197571,-6.932574706297601e-06
1699768.3438896,199999.96875,-2.3315275050527936e-17,5.436020819967378e-34,1.0994496927221744e-33,-0.5550239682197571,-0.5550239682197571,-6.932574706297601e-06
1699768.3546431,199999.96875,-2.06605447536574e-17,4.268581360513108e-34,1.0939706033503963e-33,-0.5550239682197571,-0.5550239682197571,-6.932574706297601e-06
1699768.355434,199999.96875,-1.7843746613730576e-17,3.183992901038952e-34,1.08120106128062e-33,-0.5550239682197571,-0.5550239682197571,-6.932574706297601e-06
1699768.3557001,199999.96875,-1.489779580168217e-17,2.2194430777703876e-34,1.0611750456464238e-33,-0.5550239682197571,-0.5550239682197571,-6.932574706297601e-06
1699768.3593588,199999.96875,-1.1856041758268487e-17,1.4056574074513636e-34,1.0342413476622158e-33,-0.5550239682197571,-0.5550239682197571,-6.932574706297601e-06
1699768.3703412,199999.96875,-8.752115992834705e-18,7.659952816789968e-35,1.001034642441944e-33,-0.5550239682197571,-0.5550239682197571,-6.932574706297601e-06
1699768.3707367,199999.96875,-5.619579290783633e-18,3.157967008413703e-35,9.624357242292594e-34,-0.5550239682197571,-0.5550239682197571,-6.932574706297601e-06
1699768.3713161,199999.96875,-2.4919990549629784e-18,6.210058308236485e-36,9.195248539654688e-34,-0.5550239682197571,-0.5550239682197571,-6.932574706297601e-06
1699768.3759411,199999.96875,5.976114193923842e-19,3.571394107729087e-37,8.735282191952734e-34,-0.5550239682197571,-0.5550239682197571,-6.932574706297601e-06
1699768.3860498,199999.96875,3.6179734347921045e-18,1.3089733701779336e-35,8.25760353210679e-34,-0.5550239682197571,-0.5550239682197571,-6.932574706297601e-06
1699768.3871098,199999.96875,6.5385570989953454e-18,4.2752729539406597e-35,7.775664623594075e-34,-0.5550239682197571,-0.5550239682197571,-6.932574706297601e-06
1699768.3877748,199999.96875,9.331155656511625e-18,8.707046220715258e-35,7.302660849680053e-34,-0.5550239682197571,-0.5550239682197571,-6.932574706297601e-06
1699768.3928765,199999.96875,1.1969067717167733e-17,1.4325857560179203e-34,6.8509978083632245e-34,-0.5550239682197571,-0.5550239682197571,-6.932574706297601e-06
1699768.4030328,199999.96875,1.442776861657239e-17,2.081605115288195e-34,6.431817900392439e-34,-0.5550239682197571,-0.5550239682197571,-6.932574706297601e-06
1699768.4032683,199999.96875,1.6685116384088775e-17,2.7839313066583373e-34,6.054595334728836e-34,-0.5550239682197571,-0.5550239682197571,-6.932574706297601e-06
1699768.4037437,199999.96875,1.8721532481798372e-17,3.5049579601111314e-34,5.726822510326465e-34,-0.5550239682197571,-0.5550239682197571,-6.932574706297601e-06
1699768.4082386,199999.96875,2.0520574213484853e-17,4.210939433817102e-34,5.453782264101814e-34,-0.5550239682197571,-0.5550239682197571,-6.932574706297601e-06
1699768.4189863,199999.96875,2.206819439798584e-17,4.870052432470102e-34,5.238439045870864e-34,-0.5550239682197571,-0.5550239682197571,-6.932574706297601e-06
1699768.4192043,199999.96875,2.335345274451971e-17,5.453837365399509e-34,5.081409990167795e-34,-0.5550239682197571,-0.5550239682197571,-6.932574706297601e-06
1699768.4194844,199999.96875,2.4368388466871248e-17,5.938183741444005e-34,4.981038384641919e-34,-0.5550239682197571,-0.5550239682197571,-6.932574706297601e-06
1699768.4248481,199999.96875,2.5108422293169364e-17,6.304329109561031e-34,4.933557137240833e-34,-0.5550239682197571,-0.5550239682197571,-6.932574706297601e-06
1699768.4363147,199999.96875,2.5571522667829626e-17,6.53902757696224e-34,4.9333316810977654e-34,-0.5550239682197571,-0.5550239682197571,-6.932574706297601e-06
1699768.4369553,199999.96875,2.5758771543093255e-17,6.635143066418674e-34,4.973161654136448e-34,-0.5550239682197571,-0.5550239682197571,-6.932574706297601e-06
1699768.4371685,199999.96875,2.5674741573386443e-17,6.591923904394281e-34,5.044650996120636e-34,-0.5550239682197571,-0.5550239682197571,-6.932574706297601e-06
1699768.4423932,199999.96875,2.532586987823608e-17,6.4139967631855e-34,5.138587688430722e-34,-0.5550239682197571,-0.5550239682197571,-6.932574706297601e-06
1699768.4536206,199999.96875,2.4721844396976382e-17,6.111695431997509e-34,5.245353340376599e-34,-0.5550239682197571,-0.5550239682197571,-6.932574706297601e-06
1699768.4538673,199999.96875,2.387416294012184e-17,5.699756752898782e-34,5.3553235919609085e-34,-0.5550239682197571,-0.5550239682197571,-6.932574706297601e-06
1699768.4563787,199999.96875,2.279703150751244e-17,5.197046491865053e-34,5.459254282140388e-34,-0.5550239682197571,-0.5550239682197571,-6.932574706297601e-06
1699768.4675075,199999.96875,2.1507167419327875e-17,4.625582668277683e-34,5.548646954100577e-34,-0.5550239682197571,-0.5550239682197571,-6.932574706297601e-06
1699768.4686907,199999.96875,2.002269916587286e-17,4.009085013261837e-34,5.616051453215657e-34,-0.5550239682197571,-0.5550239682197571,-6.932574706297601e-06
1699768.4691536,199999.96875,1.8363406289954764e-17,3.372146843099887e-34,5.655321688905257e-34,-0.5550239682197571,-0.5550239682197571,-6.932574706297601e-06
1699768.4716617,199999.96875,1.6550251202656904e-17,2.739108237693545e-34,5.661806652466453e-34,-0.5550239682197571,-0.5550239682197571,-6.932574706297601e-06
1699768.4807383,199999.96875,1.4605968135934688e-17,2.1333429379362033e-34,5.632478986768399e-34,-0.5550239682197571,-0.5550239682197571,-6.932574706297601e-06
1699768.4811025,199999.96875,1.2553555192358927e-17,1.575917317880284e-34,5.56597677140307e-34,-0.5550239682197571,-0.5550239682197571,-6.932574706297601e-06
1699768.4817609,199999.96875,1.0416836000751762e-17,1.0851046897569337e-34,5.4625980125555e-34,-0.5550239682197571,-0.5550239682197571,-6.932574706297601e-06
1699768.4855878,199999.96875,8.220013865836494e-18,6.756862636587067e-35,5.324210644217543e-34,-0.5550239682197571,-0.5550239682197571,-6.932574706297601e-06
1699768.4931886,199999.96875,5.987393421961462e-18,3.584888132135941e-35,5.154117989186e-34,-0.5550239682197571,-0.5550239682197571,-6.932574706297601e-06
1699768.4957822,199999.96875,3.742715579887551e-18,1.400791790673358e-35,4.956847996598942e-34,-0.5550239682197571,-0.5550239682197571,-6.932574706297601e-06
1699768.496392,199999.96875,1.5097617822256606e-18,2.2793808703463985e-36,4.7379291633250804e-34,-0.5550239682197571,-0.5550239682197571,-6.932574706297601e-06
1699768.5014162,199999.96875,-6.885266854217226e-19,4.7406904593917275e-37,4.50361916007262e-34,-0.5550239682197571,-0.5550239682197571,-6.932574706297601e-06
1699768.5130778,199999.96875,-2.8300572247605908e-18,8.009224015158407e-36,4.260612335333998e-34,-0.5550239682197571,-0.5550239682197571,-6.932574706297601e-06
1699768.5134919,199999.96875,-4.893797786439806e-18,2.3949258163587757e-35,4.015753188637869e-34,-0.5550239682197571,-0.5550239682197571,-6.932574706297601e-06
1699768.5140115,199999.96875,-6.8603936365953335e-18,4.70649972750308e-35,3.775749843801094e-34,-0.5550239682197571,-0.5550239682197571,-6.932574706297601e-06
1699768.5179959,199999.96875,-8.711491498591001e-18,7.589008174092367e-35,3.5469042821587746e-34,-0.5550239682197571,-0.5550239682197571,-6.932574706297601e-06
1699768.5268213,199999.96875,-1.0430535766056865e-17,1.0879607736874472e-34,3.3348664530232907e-34,-0.5550239682197571,-0.5550239682197571,-6.932574706297601e-06
1699768.528261,199999.96875,-1.2002488295456713e-17,1.4405973699083733e-34,3.144432694770234e-34,-0.5550239682197571,-0.5550239682197571,-6.932574706297601e-06
1699768.5298862,199999.96875,-1.3414366487076523e-17,1.7994522623685272e-34,2.979381808477765e-34,-0.5550239682197571,-0.5550239682197571,-6.932574706297601e-06
1699768.5340958,199999.96875,-1.4655130788461165e-17,2.147728509231872e-34,2.8423570493140513e-34,-0.5550239682197571,-0.5550239682197571,-6.932574706297601e-06
1699768.5444882,199999.96875,-1.5715751696044007e-17,2.469848399668238e-34,2.7348048263435815e-34,-0.5550239682197571,-0.5550239682197571,-6.932574706297601e-06
1699768.545002,199999.96875,-1.658925607726123e-17,2.752033854189042e-34,2.656962534323924e-34,-0.5550239682197571,-0.5550239682197571,-6.932574706297601e-06
1699768.5476615,199999.96875,-1.7270781764472245e-17,2.982799236878544e-34,2.6078980429690746e-34,-0.5550239682197571,-0.5550239682197571,-6.932574706297601e-06
1699768.5500565,199999.96875,-1.7757539504651524e-17,3.1533021669891726e-34,2.5855928080734813e-34,-0.5550239682197571,-0.5550239682197571,-6.932574706297601e-06
1699768.5619214,199999.96875,-1.8048424184500697e-17,3.257456017424316e-34,2.587062176012009e-34,-0.5550239682197571,-0.5550239682197571,-6.932574706297601e-06
1699768.5627493,199999.96875,-1.8144787417140674e-17,3.2923330725664575e-34,2.6085199988668046e-34,-0.5550239682197571,-0.5550239682197571,-6.932574706297601e-06
1699768.5635837,199999.96875,-1.8050202622817686e-17,3.2580981771312007e-34,2.6455687339043422e-34,-0.5550239682197571,-0.5550239682197571,-6.932574706297601e-06
1699768.5674474,199999.96875,-1.776950384503149e-17,3.1575530025175856e-34,2.6933998745457896e-34,-0.5550239682197571,-0.5550239682197571,-6.932574706297601e-06
1699768.5778356,199999.96875,-1.7309578189562207e-17,2.9962150253347843e-34,2.747008386250536e-34,-0.5550239682197571,-0.5550239682197571,-6.932574706297601e-06
1699768.5781488,199999.96875,-1.6678801687292545e-17,2.781824600376473e-34,2.8014025506249144e-34,-0.5550239682197571,-0.5550239682197571,-6.932574706297601e-06
1699768.5787831,199999.96875,-1.588736851209161e-17,2.524085066166705e-34,2.851812891175959e-34,-0.5550239682197571,-0.5550239682197571,-6.932574706297601e-06
1699768.5855284,199999.96875,-1.494692040390047e-17,2.23410415555453e-34,2.893877221836165e-34,-0.5550239682197571,-0.5550239682197571,-6.932574706297601e-06
1699768.5859148,199999.96875,-1.387039860340252e-17,1.9238796021411385e-34,2.9238041141466506e-34,-0.5550239682197571,-0.5550239682197571,-6.932574706297601e-06
1699768.5862231,199999.96875,-1.2671882551804025e-17,1.6057660352246648e-34,2.938505140371622e-34,-0.5550239682197571,-0.5550239682197571,-6.932574706297601e-06
1699768.586733,199999.96875,-1.136663124986475e-17,1.2920030601443058e-34,2.935693596656745e-34,-0.5550239682197571,-0.5550239682197571,-6.932574706297601e-06
1699768.592517,199999.96875,-9.970051763674108e-18,9.940194896025532e-35,2.9139416706255035e-34,-0.5550239682197571,-0.5550239682197571,-6.932574706297601e-06
1699768.6042008,199999.96875,-8.498380821475902e-18,7.222248196917303e-35,2.8727075328505655e-34,-0.5550239682197571,-0.5550239682197571,-6.932574706297601e-06
1699768.6059853,199999.96875,-6.968504488294789e-18,4.856005619360886e-35,2.8123206431743975e-34,-0.5550239682197571,-0.5550239682197571,-6.932574706297601e-06
1699768.6062972,199999.96875,-5.397339021247786e-18,2.913126974980212e-35,2.733928026944013e-34,-0.5550239682197571,-0.5550239682197571,-6.932574706297601e-06
1699768.6121978,199999.96875,-3.802293677096989e-18,1.4457436876201044e-35,2.639418281137901e-34,-0.5550239682197571,-0.5550239682197571,-6.932574706297601e-06
1699768.6237338,199999.96875,-2.2000204287537044e-18,4.840089379933004e-36,2.531309535060714e-34,-0.5550239682197571,-0.5550239682197571,-6.932574706297601e-06
1699768.6254195,199999.96875,-6.071020761505114e-19,3.6857293004457862e-37,2.412619503116203e-34,-0.5550239682197571,-0.5550239682197571,-6.932574706297601e-06
1699768.6288996,199999.96875,9.599050505596112e-19,9.214176395035404e-37,2.2867174000696645e-34,-0.5550239682197571,-0.5550239682197571,-6.932574706297601e-06
1699768.6385637,199999.96875,2.4857019357547653e-18,6.178713705454061e-36,2.1571728716567597e-34,-0.5550239682197571,-0.5550239682197571,-6.932574706297601e-06
1699768.6406244,199999.96875,3.955107023460036e-18,1.5642872419482434e-35,2.0275984967076036e-34,-0.5550239682197571,-0.5550239682197571,-6.932574706297601e-06
1699768.641979,199999.96875,5.35406217236993e-18,2.86659823386584e-35,1.9014930928314454e-34,-0.5550239682197571,-0.5550239682197571,-6.932574706297601e-06
1699768.6424866,199999.96875,6.6697491849171744e-18,4.4485550557537693e-35,1.7821103916571627e-34,-0.5550239682197571,-0.5550239682197571,-6.932574706297601e-06
1699768.6506781,199999.96875,7.890277339796318e-18,6.22564767069523e-35,1.6723277140737557e-34,-0.5550239682197571,-0.5550239682197571,-6.932574706297601e-06
1699768.6513342,199999.96875,9.004999168162579e-18,8.109000842353698e-35,1.5745505761087126e-34,-0.5550239682197571,-0.5550239682197571,-6.932574706297601e-06
1699768.6517654,199999.96875,1.0004589035790034e-17,1.0009181720739415e-34,1.4906278558884344e-34,-0.5550239682197571,-0.5550239682197571,-6.932574706297601e-06
1699768.6558902,199999.96875,1.0881120070868588e-17,1.1839878714788295e-34,1.421796003574318e-34,-0.5550239682197571,-0.5550239682197571,-6.932574706297601e-06
1699768.6650722,199999.96875,1.1628108004576438e-17,1.3521289074226446e-34,1.3686571156380493e-34,-0.5550239682197571,-0.5550239682197571,-6.932574706297601e-06
1699768.6661666,199999.96875,1.2240133149540135e-17,1.4982086465075361e-34,1.3311782460953817e-34,-0.5550239682197571,-0.5550239682197571,-6.932574706297601e-06
1699768.6664973,199999.96875,1.2713711421019607e-17,1.6163846292623028e-34,1.3087237785185317e-34,-0.5550239682197571,-0.5550239682197571,-6.932574706297601e-06
1699768.67091,199999.96875,1.3047089196116241e-17,1.7022652822606694e-34,1.300102032550479e-34,-0.5550239682197571,-0.5550239682197571,-6.932574706297601e-06
1699768.6806402,199999.96875,1.323936319360113e-17,1.7528075215430709e-34,1.3036401098343359e-34,-0.5550239682197571,-0.5550239682197571,-6.932574706297601e-06
1699768.6817795,199999.96875,1.3291758467961463e-17,1.7667083162133954e-34,1.317272170884028e-34,-0.5550239682197571,-0.5550239682197571,-6.932574706297601e-06
1699768.6821158,199999.96875,1.3206285068085747e-17,1.7440596165621712e-34,1.338639535775108e-34,-0.5550239682197571,-0.5550239682197571,-6.932574706297601e-06
1699768.6851345,199999.96875,1.2986977981002013e-17,1.6866158249491266e-34,1.3652020346838453e-34,-0.5550239682197571,-0.5550239682197571,-6.932574706297601e-06
1699768.6939787,199999.96875,1.2638966553688703e-17,1.5974347190132119e-34,1.3943491288375791e-34,-0.5550239682197571,-0.5550239682197571,-6.932574706297601e-06
1699768.6941966,199999.96875,1.2168186634221498e-17,1.4806477481378349e-34,1.4235062101015202e-34,-0.5550239682197571,-0.5550239682197571,-6.932574706297601e-06
1699768.7000278,199999.96875,1.1582350854631842e-17,1.3415084766750836e-34,1.4502417041261451e-34,-0.5550239682197571,-0.5550239682197571,-6.932574706297601e-06
1699768.7063691,199999.96875,1.0889995718841282e-17,1.1859200903179937e-34,1.4723581022827636e-34,-0.5550239682197571,-0.5550239682197571,-6.932574706297601e-06
1699768.7158202,199999.96875,1.0100369933278775e-17,1.0201745832914597e-34,1.4879717437508048e-34,-0.5550239682197571,-0.5550239682197571,-6.932574706297601e-06
1699768.7160595,199999.96875,9.223749562694065e-18,8.507755158446503e-35,1.4955744600946143e-34,-0.5550239682197571,-0.5550239682197571,-6.932574706297601e-06
1699768.7165171,199999.96875,8.271087305577968e-18,6.841087839972816e-35,1.4940784598622007e-34,-0.5550239682197571,-0.5550239682197571,-6.932574706297601e-06
1699768.7214065,199999.96875,7.25389999759906e-18,5.261906458970336e-35,1.4828429608791214e-34,-0.5550239682197571,-0.5550239682197571,-6.932574706297601e-06
1699768.7326808,199999.96875,6.184337681184825e-18,3.824603170911965e-35,1.461680389144474e-34,-0.5550239682197571,-0.5550239682197571,-6.932574706297601e-06
1699768.7332791,199999.96875,5.074625258608185e-18,2.575182106640271e-35,1.43084168515151e-34,-0.5550239682197571,-0.5550239682197571,-6.932574706297601e-06
1699768.7338929,199999.96875,3.937142728506915e-18,1.550109276271077e-35,1.3909872609119755e-34,-0.5550239682197571,-0.5550239682197571,-6.932574706297601e-06
1699768.7384945,199999.96875,2.784295525322626e-18,7.752301300289779e-36,1.3431407378249216e-34,-0.5550239682197571,-0.5550239682197571,-6.932574706297601e-06
1699768.7503174,199999.96875,1.6281723767198968e-18,2.6509454941395966e-36,1.2886301719591632e-34,-0.5550239682197571,-0.5550239682197571,-6.932574706297601e-06
1699768.7510238,199999.96875,4.808508434250382e-19,2.312175200468075e-37,1.2290204401692323e-34,-0.5550239682197571,-0.5550239682197571,-6.932574706297601e-06
1699768.751692,199999.96875,-6.459406357529254e-19,4.1723928582499036e-37,1.1660378201941588e-34,-0.5550239682197571,-0.5550239682197571,-6.932574706297601e-06
1699768.7573226,199999.96875,-1.740513326674372e-18,3.029386121341421e-36,1.1014948003449908e-34,-0.5550239682197571,-0.5550239682197571,-6.932574706297601e-06
1699768.7603376,199999.96875,-2.792185587595463e-18,7.796299829992036e-36,1.0372073127638824e-34,-0.5550239682197571,-0.5550239682197571,-6.932574706297601e-06
1699768.7608104,199999.96875,-3.7911598260520256e-18,1.4372893692409848e-35,9.749198874947248e-35,-0.5550239682197571,-0.5550239682197571,-6.932574706297601e-06
1699768.7612687,199999.96875,-4.72776071721418e-18,2.23517223107344e-35,9.162392439399873e-35,-0.5550239682197571,-0.5550239682197571,-6.932574706297601e-06
1699768.7680266,199999.96875,-5.593589689527523e-18,3.1288247356235173e-35,8.625725888867357e-35,-0.5550239682197571,-0.5550239682197571,-6.932574706297601e-06
1699768.7802764,199999.96875,-6.381373343865875e-18,4.072192529511686e-35,8.150804360204815e-35,-0.5550239682197571,-0.5550239682197571,-6.932574706297601e-06
1699768.7806941,199999.96875,-7.084592669821706e-18,5.019145064595196e-35,7.746370018674638e-35,-0.5550239682197571,-0.5550239682197571,-6.932574706297601e-06
1699768.7811188,199999.96875,-7.697321745486686e-18,5.924876089284491e-35,7.41804721444465e-35,-0.5550239682197571,-0.5550239682197571,-6.932574706297601e-06
1699768.7883571,199999.96875,-8.215336986653119e-18,6.749176005558643e-35,7.168254664894914e-35,-0.5550239682197571,-0.5550239682197571,-6.932574706297601e-06
1699768.7890889,199999.96875,-8.63527342258914e-18,7.45679433218926e-35,6.996237597041381e-35,-0.5550239682197571,-0.5550239682197571,-6.932574706297601e-06
1699768.7894979,199999.96875,-8.954862924055128e-18,8.018956138370787e-35,6.898215832273447e-35,-0.5550239682197571,-0.5550239682197571,-6.932574706297601e-06
1699768.7923679,199999.96875,-9.172921795594519e-18,8.41424997817399e-35,6.867697174984594e-35,-0.5550239682197571,-0.5550239682197571,-6.932574706297601e-06
1699768.8004294,199999.96875,-9.289349121172583e-18,8.629201288425086e-35,6.895835571007402e-35,-0.5550239682197571,-0.5550239682197571,-6.932574706297601e-06
1699768.8119453,199999.96875,-9.305100294396818e-18,8.658489350065422e-35,6.971886267291388e-35,-0.5550239682197571,-0.5550239682197571,-6.932574706297601e-06
1699768.8123974,199999.96875,-9.222155585653675e-18,8.504815274625746e-35,7.083720090681483e-35,-0.5550239682197571,-0.5550239682197571,-6.932574706297601e-06
1699768.8162426,199999.96875,-9.043479610258546e-18,8.178453158238731e-35,7.218373886923138e-35,-0.5550239682197571,-0.5550239682197571,-6.932574706297601e-06
1699768.8238564,199999.96875,-8.77297004325778e-18,7.696500474401594e-35,7.362624492513303e-35,-0.5550239682197571,-0.5550239682197571,-6.932574706297601e-06
1699768.824166,199999.96875,-8.415388963437844e-18,7.081877641039814e-35,7.503523676465552e-35,-0.5550239682197571,-0.5550239682197571,-6.932574706297601e-06
1699768.8246096,199999.96875,-7.976306605043671e-18,6.362146212465958e-35,7.628924472497438e-35,-0.5550239682197571,-0.5550239682197571,-6.932574706297601e-06
1699768.8287968,199999.96875,-7.462018639717402e-18,5.568172672910578e-35,7.727929451046113e-35,-0.5550239682197571,-0.5550239682197571,-6.932574706297601e-06
1699768.8374485,199999.96875,-6.879469248701419e-18,4.732709578106571e-35,7.791298813254382e-35,-0.5550239682197571,-0.5550239682197571,-6.932574706297601e-06
1699768.8386092,199999.96875,-6.2365869581670434e-18,3.889501307145339e-35,7.811756891939127e-35,-0.5550239682197571,-0.5550239682197571,-6.932574706297601e-06
1699768.8389112,199999.96875,-5.541122036863591e-18,3.070403584742611e-35,7.784194189682859e-35,-0.5550239682197571,-0.5550239682197571,-6.932574706297601e-06
1699768.8429474,199999.96875,-4.801416187678352e-18,2.3053598048995888e-35,7.705787912922421e-35,-0.5550239682197571,-0.5550239682197571,-6.932574706297601e-06
1699768.8525981,199999.96875,-4.026096490809949e-18,1.6209454382888416e-35,7.576027226710435e-35,-0.5550239682197571,-0.5550239682197571,-6.932574706297601e-06
1699768.8528295,199999.96875,-3.2239728333723777e-18,1.0394001004740985e-35,7.396631176740607e-35,-0.5550239682197571,-0.5550239682197571,-6.932574706297601e-06
1699768.8531116,199999.96875,-2.404158677764441e-18,5.779979047897151e-36,7.171394290919816e-35,-0.5550239682197571,-0.5550239682197571,-6.932574706297601e-06
1699768.8565684,199999.96875,-1.5755461121735075e-18,2.482345567700917e-36,6.905931735866271e-35,-0.5550239682197571,-0.5550239682197571,-6.932574706297601e-06
1699768.8680584,199999.96875,-7.469278080170744e-19,5.5790113241685605e-37,6.607406680280297e-35,-0.5550239682197571,-0.5550239682197571,-6.932574706297601e-06
1699768.8682789,199999.96875,7.30900731284462e-20,5.34216032645625e-39,6.284140568057509e-35,-0.5550239682197571,-0.5550239682197571,-6.932574706297601e-06
1699768.8724948,199999.96875,8.761740032466607e-19,7.676808935123842e-37,5.945222243458294e-35,-0.5550239682197571,-0.5550239682197571,-6.932574706297601e-06
1699768.8844503,199999.96875,1.6543438543131917e-18,2.736853654738922e-36,5.600134869404665e-35,-0.5550239682197571,-0.5550239682197571,-6.932574706297601e-06
1699768.8848112,199999.96875,2.4000490376861244e-18,5.760235133687997e-36,5.258313969155006e-35,-0.5550239682197571,-0.5550239682197571,-6.932574706297601e-06
1699768.885081,199999.96875,3.10623525370403e-18,9.648696403839347e-36,4.928799025390518e-35,-0.5550239682197571,-0.5550239682197571,-6.932574706297601e-06
1699768.8884615,199999.96875,3.766410582124439e-18,1.4185849180539687e-35,4.619847484145431e-35,-0.5550239682197571,-0.5550239682197571,-6.932574706297601e-06
1699768.8976142,199999.96875,4.374698938670928e-18,1.913798934522246e-35,4.3386365764304187e-35,-0.5550239682197571,-0.5550239682197571,-6.932574706297601e-06
1699768.8986928,199999.96875,4.9258882583038e-18,2.4264375884428e-35,4.091035738393678e-35,-0.5550239682197571,-0.5550239682197571,-6.932574706297601e-06
1699768.8991559,199999.96875,5.415468752323417e-18,2.932729835606986e-35,3.881389075989408e-35,-0.5550239682197571,-0.5550239682197571,-6.932574706297601e-06
1699768.9026087,199999.96875,5.840093647971388e-18,3.41066930826202e-35,3.7124177897631394e-35,-0.5550239682197571,-0.5550239682197571,-6.932574706297601e-06
1699768.911314,199999.96875,6.1967362913863825e-18,3.839953761080699e-35,3.5851820057236466e-35,-0.5550239682197571,-0.5550239682197571,-6.932574706297601e-06
1699768.9242248,199999.96875,6.482927548439929e-18,4.202834836486789e-35,3.499083932188126e-35,-0.5550239682197571,-0.5550239682197571,-6.932574706297601e-06
1699768.9245729,199999.96875,6.697197105593215e-18,4.4852447713985143e-35,3.451966869926492e-35,-0.5550239682197571,-0.5550239682197571,-6.932574706297601e-06
1699768.9306689,199999.96875,6.838851371902615e-18,4.6769883908127096e-35,3.440268749631517e-35,-0.5550239682197571,-0.5550239682197571,-6.932574706297601e-06
1699768.9322382,199999.96875,6.907967275165096e-18,4.772001108151842e-35,3.4592167083763144e-35,-0.5550239682197571,-0.5550239682197571,-6.932574706297601e-06
1699768.9329535,199999.96875,6.905371168812598e-18,4.768415219012798e-35,3.5030810721584024e-35,-0.5550239682197571,-0.5550239682197571,-6.932574706297601e-06
1699768.9333014,199999.96875,6.83304042809943e-18,4.669044333409118e-35,3.565459758951867e-35,-0.5550239682197571,-0.5550239682197571,-6.932574706297601e-06
1699768.9377743,199999.96875,6.69321340376316e-18,4.479910850987288e-35,3.639553211223985e-35,-0.5550239682197571,-0.5550239682197571,-6.932574706297601e-06
1699768.9487191,199999.96875,6.488568093036928e-18,4.2101515426572516e-35,3.718455112677751e-35,-0.5550239682197571,-0.5550239682197571,-6.932574706297601e-06
1699768.9492114,199999.96875,6.222609673766429e-18,3.87208700118638e-35,3.795433921444783e-35,-0.5550239682197571,-0.5550239682197571,-6.932574706297601e-06
1699768.9497047,199999.96875,5.899196116328608e-18,3.4800518865671586e-35,3.8642006279538124e-35,-0.5550239682197571,-0.5550239682197571,-6.932574706297601e-06
1699768.954519,199999.96875,5.5229095877267045e-18,3.050253154969995e-35,3.919147240234766e-35,-0.5550239682197571,-0.5550239682197571,-6.932574706297601e-06
1699768.9658431,199999.96875,5.098784309168715e-18,2.59976044225733e-35,3.955549395982166e-35,-0.5550239682197571,-0.5550239682197571,-6.932574706297601e-06
1699768.9674706,199999.96875,4.632245758292376e-18,2.1457700885777102e-35,3.969719326053419e-35,-0.5550239682197571,-0.5550239682197571,-6.932574706297601e-06
1699768.9679118,199999.96875,4.1290407724033985e-18,1.7048977180594457e-35,3.9591131872049473e-35,-0.5550239682197571,-0.5550239682197571,-6.932574706297601e-06
1699768.9728603,199999.96875,3.5951784050616744e-18,1.2925306550697335e-35,3.9223875983195156e-35,-0.5550239682197571,-0.5550239682197571,-6.932574706297601e-06
1699768.9853431,199999.96875,3.036855893416451e-18,9.222493605888619e-36,3.8593884479551336e-35,-0.5550239682197571,-0.5550239682197571,-6.932574706297601e-06
1699768.9859038,199999.96875,2.4603924837573272e-18,6.053530444753699e-36,3.771113012202892e-35,-0.5550239682197571,-0.5550239682197571,-6.932574706297601e-06
1699768.9862237,199999.96875,1.8721624298846366e-18,3.504992470168672e-36,3.659625580824867e-35,-0.5550239682197571,-0.5550239682197571,-6.932574706297601e-06
1699768.9960054,199999.96875,1.2785254065404165e-18,1.6346269900613852e-36,3.5279110944321193e-35,-0.5550239682197571,-0.5550239682197571,-6.932574706297601e-06
1699768.9962363,199999.96875,6.85761989320629e-19,4.702694868102884e-37,3.379715580310118e-35,-0.5550239682197571,-0.5550239682197571,-6.932574706297601e-06
1699768.9966394,199999.96875,1.0000989714450875e-19,1.0001979385186495e-38,3.219356741707916e-35,-0.5550239682197571,-0.5550239682197571,-6.932574706297601e-06
1699768.9992897,199999.96875,-4.727964824030328e-19,2.2353652111717143e-37,3.051518475915497e-35,-0.5550239682197571,-0.5550239682197571,-6.932574706297601e-06
1699769.0086263,199999.96875,-1.0269841249612567e-18,1.054696504112775e-36,2.8810442443974177e-35,-0.5550239682197571,-0.5550239682197571,-6.932574706297601e-06
1699769.0094553,199999.96875,-1.5571936627179466e-18,2.424852242317132e-36,2.7127241292360945e-35,-0.5550239682197571,-0.5550239682197571,-6.932574706297601e-06
1699769.0099359,199999.96875,-2.058217269934045e-18,4.2362584370599714e-36,2.551099969688391e-35,-0.5550239682197571,-0.5550239682197571,-6.932574706297601e-06
1699769.0135972,199999.96875,-2.525897536850861e-18,6.380158453600683e-36,2.400291448714769e-35,-0.5550239682197571,-0.5550239682197571,-6.932574706297601e-06
1699769.0208952,199999.96875,-2.9560860492988638e-18,8.73844448986575e-36,2.2638383942132316e-35,-0.5550239682197571,-0.5550239682197571,-6.932574706297601e-06
1699769.0338307,199999.96875,-3.3451146748516874e-18,1.118979216965548e-35,2.144580388423576e-35,-0.5550239682197571,-0.5550239682197571,-6.932574706297601e-06
1699769.0343519,199999.96875,-3.689819861256623e-18,1.3614770147681219e-35,2.0445669413327156e-35,-0.5550239682197571,-0.5550239682197571,-6.932574706297601e-06
1699769.0406083,199999.96875,-3.9875655906966165e-18,1.590068048593121e-35,1.9650049722503144e-35,-0.5550239682197571,-0.5550239682197571,-6.932574706297601e-06
1699769.0414,199999.96875,-4.236259096221909e-18,1.7945891423680733e-35,1.906242738596959e-35,-0.5550239682197571,-0.5550239682197571,-6.932574706297601e-06
1699769.0420189,199999.96875,-4.433940786961363e-18,1.965983020284397e-35,1.8677721317915628e-35,-0.5550239682197571,-0.5550239682197571,-6.932574706297601e-06
1699769.0424544,199999.96875,-4.5796416208273724e-18,2.097311941086244e-35,1.8483103247471687e-35,-0.5550239682197571,-0.5550239682197571,-6.932574706297601e-06
1699769.0456279,199999.96875,-4.672958347271317e-18,2.1836538091654718e-35,1.8458762536200937e-35,-0.5550239682197571,-0.5550239682197571,-6.932574706297601e-06
1699769.0552497,199999.96875,-4.7140361364907005e-18,2.2222135251007338e-35,1.8579016813630944e-35,-0.5550239682197571,-0.5550239682197571,-6.932574706297601e-06
1699769.0565465,199999.96875,-4.703561961984248e-18,2.2123496753485518e-35,1.8813607718707278e-35,-0.5550239682197571,-0.5550239682197571,-6.932574706297601e-06
1699769.0574125,199999.96875,-4.6427422666753676e-18,2.155505368635271e-35,1.9129108565758057e-35,-0.5550239682197571,-0.5550239682197571,-6.932574706297601e-06
1699769.060863,199999.96875,-4.533705386280159e-18,2.0554482996837356e-35,1.949055011976187e-35,-0.5550239682197571,-0.5550239682197571,-6.932574706297601e-06
1699769.070671,199999.96875,-4.378610262197385e-18,1.9172228201063489e-35,1.9862835436960465e-35,-0.5550239682197571,-0.5550239682197571,-6.932574706297601e-06
1699769.0717282,199999.96875,-4.180049278466787e-18,1.747281234465986e-35,2.0212186273923228e-35,-0.5550239682197571,-0.5550239682197571,-6.932574706297601e-06
1699769.0728556,199999.96875,-3.941010625051213e-18,1.5531563493350066e-35,2.0507463222804464e-35,-0.5550239682197571,-0.5550239682197571,-6.932574706297601e-06
1699769.0775495,199999.96875,-3.664839006757521e-18,1.3431044628039392e-35,2.0721348093356426e-35,-0.5550239682197571,-0.5550239682197571,-6.932574706297601e-06
1699769.0896743,199999.96875,-3.3551940774107992e-18,1.125732713257229e-35,2.0831290966483444e-35,-0.5550239682197571,-0.5550239682197571,-6.932574706297601e-06
1699769.0903808,199999.96875,-3.0155812216518934e-18,9.093730913232537e-36,2.0820190350885346e-35,-0.5550239682197571,-0.5550239682197571,-6.932574706297601e-06
1699769.0921897,199999.96875,-2.650165914250468e-18,7.023380008409763e-36,2.0676941326175155e-35,-0.5550239682197571,-0.5550239682197571,-6.932574706297601e-06
1699769.095627,199999.96875,-2.2632931281691106e-18,5.122496086253067e-36,2.039662925837879e-35,-0.5550239682197571,-0.5550239682197571,-6.932574706297601e-06
1699769.107278,199999.96875,-1.8594381173168865e-18,3.4575106487957356e-36,1.998049536162401e-35,-0.5550239682197571,-0.5550239682197571,-6.932574706297601e-06
1699769.107606,199999.96875,-1.443156889110161e-18,2.0827018822250063e-36,1.9435602359537215e-35,-0.5550239682197571,-0.5550239682197571,-6.932574706297601e-06
1699769.1078564,199999.96875,-1.0190375042140363e-18,1.0384374958701316e-36,1.8774237554518422e-35,-0.5550239682197571,-0.5550239682197571,-6.932574706297601e-06
1699769.1122607,199999.96875,-5.920754614440848e-19,3.5055337525290837e-37,1.8013257064901502e-35,-0.5550239682197571,-0.5550239682197571,-6.932574706297601e-06
1699769.1237048,199999.96875,-1.667656085501314e-19,2.781076907873305e-38,1.7173246391122121e-35,-0.5550239682197571,-0.5550239682197571,-6.932574706297601e-06
1699769.1245697,199999.96875,2.525098583776711e-19,6.376122131083267e-38,1.6277471482160055e-35,-0.5550239682197571,-0.5550239682197571,-6.932574706297601e-06
1699769.124889,199999.96875,6.615251320837307e-19,4.3761551074279895e-37,1.5350826932122257e-35,-0.5550239682197571,-0.5550239682197571,-6.932574706297601e-06
1699769.1327579,199999.96875,1.056250705611572e-18,1.115665498103594e-36,1.441873969400747e-35,-0.5550239682197571,-0.5550239682197571,-6.932574706297601e-06
1699769.1340684,199999.96875,1.4328913709132249e-18,2.0531776670412293e-36,1.350612014614855e-35,-0.5550239682197571,-0.5550239682197571,-6.932574706297601e-06
1699769.1352957,199999.96875,1.7883442184146383e-18,3.1981750997585195e-36,1.2636274415554842e-35,-0.5550239682197571,-0.5550239682197571,-6.932574706297601e-06
1699769.1362893,199999.96875,2.119368664668559e-18,4.491723980891905e-36,1.183012808098372e-35,-0.5550239682197571,-0.5550239682197571,-6.932574706297601e-06
1699769.1387239,199999.96875,2.423047967437549e-18,5.8711609336098306e-36,1.1105520905028689e-35,-0.5550239682197571,-0.5550239682197571,-6.932574706297601e-06
1699769.1510294,199999.96875,2.6968100086068737e-18,7.272784409495269e-36,1.0476558963392578e-35,-0.5550239682197571,-0.5550239682197571,-6.932574706297601e-06
1699769.1518561,199999.96875,2.9384482838925487e-18,8.634478816101953e-36,9.953237975860334e-36,-0.5550239682197571,-0.5550239682197571,-6.932574706297601e-06
1699769.1523164,199999.96875,3.146138446453588e-18,9.8981869007025e-36,9.541151298119829e-36,-0.5550239682197571,-0.5550239682197571,-6.932574706297601e-06
1699769.1570126,199999.96875,3.318023269019657e-18,1.1009278022519928e-35,9.241385171899057e-36,-0.5550239682197571,-0.5550239682197571,-6.932574706297601e-06
1699769.1683613,199999.96875,3.4530797359681806e-18,1.1923758674105675e-35,9.050705983282518e-36,-0.5550239682197571,-0.5550239682197571,-6.932574706297601e-06
1699769.1686506,199999.96875,3.550689322996122e-18,1.260739502187241e-35,8.961874512299633e-36,-0.5550239682197571,-0.5550239682197571,-6.932574706297601e-06
1699769.1732038,199999.96875,3.610637997119984e-18,1.303670731232586e-35,8.964101523081464e-36,-0.5550239682197571,-0.5550239682197571,-6.932574706297601e-06
1699769.1807234,199999.96875,3.633102154605393e-18,1.3199431201940056e-35,9.04364182472649e-36,-0.5550239682197571,-0.5550239682197571,-6.932574706297601e-06
1699769.183747,199999.96875,3.618650482123479e-18,1.3094632551527514e-35,9.184462231042191e-36,-0.5550239682197571,-0.5550239682197571,-6.932574706297601e-06
1699769.1844132,199999.96875,3.5686412102400544e-18,1.2735199899002156e-35,9.369067362545656e-36,-0.5550239682197571,-0.5550239682197571,-6.932574706297601e-06
1699769.18908,199999.96875,3.484350678640288e-18,1.2140698509834517e-35,9.579188412684767e-36,-0.5550239682197571,-0.5550239682197571,-6.932574706297601e-06
1699769.1968372,199999.96875,3.367385685664065e-18,1.1339286725569228e-35,9.796568771809242e-36,-0.5550239682197571,-0.5550239682197571,-6.932574706297601e-06
1699769.1972397,199999.96875,3.219656604936076e-18,1.0366188481236575e-35,1.0003692253956572e-35,-0.5550239682197571,-0.5550239682197571,-6.932574706297601e-06
1699769.1975459,199999.96875,3.0433540175135145e-18,9.262003675716154e-36,1.0184462536030626e-35,-0.5550239682197571,-0.5550239682197571,-6.932574706297601e-06
1699769.2036912,199999.96875,2.840916451842187e-18,8.070806172515664e-36,1.0324783586835968e-35,-0.5550239682197571,-0.5550239682197571,-6.932574706297601e-06
1699769.2127699,199999.96875,2.6145799839129773e-18,6.83602770413451e-36,1.0413007365121621e-35,-0.5550239682197571,-0.5550239682197571,-6.932574706297601e-06
1699769.2134602,199999.96875,2.367205004284094e-18,5.6036595587950975e-36,1.0440356406356359e-35,-0.5550239682197571,-0.5550239682197571,-6.932574706297601e-06
1699769.2142976,199999.96875,2.1018080338543646e-18,4.417596592534097e-36,1.0401104623861769e-35,-0.5550239682197571,-0.5550239682197571,-6.932574706297601e-06
1699769.2198552,199999.96875,1.8215304977951126e-18,3.3179734282993984e-36,1.0292694973041701e-35,-0.5550239682197571,-0.5550239682197571,-6.932574706297601e-06
1699769.2290176,199999.96875,1.5295992276759073e-18,2.3396737434333747e-36,1.0115693533634193e-35,-0.5550239682197571,-0.5550239682197571,-6.932574706297601e-06
1699769.229691,199999.96875,1.2292952353964402e-18,1.5111669004774098e-36,9.873620905480238e-36,-0.5550239682197571,-0.5550239682197571,-6.932574706297601e-06
1699769.2301293,199999.96875,9.243387657616686e-19,8.544021211118738e-37,9.572695356120472e-36,-0.5550239682197571,-0.5550239682197571,-6.932574706297601e-06
1699769.2338996,199999.96875,6.179967169020825e-19,3.819199279744779e-37,9.221416691203204e-36,-0.5550239682197571,-0.5550239682197571,-6.932574706297601e-06
1699769.243774,199999.96875,3.1347973866651797e-19,9.826954124135704e-38,8.8301838457387e-36,-0.5550239682197571,-0.5550239682197571,-6.932574706297601e-06
1699769.2440024,199999.96875,1.3911919360764623e-20,1.9354313999715076e-40,8.410725217037076e-36,-0.5550239682197571,-0.5550239682197571,-6.932574706297601e-06
1699769.2448566,199999.96875,-2.7770099769812002e-19,7.711784335858495e-38,7.975537607223954e-36,-0.5550239682197571,-0.5550239682197571,-6.932574706297601e-06
1699769.2512746,199999.96875,-5.584997867902511e-19,3.1192202045599494e-37,7.537333057869079e-36,-0.5550239682197571,-0.5550239682197571,-6.932574706297601e-06
1699769.2606724,199999.96875,-8.262219102230787e-19,6.826426589997118e-37,7.108517253066731e-36,-0.5550239682197571,-0.5550239682197571,-6.932574706297601e-06
1699769.261538,199999.96875,-1.0783653792881771e-18,1.1628718129880564e-36,6.700672227305024e-36,-0.5550239682197571,-0.5550239682197571,-6.932574706297601e-06
1699769.2624142,199999.96875,-1.3126436082785084e-18,1.7230330044097264e-36,6.324043378124082e-36,-0.5550239682197571,-0.5550239682197571,-6.932574706297601e-06
1699769.268144,199999.96875,-1.5270040519015987e-18,2.3317414524527282e-36,5.987234184837801e-36,-0.5550239682197571,-0.5550239682197571,-6.932574706297601e-06
1699769.2793822,199999.96875,-1.7196439734099654e-18,2.9571756195997076e-36,5.6969213750027925e-36,-0.5550239682197571,-0.5550239682197571,-6.932574706297601e-06
1699769.279926,199999.96875,-1.8890263678279083e-18,3.56842030575926e-36,5.457658339059421e-36,-0.5550239682197571,-0.5550239682197571,-6.932574706297601e-06
1699769.280306,199999.96875,-2.0334630629227833e-18,4.134972494375472e-36,5.271737377087568e-36,-0.5550239682197571,-0.5550239682197571,-6.932574706297601e-06
1699769.2858402,199999.96875,-2.15198605058275e-18,4.631044168282087e-36,5.139211222751042e-36,-0.5550239682197571,-0.5550239682197571,-6.932574706297601e-06
1699769.2964535,199999.96875,-2.2439160087297497e-18,5.0351587357447834e-36,5.058039764851991e-36,-0.5550239682197571,-0.5550239682197571,-6.932574706297601e-06
1699769.2970143,199999.96875,-2.3088645760661883e-18,5.330855401542054e-36,5.0241897749400064e-36,-0.5550239682197571,-0.5550239682197571,-6.932574706297601e-06
1699769.2974124,199999.96875,-2.3467324909185596e-18,5.507153007967289e-36,5.031882073940459e-36,-0.5550239682197571,-0.5550239682197571,-6.932574706297601e-06
1699769.3042823,199999.96875,-2.3577035941780036e-18,5.5587663504701145e-36,5.073907575404946e-36,-0.5550239682197571,-0.5550239682197571,-6.932574706297601e-06
1699769.3046589,199999.96875,-2.3426592467871954e-18,5.4880519422312406e-36,5.142014716510709e-36,-0.5550239682197571,-0.5550239682197571,-6.932574706297601e-06
1699769.3050928,199999.96875,-2.3023110308680838e-18,5.300635783587565e-36,5.2272585046925164e-36,-0.5550239682197571,-0.5550239682197571,-6.932574706297601e-06
1699769.3054818,199999.96875,-2.2376162011845458e-18,5.0069257778595247e-36,5.3203854375152294e-36,-0.5550239682197571,-0.5550239682197571,-6.932574706297601e-06
1699769.3101611,199999.96875,-2.1497658978186578e-18,4.621493276681656e-36,5.412260035505569e-36,-0.5550239682197571,-0.5550239682197571,-6.932574706297601e-06
1699769.3214992,199999.96875,-2.0401659142214536e-18,4.1622766940593516e-36,5.494230031742307e-36,-0.5550239682197571,-0.5550239682197571,-6.932574706297601e-06
1699769.321719,199999.96875,-1.910417672058836e-18,3.649695796056303e-36,5.5584714724316697e-36,-0.5550239682197571,-0.5550239682197571,-6.932574706297601e-06
1699769.3250402,199999.96875,-1.7618742320177883e-18,3.1042004822583794e-36,5.5982423407189966e-36,-0.5550239682197571,-0.5550239682197571,-6.932574706297601e-06
1699769.3325456,199999.96875,-1.5964789515499275e-18,2.5487449631837893e-36,5.608153758388329e-36,-0.5550239682197571,-0.5550239682197571,-6.932574706297601e-06
1699769.3453728,199999.96875,-1.4163085709806446e-18,2.0059297391975703e-36,5.5843088153038695e-36,-0.5550239682197571,-0.5550239682197571,-6.932574706297601e-06
1699769.3461126,199999.96875,-1.2235490184761875e-18,1.4970721248453959e-36,5.5244152113857365e-36,-0.5550239682197571,-0.5550239682197571,-6.932574706297601e-06
1699769.3523545,199999.96875,-1.020470698022861e-18,1.0413604475212851e-36,5.427819336188618e-36,-0.5550239682197571,-0.5550239682197571,-6.932574706297601e-06
1699769.3525686,199999.96875,-8.094023298401552e-19,6.551320984987818e-37,5.2954664496046094e-36,-0.5550239682197571,-0.5550239682197571,-6.932574706297601e-06
1699769.3530753,199999.96875,-5.931298582311485e-19,3.518030195922301e-37,5.1298131511559367e-36,-0.5550239682197571,-0.5550239682197571,-6.932574706297601e-06
1699769.3533633,199999.96875,-3.740104118994933e-19,1.3988378963253398e-37,4.93464729632671e-36,-0.5550239682197571,-0.5550239682197571,-6.932574706297601e-06
1699769.3558095,199999.96875,-1.543802332383749e-19,2.38332562552672e-38,4.7149376876844465e-36,-0.5550239682197571,-0.5550239682197571,-6.932574706297601e-06
1699769.3628967,199999.96875,6.34686572100503e-20,4.028270656440622e-39,4.4765435016305074e-36,-0.5550239682197571,-0.5550239682197571,-6.932574706297601e-06
1699769.3763256,199999.96875,2.7731162827415483e-19,7.690173510941678e-38,4.225933759657928e-36,-0.5550239682197571,-0.5550239682197571,-6.932574706297601e-06
1699769.3768846,199999.96875,4.850131128698284e-19,2.352376996059151e-37,3.9699042884823995e-36,-0.5550239682197571,-0.5550239682197571,-6.932574706297601e-06
1699769.3822878,199999.96875,6.849703257756275e-19,4.691843212795153e-37,3.7152989849621337e-36,-0.5550239682197571,-0.5550239682197571,-6.932574706297601e-06
1699769.3843769,199999.96875,8.752715491983653e-19,7.661003185277275e-37,3.468728928623285e-36,-0.5550239682197571,-0.5550239682197571,-6.932574706297601e-06
1699769.3847976,199999.96875,1.0541457377477776e-18,1.1112231353431546e-36,3.2362495224937717e-36,-0.5550239682197571,-0.5550239682197571,-6.932574706297601e-06
1699769.3853504,199999.96875,1.2199787001572555e-18,1.4883480217596919e-36,3.023202650844252e-36,-0.5550239682197571,-0.5550239682197571,-6.932574706297601e-06
1699769.3869697,199999.96875,1.3713262824748578e-18,1.8805355438419706e-36,2.8340270891110963e-36,-0.5550239682197571,-0.5550239682197571,-6.932574706297601e-06
1699769.3947405,199999.96875,1.5069248629173334e-18,2.270822591315769e-36,2.6721198538211338e-36,-0.5550239682197571,-0.5550239682197571,-6.932574706297601e-06
1699769.408386,199999.96875,1.6252780717565737e-18,2.6415285890931304e-36,2.53971028751684e-36,-0.5550239682197571,-0.5550239682197571,-6.932574706297601e-06
1699769.4104323,199999.96875,1.7255241935894517e-18,2.9774339560803095e-36,2.4378430189670124e-36,-0.5550239682197571,-0.5550239682197571,-6.932574706297601e-06
1699769.4148698,199999.96875,1.807007480985366e-18,3.2652759964630205e-36,2.366428006337527e-36,-0.5550239682197571,-0.5550239682197571,-6.932574706297601e-06
1699769.4172474,199999.96875,1.869282186991727e-18,3.494216148666383e-36,2.324238743529305e-36,-0.5550239682197571,-0.5550239682197571,-6.932574706297601e-06
1699769.4176237,199999.96875,1.9121100835921194e-18,3.656165176281745e-36,2.309010373491591e-36,-0.5550239682197571,-0.5550239682197571,-6.932574706297601e-06
1699769.4181577,199999.96875,1.935460978694185e-18,3.746009348849217e-36,2.3175711636490688e-36,-0.5550239682197571,-0.5550239682197571,-6.932574706297601e-06
1699769.4230253,199999.96875,1.939930028748656e-18,3.763328590720356e-36,2.3460439341483182e-36,-0.5550239682197571,-0.5550239682197571,-6.932574706297601e-06
1699769.4348337,199999.96875,1.9258743689850017e-18,3.7089917517845954e-36,2.3900006715251745e-36,-0.5550239682197571,-0.5550239682197571,-6.932574706297601e-06
1699769.4351648,199999.96875,1.893833321162607e-18,3.586604810195763e-36,2.4446445854012136e-36,-0.5550239682197571,-0.5550239682197571,-6.932574706297601e-06
1699769.4354537,199999.96875,1.8445240508725554e-18,3.402269086729856e-36,2.5050518941259804e-36,-0.5550239682197571,-0.5550239682197571,-6.932574706297601e-06
1699769.4417126,199999.96875,1.778825023925378e-18,3.164218925054102e-36,2.5663707418965966e-36,-0.5550239682197571,-0.5550239682197571,-6.932574706297601e-06
1699769.4512621,199999.96875,1.6977689753158474e-18,2.8824197320650684e-36,2.6240150936236726e-36,-0.5550239682197571,-0.5550239682197571,-6.932574706297601e-06
1699769.4524867,199999.96875,1.6021010913782973e-18,2.5667280393738363e-36,2.673807331063037e-36,-0.5550239682197571,-0.5550239682197571,-6.932574706297601e-06
1699769.4529679,199999.96875,1.4931261461314535e-18,2.2294257683943166e-36,2.712157260286763e-36,-0.5550239682197571,-0.5550239682197571,-6.932574706297601e-06
1699769.4594191,199999.96875,1.3722593422058177e-18,1.8830954582973746e-36,2.736166502813568e-36,-0.5550239682197571,-0.5550239682197571,-6.932574706297601e-06
1699769.4615956,199999.96875,1.2410094570386865e-18,1.540104229443552e-36,2.7437111834285944e-36,-0.5550239682197571,-0.5550239682197571,-6.932574706297601e-06
1699769.4619014,199999.96875,1.1009606449006756e-18,1.2121142930138968e-36,2.7334926908189835e-36,-0.5550239682197571,-0.5550239682197571,-6.932574706297601e-06
1699769.4621521,199999.96875,9.537549627052794e-19,9.096485260652463e-37,2.705050950672928e-36,-0.5550239682197571,-0.5550239682197571,-6.932574706297601e-06
1699769.4681118,199999.96875,8.014976368102336e-19,6.423984881430745e-37,2.658755278003298e-36,-0.5550239682197571,-0.5550239682197571,-6.932574706297601e-06
1699769.4788254,199999.96875,6.458769945445471e-19,4.171571361038178e-37,2.5957299401732147e-36,-0.5550239682197571,-0.5550239682197571,-6.932574706297601e-06
1699769.4800893,199999.96875,4.8858141493601735e-19,2.3871179875866918e-37,2.5178046518239042e-36,-0.5550239682197571,-0.5550239682197571,-6.932574706297601e-06
1699769.4809257,199999.96875,3.3127999336441143e-19,1.0974643350309472e-37,2.4273791533911044e-36,-0.5550239682197571,-0.5550239682197571,-6.932574706297601e-06
1699769.4871351,199999.96875,1.7560661833467472e-19,3.0837683062954873e-38,2.3272922737765583e-36,-0.5550239682197571,-0.5550239682197571,-6.932574706297601e-06
1699769.497831,199999.96875,2.314342463350547e-20,5.356183120188748e-40,2.2206861501320155e-36,-0.5550239682197571,-0.5550239682197571,-6.932574706297601e-06
1699769.4990114,199999.96875,-1.2501800982973322e-19,1.5629504334813243e-38,2.1108555602483473e-36,-0.5550239682197571,-0.5550239682197571,-6.932574706297601e-06
1699769.5008365,199999.96875,-2.6743054226690264e-19,7.151908986902772e-38,2.0011107074099204e-36,-0.5550239682197571,-0.5550239682197571,-6.932574706297601e-06
1699769.5110269,199999.96875,-4.027376190916357e-19,1.6219759554215836e-37,1.8945935494022806e-36,-0.5550239682197571,-0.5550239682197571,-6.932574706297601e-06
1699769.5113282,199999.96875,-5.296852603446961e-19,2.805664763351611e-37,1.794192420199319e-36,-0.5550239682197571,-0.5550239682197571,-6.932574706297601e-06
1699769.5116027,199999.96875,-6.471330166059206e-19,4.187812073928071e-37,1.7024292086213115e-36,-0.5550239682197571,-0.5550239682197571,-6.932574706297601e-06
1699769.5141777,199999.96875,-7.540635332700513e-19,5.6861180588868864e-37,1.621371468895237e-36,-0.5550239682197571,-0.5550239682197571,-6.932574706297601e-06
1699769.5226233,199999.96875,-8.491669181383223e-19,7.210844237195959e-37,1.55254793917296e-36,-0.5550239682197571,-0.5550239682197571,-6.932574706297601e-06
1699769.5228452,199999.96875,-9.317070838631379e-19,8.68078166341972e-37,1.4969155381497984e-36,-0.5550239682197571,-0.5550239682197571,-6.932574706297601e-06
1699769.5233671,199999.96875,-1.0010948193544189e-18,1.0021907250647658e-36,1.4548754183397315e-36,-0.5550239682197571,-0.5550239682197571,-6.932574706297601e-06
1699769.5261071,199999.96875,-1.0568892890444629e-18,1.1170149597351265e-36,1.4262406801587816e-36,-0.5550239682197571,-0.5550239682197571,-6.932574706297601e-06
1699769.5339533,199999.96875,-1.0988007729237231e-18,1.2073631513342465e-36,1.4102693753064457e-36,-0.5550239682197571,-0.5550239682197571,-6.932574706297601e-06
1699769.54544,199999.96875,-1.1266897876614079e-18,1.269429866490079e-36,1.4057164332815895e-36,-0.5550239682197571,-0.5550239682197571,-6.932574706297601e-06
1699769.545639,199999.96875,-1.1409886385251526e-18,1.3018549712819873e-36,1.4109263937096229e-36,-0.5550239682197571,-0.5550239682197571,-6.932574706297601e-06
1699769.5503575,199999.96875,-1.141838773399704e-18,1.3037957136031386e-36,1.42389977183777e-36,-0.5550239682197571,-0.5550239682197571,-6.932574706297601e-06
1699769.5594598,199999.96875,-1.1295174011878438e-18,1.2758095636138045e-36,1.4423797820944297e-36,-0.5550239682197571,-0.5550239682197571,-6.932574706297601e-06
1699769.5601186,199999.96875,-1.1044333559073264e-18,1.2197731402174088e-36,1.4639776253822735e-36,-0.5550239682197571,-0.5550239682197571,-6.932574706297601e-06
1699769.5603704,199999.96875,-1.0671190316799062e-18,1.1387429332035614e-36,1.486275714328322e-36,-0.5550239682197571,-0.5550239682197571,-6.932574706297601e-06
1699769.5650749,199999.96875,-1.018222627913095e-18,1.0367772822911504e-36,1.5069309882171224e-36,-0.5550239682197571,-0.5550239682197571,-6.932574706297601e-06
1699769.5751342,199999.96875,-9.58074810056761e-19,9.179072635361419e-37,1.5237508745779026e-36,-0.5550239682197571,-0.5550239682197571,-6.932574706297601e-06
1699769.5755315,199999.96875,-8.875402920437518e-19,7.877278469222396e-37,1.534800729540428e-36,-0.5550239682197571,-0.5550239682197571,-6.932574706297601e-06
1699769.5759946,199999.96875,-8.075726063251879e-19,6.521734978146958e-37,1.5384606969214903e-36,-0.5550239682197571,-0.5550239682197571,-6.932574706297601e-06
1699769.5799468,199999.96875,-7.192036607152291e-19,5.172539705426544e-37,1.533483464142412e-36,-0.5550239682197571,-0.5550239682197571,-6.932574706297601e-06
1699769.5912768,199999.96875,-6.235299865133911e-19,3.887896535659839e-37,1.5190347989910236e-36,-0.5550239682197571,-0.5550239682197571,-6.932574706297601e-06
1699769.5915986,199999.96875,-5.21700899482028e-19,2.7217182412361372e-37,1.4947113965589049e-36,-0.5550239682197571,-0.5550239682197571,-6.932574706297601e-06
1699769.5919376,199999.96875,-4.153284970868233e-19,1.7249776703665778e-37,1.4605507443825733e-36,-0.5550239682197571,-0.5550239682197571,-6.932574706297601e-06
1699769.5965112,199999.96875,-3.056144918120575e-19,9.34002252596133e-38,1.4170021548016301e-36,-0.5550239682197571,-0.5550239682197571,-6.932574706297601e-06
1699769.6078977,199999.96875,-1.9376951418299025e-19,3.7546623668664227e-38,1.3649225498529792e-36,-0.5550239682197571,-0.5550239682197571,-6.932574706297601e-06
1699769.6086441,199999.96875,-8.100055642265565e-20,6.561089604738442e-39,1.3055051632049623e-36,-0.5550239682197571,-0.5550239682197571,-6.932574706297601e-06
1699769.6088712,199999.96875,3.150149341846281e-20,9.923435204962625e-40,1.240219452479209e-36,-0.5550239682197571,-0.5550239682197571,-6.932574706297601e-06
1699769.6174755,199999.96875,1.4257388435540554e-19,2.032731119361287e-38,1.1707415948468063e-36,-0.5550239682197571,-0.5550239682197571,-6.932574706297601e-06
1699769.6179141,199999.96875,2.515170089980602e-19,6.32608008136407e-38,1.0988834580117383e-36,-0.5550239682197571,-0.5550239682197571,-6.932574706297601e-06
1699769.6188604,199999.96875,3.5724475335275055e-19,1.2762380694738073e-37,1.0265159211589189e-36,-0.5550239682197571,-0.5550239682197571,-6.932574706297601e-06
1699769.6191801,199999.96875,4.587274843520012e-19,2.104309276763183e-37,9.554577575911646e-37,-0.5550239682197571,-0.5550239682197571,-6.932574706297601e-06
1699769.6243767,199999.96875,5.550016916785527e-19,3.080269039822314e-37,8.874385059250837e-37,-0.5550239682197571,-0.5550239682197571,-6.932574706297601e-06
1699769.6370854,199999.96875,6.451785439148227e-19,4.162553725160555e-37,8.240315664971955e-37,-0.5550239682197571,-0.5550239682197571,-6.932574706297601e-06
1699769.6379948,199999.96875,7.284511263732657e-19,5.306410568190211e-37,7.665989565732728e-37,-0.5550239682197571,-0.5550239682197571,-6.932574706297601e-06
1699769.6382965,199999.96875,8.036783433988648e-19,6.458989092861825e-37,7.162325679167177e-37,-0.5550239682197571,-0.5550239682197571,-6.932574706297601e-06
1699769.6447291,199999.96875,8.702502526874387e-19,7.57335499313844e-37,6.7373093886521625e-37,-0.5550239682197571,-0.5550239682197571,-6.932574706297601e-06
1699769.6569833,199999.96875,9.27659689125916e-19,8.605524088614077e-37,6.396074603345463e-37,-0.5550239682197571,-0.5550239682197571,-6.932574706297601e-06
1699769.6582284,199999.96875,9.75505987105091e-19,9.51612056506447e-37,6.1405113946157604e-37,-0.5550239682197571,-0.5550239682197571,-6.932574706297601e-06
1699769.6587866,199999.96875,1.013495394109931e-18,1.0271728498789944e-36,5.969327428967315e-37,-0.5550239682197571,-0.5550239682197571,-6.932574706297601e-06
1699769.6677067,199999.96875,1.041443862454143e-18,1.0846051907536118e-36,5.8782273342434015e-37,-0.5550239682197571,-0.5550239682197571,-6.932574706297601e-06
1699769.6683108,199999.96875,1.0596980842119632e-18,1.1229599628648307e-36,5.860396091544561e-37,-0.5550239682197571,-0.5550239682197571,-6.932574706297601e-06
1699769.6687556,199999.96875,1.0682753267786787e-18,1.1412121780431297e-36,5.9067084452711105e-37,-0.5550239682197571,-0.5550239682197571,-6.932574706297601e-06
1699769.6705228,199999.96875,1.0672924294158126e-18,1.1391131450474483e-36,6.006051313873814e-37,-0.5550239682197571,-0.5550239682197571,-6.932574706297601e-06
1699769.6808174,199999.96875,1.056963425106863e-18,1.1171716361138257e-36,6.146054707132875e-37,-0.5550239682197571,-0.5550239682197571,-6.932574706297601e-06
1699769.6814911,199999.96875,1.037594474076051e-18,1.0766023191719142e-36,6.313632963676797e-37,-0.5550239682197571,-0.5550239682197571,-6.932574706297601e-06
1699769.6818152,199999.96875,1.009579521090105e-18,1.0192508724550453e-36,6.495534059980399e-37,-0.5550239682197571,-0.5550239682197571,-6.932574706297601e-06
1699769.6857939,199999.96875,9.729701615397331e-19,9.466709660173606e-37,6.678700584849224e-37,-0.5550239682197571,-0.5550239682197571,-6.932574706297601e-06
1699769.695382,199999.96875,9.28329912217237e-19,8.617963134822196e-37,6.850952227823608e-37,-0.5550239682197571,-0.5550239682197571,-6.932574706297601e-06
1699769.6963371,199999.96875,8.762931172548683e-19,7.678894964069774e-37,7.001404599263692e-37,-0.5550239682197571,-0.5550239682197571,-6.932574706297601e-06
1699769.6972579,199999.96875,8.175579170896217e-19,6.684008927639841e-37,7.120780879127892e-37,-0.5550239682197571,-0.5550239682197571,-6.932574706297601e-06
1699769.7036615,199999.96875,7.528770460789206e-19,5.6682388357286275e-37,7.201706425962036e-37,-0.5550239682197571,-0.5550239682197571,-6.932574706297601e-06
1699769.7110226,199999.96875,6.830490954053965e-19,4.6655611314215396e-37,7.238904286061108e-37,-0.5550239682197571,-0.5550239682197571,-6.932574706297601e-06
1699769.7117742,199999.96875,6.093321550819544e-19,3.7128566450530804e-37,7.229405051927266e-37,-0.5550239682197571,-0.5550239682197571,-6.932574706297601e-06
1699769.7123816,199999.96875,5.325748607182853e-19,2.8363601501607077e-37,7.172409647124212e-37,-0.5550239682197571,-0.5550239682197571,-6.932574706297601e-06
1699769.71895,199999.96875,4.536392379102461e-19,2.0578857159905046e-37,7.069350759201874e-37,-0.5550239682197571,-0.5550239682197571,-6.932574706297601e-06
1699769.7287191,199999.96875,3.7339131890978565e-19,1.3942108087961393e-37,6.923619306236161e-37,-0.5550239682197571,-0.5550239682197571,-6.932574706297601e-06
1699769.7305008,199999.96875,2.926926381742721e-19,8.566897576704657e-38,6.740315117806201e-37,-0.5550239682197571,-0.5550239682197571,-6.932574706297601e-06
1699769.7318232,199999.96875,2.1239090073520744e-19,4.510989671171542e-38,6.52593349255383e-37,-0.5550239682197571,-0.5550239682197571,-6.932574706297601e-06
1699769.7358292,199999.96875,1.3288815514438365e-19,1.7659261338313847e-38,6.287993013311476e-37,-0.5550239682197571,-0.5550239682197571,-6.932574706297601e-06
1699769.7469421,199999.96875,5.499306738579934e-20,3.024237504154962e-39,6.034712687935974e-37,-0.5550239682197571,-0.5550239682197571,-6.932574706297601e-06
1699769.7494343,199999.96875,-2.0519602883725865e-20,4.210551560679994e-40,5.774424973407831e-37,-0.5550239682197571,-0.5550239682197571,-6.932574706297601e-06
1699769.7498738,199999.96875,-9.291633871572637e-20,8.633444680256056e-39,5.515392373888214e-37,-0.5550239682197571,-0.5550239682197571,-6.932574706297601e-06
1699769.7546009,199999.96875,-1.615116028684389e-19,2.608599767950042e-38,5.265448259896576e-37,-0.5550239682197571,-0.5550239682197571,-6.932574706297601e-06
1699769.7667167,199999.96875,-2.256739738067371e-19,5.092873533548258e-38,5.031679838546087e-37,-0.5550239682197571,-0.5550239682197571,-6.932574706297601e-06
1699769.7670942,199999.96875,-2.844079848998531e-19,8.088790795739215e-38,4.8201079848705036e-37,-0.5550239682197571,-0.5550239682197571,-6.932574706297601e-06
1699769.7673068,199999.96875,-3.3721920186133045e-19,1.1371679409919866e-37,4.635496216817512e-37,-0.5550239682197571,-0.5550239682197571,-6.932574706297601e-06
1699769.7735205,199999.96875,-3.8368545238603737e-19,1.472145199980274e-37,4.481356973065851e-37,-0.5550239682197571,-0.5550239682197571,-6.932574706297601e-06
1699769.7762394,199999.96875,-4.2345919136973087e-19,1.793176848755478e-37,4.3596749406565125e-37,-0.5550239682197571,-0.5550239682197571,-6.932574706297601e-06
1699769.7766147,199999.96875,-4.562699307521061e-19,2.0818223600464697e-37,4.270877011153669e-37,-0.5550239682197571,-0.5550239682197571,-6.932574706297601e-06
1699769.7790033,199999.96875,-4.81925247643168e-19,2.322519249420089e-37,4.213876673780021e-37,-0.5550239682197571,-0.5550239682197571,-6.932574706297601e-06
1699769.7837548,199999.96875,-5.007347660859527e-19,2.5073529831498297e-37,4.1862659372544736e-37,-0.5550239682197571,-0.5550239682197571,-6.932574706297601e-06
1699769.7955856,199999.96875,-5.126487518461305e-19,2.6280875135895302e-37,4.184393354090627e-37,-0.5550239682197571,-0.5550239682197571,-6.932574706297601e-06
1699769.7958621,199999.96875,-5.176904176796412e-19,2.6800337597659283e-37,4.203494957925286e-37,-0.5550239682197571,-0.5550239682197571,-6.932574706297601e-06
1699769.796334,199999.96875,-5.159538036823744e-19,2.6620832385418046e-37,4.2380561348338845e-37,-0.5550239682197571,-0.5550239682197571,-6.932574706297601e-06
1699769.8029219,199999.96875,-5.076014508446968e-19,2.576592597622522e-37,4.282078878973604e-37,-0.5550239682197571,-0.5550239682197571,-6.932574706297601e-06
1699769.804694,199999.96875,-4.92860937232637e-19,2.4291188261982066e-37,4.329349048226489e-37,-0.5550239682197571,-0.5550239682197571,-6.932574706297601e-06
1699769.8056497,199999.96875,-4.7159800109302e-19,2.2240469795273013e-37,4.373631873361188e-37,-0.5550239682197571,-0.5550239682197571,-6.932574706297601e-06
1699769.807561,199999.96875,-4.441723108959415e-19,1.9728901257926986e-37,4.409023515791684e-37,-0.5550239682197571,-0.5550239682197571,-6.932574706297601e-06
1699769.812003,199999.96875,-4.1100019698345717e-19,1.689211488882537e-37,4.430155096633702e-37,-0.5550239682197571,-0.5550239682197571,-6.932574706297601e-06
1699769.8234591,199999.96875,-3.725484218655941e-19,1.3879231265347753e-37,4.432389102697467e-37,-0.5550239682197571,-0.5550239682197571,-6.932574706297601e-06
1699769.8242999,199999.96875,-3.2932885524515783e-19,1.0845750796522104e-37,4.411994716951561e-37,-0.5550239682197571,-0.5550239682197571,-6.932574706297601e-06
1699769.8276592,199999.96875,-2.818919341210141e-19,7.946306767886668e-38,4.366281894759988e-37,-0.5550239682197571,-0.5550239682197571,-6.932574706297601e-06
1699769.8355425,199999.96875,-2.312437169131805e-19,5.347365589731831e-38,4.293725574978055e-37,-0.5550239682197571,-0.5550239682197571,-6.932574706297601e-06
1699769.8371448,199999.96875,-1.7797863628935295e-19,3.167639382501642e-38,4.193932497204733e-37,-0.5550239682197571,-0.5550239682197571,-6.932574706297601e-06
1699769.8374482,199999.96875,-1.2270566520143244e-19,1.505668014726808e-38,4.067763619216504e-37,-0.5550239682197571,-0.5550239682197571,-6.932574706297601e-06
1699769.8437216,199999.96875,-6.604157019365381e-20,4.361488220869349e-39,3.917169996891216e-37,-0.5550239682197571,-0.5550239682197571,-6.932574706297601e-06
1699769.8517598,199999.96875,-8.604567799704575e-21,7.404040695953036e-41,3.7450737298905565e-37,-0.5550239682197571,-0.5550239682197571,-6.932574706297601e-06
1699769.8531716,199999.96875,4.89923761049129e-20,2.400253310975764e-39,3.5552314191376876e-37,-0.5550239682197571,-0.5550239682197571,-6.932574706297601e-06
1699769.8554129,199999.96875,1.0657117777381033e-19,1.135741615337089e-38,3.352068477286824e-37,-0.5550239682197571,-0.5550239682197571,-6.932574706297601e-06
1699769.859186,199999.96875,1.6353420163779884e-19,2.674343366961998e-38,3.1404959509879774e-37,-0.5550239682197571,-0.5550239682197571,-6.932574706297601e-06
1699769.8674093,199999.96875,2.1930295118067125e-19,4.809379083308247e-38,2.92552264147203e-37,-0.5550239682197571,-0.5550239682197571,-6.932574706297601e-06
1699769.8681924,199999.96875,2.7332371299285426e-19,7.470584436388121e-38,2.7122214733875922e-37,-0.5550239682197571,-0.5550239682197571,-6.932574706297601e-06
1699769.8718825,199999.96875,3.2507259740326623e-19,1.0567219745442732e-37,2.5055335372237504e-37,-0.5550239682197571,-0.5550239682197571,-6.932574706297601e-06
1699769.8801586,199999.96875,3.740605338747352e-19,1.3992129958982703e-37,2.3100831179127764e-37,-0.5550239682197571,-0.5550239682197571,-6.932574706297601e-06
1699769.8930017,199999.96875,4.1941414892737586e-19,1.759082360287438e-37,2.1299442945579097e-37,-0.5550239682197571,-0.5550239682197571,-6.932574706297601e-06
1699769.8935382,199999.96875,4.607397562884013e-19,2.1228111248551107e-37,1.9685505847083775e-37,-0.5550239682197571,-0.5550239682197571,-6.932574706297601e-06
1699769.9006448,199999.96875,4.976938950578429e-19,2.476992338517891e-37,1.8287559288685623e-37,-0.5550239682197571,-0.5550239682197571,-6.932574706297601e-06
1699769.9016652,199999.96875,5.299860438949357e-19,2.808852100786626e-37,1.7125738247758831e-37,-0.5550239682197571,-0.5550239682197571,-6.932574706297601e-06
1699769.901909,199999.96875,5.573799393372192e-19,3.1067242095822407e-37,1.6211303558762714e-37,-0.5550239682197571,-0.5550239682197571,-6.932574706297601e-06
1699769.9035271,199999.96875,5.796956179026748e-19,3.360469990255653e-37,1.5546598192729623e-37,-0.5550239682197571,-0.5550239682197571,-6.932574706297601e-06
1699769.9065276,199999.96875,5.972329325633529e-19,3.5668720615327724e-37,1.5126322999386867e-37,-0.5550239682197571,-0.5550239682197571,-6.932574706297601e-06
1699769.9161,199999.96875,6.099115434022595e-19,3.719921207183066e-37,1.493719591137019e-37,-0.5550239682197571,-0.5550239682197571,-6.932574706297601e-06
1699769.9164213,199999.96875,6.17703222880991e-19,3.815572495111352e-37,1.495773894685719e-37,-0.5550239682197571,-0.5550239682197571,-6.932574706297601e-06
1699769.9168944,199999.96875,6.20631132056699e-19,3.851830476304433e-37,1.5160833056927487e-37,-0.5550239682197571,-0.5550239682197571,-6.932574706297601e-06
1699769.9207263,199999.96875,6.187686315099593e-19,3.828746045922531e-37,1.551500395703357e-37,-0.5550239682197571,-0.5550239682197571,-6.932574706297601e-06
1699769.9304742,199999.96875,6.122369032005109e-19,3.7483404368705905e-37,1.5985830151697765e-37,-0.5550239682197571,-0.5550239682197571,-6.932574706297601e-06
1699769.9309584,199999.96875,6.007799347287686e-19,3.6093652603727125e-37,1.653636556612907e-37,-0.5550239682197571,-0.5550239682197571,-6.932574706297601e-06
1699769.9312801,199999.96875,5.846216335467929e-19,3.4178243516733276e-37,1.7129711209164885e-37,-0.5550239682197571,-0.5550239682197571,-6.932574706297601e-06
1699769.9351205,199999.96875,5.640299027754744e-19,3.1812975023217845e-37,1.773065188987734e-37,-0.5550239682197571,-0.5550239682197571,-6.932574706297601e-06
1699769.9457521,199999.96875,5.393129188917774e-19,2.908583969843026e-37,1.8306318751487232e-37,-0.5550239682197571,-0.5550239682197571,-6.932574706297601e-06
1699769.9460872,199999.96875,5.108154611147716e-19,2.6093244634638524e-37,1.882734618337617e-37,-0.5550239682197571,-0.5550239682197571,-6.932574706297601e-06
1699769.9469738,199999.96875,4.789138966231687e-19,2.2935854629364646e-37,1.9268791072879175e-37,-0.5550239682197571,-0.5550239682197571,-6.932574706297601e-06
1699769.952491,199999.96875,4.444357679210397e-19,1.9752315273707696e-37,1.96116675073628e-37,-0.5550239682197571,-0.5550239682197571,-6.932574706297601e-06
1699769.9624911,199999.96875,4.077939673810192e-19,1.6629593392441215e-37,1.9842399707304667e-37,-0.5550239682197571,-0.5550239682197571,-6.932574706297601e-06
1699769.9627528,199999.96875,3.6941506170524324e-19,1.3646749123883637e-37,1.995356415396017e-37,-0.5550239682197571,-0.5550239682197571,-6.932574706297601e-06
1699769.9630719,199999.96875,3.2973474243197995e-19,1.087250102368668e-37,1.9943577940584005e-37,-0.5550239682197571,-0.5550239682197571,-6.932574706297601e-06
1699769.9694502,199999.96875,2.8919283700256024e-19,8.36324967348126e-38,1.9816414028582228e-37,-0.5550239682197571,-0.5550239682197571,-6.932574706297601e-06
1699769.9796506,199999.96875,2.482287592680088e-19,6.161752052530242e-38,1.9581013823196e-37,-0.5550239682197571,-0.5550239682197571,-6.932574706297601e-06
1699769.9801284,199999.96875,2.0685340474795655e-19,4.278833191470535e-38,1.9250222186668714e-37,-0.5550239682197571,-0.5550239682197571,-6.932574706297601e-06
1699769.9806419,199999.96875,1.6550529548933028e-19,2.7391999440460365e-38,1.884050717855311e-37,-0.5550239682197571,-0.5550239682197571,-6.932574706297601e-06
1699769.9866159,199999.96875,1.2461327294095044e-19,1.5528467912938495e-38,1.8370091284079269e-37,-0.5550239682197571,-0.5550239682197571,-6.932574706297601e-06
1699769.9972098,199999.96875,8.459231681402868e-20,7.155859527533396e-39,1.7858784379377658e-37,-0.5550239682197571,-0.5550239682197571,-6.932574706297601e-06
1699769.997918,199999.96875,4.5839531963727285e-20,2.1012610602397064e-39,1.7326981522817447e-37,-0.5550239682197571,-0.5550239682197571,-6.932574706297601e-06
1699769.9987037,199999.96875,8.730389725692133e-21,7.621942607155545e-41,1.6794717919322166e-37,-0.5550239682197571,-0.5550239682197571,-6.932574706297601e-06
1699770.0042635,199999.96875,-2.5961210543405958e-20,6.739839236847716e-40,1.6280747426499566e-37,-0.5550239682197571,-0.5550239682197571,-6.932574706297601e-06
1699770.0183661,199999.96875,-5.792645663306551e-20,3.355475033853598e-39,1.5801633392197968e-37,-0.5550239682197571,-0.5550239682197571,-6.932574706297601e-06
1699770.0193678,199999.96875,-8.689144593957421e-20,7.550124659560434e-39,1.5371923536554606e-37,-0.5550239682197571,-0.5550239682197571,-6.932574706297601e-06
1699770.0205751,199999.96875,-1.1261927038120518e-19,1.268310055256074e-38,1.5002712780290617e-37,-0.5550239682197571,-0.5550239682197571,-6.932574706297601e-06
1699770.0258069,199999.96875,-1.3491167156723563e-19,1.8201158868751362e-38,1.4701273301916463e-37,-0.5550239682197571,-0.5550239682197571,-6.932574706297601e-06
1699770.0286957,199999.96875,-1.5361030903384703e-19,2.359612572653723e-38,1.4470879655683577e-37,-0.5550239682197571,-0.5550239682197571,-6.932574706297601e-06
1699770.0304605,199999.96875,-1.6902109743601621e-19,2.856813446494054e-38,1.4311103604781261e-37,-0.5550239682197571,-0.5550239682197571,-6.932574706297601e-06
1699770.0312312,199999.96875,-1.8105397748455147e-19,3.27805413447873e-38,1.4217736769661456e-37,-0.5550239682197571,-0.5550239682197571,-6.932574706297601e-06
1699770.0399697,199999.96875,-1.8965593207206697e-19,3.596937256396493e-38,1.4182727849867536e-37,-0.5550239682197571,-0.5550239682197571,-6.932574706297601e-06
1699770.0405796,199999.96875,-1.9481072777904137e-19,3.795122057426873e-38,1.419527787891403e-37,-0.5550239682197571,-0.5550239682197571,-6.932574706297601e-06
1699770.041368,199999.96875,-1.965382815636613e-19,3.862729663656074e-38,1.4242418680292687e-37,-0.5550239682197571,-0.5550239682197571,-6.932574706297601e-06
1699770.0442706,199999.96875,-1.9489363971075274e-19,3.7983528911662204e-38,1.4309663069959935e-37,-0.5550239682197571,-0.5550239682197571,-6.932574706297601e-06
1699770.0517538,199999.96875,-1.89542207662538e-19,3.5926251807620725e-38,1.438136695186005e-37,-0.5550239682197571,-0.5550239682197571,-6.932574706297601e-06
1699770.064734,199999.96875,-1.8061854444022473e-19,3.262305781817262e-38,1.4441813362417166e-37,-0.5550239682197571,-0.5550239682197571,-6.932574706297601e-06
1699770.0694407,199999.96875,-1.682914078134708e-19,2.8321999192278816e-38,1.447574384291294e-37,-0.5550239682197571,-0.5550239682197571,-6.932574706297601e-06
1699770.0715924,199999.96875,-1.5276133738203206e-19,2.3336025113380041e-38,1.4468927927182465e-37,-0.5550239682197571,-0.5550239682197571,-6.932574706297601e-06
1699770.0721351,199999.96875,-1.3425788869058903e-19,1.8025179603706058e-38,1.4408789802287501e-37,-0.5550239682197571,-0.5550239682197571,-6.932574706297601e-06
1699770.0725251,199999.96875,-1.1303654422614697e-19,1.2777260802871045e-38,1.4284934075700302e-37,-0.5550239682197571,-0.5550239682197571,-6.932574706297601e-06
1699770.0728609,199999.96875,-8.979912796436589e-20,8.063882715535841e-39,1.4089715262999512e-37,-0.5550239682197571,-0.5550239682197571,-6.932574706297601e-06
1699770.0779328,199999.96875,-6.482995092906823e-20,4.202924293138674e-39,1.381828038734348e-37,-0.5550239682197571,-0.5550239682197571,-6.932574706297601e-06
1699770.0873585,199999.96875,-3.8425211634207594e-20,1.4764949425174154e-39,1.3469415363742717e-37,-0.5550239682197571,-0.5550239682197571,-6.932574706297601e-06
1699770.0877187,199999.96875,-1.088972936668404e-20,1.185876851404163e-40,1.304509209939622e-37,-0.5550239682197571,-0.5550239682197571,-6.932574706297601e-06
1699770.0884503,199999.96875,1.7466417850481552e-20,3.050752873696916e-40,1.255030370099207e-37,-0.5550239682197571,-0.5550239682197571,-6.932574706297601e-06
1699770.0909099,199999.96875,4.633124883262458e-20,2.1465846577698283e-39,1.1992825693449113e-37,-0.5550239682197571,-0.5550239682197571,-6.932574706297601e-06
1699770.1004961,199999.96875,7.581764949955152e-20,5.748314074654619e-39,1.1382977238658638e-37,-0.5550239682197571,-0.5550239682197571,-6.932574706297601e-06
1699770.1014053,199999.96875,1.0560613587994797e-19,1.1152654217868354e-38,1.0733189535557363e-37,-0.5550239682197571,-0.5550239682197571,-6.932574706297601e-06
1699770.1030526,199999.96875,1.353809026944034e-19,1.83279903927574e-38,1.0056468875971765e-37,-0.5550239682197571,-0.5550239682197571,-6.932574706297601e-06
1699770.1083804,199999.96875,1.648330044464778e-19,2.716991605464031e-38,9.36682600246755e-38,-0.5550239682197571,-0.5550239682197571,-6.932574706297601e-06
1699770.1175994,199999.96875,1.9366341534473325e-19,3.750551797951172e-38,8.678722315196548e-38,-0.5550239682197571,-0.5550239682197571,-6.932574706297601e-06
1699770.1184587,199999.96875,2.215859696713176e-19,4.910034912520084e-38,8.006556436139392e-38,-0.5550239682197571,-0.5550239682197571,-6.932574706297601e-06
1699770.1193335,199999.96875,2.4790644317244867e-19,6.145760434455367e-38,7.363722536537482e-38,-0.5550239682197571,-0.5550239682197571,-6.932574706297601e-06
1699770.1238932,199999.96875,2.723856901782191e-19,7.419396685044493e-38,6.762443862635432e-38,-0.5550239682197571,-0.5550239682197571,-6.932574706297601e-06
1699770.1339388,199999.96875,2.9480861787997103e-19,8.691211808149383e-38,6.214394912199225e-38,-0.5550239682197571,-0.5550239682197571,-6.932574706297601e-06
1699770.1349283,199999.96875,3.1498616380894775e-19,9.921629211501803e-38,5.729261460214273e-38,-0.5550239682197571,-0.5550239682197571,-6.932574706297601e-06
1699770.1357785,199999.96875,3.327566400047893e-19,1.1072697248532752e-37,5.314456375556855e-38,-0.5550239682197571,-0.5550239682197571,-6.932574706297601e-06
1699770.1413805,199999.96875,3.479867411419039e-19,1.210947650385214e-37,4.974929604922352e-38,-0.5550239682197571,-0.5550239682197571,-6.932574706297601e-06
1699770.1524906,199999.96875,3.6099583648491953e-19,1.3031801063721791e-37,4.713700666241691e-38,-0.5550239682197571,-0.5550239682197571,-6.932574706297601e-06
1699770.152876,199999.96875,3.716962965876938e-19,1.3815814102046269e-37,4.5312992503343873e-38,-0.5550239682197571,-0.5550239682197571,-6.932574706297601e-06
1699770.1533156,199999.96875,3.800260829042852e-19,1.4441981518232885e-37,4.4250928779053594e-38,-0.5550239682197571,-0.5550239682197571,-6.932574706297601e-06
1699770.1587915,199999.96875,3.8594916137925944e-19,1.489567599839163e-37,4.39041466454902e-38,-0.5550239682197571,-0.5550239682197571,-6.932574706297601e-06
1699770.1688968,199999.96875,3.894553215019303e-19,1.5167544716052217e-37,4.420830688496269e-38,-0.5550239682197571,-0.5550239682197571,-6.932574706297601e-06
1699770.1694443,199999.96875,3.905596076196886e-19,1.5253681972134878e-37,4.5084538814705e-38,-0.5550239682197571,-0.5550239682197571,-6.932574706297601e-06
1699770.1696912,199999.96875,3.888782079283097e-19,1.512262469247982e-37,4.643641628479001e-38,-0.5550239682197571,-0.5550239682197571,-6.932574706297601e-06
1699770.1762202,199999.96875,3.8448797267657866e-19,1.478310016392286e-37,4.816067761138162e-38,-0.5550239682197571,-0.5550239682197571,-6.932574706297601e-06
1699770.1874571,199999.96875,3.774921443446997e-19,1.4250031654589671e-37,5.015491590270699e-38,-0.5550239682197571,-0.5550239682197571,-6.932574706297601e-06
1699770.1883026,199999.96875,3.6801898762640687e-19,1.3543796286229078e-37,5.231584705415457e-38,-0.5550239682197571,-0.5550239682197571,-6.932574706297601e-06
1699770.1885923,199999.96875,3.562194888328852e-19,1.2689232914900318e-37,5.454312688529101e-38,-0.5550239682197571,-0.5550239682197571,-6.932574706297601e-06
1699770.1958478,199999.96875,3.422659600254872e-19,1.1714598443876806e-37,5.674293005613896e-38,-0.5550239682197571,-0.5550239682197571,-6.932574706297601e-06
1699770.1960855,199999.96875,3.2677253111024513e-19,1.0678028822807681e-37,5.883649798780953e-38,-0.5550239682197571,-0.5550239682197571,-6.932574706297601e-06
1699770.1965766,199999.96875,3.0993312424201444e-19,9.605855010356991e-38,6.075614796447581e-38,-0.5550239682197571,-0.5550239682197571,-6.932574706297601e-06
1699770.1995662,199999.96875,2.919511224539066e-19,8.523546446892918e-38,6.244737508106943e-38,-0.5550239682197571,-0.5550239682197571,-6.932574706297601e-06
1699770.20737,199999.96875,2.7303771529606405e-19,7.4549599585109e-38,6.387126247663916e-38,-0.5550239682197571,-0.5550239682197571,-6.932574706297601e-06
1699770.2190412,199999.96875,2.5340918464927526e-19,6.421622292219893e-38,6.500458222784036e-38,-0.5550239682197571,-0.5550239682197571,-6.932574706297601e-06
1699770.219268,199999.96875,2.3328452658071365e-19,5.442166793959719e-38,6.583935814381408e-38,-0.5550239682197571,-0.5550239682197571,-6.932574706297601e-06
1699770.2220665,199999.96875,2.1245995739165855e-19,4.5139231493767596e-38,6.637812377218383e-38,-0.5550239682197571,-0.5550239682197571,-6.932574706297601e-06
1699770.230357,199999.96875,1.9116657066574194e-19,3.654466163550884e-38,6.663708933358492e-38,-0.5550239682197571,-0.5550239682197571,-6.932574706297601e-06
1699770.2318496,199999.96875,1.6963551168538412e-19,2.8776207668714277e-38,6.664125399262089e-38,-0.5550239682197571,-0.5550239682197571,-6.932574706297601e-06
1699770.2322168,199999.96875,1.48095495889956e-19,2.193227577804112e-38,6.642428254359869e-38,-0.5550239682197571,-0.5550239682197571,-6.932574706297601e-06
1699770.2355564,199999.96875,1.2677043073151802e-19,1.607074099136445e-38,6.602631377973044e-38,-0.5550239682197571,-0.5550239682197571,-6.932574706297601e-06
1699770.2440264,199999.96875,1.0587715385283273e-19,1.1209970127656168e-38,6.549148860264238e-38,-0.5550239682197571,-0.5550239682197571,-6.932574706297601e-06
1699770.2444883,199999.96875,8.604703670582536e-20,7.404091142697752e-39,6.486702516538838e-38,-0.5550239682197571,-0.5550239682197571,-6.932574706297601e-06
1699770.2451035,199999.96875,6.746337088201029e-20,4.55130530824986e-39,6.419837598495729e-38,-0.5550239682197571,-0.5550239682197571,-6.932574706297601e-06
1699770.2492589,199999.96875,5.029260063026969e-20,2.5293437281062948e-39,6.353043305895222e-38,-0.5550239682197571,-0.5550239682197571,-6.932574706297601e-06
1699770.2597666,199999.96875,3.468296899483527e-20,1.2029082329395668e-39,6.290204038080426e-38,-0.5550239682197571,-0.5550239682197571,-6.932574706297601e-06
1699770.2601359,199999.96875,2.0763336821093443e-20,4.311150777433873e-40,6.234422269851355e-38,-0.5550239682197571,-0.5550239682197571,-6.932574706297601e-06
1699770.2607388,199999.96875,8.642269141061094e-21,7.469060944697707e-41,6.187899160835771e-38,-0.5550239682197571,-0.5550239682197571,-6.932574706297601e-06
1699770.265308,199999.96875,-2.0161774163478872e-21,4.0651668450062943e-42,6.151857203813951e-38,-0.5550239682197571,-0.5550239682197571,-6.932574706297601e-06
1699770.2756892,199999.96875,-1.1132464063409306e-20,1.2393083618488682e-40,6.126550314067631e-38,-0.5550239682197571,-0.5550239682197571,-6.932574706297601e-06
1699770.2764505,199999.96875,-1.8644762482457482e-20,3.47627116537379e-40,6.111117533820329e-38,-0.5550239682197571,-0.5550239682197571,-6.932574706297601e-06
1699770.2769084,199999.96875,-2.450921614710416e-20,6.0070161919444096e-40,6.103912617636156e-38,-0.5550239682197571,-0.5550239682197571,-6.932574706297601e-06
1699770.2805433,199999.96875,-2.870002978537604e-20,8.236916451209134e-40,6.102607728506177e-38,-0.5550239682197571,-0.5550239682197571,-6.932574706297601e-06
1699770.2901084,199999.96875,-3.1209333872343935e-20,9.740229443736798e-40,6.10431899419081e-38,-0.5550239682197571,-0.5550239682197571,-6.932574706297601e-06
1699770.2929343,199999.96875,-3.162335715597233e-20,1.00003805036387e-39,6.105709082267421e-38,-0.5550239682197571,-0.5550239682197571,-6.932574706297601e-06
1699770.2937635,199999.96875,-2.9982447309343067e-20,8.989469778490134e-40,6.103213089442765e-38,-0.5550239682197571,-0.5550239682197571,-6.932574706297601e-06
1699770.2986895,199999.96875,-2.6347426341285795e-20,6.941878449434068e-40,6.093104682840512e-38,-0.5550239682197571,-0.5550239682197571,-6.932574706297601e-06
1699770.3093562,199999.96875,-2.079851784652109e-20,4.325794346386067e-40,6.071665376855728e-38,-0.5550239682197571,-0.5550239682197571,-6.932574706297601e-06
1699770.310843,199999.96875,-1.3434130468548618e-20,1.8047603181732184e-40,6.035370625590944e-38,-0.5550239682197571,-0.5550239682197571,-6.932574706297601e-06
1699770.3114023,199999.96875,-4.369425681652948e-21,1.9091290277961308e-41,5.981068068020814e-38,-0.5550239682197571,-0.5550239682197571,-6.932574706297601e-06
1699770.3168629,199999.96875,5.841715487427489e-21,3.4124420203237945e-41,5.906125505109951e-38,-0.5550239682197571,-0.5550239682197571,-6.932574706297601e-06
1699770.3276664,199999.96875,1.7068817010069174e-20,2.913439637177727e-40,5.808508251488156e-38,-0.5550239682197571,-0.5550239682197571,-6.932574706297601e-06
1699770.3281161,199999.96875,2.91736359225024e-20,8.511010430831068e-40,5.687294252765902e-38,-0.5550239682197571,-0.5550239682197571,-6.932574706297601e-06
1699770.3284144,199999.96875,4.2011743985615346e-20,1.7649858625618228e-39,5.542436425314788e-38,-0.5550239682197571,-0.5550239682197571,-6.932574706297601e-06
1699770.3355935,199999.96875,5.543420022153446e-20,3.0729508426702854e-39,5.374757611593067e-38,-0.5550239682197571,-0.5550239682197571,-6.932574706297601e-06
1699770.3372709,199999.96875,6.928913297732528e-20,4.8009830634293985e-39,5.185928159370212e-38,-0.5550239682197571,-0.5550239682197571,-6.932574706297601e-06
1699770.338182,199999.96875,8.384697538333012e-20,7.030314395517607e-39,4.978534865611367e-38,-0.5550239682197571,-0.5550239682197571,-6.932574706297601e-06
1699770.3404965,199999.96875,9.894153522225969e-20,9.789426230222314e-39,4.755923470529955e-38,-0.5550239682197571,-0.5550239682197571,-6.932574706297601e-06
1699770.3438522,199999.96875,1.1440462341112725e-19,1.3088416324277442e-38,4.521464657452063e-38,-0.5550239682197571,-0.5550239682197571,-6.932574706297601e-06
1699770.3570825,199999.96875,1.3006774067421632e-19,1.6917615718279152e-38,4.278983410665911e-38,-0.5550239682197571,-0.5550239682197571,-6.932574706297601e-06
1699770.3575695,199999.96875,1.4576404855938408e-19,2.1247157136758824e-38,4.0326379432345366e-38,-0.5550239682197571,-0.5550239682197571,-6.932574706297601e-06
1699770.3578972,199999.96875,1.613297265312538e-19,2.602728327384521e-38,3.786778726370283e-38,-0.5550239682197571,-0.5550239682197571,-6.932574706297601e-06
1699770.3634296,199999.96875,1.7618241358919405e-19,3.1040240755973025e-38,3.5455084817170006e-38,-0.5550239682197571,-0.5550239682197571,-6.932574706297601e-06
1699770.3754122,199999.96875,1.9018306584211346e-19,3.6169598496338444e-38,3.312774106529306e-38,-0.5550239682197571,-0.5550239682197571,-6.932574706297601e-06
1699770.3756328,199999.96875,2.0320440087325544e-19,4.129202821709624e-38,3.0929056130619637e-38,-0.5550239682197571,-0.5550239682197571,-6.932574706297601e-06
1699770.3788242,199999.96875,2.151320351135404e-19,4.628178860444562e-38,2.889807018836582e-38,-0.5550239682197571,-0.5550239682197571,-6.932574706297601e-06
1699770.3874136,199999.96875,2.258653885703607e-19,5.101517302995599e-38,2.706836956012455e-38,-0.5550239682197571,-0.5550239682197571,-6.932574706297601e-06
1699770.387683,199999.96875,2.353184086106167e-19,5.537475828751079e-38,2.546710300234365e-38,-0.5550239682197571,-0.5550239682197571,-6.932574706297601e-06
1699770.3881059,199999.96875,2.438438231420769e-19,5.945980675512892e-38,2.4118454123920446e-38,-0.5550239682197571,-0.5550239682197571,-6.932574706297601e-06
1699770.3907474,199999.96875,2.513726659811697e-19,6.318821915838253e-38,2.3039301564857726e-38,-0.5550239682197571,-0.5550239682197571,-6.932574706297601e-06
1699770.4001498,199999.96875,2.5784812015957037e-19,6.648565381114226e-38,2.2233409212830666e-38,-0.5550239682197571,-0.5550239682197571,-6.932574706297601e-06
1699770.4005718,199999.96875,2.6322533697844204e-19,6.928757811652902e-38,2.1697989885193725e-38,-0.5550239682197571,-0.5550239682197571,-6.932574706297601e-06
1699770.4009304,199999.96875,2.6747182374934786e-19,7.154117993801933e-38,2.1424101896446047e-38,-0.5550239682197571,-0.5550239682197571,-6.932574706297601e-06
1699770.4048865,199999.96875,2.7056754719182757e-19,7.32067913186851e-38,2.1397244610078798e-38,-0.5550239682197571,-0.5550239682197571,-6.932574706297601e-06
1699770.4133311,199999.96875,2.720814169597703e-19,7.402830534599245e-38,2.1593489453515167e-38,-0.5550239682197571,-0.5550239682197571,-6.932574706297601e-06
1699770.4135707,199999.96875,2.720314500808933e-19,7.400110334020298e-38,2.198507670417688e-38,-0.5550239682197571,-0.5550239682197571,-6.932574706297601e-06
1699770.4141296,199999.96875,2.7045138001455215e-19,7.314395149035092e-38,2.254517289777058e-38,-0.5550239682197571,-0.5550239682197571,-6.932574706297601e-06
1699770.418212,199999.96875,2.6739026891082896e-19,7.149755471422797e-38,2.3244230254877516e-38,-0.5550239682197571,-0.5550239682197571,-6.932574706297601e-06
1699770.4270597,199999.96875,2.6291142193597817e-19,6.912241547432984e-38,2.4051155363872783e-38,-0.5550239682197571,-0.5550239682197571,-6.932574706297601e-06
1699770.4400653,199999.96875,2.570915859412082e-19,6.609607602247839e-38,2.4934430219696787e-38,-0.5550239682197571,-0.5550239682197571,-6.932574706297601e-06
1699770.4412819,199999.96875,2.504433285629664e-19,6.272186702945523e-38,2.5867448368407394e-38,-0.5550239682197571,-0.5550239682197571,-6.932574706297601e-06
1699770.4483728,199999.96875,2.4305324527162935e-19,5.907487567217275e-38,2.682474821690782e-38,-0.5550239682197571,-0.5550239682197571,-6.932574706297601e-06
1699770.4501762,199999.96875,2.350139544464089e-19,5.523155118965065e-38,2.77812997720283e-38,-0.5550239682197571,-0.5550239682197571,-6.932574706297601e-06
1699770.4504752,199999.96875,2.2642277905625072e-19,5.126727222888188e-38,2.87156183257138e-38,-0.5550239682197571,-0.5550239682197571,-6.932574706297601e-06
1699770.4514102,199999.96875,2.1738071268406873e-19,4.72543738165949e-38,2.9610117582237047e-38,-0.5550239682197571,-0.5550239682197571,-6.932574706297601e-06
1699770.4562177,199999.96875,2.0799123045461445e-19,4.326034809202545e-38,3.045126380102959e-38,-0.5550239682197571,-0.5550239682197571,-6.932574706297601e-06
1699770.4693126,199999.96875,1.979357773591755e-19,3.917857305761998e-38,3.122621548296436e-38,-0.5550239682197571,-0.5550239682197571,-6.932574706297601e-06
1699770.4709099,199999.96875,1.873329762674708e-19,3.509364229907285e-38,3.1926595665821616e-38,-0.5550239682197571,-0.5550239682197571,-6.932574706297601e-06
1699770.4720309,199999.96875,1.7630455197651633e-19,3.108329705258787e-38,3.254818083602989e-38,-0.5550239682197571,-0.5550239682197571,-6.932574706297601e-06
1699770.4769346,199999.96875,1.6497418091258588e-19,2.7216481202609824e-38,3.309003212361808e-38,-0.5550239682197571,-0.5550239682197571,-6.932574706297601e-06
1699770.4781535,199999.96875,1.5346592724286532e-19,2.355179144572292e-38,3.35541169516301e-38,-0.5550239682197571,-0.5550239682197571,-6.932574706297601e-06
1699770.4788055,199999.96875,1.4190311842680746e-19,2.0136494980427295e-38,3.3944829792050077e-38,-0.5550239682197571,-0.5550239682197571,-6.932574706297601e-06
1699770.480226,199999.96875,1.3083050459656678e-19,1.711662111969024e-38,3.427068773694417e-38,-0.5550239682197571,-0.5550239682197571,-6.932574706297601e-06
1699770.4844003,199999.96875,1.2035268532554e-19,1.4484769606321657e-38,3.4540902922416853e-38,-0.5550239682197571,-0.5550239682197571,-6.932574706297601e-06
1699770.4954247,199999.96875,1.1056579451054229e-19,1.222479327811713e-38,3.4765399344192474e-38,-0.5550239682197571,-0.5550239682197571,-6.932574706297601e-06
1699770.4967619,199999.96875,1.0155672488998291e-19,1.0313766892200302e-38,3.49536918188438e-38,-0.5550239682197571,-0.5550239682197571,-6.932574706297601e-06
1699770.4973676,199999.96875,9.340251412075441e-20,8.724031619482334e-39,3.511429183324314e-38,-0.5550239682197571,-0.5550239682197571,-6.932574706297601e-06
1699770.5034186,199999.96875,8.616960807049952e-20,7.425200302764341e-39,3.5254144222579684e-38,-0.5550239682197571,-0.5550239682197571,-6.932574706297601e-06
1699770.5162724,199999.96875,7.949000830186018e-20,6.318660766514856e-39,3.5376906375845324e-38,-0.5550239682197571,-0.5550239682197571,-6.932574706297601e-06
1699770.5174932,199999.96875,7.342129434028833e-20,5.390687292275818e-39,3.548434392910511e-38,-0.5550239682197571,-0.5550239682197571,-6.932574706297601e-06
1699770.518403,199999.96875,6.801346537640366e-20,4.625831965776511e-39,3.557617382006924e-38,-0.5550239682197571,-0.5550239682197571,-6.932574706297601e-06
1699770.5254099,199999.96875,6.330864946030957e-20,4.00798686116952e-39,3.5650507098407816e-38,-0.5550239682197571,-0.5550239682197571,-6.932574706297601e-06
1699770.5274135,199999.96875,5.934067698658977e-20,3.521314503211047e-39,3.5703910582883235e-38,-0.5550239682197571,-0.5550239682197571,-6.932574706297601e-06
1699770.5279604,199999.96875,5.61351000813539e-20,3.151147500875003e-39,3.573163106910451e-38,-0.5550239682197571,-0.5550239682197571,-6.932574706297601e-06
1699770.5298145,199999.96875,5.413248289366595e-20,2.9303252836728412e-39,3.5728783630625e-38,-0.5550239682197571,-0.5550239682197571,-6.932574706297601e-06
1699770.5359399,199999.96875,5.332799158682131e-20,2.843873576214786e-39,3.568963695672562e-38,-0.5550239682197571,-0.5550239682197571,-6.932574706297601e-06
1699770.5492383,199999.96875,5.370445893193524e-20,2.8841707161533747e-39,3.5606716521397665e-38,-0.5550239682197571,-0.5550239682197571,-6.932574706297601e-06
1699770.5495744,199999.96875,5.52328011294234e-20,3.0506603879982706e-39,3.547194524029276e-38,-0.5550239682197571,-0.5550239682197571,-6.932574706297601e-06
1699770.5540673,199999.96875,5.787263819446128e-20,3.349242058284281e-39,3.5277156345960826e-38,-0.5550239682197571,-0.5550239682197571,-6.932574706297601e-06
1699770.5547012,199999.96875,6.157284325660972e-20,3.791214396529257e-39,3.501463148646036e-38,-0.5550239682197571,-0.5550239682197571,-6.932574706297601e-06
1699770.554999,199999.96875,6.584892112145992e-20,4.3360812784126755e-39,3.467641128651399e-38,-0.5550239682197571,-0.5550239682197571,-6.932574706297601e-06
1699770.5552833,199999.96875,7.06441388312181e-20,4.9905927586371895e-39,3.4255671422600465e-38,-0.5550239682197571,-0.5550239682197571,-6.932574706297601e-06
1699770.5582262,199999.96875,7.589767922381602e-20,5.760457727146458e-39,3.3750077331478214e-38,-0.5550239682197571,-0.5550239682197571,-6.932574706297601e-06
1699770.5656135,199999.96875,8.154519023253647e-20,6.649618036520627e-39,3.3159676657295024e-38,-0.5550239682197571,-0.5550239682197571,-6.932574706297601e-06
1699770.5788626,199999.96875,8.751962499132288e-20,7.65968517999367e-39,3.2487030973643683e-38,-0.5550239682197571,-0.5550239682197571,-6.932574706297601e-06
1699770.5794335,199999.96875,9.375199792955806e-20,8.789437225304695e-39,3.173718495499576e-38,-0.5550239682197571,-0.5550239682197571,-6.932574706297601e-06
1699770.5871468,199999.96875,1.0059557332993897e-19,1.011946845233088e-38,3.091927226474172e-38,-0.5550239682197571,-0.5550239682197571,-6.932574706297601e-06
1699770.5876389,199999.96875,1.0796626957566929e-19,1.1656715288470634e-38,3.004490966715082e-38,-0.5550239682197571,-0.5550239682197571,-6.932574706297601e-06
1699770.5881776,199999.96875,1.157762956618933e-19,1.3404152690363717e-38,2.912379695019312e-38,-0.5550239682197571,-0.5550239682197571,-6.932574706297601e-06
1699770.5886674,199999.96875,1.2393516578441595e-19,1.53599239375449e-38,2.8167234184684926e-38,-0.5550239682197571,-0.5550239682197571,-6.932574706297601e-06
1699770.5925061,199999.96875,1.3235073331546853e-19,1.7516717054627334e-38,2.718785267498367e-38,-0.5550239682197571,-0.5550239682197571,-6.932574706297601e-06
1699770.6019749,199999.96875,1.409301343065949e-19,1.986130238280933e-38,2.6199326291504227e-38,-0.5550239682197571,-0.5550239682197571,-6.932574706297601e-06
1699770.6021667,199999.96875,1.4915720805556195e-19,2.2247873415579427e-38,2.5213462375107e-38,-0.5550239682197571,-0.5550239682197571,-6.932574706297601e-06
1699770.6023527,199999.96875,1.5695408326251608e-19,2.4634580374300563e-38,2.424201501731075e-38,-0.5550239682197571,-0.5550239682197571,-6.932574706297601e-06
1699770.60813,199999.96875,1.642489115364388e-19,2.6977702746885804e-38,2.3301003862159636e-38,-0.5550239682197571,-0.5550239682197571,-6.932574706297601e-06
1699770.6188658,199999.96875,1.7097664287697107e-19,2.923300854730874e-38,2.2405645609677758e-38,-0.5550239682197571,-0.5550239682197571,-6.932574706297601e-06
1699770.6195165,199999.96875,1.7707941341532538e-19,3.1357121982904653e-38,2.1569907001659044e-38,-0.5550239682197571,-0.5550239682197571,-6.932574706297601e-06
1699770.619819,199999.96875,1.8250724334792764e-19,3.3308895325567117e-38,2.0806132076275731e-38,-0.5550239682197571,-0.5550239682197571,-6.932574706297601e-06
1699770.6256306,199999.96875,1.8764164388292378e-19,3.520938394703222e-38,2.012787419227477e-38,-0.5550239682197571,-0.5550239682197571,-6.932574706297601e-06
1699770.6355357,199999.96875,1.9243547865009535e-19,3.7031416670076707e-38,1.954658195810969e-38,-0.5550239682197571,-0.5550239682197571,-6.932574706297601e-06
1699770.6361508,199999.96875,1.968462770948666e-19,3.8748452901786263e-38,1.9067113675556312e-38,-0.5550239682197571,-0.5550239682197571,-6.932574706297601e-06
1699770.6365934,199999.96875,2.0083635080057805e-19,4.033523844123683e-38,1.8692319585691067e-38,-0.5550239682197571,-0.5550239682197571,-6.932574706297601e-06
1699770.6425127,199999.96875,2.0437324585288408e-19,4.176842485341582e-38,1.8423057283174125e-38,-0.5550239682197571,-0.5550239682197571,-6.932574706297601e-06
1699770.6532115,199999.96875,2.0742987208672358e-19,4.3027149606786373e-38,1.8258253373381812e-38,-0.5550239682197571,-0.5550239682197571,-6.932574706297601e-06
1699770.6542242,199999.96875,2.0956120633254303e-19,4.391590073700896e-38,1.8191484304153663e-38,-0.5550239682197571,-0.5550239682197571,-6.932574706297601e-06
1699770.6545973,199999.96875,2.107647928978989e-19,4.4421797508599505e-38,1.8214713628796776e-38,-0.5550239682197571,-0.5550239682197571,-6.932574706297601e-06
1699770.6589846,199999.96875,2.1104796008603053e-19,4.4541241387101623e-38,1.8321966210659269e-38,-0.5550239682197571,-0.5550239682197571,-6.932574706297601e-06
1699770.6705801,199999.96875,2.1042727735858312e-19,4.427963577939375e-38,1.8505686248421502e-38,-0.5550239682197571,-0.5550239682197571,-6.932574706297601e-06
1699770.6713885,199999.96875,2.0892855533560775e-19,4.3651142207756357e-38,1.875704556175823e-38,-0.5550239682197571,-0.5550239682197571,-6.932574706297601e-06
1699770.6728891,199999.96875,2.0658597984085757e-19,4.2677766663273195e-38,1.9066268692582324e-38,-0.5550239682197571,-0.5550239682197571,-6.932574706297601e-06
1699770.6790525,199999.96875,2.0386544742965602e-19,4.1561116758603607e-38,1.9426455647255446e-38,-0.5550239682197571,-0.5550239682197571,-6.932574706297601e-06
1699770.6793265,199999.96875,2.0080319895259057e-19,4.032192610582574e-38,1.9830164129633569e-38,-0.5550239682197571,-0.5550239682197571,-6.932574706297601e-06
1699770.6795815,199999.96875,1.9743835746769556e-19,3.898190362074892e-38,2.0267470143992343e-38,-0.5550239682197571,-0.5550239682197571,-6.932574706297601e-06
1699770.6798907,199999.96875,1.9381228200559866e-19,3.756320102949719e-38,2.0729038239962437e-38,-0.5550239682197571,-0.5550239682197571,-6.932574706297601e-06
1699770.6852177,199999.96875,1.899682056780028e-19,3.608791961144988e-38,2.1206302280031434e-38,-0.5550239682197571,-0.5550239682197571,-6.932574706297601e-06
1699770.6967908,199999.96875,1.8595075746389468e-19,3.457768700710538e-38,2.1691580346017904e-38,-0.5550239682197571,-0.5550239682197571,-6.932574706297601e-06
1699770.6972121,199999.96875,1.813817478022756e-19,3.289934062599583e-38,2.2175085769447003e-38,-0.5550239682197571,-0.5550239682197571,-6.932574706297601e-06
1699770.7003053,199999.96875,1.7632043642921677e-19,3.1088893838654383e-38,2.264836171408653e-38,-0.5550239682197571,-0.5550239682197571,-6.932574706297601e-06
1699770.710095,199999.96875,1.7082985709233412e-19,2.918283645709205e-38,2.310564463935272e-38,-0.5550239682197571,-0.5550239682197571,-6.932574706297601e-06
1699770.7103997,199999.96875,1.649761842406319e-19,2.7217139812888057e-38,2.3542172933063794e-38,-0.5550239682197571,-0.5550239682197571,-6.932574706297601e-06
1699770.7106111,199999.96875,1.5882798339207254e-19,2.5226326295009504e-38,2.3954185510141505e-38,-0.5550239682197571,-0.5550239682197571,-6.932574706297601e-06
1699770.7132541,199999.96875,1.5245531932947865e-19,2.32426243668374e-38,2.4338872767164883e-38,-0.5550239682197571,-0.5550239682197571,-6.932574706297601e-06
1699770.720947,199999.96875,1.4635271681218627e-19,2.141911607650998e-38,2.4696834459876657e-38,-0.5550239682197571,-0.5550239682197571,-6.932574706297601e-06
1699770.7329175,199999.96875,1.4057779413973852e-19,1.976211567490749e-38,2.5029051497201856e-38,-0.5550239682197571,-0.5550239682197571,-6.932574706297601e-06
1699770.7331445,199999.96875,1.3518354257012708e-19,1.8274588309580447e-38,2.533593866348592e-38,-0.5550239682197571,-0.5550239682197571,-6.932574706297601e-06
1699770.7358744,199999.96875,1.302178739553947e-19,1.6956695129852243e-38,2.561819380536408e-38,-0.5550239682197571,-0.5550239682197571,-6.932574706297601e-06
1699770.7442607,199999.96875,1.257232588501171e-19,1.580633979322025e-38,2.5876638083736436e-38,-0.5550239682197571,-0.5550239682197571,-6.932574706297601e-06
1699770.7448419,199999.96875,1.2173631292109687e-19,1.481972898474154e-38,2.6112014186789076e-38,-0.5550239682197571,-0.5550239682197571,-6.932574706297601e-06
1699770.7451915,199999.96875,1.1786411245267422e-19,1.3891950290989043e-38,2.632287317190989e-38,-0.5550239682197571,-0.5550239682197571,-6.932574706297601e-06
1699770.7497694,199999.96875,1.1414447510847932e-19,1.302895923043614e-38,2.650762596664033e-38,-0.5550239682197571,-0.5550239682197571,-6.932574706297601e-06
1699770.7598768,199999.96875,1.106127240856076e-19,1.2235174097140847e-38,2.666560555291138e-38,-0.5550239682197571,-0.5550239682197571,-6.932574706297601e-06
1699770.7603166,199999.96875,1.0730154594295197e-19,1.1513621695786105e-38,2.679606924253695e-38,-0.5550239682197571,-0.5550239682197571,-6.932574706297601e-06
1699770.7611813,199999.96875,1.0424066102142753e-19,1.0866113905286287e-38,2.68981818616323e-38,-0.5550239682197571,-0.5550239682197571,-6.932574706297601e-06
1699770.7641379,199999.96875,1.0145651325124182e-19,1.0293422841095235e-38,2.6971057789567976e-38,-0.5550239682197571,-0.5550239682197571,-6.932574706297601e-06
1699770.7730322,199999.96875,9.939564445385423e-20,9.879494689016791e-39,2.7015456530111643e-38,-0.5550239682197571,-0.5550239682197571,-6.932574706297601e-06
1699770.7746185,199999.96875,9.806401937696311e-20,9.61655084127549e-39,2.7031997457184534e-38,-0.5550239682197571,-0.5550239682197571,-6.932574706297601e-06
1699770.7754108,199999.96875,9.745999012169186e-20,9.498449406702194e-39,2.701957634759676e-38,-0.5550239682197571,-0.5550239682197571,-6.932574706297601e-06
1699770.7791718,199999.96875,9.757427675554343e-20,9.520739861374209e-39,2.697685636261335e-38,-0.5550239682197571,-0.5550239682197571,-6.932574706297601e-06
1699770.7878503,199999.96875,9.839042613914624e-20,9.680674259002993e-39,2.69023885596222e-38,-0.5550239682197571,-0.5550239682197571,-6.932574706297601e-06
1699770.7882458,199999.96875,9.98849864096647e-20,9.977009647850691e-39,2.6794726798608127e-38,-0.5550239682197571,-0.5550239682197571,-6.932574706297601e-06
1699770.788484,199999.96875,1.0160447518331224e-19,1.0323470884065752e-38,2.665086669566361e-38,-0.5550239682197571,-0.5550239682197571,-6.932574706297601e-06
1699770.7934157,199999.96875,1.0352623546612313e-19,1.0717679964154216e-38,2.646798883827844e-38,-0.5550239682197571,-0.5550239682197571,-6.932574706297601e-06
1699770.8026715,199999.96875,1.0562600113934632e-19,1.1156853909365936e-38,2.6246171699166605e-38,-0.5550239682197571,-0.5550239682197571,-6.932574706297601e-06
1699770.8042038,199999.96875,1.07878194227478e-19,1.1637705273503604e-38,2.598623363663128e-38,-0.5550239682197571,-0.5550239682197571,-6.932574706297601e-06
1699770.8045178,199999.96875,1.102561446181119e-19,1.21564169195504e-38,2.5689808564681866e-38,-0.5550239682197571,-0.5550239682197571,-6.932574706297601e-06
1699770.8098876,199999.96875,1.1273249072754837e-19,1.2708615394999166e-38,2.535932353225857e-38,-0.5550239682197571,-0.5550239682197571,-6.932574706297601e-06
1699770.8200499,199999.96875,1.1570296093071165e-19,1.3387173156871493e-38,2.499992130472547e-38,-0.5550239682197571,-0.5550239682197571,-6.932574706297601e-06
1699770.8203429,199999.96875,1.1912610572409457e-19,1.4191028020931425e-38,2.46175630057498e-38,-0.5550239682197571,-0.5550239682197571,-6.932574706297601e-06
1699770.8207063,199999.96875,1.2295681791491886e-19,1.5118380719950766e-38,2.421574627629852e-38,-0.5550239682197571,-0.5550239682197571,-6.932574706297601e-06
1699770.8259344,199999.96875,1.271465523409853e-19,1.6166246488200507e-38,2.379843679102566e-38,-0.5550239682197571,-0.5550239682197571,-6.932574706297601e-06
1699770.8369033,199999.96875,1.316442047500746e-19,1.7330198623831844e-38,2.337007526476467e-38,-0.5550239682197571,-0.5550239682197571,-6.932574706297601e-06
1699770.8371752,199999.96875,1.3639646076676832e-19,1.860399434218621e-38,2.2935451335666614e-38,-0.5550239682197571,-0.5550239682197571,-6.932574706297601e-06
1699770.8374498,199999.96875,1.40925067825343e-19,1.9859874459674183e-38,2.2497279318856887e-38,-0.5550239682197571,-0.5550239682197571,-6.932574706297601e-06
1699770.8435191,199999.96875,1.4518771046758775e-19,2.1079470756025394e-38,2.2058325377504066e-38,-0.5550239682197571,-0.5550239682197571,-6.932574706297601e-06
1699770.8547987,199999.96875,1.4914579554804813e-19,2.2244466859012653e-38,2.1624898157294543e-38,-0.5550239682197571,-0.5550239682197571,-6.932574706297601e-06
1699770.8556309,199999.96875,1.5276471072796763e-19,2.3337056469049785e-38,2.1203201206529883e-38,-0.5550239682197571,-0.5550239682197571,-6.932574706297601e-06
1699770.8559231,199999.96875,1.5601409589392613e-19,2.434039737989407e-38,2.0799185839788073e-38,-0.5550239682197571,-0.5550239682197571,-6.932574706297601e-06
1699770.8627944,199999.96875,1.5886807580238721e-19,2.5239066900647145e-38,2.0418373173018554e-38,-0.5550239682197571,-0.5550239682197571,-6.932574706297601e-06
1699770.8736836,199999.96875,1.6172897042378136e-19,2.615625598190474e-38,2.0068474551670504e-38,-0.5550239682197571,-0.5550239682197571,-6.932574706297601e-06
1699770.8742384,199999.96875,1.6456685908438887e-19,2.708225082271215e-38,1.9756566532988765e-38,-0.5550239682197571,-0.5550239682197571,-6.932574706297601e-06
1699770.8793758,199999.96875,1.6735284216155868e-19,2.8006973284513954e-38,1.9485481141169736e-38,-0.5550239682197571,-0.5550239682197571,-6.932574706297601e-06
1699770.8893522,199999.96875,1.7005900230961713e-19,2.892006496906186e-38,1.9257446440771694e-38,-0.5550239682197571,-0.5550239682197571,-6.932574706297601e-06
1699770.890966,199999.96875,1.7265899899593322e-19,2.9811128241750584e-38,1.907403048477622e-38,-0.5550239682197571,-0.5550239682197571,-6.932574706297601e-06
1699770.8913472,199999.96875,1.7512805557622158e-19,3.0669835532898046e-38,1.8936160932766693e-38,-0.5550239682197571,-0.5550239682197571,-6.932574706297601e-06
1699770.8979154,199999.96875,1.7701983056182742e-19,3.133602403322578e-38,1.8841126272214648e-38,-0.5550239682197571,-0.5550239682197571,-6.932574706297601e-06
1699770.9004727,199999.96875,1.7832694395072313e-19,3.1800498422210883e-38,1.8785580202387277e-38,-0.5550239682197571,-0.5550239682197571,-6.932574706297601e-06
1699770.9009494,199999.96875,1.7904828421896059e-19,3.2058286892901933e-38,1.8768760416919986e-38,-0.5550239682197571,-0.5550239682197571,-6.932574706297601e-06
1699770.9012034,199999.96875,1.7918886614900339e-19,3.2108649559709767e-38,1.878915491476977e-38,-0.5550239682197571,-0.5550239682197571,-6.932574706297601e-06
1699770.9054187,199999.96875,1.7875955941108837e-19,3.195498036751498e-38,1.8844598689809245e-38,-0.5550239682197571,-0.5550239682197571,-6.932574706297601e-06
1699770.9171318,199999.96875,1.7777699809034608e-19,3.160466135662763e-38,1.89323465983468e-38,-0.5550239682197571,-0.5550239682197571,-6.932574706297601e-06
1699770.9180252,199999.96875,1.7668664479603048e-19,3.1218166424585276e-38,1.9052184241717395e-38,-0.5550239682197571,-0.5550239682197571,-6.932574706297601e-06
1699770.9188216,199999.96875,1.7550216093294576e-19,3.0801005476949635e-38,1.9203353517451828e-38,-0.5550239682197571,-0.5550239682197571,-6.932574706297601e-06
1699770.9245356,199999.96875,1.742378412160526e-19,3.035882294393501e-38,1.938214799111196e-38,-0.5550239682197571,-0.5550239682197571,-6.932574706297601e-06
1699770.9352379,199999.96875,1.7290853612228574e-19,2.9897358544051276e-38,1.9584850017871938e-38,-0.5550239682197571,-0.5550239682197571,-6.932574706297601e-06
1699770.9355062,199999.96875,1.7152940632130963e-19,2.9422335180226735e-38,1.9807806412635266e-38,-0.5550239682197571,-0.5550239682197571,-6.932574706297601e-06
1699770.9357301,199999.96875,1.7011585805203308e-19,2.8939405690466473e-38,2.0047462081197954e-38,-0.5550239682197571,-0.5550239682197571,-6.932574706297601e-06
1699770.9421908,199999.96875,1.6825976815504065e-19,2.831134932394995e-38,2.0297558824618325e-38,-0.5550239682197571,-0.5550239682197571,-6.932574706297601e-06
1699770.9526695,199999.96875,1.6598985530722443e-19,2.7552635888619776e-38,2.0552220998435467e-38,-0.5550239682197571,-0.5550239682197571,-6.932574706297601e-06
1699770.9529382,199999.96875,1.6333849587474763e-19,2.6679461592126625e-38,2.0807967777263997e-38,-0.5550239682197571,-0.5550239682197571,-6.932574706297601e-06
1699770.9560617,199999.96875,1.6034138787092073e-19,2.5709359480856126e-38,2.1061578977232895e-38,-0.5550239682197571,-0.5550239682197571,-6.932574706297601e-06
1699770.9644304,199999.96875,1.5703699519422745e-19,2.4660619302364647e-38,2.1310088049493187e-38,-0.5550239682197571,-0.5550239682197571,-6.932574706297601e-06
1699770.9648869,199999.96875,1.5346617281210967e-19,2.3551867115839993e-38,2.1550849342544227e-38,-0.5550239682197571,-0.5550239682197571,-6.932574706297601e-06
1699770.9652298,199999.96875,1.5009523087019708e-19,2.2528578721356046e-38,2.1784099675826485e-38,-0.5550239682197571,-0.5550239682197571,-6.932574706297601e-06
1699770.9679615,199999.96875,1.4695490429812487e-19,2.1595744142744265e-38,2.2010147335002115e-38,-0.5550239682197571,-0.5550239682197571,-6.932574706297601e-06
1699770.97942,199999.96875,1.440728777970194e-19,2.0756994144325717e-38,2.2227696118991614e-38,-0.5550239682197571,-0.5550239682197571,-6.932574706297601e-06
1699770.980002,199999.96875,1.414736048937393e-19,2.0014779597114506e-38,2.2435660021485131e-38,-0.5550239682197571,-0.5550239682197571,-6.932574706297601e-06
1699770.9808836,199999.96875,1.3917807529632808e-19,1.9370536832036564e-38,2.2633104376406962e-38,-0.5550239682197571,-0.5550239682197571,-6.932574706297601e-06
1699770.9847741,199999.96875,1.3720362102355815e-19,1.8824834776268408e-38,2.2819185602081584e-38,-0.5550239682197571,-0.5550239682197571,-6.932574706297601e-06
1699770.9954952,199999.96875,1.3514042578069776e-19,1.8262936512849586e-38,2.299083065097673e-38,-0.5550239682197571,-0.5550239682197571,-6.932574706297601e-06
1699770.9967739,199999.96875,1.330117798718691e-19,1.769213299768998e-38,2.314513182877893e-38,-0.5550239682197571,-0.5550239682197571,-6.932574706297601e-06
1699770.9971076,199999.96875,1.308411933210446e-19,1.711941671012657e-38,2.3281053575923043e-38,-0.5550239682197571,-0.5550239682197571,-6.932574706297601e-06
1699771.001046,199999.96875,1.2865209860401424e-19,1.6551361141255503e-38,2.3397724284764263e-38,-0.5550239682197571,-0.5550239682197571,-6.932574706297601e-06
1699771.0106534,199999.96875,1.264676438532324e-19,1.5994066143291988e-38,2.3494469930741249e-38,-0.5550239682197571,-0.5550239682197571,-6.932574706297601e-06
1699771.0116987,199999.96875,1.2431042143917946e-19,1.5453079456856285e-38,2.357077623731759e-38,-0.5550239682197571,-0.5550239682197571,-6.932574706297601e-06
1699771.0123371,199999.96875,1.226257388747445e-19,1.5037071777856783e-38,2.3628389222379843e-38,-0.5550239682197571,-0.5550239682197571,-6.932574706297601e-06
1699771.0169029,199999.96875,1.214210537101376e-19,1.4743072353549115e-38,2.3669082929783835e-38,-0.5550239682197571,-0.5550239682197571,-6.932574706297601e-06
1699771.0278871,199999.96875,1.2069864069204323e-19,1.4568163680530556e-38,2.3692697611504637e-38,-0.5550239682197571,-0.5550239682197571,-6.932574706297601e-06
1699771.028151,199999.96875,1.204557339352882e-19,1.4509582398229457e-38,2.369906791432346e-38,-0.5550239682197571,-0.5550239682197571,-6.932574706297601e-06
1699771.0285352,199999.96875,1.2068461739572105e-19,1.4564778143440747e-38,2.368799765645529e-38,-0.5550239682197571,-0.5550239682197571,-6.932574706297601e-06
1699771.0312593,199999.96875,1.213729092135476e-19,1.4731384123058182e-38,2.365929906390592e-38,-0.5550239682197571,-0.5550239682197571,-6.932574706297601e-06
1699771.0417129,199999.96875,1.2208014863728043e-19,1.49035644679667e-38,2.361077209808635e-38,-0.5550239682197571,-0.5550239682197571,-6.932574706297601e-06
1699771.0432224,199999.96875,1.2279855499928274e-19,1.5079484878476502e-38,2.3540281180136955e-38,-0.5550239682197571,-0.5550239682197571,-6.932574706297601e-06
1699771.0437873,199999.96875,1.2352043810479718e-19,1.5257299844510071e-38,2.3448225680120065e-38,-0.5550239682197571,-0.5550239682197571,-6.932574706297601e-06
1699771.0488316,199999.96875,1.242382499307342e-19,1.5435142836512927e-38,2.3335338477132522e-38,-0.5550239682197571,-0.5550239682197571,-6.932574706297601e-06
1699771.0592157,199999.96875,1.2494459755036914e-19,1.5611152930124446e-38,2.32026733476195e-38,-0.5550239682197571,-0.5550239682197571,-6.932574706297601e-06
1699771.0594351,199999.96875,1.2563239822970698e-19,1.5783501430848684e-38,2.305160216277757e-38,-0.5550239682197571,-0.5550239682197571,-6.932574706297601e-06
1699771.0597837,199999.96875,1.2671842175050375e-19,1.605755757541208e-38,2.2885946263518946e-38,-0.5550239682197571,-0.5550239682197571,-6.932574706297601e-06
1699771.0642364,199999.96875,1.2818290625093767e-19,1.643085928241282e-38,2.2709783428374816e-38,-0.5550239682197571,-0.5550239682197571,-6.932574706297601e-06
1699771.0750041,199999.96875,1.3000257435158362e-19,1.6900668414651608e-38,2.252466909864058e-38,-0.5550239682197571,-0.5550239682197571,-6.932574706297601e-06
1699771.0757156,199999.96875,1.3215096919753697e-19,1.7463878293433038e-38,2.2332300246756533e-38,-0.5550239682197571,-0.5550239682197571,-6.932574706297601e-06
1699771.0759223,199999.96875,1.345987646511433e-19,1.811682732586983e-38,2.2134499962024763e-38,-0.5550239682197571,-0.5550239682197571,-6.932574706297601e-06
1699771.0815489,199999.96875,1.3731415303291055e-19,1.8855177091916433e-38,2.193320203632604e-38,-0.5550239682197571,-0.5550239682197571,-6.932574706297601e-06
1699771.0935882,199999.96875,1.3983974223818808e-19,1.9555153700815966e-38,2.17280827697151e-38,-0.5550239682197571,-0.5550239682197571,-6.932574706297601e-06
1699771.0938038,199999.96875,1.4215332763740768e-19,2.020756883853785e-38,2.1518836679126726e-38,-0.5550239682197571,-0.5550239682197571,-6.932574706297601e-06
1699771.0940763,199999.96875,1.4423538001329487e-19,2.0803845157181953e-38,2.130819349396942e-38,-0.5550239682197571,-0.5550239682197571,-6.932574706297601e-06
1699771.1006384,199999.96875,1.4606923943132493e-19,2.1336222265852845e-38,2.1098909568322508e-38,-0.5550239682197571,-0.5550239682197571,-6.932574706297601e-06
1699771.1030015,199999.96875,1.4764115401381418e-19,2.179791087349087e-38,2.0893700618609853e-38,-0.5550239682197571,-0.5550239682197571,-6.932574706297601e-06
1699771.103462,199999.96875,1.4894034456340527e-19,2.2183224510927801e-38,2.0695191276855136e-38,-0.5550239682197571,-0.5550239682197571,-6.932574706297601e-06
1699771.1038342,199999.96875,1.5038263735896805e-19,2.261493654181699e-38,2.0508391185068316e-38,-0.5550239682197571,-0.5550239682197571,-6.932574706297601e-06
1699771.1094019,199999.96875,1.5195004122217947e-19,2.3088813643497715e-38,2.0338073165818885e-38,-0.5550239682197571,-0.5550239682197571,-6.932574706297601e-06
1699771.1204302,199999.96875,1.5362360854713324e-19,2.36002119128592e-38,2.0185712786389776e-38,-0.5550239682197571,-0.5550239682197571,-6.932574706297601e-06
1699771.1208369,199999.96875,1.5538366794488708e-19,2.414408107023602e-38,2.005257682059274e-38,-0.5550239682197571,-0.5550239682197571,-6.932574706297601e-06
1699771.1244978,199999.96875,1.5721009566210124e-19,2.4715017708749736e-38,1.993970082799291e-38,-0.5550239682197571,-0.5550239682197571,-6.932574706297601e-06
1699771.1329647,199999.96875,1.5908254822558573e-19,2.530725688651812e-38,1.98478975616996e-38,-0.5550239682197571,-0.5550239682197571,-6.932574706297601e-06
1699771.1332134,199999.96875,1.6055707521564393e-19,2.5778572414606057e-38,1.9775023035062387e-38,-0.5550239682197571,-0.5550239682197571,-6.932574706297601e-06
1699771.1336728,199999.96875,1.6162681361813106e-19,2.6123224574503675e-38,1.9718699244587315e-38,-0.5550239682197571,-0.5550239682197571,-6.932574706297601e-06
1699771.1367465,199999.96875,1.6228928189120947e-19,2.633781101353959e-38,1.9679227469444214e-38,-0.5550239682197571,-0.5550239682197571,-6.932574706297601e-06
1699771.1441025,199999.96875,1.6254623779368082e-19,2.642128356046249e-38,1.965660350573769e-38,-0.5550239682197571,-0.5550239682197571,-6.932574706297601e-06
1699771.1572004,199999.96875,1.6240375593316856e-19,2.637497905400734e-38,1.9650513462611734e-38,-0.5550239682197571,-0.5550239682197571,-6.932574706297601e-06
1699771.1576681,199999.96875,1.6187173662762918e-19,2.6202459594870457e-38,1.9660374399905188e-38,-0.5550239682197571,-0.5550239682197571,-6.932574706297601e-06
1699771.1602673,199999.96875,1.613875516259501e-19,2.604594016159923e-38,1.9688082274440282e-38,-0.5550239682197571,-0.5550239682197571,-6.932574706297601e-06
1699771.1686068,199999.96875,1.6095518173482921e-19,2.5906569818934415e-38,1.9735174310632382e-38,-0.5550239682197571,-0.5550239682197571,-6.932574706297601e-06
1699771.1702235,199999.96875,1.6057806492368746e-19,2.5785318265413317e-38,1.9800309465851128e-38,-0.5550239682197571,-0.5550239682197571,-6.932574706297601e-06
1699771.1718111,199999.96875,1.602589024542127e-19,2.5682916978834316e-38,1.9882052810469052e-38,-0.5550239682197571,-0.5550239682197571,-6.932574706297601e-06
1699771.1765354,199999.96875,1.5999978812733047e-19,2.559992928118007e-38,1.9978910560323184e-38,-0.5550239682197571,-0.5550239682197571,-6.932574706297601e-06
1699771.1855417,199999.96875,1.5980215658441565e-19,2.5536725115245166e-38,2.0089348293595087e-38,-0.5550239682197571,-0.5550239682197571,-6.932574706297601e-06
1699771.1859143,199999.96875,1.5924318928548294e-19,2.535839026748133e-38,2.0209107464251679e-38,-0.5550239682197571,-0.5550239682197571,-6.932574706297601e-06
1699771.1862609,199999.96875,1.5833639253897169e-19,2.507041222267487e-38,2.0334017808063129e-38,-0.5550239682197571,-0.5550239682197571,-6.932574706297601e-06
1699771.1895038,199999.96875,1.5709862014986265e-19,2.467997683935083e-38,2.0462361333112174e-38,-0.5550239682197571,-0.5550239682197571,-6.932574706297601e-06
1699771.1981672,199999.96875,1.5554976322694832e-19,2.4195730129034103e-38,2.0592432659167732e-38,-0.5550239682197571,-0.5550239682197571,-6.932574706297601e-06
1699771.1985689,199999.96875,1.5371255631237683e-19,2.3627551245898176e-38,2.0722592267026543e-38,-0.5550239682197571,-0.5550239682197571,-6.932574706297601e-06
1699771.1989489,199999.96875,1.5161221549013398e-19,2.298626522057996e-38,2.0851291721885527e-38,-0.5550239682197571,-0.5550239682197571,-6.932574706297601e-06
1699771.2036078,199999.96875,1.496996317422436e-19,2.2409979825827915e-38,2.0979610023562215e-38,-0.5550239682197571,-0.5550239682197571,-6.932574706297601e-06
1699771.2132413,199999.96875,1.479907412201944e-19,2.1901259437831755e-38,2.1108574323830957e-38,-0.5550239682197571,-0.5550239682197571,-6.932574706297601e-06
1699771.2134018,199999.96875,1.4649889513606087e-19,2.1461925744595102e-38,2.1237070590412614e-38,-0.5550239682197571,-0.5550239682197571,-6.932574706297601e-06
1699771.2137505,199999.96875,1.4523500193417106e-19,2.1093204882274242e-38,2.13640730728313e-38,-0.5550239682197571,-0.5550239682197571,-6.932574706297601e-06
1699771.2185145,199999.96875,1.4420732049595342e-19,2.0795751257252013e-38,2.1488627486832812e-38,-0.5550239682197571,-0.5550239682197571,-6.932574706297601e-06
1699771.228497,199999.96875,1.434214730646339e-19,2.0569720413657956e-38,2.160982719231073e-38,-0.5550239682197571,-0.5550239682197571,-6.932574706297601e-06
1699771.2289027,199999.96875,1.4245698047039707e-19,2.029399252002662e-38,2.1724412769037034e-38,-0.5550239682197571,-0.5550239682197571,-6.932574706297601e-06
1699771.2291386,199999.96875,1.4132763336501784e-19,1.9973500146952426e-38,2.1829255117540888e-38,-0.5550239682197571,-0.5550239682197571,-6.932574706297601e-06
1699771.2348844,199999.96875,1.4004870874043429e-19,1.961364249741842e-38,2.192345600550666e-38,-0.5550239682197571,-0.5550239682197571,-6.932574706297601e-06
1699771.2476077,199999.96875,1.3863664681132091e-19,1.9220120053577474e-38,2.2006268540852864e-38,-0.5550239682197571,-0.5550239682197571,-6.932574706297601e-06
1699771.2483456,199999.96875,1.3710897346690618e-19,1.8798871518321398e-38,2.2077098573030626e-38,-0.5550239682197571,-0.5550239682197571,-6.932574706297601e-06
1699771.2491826,199999.96875,1.3548401592763697e-19,1.8355918271151395e-38,2.21355159034114e-38,-0.5550239682197571,-0.5550239682197571,-6.932574706297601e-06
1699771.2551455,199999.96875,1.3420422534834966e-19,1.80107742554928e-38,2.2183507573217595e-38,-0.5550239682197571,-0.5550239682197571,-6.932574706297601e-06
1699771.2675162,199999.96875,1.3327552124030281e-19,1.776236327412501e-38,2.222308724834245e-38,-0.5550239682197571,-0.5550239682197571,-6.932574706297601e-06
1699771.2681347,199999.96875,1.3270011372669562e-19,1.760931906104531e-38,2.2254119002834923e-38,-0.5550239682197571,-0.5550239682197571,-6.932574706297601e-06
1699771.2688636,199999.96875,1.3247645184387952e-19,1.7550011906139692e-38,2.2276504745802512e-38,-0.5550239682197571,-0.5550239682197571,-6.932574706297601e-06
1699771.2745883,199999.96875,1.3259932693893486e-19,1.758258088504753e-38,2.2290140781158856e-38,-0.5550239682197571,-0.5550239682197571,-6.932574706297601e-06
1699771.2784631,199999.96875,1.330601053142181e-19,1.7704991312398624e-38,2.2294965451771527e-38,-0.5550239682197571,-0.5550239682197571,-6.932574706297601e-06
1699771.2788689,199999.96875,1.334232763772201e-19,1.7801770589538753e-38,2.2288665213875922e-38,-0.5550239682197571,-0.5550239682197571,-6.932574706297601e-06
1699771.2791962,199999.96875,1.3368714699262452e-19,1.7872254500995827e-38,2.2269004996421445e-38,-0.5550239682197571,-0.5550239682197571,-6.932574706297601e-06
1699772.2862634,0.0,-0.0025601282250136137,6.5542567426746245e-06,1.3108513030601898e-07,-0.5550238490104675,-0.5550239682197571,-698.0384521484375
1699772.2944473,199999.96875,-7.456727496211145e-16,5.560278709474253e-31,6.857063520256194e-29,-0.5550239682197571,-0.5550239682197571,-6.932574706297601e-06
